text,sentiment,sport,label
"आज युगल जोड़ी ने तेज प्रतिक्रिया दिखाई, जिससे आत्मविश्वास बढ़ा।",सकारात्मक,बैडमिंटन,2
"पिट दल ने रणनीति पर चर्चा की, और चालक ने अपनी स्थिति बनाए रखी।",तटस्थ,फॉर्मूला वन,1
"आज मध्य क्षेत्र ने मैदान पर आने के बाद असर नहीं डाल सका, और दर्शकों में निराशा फैल गई 😞।",नकारात्मक,फुटबॉल,0
"दौड़ दल ने देर से निर्णय लिया, जिससे पोडियम की संभावना घटी।",नकारात्मक,फॉर्मूला वन,0
"दबाव के बीच पिछली पंक्ति का खिलाड़ी ने खाली जगह की ओर शटल भेजी, और खेल आगे बढ़ा।",तटस्थ,बैडमिंटन,1
"मुकाबले के इस चरण में चालक ने तालमेल नहीं बना पाया, और प्रतिद्वंद्वी को फायदा मिला।",नकारात्मक,फॉर्मूला वन,0
"आज रणनीति दल ने अपनी गति बनाए रखी, और चालक ने अपनी स्थिति बनाए रखी।",तटस्थ,फॉर्मूला वन,1
"निर्णायक समय पर इंजीनियर ने सही समय पर निर्णय लिया, और दल का मनोबल ऊंचा हुआ।",सकारात्मक,फॉर्मूला वन,2
"दबाव के बीच विकेटकीपर ने सटीक गेंदबाजी की, और रणनीति कामयाब रही।",सकारात्मक,क्रिकेट,2
"आज रक्षापंक्ति ने आक्रमण शुरू किया, जिसके बाद खेल आगे बढ़ा।",तटस्थ,फुटबॉल,1
"निर्णायक समय पर कप्तान ने खाली जगह नहीं पहचान पाया, और प्रतिद्वंद्वी दबाव में नहीं आया।",नकारात्मक,बैडमिंटन,0
"मुकाबले के इस चरण में रणनीति दल ने अंतिम चरण में गति नहीं बढ़ा सका, जिससे स्थान गिरा।",नकारात्मक,फॉर्मूला वन,0
"निर्णायक समय पर स्थानापन्न खिलाड़ी ने गेंद खो दी, और योजना विफल रही।",नकारात्मक,फुटबॉल,0
"दबाव के बीच टीम प्रबंधन ने एक चक्कर पूरा किया, जिसके बाद अगला चक्कर शुरू हुआ।",तटस्थ,फॉर्मूला वन,1
"दबाव के बीच मध्य खिलाड़ी ने लगातार अंक जुटाए, और दर्शक खुशी से झूम उठे 😀।",सकारात्मक,कबड्डी,2
"मुकाबले के इस चरण में पिट दल ने टायरों का गलत उपयोग किया, जिससे स्थान गिरा।",नकारात्मक,फॉर्मूला वन,0
"क्षेत्ररक्षक ने ढीली गेंदें डालता रहा, और दर्शकों में निराशा फैल गई 😞।",नकारात्मक,क्रिकेट,0
"निर्णायक समय पर स्थानापन्न खिलाड़ी ने मैदान में प्रवेश किया, जिसके बाद खिलाड़ी अपनी जगह लौटे।",तटस्थ,फुटबॉल,1
"आज आक्रामक खिलाड़ी ने कठिन शटल लौटा दी, जिससे निर्णायक अंक मिला।",सकारात्मक,बैडमिंटन,2
"निर्णायक समय पर कप्तान ने बीच के ओवर में गेंदबाजी की, और पारी अपने क्रम में आगे बढ़ी।",तटस्थ,क्रिकेट,1
"दबाव के बीच मध्यक्रम ने बीच के ओवरों में महंगा साबित हुआ, और रणनीति विफल रही।",नकारात्मक,क्रिकेट,0
"निर्णायक समय पर विकेटकीपर ने महत्वपूर्ण गेंद रोक नहीं पाया, और दर्शकों में निराशा फैल गई 😞।",नकारात्मक,क्रिकेट,0
"निर्णायक समय पर एकल खिलाड़ी ने रणनीति पर चर्चा की, और खेल आगे बढ़ा।",तटस्थ,बैडमिंटन,1
"दबाव के बीच रक्षा पंक्ति ने टैकल में चूक गया, और रणनीति विफल रही।",नकारात्मक,कबड्डी,0
"निर्णायक समय पर सहायक रक्षक ने निर्णायक अंक लिया, और जीत की उम्मीद बढ़ी।",सकारात्मक,कबड्डी,2
"मुख्य चालक ने एक चक्कर पूरा किया, जिसके बाद अगला चरण शुरू हुआ।",तटस्थ,फॉर्मूला वन,1
"मुकाबले के इस चरण में टीम प्रबंधन ने सही समय पर निर्णय लिया, और दौड़ का रुख बदला।",सकारात्मक,फॉर्मूला वन,2
"आज रक्षा पंक्ति ने सही समय पर बोनस लिया, जिससे दल का आत्मविश्वास बढ़ा।",सकारात्मक,कबड्डी,2
"दबाव के बीच रणनीति दल ने टायर बदलने में देरी की, और दल का मनोबल गिरा।",नकारात्मक,फॉर्मूला वन,0
"पिट दल ने आंकड़ों की समीक्षा की, और चालक ने अपनी स्थिति बनाए रखी।",तटस्थ,फॉर्मूला वन,1
"दबाव के बीच मध्यक्रम ने साझेदारी नहीं बना सका, जिससे दल का आत्मविश्वास घटा।",नकारात्मक,क्रिकेट,0
"आज मध्यक्रम ने देर से रणनीति बदली, जिससे रन गति गिर गई।",नकारात्मक,क्रिकेट,0
"मुकाबले के इस चरण में सर्विस करने वाला खिलाड़ी ने बचाव की स्थिति ली, और मुकाबला सामान्य गति से चला।",तटस्थ,बैडमिंटन,1
"आज गेंदबाज ने जरूरी विकेट नहीं ले सका, और रणनीति विफल रही।",नकारात्मक,क्रिकेट,0
"स्पिनर ने एक ओवर पूरा किया, और पारी अपने क्रम में आगे बढ़ी।",तटस्थ,क्रिकेट,1
"आज नेट खिलाड़ी ने खाली जगह नहीं पहचान पाया, जिससे आत्मविश्वास घटा।",नकारात्मक,बैडमिंटन,0
"रक्षात्मक खिलाड़ी ने सही समय पर आक्रमण किया, जिससे बढ़त मजबूत हुई।",सकारात्मक,बैडमिंटन,2
"आज स्थानापन्न खिलाड़ी ने मैदान पर आने के बाद असर नहीं डाल सका, और दर्शकों में निराशा फैल गई 😞।",नकारात्मक,कबड्डी,0
"बल्लेबाज ने महत्वपूर्ण विकेट लिया, जिससे वापसी सफल हुई।",सकारात्मक,क्रिकेट,2
"आज सलामी जोड़ी ने गेंद संभाली, और अगली गेंद खेली गई।",तटस्थ,क्रिकेट,1
"दबाव के बीच दल ने तालमेल खो बैठा, और रणनीति विफल रही।",नकारात्मक,कबड्डी,0
"मुकाबले के इस चरण में कप्तान ने अपनी जगह बदली, जिसके बाद अगला ओवर शुरू हुआ।",तटस्थ,क्रिकेट,1
"निर्णायक समय पर नेट खिलाड़ी ने नेट पर शटल रोकी, और मुकाबला सामान्य गति से चला।",तटस्थ,बैडमिंटन,1
"मुकाबले के इस चरण में बल्लेबाज ने कुछ रन जोड़े, और मुकाबला सामान्य गति से चलता रहा।",तटस्थ,क्रिकेट,1
"मुकाबले के इस चरण में नेट खिलाड़ी ने देर से प्रतिक्रिया दी, जिससे निर्णायक अंक हाथ से गया।",नकारात्मक,बैडमिंटन,0
"आज स्पिनर ने दबाव में सही शॉट चुना, और रणनीति कामयाब रही।",सकारात्मक,क्रिकेट,2
"दबाव के बीच स्पिनर ने एक ओवर पूरा किया, जिसके बाद अगला ओवर शुरू हुआ।",तटस्थ,क्रिकेट,1
"विंगर ने शानदार गोल किया, और मुकाबला अपने पक्ष में झुक गया।",सकारात्मक,फुटबॉल,2
"निर्णायक समय पर हमलावर ने समय पर बदलाव किया, और विपक्षी दबाव में आया।",सकारात्मक,फुटबॉल,2
"आज नेट खिलाड़ी ने शटल आगे भेजी, और खेल आगे बढ़ा।",तटस्थ,बैडमिंटन,1
"मुकाबले के इस चरण में रणनीति दल ने अंतिम चरण में गति बढ़ाई, जिससे जीत की उम्मीद बढ़ी।",सकारात्मक,फॉर्मूला वन,2
"मुकाबले के इस चरण में कार ने तेज सेवा दी, जिससे समय का लाभ मिला।",सकारात्मक,फॉर्मूला वन,2
"कप्तान ने मैदान पर आते ही असर डाला, और दर्शक खुशी से झूम उठे 😀।",सकारात्मक,फुटबॉल,2
"निर्णायक समय पर गेंदबाज ने क्षेत्ररक्षण में बदलाव किया, और पारी अपने क्रम में आगे बढ़ी।",तटस्थ,क्रिकेट,1
"निर्णायक समय पर कार ने गलत रणनीति चुनी, जिससे स्थान गिरा।",नकारात्मक,फॉर्मूला वन,0
"मुकाबले के इस चरण में टायर दल ने मोड़ पार किया, जिसके बाद अगला चरण शुरू हुआ।",तटस्थ,फॉर्मूला वन,1
"दबाव के बीच स्थानापन्न खिलाड़ी ने पास आगे बढ़ाया, और दोनों दल रणनीति पर काम करते रहे।",तटस्थ,फुटबॉल,1
"दबाव के बीच अंतिम रेडर ने निर्णायक अंक लिया, और मुकाबला अपने पक्ष में झुका।",सकारात्मक,कबड्डी,2
"दबाव के बीच रेस दल ने तेज बदलाव किया, जिससे समय का लाभ मिला।",सकारात्मक,फॉर्मूला वन,2
"इंजीनियर ने गलत रणनीति चुनी, जिससे जीत की उम्मीद कमजोर हुई।",नकारात्मक,फॉर्मूला वन,0
"आज टीम प्रबंधन ने शानदार ओवरटेक किया, जिससे जीत की उम्मीद बढ़ी।",सकारात्मक,फॉर्मूला वन,2
"पिछली पंक्ति का खिलाड़ी ने लंबी रैली जीती, और प्रतिद्वंद्वी दबाव में आया।",सकारात्मक,बैडमिंटन,2
"आज स्थानापन्न खिलाड़ी ने विपक्षी क्षेत्र की ओर बढ़ा, जिसके बाद अगली रेड शुरू हुई।",तटस्थ,कबड्डी,1
"आज मध्य क्षेत्र ने कठिन बचाव किया, और जीत की उम्मीद बढ़ी।",सकारात्मक,फुटबॉल,2
"दबाव के बीच विकेटकीपर ने सटीक गेंदबाजी की, जिससे रन गति सुधरी।",सकारात्मक,क्रिकेट,2
"तेज गेंदबाज ने अपनी जगह बदली, और अगली गेंद खेली गई।",तटस्थ,क्रिकेट,1
"निर्णायक समय पर गोलकीपर ने देर से बदलाव किया, जिससे गोल का अवसर चला गया।",नकारात्मक,फुटबॉल,0
"दौड़ दल ने देर से निर्णय लिया, और प्रतिद्वंद्वी को फायदा मिला।",नकारात्मक,फॉर्मूला वन,0
"मुकाबले के इस चरण में स्थानापन्न खिलाड़ी ने गोल की ओर गेंद भेजी, और अगला आक्रमण शुरू हुआ।",तटस्थ,फुटबॉल,1
"आज रक्षा पंक्ति ने निर्णायक अंक नहीं ले सका, जिससे जरूरी अंक गंवा।",नकारात्मक,कबड्डी,0
"दबाव के बीच गेंदबाज ने बीच के ओवरों में दबाव बनाए रखा, और विपक्षी दबाव में आ गया।",सकारात्मक,क्रिकेट,2
"मुकाबले के इस चरण में गोलकीपर ने अपनी जगह छोड़ दी, और दर्शकों में निराशा फैल गई 😞।",नकारात्मक,फुटबॉल,0
"मुकाबले के इस चरण में रणनीति दल ने दौड़ की योजना पर काम किया, और चालक ने अपनी स्थिति बनाए रखी।",तटस्थ,फॉर्मूला वन,1
"आज इंजीनियर ने टायर बदले, जिसके बाद अगला चरण शुरू हुआ।",तटस्थ,फॉर्मूला वन,1
"मुकाबले के इस चरण में चालक ने अपनी गति बनाए रखी, और मुकाबला सामान्य गति से चला।",तटस्थ,फॉर्मूला वन,1
"मुकाबले के इस चरण में निचला क्रम ने जरूरी विकेट नहीं ले सका, और दर्शकों में निराशा फैल गई 😞।",नकारात्मक,क्रिकेट,0
"आज रेडर ने अच्छा तालमेल दिखाया, जिससे जरूरी अंक मिला।",सकारात्मक,कबड्डी,2
"कार ने लगातार अच्छा तालमेल रखा, जिससे जीत की उम्मीद बढ़ी।",सकारात्मक,फॉर्मूला वन,2
"आज युगल जोड़ी ने नेट के पास दबाव बनाया, और वापसी सफल हुई।",सकारात्मक,बैडमिंटन,2
"मुकाबले के इस चरण में मुख्य चालक ने तेज सेवा दी, और दौड़ का रुख बदला।",सकारात्मक,फॉर्मूला वन,2
"मुकाबले के इस चरण में मध्य खिलाड़ी ने निर्णायक अंक नहीं ले सका, जिससे जरूरी अंक गंवा।",नकारात्मक,कबड्डी,0
"आज कप्तान ने रणनीति में सुधार नहीं कर सका, जिससे जीत कठिन हुई।",नकारात्मक,बैडमिंटन,0
"मुख्य चालक ने तालमेल नहीं बना पाया, और प्रतिद्वंद्वी को फायदा मिला।",नकारात्मक,फॉर्मूला वन,0
"निर्णायक समय पर हमलावर ने पास आगे बढ़ाया, और मुकाबला सामान्य गति से चलता रहा।",तटस्थ,फुटबॉल,1
"बल्लेबाज ने अगली गेंद का सामना किया, और पारी अपने क्रम में आगे बढ़ी।",तटस्थ,क्रिकेट,1
"मध्य खिलाड़ी ने देर से बदलाव किया, और विपक्षी दबाव में नहीं आया।",नकारात्मक,कबड्डी,0
"निर्णायक समय पर इंजीनियर ने अपनी गति बनाए रखी, जिसके बाद अगला चरण शुरू हुआ।",तटस्थ,फॉर्मूला वन,1
"दबाव के बीच रक्षात्मक खिलाड़ी ने लंबी रैली गंवा बैठा, जिससे जीत कठिन हुई।",नकारात्मक,बैडमिंटन,0
"मुकाबले के इस चरण में टीम प्रबंधन ने मोड़ पार किया, जिसके बाद कार फिर ट्रैक पर आई।",तटस्थ,फॉर्मूला वन,1
"मुकाबले के इस चरण में मध्य खिलाड़ी ने मैदान में प्रवेश किया, और खेल आगे बढ़ा।",तटस्थ,कबड्डी,1
"दबाव के बीच रक्षा पंक्ति ने मैदान पर आने के बाद असर नहीं डाल सका, जिससे दल का आत्मविश्वास घटा।",नकारात्मक,कबड्डी,0
"मुकाबले के इस चरण में हमलावर ने गेंद अपने पास रखी, और अगला आक्रमण शुरू हुआ।",तटस्थ,फुटबॉल,1
"रक्षक ने रेड शुरू की, जिसके बाद खिलाड़ी अपनी जगह लौटे।",तटस्थ,कबड्डी,1
"बल्लेबाज ने बीच के ओवरों में महंगा साबित हुआ, और विपक्षी को बढ़त मिल गई।",नकारात्मक,क्रिकेट,0
"मुकाबले के इस चरण में अंतिम रेडर ने लगातार अंक गंवाता रहा, और मुकाबला हाथ से निकलने लगा।",नकारात्मक,कबड्डी,0
"आज स्पिनर ने अंतिम ओवरों में नियंत्रण खो बैठा, और दर्शकों में निराशा फैल गई 😞।",नकारात्मक,क्रिकेट,0
"आक्रामक दल ने आक्रमण को रोक दिया, और दर्शक खुशी से झूम उठे 😀।",सकारात्मक,फुटबॉल,2
"निर्णायक समय पर आक्रामक दल ने देर से बदलाव किया, जिससे गोल का अवसर चला गया।",नकारात्मक,फुटबॉल,0
"दबाव के बीच गेंदबाज ने दबाव में गलत शॉट चुना, और मुकाबला हाथ से निकलने लगा।",नकारात्मक,क्रिकेट,0
"आज कप्तान ने मजबूत घेरा बनाया, जिससे जरूरी अंक मिला।",सकारात्मक,कबड्डी,2
"आज विकेटकीपर ने क्षेत्ररक्षण में बदलाव किया, और मुकाबला सामान्य गति से चलता रहा।",तटस्थ,क्रिकेट,1
"दबाव के बीच मध्य मैदान के खिलाड़ी ने एक बदलाव किया, जिसके बाद खेल आगे बढ़ा।",तटस्थ,फुटबॉल,1
"निर्णायक समय पर विकेटकीपर ने बीच के ओवर में गेंदबाजी की, जिसके बाद दोनों दल अपनी योजना पर लौटे।",तटस्थ,क्रिकेट,1
"आज रक्षक ने रेडर को रोक नहीं पाया, जिससे दल का आत्मविश्वास घटा।",नकारात्मक,कबड्डी,0
"निर्णायक समय पर कप्तान ने दबाव नहीं बना सका, और दर्शकों में निराशा फैल गई 😞।",नकारात्मक,फुटबॉल,0
"आज स्थानापन्न खिलाड़ी ने अगला अंक खेला, और मुकाबला सामान्य गति से चला।",तटस्थ,कबड्डी,1
"दबाव के बीच दौड़ दल ने देर से निर्णय लिया, जिससे स्थान गिरा।",नकारात्मक,फॉर्मूला वन,0
"दबाव के बीच मध्य मैदान के खिलाड़ी ने शानदार गोल किया, जिससे बढ़त मजबूत हुई।",सकारात्मक,फुटबॉल,2
"मुकाबले के इस चरण में रेस दल ने बदलाव में समय गंवाया, और प्रतिद्वंद्वी को फायदा मिला।",नकारात्मक,फॉर्मूला वन,0
"निर्णायक समय पर युगल जोड़ी ने सर्विस पर नियंत्रण रखा, जिससे आत्मविश्वास बढ़ा।",सकारात्मक,बैडमिंटन,2
"रणनीति दल ने ओवरटेक का मौका गंवाया, जिससे स्थान गिरा।",नकारात्मक,फॉर्मूला वन,0
"मुकाबले के इस चरण में अंतिम रेडर ने रक्षा की स्थिति बनाई, जिसके बाद अगला अंक खेला गया।",तटस्थ,कबड्डी,1
"आज गोलकीपर ने गोल की ओर गेंद भेजी, जिसके बाद गेंद फिर मध्य क्षेत्र में गई।",तटस्थ,फुटबॉल,1
"आज हमलावर ने गेंद खो दी, और मुकाबला हाथ से निकलने लगा।",नकारात्मक,फुटबॉल,0
"रक्षक ने तालमेल खो बैठा, और रणनीति विफल रही।",नकारात्मक,कबड्डी,0
"निर्णायक समय पर दल ने सफल रेड की, और विपक्षी दबाव में आया।",सकारात्मक,कबड्डी,2
"निर्णायक समय पर टीम प्रबंधन ने रणनीति पर चर्चा की, जिसके बाद अगला चक्कर शुरू हुआ।",तटस्थ,फॉर्मूला वन,1
"निर्णायक समय पर विकेटकीपर ने क्षेत्ररक्षण में बदलाव किया, जिसके बाद अगला ओवर शुरू हुआ।",तटस्थ,क्रिकेट,1
"आज सर्विस करने वाला खिलाड़ी ने स्मैश बाहर मार बैठा, और वापसी का मौका कम हुआ।",नकारात्मक,बैडमिंटन,0
"निर्णायक समय पर युगल जोड़ी ने सर्विस की, और खेल आगे बढ़ा।",तटस्थ,बैडमिंटन,1
"निर्णायक समय पर दल ने विपक्षी क्षेत्र की ओर बढ़ा, जिसके बाद अगला अंक खेला गया।",तटस्थ,कबड्डी,1
"दबाव के बीच टीम प्रबंधन ने दबाव में गलती की, जिससे पोडियम की संभावना घटी।",नकारात्मक,फॉर्मूला वन,0
"खिलाड़ी ने खाली जगह की ओर शटल भेजी, जिसके बाद सर्विस बदली गई।",तटस्थ,बैडमिंटन,1
"युगल जोड़ी ने कठिन शटल लौटा दी, और प्रतिद्वंद्वी दबाव में आया।",सकारात्मक,बैडमिंटन,2
"मुकाबले के इस चरण में गोलकीपर ने विपक्षी हमले को रोका, और दोनों दल रणनीति पर काम करते रहे।",तटस्थ,फुटबॉल,1
"निर्णायक समय पर निर्णायक अंक पर खिलाड़ी ने नेट के पास अंक गंवा दिया, और दर्शकों में निराशा फैल गई 😞।",नकारात्मक,बैडमिंटन,0
"निर्णायक समय पर सहायक रक्षक ने टैकल में चूक गया, जिससे दल का आत्मविश्वास घटा।",नकारात्मक,कबड्डी,0
"निर्णायक समय पर बल्लेबाज ने महत्वपूर्ण गेंद रोक नहीं पाया, जिससे जीत की संभावना कमजोर हुई।",नकारात्मक,क्रिकेट,0
"मुकाबले के इस चरण में चालक ने देर से निर्णय लिया, और प्रशंसकों में निराशा फैल गई 😞।",नकारात्मक,फॉर्मूला वन,0
"मुख्य चालक ने मोड़ पर नियंत्रण खोया, और प्रशंसकों में निराशा फैल गई 😞।",नकारात्मक,फॉर्मूला वन,0
"निर्णायक समय पर पिट दल ने लगातार अच्छा तालमेल रखा, और प्रतिद्वंद्वी दबाव में आया।",सकारात्मक,फॉर्मूला वन,2
"निर्णायक समय पर तेज गेंदबाज ने आसान मौका गंवा बैठा, जिससे रन गति गिर गई।",नकारात्मक,क्रिकेट,0
"मुकाबले के इस चरण में रक्षा पंक्ति ने निर्णायक अंक लिया, और जीत की उम्मीद बढ़ी।",सकारात्मक,कबड्डी,2
"मुकाबले के इस चरण में विंगर ने शानदार गोल किया, और दर्शक खुशी से झूम उठे 😀।",सकारात्मक,फुटबॉल,2
"मुकाबले के इस चरण में रेडर ने अगली रेड की तैयारी की, और खेल आगे बढ़ा।",तटस्थ,कबड्डी,1
"आज हमलावर ने शानदार गोल किया, जिससे बढ़त मजबूत हुई।",सकारात्मक,फुटबॉल,2
"आज रेडर ने बिना अंक लौट आया, जिससे वापसी कठिन हुई।",नकारात्मक,कबड्डी,0
"आज नेट खिलाड़ी ने लंबी रैली जीती, और मुकाबला अपने पक्ष में झुका।",सकारात्मक,बैडमिंटन,2
"युगल जोड़ी ने सही समय पर आक्रमण किया, जिससे आत्मविश्वास बढ़ा।",सकारात्मक,बैडमिंटन,2
"मुकाबले के इस चरण में एकल खिलाड़ी ने सटीक स्मैश लगाया, जिससे निर्णायक अंक मिला।",सकारात्मक,बैडमिंटन,2
"मुकाबले के इस चरण में कप्तान ने आक्रमण शुरू किया, जिसके बाद गेंद फिर मध्य क्षेत्र में गई।",तटस्थ,फुटबॉल,1
"आज कप्तान ने दबाव में गलत शॉट चुना, और दर्शकों में निराशा फैल गई 😞।",नकारात्मक,क्रिकेट,0
"मुकाबले के इस चरण में रेस दल ने दौड़ की योजना देखी, जिसके बाद अगला चरण शुरू हुआ।",तटस्थ,फॉर्मूला वन,1
"निर्णायक समय पर तेज गेंदबाज ने महत्वपूर्ण विकेट लिया, जिससे रन गति सुधरी।",सकारात्मक,क्रिकेट,2
"आज अंतिम रेडर ने बिना अंक लौट आया, और दर्शकों में निराशा फैल गई 😞।",नकारात्मक,कबड्डी,0
"कप्तान ने लगातार दबाव बनाया, और जीत की उम्मीद बढ़ी।",सकारात्मक,फुटबॉल,2
"आज बल्लेबाज ने महत्वपूर्ण विकेट लिया, जिससे रन गति सुधरी।",सकारात्मक,क्रिकेट,2
"मुकाबले के इस चरण में मध्य क्षेत्र ने मैदान में प्रवेश किया, और दोनों दल रणनीति पर काम करते रहे।",तटस्थ,फुटबॉल,1
"मुकाबले के इस चरण में सलामी जोड़ी ने एक ओवर पूरा किया, जिसके बाद खेल आगे बढ़ा।",तटस्थ,क्रिकेट,1
"मुकाबले के इस चरण में तेज गेंदबाज ने मजबूत साझेदारी बनाई, जिससे रन गति सुधरी।",सकारात्मक,क्रिकेट,2
"मुकाबले के इस चरण में सर्विस करने वाला खिलाड़ी ने रणनीति में सुधार नहीं कर सका, जिससे बढ़त कमजोर हुई।",नकारात्मक,बैडमिंटन,0
"निर्णायक समय पर टायर दल ने तेज सेवा दी, जिससे पोडियम की संभावना बढ़ी।",सकारात्मक,फॉर्मूला वन,2
"निर्णायक समय पर स्थानापन्न खिलाड़ी ने टैकल में चूक गया, और विपक्षी दबाव में नहीं आया।",नकारात्मक,कबड्डी,0
"दबाव के बीच कप्तान ने गेंद पकड़ी, जिसके बाद खिलाड़ी अपनी जगह लौटे।",तटस्थ,फुटबॉल,1
"मुकाबले के इस चरण में निचला क्रम ने समय पर रणनीति बदली, और रणनीति कामयाब रही।",सकारात्मक,क्रिकेट,2
"निर्णायक समय पर चालक ने ट्रैक की स्थिति देखी, और चालक ने अपनी स्थिति बनाए रखी।",तटस्थ,फॉर्मूला वन,1
"मुख्य रेडर ने विपक्षी क्षेत्र की ओर बढ़ा, और मुकाबला सामान्य गति से चला।",तटस्थ,कबड्डी,1
"दबाव के बीच रेस दल ने गलत रणनीति चुनी, और प्रशंसकों में निराशा फैल गई 😞।",नकारात्मक,फॉर्मूला वन,0
"मुकाबले के इस चरण में रक्षात्मक खिलाड़ी ने रैली जारी रखी, जिसके बाद दोनों खिलाड़ी अपनी जगह लौटे।",तटस्थ,बैडमिंटन,1
"दबाव के बीच मध्य मैदान के खिलाड़ी ने सही समय पर चुनौती नहीं दी, और विपक्षी को फायदा मिला।",नकारात्मक,फुटबॉल,0
"निर्णायक समय पर तेज गेंदबाज ने देर से रणनीति बदली, और रणनीति विफल रही।",नकारात्मक,क्रिकेट,0
"आज टीम प्रबंधन ने मोड़ पार किया, और दौड़ आगे बढ़ी।",तटस्थ,फॉर्मूला वन,1
"मुकाबले के इस चरण में गेंदबाज ने अंतिम ओवरों में गति बढ़ाई, और रणनीति कामयाब रही।",सकारात्मक,क्रिकेट,2
"आज मध्य खिलाड़ी ने मजबूत घेरा बनाया, जिससे दल का आत्मविश्वास बढ़ा।",सकारात्मक,कबड्डी,2
"दल ने निर्देश दिया, जिसके बाद खिलाड़ी अपनी जगह लौटे।",तटस्थ,कबड्डी,1
"मुकाबले के इस चरण में दौड़ दल ने मोड़ पर नियंत्रण खोया, जिससे जीत की उम्मीद कमजोर हुई।",नकारात्मक,फॉर्मूला वन,0
"आज स्थानापन्न खिलाड़ी ने देर से बदलाव किया, और दर्शकों में निराशा फैल गई 😞।",नकारात्मक,फुटबॉल,0
"निर्णायक समय पर विकेटकीपर ने महत्वपूर्ण विकेट लिया, जिससे दल का आत्मविश्वास बढ़ा।",सकारात्मक,क्रिकेट,2
"मुकाबले के इस चरण में विंगर ने मैदान पर आते ही असर डाला, जिससे गोल का अवसर बना।",सकारात्मक,फुटबॉल,2
"निर्णायक समय पर स्थानापन्न खिलाड़ी ने मैदान में प्रवेश किया, जिसके बाद गेंद फिर मध्य क्षेत्र में गई।",तटस्थ,फुटबॉल,1
"आज हमलावर ने सटीक पास दिया, जिससे दल का आत्मविश्वास बढ़ा।",सकारात्मक,फुटबॉल,2
"आज मुख्य चालक ने टायर बदलने में देरी की, और दल का मनोबल गिरा।",नकारात्मक,फॉर्मूला वन,0
"आज हमलावर ने आक्रमण शुरू किया, जिसके बाद गेंद फिर मध्य क्षेत्र में गई।",तटस्थ,फुटबॉल,1
"दबाव के बीच कप्तान ने मैदान पर आने के बाद असर नहीं डाल सका, जिससे वापसी कठिन हुई।",नकारात्मक,कबड्डी,0
"आज तेज गेंदबाज ने देर से रणनीति बदली, और रणनीति विफल रही।",नकारात्मक,क्रिकेट,0
"रक्षापंक्ति ने गेंद खो दी, जिससे बढ़त कमजोर हुई।",नकारात्मक,फुटबॉल,0
"सहायक रक्षक ने अच्छा तालमेल दिखाया, जिससे वापसी सफल हुई।",सकारात्मक,कबड्डी,2
"निर्णायक समय पर कप्तान ने कठिन शटल लौटा दी, और मुकाबला अपने पक्ष में झुका।",सकारात्मक,बैडमिंटन,2
"आज दौड़ दल ने सही रणनीति चुनी, जिससे स्थान सुधरा।",सकारात्मक,फॉर्मूला वन,2
"निर्णायक समय पर सलामी जोड़ी ने बीच के ओवरों में दबाव बनाए रखा, जिससे वापसी सफल हुई।",सकारात्मक,क्रिकेट,2
"निचला क्रम ने पारी शुरू की, और मुकाबला सामान्य गति से चलता रहा।",तटस्थ,क्रिकेट,1
"मुकाबले के इस चरण में इंजीनियर ने रणनीति पर चर्चा की, जिसके बाद अगला चरण शुरू हुआ।",तटस्थ,फॉर्मूला वन,1
"निर्णायक समय पर मुख्य रेडर ने मिलकर रेडर को रोका, और जीत की उम्मीद बढ़ी।",सकारात्मक,कबड्डी,2
"दबाव के बीच टायर दल ने दबाव में धैर्य रखा, और प्रतिद्वंद्वी दबाव में आया।",सकारात्मक,फॉर्मूला वन,2
"निर्णायक समय पर मध्यक्रम ने महत्वपूर्ण विकेट लिया, जिससे वापसी सफल हुई।",सकारात्मक,क्रिकेट,2
"दबाव के बीच दल ने रेडर को घेरने की कोशिश की, जिसके बाद अगली रेड शुरू हुई।",तटस्थ,कबड्डी,1
"निर्णायक समय पर क्षेत्ररक्षक ने सटीक गेंदबाजी की, जिससे जीत की उम्मीद मजबूत हुई।",सकारात्मक,क्रिकेट,2
"मुकाबले के इस चरण में गेंदबाज ने दबाव में सही शॉट चुना, जिससे वापसी सफल हुई।",सकारात्मक,क्रिकेट,2
"मध्य क्षेत्र ने गेंद पर नियंत्रण रखा, और विपक्षी दबाव में आया।",सकारात्मक,फुटबॉल,2
"गोलकीपर ने आसान मौका गंवाया, और मुकाबला हाथ से निकलने लगा।",नकारात्मक,फुटबॉल,0
"निर्णायक समय पर कप्तान ने गेंद खो दी, जिससे वापसी कठिन हुई।",नकारात्मक,फुटबॉल,0
"मुकाबले के इस चरण में कप्तान ने अगला अंक खेला, जिसके बाद अगला अंक खेला गया।",तटस्थ,कबड्डी,1
"आज रेडर ने अपनी जगह संभाली, जिसके बाद अगली रेड शुरू हुई।",तटस्थ,कबड्डी,1
"हमलावर ने अपनी जगह छोड़ दी, जिससे बढ़त कमजोर हुई।",नकारात्मक,फुटबॉल,0
"क्षेत्ररक्षक ने मजबूत साझेदारी बनाई, जिससे दल का आत्मविश्वास बढ़ा।",सकारात्मक,क्रिकेट,2
"आज टायर दल ने एक चक्कर पूरा किया, जिसके बाद अगला चक्कर शुरू हुआ।",तटस्थ,फॉर्मूला वन,1
"आज मध्य क्षेत्र ने गेंद खो दी, और मुकाबला हाथ से निकलने लगा।",नकारात्मक,फुटबॉल,0
"निर्णायक समय पर निर्णायक अंक पर खिलाड़ी ने मजबूत बचाव किया, और प्रतिद्वंद्वी दबाव में आया।",सकारात्मक,बैडमिंटन,2
"मुकाबले के इस चरण में हमलावर ने समय पर बदलाव किया, जिससे गोल का अवसर बना।",सकारात्मक,फुटबॉल,2
"आज रक्षा पंक्ति ने निर्णायक अंक लिया, जिससे दल का आत्मविश्वास बढ़ा।",सकारात्मक,कबड्डी,2
"विंगर ने आक्रमण को रोक दिया, और मुकाबला अपने पक्ष में झुक गया।",सकारात्मक,फुटबॉल,2
"दबाव के बीच रेडर ने टैकल में चूक गया, और मुकाबला हाथ से निकलने लगा।",नकारात्मक,कबड्डी,0
"दबाव के बीच रक्षापंक्ति ने तालमेल खो दिया, जिससे वापसी कठिन हुई।",नकारात्मक,फुटबॉल,0
"आज निर्णायक अंक पर खिलाड़ी ने पीछे से प्रहार किया, और मुकाबला सामान्य गति से चला।",तटस्थ,बैडमिंटन,1
"हमलावर ने खिलाड़ियों के बीच गेंद घुमाई, जिसके बाद खिलाड़ी अपनी जगह लौटे।",तटस्थ,फुटबॉल,1
"दबाव के बीच निर्णायक अंक पर खिलाड़ी ने सटीक स्मैश लगाया, जिससे निर्णायक अंक मिला।",सकारात्मक,बैडमिंटन,2
"दबाव के बीच टीम प्रबंधन ने टायर बदले, जिसके बाद अगला चरण शुरू हुआ।",तटस्थ,फॉर्मूला वन,1
"निर्णायक समय पर गोलकीपर ने गेंद खो दी, जिससे वापसी कठिन हुई।",नकारात्मक,फुटबॉल,0
"मुकाबले के इस चरण में रक्षापंक्ति ने आक्रमण शुरू किया, जिसके बाद खिलाड़ी अपनी जगह लौटे।",तटस्थ,फुटबॉल,1
"निर्णायक समय पर अंतिम रेडर ने रेडर को घेरने की कोशिश की, जिसके बाद अगला अंक खेला गया।",तटस्थ,कबड्डी,1
"आक्रामक खिलाड़ी ने बचाव की स्थिति ली, जिसके बाद अगली रैली शुरू हुई।",तटस्थ,बैडमिंटन,1
"निर्णायक समय पर सलामी जोड़ी ने साझेदारी नहीं बना सका, जिससे वापसी कठिन हुई।",नकारात्मक,क्रिकेट,0
"मुकाबले के इस चरण में एकल खिलाड़ी ने लंबी रैली गंवा बैठा, जिससे बढ़त कमजोर हुई।",नकारात्मक,बैडमिंटन,0
"निर्णायक समय पर बल्लेबाज ने अंतिम ओवरों में नियंत्रण खो बैठा, और दर्शकों में निराशा फैल गई 😞।",नकारात्मक,क्रिकेट,0
"निर्णायक समय पर युगल जोड़ी ने लंबी रैली गंवा बैठा, और वापसी का मौका कम हुआ।",नकारात्मक,बैडमिंटन,0
"दबाव के बीच कप्तान ने नेट के पास दबाव बनाया, जिससे बढ़त मजबूत हुई।",सकारात्मक,बैडमिंटन,2
"निर्णायक समय पर चालक ने रणनीति पर चर्चा की, और दौड़ आगे बढ़ी।",तटस्थ,फॉर्मूला वन,1
"आज आक्रामक खिलाड़ी ने नेट के पास अंक गंवा दिया, जिससे जीत कठिन हुई।",नकारात्मक,बैडमिंटन,0
"आज कप्तान ने लगातार अंक गंवाता रहा, और दर्शकों में निराशा फैल गई 😞।",नकारात्मक,कबड्डी,0
"आज दल ने तालमेल बनाया, जिसके बाद अगला अंक खेला गया।",तटस्थ,कबड्डी,1
"आज गोलकीपर ने तालमेल खो दिया, और विपक्षी को फायदा मिला।",नकारात्मक,फुटबॉल,0
"दबाव के बीच मुख्य चालक ने आंकड़ों की समीक्षा की, और चालक ने अपनी स्थिति बनाए रखी।",तटस्थ,फॉर्मूला वन,1
"मध्य मैदान के खिलाड़ी ने शानदार गोल किया, और जीत की उम्मीद बढ़ी।",सकारात्मक,फुटबॉल,2
"मुकाबले के इस चरण में सलामी जोड़ी ने देर से रणनीति बदली, जिससे वापसी कठिन हुई।",नकारात्मक,क्रिकेट,0
"दबाव के बीच आक्रामक खिलाड़ी ने रणनीति में अच्छा बदलाव किया, जिससे निर्णायक अंक मिला।",सकारात्मक,बैडमिंटन,2
"मुकाबले के इस चरण में दौड़ दल ने अंतिम चरण में गति नहीं बढ़ा सका, और प्रतिद्वंद्वी को फायदा मिला।",नकारात्मक,फॉर्मूला वन,0
"मुकाबले के इस चरण में कप्तान ने अगली गेंद का सामना किया, जिसके बाद खेल आगे बढ़ा।",तटस्थ,क्रिकेट,1
"मुकाबले के इस चरण में सर्विस करने वाला खिलाड़ी ने सर्विस पर नियंत्रण खो बैठा, और दर्शकों में निराशा फैल गई 😞।",नकारात्मक,बैडमिंटन,0
"दबाव के बीच कप्तान ने नेट के पास दबाव बनाया, जिससे निर्णायक अंक मिला।",सकारात्मक,बैडमिंटन,2
"रक्षा पंक्ति ने अपनी जगह संभाली, जिसके बाद खिलाड़ी अपनी जगह लौटे।",तटस्थ,कबड्डी,1
"मुकाबले के इस चरण में इंजीनियर ने सही समय पर निर्णय लिया, और प्रतिद्वंद्वी दबाव में आया।",सकारात्मक,फॉर्मूला वन,2
"क्षेत्ररक्षक ने अपनी जगह बदली, और मुकाबला सामान्य गति से चलता रहा।",तटस्थ,क्रिकेट,1
"निर्णायक समय पर नेट खिलाड़ी ने मजबूत बचाव किया, जिससे बढ़त मजबूत हुई।",सकारात्मक,बैडमिंटन,2
"निर्णायक समय पर दल ने मैदान पर आने के बाद असर नहीं डाल सका, जिससे वापसी कठिन हुई।",नकारात्मक,कबड्डी,0
"दबाव के बीच रक्षा पंक्ति ने देर से बदलाव किया, जिससे बढ़त कमजोर हुई।",नकारात्मक,कबड्डी,0
"निर्णायक समय पर टीम प्रबंधन ने सही समय पर निर्णय लिया, जिससे स्थान सुधरा।",सकारात्मक,फॉर्मूला वन,2
"मुकाबले के इस चरण में रेस दल ने तेज सेवा दी, जिससे स्थान सुधरा।",सकारात्मक,फॉर्मूला वन,2
"आज नेट खिलाड़ी ने नेट के पास दबाव बनाया, जिससे बढ़त मजबूत हुई।",सकारात्मक,बैडमिंटन,2
"रक्षक ने गोल की ओर गेंद भेजी, जिसके बाद गेंद फिर मध्य क्षेत्र में गई।",तटस्थ,फुटबॉल,1
"निचला क्रम ने महत्वपूर्ण विकेट लिया, और रणनीति कामयाब रही।",सकारात्मक,क्रिकेट,2
"आज निर्णायक अंक पर खिलाड़ी ने अगले अंक की तैयारी की, और मुकाबला सामान्य गति से चला।",तटस्थ,बैडमिंटन,1
"रेस दल ने तेज सेवा दी, और प्रशंसकों में उत्साह फैल गया 🏎️।",सकारात्मक,फॉर्मूला वन,2
"आज टीम प्रबंधन ने एक चक्कर पूरा किया, जिसके बाद कार फिर ट्रैक पर आई।",तटस्थ,फॉर्मूला वन,1
"दबाव के बीच कप्तान ने मजबूत साझेदारी बनाई, जिससे रन गति सुधरी।",सकारात्मक,क्रिकेट,2
"दल ने शानदार टैकल किया, जिससे बढ़त मजबूत हुई।",सकारात्मक,कबड्डी,2
"मुकाबले के इस चरण में एकल खिलाड़ी ने रैली जारी रखी, जिसके बाद अगली रैली शुरू हुई।",तटस्थ,बैडमिंटन,1
"आज पिट दल ने देर से निर्णय लिया, और प्रशंसकों में निराशा फैल गई 😞।",नकारात्मक,फॉर्मूला वन,0
"मुकाबले के इस चरण में स्पिनर ने अगला ओवर शुरू किया, जिसके बाद दोनों दल अपनी योजना पर लौटे।",तटस्थ,क्रिकेट,1
"आज कप्तान ने पारी शुरू की, जिसके बाद दोनों दल अपनी योजना पर लौटे।",तटस्थ,क्रिकेट,1
"एकल खिलाड़ी ने रणनीति में अच्छा बदलाव किया, जिससे बढ़त मजबूत हुई।",सकारात्मक,बैडमिंटन,2
"दबाव के बीच चालक ने मोड़ पर नियंत्रण रखा, जिससे पोडियम की संभावना बढ़ी।",सकारात्मक,फॉर्मूला वन,2
"आज कप्तान ने अगली गेंद का सामना किया, जिसके बाद खेल आगे बढ़ा।",तटस्थ,क्रिकेट,1
"मुकाबले के इस चरण में दल ने समय पर बदलाव किया, और दर्शक खुशी से झूम उठे 😀।",सकारात्मक,कबड्डी,2
"टायर दल ने सही रणनीति चुनी, और प्रतिद्वंद्वी दबाव में आया।",सकारात्मक,फॉर्मूला वन,2
"आज कार ने टायरों का गलत उपयोग किया, और प्रतिद्वंद्वी को फायदा मिला।",नकारात्मक,फॉर्मूला वन,0
"आज रक्षक ने आक्रमण को रोक दिया, जिससे गोल का अवसर बना।",सकारात्मक,फुटबॉल,2
"तेज गेंदबाज ने ढीली गेंदें डालता रहा, जिससे जीत की संभावना कमजोर हुई।",नकारात्मक,क्रिकेट,0
"विकेटकीपर ने देर से रणनीति बदली, और विपक्षी को बढ़त मिल गई।",नकारात्मक,क्रिकेट,0
"दबाव के बीच कप्तान ने दबाव में सही शॉट चुना, जिससे रन गति सुधरी।",सकारात्मक,क्रिकेट,2
"मुकाबले के इस चरण में दल ने निर्णायक अंक लिया, जिससे वापसी सफल हुई।",सकारात्मक,कबड्डी,2
"दबाव के बीच सहायक रक्षक ने तालमेल खो बैठा, जिससे दल का आत्मविश्वास घटा।",नकारात्मक,कबड्डी,0
"निर्णायक समय पर दल ने मैदान पर आने के बाद असर नहीं डाल सका, जिससे जरूरी अंक गंवा।",नकारात्मक,कबड्डी,0
"मुकाबले के इस चरण में मुख्य चालक ने ओवरटेक का मौका गंवाया, जिससे पोडियम की संभावना घटी।",नकारात्मक,फॉर्मूला वन,0
"मध्य क्षेत्र ने गलत पास दिया, जिससे वापसी कठिन हुई।",नकारात्मक,फुटबॉल,0
"दबाव के बीच स्थानापन्न खिलाड़ी ने गोल की ओर गेंद भेजी, जिसके बाद गेंद फिर मध्य क्षेत्र में गई।",तटस्थ,फुटबॉल,1
"मुकाबले के इस चरण में गोलकीपर ने सटीक पास दिया, और दर्शक खुशी से झूम उठे 😀।",सकारात्मक,फुटबॉल,2
"मुकाबले के इस चरण में दौड़ दल ने बदलाव में समय गंवाया, जिससे पोडियम की संभावना घटी।",नकारात्मक,फॉर्मूला वन,0
"दबाव के बीच मध्य मैदान के खिलाड़ी ने तालमेल खो दिया, जिससे बढ़त कमजोर हुई।",नकारात्मक,फुटबॉल,0
"आज स्थानापन्न खिलाड़ी ने आक्रमण शुरू किया, और दोनों दल रणनीति पर काम करते रहे।",तटस्थ,फुटबॉल,1
"मुकाबले के इस चरण में टायर दल ने लगातार अच्छा तालमेल रखा, जिससे जीत की उम्मीद बढ़ी।",सकारात्मक,फॉर्मूला वन,2
"दबाव के बीच एकल खिलाड़ी ने गलत समय पर आक्रमण किया, जिससे जीत कठिन हुई।",नकारात्मक,बैडमिंटन,0
"निर्णायक अंक पर खिलाड़ी ने बचाव में चूक गया, जिससे आत्मविश्वास घटा।",नकारात्मक,बैडमिंटन,0
"कप्तान ने दबाव में सही शॉट चुना, जिससे दल का आत्मविश्वास बढ़ा।",सकारात्मक,क्रिकेट,2
"आज एकल खिलाड़ी ने सर्विस पर नियंत्रण खो बैठा, और प्रतिद्वंद्वी दबाव में नहीं आया।",नकारात्मक,बैडमिंटन,0
"खिलाड़ी ने नेट के पास दबाव बनाया, और वापसी सफल हुई।",सकारात्मक,बैडमिंटन,2
"मुकाबले के इस चरण में स्पिनर ने दबाव में गलत शॉट चुना, जिससे दल का आत्मविश्वास घटा।",नकारात्मक,क्रिकेट,0
"बल्लेबाज ने कठिन गेंदों पर नियंत्रण रखा, जिससे जीत की उम्मीद मजबूत हुई।",सकारात्मक,क्रिकेट,2
"दबाव के बीच इंजीनियर ने दबाव में धैर्य रखा, जिससे स्थान सुधरा।",सकारात्मक,फॉर्मूला वन,2
"मुकाबले के इस चरण में अंतिम रेडर ने अगली रेड की तैयारी की, और खेल आगे बढ़ा।",तटस्थ,कबड्डी,1
"निर्णायक समय पर सर्विस करने वाला खिलाड़ी ने बचाव में चूक गया, और मुकाबला विपक्षी की ओर झुका।",नकारात्मक,बैडमिंटन,0
"आज मध्य क्षेत्र ने सही समय पर चुनौती नहीं दी, जिससे वापसी कठिन हुई।",नकारात्मक,फुटबॉल,0
"निर्णायक समय पर इंजीनियर ने टायरों का सही उपयोग किया, जिससे जीत की उम्मीद बढ़ी।",सकारात्मक,फॉर्मूला वन,2
"निर्णायक समय पर रक्षात्मक खिलाड़ी ने सर्विस पर नियंत्रण खो बैठा, और वापसी का मौका कम हुआ।",नकारात्मक,बैडमिंटन,0
"दबाव के बीच बल्लेबाज ने बीच के ओवर में गेंदबाजी की, जिसके बाद दोनों दल अपनी योजना पर लौटे।",तटस्थ,क्रिकेट,1
"मुकाबले के इस चरण में स्थानापन्न खिलाड़ी ने गेंद पकड़ी, जिसके बाद गेंद फिर मध्य क्षेत्र में गई।",तटस्थ,फुटबॉल,1
"मुख्य चालक ने तालमेल नहीं बना पाया, और दल का मनोबल गिरा।",नकारात्मक,फॉर्मूला वन,0
"आज दौड़ दल ने टायर बदले, जिसके बाद अगला चक्कर शुरू हुआ।",तटस्थ,फॉर्मूला वन,1
"विकेटकीपर ने अगली गेंद का सामना किया, जिसके बाद खेल आगे बढ़ा।",तटस्थ,क्रिकेट,1
"सर्विस करने वाला खिलाड़ी ने रैली जारी रखी, और मुकाबला सामान्य गति से चला।",तटस्थ,बैडमिंटन,1
"दबाव के बीच कप्तान ने बिना अंक लौट आया, जिससे दल का आत्मविश्वास घटा।",नकारात्मक,कबड्डी,0
"निर्णायक समय पर गेंदबाज ने आसान मौका गंवा बैठा, जिससे वापसी कठिन हुई।",नकारात्मक,क्रिकेट,0
"रेडर ने अगली रेड की तैयारी की, जिसके बाद अगली रेड शुरू हुई।",तटस्थ,कबड्डी,1
"आज सलामी जोड़ी ने ढीली गेंदें डालता रहा, जिससे रन गति गिर गई।",नकारात्मक,क्रिकेट,0
"कप्तान ने बीच के ओवरों में महंगा साबित हुआ, और दर्शकों में निराशा फैल गई 😞।",नकारात्मक,क्रिकेट,0
"निर्णायक समय पर तेज गेंदबाज ने दबाव में गलत शॉट चुना, और विपक्षी को बढ़त मिल गई।",नकारात्मक,क्रिकेट,0
"आज कप्तान ने सर्विस पर नियंत्रण खो बैठा, जिससे आत्मविश्वास घटा।",नकारात्मक,बैडमिंटन,0
"दबाव के बीच मध्य खिलाड़ी ने शानदार टैकल किया, और जीत की उम्मीद बढ़ी।",सकारात्मक,कबड्डी,2
"मुकाबले के इस चरण में आक्रामक खिलाड़ी ने खाली जगह पहचानी, जिससे निर्णायक अंक मिला।",सकारात्मक,बैडमिंटन,2
"दबाव के बीच मुख्य रेडर ने बोनस का मौका गंवाया, और मुकाबला हाथ से निकलने लगा।",नकारात्मक,कबड्डी,0
"मुकाबले के इस चरण में चालक ने गलत रणनीति चुनी, जिससे पोडियम की संभावना घटी।",नकारात्मक,फॉर्मूला वन,0
"मुकाबले के इस चरण में पिट दल ने टायरों का सही उपयोग किया, और दौड़ का रुख बदला।",सकारात्मक,फॉर्मूला वन,2
"विकेटकीपर ने जरूरी विकेट नहीं ले सका, और विपक्षी को बढ़त मिल गई।",नकारात्मक,क्रिकेट,0
"निर्णायक समय पर गेंदबाज ने बीच के ओवरों में महंगा साबित हुआ, जिससे वापसी कठिन हुई।",नकारात्मक,क्रिकेट,0
"दबाव के बीच नेट खिलाड़ी ने लंबी रैली जीती, जिससे जीत की उम्मीद बढ़ी।",सकारात्मक,बैडमिंटन,2
"मध्य खिलाड़ी ने मैदान में प्रवेश किया, जिसके बाद खिलाड़ी अपनी जगह लौटे।",तटस्थ,कबड्डी,1
"दबाव के बीच स्थानापन्न खिलाड़ी ने सही समय पर बोनस लिया, और विपक्षी दबाव में आया।",सकारात्मक,कबड्डी,2
"दबाव के बीच स्थानापन्न खिलाड़ी ने रक्षा की स्थिति बनाई, और मुकाबला सामान्य गति से चला।",तटस्थ,कबड्डी,1
"आज स्पिनर ने कठिन गेंदों पर नियंत्रण रखा, जिससे जीत की उम्मीद मजबूत हुई।",सकारात्मक,क्रिकेट,2
"निर्णायक समय पर क्षेत्ररक्षक ने देर से रणनीति बदली, और दर्शकों में निराशा फैल गई 😞।",नकारात्मक,क्रिकेट,0
"निर्णायक समय पर मध्य मैदान के खिलाड़ी ने गेंद अपने पास रखी, जिसके बाद खिलाड़ी अपनी जगह लौटे।",तटस्थ,फुटबॉल,1
"मुकाबले के इस चरण में अंतिम रेडर ने बोनस का मौका गंवाया, जिससे बढ़त कमजोर हुई।",नकारात्मक,कबड्डी,0
"दबाव के बीच विकेटकीपर ने आसान मौका गंवा बैठा, जिससे दल का आत्मविश्वास घटा।",नकारात्मक,क्रिकेट,0
"मुकाबले के इस चरण में मध्य खिलाड़ी ने निर्देश दिया, और मुकाबला सामान्य गति से चला।",तटस्थ,कबड्डी,1
"मुकाबले के इस चरण में रक्षक ने लगातार अंक जुटाए, और मुकाबला अपने पक्ष में झुका।",सकारात्मक,कबड्डी,2
"आक्रामक दल ने गलत पास दिया, और विपक्षी को फायदा मिला।",नकारात्मक,फुटबॉल,0
"निर्णायक समय पर रेडर ने रेडर को रोक नहीं पाया, और मुकाबला हाथ से निकलने लगा।",नकारात्मक,कबड्डी,0
"दबाव के बीच रक्षक ने सही समय पर चुनौती दी, जिससे बढ़त मजबूत हुई।",सकारात्मक,फुटबॉल,2
"आक्रामक दल ने पास आगे बढ़ाया, जिसके बाद खेल आगे बढ़ा।",तटस्थ,फुटबॉल,1
"निर्णायक समय पर सहायक रक्षक ने घेरा टूटने दिया, जिससे बढ़त कमजोर हुई।",नकारात्मक,कबड्डी,0
"मुकाबले के इस चरण में इंजीनियर ने अंतिम चरण में गति बढ़ाई, जिससे जीत की उम्मीद बढ़ी।",सकारात्मक,फॉर्मूला वन,2
"आज नेट खिलाड़ी ने देर से प्रतिक्रिया दी, जिससे बढ़त कमजोर हुई।",नकारात्मक,बैडमिंटन,0
"दबाव के बीच स्थानापन्न खिलाड़ी ने निर्णायक अंक नहीं ले सका, और दर्शकों में निराशा फैल गई 😞।",नकारात्मक,कबड्डी,0
"आज आक्रामक दल ने खिलाड़ियों के बीच गेंद घुमाई, और अगला आक्रमण शुरू हुआ।",तटस्थ,फुटबॉल,1
"आज खिलाड़ी ने सही समय पर आक्रमण किया, जिससे जीत की उम्मीद बढ़ी।",सकारात्मक,बैडमिंटन,2
"मुकाबले के इस चरण में खिलाड़ी ने रैली जारी रखी, और अगला अंक खेला गया।",तटस्थ,बैडमिंटन,1
"निर्णायक समय पर गोलकीपर ने दबाव नहीं बना सका, और दर्शकों में निराशा फैल गई 😞।",नकारात्मक,फुटबॉल,0
"निर्णायक समय पर गेंदबाज ने आसान मौका गंवा बैठा, और विपक्षी को बढ़त मिल गई।",नकारात्मक,क्रिकेट,0
"आज मध्यक्रम ने अंतिम ओवरों में नियंत्रण खो बैठा, जिससे जीत की संभावना कमजोर हुई।",नकारात्मक,क्रिकेट,0
"निर्णायक समय पर मध्यक्रम ने क्षेत्ररक्षण में बदलाव किया, जिसके बाद दोनों दल अपनी योजना पर लौटे।",तटस्थ,क्रिकेट,1
"आज अंतिम रेडर ने रेडर को घेरने की कोशिश की, जिसके बाद अगली रेड शुरू हुई।",तटस्थ,कबड्डी,1
"दबाव के बीच रक्षा पंक्ति ने मैदान पर आते ही असर डाला, जिससे वापसी सफल हुई।",सकारात्मक,कबड्डी,2
"निर्णायक समय पर कार ने मोड़ पर नियंत्रण खोया, जिससे समय का नुकसान हुआ।",नकारात्मक,फॉर्मूला वन,0
"दबाव के बीच निर्णायक अंक पर खिलाड़ी ने लंबी रैली जीती, और मुकाबला अपने पक्ष में झुका।",सकारात्मक,बैडमिंटन,2
"दबाव के बीच टायर दल ने टायरों का गलत उपयोग किया, और दौड़ का रुख बिगड़ा।",नकारात्मक,फॉर्मूला वन,0
"मुकाबले के इस चरण में पिछली पंक्ति का खिलाड़ी ने तेज प्रतिक्रिया दिखाई, जिससे आत्मविश्वास बढ़ा।",सकारात्मक,बैडमिंटन,2
"आज रक्षात्मक खिलाड़ी ने देर से प्रतिक्रिया दी, जिससे बढ़त कमजोर हुई।",नकारात्मक,बैडमिंटन,0
"दबाव के बीच खिलाड़ी ने पीछे से प्रहार किया, और अगला अंक खेला गया।",तटस्थ,बैडमिंटन,1
"मुकाबले के इस चरण में सहायक रक्षक ने मैदान पर आते ही असर डाला, जिससे जरूरी अंक मिला।",सकारात्मक,कबड्डी,2
"मुकाबले के इस चरण में स्थानापन्न खिलाड़ी ने अच्छा तालमेल दिखाया, जिससे वापसी सफल हुई।",सकारात्मक,कबड्डी,2
"आज पिट दल ने सही रणनीति चुनी, और प्रतिद्वंद्वी दबाव में आया।",सकारात्मक,फॉर्मूला वन,2
"निर्णायक समय पर सलामी जोड़ी ने दबाव में गलत शॉट चुना, और मुकाबला हाथ से निकलने लगा।",नकारात्मक,क्रिकेट,0
"निर्णायक समय पर कप्तान ने गलत पास दिया, जिससे बढ़त कमजोर हुई।",नकारात्मक,फुटबॉल,0
"निर्णायक समय पर रक्षक ने पास आगे बढ़ाया, जिसके बाद खिलाड़ी अपनी जगह लौटे।",तटस्थ,फुटबॉल,1
"मध्य खिलाड़ी ने सही समय पर बोनस लिया, जिससे जरूरी अंक मिला।",सकारात्मक,कबड्डी,2
"आज टायर दल ने अगले बदलाव की तैयारी की, जिसके बाद अगला चक्कर शुरू हुआ।",तटस्थ,फॉर्मूला वन,1
"मुकाबले के इस चरण में गोलकीपर ने विपक्षी हमले को रोका, जिसके बाद गेंद फिर मध्य क्षेत्र में गई।",तटस्थ,फुटबॉल,1
"आज खिलाड़ी ने तेज प्रतिक्रिया दिखाई, जिससे आत्मविश्वास बढ़ा।",सकारात्मक,बैडमिंटन,2
"निर्णायक समय पर मध्य मैदान के खिलाड़ी ने खिलाड़ियों के बीच गेंद घुमाई, जिसके बाद खेल आगे बढ़ा।",तटस्थ,फुटबॉल,1
"निर्णायक समय पर कार ने मोड़ पार किया, और मुकाबला सामान्य गति से चला।",तटस्थ,फॉर्मूला वन,1
"दबाव के बीच विकेटकीपर ने देर से रणनीति बदली, जिससे रन गति गिर गई।",नकारात्मक,क्रिकेट,0
"मुकाबले के इस चरण में मध्य क्षेत्र ने खिलाड़ियों के बीच गेंद घुमाई, जिसके बाद गेंद फिर मध्य क्षेत्र में गई।",तटस्थ,फुटबॉल,1
"युगल जोड़ी ने लंबी रैली जीती, और प्रतिद्वंद्वी दबाव में आया।",सकारात्मक,बैडमिंटन,2
"दबाव के बीच सर्विस करने वाला खिलाड़ी ने कठिन शटल नहीं लौटा सका, और वापसी का मौका कम हुआ।",नकारात्मक,बैडमिंटन,0
"पिट दल ने अपनी गति बनाए रखी, और मुकाबला सामान्य गति से चला।",तटस्थ,फॉर्मूला वन,1
"निर्णायक समय पर विंगर ने सही समय पर चुनौती नहीं दी, जिससे गोल का अवसर चला गया।",नकारात्मक,फुटबॉल,0
"आज रक्षक ने मजबूत घेरा बनाया, जिससे जरूरी अंक मिला।",सकारात्मक,कबड्डी,2
"आज रेडर ने लगातार अंक जुटाए, और विपक्षी दबाव में आया।",सकारात्मक,कबड्डी,2
"मुकाबले के इस चरण में रक्षापंक्ति ने मैदान पर आते ही असर डाला, जिससे वापसी सफल हुई।",सकारात्मक,फुटबॉल,2
"खिलाड़ी ने सटीक स्मैश लगाया, जिससे निर्णायक अंक मिला।",सकारात्मक,बैडमिंटन,2
"दबाव के बीच सहायक रक्षक ने तालमेल बनाया, और खेल आगे बढ़ा।",तटस्थ,कबड्डी,1
"आज आक्रामक खिलाड़ी ने रणनीति में अच्छा बदलाव किया, और दर्शकों ने तालियां बजाईं 👏।",सकारात्मक,बैडमिंटन,2
"कप्तान ने सर्विस पर नियंत्रण रखा, और दर्शकों ने तालियां बजाईं 👏।",सकारात्मक,बैडमिंटन,2
"निर्णायक समय पर रक्षापंक्ति ने गलत पास दिया, और दर्शकों में निराशा फैल गई 😞।",नकारात्मक,फुटबॉल,0
"आक्रामक दल ने दबाव नहीं बना सका, और मुकाबला हाथ से निकलने लगा।",नकारात्मक,फुटबॉल,0
"निर्णायक समय पर गेंदबाज ने कठिन गेंदों पर नियंत्रण रखा, जिससे दल का आत्मविश्वास बढ़ा।",सकारात्मक,क्रिकेट,2
"सर्विस करने वाले खिलाड़ी ने रणनीति में अच्छा बदलाव किया, और प्रतिद्वंद्वी दबाव में आया।",सकारात्मक,बैडमिंटन,2
"निर्णायक समय पर अंतिम रेडर ने रेडर को घेरने की कोशिश की, और खेल आगे बढ़ा।",तटस्थ,कबड्डी,1
"कार ने टायर बदलने में देरी की, जिससे समय का नुकसान हुआ।",नकारात्मक,फॉर्मूला वन,0
"निर्णायक समय पर कार ने एक चक्कर पूरा किया, और चालक ने अपनी स्थिति बनाए रखी।",तटस्थ,फॉर्मूला वन,1
"कप्तान ने लंबी रैली गंवा बैठा, जिससे बढ़त कमजोर हुई।",नकारात्मक,बैडमिंटन,0
"आज पिछली पंक्ति का खिलाड़ी ने लंबी रैली गंवा बैठा, जिससे जीत कठिन हुई।",नकारात्मक,बैडमिंटन,0
"दबाव के बीच इंजीनियर ने टायर बदलने में देरी की, और दौड़ का रुख बिगड़ा।",नकारात्मक,फॉर्मूला वन,0
"मुकाबले के इस चरण में मुख्य चालक ने ओवरटेक का मौका गंवाया, और प्रतिद्वंद्वी को फायदा मिला।",नकारात्मक,फॉर्मूला वन,0
"दबाव के बीच निर्णायक अंक पर खिलाड़ी ने रणनीति में अच्छा बदलाव किया, और प्रतिद्वंद्वी दबाव में आया।",सकारात्मक,बैडमिंटन,2
"दबाव के बीच रणनीति दल ने दबाव में गलती की, और प्रतिद्वंद्वी को फायदा मिला।",नकारात्मक,फॉर्मूला वन,0
"स्पिनर ने कठिन गेंदों पर नियंत्रण रखा, और दर्शकों में उत्साह फैल गया 😀।",सकारात्मक,क्रिकेट,2
"सलामी जोड़ी ने अगली गेंद का सामना किया, और मुकाबला सामान्य गति से चलता रहा।",तटस्थ,क्रिकेट,1
"निर्णायक समय पर नेट खिलाड़ी ने कठिन शटल नहीं लौटा सका, और मुकाबला विपक्षी की ओर झुका।",नकारात्मक,बैडमिंटन,0
"आज विकेटकीपर ने समय पर रणनीति बदली, और दर्शकों में उत्साह फैल गया 😀।",सकारात्मक,क्रिकेट,2
"मुख्य रेडर ने अगला अंक खेला, और मुकाबला सामान्य गति से चला।",तटस्थ,कबड्डी,1
"दबाव के बीच टायर दल ने अंतिम चरण में गति नहीं बढ़ा सका, जिससे स्थान गिरा।",नकारात्मक,फॉर्मूला वन,0
"दबाव के बीच एकल खिलाड़ी ने सर्विस पर नियंत्रण रखा, और वापसी सफल हुई।",सकारात्मक,बैडमिंटन,2
"निर्णायक समय पर टायर दल ने तेज बदलाव किया, और दल का मनोबल ऊंचा हुआ।",सकारात्मक,फॉर्मूला वन,2
"निर्णायक समय पर इंजीनियर ने टायर बदलने में देरी की, और दल का मनोबल गिरा।",नकारात्मक,फॉर्मूला वन,0
"दबाव के बीच विंगर ने खिलाड़ियों के बीच गेंद घुमाई, और मुकाबला सामान्य गति से चलता रहा।",तटस्थ,फुटबॉल,1
"निर्णायक समय पर निर्णायक अंक पर खिलाड़ी ने लंबी रैली गंवा बैठा, और प्रतिद्वंद्वी दबाव में नहीं आया।",नकारात्मक,बैडमिंटन,0
"मुकाबले के इस चरण में गेंदबाज ने एक ओवर पूरा किया, जिसके बाद अगला ओवर शुरू हुआ।",तटस्थ,क्रिकेट,1
"आज कार ने गलत रणनीति चुनी, और दल का मनोबल गिरा।",नकारात्मक,फॉर्मूला वन,0
"दबाव के बीच सर्विस करने वाले खिलाड़ी ने सही समय पर आक्रमण किया, और प्रतिद्वंद्वी दबाव में आया।",सकारात्मक,बैडमिंटन,2
"मुकाबले के इस चरण में युगल जोड़ी ने सर्विस पर नियंत्रण खो बैठा, जिससे आत्मविश्वास घटा।",नकारात्मक,बैडमिंटन,0
"निर्णायक समय पर आक्रामक दल ने अपनी जगह छोड़ दी, जिससे गोल का अवसर चला गया।",नकारात्मक,फुटबॉल,0
"कार ने तालमेल नहीं बना पाया, और प्रतिद्वंद्वी को फायदा मिला।",नकारात्मक,फॉर्मूला वन,0
"चालक ने ट्रैक की स्थिति देखी, और चालक ने अपनी स्थिति बनाए रखी।",तटस्थ,फॉर्मूला वन,1
"दबाव के बीच कप्तान ने मजबूत साझेदारी बनाई, और मुकाबला अपने पक्ष में झुक गया।",सकारात्मक,क्रिकेट,2
"मध्य खिलाड़ी ने मजबूत घेरा बनाया, जिससे वापसी सफल हुई।",सकारात्मक,कबड्डी,2
"मुकाबले के इस चरण में मध्य मैदान के खिलाड़ी ने एक बदलाव किया, जिसके बाद खेल आगे बढ़ा।",तटस्थ,फुटबॉल,1
"पिट दल ने दबाव में धैर्य रखा, और दल का मनोबल ऊंचा हुआ।",सकारात्मक,फॉर्मूला वन,2
"मध्य क्षेत्र ने दबाव नहीं बना सका, और विपक्षी को फायदा मिला।",नकारात्मक,फुटबॉल,0
"आक्रामक दल ने गोल की ओर गेंद भेजी, जिसके बाद खेल आगे बढ़ा।",तटस्थ,फुटबॉल,1
"मध्य मैदान के खिलाड़ी ने गेंद पकड़ी, जिसके बाद गेंद फिर मध्य क्षेत्र में गई।",तटस्थ,फुटबॉल,1
"निर्णायक समय पर बल्लेबाज ने अपनी जगह बदली, जिसके बाद दोनों दल अपनी योजना पर लौटे।",तटस्थ,क्रिकेट,1
"दबाव के बीच कप्तान ने क्रीज पर आया, और मुकाबला सामान्य गति से चलता रहा।",तटस्थ,क्रिकेट,1
"पिट दल ने मोड़ पर नियंत्रण रखा, जिससे समय का लाभ मिला।",सकारात्मक,फॉर्मूला वन,2
"मुकाबले के इस चरण में रक्षक ने गोल की ओर गेंद भेजी, जिसके बाद गेंद फिर मध्य क्षेत्र में गई।",तटस्थ,फुटबॉल,1
"दौड़ दल ने लगातार अच्छा तालमेल रखा, और प्रतिद्वंद्वी दबाव में आया।",सकारात्मक,फॉर्मूला वन,2
"आज मुख्य रेडर ने लगातार अंक जुटाए, और जीत की उम्मीद बढ़ी।",सकारात्मक,कबड्डी,2
"आज युगल जोड़ी ने खाली जगह की ओर शटल भेजी, और अगला अंक खेला गया।",तटस्थ,बैडमिंटन,1
"पिट दल ने दबाव में धैर्य रखा, और प्रशंसकों में उत्साह फैल गया 🏎️।",सकारात्मक,फॉर्मूला वन,2
"मुकाबले के इस चरण में गेंदबाज ने बीच के ओवर में गेंदबाजी की, और अगली गेंद खेली गई।",तटस्थ,क्रिकेट,1
"मुकाबले के इस चरण में मुख्य रेडर ने मिलकर रेडर को रोका, जिससे वापसी सफल हुई।",सकारात्मक,कबड्डी,2
"निर्णायक समय पर हमलावर ने खिलाड़ियों के बीच गेंद घुमाई, और दोनों दल रणनीति पर काम करते रहे।",तटस्थ,फुटबॉल,1
"दबाव के बीच सहायक रक्षक ने तालमेल बनाया, जिसके बाद अगली रेड शुरू हुई।",तटस्थ,कबड्डी,1
"निचला क्रम ने अंतिम ओवरों में नियंत्रण खो बैठा, और विपक्षी को बढ़त मिल गई।",नकारात्मक,क्रिकेट,0
"दबाव के बीच निचला क्रम ने साझेदारी नहीं बना सका, और मुकाबला हाथ से निकलने लगा।",नकारात्मक,क्रिकेट,0
"मुकाबले के इस चरण में मध्य क्षेत्र ने पास आगे बढ़ाया, और दोनों दल रणनीति पर काम करते रहे।",तटस्थ,फुटबॉल,1
"मुख्य रेडर ने रेडर को रोक नहीं पाया, और दर्शकों में निराशा फैल गई 😞।",नकारात्मक,कबड्डी,0
"निर्णायक समय पर रक्षा पंक्ति ने अगली रेड की तैयारी की, जिसके बाद अगली रेड शुरू हुई।",तटस्थ,कबड्डी,1
"रेडर ने शानदार टैकल किया, जिससे बढ़त मजबूत हुई।",सकारात्मक,कबड्डी,2
"आज कप्तान ने साझेदारी नहीं बना सका, और रणनीति विफल रही।",नकारात्मक,क्रिकेट,0
"निर्णायक समय पर पिट दल ने तेज बदलाव किया, जिससे स्थान सुधरा।",सकारात्मक,फॉर्मूला वन,2
"मध्य मैदान के खिलाड़ी ने कठिन बचाव किया, और दर्शक खुशी से झूम उठे 😀।",सकारात्मक,फुटबॉल,2
"मुकाबले के इस चरण में मध्य खिलाड़ी ने तालमेल बनाया, और दोनों दल अगली चाल की तैयारी करने लगे।",तटस्थ,कबड्डी,1
"निर्णायक समय पर रक्षक ने लगातार दबाव बनाया, और जीत की उम्मीद बढ़ी।",सकारात्मक,फुटबॉल,2
"आज रणनीति दल ने तेज बदलाव किया, जिससे स्थान सुधरा।",सकारात्मक,फॉर्मूला वन,2
"मुकाबले के इस चरण में रेडर ने मिलकर रेडर को रोका, और विपक्षी दबाव में आया।",सकारात्मक,कबड्डी,2
"दबाव के बीच नेट खिलाड़ी ने खाली जगह की ओर शटल भेजी, और अगला अंक खेला गया।",तटस्थ,बैडमिंटन,1
"हमलावर ने गेंद पकड़ी, जिसके बाद खेल आगे बढ़ा।",तटस्थ,फुटबॉल,1
"स्पिनर ने संयम से पारी संभाली, जिससे वापसी सफल हुई।",सकारात्मक,क्रिकेट,2
"स्थानापन्न खिलाड़ी ने अपनी जगह छोड़ दी, और विपक्षी को फायदा मिला।",नकारात्मक,फुटबॉल,0
"दबाव के बीच बल्लेबाज ने आसान मौका गंवा बैठा, जिससे जीत की संभावना कमजोर हुई।",नकारात्मक,क्रिकेट,0
"निर्णायक समय पर निचला क्रम ने समय पर रणनीति बदली, और विपक्षी दबाव में आ गया।",सकारात्मक,क्रिकेट,2
"निर्णायक समय पर एकल खिलाड़ी ने कठिन शटल नहीं लौटा सका, और प्रतिद्वंद्वी दबाव में नहीं आया।",नकारात्मक,बैडमिंटन,0
"निर्णायक समय पर स्पिनर ने बीच के ओवर में गेंदबाजी की, जिसके बाद अगला ओवर शुरू हुआ।",तटस्थ,क्रिकेट,1
"आक्रामक दल ने मैदान में प्रवेश किया, और दोनों दल रणनीति पर काम करते रहे।",तटस्थ,फुटबॉल,1
"निर्णायक समय पर आक्रामक खिलाड़ी ने लंबी रैली जीती, जिससे जीत की उम्मीद बढ़ी।",सकारात्मक,बैडमिंटन,2
"निर्णायक समय पर रणनीति दल ने टायरों का गलत उपयोग किया, जिससे पोडियम की संभावना घटी।",नकारात्मक,फॉर्मूला वन,0
"दबाव के बीच आक्रामक दल ने बचाव में चूक गया, और मुकाबला हाथ से निकलने लगा।",नकारात्मक,फुटबॉल,0
"आज इंजीनियर ने टायरों का गलत उपयोग किया, और प्रशंसकों में निराशा फैल गई 😞।",नकारात्मक,फॉर्मूला वन,0
"स्थानापन्न खिलाड़ी ने गेंद पकड़ी, और मुकाबला सामान्य गति से चलता रहा।",तटस्थ,फुटबॉल,1
"दबाव के बीच टायर दल ने गलत रणनीति चुनी, जिससे समय का नुकसान हुआ।",नकारात्मक,फॉर्मूला वन,0
"निर्णायक समय पर टायर दल ने लगातार अच्छा तालमेल रखा, और प्रशंसकों में उत्साह फैल गया 🏎️।",सकारात्मक,फॉर्मूला वन,2
"दबाव के बीच पिछली पंक्ति का खिलाड़ी ने नेट पर शटल रोकी, जिसके बाद सर्विस बदली गई।",तटस्थ,बैडमिंटन,1
"आज रक्षात्मक खिलाड़ी ने सर्विस की, और मुकाबला सामान्य गति से चला।",तटस्थ,बैडमिंटन,1
"मध्य मैदान के खिलाड़ी ने विपक्षी हमले को रोका, और दोनों दल रणनीति पर काम करते रहे।",तटस्थ,फुटबॉल,1
"मुकाबले के इस चरण में रणनीति दल ने टायरों का गलत उपयोग किया, और प्रशंसकों में निराशा फैल गई 😞।",नकारात्मक,फॉर्मूला वन,0
"आज विंगर ने गेंद पर नियंत्रण रखा, जिससे गोल का अवसर बना।",सकारात्मक,फुटबॉल,2
"निर्णायक समय पर स्थानापन्न खिलाड़ी ने विपक्षी हमले को रोका, जिसके बाद खिलाड़ी अपनी जगह लौटे।",तटस्थ,फुटबॉल,1
"आज निर्णायक अंक पर खिलाड़ी ने रैली जारी रखी, जिसके बाद अगली रैली शुरू हुई।",तटस्थ,बैडमिंटन,1
"आज मुख्य रेडर ने मजबूत घेरा बनाया, और मुकाबला अपने पक्ष में झुका।",सकारात्मक,कबड्डी,2
"आज मुख्य चालक ने तेज सेवा दी, जिससे जीत की उम्मीद बढ़ी।",सकारात्मक,फॉर्मूला वन,2
"क्षेत्ररक्षक ने देर से रणनीति बदली, और मुकाबला हाथ से निकलने लगा।",नकारात्मक,क्रिकेट,0
"निर्णायक समय पर हमलावर ने गेंद खो दी, और योजना विफल रही।",नकारात्मक,फुटबॉल,0
"दबाव के बीच गेंदबाज ने सटीक गेंदबाजी की, और विपक्षी दबाव में आ गया।",सकारात्मक,क्रिकेट,2
"दबाव के बीच खिलाड़ी ने लंबी रैली गंवा बैठा, जिससे जीत कठिन हुई।",नकारात्मक,बैडमिंटन,0
"दबाव के बीच हमलावर ने तालमेल खो दिया, जिससे आत्मविश्वास घटा।",नकारात्मक,फुटबॉल,0
"निर्णायक समय पर युगल जोड़ी ने स्मैश बाहर मार बैठा, जिससे बढ़त कमजोर हुई।",नकारात्मक,बैडमिंटन,0
"आज टीम प्रबंधन ने गलत रणनीति चुनी, जिससे समय का नुकसान हुआ।",नकारात्मक,फॉर्मूला वन,0
"दबाव के बीच टायर दल ने दबाव में धैर्य रखा, जिससे स्थान सुधरा।",सकारात्मक,फॉर्मूला वन,2
"निर्णायक समय पर तेज गेंदबाज ने एक ओवर पूरा किया, और मुकाबला सामान्य गति से चलता रहा।",तटस्थ,क्रिकेट,1
"आज रक्षापंक्ति ने कठिन बचाव किया, जिससे गोल का अवसर बना।",सकारात्मक,फुटबॉल,2
"निर्णायक समय पर सहायक रक्षक ने रेडर को रोक नहीं पाया, जिससे दल का आत्मविश्वास घटा।",नकारात्मक,कबड्डी,0
"आज दल ने घेरा टूटने दिया, और मुकाबला हाथ से निकलने लगा।",नकारात्मक,कबड्डी,0
"दबाव के बीच अंतिम रेडर ने टैकल में चूक गया, और विपक्षी दबाव में नहीं आया।",नकारात्मक,कबड्डी,0
"निर्णायक समय पर रणनीति दल ने आंकड़ों की समीक्षा की, और चालक ने अपनी स्थिति बनाए रखी।",तटस्थ,फॉर्मूला वन,1
"दौड़ दल ने टायर बदलने में देरी की, और प्रतिद्वंद्वी को फायदा मिला।",नकारात्मक,फॉर्मूला वन,0
"आज रक्षक ने शानदार टैकल किया, और विपक्षी दबाव में आया।",सकारात्मक,कबड्डी,2
"दबाव के बीच आक्रामक दल ने खिलाड़ियों के बीच गेंद घुमाई, जिसके बाद खेल आगे बढ़ा।",तटस्थ,फुटबॉल,1
"निर्णायक समय पर रेस दल ने अपनी गति बनाए रखी, जिसके बाद अगला चक्कर शुरू हुआ।",तटस्थ,फॉर्मूला वन,1
"पिट दल ने देर से निर्णय लिया, और प्रशंसकों में निराशा फैल गई 😞।",नकारात्मक,फॉर्मूला वन,0
"दबाव के बीच रक्षापंक्ति ने आक्रमण को रोक दिया, और दर्शक खुशी से झूम उठे 😀।",सकारात्मक,फुटबॉल,2
"आज निचला क्रम ने अगली गेंद का सामना किया, जिसके बाद खेल आगे बढ़ा।",तटस्थ,क्रिकेट,1
"निर्णायक समय पर निचला क्रम ने दबाव में गलत शॉट चुना, और दर्शकों में निराशा फैल गई 😞।",नकारात्मक,क्रिकेट,0
"निर्णायक समय पर कप्तान ने सटीक गेंदबाजी की, और विपक्षी दबाव में आ गया।",सकारात्मक,क्रिकेट,2
"रक्षक ने खिलाड़ियों के बीच गेंद घुमाई, और मुकाबला सामान्य गति से चलता रहा।",तटस्थ,फुटबॉल,1
"मुकाबले के इस चरण में स्थानापन्न खिलाड़ी ने मैदान में प्रवेश किया, और दोनों दल रणनीति पर काम करते रहे।",तटस्थ,फुटबॉल,1
"मुकाबले के इस चरण में खिलाड़ी ने मजबूत बचाव किया, और दर्शकों ने तालियां बजाईं 👏।",सकारात्मक,बैडमिंटन,2
"दबाव के बीच एकल खिलाड़ी ने रणनीति में सुधार नहीं कर सका, जिससे निर्णायक अंक हाथ से गया।",नकारात्मक,बैडमिंटन,0
"पिट दल ने ओवरटेक का मौका गंवाया, जिससे जीत की उम्मीद कमजोर हुई।",नकारात्मक,फॉर्मूला वन,0
"दबाव के बीच टीम प्रबंधन ने मोड़ पार किया, जिसके बाद कार फिर ट्रैक पर आई।",तटस्थ,फॉर्मूला वन,1
"दबाव के बीच स्थानापन्न खिलाड़ी ने बिना अंक लौट आया, जिससे दल का आत्मविश्वास घटा।",नकारात्मक,कबड्डी,0
"दबाव के बीच रणनीति दल ने दबाव में गलती की, जिससे स्थान गिरा।",नकारात्मक,फॉर्मूला वन,0
"दबाव के बीच बल्लेबाज ने एक ओवर पूरा किया, और अगली गेंद खेली गई।",तटस्थ,क्रिकेट,1
"मुकाबले के इस चरण में मध्य खिलाड़ी ने मजबूत घेरा बनाया, जिससे जरूरी अंक मिला।",सकारात्मक,कबड्डी,2
"दबाव के बीच मध्य खिलाड़ी ने मिलकर रेडर को रोका, जिससे दल का आत्मविश्वास बढ़ा।",सकारात्मक,कबड्डी,2
"आज निर्णायक अंक पर खिलाड़ी ने बचाव में चूक गया, और वापसी का मौका कम हुआ।",नकारात्मक,बैडमिंटन,0
"दबाव के बीच विंगर ने गोल की ओर गेंद भेजी, जिसके बाद खिलाड़ी अपनी जगह लौटे।",तटस्थ,फुटबॉल,1
"गेंदबाज ने सटीक गेंदबाजी की, जिससे वापसी सफल हुई।",सकारात्मक,क्रिकेट,2
"निर्णायक समय पर मध्य मैदान के खिलाड़ी ने गेंद अपने पास रखी, और मुकाबला सामान्य गति से चलता रहा।",तटस्थ,फुटबॉल,1
"दबाव के बीच सर्विस करने वाला खिलाड़ी ने रैली जारी रखी, जिसके बाद दोनों खिलाड़ी अपनी जगह लौटे।",तटस्थ,बैडमिंटन,1
"दबाव के बीच युगल जोड़ी ने सटीक स्मैश लगाया, जिससे बढ़त मजबूत हुई।",सकारात्मक,बैडमिंटन,2
"निर्णायक समय पर युगल जोड़ी ने अगला शॉट खेला, और खेल आगे बढ़ा।",तटस्थ,बैडमिंटन,1
"कप्तान ने मजबूत साझेदारी बनाई, जिससे जीत की उम्मीद मजबूत हुई।",सकारात्मक,क्रिकेट,2
"मुकाबले के इस चरण में आक्रामक दल ने विपक्षी हमले को रोका, और मुकाबला सामान्य गति से चलता रहा।",तटस्थ,फुटबॉल,1
"दबाव के बीच आक्रामक दल ने विपक्षी हमले को रोका, और अगला आक्रमण शुरू हुआ।",तटस्थ,फुटबॉल,1
"आज रेस दल ने अंतिम चरण में गति बढ़ाई, और प्रतिद्वंद्वी दबाव में आया।",सकारात्मक,फॉर्मूला वन,2
"मुकाबले के इस चरण में मुख्य रेडर ने निर्णायक अंक नहीं ले सका, और विपक्षी दबाव में नहीं आया।",नकारात्मक,कबड्डी,0
"मुकाबले के इस चरण में रक्षा पंक्ति ने अच्छा तालमेल दिखाया, जिससे जरूरी अंक मिला।",सकारात्मक,कबड्डी,2
"मुकाबले के इस चरण में विकेटकीपर ने सटीक गेंदबाजी की, और विपक्षी दबाव में आ गया।",सकारात्मक,क्रिकेट,2
"दबाव के बीच गोलकीपर ने मैदान पर आते ही असर डाला, जिससे वापसी सफल हुई।",सकारात्मक,फुटबॉल,2
"मुकाबले के इस चरण में रक्षात्मक खिलाड़ी ने सर्विस की, और मुकाबला सामान्य गति से चला।",तटस्थ,बैडमिंटन,1
"कप्तान ने सही समय पर बोनस लिया, और मुकाबला अपने पक्ष में झुका।",सकारात्मक,कबड्डी,2
"आज मुख्य चालक ने तेज सेवा दी, जिससे स्थान सुधरा।",सकारात्मक,फॉर्मूला वन,2
"आज मध्य खिलाड़ी ने टैकल में चूक गया, जिससे दल का आत्मविश्वास घटा।",नकारात्मक,कबड्डी,0
"निर्णायक समय पर मध्यक्रम ने समय पर रणनीति बदली, जिससे रन गति सुधरी।",सकारात्मक,क्रिकेट,2
"आज स्पिनर ने कठिन गेंदों पर नियंत्रण रखा, और दर्शकों में उत्साह फैल गया 😀।",सकारात्मक,क्रिकेट,2
"मुकाबले के इस चरण में मुख्य रेडर ने विपक्षी क्षेत्र की ओर बढ़ा, जिसके बाद खिलाड़ी अपनी जगह लौटे।",तटस्थ,कबड्डी,1
"मुकाबले के इस चरण में हमलावर ने बचाव में चूक गया, और मुकाबला हाथ से निकलने लगा।",नकारात्मक,फुटबॉल,0
"मध्य मैदान के खिलाड़ी ने आसान मौका गंवाया, और दर्शकों में निराशा फैल गई 😞।",नकारात्मक,फुटबॉल,0
"निर्णायक समय पर दल ने टैकल में चूक गया, और दर्शकों में निराशा फैल गई 😞।",नकारात्मक,कबड्डी,0
"मुकाबले के इस चरण में मध्य मैदान के खिलाड़ी ने मैदान पर आने के बाद असर नहीं डाल सका, और मुकाबला हाथ से निकलने लगा।",नकारात्मक,फुटबॉल,0
"दबाव के बीच रक्षक ने आसान मौका गंवाया, जिससे वापसी कठिन हुई।",नकारात्मक,फुटबॉल,0
"निर्णायक समय पर मध्य खिलाड़ी ने बोनस का मौका गंवाया, जिससे जरूरी अंक गंवा।",नकारात्मक,कबड्डी,0
"मुकाबले के इस चरण में कार ने दौड़ की योजना पर काम किया, और चालक ने अपनी स्थिति बनाए रखी।",तटस्थ,फॉर्मूला वन,1
"निर्णायक समय पर मध्यक्रम ने महत्वपूर्ण गेंद रोक नहीं पाया, जिससे दल का आत्मविश्वास घटा।",नकारात्मक,क्रिकेट,0
"कप्तान ने निर्देश दिया, और खेल आगे बढ़ा।",तटस्थ,कबड्डी,1
"पिट दल ने मोड़ पर नियंत्रण रखा, और दल का मनोबल ऊंचा हुआ।",सकारात्मक,फॉर्मूला वन,2
"दबाव के बीच स्पिनर ने अगला ओवर शुरू किया, और अगली गेंद खेली गई।",तटस्थ,क्रिकेट,1
"मुकाबले के इस चरण में इंजीनियर ने रणनीति पर चर्चा की, और दौड़ आगे बढ़ी।",तटस्थ,फॉर्मूला वन,1
"निर्णायक समय पर टीम प्रबंधन ने टायर बदलने में देरी की, जिससे समय का नुकसान हुआ।",नकारात्मक,फॉर्मूला वन,0
"दबाव के बीच खिलाड़ी ने सर्विस की, और अगला अंक खेला गया।",तटस्थ,बैडमिंटन,1
"निर्णायक समय पर इंजीनियर ने शानदार ओवरटेक किया, जिससे स्थान सुधरा।",सकारात्मक,फॉर्मूला वन,2
"आज रक्षक ने लगातार अंक गंवाता रहा, और रणनीति विफल रही।",नकारात्मक,कबड्डी,0
"निर्णायक समय पर मध्य क्षेत्र ने गोल की ओर गेंद भेजी, और मुकाबला सामान्य गति से चलता रहा।",तटस्थ,फुटबॉल,1
"आज खिलाड़ी ने खाली जगह पहचानी, और वापसी सफल हुई।",सकारात्मक,बैडमिंटन,2
"मुकाबले के इस चरण में रक्षा पंक्ति ने टैकल में चूक गया, जिससे वापसी कठिन हुई।",नकारात्मक,कबड्डी,0
"मुकाबले के इस चरण में कप्तान ने खाली जगह नहीं पहचान पाया, जिससे बढ़त कमजोर हुई।",नकारात्मक,बैडमिंटन,0
"दबाव के बीच दल ने तालमेल बनाया, जिसके बाद खिलाड़ी अपनी जगह लौटे।",तटस्थ,कबड्डी,1
"कप्तान ने विपक्षी हमले को रोका, और मुकाबला सामान्य गति से चलता रहा।",तटस्थ,फुटबॉल,1
"दबाव के बीच स्पिनर ने जरूरी विकेट नहीं ले सका, जिससे दल का आत्मविश्वास घटा।",नकारात्मक,क्रिकेट,0
"निर्णायक समय पर निर्णायक अंक पर खिलाड़ी ने गलत समय पर आक्रमण किया, और मुकाबला विपक्षी की ओर झुका।",नकारात्मक,बैडमिंटन,0
"निर्णायक समय पर युगल जोड़ी ने सर्विस की, और मुकाबला सामान्य गति से चला।",तटस्थ,बैडमिंटन,1
"मुकाबले के इस चरण में सलामी जोड़ी ने समय पर रणनीति बदली, जिससे जीत की उम्मीद मजबूत हुई।",सकारात्मक,क्रिकेट,2
"दबाव के बीच दल ने मिलकर रेडर को रोका, जिससे वापसी सफल हुई।",सकारात्मक,कबड्डी,2
"दबाव के बीच रणनीति दल ने तेज सेवा दी, और दौड़ का रुख बदला।",सकारात्मक,फॉर्मूला वन,2
"निर्णायक समय पर विकेटकीपर ने अंतिम ओवरों में गति बढ़ाई, जिससे रन गति सुधरी।",सकारात्मक,क्रिकेट,2
"मुकाबले के इस चरण में रक्षा पंक्ति ने रेडर को घेरने की कोशिश की, जिसके बाद अगला अंक खेला गया।",तटस्थ,कबड्डी,1
"आज खिलाड़ी ने नेट के पास दबाव बनाया, जिससे बढ़त मजबूत हुई।",सकारात्मक,बैडमिंटन,2
"स्थानापन्न खिलाड़ी ने कठिन बचाव किया, और जीत की उम्मीद बढ़ी।",सकारात्मक,फुटबॉल,2
"आज मध्यक्रम ने दबाव में सही शॉट चुना, जिससे जीत की उम्मीद मजबूत हुई।",सकारात्मक,क्रिकेट,2
"निर्णायक समय पर इंजीनियर ने लगातार अच्छा तालमेल रखा, और प्रतिद्वंद्वी दबाव में आया।",सकारात्मक,फॉर्मूला वन,2
"दबाव के बीच विकेटकीपर ने दबाव में गलत शॉट चुना, जिससे रन गति गिर गई।",नकारात्मक,क्रिकेट,0
"आज स्थानापन्न खिलाड़ी ने सही समय पर चुनौती दी, जिससे वापसी सफल हुई।",सकारात्मक,फुटबॉल,2
"दबाव के बीच दौड़ दल ने दौड़ की योजना पर काम किया, जिसके बाद अगला चक्कर शुरू हुआ।",तटस्थ,फॉर्मूला वन,1
"मुकाबले के इस चरण में मध्य खिलाड़ी ने रेडर को रोक नहीं पाया, जिससे बढ़त कमजोर हुई।",नकारात्मक,कबड्डी,0
"दबाव के बीच आक्रामक दल ने मैदान में प्रवेश किया, और अगला आक्रमण शुरू हुआ।",तटस्थ,फुटबॉल,1
"दबाव के बीच मध्य क्षेत्र ने कठिन बचाव किया, जिससे बढ़त मजबूत हुई।",सकारात्मक,फुटबॉल,2
"आज निचला क्रम ने जरूरी विकेट नहीं ले सका, जिससे वापसी कठिन हुई।",नकारात्मक,क्रिकेट,0
"इंजीनियर ने तेज सेवा दी, और प्रशंसकों में उत्साह फैल गया 🏎️।",सकारात्मक,फॉर्मूला वन,2
"मुकाबले के इस चरण में विकेटकीपर ने संयम से पारी संभाली, जिससे रन गति सुधरी।",सकारात्मक,क्रिकेट,2
"दबाव के बीच नेट खिलाड़ी ने रैली जारी रखी, और अगला अंक खेला गया।",तटस्थ,बैडमिंटन,1
"मध्य क्षेत्र ने आसान मौका गंवाया, और विपक्षी को फायदा मिला।",नकारात्मक,फुटबॉल,0
"आज रेडर ने समय पर बदलाव किया, जिससे बढ़त मजबूत हुई।",सकारात्मक,कबड्डी,2
"मुकाबले के इस चरण में तेज गेंदबाज ने अगला ओवर शुरू किया, जिसके बाद दोनों दल अपनी योजना पर लौटे।",तटस्थ,क्रिकेट,1
"मुकाबले के इस चरण में हमलावर ने विपक्षी हमले को रोका, जिसके बाद खिलाड़ी अपनी जगह लौटे।",तटस्थ,फुटबॉल,1
"आज रेडर ने सफल रेड की, और दर्शक खुशी से झूम उठे 😀।",सकारात्मक,कबड्डी,2
"मुकाबले के इस चरण में सलामी जोड़ी ने जरूरी विकेट नहीं ले सका, और विपक्षी को बढ़त मिल गई।",नकारात्मक,क्रिकेट,0
"दबाव के बीच विंगर ने दबाव नहीं बना सका, जिससे बढ़त कमजोर हुई।",नकारात्मक,फुटबॉल,0
"निर्णायक समय पर इंजीनियर ने एक चक्कर पूरा किया, और चालक ने अपनी स्थिति बनाए रखी।",तटस्थ,फॉर्मूला वन,1
"आज बल्लेबाज ने गेंद संभाली, जिसके बाद खेल आगे बढ़ा।",तटस्थ,क्रिकेट,1
"मुख्य रेडर ने लगातार अंक जुटाए, और दर्शक खुशी से झूम उठे 😀।",सकारात्मक,कबड्डी,2
"मुकाबले के इस चरण में रक्षक ने मैदान में प्रवेश किया, जिसके बाद खिलाड़ी अपनी जगह लौटे।",तटस्थ,फुटबॉल,1
"दबाव के बीच कप्तान ने दबाव नहीं बना सका, जिससे वापसी कठिन हुई।",नकारात्मक,फुटबॉल,0
"विकेटकीपर ने अंतिम ओवरों में गति बढ़ाई, और रणनीति कामयाब रही।",सकारात्मक,क्रिकेट,2
"निर्णायक समय पर निचला क्रम ने बीच के ओवरों में महंगा साबित हुआ, जिससे दल का आत्मविश्वास घटा।",नकारात्मक,क्रिकेट,0
"मुकाबले के इस चरण में विकेटकीपर ने जल्दी विकेट गंवा बैठा, जिससे जीत की संभावना कमजोर हुई।",नकारात्मक,क्रिकेट,0
"दबाव के बीच कप्तान ने महत्वपूर्ण गेंद रोक नहीं पाया, और मुकाबला हाथ से निकलने लगा।",नकारात्मक,क्रिकेट,0
"मुकाबले के इस चरण में चालक ने ओवरटेक का मौका गंवाया, जिससे जीत की उम्मीद कमजोर हुई।",नकारात्मक,फॉर्मूला वन,0
"निर्णायक समय पर टायर दल ने दबाव में गलती की, जिससे पोडियम की संभावना घटी।",नकारात्मक,फॉर्मूला वन,0
"मुख्य चालक ने दौड़ की योजना पर काम किया, और दौड़ आगे बढ़ी।",तटस्थ,फॉर्मूला वन,1
"मुकाबले के इस चरण में आक्रामक दल ने मैदान में प्रवेश किया, जिसके बाद गेंद फिर मध्य क्षेत्र में गई।",तटस्थ,फुटबॉल,1
"आज मध्य क्षेत्र ने आसान मौका गंवाया, और विपक्षी को फायदा मिला।",नकारात्मक,फुटबॉल,0
"आज स्पिनर ने सटीक गेंदबाजी की, जिससे वापसी सफल हुई।",सकारात्मक,क्रिकेट,2
"निर्णायक समय पर आक्रामक खिलाड़ी ने बचाव की स्थिति ली, जिसके बाद अगली रैली शुरू हुई।",तटस्थ,बैडमिंटन,1
"निर्णायक समय पर इंजीनियर ने दबाव में धैर्य रखा, और दौड़ का रुख बदला।",सकारात्मक,फॉर्मूला वन,2
"दबाव के बीच चालक ने मोड़ पर नियंत्रण खोया, और प्रतिद्वंद्वी को फायदा मिला।",नकारात्मक,फॉर्मूला वन,0
"दबाव के बीच टीम प्रबंधन ने अंतिम चरण में गति नहीं बढ़ा सका, जिससे समय का नुकसान हुआ।",नकारात्मक,फॉर्मूला वन,0
"निर्णायक समय पर स्थानापन्न खिलाड़ी ने विपक्षी क्षेत्र की ओर बढ़ा, और दोनों दल अगली चाल की तैयारी करने लगे।",तटस्थ,कबड्डी,1
"मध्य क्षेत्र ने दबाव नहीं बना सका, जिससे आत्मविश्वास घटा।",नकारात्मक,फुटबॉल,0
"मुकाबले के इस चरण में एकल खिलाड़ी ने रणनीति में सुधार नहीं कर सका, और मुकाबला विपक्षी की ओर झुका।",नकारात्मक,बैडमिंटन,0
"मुकाबले के इस चरण में गोलकीपर ने आसान मौका गंवाया, और योजना विफल रही।",नकारात्मक,फुटबॉल,0
"निर्णायक समय पर युगल जोड़ी ने नेट पर शटल रोकी, और खेल आगे बढ़ा।",तटस्थ,बैडमिंटन,1
"निर्णायक समय पर स्थानापन्न खिलाड़ी ने बचाव में चूक गया, जिससे बढ़त कमजोर हुई।",नकारात्मक,फुटबॉल,0
"निर्णायक समय पर आक्रामक दल ने तालमेल खो दिया, जिससे बढ़त कमजोर हुई।",नकारात्मक,फुटबॉल,0
"स्थानापन्न खिलाड़ी ने समय पर बदलाव किया, और मुकाबला अपने पक्ष में झुक गया।",सकारात्मक,फुटबॉल,2
"मुकाबले के इस चरण में टीम प्रबंधन ने ट्रैक की स्थिति देखी, जिसके बाद अगला चक्कर शुरू हुआ।",तटस्थ,फॉर्मूला वन,1
"दबाव के बीच रक्षा पंक्ति ने सही समय पर बोनस लिया, और मुकाबला अपने पक्ष में झुका।",सकारात्मक,कबड्डी,2
"आज तेज गेंदबाज ने देर से रणनीति बदली, जिससे जीत की संभावना कमजोर हुई।",नकारात्मक,क्रिकेट,0
"निर्णायक समय पर दल ने सही समय पर बोनस लिया, जिससे दल का आत्मविश्वास बढ़ा।",सकारात्मक,कबड्डी,2
"मुकाबले के इस चरण में रणनीति दल ने एक चक्कर पूरा किया, और दौड़ आगे बढ़ी।",तटस्थ,फॉर्मूला वन,1
"निर्णायक समय पर रक्षक ने समय पर बदलाव किया, जिससे गोल का अवसर बना।",सकारात्मक,फुटबॉल,2
"निर्णायक समय पर नेट खिलाड़ी ने नेट के पास अंक गंवा दिया, और वापसी का मौका कम हुआ।",नकारात्मक,बैडमिंटन,0
"रणनीति दल ने तेज बदलाव किया, और दौड़ का रुख बदला।",सकारात्मक,फॉर्मूला वन,2
"टायर दल ने टायरों का गलत उपयोग किया, और प्रशंसकों में निराशा फैल गई 😞।",नकारात्मक,फॉर्मूला वन,0
"दबाव के बीच रक्षक ने आक्रमण को रोक दिया, और दर्शक खुशी से झूम उठे 😀।",सकारात्मक,फुटबॉल,2
"मुकाबले के इस चरण में चालक ने अपनी गति बनाए रखी, जिसके बाद कार फिर ट्रैक पर आई।",तटस्थ,फॉर्मूला वन,1
"निर्णायक समय पर रेडर ने तालमेल खो बैठा, और रणनीति विफल रही।",नकारात्मक,कबड्डी,0
"मुकाबले के इस चरण में विंगर ने अपनी जगह छोड़ दी, जिससे बढ़त कमजोर हुई।",नकारात्मक,फुटबॉल,0
"आज रक्षापंक्ति ने तेज तालमेल दिखाया, जिससे बढ़त मजबूत हुई।",सकारात्मक,फुटबॉल,2
"गोलकीपर ने तेज तालमेल दिखाया, जिससे दल का आत्मविश्वास बढ़ा।",सकारात्मक,फुटबॉल,2
"निर्णायक समय पर निर्णायक अंक पर खिलाड़ी ने पीछे से प्रहार किया, और खेल आगे बढ़ा।",तटस्थ,बैडमिंटन,1
"दबाव के बीच आक्रामक खिलाड़ी ने रणनीति में अच्छा बदलाव किया, जिससे जीत की उम्मीद बढ़ी।",सकारात्मक,बैडमिंटन,2
"आज रक्षा पंक्ति ने सही समय पर बोनस लिया, जिससे वापसी सफल हुई।",सकारात्मक,कबड्डी,2
"मुकाबले के इस चरण में बल्लेबाज ने जरूरी विकेट नहीं ले सका, जिससे रन गति गिर गई।",नकारात्मक,क्रिकेट,0
"मुकाबले के इस चरण में मध्य खिलाड़ी ने मजबूत घेरा बनाया, जिससे वापसी सफल हुई।",सकारात्मक,कबड्डी,2
"मुकाबले के इस चरण में गोलकीपर ने मैदान पर आते ही असर डाला, जिससे गोल का अवसर बना।",सकारात्मक,फुटबॉल,2
"सलामी जोड़ी ने देर से रणनीति बदली, और विपक्षी को बढ़त मिल गई।",नकारात्मक,क्रिकेट,0
"निर्णायक समय पर मुख्य रेडर ने तालमेल बनाया, और मुकाबला सामान्य गति से चला।",तटस्थ,कबड्डी,1
"रणनीति दल ने सही रणनीति चुनी, जिससे स्थान सुधरा।",सकारात्मक,फॉर्मूला वन,2
"निर्णायक समय पर कप्तान ने मैदान पर आते ही असर डाला, जिससे वापसी सफल हुई।",सकारात्मक,कबड्डी,2
"दबाव के बीच स्थानापन्न खिलाड़ी ने कठिन बचाव किया, और जीत की उम्मीद बढ़ी।",सकारात्मक,फुटबॉल,2
"दबाव के बीच विंगर ने सही समय पर चुनौती नहीं दी, और योजना विफल रही।",नकारात्मक,फुटबॉल,0
"निर्णायक समय पर मध्य खिलाड़ी ने मैदान पर आने के बाद असर नहीं डाल सका, और विपक्षी दबाव में नहीं आया।",नकारात्मक,कबड्डी,0
"निर्णायक समय पर मुख्य चालक ने तेज सेवा दी, जिससे जीत की उम्मीद बढ़ी।",सकारात्मक,फॉर्मूला वन,2
"निर्णायक समय पर अंतिम रेडर ने रक्षा की स्थिति बनाई, जिसके बाद अगला अंक खेला गया।",तटस्थ,कबड्डी,1
"दबाव के बीच तेज गेंदबाज ने ढीली गेंदें डालता रहा, जिससे वापसी कठिन हुई।",नकारात्मक,क्रिकेट,0
"दबाव के बीच स्पिनर ने तेज प्रतिक्रिया से मौका बनाया, और मुकाबला अपने पक्ष में झुक गया।",सकारात्मक,क्रिकेट,2
"दबाव के बीच गेंदबाज ने जरूरी विकेट नहीं ले सका, जिससे जीत की संभावना कमजोर हुई।",नकारात्मक,क्रिकेट,0
"निर्णायक समय पर गोलकीपर ने कठिन बचाव किया, और जीत की उम्मीद बढ़ी।",सकारात्मक,फुटबॉल,2
"मुकाबले के इस चरण में मध्य क्षेत्र ने गेंद अपने पास रखी, और मुकाबला सामान्य गति से चलता रहा।",तटस्थ,फुटबॉल,1
"आज कार ने रणनीति पर चर्चा की, और मुकाबला सामान्य गति से चला।",तटस्थ,फॉर्मूला वन,1
"दबाव के बीच रक्षा पंक्ति ने लगातार अंक गंवाता रहा, और विपक्षी दबाव में नहीं आया।",नकारात्मक,कबड्डी,0
"मुकाबले के इस चरण में कप्तान ने गेंद संभाली, और अगली गेंद खेली गई।",तटस्थ,क्रिकेट,1
"मुकाबले के इस चरण में अंतिम रेडर ने लगातार अंक जुटाए, और जीत की उम्मीद बढ़ी।",सकारात्मक,कबड्डी,2
"तेज गेंदबाज ने कुछ रन जोड़े, और मुकाबला सामान्य गति से चलता रहा।",तटस्थ,क्रिकेट,1
"निर्णायक समय पर मध्यक्रम ने सटीक गेंदबाजी की, और विपक्षी दबाव में आ गया।",सकारात्मक,क्रिकेट,2
"निर्णायक समय पर मध्य क्षेत्र ने मैदान में प्रवेश किया, जिसके बाद गेंद फिर मध्य क्षेत्र में गई।",तटस्थ,फुटबॉल,1
"आज टायर दल ने टायरों का गलत उपयोग किया, जिससे स्थान गिरा।",नकारात्मक,फॉर्मूला वन,0
"निर्णायक समय पर रक्षक ने आक्रमण शुरू किया, और अगला आक्रमण शुरू हुआ।",तटस्थ,फुटबॉल,1
"आज मध्य खिलाड़ी ने मिलकर रेडर को रोका, और मुकाबला अपने पक्ष में झुका।",सकारात्मक,कबड्डी,2
"आक्रामक दल ने शानदार गोल किया, जिससे बढ़त मजबूत हुई।",सकारात्मक,फुटबॉल,2
"निर्णायक समय पर मध्य खिलाड़ी ने देर से बदलाव किया, और विपक्षी दबाव में नहीं आया।",नकारात्मक,कबड्डी,0
"दबाव के बीच अंतिम रेडर ने अपनी जगह संभाली, जिसके बाद अगला अंक खेला गया।",तटस्थ,कबड्डी,1
"आज दल ने मैदान पर आने के बाद असर नहीं डाल सका, और विपक्षी दबाव में नहीं आया।",नकारात्मक,कबड्डी,0
"निर्णायक समय पर तेज गेंदबाज ने एक ओवर पूरा किया, और अगली गेंद खेली गई।",तटस्थ,क्रिकेट,1
"कप्तान ने तेज प्रतिक्रिया से मौका बनाया, और रणनीति कामयाब रही।",सकारात्मक,क्रिकेट,2
"निर्णायक समय पर पिछली पंक्ति का खिलाड़ी ने सही समय पर आक्रमण किया, जिससे जीत की उम्मीद बढ़ी।",सकारात्मक,बैडमिंटन,2
"मुकाबले के इस चरण में रक्षात्मक खिलाड़ी ने रैली जारी रखी, और अगला अंक खेला गया।",तटस्थ,बैडमिंटन,1
"आज आक्रामक दल ने गेंद पकड़ी, जिसके बाद गेंद फिर मध्य क्षेत्र में गई।",तटस्थ,फुटबॉल,1
"दबाव के बीच युगल जोड़ी ने गलत समय पर आक्रमण किया, जिससे आत्मविश्वास घटा।",नकारात्मक,बैडमिंटन,0
"आज कार ने अपनी गति बनाए रखी, और मुकाबला सामान्य गति से चला।",तटस्थ,फॉर्मूला वन,1
"आज मुख्य रेडर ने टैकल में चूक गया, और मुकाबला हाथ से निकलने लगा।",नकारात्मक,कबड्डी,0
"आज रणनीति दल ने ट्रैक की स्थिति देखी, जिसके बाद अगला चक्कर शुरू हुआ।",तटस्थ,फॉर्मूला वन,1
"आज रणनीति दल ने गलत रणनीति चुनी, जिससे पोडियम की संभावना घटी।",नकारात्मक,फॉर्मूला वन,0
"दबाव के बीच नेट खिलाड़ी ने कठिन शटल लौटा दी, जिससे बढ़त मजबूत हुई।",सकारात्मक,बैडमिंटन,2
"दबाव के बीच रक्षा पंक्ति ने मजबूत घेरा बनाया, और दर्शक खुशी से झूम उठे 😀।",सकारात्मक,कबड्डी,2
"मुकाबले के इस चरण में रक्षा पंक्ति ने रक्षा की स्थिति बनाई, और खेल आगे बढ़ा।",तटस्थ,कबड्डी,1
"दौड़ दल ने शानदार ओवरटेक किया, और दौड़ का रुख बदला।",सकारात्मक,फॉर्मूला वन,2
"दबाव के बीच युगल जोड़ी ने रणनीति में अच्छा बदलाव किया, और मुकाबला अपने पक्ष में झुका।",सकारात्मक,बैडमिंटन,2
"इंजीनियर ने लगातार अच्छा तालमेल रखा, जिससे स्थान सुधरा।",सकारात्मक,फॉर्मूला वन,2
"पिट दल ने अगले बदलाव की तैयारी की, और चालक ने अपनी स्थिति बनाए रखी।",तटस्थ,फॉर्मूला वन,1
"निर्णायक समय पर मुख्य चालक ने टायर बदले, और दौड़ आगे बढ़ी।",तटस्थ,फॉर्मूला वन,1
"आज क्षेत्ररक्षक ने तेज प्रतिक्रिया से मौका बनाया, जिससे रन गति सुधरी।",सकारात्मक,क्रिकेट,2
"मुकाबले के इस चरण में रक्षक ने गेंद अपने पास रखी, और दोनों दल रणनीति पर काम करते रहे।",तटस्थ,फुटबॉल,1
"मुकाबले के इस चरण में एकल खिलाड़ी ने नेट पर शटल रोकी, और खेल आगे बढ़ा।",तटस्थ,बैडमिंटन,1
"आज तेज गेंदबाज ने दबाव में गलत शॉट चुना, और दर्शकों में निराशा फैल गई 😞।",नकारात्मक,क्रिकेट,0
"आज कप्तान ने अगली रेड की तैयारी की, जिसके बाद अगला अंक खेला गया।",तटस्थ,कबड्डी,1
"निर्णायक समय पर मध्य क्षेत्र ने गोल की ओर गेंद भेजी, और अगला आक्रमण शुरू हुआ।",तटस्थ,फुटबॉल,1
"मुकाबले के इस चरण में नेट खिलाड़ी ने सर्विस की, जिसके बाद अगली रैली शुरू हुई।",तटस्थ,बैडमिंटन,1
"आज कप्तान ने गोल की ओर गेंद भेजी, जिसके बाद खेल आगे बढ़ा।",तटस्थ,फुटबॉल,1
"निर्णायक समय पर तेज गेंदबाज ने कठिन गेंदों पर नियंत्रण रखा, और मुकाबला अपने पक्ष में झुक गया।",सकारात्मक,क्रिकेट,2
"चालक ने देर से निर्णय लिया, और प्रतिद्वंद्वी को फायदा मिला।",नकारात्मक,फॉर्मूला वन,0
"आज टायर दल ने दबाव में गलती की, जिससे जीत की उम्मीद कमजोर हुई।",नकारात्मक,फॉर्मूला वन,0
"आज निचला क्रम ने दबाव में गलत शॉट चुना, जिससे रन गति गिर गई।",नकारात्मक,क्रिकेट,0
"दबाव के बीच मध्यक्रम ने आसान मौका गंवा बैठा, जिससे जीत की संभावना कमजोर हुई।",नकारात्मक,क्रिकेट,0
"दबाव के बीच गेंदबाज ने सटीक गेंदबाजी की, और दर्शकों में उत्साह फैल गया 😀।",सकारात्मक,क्रिकेट,2
"निर्णायक समय पर निर्णायक अंक पर खिलाड़ी ने लंबी रैली जीती, और मुकाबला अपने पक्ष में झुका।",सकारात्मक,बैडमिंटन,2
"आज रणनीति दल ने ओवरटेक का मौका गंवाया, जिससे पोडियम की संभावना घटी।",नकारात्मक,फॉर्मूला वन,0
"आज मध्य क्षेत्र ने सही समय पर चुनौती दी, और जीत की उम्मीद बढ़ी।",सकारात्मक,फुटबॉल,2
"निर्णायक समय पर तेज गेंदबाज ने मजबूत साझेदारी बनाई, और रणनीति कामयाब रही।",सकारात्मक,क्रिकेट,2
"आज पिछली पंक्ति का खिलाड़ी ने देर से प्रतिक्रिया दी, और प्रतिद्वंद्वी दबाव में नहीं आया।",नकारात्मक,बैडमिंटन,0
"दबाव के बीच विकेटकीपर ने सटीक गेंदबाजी की, और विपक्षी दबाव में आ गया।",सकारात्मक,क्रिकेट,2
"क्षेत्ररक्षक ने अपनी जगह बदली, जिसके बाद दोनों दल अपनी योजना पर लौटे।",तटस्थ,क्रिकेट,1
"मुकाबले के इस चरण में मध्य क्षेत्र ने शानदार गोल किया, जिससे दल का आत्मविश्वास बढ़ा।",सकारात्मक,फुटबॉल,2
"निर्णायक समय पर कप्तान ने पीछे से प्रहार किया, जिसके बाद अगली रैली शुरू हुई।",तटस्थ,बैडमिंटन,1
"खिलाड़ी ने लंबी रैली गंवा बैठा, जिससे निर्णायक अंक हाथ से गया।",नकारात्मक,बैडमिंटन,0
"आज मध्य खिलाड़ी ने अच्छा तालमेल दिखाया, और विपक्षी दबाव में आया।",सकारात्मक,कबड्डी,2
"दबाव के बीच रणनीति दल ने शानदार ओवरटेक किया, और प्रतिद्वंद्वी दबाव में आया।",सकारात्मक,फॉर्मूला वन,2
"आज हमलावर ने गेंद खो दी, और विपक्षी को फायदा मिला।",नकारात्मक,फुटबॉल,0
"दबाव के बीच स्पिनर ने कठिन गेंदों पर नियंत्रण रखा, और मुकाबला अपने पक्ष में झुक गया।",सकारात्मक,क्रिकेट,2
"निर्णायक समय पर कार ने तेज बदलाव किया, जिससे जीत की उम्मीद बढ़ी।",सकारात्मक,फॉर्मूला वन,2
"विकेटकीपर ने दबाव में गलत शॉट चुना, और रणनीति विफल रही।",नकारात्मक,क्रिकेट,0
"मुकाबले के इस चरण में निर्णायक अंक पर खिलाड़ी ने रैली जारी रखी, और अगला अंक खेला गया।",तटस्थ,बैडमिंटन,1
"निर्णायक समय पर मध्य क्षेत्र ने गेंद पकड़ी, और दोनों दल रणनीति पर काम करते रहे।",तटस्थ,फुटबॉल,1
"निर्णायक समय पर हमलावर ने लगातार दबाव बनाया, जिससे गोल का अवसर बना।",सकारात्मक,फुटबॉल,2
"मुकाबले के इस चरण में मध्य मैदान के खिलाड़ी ने आसान मौका गंवाया, जिससे वापसी कठिन हुई।",नकारात्मक,फुटबॉल,0
"दबाव के बीच मध्य खिलाड़ी ने लगातार अंक गंवाता रहा, जिससे दल का आत्मविश्वास घटा।",नकारात्मक,कबड्डी,0
"मुकाबले के इस चरण में हमलावर ने गेंद खो दी, जिससे वापसी कठिन हुई।",नकारात्मक,फुटबॉल,0
"निर्णायक समय पर रक्षापंक्ति ने शानदार गोल किया, और जीत की उम्मीद बढ़ी।",सकारात्मक,फुटबॉल,2
"रेस दल ने मोड़ पर नियंत्रण रखा, और दल का मनोबल ऊंचा हुआ।",सकारात्मक,फॉर्मूला वन,2
"मुकाबले के इस चरण में आक्रामक खिलाड़ी ने स्मैश बाहर मार बैठा, जिससे जीत कठिन हुई।",नकारात्मक,बैडमिंटन,0
"आज युगल जोड़ी ने कठिन शटल नहीं लौटा सका, और प्रतिद्वंद्वी दबाव में नहीं आया।",नकारात्मक,बैडमिंटन,0
"मुकाबले के इस चरण में अंतिम रेडर ने बिना अंक लौट आया, और रणनीति विफल रही।",नकारात्मक,कबड्डी,0
"मध्यक्रम ने सटीक गेंदबाजी की, और दर्शकों में उत्साह फैल गया 😀।",सकारात्मक,क्रिकेट,2
"सर्विस करने वाले खिलाड़ी ने लंबी रैली जीती, और दर्शकों ने तालियां बजाईं 👏।",सकारात्मक,बैडमिंटन,2
"रक्षक ने सही समय पर चुनौती नहीं दी, और विपक्षी को फायदा मिला।",नकारात्मक,फुटबॉल,0
"निर्णायक समय पर विकेटकीपर ने साझेदारी नहीं बना सका, और विपक्षी को बढ़त मिल गई।",नकारात्मक,क्रिकेट,0
"निर्णायक समय पर गोलकीपर ने शानदार गोल किया, जिससे वापसी सफल हुई।",सकारात्मक,फुटबॉल,2
"कार ने अपनी गति बनाए रखी, जिसके बाद अगला चरण शुरू हुआ।",तटस्थ,फॉर्मूला वन,1
"मुकाबले के इस चरण में मुख्य चालक ने तालमेल नहीं बना पाया, जिससे पोडियम की संभावना घटी।",नकारात्मक,फॉर्मूला वन,0
"आज स्पिनर ने दबाव में गलत शॉट चुना, जिससे दल का आत्मविश्वास घटा।",नकारात्मक,क्रिकेट,0
"दबाव के बीच विंगर ने मैदान में प्रवेश किया, और दोनों दल रणनीति पर काम करते रहे।",तटस्थ,फुटबॉल,1
"मुकाबले के इस चरण में रक्षात्मक खिलाड़ी ने बचाव में चूक गया, और दर्शकों में निराशा फैल गई 😞।",नकारात्मक,बैडमिंटन,0
"इंजीनियर ने लगातार अच्छा तालमेल रखा, और प्रशंसकों में उत्साह फैल गया 🏎️।",सकारात्मक,फॉर्मूला वन,2
"मुकाबले के इस चरण में टीम प्रबंधन ने अपनी गति बनाए रखी, जिसके बाद अगला चरण शुरू हुआ।",तटस्थ,फॉर्मूला वन,1
"दबाव के बीच रक्षापंक्ति ने गेंद खो दी, जिससे आत्मविश्वास घटा।",नकारात्मक,फुटबॉल,0
"निर्णायक समय पर तेज गेंदबाज ने दबाव में गलत शॉट चुना, जिससे वापसी कठिन हुई।",नकारात्मक,क्रिकेट,0
"मुकाबले के इस चरण में मुख्य चालक ने सही रणनीति चुनी, जिससे जीत की उम्मीद बढ़ी।",सकारात्मक,फॉर्मूला वन,2
"निर्णायक समय पर आक्रामक खिलाड़ी ने सर्विस पर नियंत्रण खो बैठा, और दर्शकों में निराशा फैल गई 😞।",नकारात्मक,बैडमिंटन,0
"दल ने टैकल में चूक गया, और रणनीति विफल रही।",नकारात्मक,कबड्डी,0
"निर्णायक समय पर इंजीनियर ने अंतिम चरण में गति नहीं बढ़ा सका, जिससे स्थान गिरा।",नकारात्मक,फॉर्मूला वन,0
"पिछली पंक्ति का खिलाड़ी ने सही समय पर आक्रमण किया, जिससे आत्मविश्वास बढ़ा।",सकारात्मक,बैडमिंटन,2
"आज गेंदबाज ने बीच के ओवरों में दबाव बनाए रखा, और विपक्षी दबाव में आ गया।",सकारात्मक,क्रिकेट,2
"आज रेस दल ने देर से निर्णय लिया, और प्रशंसकों में निराशा फैल गई 😞।",नकारात्मक,फॉर्मूला वन,0
"आज रक्षक ने अच्छा तालमेल दिखाया, जिससे दल का आत्मविश्वास बढ़ा।",सकारात्मक,कबड्डी,2
"आज चालक ने अंतिम चरण में गति बढ़ाई, और दल का मनोबल ऊंचा हुआ।",सकारात्मक,फॉर्मूला वन,2
"मुकाबले के इस चरण में पिछली पंक्ति का खिलाड़ी ने पीछे से प्रहार किया, जिसके बाद अगली रैली शुरू हुई।",तटस्थ,बैडमिंटन,1
"आज रक्षात्मक खिलाड़ी ने रैली जारी रखी, और अगला अंक खेला गया।",तटस्थ,बैडमिंटन,1
"खिलाड़ी ने खाली जगह पहचानी, जिससे बढ़त मजबूत हुई।",सकारात्मक,बैडमिंटन,2
"मुकाबले के इस चरण में निर्णायक अंक पर खिलाड़ी ने खाली जगह पहचानी, जिससे बढ़त मजबूत हुई।",सकारात्मक,बैडमिंटन,2
"निर्णायक समय पर विंगर ने विपक्षी हमले को रोका, जिसके बाद गेंद फिर मध्य क्षेत्र में गई।",तटस्थ,फुटबॉल,1
"निचला क्रम ने क्रीज पर आया, जिसके बाद अगला ओवर शुरू हुआ।",तटस्थ,क्रिकेट,1
"रक्षात्मक खिलाड़ी ने खाली जगह पहचानी, जिससे जीत की उम्मीद बढ़ी।",सकारात्मक,बैडमिंटन,2
"आज हमलावर ने शानदार गोल किया, और मुकाबला अपने पक्ष में झुक गया।",सकारात्मक,फुटबॉल,2
"दबाव के बीच रक्षा पंक्ति ने शानदार टैकल किया, जिससे दल का आत्मविश्वास बढ़ा।",सकारात्मक,कबड्डी,2
"निर्णायक समय पर स्थानापन्न खिलाड़ी ने देर से बदलाव किया, और दर्शकों में निराशा फैल गई 😞।",नकारात्मक,फुटबॉल,0
"निर्णायक समय पर कार ने बदलाव में समय गंवाया, और प्रशंसकों में निराशा फैल गई 😞।",नकारात्मक,फॉर्मूला वन,0
"इंजीनियर ने लगातार अच्छा तालमेल रखा, जिससे पोडियम की संभावना बढ़ी।",सकारात्मक,फॉर्मूला वन,2
"पिछली पंक्ति का खिलाड़ी ने सर्विस की, जिसके बाद अगली रैली शुरू हुई।",तटस्थ,बैडमिंटन,1
"दबाव के बीच दौड़ दल ने आंकड़ों की समीक्षा की, और चालक ने अपनी स्थिति बनाए रखी।",तटस्थ,फॉर्मूला वन,1
"निर्णायक समय पर सलामी जोड़ी ने अंतिम ओवरों में गति बढ़ाई, जिससे दल का आत्मविश्वास बढ़ा।",सकारात्मक,क्रिकेट,2
"मुकाबले के इस चरण में रक्षा पंक्ति ने लगातार अंक जुटाए, और जीत की उम्मीद बढ़ी।",सकारात्मक,कबड्डी,2
"मुकाबले के इस चरण में आक्रामक दल ने विपक्षी हमले को रोका, जिसके बाद खेल आगे बढ़ा।",तटस्थ,फुटबॉल,1
"निर्णायक समय पर टायर दल ने मोड़ पर नियंत्रण रखा, जिससे स्थान सुधरा।",सकारात्मक,फॉर्मूला वन,2
"निर्णायक समय पर मुख्य चालक ने दबाव में गलती की, जिससे समय का नुकसान हुआ।",नकारात्मक,फॉर्मूला वन,0
"दबाव के बीच अंतिम रेडर ने मिलकर रेडर को रोका, जिससे जरूरी अंक मिला।",सकारात्मक,कबड्डी,2
"मुकाबले के इस चरण में सर्विस करने वाले खिलाड़ी ने तेज प्रतिक्रिया दिखाई, और मुकाबला अपने पक्ष में झुका।",सकारात्मक,बैडमिंटन,2
"अंतिम रेडर ने अच्छा तालमेल दिखाया, और मुकाबला अपने पक्ष में झुका।",सकारात्मक,कबड्डी,2
"दबाव के बीच मुख्य चालक ने टायरों का गलत उपयोग किया, जिससे पोडियम की संभावना घटी।",नकारात्मक,फॉर्मूला वन,0
"रक्षक ने विपक्षी हमले को रोका, और अगला आक्रमण शुरू हुआ।",तटस्थ,फुटबॉल,1
"निर्णायक समय पर मुख्य रेडर ने समय पर बदलाव किया, और जीत की उम्मीद बढ़ी।",सकारात्मक,कबड्डी,2
"निर्णायक समय पर रक्षक ने तेज तालमेल दिखाया, और दर्शक खुशी से झूम उठे 😀।",सकारात्मक,फुटबॉल,2
"निर्णायक समय पर बल्लेबाज ने एक ओवर पूरा किया, जिसके बाद दोनों दल अपनी योजना पर लौटे।",तटस्थ,क्रिकेट,1
"मुकाबले के इस चरण में चालक ने तालमेल नहीं बना पाया, और प्रशंसकों में निराशा फैल गई 😞।",नकारात्मक,फॉर्मूला वन,0
"निर्णायक समय पर कप्तान ने गोल की ओर गेंद भेजी, जिसके बाद खिलाड़ी अपनी जगह लौटे।",तटस्थ,फुटबॉल,1
"दबाव के बीच पिछली पंक्ति का खिलाड़ी ने नेट के पास दबाव बनाया, जिससे जीत की उम्मीद बढ़ी।",सकारात्मक,बैडमिंटन,2
"आज टीम प्रबंधन ने शानदार ओवरटेक किया, जिससे समय का लाभ मिला।",सकारात्मक,फॉर्मूला वन,2
"मुकाबले के इस चरण में दल ने रक्षा की स्थिति बनाई, जिसके बाद अगला अंक खेला गया।",तटस्थ,कबड्डी,1
"निर्णायक समय पर तेज गेंदबाज ने क्रीज पर आया, और पारी अपने क्रम में आगे बढ़ी।",तटस्थ,क्रिकेट,1
"दबाव के बीच कप्तान ने मैदान में प्रवेश किया, और मुकाबला सामान्य गति से चलता रहा।",तटस्थ,फुटबॉल,1
"आज रक्षात्मक खिलाड़ी ने तेज प्रतिक्रिया दिखाई, जिससे निर्णायक अंक मिला।",सकारात्मक,बैडमिंटन,2
"आज तेज गेंदबाज ने बीच के ओवरों में दबाव बनाए रखा, और मुकाबला अपने पक्ष में झुक गया।",सकारात्मक,क्रिकेट,2
"आज सर्विस करने वाला खिलाड़ी ने खाली जगह नहीं पहचान पाया, और दर्शकों में निराशा फैल गई 😞।",नकारात्मक,बैडमिंटन,0
"आज हमलावर ने शानदार गोल किया, और जीत की उम्मीद बढ़ी।",सकारात्मक,फुटबॉल,2
"आज नेट खिलाड़ी ने लंबी रैली गंवा बैठा, और वापसी का मौका कम हुआ।",नकारात्मक,बैडमिंटन,0
"रेडर ने लगातार अंक जुटाए, जिससे दल का आत्मविश्वास बढ़ा।",सकारात्मक,कबड्डी,2
"दबाव के बीच नेट खिलाड़ी ने सही समय पर आक्रमण किया, जिससे बढ़त मजबूत हुई।",सकारात्मक,बैडमिंटन,2
"क्षेत्ररक्षक ने क्षेत्ररक्षण में बदलाव किया, जिसके बाद अगला ओवर शुरू हुआ।",तटस्थ,क्रिकेट,1
"दबाव के बीच युगल जोड़ी ने लंबी रैली गंवा बैठा, जिससे निर्णायक अंक हाथ से गया।",नकारात्मक,बैडमिंटन,0
"निर्णायक समय पर रणनीति दल ने बदलाव में समय गंवाया, जिससे स्थान गिरा।",नकारात्मक,फॉर्मूला वन,0
"निर्णायक समय पर रणनीति दल ने एक चक्कर पूरा किया, और मुकाबला सामान्य गति से चला।",तटस्थ,फॉर्मूला वन,1
"पिट दल ने मोड़ पर नियंत्रण खोया, जिससे स्थान गिरा।",नकारात्मक,फॉर्मूला वन,0
"निर्णायक समय पर रक्षात्मक खिलाड़ी ने स्मैश बाहर मार बैठा, और प्रतिद्वंद्वी दबाव में नहीं आया।",नकारात्मक,बैडमिंटन,0
"दबाव के बीच गेंदबाज ने कठिन गेंदों पर नियंत्रण रखा, और दर्शकों में उत्साह फैल गया 😀।",सकारात्मक,क्रिकेट,2
"मुकाबले के इस चरण में मध्य क्षेत्र ने अपनी जगह छोड़ दी, जिससे बढ़त कमजोर हुई।",नकारात्मक,फुटबॉल,0
"मुकाबले के इस चरण में कप्तान ने शानदार टैकल किया, और विपक्षी दबाव में आया।",सकारात्मक,कबड्डी,2
"निर्णायक समय पर मध्य मैदान के खिलाड़ी ने पास आगे बढ़ाया, जिसके बाद खिलाड़ी अपनी जगह लौटे।",तटस्थ,फुटबॉल,1
"दबाव के बीच स्थानापन्न खिलाड़ी ने आसान मौका गंवाया, जिससे गोल का अवसर चला गया।",नकारात्मक,फुटबॉल,0
"निर्णायक समय पर मध्य क्षेत्र ने गेंद पकड़ी, और अगला आक्रमण शुरू हुआ।",तटस्थ,फुटबॉल,1
"निर्णायक समय पर इंजीनियर ने तेज सेवा दी, और प्रतिद्वंद्वी दबाव में आया।",सकारात्मक,फॉर्मूला वन,2
"सलामी जोड़ी ने अंतिम ओवरों में गति बढ़ाई, जिससे जीत की उम्मीद मजबूत हुई।",सकारात्मक,क्रिकेट,2
"आज बल्लेबाज ने अंतिम ओवरों में गति बढ़ाई, जिससे रन गति सुधरी।",सकारात्मक,क्रिकेट,2
"मुकाबले के इस चरण में सहायक रक्षक ने अगला अंक खेला, और खेल आगे बढ़ा।",तटस्थ,कबड्डी,1
"मुकाबले के इस चरण में गोलकीपर ने गलत पास दिया, और मुकाबला हाथ से निकलने लगा।",नकारात्मक,फुटबॉल,0
"दबाव के बीच बल्लेबाज ने मजबूत साझेदारी बनाई, और दर्शकों में उत्साह फैल गया 😀।",सकारात्मक,क्रिकेट,2
"निर्णायक समय पर दल ने मजबूत घेरा बनाया, जिससे दल का आत्मविश्वास बढ़ा।",सकारात्मक,कबड्डी,2
"निर्णायक समय पर अंतिम रेडर ने अगला अंक खेला, जिसके बाद अगली रेड शुरू हुई।",तटस्थ,कबड्डी,1
"आज युगल जोड़ी ने बचाव में चूक गया, और प्रतिद्वंद्वी दबाव में नहीं आया।",नकारात्मक,बैडमिंटन,0
"निर्णायक समय पर नेट खिलाड़ी ने खाली जगह की ओर शटल भेजी, और मुकाबला सामान्य गति से चला।",तटस्थ,बैडमिंटन,1
"रणनीति दल ने सही रणनीति चुनी, जिससे पोडियम की संभावना बढ़ी।",सकारात्मक,फॉर्मूला वन,2
"सलामी जोड़ी ने कुछ रन जोड़े, और अगली गेंद खेली गई।",तटस्थ,क्रिकेट,1
"निर्णायक समय पर टीम प्रबंधन ने तेज बदलाव किया, और प्रशंसकों में उत्साह फैल गया 🏎️।",सकारात्मक,फॉर्मूला वन,2
"मुकाबले के इस चरण में मुख्य रेडर ने रेडर को घेरने की कोशिश की, जिसके बाद खिलाड़ी अपनी जगह लौटे।",तटस्थ,कबड्डी,1
"कार ने तेज बदलाव किया, जिससे जीत की उम्मीद बढ़ी।",सकारात्मक,फॉर्मूला वन,2
"निर्णायक समय पर स्पिनर ने अगली गेंद का सामना किया, और अगली गेंद खेली गई।",तटस्थ,क्रिकेट,1
"मुकाबले के इस चरण में आक्रामक दल ने लगातार दबाव बनाया, और विपक्षी दबाव में आया।",सकारात्मक,फुटबॉल,2
"दबाव के बीच सलामी जोड़ी ने संयम से पारी संभाली, जिससे जीत की उम्मीद मजबूत हुई।",सकारात्मक,क्रिकेट,2
"निर्णायक समय पर रक्षापंक्ति ने समय पर बदलाव किया, जिससे दल का आत्मविश्वास बढ़ा।",सकारात्मक,फुटबॉल,2
"आज नेट खिलाड़ी ने गलत समय पर आक्रमण किया, और दर्शकों में निराशा फैल गई 😞।",नकारात्मक,बैडमिंटन,0
"आज क्षेत्ररक्षक ने दबाव में गलत शॉट चुना, जिससे दल का आत्मविश्वास घटा।",नकारात्मक,क्रिकेट,0
"पिट दल ने लगातार अच्छा तालमेल रखा, जिससे जीत की उम्मीद बढ़ी।",सकारात्मक,फॉर्मूला वन,2
"दबाव के बीच कार ने दबाव में गलती की, और दौड़ का रुख बिगड़ा।",नकारात्मक,फॉर्मूला वन,0
"आज रक्षात्मक खिलाड़ी ने रणनीति में सुधार नहीं कर सका, और वापसी का मौका कम हुआ।",नकारात्मक,बैडमिंटन,0
"आज रक्षात्मक खिलाड़ी ने स्मैश बाहर मार बैठा, और मुकाबला विपक्षी की ओर झुका।",नकारात्मक,बैडमिंटन,0
"निर्णायक समय पर कार ने अगले बदलाव की तैयारी की, और दौड़ आगे बढ़ी।",तटस्थ,फॉर्मूला वन,1
"दबाव के बीच रक्षक ने मैदान पर आते ही असर डाला, और जीत की उम्मीद बढ़ी।",सकारात्मक,फुटबॉल,2
"मुकाबले के इस चरण में पिट दल ने तेज बदलाव किया, और दौड़ का रुख बदला।",सकारात्मक,फॉर्मूला वन,2
"निर्णायक समय पर एकल खिलाड़ी ने स्मैश बाहर मार बैठा, और मुकाबला विपक्षी की ओर झुका।",नकारात्मक,बैडमिंटन,0
"दबाव के बीच निचला क्रम ने मजबूत साझेदारी बनाई, जिससे वापसी सफल हुई।",सकारात्मक,क्रिकेट,2
"निर्णायक समय पर स्थानापन्न खिलाड़ी ने गलत पास दिया, जिससे गोल का अवसर चला गया।",नकारात्मक,फुटबॉल,0
"आज रेडर ने देर से बदलाव किया, जिससे जरूरी अंक गंवा।",नकारात्मक,कबड्डी,0
"गोलकीपर ने खिलाड़ियों के बीच गेंद घुमाई, और अगला आक्रमण शुरू हुआ।",तटस्थ,फुटबॉल,1
"टीम प्रबंधन ने टायर बदले, और दौड़ आगे बढ़ी।",तटस्थ,फॉर्मूला वन,1
"दबाव के बीच युगल जोड़ी ने तेज प्रतिक्रिया दिखाई, और मुकाबला अपने पक्ष में झुका।",सकारात्मक,बैडमिंटन,2
"निर्णायक समय पर पिट दल ने आंकड़ों की समीक्षा की, जिसके बाद अगला चरण शुरू हुआ।",तटस्थ,फॉर्मूला वन,1
"स्पिनर ने एक ओवर पूरा किया, जिसके बाद दोनों दल अपनी योजना पर लौटे।",तटस्थ,क्रिकेट,1
"दबाव के बीच निचला क्रम ने बीच के ओवरों में दबाव बनाए रखा, और मुकाबला अपने पक्ष में झुक गया।",सकारात्मक,क्रिकेट,2
"आज टायर दल ने तालमेल नहीं बना पाया, जिससे पोडियम की संभावना घटी।",नकारात्मक,फॉर्मूला वन,0
"निर्णायक समय पर स्थानापन्न खिलाड़ी ने तालमेल बनाया, और खेल आगे बढ़ा।",तटस्थ,कबड्डी,1
"दबाव के बीच मध्यक्रम ने बीच के ओवरों में दबाव बनाए रखा, और मुकाबला अपने पक्ष में झुक गया।",सकारात्मक,क्रिकेट,2
"आज बल्लेबाज ने महत्वपूर्ण गेंद रोक नहीं पाया, और दर्शकों में निराशा फैल गई 😞।",नकारात्मक,क्रिकेट,0
"खिलाड़ी ने लंबी रैली गंवा बैठा, जिससे आत्मविश्वास घटा।",नकारात्मक,बैडमिंटन,0
"निर्णायक समय पर पिछली पंक्ति का खिलाड़ी ने सर्विस की, और अगला अंक खेला गया।",तटस्थ,बैडमिंटन,1
"निर्णायक समय पर निचला क्रम ने पारी शुरू की, और अगली गेंद खेली गई।",तटस्थ,क्रिकेट,1
"मुकाबले के इस चरण में बल्लेबाज ने एक ओवर पूरा किया, जिसके बाद दोनों दल अपनी योजना पर लौटे।",तटस्थ,क्रिकेट,1
"पिछली पंक्ति का खिलाड़ी ने शटल आगे भेजी, और मुकाबला सामान्य गति से चला।",तटस्थ,बैडमिंटन,1
"मुकाबले के इस चरण में निचला क्रम ने मजबूत साझेदारी बनाई, और दर्शकों में उत्साह फैल गया 😀।",सकारात्मक,क्रिकेट,2
"आज रक्षात्मक खिलाड़ी ने सर्विस पर नियंत्रण रखा, जिससे बढ़त मजबूत हुई।",सकारात्मक,बैडमिंटन,2
"दबाव के बीच स्थानापन्न खिलाड़ी ने गेंद पकड़ी, और मुकाबला सामान्य गति से चलता रहा।",तटस्थ,फुटबॉल,1
"मुकाबले के इस चरण में रक्षा पंक्ति ने रक्षा की स्थिति बनाई, जिसके बाद खिलाड़ी अपनी जगह लौटे।",तटस्थ,कबड्डी,1
"रक्षापंक्ति ने देर से बदलाव किया, जिससे वापसी कठिन हुई।",नकारात्मक,फुटबॉल,0
"दबाव के बीच कार ने मोड़ पार किया, और दौड़ आगे बढ़ी।",तटस्थ,फॉर्मूला वन,1
"मुकाबले के इस चरण में रक्षापंक्ति ने विपक्षी हमले को रोका, और अगला आक्रमण शुरू हुआ।",तटस्थ,फुटबॉल,1
"निर्णायक समय पर कप्तान ने सही समय पर आक्रमण किया, जिससे आत्मविश्वास बढ़ा।",सकारात्मक,बैडमिंटन,2
"क्षेत्ररक्षक ने क्रीज पर आया, और अगली गेंद खेली गई।",तटस्थ,क्रिकेट,1
"आज पिट दल ने अपनी गति बनाए रखी, जिसके बाद अगला चरण शुरू हुआ।",तटस्थ,फॉर्मूला वन,1
"मुकाबले के इस चरण में रक्षक ने दबाव नहीं बना सका, जिससे आत्मविश्वास घटा।",नकारात्मक,फुटबॉल,0
"मुकाबले के इस चरण में रक्षापंक्ति ने गेंद पकड़ी, और अगला आक्रमण शुरू हुआ।",तटस्थ,फुटबॉल,1
"दबाव के बीच मुख्य रेडर ने बोनस का मौका गंवाया, जिससे दल का आत्मविश्वास घटा।",नकारात्मक,कबड्डी,0
"आज क्षेत्ररक्षक ने सटीक गेंदबाजी की, और रणनीति कामयाब रही।",सकारात्मक,क्रिकेट,2
"आज टायर दल ने तालमेल नहीं बना पाया, जिससे समय का नुकसान हुआ।",नकारात्मक,फॉर्मूला वन,0
"मुकाबले के इस चरण में मुख्य चालक ने रणनीति पर चर्चा की, और चालक ने अपनी स्थिति बनाए रखी।",तटस्थ,फॉर्मूला वन,1
"निर्णायक समय पर विंगर ने तेज तालमेल दिखाया, जिससे गोल का अवसर बना।",सकारात्मक,फुटबॉल,2
"मुकाबले के इस चरण में रणनीति दल ने अंतिम चरण में गति नहीं बढ़ा सका, और दल का मनोबल गिरा।",नकारात्मक,फॉर्मूला वन,0
"दबाव के बीच युगल जोड़ी ने कठिन शटल लौटा दी, और दर्शकों ने तालियां बजाईं 👏।",सकारात्मक,बैडमिंटन,2
"इंजीनियर ने दौड़ की योजना पर काम किया, जिसके बाद कार फिर ट्रैक पर आई।",तटस्थ,फॉर्मूला वन,1
"मुकाबले के इस चरण में एकल खिलाड़ी ने स्मैश बाहर मार बैठा, जिससे बढ़त कमजोर हुई।",नकारात्मक,बैडमिंटन,0
"दबाव के बीच स्पिनर ने ढीली गेंदें डालता रहा, जिससे दल का आत्मविश्वास घटा।",नकारात्मक,क्रिकेट,0
"मुकाबले के इस चरण में सलामी जोड़ी ने समय पर रणनीति बदली, और रणनीति कामयाब रही।",सकारात्मक,क्रिकेट,2
"बल्लेबाज ने साझेदारी नहीं बना सका, और मुकाबला हाथ से निकलने लगा।",नकारात्मक,क्रिकेट,0
"दौड़ दल ने अगले बदलाव की तैयारी की, और मुकाबला सामान्य गति से चला।",तटस्थ,फॉर्मूला वन,1
"निर्णायक समय पर सर्विस करने वाला खिलाड़ी ने नेट पर शटल रोकी, जिसके बाद अगली रैली शुरू हुई।",तटस्थ,बैडमिंटन,1
"मध्य क्षेत्र ने एक बदलाव किया, और अगला आक्रमण शुरू हुआ।",तटस्थ,फुटबॉल,1
"निर्णायक समय पर निर्णायक अंक पर खिलाड़ी ने खाली जगह की ओर शटल भेजी, जिसके बाद दोनों खिलाड़ी अपनी जगह लौटे।",तटस्थ,बैडमिंटन,1
"कार ने सही समय पर निर्णय लिया, जिससे पोडियम की संभावना बढ़ी।",सकारात्मक,फॉर्मूला वन,2
"आज कार ने दबाव में गलती की, जिससे पोडियम की संभावना घटी।",नकारात्मक,फॉर्मूला वन,0
"मुकाबले के इस चरण में रेडर ने मजबूत घेरा बनाया, जिससे बढ़त मजबूत हुई।",सकारात्मक,कबड्डी,2
"दबाव के बीच कार ने बदलाव में समय गंवाया, और प्रशंसकों में निराशा फैल गई 😞।",नकारात्मक,फॉर्मूला वन,0
"मुकाबले के इस चरण में इंजीनियर ने मोड़ पार किया, जिसके बाद अगला चक्कर शुरू हुआ।",तटस्थ,फॉर्मूला वन,1
"दबाव के बीच चालक ने तालमेल नहीं बना पाया, जिससे जीत की उम्मीद कमजोर हुई।",नकारात्मक,फॉर्मूला वन,0
"मुकाबले के इस चरण में विकेटकीपर ने अंतिम ओवरों में गति बढ़ाई, और विपक्षी दबाव में आ गया।",सकारात्मक,क्रिकेट,2
"हमलावर ने सही समय पर चुनौती दी, और मुकाबला अपने पक्ष में झुक गया।",सकारात्मक,फुटबॉल,2
"दबाव के बीच मुख्य चालक ने एक चक्कर पूरा किया, और मुकाबला सामान्य गति से चला।",तटस्थ,फॉर्मूला वन,1
"दबाव के बीच कप्तान ने अगली रेड की तैयारी की, जिसके बाद अगला अंक खेला गया।",तटस्थ,कबड्डी,1
"मुकाबले के इस चरण में तेज गेंदबाज ने बीच के ओवरों में महंगा साबित हुआ, और दर्शकों में निराशा फैल गई 😞।",नकारात्मक,क्रिकेट,0
"दबाव के बीच टायर दल ने टायर बदले, और मुकाबला सामान्य गति से चला।",तटस्थ,फॉर्मूला वन,1
"आज गेंदबाज ने अपनी जगह बदली, और अगली गेंद खेली गई।",तटस्थ,क्रिकेट,1
"आज मध्य खिलाड़ी ने अच्छा तालमेल दिखाया, जिससे वापसी सफल हुई।",सकारात्मक,कबड्डी,2
"दबाव के बीच गोलकीपर ने दबाव नहीं बना सका, और मुकाबला हाथ से निकलने लगा।",नकारात्मक,फुटबॉल,0
"मुकाबले के इस चरण में खिलाड़ी ने अगले अंक की तैयारी की, और मुकाबला सामान्य गति से चला।",तटस्थ,बैडमिंटन,1
"निर्णायक समय पर मध्य खिलाड़ी ने अपनी जगह संभाली, जिसके बाद अगली रेड शुरू हुई।",तटस्थ,कबड्डी,1
"मुकाबले के इस चरण में मध्य खिलाड़ी ने अच्छा तालमेल दिखाया, जिससे बढ़त मजबूत हुई।",सकारात्मक,कबड्डी,2
"स्थानापन्न खिलाड़ी ने सही समय पर बोनस लिया, जिससे दल का आत्मविश्वास बढ़ा।",सकारात्मक,कबड्डी,2
"आज सर्विस करने वाले खिलाड़ी ने खाली जगह पहचानी, जिससे जीत की उम्मीद बढ़ी।",सकारात्मक,बैडमिंटन,2
"दबाव के बीच अंतिम रेडर ने रेडर को रोक नहीं पाया, और मुकाबला हाथ से निकलने लगा।",नकारात्मक,कबड्डी,0
"मुकाबले के इस चरण में कप्तान ने क्षेत्ररक्षण में बदलाव किया, जिसके बाद खेल आगे बढ़ा।",तटस्थ,क्रिकेट,1
"आज गोलकीपर ने गेंद खो दी, और दर्शकों में निराशा फैल गई 😞।",नकारात्मक,फुटबॉल,0
"गेंदबाज ने जल्दी विकेट गंवा बैठा, जिससे रन गति गिर गई।",नकारात्मक,क्रिकेट,0
"निर्णायक समय पर रक्षात्मक खिलाड़ी ने सटीक स्मैश लगाया, जिससे जीत की उम्मीद बढ़ी।",सकारात्मक,बैडमिंटन,2
"निर्णायक समय पर क्षेत्ररक्षक ने ढीली गेंदें डालता रहा, और विपक्षी को बढ़त मिल गई।",नकारात्मक,क्रिकेट,0
"मुकाबले के इस चरण में कप्तान ने निर्देश दिया, जिसके बाद अगली रेड शुरू हुई।",तटस्थ,कबड्डी,1
"दबाव के बीच टीम प्रबंधन ने दबाव में धैर्य रखा, जिससे जीत की उम्मीद बढ़ी।",सकारात्मक,फॉर्मूला वन,2
"निर्णायक समय पर दौड़ दल ने दबाव में धैर्य रखा, और प्रतिद्वंद्वी दबाव में आया।",सकारात्मक,फॉर्मूला वन,2
"विंगर ने बचाव में चूक गया, और योजना विफल रही।",नकारात्मक,फुटबॉल,0
"निर्णायक समय पर रक्षक ने घेरा टूटने दिया, जिससे जरूरी अंक गंवा।",नकारात्मक,कबड्डी,0
"निर्णायक समय पर बल्लेबाज ने एक ओवर पूरा किया, और पारी अपने क्रम में आगे बढ़ी।",तटस्थ,क्रिकेट,1
"आज आक्रामक खिलाड़ी ने बचाव की स्थिति ली, जिसके बाद अगली रैली शुरू हुई।",तटस्थ,बैडमिंटन,1
"आज युगल जोड़ी ने नेट पर शटल रोकी, जिसके बाद दोनों खिलाड़ी अपनी जगह लौटे।",तटस्थ,बैडमिंटन,1
"निर्णायक समय पर दौड़ दल ने सही रणनीति चुनी, और दौड़ का रुख बदला।",सकारात्मक,फॉर्मूला वन,2
"निर्णायक समय पर सर्विस करने वाला खिलाड़ी ने लंबी रैली गंवा बैठा, जिससे आत्मविश्वास घटा।",नकारात्मक,बैडमिंटन,0
"दबाव के बीच विकेटकीपर ने तेज प्रतिक्रिया से मौका बनाया, और मुकाबला अपने पक्ष में झुक गया।",सकारात्मक,क्रिकेट,2
"दबाव के बीच स्थानापन्न खिलाड़ी ने देर से बदलाव किया, जिससे वापसी कठिन हुई।",नकारात्मक,कबड्डी,0
"आज रक्षक ने अच्छा तालमेल दिखाया, और मुकाबला अपने पक्ष में झुका।",सकारात्मक,कबड्डी,2
"टायर दल ने एक चक्कर पूरा किया, और मुकाबला सामान्य गति से चला।",तटस्थ,फॉर्मूला वन,1
"कार ने दौड़ की योजना पर काम किया, जिसके बाद अगला चक्कर शुरू हुआ।",तटस्थ,फॉर्मूला वन,1
"निर्णायक समय पर कार ने दबाव में धैर्य रखा, जिससे स्थान सुधरा।",सकारात्मक,फॉर्मूला वन,2
"आज रक्षक ने समय पर बदलाव किया, और विपक्षी दबाव में आया।",सकारात्मक,फुटबॉल,2
"मुकाबले के इस चरण में युगल जोड़ी ने खाली जगह नहीं पहचान पाया, और प्रतिद्वंद्वी दबाव में नहीं आया।",नकारात्मक,बैडमिंटन,0
"मुकाबले के इस चरण में रेडर ने मिलकर रेडर को रोका, जिससे दल का आत्मविश्वास बढ़ा।",सकारात्मक,कबड्डी,2
"मुकाबले के इस चरण में नेट खिलाड़ी ने स्मैश बाहर मार बैठा, जिससे बढ़त कमजोर हुई।",नकारात्मक,बैडमिंटन,0
"निर्णायक समय पर मध्य क्षेत्र ने पास आगे बढ़ाया, जिसके बाद खिलाड़ी अपनी जगह लौटे।",तटस्थ,फुटबॉल,1
"आज युगल जोड़ी ने नेट के पास अंक गंवा दिया, जिससे बढ़त कमजोर हुई।",नकारात्मक,बैडमिंटन,0
"दबाव के बीच कार ने अगले बदलाव की तैयारी की, और मुकाबला सामान्य गति से चला।",तटस्थ,फॉर्मूला वन,1
"आज निर्णायक अंक पर खिलाड़ी ने अगला शॉट खेला, जिसके बाद सर्विस बदली गई।",तटस्थ,बैडमिंटन,1
"निर्णायक समय पर कप्तान ने समय पर बदलाव किया, जिससे गोल का अवसर बना।",सकारात्मक,फुटबॉल,2
"निर्णायक समय पर रेडर ने अच्छा तालमेल दिखाया, जिससे जरूरी अंक मिला।",सकारात्मक,कबड्डी,2
"रक्षा पंक्ति ने शानदार टैकल किया, और विपक्षी दबाव में आया।",सकारात्मक,कबड्डी,2
"टीम प्रबंधन ने शानदार ओवरटेक किया, जिससे जीत की उम्मीद बढ़ी।",सकारात्मक,फॉर्मूला वन,2
"रक्षक ने गोल की ओर गेंद भेजी, और मुकाबला सामान्य गति से चलता रहा।",तटस्थ,फुटबॉल,1
"निर्णायक समय पर कप्तान ने रेडर को घेरने की कोशिश की, जिसके बाद अगला अंक खेला गया।",तटस्थ,कबड्डी,1
"दबाव के बीच बल्लेबाज ने कुछ रन जोड़े, जिसके बाद दोनों दल अपनी योजना पर लौटे।",तटस्थ,क्रिकेट,1
"मुकाबले के इस चरण में स्थानापन्न खिलाड़ी ने अगली रेड की तैयारी की, और खेल आगे बढ़ा।",तटस्थ,कबड्डी,1
"निर्णायक समय पर कप्तान ने स्मैश बाहर मार बैठा, और प्रतिद्वंद्वी दबाव में नहीं आया।",नकारात्मक,बैडमिंटन,0
"निर्णायक समय पर रक्षक ने तालमेल खो बैठा, और विपक्षी दबाव में नहीं आया।",नकारात्मक,कबड्डी,0
"आज क्षेत्ररक्षक ने आसान मौका गंवा बैठा, जिससे दल का आत्मविश्वास घटा।",नकारात्मक,क्रिकेट,0
"नेट खिलाड़ी ने सर्विस पर नियंत्रण खो बैठा, जिससे निर्णायक अंक हाथ से गया।",नकारात्मक,बैडमिंटन,0
"आज कप्तान ने मजबूत घेरा बनाया, जिससे वापसी सफल हुई।",सकारात्मक,कबड्डी,2
"पिछली पंक्ति का खिलाड़ी ने अगले अंक की तैयारी की, जिसके बाद दोनों खिलाड़ी अपनी जगह लौटे।",तटस्थ,बैडमिंटन,1
"पिछली पंक्ति का खिलाड़ी ने देर से प्रतिक्रिया दी, और दर्शकों में निराशा फैल गई 😞।",नकारात्मक,बैडमिंटन,0
"निर्णायक समय पर कप्तान ने लंबी रैली गंवा बैठा, और वापसी का मौका कम हुआ।",नकारात्मक,बैडमिंटन,0
"कप्तान ने मिलकर रेडर को रोका, जिससे वापसी सफल हुई।",सकारात्मक,कबड्डी,2
"निर्णायक समय पर हमलावर ने तालमेल खो दिया, और मुकाबला हाथ से निकलने लगा।",नकारात्मक,फुटबॉल,0
"निर्णायक समय पर विकेटकीपर ने गेंद संभाली, जिसके बाद दोनों दल अपनी योजना पर लौटे।",तटस्थ,क्रिकेट,1
"आज गोलकीपर ने विपक्षी हमले को रोका, और अगला आक्रमण शुरू हुआ।",तटस्थ,फुटबॉल,1
"दबाव के बीच कप्तान ने सटीक पास दिया, जिससे बढ़त मजबूत हुई।",सकारात्मक,फुटबॉल,2
"रणनीति दल ने दौड़ की योजना पर काम किया, और मुकाबला सामान्य गति से चला।",तटस्थ,फॉर्मूला वन,1
"निर्णायक समय पर रेस दल ने अपनी गति बनाए रखी, जिसके बाद अगला चरण शुरू हुआ।",तटस्थ,फॉर्मूला वन,1
"निर्णायक समय पर आक्रामक खिलाड़ी ने अगले अंक की तैयारी की, जिसके बाद सर्विस बदली गई।",तटस्थ,बैडमिंटन,1
"कप्तान ने देर से बदलाव किया, जिससे गोल का अवसर चला गया।",नकारात्मक,फुटबॉल,0
"आज कप्तान ने बचाव में चूक गया, जिससे बढ़त कमजोर हुई।",नकारात्मक,फुटबॉल,0
"मुकाबले के इस चरण में पिट दल ने ट्रैक की स्थिति देखी, जिसके बाद अगला चक्कर शुरू हुआ।",तटस्थ,फॉर्मूला वन,1
"आज मध्यक्रम ने पारी शुरू की, और अगली गेंद खेली गई।",तटस्थ,क्रिकेट,1
"आज युगल जोड़ी ने बचाव की स्थिति ली, और मुकाबला सामान्य गति से चला।",तटस्थ,बैडमिंटन,1
"आज विंगर ने गेंद पर नियंत्रण रखा, जिससे बढ़त मजबूत हुई।",सकारात्मक,फुटबॉल,2
"मुकाबले के इस चरण में दौड़ दल ने ओवरटेक का मौका गंवाया, जिससे जीत की उम्मीद कमजोर हुई।",नकारात्मक,फॉर्मूला वन,0
"रक्षा पंक्ति ने मजबूत घेरा बनाया, और विपक्षी दबाव में आया।",सकारात्मक,कबड्डी,2
"टीम प्रबंधन ने दौड़ की योजना देखी, और चालक ने अपनी स्थिति बनाए रखी।",तटस्थ,फॉर्मूला वन,1
"निर्णायक समय पर कप्तान ने रैली जारी रखी, जिसके बाद दोनों खिलाड़ी अपनी जगह लौटे।",तटस्थ,बैडमिंटन,1
"आज टीम प्रबंधन ने दबाव में धैर्य रखा, जिससे समय का लाभ मिला।",सकारात्मक,फॉर्मूला वन,2
"अंतिम रेडर ने लगातार अंक गंवाता रहा, जिससे जरूरी अंक गंवा।",नकारात्मक,कबड्डी,0
"रेस दल ने रणनीति पर चर्चा की, जिसके बाद अगला चरण शुरू हुआ।",तटस्थ,फॉर्मूला वन,1
"आज कार ने मोड़ पर नियंत्रण रखा, जिससे जीत की उम्मीद बढ़ी।",सकारात्मक,फॉर्मूला वन,2
"तेज गेंदबाज ने अंतिम ओवरों में नियंत्रण खो बैठा, जिससे जीत की संभावना कमजोर हुई।",नकारात्मक,क्रिकेट,0
"दबाव के बीच युगल जोड़ी ने सटीक स्मैश लगाया, जिससे आत्मविश्वास बढ़ा।",सकारात्मक,बैडमिंटन,2
"निर्णायक समय पर रणनीति दल ने शानदार ओवरटेक किया, जिससे स्थान सुधरा।",सकारात्मक,फॉर्मूला वन,2
"मुकाबले के इस चरण में कार ने रणनीति पर चर्चा की, जिसके बाद कार फिर ट्रैक पर आई।",तटस्थ,फॉर्मूला वन,1
"दबाव के बीच विंगर ने आक्रमण को रोक दिया, और जीत की उम्मीद बढ़ी।",सकारात्मक,फुटबॉल,2
"दबाव के बीच गोलकीपर ने गलत पास दिया, और मुकाबला हाथ से निकलने लगा।",नकारात्मक,फुटबॉल,0
"निर्णायक समय पर अंतिम रेडर ने बोनस का मौका गंवाया, जिससे वापसी कठिन हुई।",नकारात्मक,कबड्डी,0
"निर्णायक समय पर स्थानापन्न खिलाड़ी ने गेंद पकड़ी, और दोनों दल रणनीति पर काम करते रहे।",तटस्थ,फुटबॉल,1
"कप्तान ने अगली गेंद का सामना किया, जिसके बाद दोनों दल अपनी योजना पर लौटे।",तटस्थ,क्रिकेट,1
"आज स्थानापन्न खिलाड़ी ने रक्षा की स्थिति बनाई, जिसके बाद अगला अंक खेला गया।",तटस्थ,कबड्डी,1
"दबाव के बीच आक्रामक दल ने सटीक पास दिया, जिससे गोल का अवसर बना।",सकारात्मक,फुटबॉल,2
"मुकाबले के इस चरण में निचला क्रम ने पारी शुरू की, जिसके बाद दोनों दल अपनी योजना पर लौटे।",तटस्थ,क्रिकेट,1
"मध्य मैदान के खिलाड़ी ने समय पर बदलाव किया, और विपक्षी दबाव में आया।",सकारात्मक,फुटबॉल,2
"सर्विस करने वाला खिलाड़ी ने अगला शॉट खेला, और खेल आगे बढ़ा।",तटस्थ,बैडमिंटन,1
"इंजीनियर ने मोड़ पर नियंत्रण खोया, और दल का मनोबल गिरा।",नकारात्मक,फॉर्मूला वन,0
"आज क्षेत्ररक्षक ने दबाव में गलत शॉट चुना, और रणनीति विफल रही।",नकारात्मक,क्रिकेट,0
"टीम प्रबंधन ने टायर बदले, जिसके बाद कार फिर ट्रैक पर आई।",तटस्थ,फॉर्मूला वन,1
"युगल जोड़ी ने रणनीति में अच्छा बदलाव किया, और दर्शकों ने तालियां बजाईं 👏।",सकारात्मक,बैडमिंटन,2
"मुकाबले के इस चरण में खिलाड़ी ने सटीक स्मैश लगाया, और दर्शकों ने तालियां बजाईं 👏।",सकारात्मक,बैडमिंटन,2
"निर्णायक समय पर निर्णायक अंक पर खिलाड़ी ने सटीक स्मैश लगाया, जिससे बढ़त मजबूत हुई।",सकारात्मक,बैडमिंटन,2
"दबाव के बीच रक्षात्मक खिलाड़ी ने नेट के पास दबाव बनाया, जिससे आत्मविश्वास बढ़ा।",सकारात्मक,बैडमिंटन,2
"दबाव के बीच कप्तान ने अगला अंक खेला, और खेल आगे बढ़ा।",तटस्थ,कबड्डी,1
"रक्षा पंक्ति ने समय पर बदलाव किया, जिससे बढ़त मजबूत हुई।",सकारात्मक,कबड्डी,2
"आज टायर दल ने दबाव में गलती की, और प्रतिद्वंद्वी को फायदा मिला।",नकारात्मक,फॉर्मूला वन,0
"निर्णायक समय पर रक्षक ने अच्छा तालमेल दिखाया, और विपक्षी दबाव में आया।",सकारात्मक,कबड्डी,2
"कप्तान ने बचाव की स्थिति ली, जिसके बाद दोनों खिलाड़ी अपनी जगह लौटे।",तटस्थ,बैडमिंटन,1
"दबाव के बीच कप्तान ने स्मैश बाहर मार बैठा, जिससे जीत कठिन हुई।",नकारात्मक,बैडमिंटन,0
"आज मध्य मैदान के खिलाड़ी ने सटीक पास दिया, जिससे दल का आत्मविश्वास बढ़ा।",सकारात्मक,फुटबॉल,2
"कप्तान ने आक्रमण को रोक दिया, और दर्शक खुशी से झूम उठे 😀।",सकारात्मक,फुटबॉल,2
"निर्णायक समय पर सर्विस करने वाला खिलाड़ी ने गलत समय पर आक्रमण किया, और वापसी का मौका कम हुआ।",नकारात्मक,बैडमिंटन,0
"मुकाबले के इस चरण में स्पिनर ने क्रीज पर आया, जिसके बाद खेल आगे बढ़ा।",तटस्थ,क्रिकेट,1
"दबाव के बीच आक्रामक दल ने अपनी जगह संभाली, और अगला आक्रमण शुरू हुआ।",तटस्थ,फुटबॉल,1
"निर्णायक समय पर अंतिम रेडर ने अगली रेड की तैयारी की, और दोनों दल अगली चाल की तैयारी करने लगे।",तटस्थ,कबड्डी,1
"विकेटकीपर ने एक ओवर पूरा किया, और मुकाबला सामान्य गति से चलता रहा।",तटस्थ,क्रिकेट,1
"निर्णायक समय पर अंतिम रेडर ने मजबूत घेरा बनाया, जिससे वापसी सफल हुई।",सकारात्मक,कबड्डी,2
"निर्णायक समय पर बल्लेबाज ने अगला ओवर शुरू किया, और अगली गेंद खेली गई।",तटस्थ,क्रिकेट,1
"आज अंतिम रेडर ने अपनी जगह संभाली, और दोनों दल अगली चाल की तैयारी करने लगे।",तटस्थ,कबड्डी,1
"आज रेडर ने घेरा टूटने दिया, और रणनीति विफल रही।",नकारात्मक,कबड्डी,0
"निर्णायक समय पर रक्षक ने खिलाड़ियों के बीच गेंद घुमाई, और मुकाबला सामान्य गति से चलता रहा।",तटस्थ,फुटबॉल,1
"दबाव के बीच क्षेत्ररक्षक ने अगला ओवर शुरू किया, जिसके बाद दोनों दल अपनी योजना पर लौटे।",तटस्थ,क्रिकेट,1
"आज अंतिम रेडर ने बिना अंक लौट आया, जिससे वापसी कठिन हुई।",नकारात्मक,कबड्डी,0
"आज अंतिम रेडर ने रक्षा की स्थिति बनाई, और मुकाबला सामान्य गति से चला।",तटस्थ,कबड्डी,1
"टायर दल ने लगातार अच्छा तालमेल रखा, और दल का मनोबल ऊंचा हुआ।",सकारात्मक,फॉर्मूला वन,2
"सलामी जोड़ी ने दबाव में गलत शॉट चुना, और विपक्षी को बढ़त मिल गई।",नकारात्मक,क्रिकेट,0
"निर्णायक समय पर नेट खिलाड़ी ने कठिन शटल नहीं लौटा सका, जिससे जीत कठिन हुई।",नकारात्मक,बैडमिंटन,0
"दबाव के बीच रक्षक ने लगातार अंक जुटाए, और जीत की उम्मीद बढ़ी।",सकारात्मक,कबड्डी,2
"मुकाबले के इस चरण में मध्य क्षेत्र ने तालमेल खो दिया, जिससे गोल का अवसर चला गया।",नकारात्मक,फुटबॉल,0
"दबाव के बीच रक्षक ने मजबूत घेरा बनाया, और मुकाबला अपने पक्ष में झुका।",सकारात्मक,कबड्डी,2
"दबाव के बीच रणनीति दल ने अपनी गति बनाए रखी, और मुकाबला सामान्य गति से चला।",तटस्थ,फॉर्मूला वन,1
"निर्णायक समय पर दौड़ दल ने मोड़ पर नियंत्रण रखा, और प्रशंसकों में उत्साह फैल गया 🏎️।",सकारात्मक,फॉर्मूला वन,2
"कप्तान ने सर्विस की, जिसके बाद दोनों खिलाड़ी अपनी जगह लौटे।",तटस्थ,बैडमिंटन,1
"रक्षापंक्ति ने मैदान पर आते ही असर डाला, जिससे बढ़त मजबूत हुई।",सकारात्मक,फुटबॉल,2
"कप्तान ने महत्वपूर्ण विकेट लिया, और रणनीति कामयाब रही।",सकारात्मक,क्रिकेट,2
"आज मुख्य रेडर ने तालमेल बनाया, और मुकाबला सामान्य गति से चला।",तटस्थ,कबड्डी,1
"सलामी जोड़ी ने क्रीज पर आया, जिसके बाद अगला ओवर शुरू हुआ।",तटस्थ,क्रिकेट,1
"निर्णायक समय पर निचला क्रम ने क्रीज पर आया, और अगली गेंद खेली गई।",तटस्थ,क्रिकेट,1
"निर्णायक समय पर मध्य मैदान के खिलाड़ी ने आक्रमण को रोक दिया, और जीत की उम्मीद बढ़ी।",सकारात्मक,फुटबॉल,2
"टीम प्रबंधन ने अंतिम चरण में गति बढ़ाई, जिससे समय का लाभ मिला।",सकारात्मक,फॉर्मूला वन,2
"मुकाबले के इस चरण में टायर दल ने अंतिम चरण में गति बढ़ाई, और प्रशंसकों में उत्साह फैल गया 🏎️।",सकारात्मक,फॉर्मूला वन,2
"निर्णायक समय पर मुख्य चालक ने दबाव में धैर्य रखा, जिससे पोडियम की संभावना बढ़ी।",सकारात्मक,फॉर्मूला वन,2
"मुकाबले के इस चरण में मध्यक्रम ने अंतिम ओवरों में गति बढ़ाई, और मुकाबला अपने पक्ष में झुक गया।",सकारात्मक,क्रिकेट,2
"आज रक्षात्मक खिलाड़ी ने नेट पर शटल रोकी, जिसके बाद सर्विस बदली गई।",तटस्थ,बैडमिंटन,1
"निर्णायक समय पर मध्य मैदान के खिलाड़ी ने मैदान पर आने के बाद असर नहीं डाल सका, जिससे गोल का अवसर चला गया।",नकारात्मक,फुटबॉल,0
"दबाव के बीच कप्तान ने विपक्षी क्षेत्र की ओर बढ़ा, और खेल आगे बढ़ा।",तटस्थ,कबड्डी,1
"मुकाबले के इस चरण में पिछली पंक्ति का खिलाड़ी ने कठिन शटल नहीं लौटा सका, जिससे आत्मविश्वास घटा।",नकारात्मक,बैडमिंटन,0
"आज कप्तान ने पीछे से प्रहार किया, जिसके बाद अगली रैली शुरू हुई।",तटस्थ,बैडमिंटन,1
"आज मध्य क्षेत्र ने विपक्षी हमले को रोका, जिसके बाद गेंद फिर मध्य क्षेत्र में गई।",तटस्थ,फुटबॉल,1
"दबाव के बीच निर्णायक अंक पर खिलाड़ी ने खाली जगह की ओर शटल भेजी, जिसके बाद दोनों खिलाड़ी अपनी जगह लौटे।",तटस्थ,बैडमिंटन,1
"दल ने रेडर को रोक नहीं पाया, और मुकाबला हाथ से निकलने लगा।",नकारात्मक,कबड्डी,0
"दबाव के बीच निर्णायक अंक पर खिलाड़ी ने रणनीति पर चर्चा की, जिसके बाद दोनों खिलाड़ी अपनी जगह लौटे।",तटस्थ,बैडमिंटन,1
"निर्णायक समय पर पिछली पंक्ति का खिलाड़ी ने बचाव की स्थिति ली, और मुकाबला सामान्य गति से चला।",तटस्थ,बैडमिंटन,1
"आज स्थानापन्न खिलाड़ी ने अपनी जगह संभाली, जिसके बाद गेंद फिर मध्य क्षेत्र में गई।",तटस्थ,फुटबॉल,1
"दबाव के बीच एकल खिलाड़ी ने रैली जारी रखी, और मुकाबला सामान्य गति से चला।",तटस्थ,बैडमिंटन,1
"निर्णायक समय पर एकल खिलाड़ी ने रैली जारी रखी, और मुकाबला सामान्य गति से चला।",तटस्थ,बैडमिंटन,1
"आज मुख्य चालक ने बदलाव में समय गंवाया, और प्रशंसकों में निराशा फैल गई 😞।",नकारात्मक,फॉर्मूला वन,0
"रेडर ने रेड शुरू की, और दोनों दल अगली चाल की तैयारी करने लगे।",तटस्थ,कबड्डी,1
"आज मध्य मैदान के खिलाड़ी ने मैदान पर आते ही असर डाला, जिससे गोल का अवसर बना।",सकारात्मक,फुटबॉल,2
"निर्णायक समय पर टीम प्रबंधन ने टायर बदले, जिसके बाद कार फिर ट्रैक पर आई।",तटस्थ,फॉर्मूला वन,1
"मुकाबले के इस चरण में पिट दल ने बदलाव में समय गंवाया, जिससे जीत की उम्मीद कमजोर हुई।",नकारात्मक,फॉर्मूला वन,0
"मुकाबले के इस चरण में सर्विस करने वाला खिलाड़ी ने बचाव में चूक गया, और वापसी का मौका कम हुआ।",नकारात्मक,बैडमिंटन,0
"स्थानापन्न खिलाड़ी ने मैदान पर आते ही असर डाला, जिससे दल का आत्मविश्वास बढ़ा।",सकारात्मक,फुटबॉल,2
"निर्णायक समय पर निर्णायक अंक पर खिलाड़ी ने रैली जारी रखी, और मुकाबला सामान्य गति से चला।",तटस्थ,बैडमिंटन,1
"कप्तान ने रक्षा की स्थिति बनाई, जिसके बाद अगला अंक खेला गया।",तटस्थ,कबड्डी,1
"दबाव के बीच दल ने मजबूत घेरा बनाया, और दर्शक खुशी से झूम उठे 😀।",सकारात्मक,कबड्डी,2
"रक्षा पंक्ति ने अच्छा तालमेल दिखाया, जिससे जरूरी अंक मिला।",सकारात्मक,कबड्डी,2
"निर्णायक समय पर मध्यक्रम ने पारी शुरू की, और अगली गेंद खेली गई।",तटस्थ,क्रिकेट,1
"आज आक्रामक खिलाड़ी ने लंबी रैली गंवा बैठा, जिससे आत्मविश्वास घटा।",नकारात्मक,बैडमिंटन,0
"निर्णायक समय पर विंगर ने गेंद पर नियंत्रण रखा, जिससे गोल का अवसर बना।",सकारात्मक,फुटबॉल,2
"निर्णायक समय पर विंगर ने देर से बदलाव किया, और दर्शकों में निराशा फैल गई 😞।",नकारात्मक,फुटबॉल,0
"दबाव के बीच विंगर ने तेज तालमेल दिखाया, जिससे बढ़त मजबूत हुई।",सकारात्मक,फुटबॉल,2
"मुकाबले के इस चरण में रेडर ने रक्षा की स्थिति बनाई, जिसके बाद अगला अंक खेला गया।",तटस्थ,कबड्डी,1
"दबाव के बीच कप्तान ने गलत समय पर आक्रमण किया, जिससे जीत कठिन हुई।",नकारात्मक,बैडमिंटन,0
"मुकाबले के इस चरण में रणनीति दल ने सही समय पर निर्णय लिया, और दल का मनोबल ऊंचा हुआ।",सकारात्मक,फॉर्मूला वन,2
"मुकाबले के इस चरण में कप्तान ने सही समय पर चुनौती दी, जिससे दल का आत्मविश्वास बढ़ा।",सकारात्मक,फुटबॉल,2
"मुख्य रेडर ने बिना अंक लौट आया, जिससे वापसी कठिन हुई।",नकारात्मक,कबड्डी,0
"मध्य खिलाड़ी ने मजबूत घेरा बनाया, जिससे बढ़त मजबूत हुई।",सकारात्मक,कबड्डी,2
"गोलकीपर ने तालमेल खो दिया, जिससे गोल का अवसर चला गया।",नकारात्मक,फुटबॉल,0
"निचला क्रम ने क्षेत्ररक्षण में बदलाव किया, और मुकाबला सामान्य गति से चलता रहा।",तटस्थ,क्रिकेट,1
"निर्णायक समय पर सलामी जोड़ी ने बीच के ओवर में गेंदबाजी की, और अगली गेंद खेली गई।",तटस्थ,क्रिकेट,1
"गेंदबाज ने बीच के ओवर में गेंदबाजी की, जिसके बाद अगला ओवर शुरू हुआ।",तटस्थ,क्रिकेट,1
"दबाव के बीच रक्षापंक्ति ने पास आगे बढ़ाया, और दोनों दल रणनीति पर काम करते रहे।",तटस्थ,फुटबॉल,1
"मुकाबले के इस चरण में मुख्य रेडर ने अगला अंक खेला, जिसके बाद अगला अंक खेला गया।",तटस्थ,कबड्डी,1
"आज दौड़ दल ने सही समय पर निर्णय लिया, जिससे समय का लाभ मिला।",सकारात्मक,फॉर्मूला वन,2
"दबाव के बीच विकेटकीपर ने दबाव में सही शॉट चुना, और रणनीति कामयाब रही।",सकारात्मक,क्रिकेट,2
"आज आक्रामक खिलाड़ी ने अगले अंक की तैयारी की, और खेल आगे बढ़ा।",तटस्थ,बैडमिंटन,1
"मुकाबले के इस चरण में निचला क्रम ने सटीक गेंदबाजी की, और विपक्षी दबाव में आ गया।",सकारात्मक,क्रिकेट,2
"आज पिट दल ने लगातार अच्छा तालमेल रखा, जिससे पोडियम की संभावना बढ़ी।",सकारात्मक,फॉर्मूला वन,2
"रेस दल ने बदलाव में समय गंवाया, जिससे पोडियम की संभावना घटी।",नकारात्मक,फॉर्मूला वन,0
"दबाव के बीच क्षेत्ररक्षक ने गेंद संभाली, जिसके बाद खेल आगे बढ़ा।",तटस्थ,क्रिकेट,1
"मुकाबले के इस चरण में स्थानापन्न खिलाड़ी ने बोनस का मौका गंवाया, और रणनीति विफल रही।",नकारात्मक,कबड्डी,0
"आज कार ने शानदार ओवरटेक किया, जिससे स्थान सुधरा।",सकारात्मक,फॉर्मूला वन,2
"निर्णायक समय पर खिलाड़ी ने सही समय पर आक्रमण किया, और प्रतिद्वंद्वी दबाव में आया।",सकारात्मक,बैडमिंटन,2
"आज युगल जोड़ी ने खाली जगह पहचानी, जिससे जीत की उम्मीद बढ़ी।",सकारात्मक,बैडमिंटन,2
"दबाव के बीच रक्षापंक्ति ने गेंद पर नियंत्रण रखा, और मुकाबला अपने पक्ष में झुक गया।",सकारात्मक,फुटबॉल,2
"टीम प्रबंधन ने ओवरटेक का मौका गंवाया, जिससे स्थान गिरा।",नकारात्मक,फॉर्मूला वन,0
"आज मध्य मैदान के खिलाड़ी ने बचाव में चूक गया, जिससे आत्मविश्वास घटा।",नकारात्मक,फुटबॉल,0
"आज टायर दल ने देर से निर्णय लिया, और दल का मनोबल गिरा।",नकारात्मक,फॉर्मूला वन,0
"निर्णायक अंक पर खिलाड़ी ने पीछे से प्रहार किया, जिसके बाद सर्विस बदली गई।",तटस्थ,बैडमिंटन,1
"मुकाबले के इस चरण में रणनीति दल ने दौड़ की योजना देखी, जिसके बाद अगला चक्कर शुरू हुआ।",तटस्थ,फॉर्मूला वन,1
"खिलाड़ी ने सर्विस पर नियंत्रण खो बैठा, और दर्शकों में निराशा फैल गई 😞।",नकारात्मक,बैडमिंटन,0
"निर्णायक समय पर रक्षा पंक्ति ने निर्णायक अंक लिया, जिससे दल का आत्मविश्वास बढ़ा।",सकारात्मक,कबड्डी,2
"निर्णायक समय पर मध्य खिलाड़ी ने लगातार अंक गंवाता रहा, जिससे दल का आत्मविश्वास घटा।",नकारात्मक,कबड्डी,0
"दबाव के बीच विकेटकीपर ने ढीली गेंदें डालता रहा, और विपक्षी को बढ़त मिल गई।",नकारात्मक,क्रिकेट,0
"निर्णायक समय पर युगल जोड़ी ने रणनीति में अच्छा बदलाव किया, जिससे निर्णायक अंक मिला।",सकारात्मक,बैडमिंटन,2
"रक्षापंक्ति ने आक्रमण को रोक दिया, और जीत की उम्मीद बढ़ी।",सकारात्मक,फुटबॉल,2
"विंगर ने शानदार गोल किया, जिससे दल का आत्मविश्वास बढ़ा।",सकारात्मक,फुटबॉल,2
"मुकाबले के इस चरण में युगल जोड़ी ने सटीक स्मैश लगाया, जिससे निर्णायक अंक मिला।",सकारात्मक,बैडमिंटन,2
"आज क्षेत्ररक्षक ने महत्वपूर्ण विकेट लिया, जिससे दल का आत्मविश्वास बढ़ा।",सकारात्मक,क्रिकेट,2
"निर्णायक समय पर विकेटकीपर ने अंतिम ओवरों में गति बढ़ाई, जिससे जीत की उम्मीद मजबूत हुई।",सकारात्मक,क्रिकेट,2
"आज कार ने टायरों का सही उपयोग किया, और दल का मनोबल ऊंचा हुआ।",सकारात्मक,फॉर्मूला वन,2
"निर्णायक समय पर रक्षक ने लगातार अंक जुटाए, जिससे जरूरी अंक मिला।",सकारात्मक,कबड्डी,2
"मुकाबले के इस चरण में विकेटकीपर ने गेंद संभाली, जिसके बाद खेल आगे बढ़ा।",तटस्थ,क्रिकेट,1
"दबाव के बीच आक्रामक दल ने समय पर बदलाव किया, और जीत की उम्मीद बढ़ी।",सकारात्मक,फुटबॉल,2
"हमलावर ने आक्रमण को रोक दिया, और मुकाबला अपने पक्ष में झुक गया।",सकारात्मक,फुटबॉल,2
"रक्षात्मक खिलाड़ी ने रणनीति पर चर्चा की, और खेल आगे बढ़ा।",तटस्थ,बैडमिंटन,1
"विकेटकीपर ने एक ओवर पूरा किया, जिसके बाद दोनों दल अपनी योजना पर लौटे।",तटस्थ,क्रिकेट,1
"दबाव के बीच मुख्य रेडर ने मिलकर रेडर को रोका, जिससे जरूरी अंक मिला।",सकारात्मक,कबड्डी,2
"दबाव के बीच निर्णायक अंक पर खिलाड़ी ने कठिन शटल लौटा दी, जिससे जीत की उम्मीद बढ़ी।",सकारात्मक,बैडमिंटन,2
"दबाव के बीच चालक ने अपनी गति बनाए रखी, और चालक ने अपनी स्थिति बनाए रखी।",तटस्थ,फॉर्मूला वन,1
"मुकाबले के इस चरण में विंगर ने मैदान पर आते ही असर डाला, जिससे बढ़त मजबूत हुई।",सकारात्मक,फुटबॉल,2
"आज युगल जोड़ी ने सही समय पर आक्रमण किया, जिससे बढ़त मजबूत हुई।",सकारात्मक,बैडमिंटन,2
"आज युगल जोड़ी ने लंबी रैली गंवा बैठा, जिससे जीत कठिन हुई।",नकारात्मक,बैडमिंटन,0
"मुकाबले के इस चरण में सलामी जोड़ी ने क्रीज पर आया, जिसके बाद खेल आगे बढ़ा।",तटस्थ,क्रिकेट,1
"मध्य क्षेत्र ने एक बदलाव किया, जिसके बाद गेंद फिर मध्य क्षेत्र में गई।",तटस्थ,फुटबॉल,1
"आज दौड़ दल ने दौड़ की योजना पर काम किया, और दौड़ आगे बढ़ी।",तटस्थ,फॉर्मूला वन,1
"दबाव के बीच युगल जोड़ी ने रणनीति पर चर्चा की, और खेल आगे बढ़ा।",तटस्थ,बैडमिंटन,1
"मुकाबले के इस चरण में पिट दल ने अंतिम चरण में गति बढ़ाई, जिससे स्थान सुधरा।",सकारात्मक,फॉर्मूला वन,2
"मुकाबले के इस चरण में क्षेत्ररक्षक ने दबाव में गलत शॉट चुना, जिससे रन गति गिर गई।",नकारात्मक,क्रिकेट,0
"मुकाबले के इस चरण में हमलावर ने देर से बदलाव किया, जिससे गोल का अवसर चला गया।",नकारात्मक,फुटबॉल,0
"मुकाबले के इस चरण में मुख्य रेडर ने मजबूत घेरा बनाया, जिससे जरूरी अंक मिला।",सकारात्मक,कबड्डी,2
"आज तेज गेंदबाज ने बीच के ओवरों में दबाव बनाए रखा, जिससे रन गति सुधरी।",सकारात्मक,क्रिकेट,2
"दबाव के बीच एकल खिलाड़ी ने सर्विस की, और अगला अंक खेला गया।",तटस्थ,बैडमिंटन,1
"निर्णायक समय पर चालक ने मोड़ पर नियंत्रण खोया, और दौड़ का रुख बिगड़ा।",नकारात्मक,फॉर्मूला वन,0
"चालक ने अंतिम चरण में गति नहीं बढ़ा सका, जिससे स्थान गिरा।",नकारात्मक,फॉर्मूला वन,0
"आज स्थानापन्न खिलाड़ी ने मैदान पर आने के बाद असर नहीं डाल सका, जिससे दल का आत्मविश्वास घटा।",नकारात्मक,कबड्डी,0
"दबाव के बीच सहायक रक्षक ने घेरा टूटने दिया, जिससे वापसी कठिन हुई।",नकारात्मक,कबड्डी,0
"निर्णायक समय पर निर्णायक अंक पर खिलाड़ी ने रणनीति पर चर्चा की, जिसके बाद अगली रैली शुरू हुई।",तटस्थ,बैडमिंटन,1
"दबाव के बीच मुख्य रेडर ने अपनी जगह संभाली, जिसके बाद अगली रेड शुरू हुई।",तटस्थ,कबड्डी,1
"दबाव के बीच स्पिनर ने पारी शुरू की, जिसके बाद दोनों दल अपनी योजना पर लौटे।",तटस्थ,क्रिकेट,1
"मुकाबले के इस चरण में इंजीनियर ने टायरों का सही उपयोग किया, जिससे स्थान सुधरा।",सकारात्मक,फॉर्मूला वन,2
"दबाव के बीच सर्विस करने वाले खिलाड़ी ने खाली जगह पहचानी, और वापसी सफल हुई।",सकारात्मक,बैडमिंटन,2
"दबाव के बीच रक्षा पंक्ति ने समय पर बदलाव किया, और दर्शक खुशी से झूम उठे 😀।",सकारात्मक,कबड्डी,2
"दबाव के बीच हमलावर ने दबाव नहीं बना सका, और योजना विफल रही।",नकारात्मक,फुटबॉल,0
"दबाव के बीच निचला क्रम ने अपनी जगह बदली, और मुकाबला सामान्य गति से चलता रहा।",तटस्थ,क्रिकेट,1
"दबाव के बीच निर्णायक अंक पर खिलाड़ी ने खाली जगह की ओर शटल भेजी, और मुकाबला सामान्य गति से चला।",तटस्थ,बैडमिंटन,1
"आज कप्तान ने तालमेल खो दिया, जिससे गोल का अवसर चला गया।",नकारात्मक,फुटबॉल,0
"निर्णायक समय पर निर्णायक अंक पर खिलाड़ी ने रणनीति पर चर्चा की, जिसके बाद सर्विस बदली गई।",तटस्थ,बैडमिंटन,1
"मध्य मैदान के खिलाड़ी ने खिलाड़ियों के बीच गेंद घुमाई, जिसके बाद खिलाड़ी अपनी जगह लौटे।",तटस्थ,फुटबॉल,1
"निर्णायक समय पर चालक ने दबाव में धैर्य रखा, और प्रशंसकों में उत्साह फैल गया 🏎️।",सकारात्मक,फॉर्मूला वन,2
"दबाव के बीच रक्षक ने सही समय पर चुनौती दी, जिससे दल का आत्मविश्वास बढ़ा।",सकारात्मक,फुटबॉल,2
"दबाव के बीच विकेटकीपर ने दबाव में सही शॉट चुना, जिससे जीत की उम्मीद मजबूत हुई।",सकारात्मक,क्रिकेट,2
"आज रणनीति दल ने दबाव में गलती की, जिससे समय का नुकसान हुआ।",नकारात्मक,फॉर्मूला वन,0
"मुकाबले के इस चरण में मध्य खिलाड़ी ने बिना अंक लौट आया, और विपक्षी दबाव में नहीं आया।",नकारात्मक,कबड्डी,0
"निर्णायक समय पर पिछली पंक्ति का खिलाड़ी ने रणनीति पर चर्चा की, जिसके बाद सर्विस बदली गई।",तटस्थ,बैडमिंटन,1
"मध्यक्रम ने गेंद संभाली, और पारी अपने क्रम में आगे बढ़ी।",तटस्थ,क्रिकेट,1
"दबाव के बीच नेट खिलाड़ी ने खाली जगह नहीं पहचान पाया, जिससे निर्णायक अंक हाथ से गया।",नकारात्मक,बैडमिंटन,0
"आज तेज गेंदबाज ने साझेदारी नहीं बना सका, जिससे वापसी कठिन हुई।",नकारात्मक,क्रिकेट,0
"रणनीति दल ने तेज बदलाव किया, और प्रतिद्वंद्वी दबाव में आया।",सकारात्मक,फॉर्मूला वन,2
"निर्णायक समय पर कप्तान ने समय पर बदलाव किया, और जीत की उम्मीद बढ़ी।",सकारात्मक,कबड्डी,2
"आज दल ने समय पर बदलाव किया, और जीत की उम्मीद बढ़ी।",सकारात्मक,कबड्डी,2
"मुख्य चालक ने अपनी गति बनाए रखी, और दौड़ आगे बढ़ी।",तटस्थ,फॉर्मूला वन,1
"रेस दल ने रणनीति पर चर्चा की, और दौड़ आगे बढ़ी।",तटस्थ,फॉर्मूला वन,1
"आज मुख्य चालक ने दौड़ की योजना देखी, और मुकाबला सामान्य गति से चला।",तटस्थ,फॉर्मूला वन,1
"निर्णायक समय पर गेंदबाज ने कठिन गेंदों पर नियंत्रण रखा, और विपक्षी दबाव में आ गया।",सकारात्मक,क्रिकेट,2
"निर्णायक समय पर कप्तान ने मैदान पर आते ही असर डाला, जिससे बढ़त मजबूत हुई।",सकारात्मक,फुटबॉल,2
"आज स्थानापन्न खिलाड़ी ने सटीक पास दिया, जिससे दल का आत्मविश्वास बढ़ा।",सकारात्मक,फुटबॉल,2
"दबाव के बीच रक्षापंक्ति ने विपक्षी हमले को रोका, जिसके बाद खेल आगे बढ़ा।",तटस्थ,फुटबॉल,1
"दबाव के बीच सलामी जोड़ी ने कठिन गेंदों पर नियंत्रण रखा, जिससे रन गति सुधरी।",सकारात्मक,क्रिकेट,2
"आज सलामी जोड़ी ने महत्वपूर्ण विकेट लिया, जिससे रन गति सुधरी।",सकारात्मक,क्रिकेट,2
"आज आक्रामक दल ने पास आगे बढ़ाया, और दोनों दल रणनीति पर काम करते रहे।",तटस्थ,फुटबॉल,1
"एकल खिलाड़ी ने खाली जगह नहीं पहचान पाया, और वापसी का मौका कम हुआ।",नकारात्मक,बैडमिंटन,0
"दबाव के बीच रक्षात्मक खिलाड़ी ने सही समय पर आक्रमण किया, जिससे जीत की उम्मीद बढ़ी।",सकारात्मक,बैडमिंटन,2
"आज रक्षापंक्ति ने बचाव में चूक गया, जिससे बढ़त कमजोर हुई।",नकारात्मक,फुटबॉल,0
"निर्णायक समय पर गोलकीपर ने सही समय पर चुनौती नहीं दी, जिससे बढ़त कमजोर हुई।",नकारात्मक,फुटबॉल,0
"मुकाबले के इस चरण में पिट दल ने टायर बदले, और दौड़ आगे बढ़ी।",तटस्थ,फॉर्मूला वन,1
"बल्लेबाज ने अंतिम ओवरों में गति बढ़ाई, जिससे वापसी सफल हुई।",सकारात्मक,क्रिकेट,2
"मुकाबले के इस चरण में आक्रामक दल ने दबाव नहीं बना सका, और दर्शकों में निराशा फैल गई 😞।",नकारात्मक,फुटबॉल,0
"दबाव के बीच विंगर ने तेज तालमेल दिखाया, और मुकाबला अपने पक्ष में झुक गया।",सकारात्मक,फुटबॉल,2
"निर्णायक समय पर नेट खिलाड़ी ने मजबूत बचाव किया, और वापसी सफल हुई।",सकारात्मक,बैडमिंटन,2
"मुकाबले के इस चरण में निर्णायक अंक पर खिलाड़ी ने नेट के पास दबाव बनाया, और दर्शकों ने तालियां बजाईं 👏।",सकारात्मक,बैडमिंटन,2
"मुकाबले के इस चरण में रक्षक ने दबाव नहीं बना सका, और मुकाबला हाथ से निकलने लगा।",नकारात्मक,फुटबॉल,0
"मुकाबले के इस चरण में युगल जोड़ी ने खाली जगह नहीं पहचान पाया, जिससे आत्मविश्वास घटा।",नकारात्मक,बैडमिंटन,0
"आज विंगर ने आक्रमण को रोक दिया, जिससे बढ़त मजबूत हुई।",सकारात्मक,फुटबॉल,2
"मध्यक्रम ने दबाव में गलत शॉट चुना, जिससे दल का आत्मविश्वास घटा।",नकारात्मक,क्रिकेट,0
"दबाव के बीच मध्य मैदान के खिलाड़ी ने गोल की ओर गेंद भेजी, जिसके बाद खिलाड़ी अपनी जगह लौटे।",तटस्थ,फुटबॉल,1
"आज स्थानापन्न खिलाड़ी ने अगली रेड की तैयारी की, जिसके बाद अगली रेड शुरू हुई।",तटस्थ,कबड्डी,1
"निर्णायक समय पर पिट दल ने टायर बदलने में देरी की, और दौड़ का रुख बिगड़ा।",नकारात्मक,फॉर्मूला वन,0
"मुकाबले के इस चरण में रक्षक ने मैदान में प्रवेश किया, जिसके बाद अगला अंक खेला गया।",तटस्थ,कबड्डी,1
"रेस दल ने मोड़ पार किया, और मुकाबला सामान्य गति से चला।",तटस्थ,फॉर्मूला वन,1
"कप्तान ने लगातार अंक जुटाए, जिससे जरूरी अंक मिला।",सकारात्मक,कबड्डी,2
"सलामी जोड़ी ने ढीली गेंदें डालता रहा, और विपक्षी को बढ़त मिल गई।",नकारात्मक,क्रिकेट,0
"निर्णायक समय पर रणनीति दल ने टायरों का सही उपयोग किया, जिससे पोडियम की संभावना बढ़ी।",सकारात्मक,फॉर्मूला वन,2
"निर्णायक समय पर मुख्य चालक ने टायरों का गलत उपयोग किया, और दल का मनोबल गिरा।",नकारात्मक,फॉर्मूला वन,0
"निर्णायक समय पर दौड़ दल ने टायर बदले, जिसके बाद अगला चक्कर शुरू हुआ।",तटस्थ,फॉर्मूला वन,1
"मुकाबले के इस चरण में तेज गेंदबाज ने दबाव में गलत शॉट चुना, और दर्शकों में निराशा फैल गई 😞।",नकारात्मक,क्रिकेट,0
"निर्णायक समय पर रक्षापंक्ति ने सही समय पर चुनौती दी, जिससे गोल का अवसर बना।",सकारात्मक,फुटबॉल,2
"मुकाबले के इस चरण में मुख्य रेडर ने निर्देश दिया, और खेल आगे बढ़ा।",तटस्थ,कबड्डी,1
"निर्णायक समय पर निचला क्रम ने एक ओवर पूरा किया, और अगली गेंद खेली गई।",तटस्थ,क्रिकेट,1
"दबाव के बीच दौड़ दल ने अंतिम चरण में गति नहीं बढ़ा सका, और प्रशंसकों में निराशा फैल गई 😞।",नकारात्मक,फॉर्मूला वन,0
"निर्णायक समय पर रेडर ने रेडर को घेरने की कोशिश की, जिसके बाद अगली रेड शुरू हुई।",तटस्थ,कबड्डी,1
"आज तेज गेंदबाज ने अंतिम ओवरों में गति बढ़ाई, और मुकाबला अपने पक्ष में झुक गया।",सकारात्मक,क्रिकेट,2
"दबाव के बीच रणनीति दल ने दौड़ की योजना देखी, और मुकाबला सामान्य गति से चला।",तटस्थ,फॉर्मूला वन,1
"आज इंजीनियर ने रणनीति पर चर्चा की, और मुकाबला सामान्य गति से चला।",तटस्थ,फॉर्मूला वन,1
"निर्णायक समय पर रक्षात्मक खिलाड़ी ने सर्विस की, जिसके बाद अगली रैली शुरू हुई।",तटस्थ,बैडमिंटन,1
"मध्य मैदान के खिलाड़ी ने खिलाड़ियों के बीच गेंद घुमाई, जिसके बाद खेल आगे बढ़ा।",तटस्थ,फुटबॉल,1
"रेस दल ने दौड़ की योजना देखी, और चालक ने अपनी स्थिति बनाए रखी।",तटस्थ,फॉर्मूला वन,1
"आज रक्षक ने खिलाड़ियों के बीच गेंद घुमाई, और मुकाबला सामान्य गति से चलता रहा।",तटस्थ,फुटबॉल,1
"निर्णायक समय पर विंगर ने देर से बदलाव किया, जिससे वापसी कठिन हुई।",नकारात्मक,फुटबॉल,0
"मुकाबले के इस चरण में इंजीनियर ने सही समय पर निर्णय लिया, जिससे समय का लाभ मिला।",सकारात्मक,फॉर्मूला वन,2
"आज कप्तान ने कठिन शटल नहीं लौटा सका, जिससे बढ़त कमजोर हुई।",नकारात्मक,बैडमिंटन,0
"आज अंतिम रेडर ने अगली रेड की तैयारी की, और दोनों दल अगली चाल की तैयारी करने लगे।",तटस्थ,कबड्डी,1
"मुकाबले के इस चरण में बल्लेबाज ने ढीली गेंदें डालता रहा, जिससे जीत की संभावना कमजोर हुई।",नकारात्मक,क्रिकेट,0
"निर्णायक समय पर टायर दल ने मोड़ पर नियंत्रण खोया, और दौड़ का रुख बिगड़ा।",नकारात्मक,फॉर्मूला वन,0
"निर्णायक समय पर आक्रामक दल ने सटीक पास दिया, और मुकाबला अपने पक्ष में झुक गया।",सकारात्मक,फुटबॉल,2
"आज कप्तान ने तालमेल खो दिया, और दर्शकों में निराशा फैल गई 😞।",नकारात्मक,फुटबॉल,0
"आज एकल खिलाड़ी ने रणनीति पर चर्चा की, जिसके बाद दोनों खिलाड़ी अपनी जगह लौटे।",तटस्थ,बैडमिंटन,1
"दबाव के बीच मुख्य चालक ने आंकड़ों की समीक्षा की, और दौड़ आगे बढ़ी।",तटस्थ,फॉर्मूला वन,1
"चालक ने दबाव में गलती की, जिससे समय का नुकसान हुआ।",नकारात्मक,फॉर्मूला वन,0
"आज सर्विस करने वाला खिलाड़ी ने सर्विस की, जिसके बाद दोनों खिलाड़ी अपनी जगह लौटे।",तटस्थ,बैडमिंटन,1
"दबाव के बीच गोलकीपर ने विपक्षी हमले को रोका, और दोनों दल रणनीति पर काम करते रहे।",तटस्थ,फुटबॉल,1
"रक्षा पंक्ति ने अच्छा तालमेल दिखाया, और जीत की उम्मीद बढ़ी।",सकारात्मक,कबड्डी,2
"निर्णायक समय पर हमलावर ने शानदार गोल किया, और विपक्षी दबाव में आया।",सकारात्मक,फुटबॉल,2
"दबाव के बीच विकेटकीपर ने आसान मौका गंवा बैठा, जिससे जीत की संभावना कमजोर हुई।",नकारात्मक,क्रिकेट,0
"आज टायर दल ने टायर बदलने में देरी की, और दल का मनोबल गिरा।",नकारात्मक,फॉर्मूला वन,0
"आज रक्षापंक्ति ने सटीक पास दिया, जिससे बढ़त मजबूत हुई।",सकारात्मक,फुटबॉल,2
"चालक ने आंकड़ों की समीक्षा की, जिसके बाद कार फिर ट्रैक पर आई।",तटस्थ,फॉर्मूला वन,1
"निर्णायक समय पर स्थानापन्न खिलाड़ी ने मैदान पर आने के बाद असर नहीं डाल सका, और मुकाबला हाथ से निकलने लगा।",नकारात्मक,कबड्डी,0
"मुख्य चालक ने टायरों का गलत उपयोग किया, और दौड़ का रुख बिगड़ा।",नकारात्मक,फॉर्मूला वन,0
"आज पिछली पंक्ति का खिलाड़ी ने पीछे से प्रहार किया, जिसके बाद अगली रैली शुरू हुई।",तटस्थ,बैडमिंटन,1
"निर्णायक समय पर तेज गेंदबाज ने दबाव में गलत शॉट चुना, जिससे जीत की संभावना कमजोर हुई।",नकारात्मक,क्रिकेट,0
"निर्णायक समय पर कार ने टायर बदले, और मुकाबला सामान्य गति से चला।",तटस्थ,फॉर्मूला वन,1
"निर्णायक समय पर पिट दल ने टायर बदलने में देरी की, और प्रशंसकों में निराशा फैल गई 😞।",नकारात्मक,फॉर्मूला वन,0
"दबाव के बीच एकल खिलाड़ी ने खाली जगह नहीं पहचान पाया, और मुकाबला विपक्षी की ओर झुका।",नकारात्मक,बैडमिंटन,0
"विकेटकीपर ने गेंद संभाली, और पारी अपने क्रम में आगे बढ़ी।",तटस्थ,क्रिकेट,1
"दबाव के बीच कप्तान ने गेंद खो दी, और योजना विफल रही।",नकारात्मक,फुटबॉल,0
"दबाव के बीच निचला क्रम ने अंतिम ओवरों में नियंत्रण खो बैठा, जिससे जीत की संभावना कमजोर हुई।",नकारात्मक,क्रिकेट,0
"मुकाबले के इस चरण में दल ने टैकल में चूक गया, और दर्शकों में निराशा फैल गई 😞।",नकारात्मक,कबड्डी,0
"निर्णायक समय पर रक्षात्मक खिलाड़ी ने सर्विस पर नियंत्रण खो बैठा, जिससे आत्मविश्वास घटा।",नकारात्मक,बैडमिंटन,0
"दबाव के बीच सहायक रक्षक ने घेरा टूटने दिया, और दर्शकों में निराशा फैल गई 😞।",नकारात्मक,कबड्डी,0
"निर्णायक समय पर मुख्य चालक ने सही समय पर निर्णय लिया, और प्रशंसकों में उत्साह फैल गया 🏎️।",सकारात्मक,फॉर्मूला वन,2
"निर्णायक समय पर सलामी जोड़ी ने कठिन गेंदों पर नियंत्रण रखा, जिससे जीत की उम्मीद मजबूत हुई।",सकारात्मक,क्रिकेट,2
"निर्णायक समय पर मध्यक्रम ने दबाव में सही शॉट चुना, और रणनीति कामयाब रही।",सकारात्मक,क्रिकेट,2
"दबाव के बीच विंगर ने अपनी जगह संभाली, और दोनों दल रणनीति पर काम करते रहे।",तटस्थ,फुटबॉल,1
"आज मुख्य चालक ने आंकड़ों की समीक्षा की, और चालक ने अपनी स्थिति बनाए रखी।",तटस्थ,फॉर्मूला वन,1
"रक्षापंक्ति ने आक्रमण शुरू किया, और अगला आक्रमण शुरू हुआ।",तटस्थ,फुटबॉल,1
"निर्णायक समय पर मुख्य चालक ने ओवरटेक का मौका गंवाया, जिससे समय का नुकसान हुआ।",नकारात्मक,फॉर्मूला वन,0
"मुकाबले के इस चरण में कप्तान ने बचाव में चूक गया, जिससे गोल का अवसर चला गया।",नकारात्मक,फुटबॉल,0
"मुकाबले के इस चरण में मध्य मैदान के खिलाड़ी ने कठिन बचाव किया, जिससे बढ़त मजबूत हुई।",सकारात्मक,फुटबॉल,2
"मुकाबले के इस चरण में आक्रामक दल ने गोल की ओर गेंद भेजी, जिसके बाद खिलाड़ी अपनी जगह लौटे।",तटस्थ,फुटबॉल,1
"आज पिट दल ने टायर बदलने में देरी की, और प्रतिद्वंद्वी को फायदा मिला।",नकारात्मक,फॉर्मूला वन,0
"आज दौड़ दल ने दबाव में गलती की, जिससे समय का नुकसान हुआ।",नकारात्मक,फॉर्मूला वन,0
"मुकाबले के इस चरण में रक्षक ने रेडर को घेरने की कोशिश की, और मुकाबला सामान्य गति से चला।",तटस्थ,कबड्डी,1
"दबाव के बीच विंगर ने आक्रमण शुरू किया, और मुकाबला सामान्य गति से चलता रहा।",तटस्थ,फुटबॉल,1
"दबाव के बीच चालक ने टायर बदले, और दौड़ आगे बढ़ी।",तटस्थ,फॉर्मूला वन,1
"मुकाबले के इस चरण में आक्रामक खिलाड़ी ने रणनीति में सुधार नहीं कर सका, जिससे आत्मविश्वास घटा।",नकारात्मक,बैडमिंटन,0
"मुकाबले के इस चरण में एकल खिलाड़ी ने रणनीति पर चर्चा की, जिसके बाद सर्विस बदली गई।",तटस्थ,बैडमिंटन,1
"मुकाबले के इस चरण में हमलावर ने मैदान पर आने के बाद असर नहीं डाल सका, और दर्शकों में निराशा फैल गई 😞।",नकारात्मक,फुटबॉल,0
"मुकाबले के इस चरण में मध्य खिलाड़ी ने लगातार अंक जुटाए, जिससे दल का आत्मविश्वास बढ़ा।",सकारात्मक,कबड्डी,2
"आज रणनीति दल ने तेज बदलाव किया, और प्रशंसकों में उत्साह फैल गया 🏎️।",सकारात्मक,फॉर्मूला वन,2
"मध्य मैदान के खिलाड़ी ने आक्रमण को रोक दिया, और मुकाबला अपने पक्ष में झुक गया।",सकारात्मक,फुटबॉल,2
"रेस दल ने तालमेल नहीं बना पाया, और प्रतिद्वंद्वी को फायदा मिला।",नकारात्मक,फॉर्मूला वन,0
"आज स्पिनर ने संयम से पारी संभाली, और मुकाबला अपने पक्ष में झुक गया।",सकारात्मक,क्रिकेट,2
"दबाव के बीच खिलाड़ी ने सर्विस पर नियंत्रण खो बैठा, जिससे निर्णायक अंक हाथ से गया।",नकारात्मक,बैडमिंटन,0
"दबाव के बीच निर्णायक अंक पर खिलाड़ी ने गलत समय पर आक्रमण किया, और मुकाबला विपक्षी की ओर झुका।",नकारात्मक,बैडमिंटन,0
"स्पिनर ने दबाव में सही शॉट चुना, जिससे वापसी सफल हुई।",सकारात्मक,क्रिकेट,2
"दबाव के बीच कप्तान ने आक्रमण शुरू किया, और अगला आक्रमण शुरू हुआ।",तटस्थ,फुटबॉल,1
"मुकाबले के इस चरण में मध्य क्षेत्र ने आक्रमण को रोक दिया, जिससे दल का आत्मविश्वास बढ़ा।",सकारात्मक,फुटबॉल,2
"आज तेज गेंदबाज ने अंतिम ओवरों में नियंत्रण खो बैठा, और विपक्षी को बढ़त मिल गई।",नकारात्मक,क्रिकेट,0
"दबाव के बीच चालक ने एक चक्कर पूरा किया, जिसके बाद अगला चरण शुरू हुआ।",तटस्थ,फॉर्मूला वन,1
"दबाव के बीच रक्षक ने गेंद पकड़ी, और मुकाबला सामान्य गति से चलता रहा।",तटस्थ,फुटबॉल,1
"निर्णायक समय पर एकल खिलाड़ी ने खाली जगह नहीं पहचान पाया, और प्रतिद्वंद्वी दबाव में नहीं आया।",नकारात्मक,बैडमिंटन,0
"आज रक्षापंक्ति ने लगातार दबाव बनाया, और मुकाबला अपने पक्ष में झुक गया।",सकारात्मक,फुटबॉल,2
"आज एकल खिलाड़ी ने खाली जगह नहीं पहचान पाया, और मुकाबला विपक्षी की ओर झुका।",नकारात्मक,बैडमिंटन,0
"दबाव के बीच दल ने लगातार अंक जुटाए, और जीत की उम्मीद बढ़ी।",सकारात्मक,कबड्डी,2
"मुकाबले के इस चरण में निर्णायक अंक पर खिलाड़ी ने रैली जारी रखी, और मुकाबला सामान्य गति से चला।",तटस्थ,बैडमिंटन,1
"आज रक्षापंक्ति ने लगातार दबाव बनाया, जिससे वापसी सफल हुई।",सकारात्मक,फुटबॉल,2
"आज मध्य क्षेत्र ने गेंद पकड़ी, और मुकाबला सामान्य गति से चलता रहा।",तटस्थ,फुटबॉल,1
"दबाव के बीच मध्यक्रम ने गेंद संभाली, और पारी अपने क्रम में आगे बढ़ी।",तटस्थ,क्रिकेट,1
"मुकाबले के इस चरण में कप्तान ने तेज तालमेल दिखाया, जिससे वापसी सफल हुई।",सकारात्मक,फुटबॉल,2
"निर्णायक समय पर मध्य मैदान के खिलाड़ी ने दबाव नहीं बना सका, और विपक्षी को फायदा मिला।",नकारात्मक,फुटबॉल,0
"आज मध्य क्षेत्र ने आक्रमण शुरू किया, और अगला आक्रमण शुरू हुआ।",तटस्थ,फुटबॉल,1
"निर्णायक समय पर बल्लेबाज ने समय पर रणनीति बदली, और विपक्षी दबाव में आ गया।",सकारात्मक,क्रिकेट,2
"रक्षात्मक खिलाड़ी ने तेज प्रतिक्रिया दिखाई, जिससे बढ़त मजबूत हुई।",सकारात्मक,बैडमिंटन,2
"दबाव के बीच क्षेत्ररक्षक ने समय पर रणनीति बदली, जिससे दल का आत्मविश्वास बढ़ा।",सकारात्मक,क्रिकेट,2
"आज मध्य क्षेत्र ने आक्रमण शुरू किया, जिसके बाद खेल आगे बढ़ा।",तटस्थ,फुटबॉल,1
"मुकाबले के इस चरण में रक्षा पंक्ति ने मैदान पर आने के बाद असर नहीं डाल सका, और रणनीति विफल रही।",नकारात्मक,कबड्डी,0
"निर्णायक समय पर दल ने रेड शुरू की, जिसके बाद अगला अंक खेला गया।",तटस्थ,कबड्डी,1
"निर्णायक समय पर रेडर ने तालमेल बनाया, जिसके बाद खिलाड़ी अपनी जगह लौटे।",तटस्थ,कबड्डी,1
"मुकाबले के इस चरण में एकल खिलाड़ी ने गलत समय पर आक्रमण किया, जिससे निर्णायक अंक हाथ से गया।",नकारात्मक,बैडमिंटन,0
"दबाव के बीच पिट दल ने मोड़ पर नियंत्रण रखा, जिससे स्थान सुधरा।",सकारात्मक,फॉर्मूला वन,2
"मुकाबले के इस चरण में खिलाड़ी ने पीछे से प्रहार किया, और अगला अंक खेला गया।",तटस्थ,बैडमिंटन,1
"मुकाबले के इस चरण में मध्यक्रम ने ढीली गेंदें डालता रहा, और रणनीति विफल रही।",नकारात्मक,क्रिकेट,0
"दबाव के बीच अंतिम रेडर ने रेडर को घेरने की कोशिश की, और मुकाबला सामान्य गति से चला।",तटस्थ,कबड्डी,1
"आज विंगर ने सही समय पर चुनौती दी, जिससे बढ़त मजबूत हुई।",सकारात्मक,फुटबॉल,2
"आज गोलकीपर ने गेंद खो दी, और योजना विफल रही।",नकारात्मक,फुटबॉल,0
"आज पिट दल ने शानदार ओवरटेक किया, और प्रशंसकों में उत्साह फैल गया 🏎️।",सकारात्मक,फॉर्मूला वन,2
"दबाव के बीच पिट दल ने मोड़ पार किया, और मुकाबला सामान्य गति से चला।",तटस्थ,फॉर्मूला वन,1
"दबाव के बीच टीम प्रबंधन ने गलत रणनीति चुनी, जिससे समय का नुकसान हुआ।",नकारात्मक,फॉर्मूला वन,0
"टीम प्रबंधन ने मोड़ पर नियंत्रण रखा, और प्रतिद्वंद्वी दबाव में आया।",सकारात्मक,फॉर्मूला वन,2
"मुकाबले के इस चरण में दौड़ दल ने तेज सेवा दी, जिससे समय का लाभ मिला।",सकारात्मक,फॉर्मूला वन,2
"मुकाबले के इस चरण में कप्तान ने गेंद पकड़ी, जिसके बाद खेल आगे बढ़ा।",तटस्थ,फुटबॉल,1
"रक्षा पंक्ति ने मैदान पर आते ही असर डाला, और विपक्षी दबाव में आया।",सकारात्मक,कबड्डी,2
"मुकाबले के इस चरण में रक्षक ने मजबूत घेरा बनाया, और जीत की उम्मीद बढ़ी।",सकारात्मक,कबड्डी,2
"विंगर ने आसान मौका गंवाया, और दर्शकों में निराशा फैल गई 😞।",नकारात्मक,फुटबॉल,0
"निर्णायक समय पर रक्षक ने रेडर को घेरने की कोशिश की, और मुकाबला सामान्य गति से चला।",तटस्थ,कबड्डी,1
"निर्णायक समय पर सहायक रक्षक ने समय पर बदलाव किया, जिससे बढ़त मजबूत हुई।",सकारात्मक,कबड्डी,2
"आज रक्षक ने सही समय पर बोनस लिया, और दर्शक खुशी से झूम उठे 😀।",सकारात्मक,कबड्डी,2
"आज रक्षक ने टैकल में चूक गया, जिससे बढ़त कमजोर हुई।",नकारात्मक,कबड्डी,0
"चालक ने देर से निर्णय लिया, और दौड़ का रुख बिगड़ा।",नकारात्मक,फॉर्मूला वन,0
"निर्णायक समय पर दल ने तालमेल बनाया, और दोनों दल अगली चाल की तैयारी करने लगे।",तटस्थ,कबड्डी,1
"आज रणनीति दल ने ओवरटेक का मौका गंवाया, और प्रशंसकों में निराशा फैल गई 😞।",नकारात्मक,फॉर्मूला वन,0
"मुकाबले के इस चरण में दौड़ दल ने अंतिम चरण में गति नहीं बढ़ा सका, जिससे समय का नुकसान हुआ।",नकारात्मक,फॉर्मूला वन,0
"आज एकल खिलाड़ी ने सही समय पर आक्रमण किया, और वापसी सफल हुई।",सकारात्मक,बैडमिंटन,2
"आज मध्य खिलाड़ी ने निर्णायक अंक लिया, जिससे बढ़त मजबूत हुई।",सकारात्मक,कबड्डी,2
"दबाव के बीच स्थानापन्न खिलाड़ी ने मजबूत घेरा बनाया, जिससे बढ़त मजबूत हुई।",सकारात्मक,कबड्डी,2
"निर्णायक समय पर चालक ने बदलाव में समय गंवाया, जिससे स्थान गिरा।",नकारात्मक,फॉर्मूला वन,0
"दबाव के बीच दौड़ दल ने ट्रैक की स्थिति देखी, जिसके बाद कार फिर ट्रैक पर आई।",तटस्थ,फॉर्मूला वन,1
"निर्णायक समय पर टीम प्रबंधन ने ओवरटेक का मौका गंवाया, जिससे जीत की उम्मीद कमजोर हुई।",नकारात्मक,फॉर्मूला वन,0
"मुकाबले के इस चरण में निर्णायक अंक पर खिलाड़ी ने बचाव में चूक गया, और दर्शकों में निराशा फैल गई 😞।",नकारात्मक,बैडमिंटन,0
"स्पिनर ने ढीली गेंदें डालता रहा, और दर्शकों में निराशा फैल गई 😞।",नकारात्मक,क्रिकेट,0
"निर्णायक समय पर निर्णायक अंक पर खिलाड़ी ने सटीक स्मैश लगाया, जिससे आत्मविश्वास बढ़ा।",सकारात्मक,बैडमिंटन,2
"दबाव के बीच आक्रामक दल ने पास आगे बढ़ाया, और मुकाबला सामान्य गति से चलता रहा।",तटस्थ,फुटबॉल,1
"आज विंगर ने गोल की ओर गेंद भेजी, जिसके बाद खिलाड़ी अपनी जगह लौटे।",तटस्थ,फुटबॉल,1
"दबाव के बीच रणनीति दल ने अगले बदलाव की तैयारी की, जिसके बाद अगला चक्कर शुरू हुआ।",तटस्थ,फॉर्मूला वन,1
"निर्णायक समय पर गेंदबाज ने महत्वपूर्ण गेंद रोक नहीं पाया, जिससे दल का आत्मविश्वास घटा।",नकारात्मक,क्रिकेट,0
"गेंदबाज ने जल्दी विकेट गंवा बैठा, जिससे जीत की संभावना कमजोर हुई।",नकारात्मक,क्रिकेट,0
"दबाव के बीच पिट दल ने दौड़ की योजना देखी, जिसके बाद कार फिर ट्रैक पर आई।",तटस्थ,फॉर्मूला वन,1
"निर्णायक समय पर आक्रामक दल ने सही समय पर चुनौती नहीं दी, और विपक्षी को फायदा मिला।",नकारात्मक,फुटबॉल,0
"स्थानापन्न खिलाड़ी ने सही समय पर चुनौती नहीं दी, जिससे वापसी कठिन हुई।",नकारात्मक,फुटबॉल,0
"मुकाबले के इस चरण में मुख्य चालक ने तेज सेवा दी, और प्रशंसकों में उत्साह फैल गया 🏎️।",सकारात्मक,फॉर्मूला वन,2
"आज स्पिनर ने एक ओवर पूरा किया, और मुकाबला सामान्य गति से चलता रहा।",तटस्थ,क्रिकेट,1
"आज रक्षात्मक खिलाड़ी ने सर्विस की, और अगला अंक खेला गया।",तटस्थ,बैडमिंटन,1
"मुकाबले के इस चरण में स्थानापन्न खिलाड़ी ने सही समय पर बोनस लिया, और दर्शक खुशी से झूम उठे 😀।",सकारात्मक,कबड्डी,2
"मुकाबले के इस चरण में स्थानापन्न खिलाड़ी ने मैदान पर आते ही असर डाला, जिससे वापसी सफल हुई।",सकारात्मक,फुटबॉल,2
"निर्णायक समय पर रेडर ने टैकल में चूक गया, और विपक्षी दबाव में नहीं आया।",नकारात्मक,कबड्डी,0
"आज पिट दल ने टायर बदलने में देरी की, और प्रशंसकों में निराशा फैल गई 😞।",नकारात्मक,फॉर्मूला वन,0
"आज कार ने टायर बदलने में देरी की, जिससे जीत की उम्मीद कमजोर हुई।",नकारात्मक,फॉर्मूला वन,0
"मुकाबले के इस चरण में विकेटकीपर ने क्षेत्ररक्षण में बदलाव किया, और पारी अपने क्रम में आगे बढ़ी।",तटस्थ,क्रिकेट,1
"दबाव के बीच टीम प्रबंधन ने टायर बदलने में देरी की, और दौड़ का रुख बिगड़ा।",नकारात्मक,फॉर्मूला वन,0
"मुकाबले के इस चरण में सहायक रक्षक ने निर्देश दिया, जिसके बाद अगला अंक खेला गया।",तटस्थ,कबड्डी,1
"कप्तान ने दबाव में गलत शॉट चुना, और दर्शकों में निराशा फैल गई 😞।",नकारात्मक,क्रिकेट,0
"दबाव के बीच गोलकीपर ने आक्रमण शुरू किया, जिसके बाद गेंद फिर मध्य क्षेत्र में गई।",तटस्थ,फुटबॉल,1
"आज पिट दल ने दबाव में गलती की, और प्रशंसकों में निराशा फैल गई 😞।",नकारात्मक,फॉर्मूला वन,0
"आज चालक ने आंकड़ों की समीक्षा की, और चालक ने अपनी स्थिति बनाए रखी।",तटस्थ,फॉर्मूला वन,1
"मुकाबले के इस चरण में गेंदबाज ने साझेदारी नहीं बना सका, जिससे वापसी कठिन हुई।",नकारात्मक,क्रिकेट,0
"दबाव के बीच रक्षक ने देर से बदलाव किया, जिससे आत्मविश्वास घटा।",नकारात्मक,फुटबॉल,0
"मुकाबले के इस चरण में कप्तान ने मैदान पर आते ही असर डाला, और जीत की उम्मीद बढ़ी।",सकारात्मक,कबड्डी,2
"मुकाबले के इस चरण में अंतिम रेडर ने सही समय पर बोनस लिया, और दर्शक खुशी से झूम उठे 😀।",सकारात्मक,कबड्डी,2
"दबाव के बीच रक्षापंक्ति ने अपनी जगह छोड़ दी, जिससे बढ़त कमजोर हुई।",नकारात्मक,फुटबॉल,0
"दबाव के बीच टायर दल ने अगले बदलाव की तैयारी की, और मुकाबला सामान्य गति से चला।",तटस्थ,फॉर्मूला वन,1
"आज रेस दल ने अंतिम चरण में गति नहीं बढ़ा सका, और प्रशंसकों में निराशा फैल गई 😞।",नकारात्मक,फॉर्मूला वन,0
"आज युगल जोड़ी ने नेट के पास दबाव बनाया, और प्रतिद्वंद्वी दबाव में आया।",सकारात्मक,बैडमिंटन,2
"निर्णायक समय पर पिट दल ने शानदार ओवरटेक किया, और दल का मनोबल ऊंचा हुआ।",सकारात्मक,फॉर्मूला वन,2
"मुकाबले के इस चरण में गेंदबाज ने ढीली गेंदें डालता रहा, और विपक्षी को बढ़त मिल गई।",नकारात्मक,क्रिकेट,0
"निर्णायक समय पर मध्य मैदान के खिलाड़ी ने गलत पास दिया, जिससे वापसी कठिन हुई।",नकारात्मक,फुटबॉल,0
"आज सर्विस करने वाले खिलाड़ी ने लंबी रैली जीती, जिससे निर्णायक अंक मिला।",सकारात्मक,बैडमिंटन,2
"मुकाबले के इस चरण में रक्षापंक्ति ने बचाव में चूक गया, जिससे बढ़त कमजोर हुई।",नकारात्मक,फुटबॉल,0
"पिट दल ने तेज बदलाव किया, जिससे पोडियम की संभावना बढ़ी।",सकारात्मक,फॉर्मूला वन,2
"दबाव के बीच बल्लेबाज ने तेज प्रतिक्रिया से मौका बनाया, जिससे जीत की उम्मीद मजबूत हुई।",सकारात्मक,क्रिकेट,2
"आज रक्षा पंक्ति ने लगातार अंक जुटाए, जिससे दल का आत्मविश्वास बढ़ा।",सकारात्मक,कबड्डी,2
"दबाव के बीच टीम प्रबंधन ने टायरों का सही उपयोग किया, और प्रतिद्वंद्वी दबाव में आया।",सकारात्मक,फॉर्मूला वन,2
"निर्णायक समय पर पिछली पंक्ति का खिलाड़ी ने रणनीति में सुधार नहीं कर सका, और दर्शकों में निराशा फैल गई 😞।",नकारात्मक,बैडमिंटन,0
"स्पिनर ने बीच के ओवर में गेंदबाजी की, जिसके बाद खेल आगे बढ़ा।",तटस्थ,क्रिकेट,1
"मध्यक्रम ने साझेदारी नहीं बना सका, जिससे जीत की संभावना कमजोर हुई।",नकारात्मक,क्रिकेट,0
"दबाव के बीच स्थानापन्न खिलाड़ी ने तालमेल बनाया, और मुकाबला सामान्य गति से चला।",तटस्थ,कबड्डी,1
"मुकाबले के इस चरण में निर्णायक अंक पर खिलाड़ी ने पीछे से प्रहार किया, और खेल आगे बढ़ा।",तटस्थ,बैडमिंटन,1
"दबाव के बीच एकल खिलाड़ी ने अगला शॉट खेला, और खेल आगे बढ़ा।",तटस्थ,बैडमिंटन,1
"निर्णायक समय पर मध्यक्रम ने जरूरी विकेट नहीं ले सका, जिससे दल का आत्मविश्वास घटा।",नकारात्मक,क्रिकेट,0
"निर्णायक समय पर खिलाड़ी ने कठिन शटल नहीं लौटा सका, और दर्शकों में निराशा फैल गई 😞।",नकारात्मक,बैडमिंटन,0
"पिट दल ने दबाव में गलती की, जिससे स्थान गिरा।",नकारात्मक,फॉर्मूला वन,0
"निर्णायक समय पर चालक ने टायरों का सही उपयोग किया, और प्रशंसकों में उत्साह फैल गया 🏎️।",सकारात्मक,फॉर्मूला वन,2
"निर्णायक समय पर रक्षात्मक खिलाड़ी ने सर्विस पर नियंत्रण रखा, जिससे जीत की उम्मीद बढ़ी।",सकारात्मक,बैडमिंटन,2
"मुकाबले के इस चरण में खिलाड़ी ने तेज प्रतिक्रिया दिखाई, जिससे बढ़त मजबूत हुई।",सकारात्मक,बैडमिंटन,2
"स्थानापन्न खिलाड़ी ने विपक्षी हमले को रोका, जिसके बाद खेल आगे बढ़ा।",तटस्थ,फुटबॉल,1
"निर्णायक समय पर टायर दल ने दबाव में गलती की, जिससे जीत की उम्मीद कमजोर हुई।",नकारात्मक,फॉर्मूला वन,0
"मुकाबले के इस चरण में कप्तान ने सही समय पर चुनौती दी, जिससे वापसी सफल हुई।",सकारात्मक,फुटबॉल,2
"निर्णायक समय पर रेडर ने लगातार अंक जुटाए, जिससे वापसी सफल हुई।",सकारात्मक,कबड्डी,2
"गेंदबाज ने एक ओवर पूरा किया, और अगली गेंद खेली गई।",तटस्थ,क्रिकेट,1
"मुकाबले के इस चरण में खिलाड़ी ने सही समय पर आक्रमण किया, जिससे निर्णायक अंक मिला।",सकारात्मक,बैडमिंटन,2
"दबाव के बीच युगल जोड़ी ने खाली जगह की ओर शटल भेजी, जिसके बाद सर्विस बदली गई।",तटस्थ,बैडमिंटन,1
"आज रक्षक ने अगला अंक खेला, जिसके बाद अगला अंक खेला गया।",तटस्थ,कबड्डी,1
"आज आक्रामक दल ने दबाव नहीं बना सका, जिससे आत्मविश्वास घटा।",नकारात्मक,फुटबॉल,0
"मुकाबले के इस चरण में सहायक रक्षक ने विपक्षी क्षेत्र की ओर बढ़ा, जिसके बाद खिलाड़ी अपनी जगह लौटे।",तटस्थ,कबड्डी,1
"टीम प्रबंधन ने ट्रैक की स्थिति देखी, जिसके बाद अगला चक्कर शुरू हुआ।",तटस्थ,फॉर्मूला वन,1
"रक्षक ने अगला अंक खेला, और खेल आगे बढ़ा।",तटस्थ,कबड्डी,1
"दबाव के बीच रेस दल ने दौड़ की योजना पर काम किया, जिसके बाद अगला चरण शुरू हुआ।",तटस्थ,फॉर्मूला वन,1
"सहायक रक्षक ने लगातार अंक गंवाता रहा, जिससे बढ़त कमजोर हुई।",नकारात्मक,कबड्डी,0
"मध्य मैदान के खिलाड़ी ने आक्रमण शुरू किया, जिसके बाद गेंद फिर मध्य क्षेत्र में गई।",तटस्थ,फुटबॉल,1
"निर्णायक समय पर गोलकीपर ने एक बदलाव किया, जिसके बाद खिलाड़ी अपनी जगह लौटे।",तटस्थ,फुटबॉल,1
"निर्णायक समय पर चालक ने दौड़ की योजना देखी, जिसके बाद अगला चरण शुरू हुआ।",तटस्थ,फॉर्मूला वन,1
"विकेटकीपर ने तेज प्रतिक्रिया से मौका बनाया, जिससे दल का आत्मविश्वास बढ़ा।",सकारात्मक,क्रिकेट,2
"निर्णायक समय पर कप्तान ने गेंद खो दी, और विपक्षी को फायदा मिला।",नकारात्मक,फुटबॉल,0
"मध्यक्रम ने साझेदारी नहीं बना सका, और मुकाबला हाथ से निकलने लगा।",नकारात्मक,क्रिकेट,0
"निर्णायक समय पर रक्षक ने मैदान पर आते ही असर डाला, जिससे वापसी सफल हुई।",सकारात्मक,फुटबॉल,2
"निर्णायक समय पर युगल जोड़ी ने खाली जगह की ओर शटल भेजी, जिसके बाद दोनों खिलाड़ी अपनी जगह लौटे।",तटस्थ,बैडमिंटन,1
"मुकाबले के इस चरण में कप्तान ने निर्णायक अंक लिया, जिससे जरूरी अंक मिला।",सकारात्मक,कबड्डी,2
"दबाव के बीच स्थानापन्न खिलाड़ी ने शानदार गोल किया, जिससे बढ़त मजबूत हुई।",सकारात्मक,फुटबॉल,2
"दबाव के बीच मुख्य रेडर ने लगातार अंक गंवाता रहा, और दर्शकों में निराशा फैल गई 😞।",नकारात्मक,कबड्डी,0
"इंजीनियर ने ट्रैक की स्थिति देखी, और मुकाबला सामान्य गति से चला।",तटस्थ,फॉर्मूला वन,1
"गेंदबाज ने क्रीज पर आया, और अगली गेंद खेली गई।",तटस्थ,क्रिकेट,1
"निर्णायक समय पर दल ने मैदान पर आने के बाद असर नहीं डाल सका, और दर्शकों में निराशा फैल गई 😞।",नकारात्मक,कबड्डी,0
"मुकाबले के इस चरण में इंजीनियर ने एक चक्कर पूरा किया, जिसके बाद अगला चरण शुरू हुआ।",तटस्थ,फॉर्मूला वन,1
"दबाव के बीच रेडर ने मैदान में प्रवेश किया, और खेल आगे बढ़ा।",तटस्थ,कबड्डी,1
"मुकाबले के इस चरण में कप्तान ने क्षेत्ररक्षण में बदलाव किया, जिसके बाद दोनों दल अपनी योजना पर लौटे।",तटस्थ,क्रिकेट,1
"दबाव के बीच मध्य क्षेत्र ने गेंद खो दी, जिससे आत्मविश्वास घटा।",नकारात्मक,फुटबॉल,0
"मुकाबले के इस चरण में गोलकीपर ने आक्रमण शुरू किया, जिसके बाद खिलाड़ी अपनी जगह लौटे।",तटस्थ,फुटबॉल,1
"आज एकल खिलाड़ी ने गलत समय पर आक्रमण किया, और दर्शकों में निराशा फैल गई 😞।",नकारात्मक,बैडमिंटन,0
"आज मध्य खिलाड़ी ने रेड शुरू की, जिसके बाद अगला अंक खेला गया।",तटस्थ,कबड्डी,1
"मुकाबले के इस चरण में कार ने अगले बदलाव की तैयारी की, और मुकाबला सामान्य गति से चला।",तटस्थ,फॉर्मूला वन,1
"आज नेट खिलाड़ी ने पीछे से प्रहार किया, जिसके बाद सर्विस बदली गई।",तटस्थ,बैडमिंटन,1
"तेज गेंदबाज ने समय पर रणनीति बदली, जिससे रन गति सुधरी।",सकारात्मक,क्रिकेट,2
"मध्य खिलाड़ी ने अगला अंक खेला, जिसके बाद खिलाड़ी अपनी जगह लौटे।",तटस्थ,कबड्डी,1
"निर्णायक समय पर निर्णायक अंक पर खिलाड़ी ने रणनीति में सुधार नहीं कर सका, जिससे निर्णायक अंक हाथ से गया।",नकारात्मक,बैडमिंटन,0
"मुकाबले के इस चरण में दल ने रक्षा की स्थिति बनाई, और दोनों दल अगली चाल की तैयारी करने लगे।",तटस्थ,कबड्डी,1
"टीम प्रबंधन ने टायरों का सही उपयोग किया, और प्रतिद्वंद्वी दबाव में आया।",सकारात्मक,फॉर्मूला वन,2
"मुकाबले के इस चरण में रक्षापंक्ति ने सटीक पास दिया, जिससे वापसी सफल हुई।",सकारात्मक,फुटबॉल,2
"आज रक्षक ने देर से बदलाव किया, और रणनीति विफल रही।",नकारात्मक,कबड्डी,0
"मध्य खिलाड़ी ने रेडर को घेरने की कोशिश की, और खेल आगे बढ़ा।",तटस्थ,कबड्डी,1
"निर्णायक समय पर सहायक रक्षक ने बोनस का मौका गंवाया, और दर्शकों में निराशा फैल गई 😞।",नकारात्मक,कबड्डी,0
"कप्तान ने कठिन गेंदों पर नियंत्रण रखा, जिससे दल का आत्मविश्वास बढ़ा।",सकारात्मक,क्रिकेट,2
"आज अंतिम रेडर ने बोनस का मौका गंवाया, जिससे जरूरी अंक गंवा।",नकारात्मक,कबड्डी,0
"आज रेडर ने अच्छा तालमेल दिखाया, जिससे वापसी सफल हुई।",सकारात्मक,कबड्डी,2
"गोलकीपर ने सही समय पर चुनौती नहीं दी, और मुकाबला हाथ से निकलने लगा।",नकारात्मक,फुटबॉल,0
"आज स्पिनर ने पारी शुरू की, जिसके बाद अगला ओवर शुरू हुआ।",तटस्थ,क्रिकेट,1
"मुकाबले के इस चरण में रक्षक ने टैकल में चूक गया, और दर्शकों में निराशा फैल गई 😞।",नकारात्मक,कबड्डी,0
"टीम प्रबंधन ने बदलाव में समय गंवाया, जिससे स्थान गिरा।",नकारात्मक,फॉर्मूला वन,0
"आज टायर दल ने मोड़ पर नियंत्रण खोया, और प्रशंसकों में निराशा फैल गई 😞।",नकारात्मक,फॉर्मूला वन,0
"आज मध्य खिलाड़ी ने अपनी जगह संभाली, जिसके बाद अगली रेड शुरू हुई।",तटस्थ,कबड्डी,1
"नेट खिलाड़ी ने रैली जारी रखी, जिसके बाद सर्विस बदली गई।",तटस्थ,बैडमिंटन,1
"निर्णायक समय पर रक्षापंक्ति ने गलत पास दिया, जिससे आत्मविश्वास घटा।",नकारात्मक,फुटबॉल,0
"इंजीनियर ने टायर बदलने में देरी की, और दल का मनोबल गिरा।",नकारात्मक,फॉर्मूला वन,0
"दबाव के बीच निर्णायक अंक पर खिलाड़ी ने नेट के पास दबाव बनाया, और दर्शकों ने तालियां बजाईं 👏।",सकारात्मक,बैडमिंटन,2
"दबाव के बीच रणनीति दल ने सही समय पर निर्णय लिया, और दौड़ का रुख बदला।",सकारात्मक,फॉर्मूला वन,2
"पिट दल ने दौड़ की योजना पर काम किया, जिसके बाद अगला चरण शुरू हुआ।",तटस्थ,फॉर्मूला वन,1
"दबाव के बीच निचला क्रम ने दबाव में सही शॉट चुना, और विपक्षी दबाव में आ गया।",सकारात्मक,क्रिकेट,2
"मुकाबले के इस चरण में स्थानापन्न खिलाड़ी ने शानदार टैकल किया, और मुकाबला अपने पक्ष में झुका।",सकारात्मक,कबड्डी,2
"निर्णायक समय पर अंतिम रेडर ने टैकल में चूक गया, जिससे दल का आत्मविश्वास घटा।",नकारात्मक,कबड्डी,0
"आज आक्रामक खिलाड़ी ने पीछे से प्रहार किया, और मुकाबला सामान्य गति से चला।",तटस्थ,बैडमिंटन,1
"कप्तान ने कठिन गेंदों पर नियंत्रण रखा, जिससे रन गति सुधरी।",सकारात्मक,क्रिकेट,2
"दौड़ दल ने दौड़ की योजना पर काम किया, जिसके बाद अगला चक्कर शुरू हुआ।",तटस्थ,फॉर्मूला वन,1
"निर्णायक समय पर कप्तान ने खाली जगह पहचानी, और दर्शकों ने तालियां बजाईं 👏।",सकारात्मक,बैडमिंटन,2
"आज तेज गेंदबाज ने समय पर रणनीति बदली, और मुकाबला अपने पक्ष में झुक गया।",सकारात्मक,क्रिकेट,2
"दबाव के बीच अंतिम रेडर ने विपक्षी क्षेत्र की ओर बढ़ा, और दोनों दल अगली चाल की तैयारी करने लगे।",तटस्थ,कबड्डी,1
"आज रक्षात्मक खिलाड़ी ने अगले अंक की तैयारी की, जिसके बाद सर्विस बदली गई।",तटस्थ,बैडमिंटन,1
"आज कप्तान ने साझेदारी नहीं बना सका, और मुकाबला हाथ से निकलने लगा।",नकारात्मक,क्रिकेट,0
"आज स्पिनर ने क्रीज पर आया, और मुकाबला सामान्य गति से चलता रहा।",तटस्थ,क्रिकेट,1
"कप्तान ने गलत समय पर आक्रमण किया, और दर्शकों में निराशा फैल गई 😞।",नकारात्मक,बैडमिंटन,0
"आज बल्लेबाज ने देर से रणनीति बदली, और विपक्षी को बढ़त मिल गई।",नकारात्मक,क्रिकेट,0
"दबाव के बीच टीम प्रबंधन ने अंतिम चरण में गति बढ़ाई, जिससे जीत की उम्मीद बढ़ी।",सकारात्मक,फॉर्मूला वन,2
"दबाव के बीच गेंदबाज ने तेज प्रतिक्रिया से मौका बनाया, और दर्शकों में उत्साह फैल गया 😀।",सकारात्मक,क्रिकेट,2
"मुकाबले के इस चरण में इंजीनियर ने ओवरटेक का मौका गंवाया, और दल का मनोबल गिरा।",नकारात्मक,फॉर्मूला वन,0
"निर्णायक समय पर सहायक रक्षक ने बिना अंक लौट आया, और रणनीति विफल रही।",नकारात्मक,कबड्डी,0
"रक्षात्मक खिलाड़ी ने लंबी रैली जीती, जिससे जीत की उम्मीद बढ़ी।",सकारात्मक,बैडमिंटन,2
"आज युगल जोड़ी ने कठिन शटल नहीं लौटा सका, जिससे जीत कठिन हुई।",नकारात्मक,बैडमिंटन,0
"मुकाबले के इस चरण में रक्षापंक्ति ने आक्रमण को रोक दिया, जिससे बढ़त मजबूत हुई।",सकारात्मक,फुटबॉल,2
"दबाव के बीच पिट दल ने गलत रणनीति चुनी, और दौड़ का रुख बिगड़ा।",नकारात्मक,फॉर्मूला वन,0
"दबाव के बीच दल ने बिना अंक लौट आया, और दर्शकों में निराशा फैल गई 😞।",नकारात्मक,कबड्डी,0
"दबाव के बीच मध्यक्रम ने दबाव में गलत शॉट चुना, और रणनीति विफल रही।",नकारात्मक,क्रिकेट,0
"आज तेज गेंदबाज ने बीच के ओवरों में दबाव बनाए रखा, जिससे जीत की उम्मीद मजबूत हुई।",सकारात्मक,क्रिकेट,2
"निर्णायक समय पर सर्विस करने वाले खिलाड़ी ने सटीक स्मैश लगाया, और मुकाबला अपने पक्ष में झुका।",सकारात्मक,बैडमिंटन,2
"रक्षक ने समय पर बदलाव किया, और दर्शक खुशी से झूम उठे 😀।",सकारात्मक,कबड्डी,2
"निर्णायक समय पर दौड़ दल ने अंतिम चरण में गति बढ़ाई, और प्रतिद्वंद्वी दबाव में आया।",सकारात्मक,फॉर्मूला वन,2
"आज नेट खिलाड़ी ने सर्विस पर नियंत्रण खो बैठा, और दर्शकों में निराशा फैल गई 😞।",नकारात्मक,बैडमिंटन,0
"स्थानापन्न खिलाड़ी ने एक बदलाव किया, जिसके बाद खिलाड़ी अपनी जगह लौटे।",तटस्थ,फुटबॉल,1
"दबाव के बीच मध्य मैदान के खिलाड़ी ने आक्रमण शुरू किया, और अगला आक्रमण शुरू हुआ।",तटस्थ,फुटबॉल,1
"निर्णायक समय पर दल ने तालमेल बनाया, जिसके बाद अगली रेड शुरू हुई।",तटस्थ,कबड्डी,1
"मुकाबले के इस चरण में हमलावर ने विपक्षी हमले को रोका, जिसके बाद खेल आगे बढ़ा।",तटस्थ,फुटबॉल,1
"आज दौड़ दल ने तालमेल नहीं बना पाया, जिससे जीत की उम्मीद कमजोर हुई।",नकारात्मक,फॉर्मूला वन,0
"दबाव के बीच कप्तान ने रेडर को रोक नहीं पाया, और विपक्षी दबाव में नहीं आया।",नकारात्मक,कबड्डी,0
"दबाव के बीच पिछली पंक्ति का खिलाड़ी ने नेट पर शटल रोकी, और अगला अंक खेला गया।",तटस्थ,बैडमिंटन,1
"मुख्य चालक ने दबाव में धैर्य रखा, जिससे जीत की उम्मीद बढ़ी।",सकारात्मक,फॉर्मूला वन,2
"मुकाबले के इस चरण में बल्लेबाज ने देर से रणनीति बदली, जिससे दल का आत्मविश्वास घटा।",नकारात्मक,क्रिकेट,0
"निर्णायक समय पर स्थानापन्न खिलाड़ी ने लगातार दबाव बनाया, और मुकाबला अपने पक्ष में झुक गया।",सकारात्मक,फुटबॉल,2
"मुकाबले के इस चरण में सहायक रक्षक ने मैदान पर आने के बाद असर नहीं डाल सका, और मुकाबला हाथ से निकलने लगा।",नकारात्मक,कबड्डी,0
"दबाव के बीच दल ने अच्छा तालमेल दिखाया, और विपक्षी दबाव में आया।",सकारात्मक,कबड्डी,2
"मुकाबले के इस चरण में रक्षापंक्ति ने गेंद अपने पास रखी, जिसके बाद गेंद फिर मध्य क्षेत्र में गई।",तटस्थ,फुटबॉल,1
"कप्तान ने लंबी रैली जीती, और वापसी सफल हुई।",सकारात्मक,बैडमिंटन,2
"मुकाबले के इस चरण में दल ने मैदान में प्रवेश किया, जिसके बाद अगली रेड शुरू हुई।",तटस्थ,कबड्डी,1
"आक्रामक दल ने मैदान पर आने के बाद असर नहीं डाल सका, जिससे वापसी कठिन हुई।",नकारात्मक,फुटबॉल,0
"आज मध्य मैदान के खिलाड़ी ने मैदान पर आने के बाद असर नहीं डाल सका, और मुकाबला हाथ से निकलने लगा।",नकारात्मक,फुटबॉल,0
"टीम प्रबंधन ने अपनी गति बनाए रखी, जिसके बाद अगला चरण शुरू हुआ।",तटस्थ,फॉर्मूला वन,1
"मुकाबले के इस चरण में पिछली पंक्ति का खिलाड़ी ने नेट के पास अंक गंवा दिया, और प्रतिद्वंद्वी दबाव में नहीं आया।",नकारात्मक,बैडमिंटन,0
"विकेटकीपर ने दबाव में सही शॉट चुना, जिससे दल का आत्मविश्वास बढ़ा।",सकारात्मक,क्रिकेट,2
"मध्य खिलाड़ी ने सही समय पर बोनस लिया, और मुकाबला अपने पक्ष में झुका।",सकारात्मक,कबड्डी,2
"दबाव के बीच कार ने आंकड़ों की समीक्षा की, और मुकाबला सामान्य गति से चला।",तटस्थ,फॉर्मूला वन,1
"निर्णायक समय पर अंतिम रेडर ने विपक्षी क्षेत्र की ओर बढ़ा, और मुकाबला सामान्य गति से चला।",तटस्थ,कबड्डी,1
"चालक ने शानदार ओवरटेक किया, और प्रशंसकों में उत्साह फैल गया 🏎️।",सकारात्मक,फॉर्मूला वन,2
"दबाव के बीच निर्णायक अंक पर खिलाड़ी ने कठिन शटल लौटा दी, और प्रतिद्वंद्वी दबाव में आया।",सकारात्मक,बैडमिंटन,2
"दबाव के बीच मुख्य रेडर ने निर्देश दिया, और दोनों दल अगली चाल की तैयारी करने लगे।",तटस्थ,कबड्डी,1
"दबाव के बीच युगल जोड़ी ने सर्विस की, जिसके बाद दोनों खिलाड़ी अपनी जगह लौटे।",तटस्थ,बैडमिंटन,1
"आज पिछली पंक्ति का खिलाड़ी ने कठिन शटल लौटा दी, और प्रतिद्वंद्वी दबाव में आया।",सकारात्मक,बैडमिंटन,2
"निर्णायक समय पर चालक ने बदलाव में समय गंवाया, जिससे पोडियम की संभावना घटी।",नकारात्मक,फॉर्मूला वन,0
"दबाव के बीच दौड़ दल ने दौड़ की योजना पर काम किया, जिसके बाद कार फिर ट्रैक पर आई।",तटस्थ,फॉर्मूला वन,1
"मुकाबले के इस चरण में रणनीति दल ने शानदार ओवरटेक किया, और प्रतिद्वंद्वी दबाव में आया।",सकारात्मक,फॉर्मूला वन,2
"आज आक्रामक खिलाड़ी ने रणनीति में सुधार नहीं कर सका, जिससे आत्मविश्वास घटा।",नकारात्मक,बैडमिंटन,0
"मुकाबले के इस चरण में रक्षात्मक खिलाड़ी ने खाली जगह पहचानी, और प्रतिद्वंद्वी दबाव में आया।",सकारात्मक,बैडमिंटन,2
"मुकाबले के इस चरण में स्पिनर ने अपनी जगह बदली, और पारी अपने क्रम में आगे बढ़ी।",तटस्थ,क्रिकेट,1
"निर्णायक अंक पर खिलाड़ी ने बचाव की स्थिति ली, और मुकाबला सामान्य गति से चला।",तटस्थ,बैडमिंटन,1
"आज आक्रामक खिलाड़ी ने खाली जगह की ओर शटल भेजी, जिसके बाद सर्विस बदली गई।",तटस्थ,बैडमिंटन,1
"निर्णायक अंक पर खिलाड़ी ने कठिन शटल नहीं लौटा सका, और प्रतिद्वंद्वी दबाव में नहीं आया।",नकारात्मक,बैडमिंटन,0
"निर्णायक समय पर कप्तान ने अपनी जगह बदली, और पारी अपने क्रम में आगे बढ़ी।",तटस्थ,क्रिकेट,1
"मुकाबले के इस चरण में रक्षा पंक्ति ने रेडर को घेरने की कोशिश की, जिसके बाद खिलाड़ी अपनी जगह लौटे।",तटस्थ,कबड्डी,1
"मुकाबले के इस चरण में मध्य मैदान के खिलाड़ी ने मैदान पर आने के बाद असर नहीं डाल सका, जिससे गोल का अवसर चला गया।",नकारात्मक,फुटबॉल,0
"दबाव के बीच कप्तान ने रक्षा की स्थिति बनाई, और मुकाबला सामान्य गति से चला।",तटस्थ,कबड्डी,1
"कप्तान ने रणनीति पर चर्चा की, जिसके बाद अगली रैली शुरू हुई।",तटस्थ,बैडमिंटन,1
"आज आक्रामक खिलाड़ी ने सर्विस पर नियंत्रण रखा, और वापसी सफल हुई।",सकारात्मक,बैडमिंटन,2
"आज रेस दल ने तेज सेवा दी, और प्रतिद्वंद्वी दबाव में आया।",सकारात्मक,फॉर्मूला वन,2
"कप्तान ने खाली जगह पहचानी, जिससे आत्मविश्वास बढ़ा।",सकारात्मक,बैडमिंटन,2
"निर्णायक समय पर आक्रामक खिलाड़ी ने खाली जगह नहीं पहचान पाया, जिससे निर्णायक अंक हाथ से गया।",नकारात्मक,बैडमिंटन,0
"आज एकल खिलाड़ी ने अगले अंक की तैयारी की, जिसके बाद दोनों खिलाड़ी अपनी जगह लौटे।",तटस्थ,बैडमिंटन,1
"मुकाबले के इस चरण में रक्षक ने अपनी जगह संभाली, जिसके बाद अगली रेड शुरू हुई।",तटस्थ,कबड्डी,1
"दबाव के बीच मध्य खिलाड़ी ने रेडर को घेरने की कोशिश की, और दोनों दल अगली चाल की तैयारी करने लगे।",तटस्थ,कबड्डी,1
"निर्णायक समय पर मध्यक्रम ने गेंद संभाली, और अगली गेंद खेली गई।",तटस्थ,क्रिकेट,1
"मुकाबले के इस चरण में निर्णायक अंक पर खिलाड़ी ने लंबी रैली जीती, और मुकाबला अपने पक्ष में झुका।",सकारात्मक,बैडमिंटन,2
"टीम प्रबंधन ने रणनीति पर चर्चा की, जिसके बाद अगला चक्कर शुरू हुआ।",तटस्थ,फॉर्मूला वन,1
"दबाव के बीच पिछली पंक्ति का खिलाड़ी ने रणनीति पर चर्चा की, जिसके बाद सर्विस बदली गई।",तटस्थ,बैडमिंटन,1
"दबाव के बीच निर्णायक अंक पर खिलाड़ी ने बचाव में चूक गया, और मुकाबला विपक्षी की ओर झुका।",नकारात्मक,बैडमिंटन,0
"आज मध्य मैदान के खिलाड़ी ने पास आगे बढ़ाया, जिसके बाद खिलाड़ी अपनी जगह लौटे।",तटस्थ,फुटबॉल,1
"दबाव के बीच दल ने मैदान पर आते ही असर डाला, जिससे वापसी सफल हुई।",सकारात्मक,कबड्डी,2
"दबाव के बीच विंगर ने दबाव नहीं बना सका, और योजना विफल रही।",नकारात्मक,फुटबॉल,0
"रेस दल ने टायर बदलने में देरी की, और दौड़ का रुख बिगड़ा।",नकारात्मक,फॉर्मूला वन,0
"दबाव के बीच कप्तान ने लंबी रैली गंवा बैठा, और दर्शकों में निराशा फैल गई 😞।",नकारात्मक,बैडमिंटन,0
"मुकाबले के इस चरण में रक्षक ने मिलकर रेडर को रोका, जिससे दल का आत्मविश्वास बढ़ा।",सकारात्मक,कबड्डी,2
"दबाव के बीच नेट खिलाड़ी ने तेज प्रतिक्रिया दिखाई, और प्रतिद्वंद्वी दबाव में आया।",सकारात्मक,बैडमिंटन,2
"मुकाबले के इस चरण में कप्तान ने निर्देश दिया, और मुकाबला सामान्य गति से चला।",तटस्थ,कबड्डी,1
"दबाव के बीच स्थानापन्न खिलाड़ी ने टैकल में चूक गया, जिससे जरूरी अंक गंवा।",नकारात्मक,कबड्डी,0
"अंतिम रेडर ने मजबूत घेरा बनाया, और जीत की उम्मीद बढ़ी।",सकारात्मक,कबड्डी,2
"मुकाबले के इस चरण में आक्रामक खिलाड़ी ने शटल आगे भेजी, और अगला अंक खेला गया।",तटस्थ,बैडमिंटन,1
"एकल खिलाड़ी ने सर्विस पर नियंत्रण खो बैठा, जिससे जीत कठिन हुई।",नकारात्मक,बैडमिंटन,0
"आज रक्षा पंक्ति ने मैदान पर आने के बाद असर नहीं डाल सका, जिससे बढ़त कमजोर हुई।",नकारात्मक,कबड्डी,0
"दबाव के बीच कप्तान ने मजबूत बचाव किया, जिससे निर्णायक अंक मिला।",सकारात्मक,बैडमिंटन,2
"कप्तान ने खिलाड़ियों के बीच गेंद घुमाई, जिसके बाद गेंद फिर मध्य क्षेत्र में गई।",तटस्थ,फुटबॉल,1
"आज मध्य खिलाड़ी ने लगातार अंक जुटाए, जिससे दल का आत्मविश्वास बढ़ा।",सकारात्मक,कबड्डी,2
"दबाव के बीच स्थानापन्न खिलाड़ी ने गेंद पर नियंत्रण रखा, और मुकाबला अपने पक्ष में झुक गया।",सकारात्मक,फुटबॉल,2
"निर्णायक समय पर कप्तान ने सही समय पर बोनस लिया, और मुकाबला अपने पक्ष में झुका।",सकारात्मक,कबड्डी,2
"मुकाबले के इस चरण में एकल खिलाड़ी ने तेज प्रतिक्रिया दिखाई, जिससे जीत की उम्मीद बढ़ी।",सकारात्मक,बैडमिंटन,2
"दबाव के बीच युगल जोड़ी ने लंबी रैली जीती, जिससे आत्मविश्वास बढ़ा।",सकारात्मक,बैडमिंटन,2
"दबाव के बीच मुख्य चालक ने अंतिम चरण में गति नहीं बढ़ा सका, जिससे समय का नुकसान हुआ।",नकारात्मक,फॉर्मूला वन,0
"दबाव के बीच कप्तान ने कठिन गेंदों पर नियंत्रण रखा, जिससे वापसी सफल हुई।",सकारात्मक,क्रिकेट,2
"मुकाबले के इस चरण में मुख्य रेडर ने विपक्षी क्षेत्र की ओर बढ़ा, और दोनों दल अगली चाल की तैयारी करने लगे।",तटस्थ,कबड्डी,1
"आज आक्रामक दल ने शानदार गोल किया, और मुकाबला अपने पक्ष में झुक गया।",सकारात्मक,फुटबॉल,2
"मुकाबले के इस चरण में कप्तान ने क्रीज पर आया, और मुकाबला सामान्य गति से चलता रहा।",तटस्थ,क्रिकेट,1
"मुकाबले के इस चरण में सहायक रक्षक ने निर्देश दिया, और दोनों दल अगली चाल की तैयारी करने लगे।",तटस्थ,कबड्डी,1
"सर्विस करने वाले खिलाड़ी ने नेट के पास दबाव बनाया, और वापसी सफल हुई।",सकारात्मक,बैडमिंटन,2
"दबाव के बीच अंतिम रेडर ने निर्णायक अंक लिया, जिससे दल का आत्मविश्वास बढ़ा।",सकारात्मक,कबड्डी,2
"मुकाबले के इस चरण में मध्य क्षेत्र ने आक्रमण शुरू किया, और दोनों दल रणनीति पर काम करते रहे।",तटस्थ,फुटबॉल,1
"दबाव के बीच कप्तान ने अंतिम ओवरों में नियंत्रण खो बैठा, जिससे रन गति गिर गई।",नकारात्मक,क्रिकेट,0
"मुकाबले के इस चरण में सलामी जोड़ी ने अगला ओवर शुरू किया, और अगली गेंद खेली गई।",तटस्थ,क्रिकेट,1
"दबाव के बीच आक्रामक दल ने तालमेल खो दिया, जिससे आत्मविश्वास घटा।",नकारात्मक,फुटबॉल,0
"क्षेत्ररक्षक ने गेंद संभाली, जिसके बाद दोनों दल अपनी योजना पर लौटे।",तटस्थ,क्रिकेट,1
"रक्षा पंक्ति ने मैदान पर आते ही असर डाला, और मुकाबला अपने पक्ष में झुका।",सकारात्मक,कबड्डी,2
"मुकाबले के इस चरण में रक्षात्मक खिलाड़ी ने बचाव की स्थिति ली, जिसके बाद दोनों खिलाड़ी अपनी जगह लौटे।",तटस्थ,बैडमिंटन,1
"दबाव के बीच पिट दल ने आंकड़ों की समीक्षा की, और दौड़ आगे बढ़ी।",तटस्थ,फॉर्मूला वन,1
"गेंदबाज ने कुछ रन जोड़े, और अगली गेंद खेली गई।",तटस्थ,क्रिकेट,1
"पिछली पंक्ति का खिलाड़ी ने नेट के पास दबाव बनाया, और प्रतिद्वंद्वी दबाव में आया।",सकारात्मक,बैडमिंटन,2
"दबाव के बीच चालक ने दबाव में गलती की, जिससे पोडियम की संभावना घटी।",नकारात्मक,फॉर्मूला वन,0
"दबाव के बीच आक्रामक दल ने सही समय पर चुनौती दी, जिससे वापसी सफल हुई।",सकारात्मक,फुटबॉल,2
"मुकाबले के इस चरण में कप्तान ने विपक्षी हमले को रोका, और मुकाबला सामान्य गति से चलता रहा।",तटस्थ,फुटबॉल,1
"निर्णायक समय पर रणनीति दल ने एक चक्कर पूरा किया, जिसके बाद अगला चक्कर शुरू हुआ।",तटस्थ,फॉर्मूला वन,1
"दबाव के बीच स्थानापन्न खिलाड़ी ने आक्रमण शुरू किया, और दोनों दल रणनीति पर काम करते रहे।",तटस्थ,फुटबॉल,1
"निर्णायक समय पर मध्य क्षेत्र ने गलत पास दिया, और मुकाबला हाथ से निकलने लगा।",नकारात्मक,फुटबॉल,0
"दबाव के बीच स्थानापन्न खिलाड़ी ने समय पर बदलाव किया, और दर्शक खुशी से झूम उठे 😀।",सकारात्मक,फुटबॉल,2
"मुकाबले के इस चरण में क्षेत्ररक्षक ने अंतिम ओवरों में गति बढ़ाई, जिससे दल का आत्मविश्वास बढ़ा।",सकारात्मक,क्रिकेट,2
"स्पिनर ने अगली गेंद का सामना किया, जिसके बाद खेल आगे बढ़ा।",तटस्थ,क्रिकेट,1
"मुकाबले के इस चरण में निचला क्रम ने कठिन गेंदों पर नियंत्रण रखा, और मुकाबला अपने पक्ष में झुक गया।",सकारात्मक,क्रिकेट,2
"मुकाबले के इस चरण में इंजीनियर ने ओवरटेक का मौका गंवाया, और दौड़ का रुख बिगड़ा।",नकारात्मक,फॉर्मूला वन,0
"दबाव के बीच गेंदबाज ने अगली गेंद का सामना किया, और मुकाबला सामान्य गति से चलता रहा।",तटस्थ,क्रिकेट,1
"दबाव के बीच रक्षापंक्ति ने मैदान पर आने के बाद असर नहीं डाल सका, और मुकाबला हाथ से निकलने लगा।",नकारात्मक,फुटबॉल,0
"विंगर ने मैदान पर आते ही असर डाला, और दर्शक खुशी से झूम उठे 😀।",सकारात्मक,फुटबॉल,2
"मुकाबले के इस चरण में विंगर ने मैदान पर आते ही असर डाला, जिससे दल का आत्मविश्वास बढ़ा।",सकारात्मक,फुटबॉल,2
"मुकाबले के इस चरण में एकल खिलाड़ी ने सटीक स्मैश लगाया, जिससे बढ़त मजबूत हुई।",सकारात्मक,बैडमिंटन,2
"दबाव के बीच कप्तान ने सर्विस की, और खेल आगे बढ़ा।",तटस्थ,बैडमिंटन,1
"आज स्थानापन्न खिलाड़ी ने शानदार टैकल किया, और विपक्षी दबाव में आया।",सकारात्मक,कबड्डी,2
"आज हमलावर ने मैदान पर आते ही असर डाला, जिससे वापसी सफल हुई।",सकारात्मक,फुटबॉल,2
"आज गोलकीपर ने मैदान में प्रवेश किया, और अगला आक्रमण शुरू हुआ।",तटस्थ,फुटबॉल,1
"दबाव के बीच रक्षात्मक खिलाड़ी ने सही समय पर आक्रमण किया, और वापसी सफल हुई।",सकारात्मक,बैडमिंटन,2
"एकल खिलाड़ी ने सही समय पर आक्रमण किया, जिससे निर्णायक अंक मिला।",सकारात्मक,बैडमिंटन,2
"आज निचला क्रम ने एक ओवर पूरा किया, जिसके बाद दोनों दल अपनी योजना पर लौटे।",तटस्थ,क्रिकेट,1
"स्पिनर ने अपनी जगह बदली, जिसके बाद दोनों दल अपनी योजना पर लौटे।",तटस्थ,क्रिकेट,1
"निर्णायक समय पर सर्विस करने वाला खिलाड़ी ने स्मैश बाहर मार बैठा, जिससे आत्मविश्वास घटा।",नकारात्मक,बैडमिंटन,0
"मुकाबले के इस चरण में गेंदबाज ने साझेदारी नहीं बना सका, और मुकाबला हाथ से निकलने लगा।",नकारात्मक,क्रिकेट,0
"दबाव के बीच युगल जोड़ी ने खाली जगह पहचानी, और दर्शकों ने तालियां बजाईं 👏।",सकारात्मक,बैडमिंटन,2
"निर्णायक समय पर पिट दल ने ओवरटेक का मौका गंवाया, जिससे पोडियम की संभावना घटी।",नकारात्मक,फॉर्मूला वन,0
"चालक ने ओवरटेक का मौका गंवाया, और प्रतिद्वंद्वी को फायदा मिला।",नकारात्मक,फॉर्मूला वन,0
"निर्णायक समय पर दल ने रेडर को रोक नहीं पाया, जिससे बढ़त कमजोर हुई।",नकारात्मक,कबड्डी,0
"दबाव के बीच स्पिनर ने क्षेत्ररक्षण में बदलाव किया, और अगली गेंद खेली गई।",तटस्थ,क्रिकेट,1
"निर्णायक समय पर कप्तान ने जरूरी विकेट नहीं ले सका, और रणनीति विफल रही।",नकारात्मक,क्रिकेट,0
"दबाव के बीच विंगर ने सही समय पर चुनौती नहीं दी, जिससे आत्मविश्वास घटा।",नकारात्मक,फुटबॉल,0
"मुकाबले के इस चरण में युगल जोड़ी ने सर्विस पर नियंत्रण रखा, जिससे आत्मविश्वास बढ़ा।",सकारात्मक,बैडमिंटन,2
"निर्णायक समय पर इंजीनियर ने टायरों का गलत उपयोग किया, जिससे जीत की उम्मीद कमजोर हुई।",नकारात्मक,फॉर्मूला वन,0
"निर्णायक समय पर रक्षक ने गोल की ओर गेंद भेजी, जिसके बाद खेल आगे बढ़ा।",तटस्थ,फुटबॉल,1
"मुकाबले के इस चरण में बल्लेबाज ने साझेदारी नहीं बना सका, और दर्शकों में निराशा फैल गई 😞।",नकारात्मक,क्रिकेट,0
"युगल जोड़ी ने अगले अंक की तैयारी की, और मुकाबला सामान्य गति से चला।",तटस्थ,बैडमिंटन,1
"मुकाबले के इस चरण में बल्लेबाज ने जरूरी विकेट नहीं ले सका, और दर्शकों में निराशा फैल गई 😞।",नकारात्मक,क्रिकेट,0
"निर्णायक समय पर एकल खिलाड़ी ने तेज प्रतिक्रिया दिखाई, जिससे आत्मविश्वास बढ़ा।",सकारात्मक,बैडमिंटन,2
"निर्णायक समय पर स्पिनर ने अंतिम ओवरों में गति बढ़ाई, और मुकाबला अपने पक्ष में झुक गया।",सकारात्मक,क्रिकेट,2
"दबाव के बीच नेट खिलाड़ी ने कठिन शटल लौटा दी, और मुकाबला अपने पक्ष में झुका।",सकारात्मक,बैडमिंटन,2
"मुकाबले के इस चरण में कप्तान ने बीच के ओवरों में महंगा साबित हुआ, और दर्शकों में निराशा फैल गई 😞।",नकारात्मक,क्रिकेट,0
"दबाव के बीच चालक ने दबाव में धैर्य रखा, और प्रशंसकों में उत्साह फैल गया 🏎️।",सकारात्मक,फॉर्मूला वन,2
"निर्णायक समय पर इंजीनियर ने सही रणनीति चुनी, और दल का मनोबल ऊंचा हुआ।",सकारात्मक,फॉर्मूला वन,2
"मुकाबले के इस चरण में पिछली पंक्ति का खिलाड़ी ने तेज प्रतिक्रिया दिखाई, और दर्शकों ने तालियां बजाईं 👏।",सकारात्मक,बैडमिंटन,2
"सर्विस करने वाला खिलाड़ी ने नेट के पास अंक गंवा दिया, जिससे आत्मविश्वास घटा।",नकारात्मक,बैडमिंटन,0
"आज रक्षात्मक खिलाड़ी ने सही समय पर आक्रमण किया, जिससे निर्णायक अंक मिला।",सकारात्मक,बैडमिंटन,2
"कप्तान ने आक्रमण शुरू किया, जिसके बाद खेल आगे बढ़ा।",तटस्थ,फुटबॉल,1
"मुकाबले के इस चरण में रक्षापंक्ति ने पास आगे बढ़ाया, जिसके बाद खेल आगे बढ़ा।",तटस्थ,फुटबॉल,1
"मुख्य चालक ने अंतिम चरण में गति बढ़ाई, जिससे समय का लाभ मिला।",सकारात्मक,फॉर्मूला वन,2
"आज कप्तान ने घेरा टूटने दिया, जिससे वापसी कठिन हुई।",नकारात्मक,कबड्डी,0
"निर्णायक समय पर रक्षापंक्ति ने आक्रमण को रोक दिया, जिससे दल का आत्मविश्वास बढ़ा।",सकारात्मक,फुटबॉल,2
"आज कप्तान ने अगली गेंद का सामना किया, जिसके बाद दोनों दल अपनी योजना पर लौटे।",तटस्थ,क्रिकेट,1
"दबाव के बीच मुख्य रेडर ने मैदान पर आते ही असर डाला, और जीत की उम्मीद बढ़ी।",सकारात्मक,कबड्डी,2
"टायर दल ने ओवरटेक का मौका गंवाया, और प्रशंसकों में निराशा फैल गई 😞।",नकारात्मक,फॉर्मूला वन,0
"पिछली पंक्ति का खिलाड़ी ने तेज प्रतिक्रिया दिखाई, जिससे बढ़त मजबूत हुई।",सकारात्मक,बैडमिंटन,2
"रक्षात्मक खिलाड़ी ने लंबी रैली जीती, और मुकाबला अपने पक्ष में झुका।",सकारात्मक,बैडमिंटन,2
"दबाव के बीच रेस दल ने मोड़ पर नियंत्रण खोया, और प्रतिद्वंद्वी को फायदा मिला।",नकारात्मक,फॉर्मूला वन,0
"मुकाबले के इस चरण में विकेटकीपर ने बीच के ओवर में गेंदबाजी की, जिसके बाद खेल आगे बढ़ा।",तटस्थ,क्रिकेट,1
"आज सहायक रक्षक ने निर्देश दिया, जिसके बाद अगली रेड शुरू हुई।",तटस्थ,कबड्डी,1
"आज मुख्य रेडर ने समय पर बदलाव किया, और मुकाबला अपने पक्ष में झुका।",सकारात्मक,कबड्डी,2
"रक्षक ने अपनी जगह संभाली, और खेल आगे बढ़ा।",तटस्थ,कबड्डी,1
"मुकाबले के इस चरण में मुख्य रेडर ने रेड शुरू की, और खेल आगे बढ़ा।",तटस्थ,कबड्डी,1
"मुकाबले के इस चरण में नेट खिलाड़ी ने सर्विस की, और मुकाबला सामान्य गति से चला।",तटस्थ,बैडमिंटन,1
"दबाव के बीच मुख्य रेडर ने निर्देश दिया, जिसके बाद खिलाड़ी अपनी जगह लौटे।",तटस्थ,कबड्डी,1
"अंतिम रेडर ने घेरा टूटने दिया, और मुकाबला हाथ से निकलने लगा।",नकारात्मक,कबड्डी,0
"टायर दल ने दौड़ की योजना देखी, और मुकाबला सामान्य गति से चला।",तटस्थ,फॉर्मूला वन,1
"निर्णायक समय पर दौड़ दल ने बदलाव में समय गंवाया, और प्रतिद्वंद्वी को फायदा मिला।",नकारात्मक,फॉर्मूला वन,0
"दबाव के बीच विंगर ने आसान मौका गंवाया, और विपक्षी को फायदा मिला।",नकारात्मक,फुटबॉल,0
"मुख्य रेडर ने लगातार अंक जुटाए, और मुकाबला अपने पक्ष में झुका।",सकारात्मक,कबड्डी,2
"स्पिनर ने क्षेत्ररक्षण में बदलाव किया, जिसके बाद दोनों दल अपनी योजना पर लौटे।",तटस्थ,क्रिकेट,1
"निर्णायक समय पर रणनीति दल ने दबाव में गलती की, और प्रशंसकों में निराशा फैल गई 😞।",नकारात्मक,फॉर्मूला वन,0
"निर्णायक समय पर कप्तान ने लंबी रैली गंवा बैठा, और मुकाबला विपक्षी की ओर झुका।",नकारात्मक,बैडमिंटन,0
"आज कप्तान ने विपक्षी हमले को रोका, और दोनों दल रणनीति पर काम करते रहे।",तटस्थ,फुटबॉल,1
"निर्णायक समय पर युगल जोड़ी ने लंबी रैली जीती, और प्रतिद्वंद्वी दबाव में आया।",सकारात्मक,बैडमिंटन,2
"निर्णायक समय पर गोलकीपर ने खिलाड़ियों के बीच गेंद घुमाई, और दोनों दल रणनीति पर काम करते रहे।",तटस्थ,फुटबॉल,1
"निर्णायक समय पर कप्तान ने टैकल में चूक गया, और रणनीति विफल रही।",नकारात्मक,कबड्डी,0
"दबाव के बीच मध्य खिलाड़ी ने रक्षा की स्थिति बनाई, और खेल आगे बढ़ा।",तटस्थ,कबड्डी,1
"निर्णायक समय पर सलामी जोड़ी ने दबाव में गलत शॉट चुना, और विपक्षी को बढ़त मिल गई।",नकारात्मक,क्रिकेट,0
"मुकाबले के इस चरण में टीम प्रबंधन ने टायरों का गलत उपयोग किया, जिससे पोडियम की संभावना घटी।",नकारात्मक,फॉर्मूला वन,0
"दबाव के बीच पिछली पंक्ति का खिलाड़ी ने अगला शॉट खेला, जिसके बाद सर्विस बदली गई।",तटस्थ,बैडमिंटन,1
"दबाव के बीच कप्तान ने बचाव में चूक गया, जिससे बढ़त कमजोर हुई।",नकारात्मक,फुटबॉल,0
"निर्णायक समय पर स्थानापन्न खिलाड़ी ने आक्रमण को रोक दिया, जिससे गोल का अवसर बना।",सकारात्मक,फुटबॉल,2
"दबाव के बीच निर्णायक अंक पर खिलाड़ी ने लंबी रैली गंवा बैठा, और वापसी का मौका कम हुआ।",नकारात्मक,बैडमिंटन,0
"मध्य मैदान के खिलाड़ी ने मैदान पर आने के बाद असर नहीं डाल सका, जिससे गोल का अवसर चला गया।",नकारात्मक,फुटबॉल,0
"निर्णायक समय पर क्षेत्ररक्षक ने क्षेत्ररक्षण में बदलाव किया, जिसके बाद दोनों दल अपनी योजना पर लौटे।",तटस्थ,क्रिकेट,1
"मुकाबले के इस चरण में युगल जोड़ी ने नेट के पास अंक गंवा दिया, और वापसी का मौका कम हुआ।",नकारात्मक,बैडमिंटन,0
"दबाव के बीच इंजीनियर ने तालमेल नहीं बना पाया, और दल का मनोबल गिरा।",नकारात्मक,फॉर्मूला वन,0
"दबाव के बीच आक्रामक दल ने विपक्षी हमले को रोका, जिसके बाद खेल आगे बढ़ा।",तटस्थ,फुटबॉल,1
"मुकाबले के इस चरण में स्थानापन्न खिलाड़ी ने आसान मौका गंवाया, जिससे बढ़त कमजोर हुई।",नकारात्मक,फुटबॉल,0
"मुकाबले के इस चरण में नेट खिलाड़ी ने खाली जगह पहचानी, जिससे निर्णायक अंक मिला।",सकारात्मक,बैडमिंटन,2
"बल्लेबाज ने मजबूत साझेदारी बनाई, जिससे रन गति सुधरी।",सकारात्मक,क्रिकेट,2
"मध्य खिलाड़ी ने मैदान पर आने के बाद असर नहीं डाल सका, जिससे बढ़त कमजोर हुई।",नकारात्मक,कबड्डी,0
"दबाव के बीच हमलावर ने दबाव नहीं बना सका, और दर्शकों में निराशा फैल गई 😞।",नकारात्मक,फुटबॉल,0
"निर्णायक समय पर रक्षापंक्ति ने गोल की ओर गेंद भेजी, जिसके बाद गेंद फिर मध्य क्षेत्र में गई।",तटस्थ,फुटबॉल,1
"रक्षा पंक्ति ने बिना अंक लौट आया, जिससे दल का आत्मविश्वास घटा।",नकारात्मक,कबड्डी,0
"टायर दल ने अगले बदलाव की तैयारी की, जिसके बाद अगला चरण शुरू हुआ।",तटस्थ,फॉर्मूला वन,1
"स्थानापन्न खिलाड़ी ने बिना अंक लौट आया, और विपक्षी दबाव में नहीं आया।",नकारात्मक,कबड्डी,0
"निर्णायक समय पर स्पिनर ने क्रीज पर आया, जिसके बाद अगला ओवर शुरू हुआ।",तटस्थ,क्रिकेट,1
"मुकाबले के इस चरण में रेडर ने अच्छा तालमेल दिखाया, जिससे दल का आत्मविश्वास बढ़ा।",सकारात्मक,कबड्डी,2
"कार ने मोड़ पार किया, और चालक ने अपनी स्थिति बनाए रखी।",तटस्थ,फॉर्मूला वन,1
"दबाव के बीच सलामी जोड़ी ने बीच के ओवरों में महंगा साबित हुआ, और दर्शकों में निराशा फैल गई 😞।",नकारात्मक,क्रिकेट,0
"दबाव के बीच रेस दल ने दबाव में धैर्य रखा, जिससे स्थान सुधरा।",सकारात्मक,फॉर्मूला वन,2
"आज सर्विस करने वाला खिलाड़ी ने रणनीति पर चर्चा की, और अगला अंक खेला गया।",तटस्थ,बैडमिंटन,1
"मुकाबले के इस चरण में आक्रामक खिलाड़ी ने नेट के पास अंक गंवा दिया, और प्रतिद्वंद्वी दबाव में नहीं आया।",नकारात्मक,बैडमिंटन,0
"निर्णायक समय पर रक्षा पंक्ति ने निर्णायक अंक नहीं ले सका, और दर्शकों में निराशा फैल गई 😞।",नकारात्मक,कबड्डी,0
"निर्णायक समय पर गेंदबाज ने बीच के ओवरों में महंगा साबित हुआ, जिससे रन गति गिर गई।",नकारात्मक,क्रिकेट,0
"आज सहायक रक्षक ने मैदान पर आने के बाद असर नहीं डाल सका, और मुकाबला हाथ से निकलने लगा।",नकारात्मक,कबड्डी,0
"निर्णायक समय पर दौड़ दल ने मोड़ पर नियंत्रण रखा, जिससे स्थान सुधरा।",सकारात्मक,फॉर्मूला वन,2
"मुकाबले के इस चरण में रेडर ने अगली रेड की तैयारी की, और दोनों दल अगली चाल की तैयारी करने लगे।",तटस्थ,कबड्डी,1
"दबाव के बीच मध्य मैदान के खिलाड़ी ने कठिन बचाव किया, और जीत की उम्मीद बढ़ी।",सकारात्मक,फुटबॉल,2
"निर्णायक समय पर कप्तान ने गलत पास दिया, जिससे गोल का अवसर चला गया।",नकारात्मक,फुटबॉल,0
"बल्लेबाज ने क्रीज पर आया, और मुकाबला सामान्य गति से चलता रहा।",तटस्थ,क्रिकेट,1
"आज कप्तान ने बचाव में चूक गया, और विपक्षी को फायदा मिला।",नकारात्मक,फुटबॉल,0
"निर्णायक समय पर टीम प्रबंधन ने शानदार ओवरटेक किया, और दल का मनोबल ऊंचा हुआ।",सकारात्मक,फॉर्मूला वन,2
"आज स्थानापन्न खिलाड़ी ने निर्णायक अंक नहीं ले सका, और दर्शकों में निराशा फैल गई 😞।",नकारात्मक,कबड्डी,0
"रक्षा पंक्ति ने सही समय पर बोनस लिया, जिससे बढ़त मजबूत हुई।",सकारात्मक,कबड्डी,2
"दबाव के बीच आक्रामक दल ने आक्रमण शुरू किया, और दोनों दल रणनीति पर काम करते रहे।",तटस्थ,फुटबॉल,1
"मुकाबले के इस चरण में रेडर ने मिलकर रेडर को रोका, और मुकाबला अपने पक्ष में झुका।",सकारात्मक,कबड्डी,2
"स्थानापन्न खिलाड़ी ने सही समय पर चुनौती नहीं दी, और दर्शकों में निराशा फैल गई 😞।",नकारात्मक,फुटबॉल,0
"मुकाबले के इस चरण में रक्षक ने शानदार टैकल किया, और जीत की उम्मीद बढ़ी।",सकारात्मक,कबड्डी,2
"मुकाबले के इस चरण में कप्तान ने मैदान पर आने के बाद असर नहीं डाल सका, जिससे दल का आत्मविश्वास घटा।",नकारात्मक,कबड्डी,0
"मुकाबले के इस चरण में एकल खिलाड़ी ने रणनीति में अच्छा बदलाव किया, जिससे बढ़त मजबूत हुई।",सकारात्मक,बैडमिंटन,2
"दबाव के बीच आक्रामक खिलाड़ी ने सही समय पर आक्रमण किया, और प्रतिद्वंद्वी दबाव में आया।",सकारात्मक,बैडमिंटन,2
"बल्लेबाज ने महत्वपूर्ण गेंद रोक नहीं पाया, जिससे जीत की संभावना कमजोर हुई।",नकारात्मक,क्रिकेट,0
"मुकाबले के इस चरण में रक्षक ने तेज तालमेल दिखाया, और विपक्षी दबाव में आया।",सकारात्मक,फुटबॉल,2
"दबाव के बीच सलामी जोड़ी ने सटीक गेंदबाजी की, और दर्शकों में उत्साह फैल गया 😀।",सकारात्मक,क्रिकेट,2
"रेस दल ने शानदार ओवरटेक किया, और प्रशंसकों में उत्साह फैल गया 🏎️।",सकारात्मक,फॉर्मूला वन,2
"मुकाबले के इस चरण में सलामी जोड़ी ने क्षेत्ररक्षण में बदलाव किया, जिसके बाद अगला ओवर शुरू हुआ।",तटस्थ,क्रिकेट,1
"टायर दल ने तेज सेवा दी, और दौड़ का रुख बदला।",सकारात्मक,फॉर्मूला वन,2
"मुकाबले के इस चरण में स्थानापन्न खिलाड़ी ने गलत पास दिया, और दर्शकों में निराशा फैल गई 😞।",नकारात्मक,फुटबॉल,0
"मध्य खिलाड़ी ने मैदान में प्रवेश किया, और खेल आगे बढ़ा।",तटस्थ,कबड्डी,1
"आज टायर दल ने शानदार ओवरटेक किया, और प्रशंसकों में उत्साह फैल गया 🏎️।",सकारात्मक,फॉर्मूला वन,2
"निर्णायक समय पर बल्लेबाज ने मजबूत साझेदारी बनाई, जिससे दल का आत्मविश्वास बढ़ा।",सकारात्मक,क्रिकेट,2
"आज सलामी जोड़ी ने मजबूत साझेदारी बनाई, जिससे जीत की उम्मीद मजबूत हुई।",सकारात्मक,क्रिकेट,2
"मुकाबले के इस चरण में टीम प्रबंधन ने सही रणनीति चुनी, और दल का मनोबल ऊंचा हुआ।",सकारात्मक,फॉर्मूला वन,2
"निर्णायक समय पर विकेटकीपर ने संयम से पारी संभाली, जिससे रन गति सुधरी।",सकारात्मक,क्रिकेट,2
"आज आक्रामक दल ने विपक्षी हमले को रोका, जिसके बाद खिलाड़ी अपनी जगह लौटे।",तटस्थ,फुटबॉल,1
"विकेटकीपर ने मजबूत साझेदारी बनाई, और दर्शकों में उत्साह फैल गया 😀।",सकारात्मक,क्रिकेट,2
"दबाव के बीच बल्लेबाज ने साझेदारी नहीं बना सका, और दर्शकों में निराशा फैल गई 😞।",नकारात्मक,क्रिकेट,0
"दबाव के बीच सहायक रक्षक ने सही समय पर बोनस लिया, जिससे बढ़त मजबूत हुई।",सकारात्मक,कबड्डी,2
"मुकाबले के इस चरण में खिलाड़ी ने नेट के पास दबाव बनाया, और वापसी सफल हुई।",सकारात्मक,बैडमिंटन,2
"आज एकल खिलाड़ी ने सटीक स्मैश लगाया, जिससे जीत की उम्मीद बढ़ी।",सकारात्मक,बैडमिंटन,2
"तेज गेंदबाज ने कठिन गेंदों पर नियंत्रण रखा, और मुकाबला अपने पक्ष में झुक गया।",सकारात्मक,क्रिकेट,2
"मुकाबले के इस चरण में चालक ने दबाव में धैर्य रखा, जिससे समय का लाभ मिला।",सकारात्मक,फॉर्मूला वन,2
"आज बल्लेबाज ने ढीली गेंदें डालता रहा, और मुकाबला हाथ से निकलने लगा।",नकारात्मक,क्रिकेट,0
"आज चालक ने अंतिम चरण में गति नहीं बढ़ा सका, जिससे पोडियम की संभावना घटी।",नकारात्मक,फॉर्मूला वन,0
"आज चालक ने बदलाव में समय गंवाया, और प्रतिद्वंद्वी को फायदा मिला।",नकारात्मक,फॉर्मूला वन,0
"आज क्षेत्ररक्षक ने बीच के ओवरों में दबाव बनाए रखा, जिससे वापसी सफल हुई।",सकारात्मक,क्रिकेट,2
"रणनीति दल ने आंकड़ों की समीक्षा की, और चालक ने अपनी स्थिति बनाए रखी।",तटस्थ,फॉर्मूला वन,1
"मुकाबले के इस चरण में दौड़ दल ने अंतिम चरण में गति नहीं बढ़ा सका, और दल का मनोबल गिरा।",नकारात्मक,फॉर्मूला वन,0
"आज रक्षक ने मैदान पर आते ही असर डाला, जिससे दल का आत्मविश्वास बढ़ा।",सकारात्मक,कबड्डी,2
"आज पिछली पंक्ति का खिलाड़ी ने बचाव में चूक गया, जिससे आत्मविश्वास घटा।",नकारात्मक,बैडमिंटन,0
"मुकाबले के इस चरण में अंतिम रेडर ने अगला अंक खेला, जिसके बाद खिलाड़ी अपनी जगह लौटे।",तटस्थ,कबड्डी,1
"टीम प्रबंधन ने रणनीति पर चर्चा की, और चालक ने अपनी स्थिति बनाए रखी।",तटस्थ,फॉर्मूला वन,1
"आज दल ने अच्छा तालमेल दिखाया, जिससे दल का आत्मविश्वास बढ़ा।",सकारात्मक,कबड्डी,2
"कप्तान ने सटीक पास दिया, जिससे दल का आत्मविश्वास बढ़ा।",सकारात्मक,फुटबॉल,2
"दबाव के बीच रक्षक ने आसान मौका गंवाया, और विपक्षी को फायदा मिला।",नकारात्मक,फुटबॉल,0
"मुकाबले के इस चरण में मध्यक्रम ने साझेदारी नहीं बना सका, और दर्शकों में निराशा फैल गई 😞।",नकारात्मक,क्रिकेट,0
"पिट दल ने दौड़ की योजना पर काम किया, जिसके बाद कार फिर ट्रैक पर आई।",तटस्थ,फॉर्मूला वन,1
"आज आक्रामक दल ने गेंद पर नियंत्रण रखा, और जीत की उम्मीद बढ़ी।",सकारात्मक,फुटबॉल,2
"आज रक्षक ने देर से बदलाव किया, और विपक्षी दबाव में नहीं आया।",नकारात्मक,कबड्डी,0
"निर्णायक समय पर क्षेत्ररक्षक ने पारी शुरू की, जिसके बाद दोनों दल अपनी योजना पर लौटे।",तटस्थ,क्रिकेट,1
"आज स्थानापन्न खिलाड़ी ने दबाव नहीं बना सका, जिससे वापसी कठिन हुई।",नकारात्मक,फुटबॉल,0
"मुकाबले के इस चरण में आक्रामक खिलाड़ी ने नेट के पास दबाव बनाया, और मुकाबला अपने पक्ष में झुका।",सकारात्मक,बैडमिंटन,2
"दबाव के बीच स्थानापन्न खिलाड़ी ने रेडर को रोक नहीं पाया, जिससे जरूरी अंक गंवा।",नकारात्मक,कबड्डी,0
"दबाव के बीच अंतिम रेडर ने मैदान पर आने के बाद असर नहीं डाल सका, और रणनीति विफल रही।",नकारात्मक,कबड्डी,0
"मुकाबले के इस चरण में तेज गेंदबाज ने बीच के ओवर में गेंदबाजी की, और अगली गेंद खेली गई।",तटस्थ,क्रिकेट,1
"दबाव के बीच रेस दल ने मोड़ पर नियंत्रण रखा, जिससे समय का लाभ मिला।",सकारात्मक,फॉर्मूला वन,2
"मुकाबले के इस चरण में खिलाड़ी ने पीछे से प्रहार किया, जिसके बाद सर्विस बदली गई।",तटस्थ,बैडमिंटन,1
"निर्णायक अंक पर खिलाड़ी ने सही समय पर आक्रमण किया, जिससे निर्णायक अंक मिला।",सकारात्मक,बैडमिंटन,2
"मुकाबले के इस चरण में हमलावर ने सही समय पर चुनौती नहीं दी, जिससे बढ़त कमजोर हुई।",नकारात्मक,फुटबॉल,0
"दबाव के बीच चालक ने तेज बदलाव किया, जिससे स्थान सुधरा।",सकारात्मक,फॉर्मूला वन,2
"निर्णायक समय पर अंतिम रेडर ने अगला अंक खेला, और खेल आगे बढ़ा।",तटस्थ,कबड्डी,1
"मुकाबले के इस चरण में टीम प्रबंधन ने ओवरटेक का मौका गंवाया, और दौड़ का रुख बिगड़ा।",नकारात्मक,फॉर्मूला वन,0
"दबाव के बीच मुख्य रेडर ने अच्छा तालमेल दिखाया, जिससे जरूरी अंक मिला।",सकारात्मक,कबड्डी,2
"आज रक्षक ने सफल रेड की, जिससे जरूरी अंक मिला।",सकारात्मक,कबड्डी,2
"दबाव के बीच अंतिम रेडर ने तालमेल बनाया, जिसके बाद खिलाड़ी अपनी जगह लौटे।",तटस्थ,कबड्डी,1
"निचला क्रम ने अगली गेंद का सामना किया, जिसके बाद दोनों दल अपनी योजना पर लौटे।",तटस्थ,क्रिकेट,1
"दबाव के बीच पिछली पंक्ति का खिलाड़ी ने रैली जारी रखी, और मुकाबला सामान्य गति से चला।",तटस्थ,बैडमिंटन,1
"दौड़ दल ने मोड़ पार किया, और दौड़ आगे बढ़ी।",तटस्थ,फॉर्मूला वन,1
"निर्णायक समय पर हमलावर ने मैदान में प्रवेश किया, जिसके बाद खिलाड़ी अपनी जगह लौटे।",तटस्थ,फुटबॉल,1
"आज इंजीनियर ने रणनीति पर चर्चा की, जिसके बाद अगला चक्कर शुरू हुआ।",तटस्थ,फॉर्मूला वन,1
"मुकाबले के इस चरण में कप्तान ने लंबी रैली जीती, और वापसी सफल हुई।",सकारात्मक,बैडमिंटन,2
"रेस दल ने दौड़ की योजना पर काम किया, जिसके बाद अगला चरण शुरू हुआ।",तटस्थ,फॉर्मूला वन,1
"निर्णायक समय पर रक्षक ने मैदान पर आते ही असर डाला, और विपक्षी दबाव में आया।",सकारात्मक,फुटबॉल,2
"दल ने अच्छा तालमेल दिखाया, और विपक्षी दबाव में आया।",सकारात्मक,कबड्डी,2
"आज अंतिम रेडर ने टैकल में चूक गया, जिससे जरूरी अंक गंवा।",नकारात्मक,कबड्डी,0
"दबाव के बीच विंगर ने तालमेल खो दिया, और योजना विफल रही।",नकारात्मक,फुटबॉल,0
"दबाव के बीच कप्तान ने स्मैश बाहर मार बैठा, जिससे आत्मविश्वास घटा।",नकारात्मक,बैडमिंटन,0
"मुख्य रेडर ने मैदान पर आते ही असर डाला, और दर्शक खुशी से झूम उठे 😀।",सकारात्मक,कबड्डी,2
"रक्षात्मक खिलाड़ी ने सही समय पर आक्रमण किया, और वापसी सफल हुई।",सकारात्मक,बैडमिंटन,2
"गोलकीपर ने गेंद पर नियंत्रण रखा, जिससे बढ़त मजबूत हुई।",सकारात्मक,फुटबॉल,2
"निर्णायक समय पर हमलावर ने सही समय पर चुनौती नहीं दी, जिससे गोल का अवसर चला गया।",नकारात्मक,फुटबॉल,0
"कप्तान ने गेंद अपने पास रखी, और दोनों दल रणनीति पर काम करते रहे।",तटस्थ,फुटबॉल,1
"आज टीम प्रबंधन ने दौड़ की योजना पर काम किया, और मुकाबला सामान्य गति से चला।",तटस्थ,फॉर्मूला वन,1
"आज गोलकीपर ने मैदान में प्रवेश किया, जिसके बाद खिलाड़ी अपनी जगह लौटे।",तटस्थ,फुटबॉल,1
"आज विकेटकीपर ने सटीक गेंदबाजी की, जिससे वापसी सफल हुई।",सकारात्मक,क्रिकेट,2
"आज निर्णायक अंक पर खिलाड़ी ने खाली जगह की ओर शटल भेजी, और अगला अंक खेला गया।",तटस्थ,बैडमिंटन,1
"निर्णायक समय पर टीम प्रबंधन ने दौड़ की योजना देखी, और चालक ने अपनी स्थिति बनाए रखी।",तटस्थ,फॉर्मूला वन,1
"आज पिछली पंक्ति का खिलाड़ी ने तेज प्रतिक्रिया दिखाई, और प्रतिद्वंद्वी दबाव में आया।",सकारात्मक,बैडमिंटन,2
"आज चालक ने ओवरटेक का मौका गंवाया, और प्रशंसकों में निराशा फैल गई 😞।",नकारात्मक,फॉर्मूला वन,0
"दबाव के बीच सहायक रक्षक ने शानदार टैकल किया, जिससे दल का आत्मविश्वास बढ़ा।",सकारात्मक,कबड्डी,2
"दबाव के बीच सलामी जोड़ी ने पारी शुरू की, और पारी अपने क्रम में आगे बढ़ी।",तटस्थ,क्रिकेट,1
"निर्णायक समय पर टायर दल ने देर से निर्णय लिया, और दल का मनोबल गिरा।",नकारात्मक,फॉर्मूला वन,0
"अंतिम रेडर ने मिलकर रेडर को रोका, और जीत की उम्मीद बढ़ी।",सकारात्मक,कबड्डी,2
"निर्णायक समय पर कार ने गलत रणनीति चुनी, जिससे जीत की उम्मीद कमजोर हुई।",नकारात्मक,फॉर्मूला वन,0
"दौड़ दल ने रणनीति पर चर्चा की, और मुकाबला सामान्य गति से चला।",तटस्थ,फॉर्मूला वन,1
"आज आक्रामक दल ने गेंद अपने पास रखी, जिसके बाद गेंद फिर मध्य क्षेत्र में गई।",तटस्थ,फुटबॉल,1
"कप्तान ने पास आगे बढ़ाया, जिसके बाद खेल आगे बढ़ा।",तटस्थ,फुटबॉल,1
"दबाव के बीच कप्तान ने सही समय पर बोनस लिया, और विपक्षी दबाव में आया।",सकारात्मक,कबड्डी,2
"आज रक्षात्मक खिलाड़ी ने नेट के पास दबाव बनाया, जिससे आत्मविश्वास बढ़ा।",सकारात्मक,बैडमिंटन,2
"आज आक्रामक दल ने गेंद अपने पास रखी, और मुकाबला सामान्य गति से चलता रहा।",तटस्थ,फुटबॉल,1
"मुकाबले के इस चरण में बल्लेबाज ने अगला ओवर शुरू किया, और अगली गेंद खेली गई।",तटस्थ,क्रिकेट,1
"चालक ने अपनी गति बनाए रखी, और चालक ने अपनी स्थिति बनाए रखी।",तटस्थ,फॉर्मूला वन,1
"सलामी जोड़ी ने अंतिम ओवरों में नियंत्रण खो बैठा, जिससे वापसी कठिन हुई।",नकारात्मक,क्रिकेट,0
"निर्णायक समय पर टायर दल ने एक चक्कर पूरा किया, और मुकाबला सामान्य गति से चला।",तटस्थ,फॉर्मूला वन,1
"निर्णायक समय पर गेंदबाज ने अगली गेंद का सामना किया, जिसके बाद अगला ओवर शुरू हुआ।",तटस्थ,क्रिकेट,1
"मुख्य चालक ने अंतिम चरण में गति बढ़ाई, और प्रतिद्वंद्वी दबाव में आया।",सकारात्मक,फॉर्मूला वन,2
"मुकाबले के इस चरण में आक्रामक खिलाड़ी ने रणनीति में सुधार नहीं कर सका, जिससे बढ़त कमजोर हुई।",नकारात्मक,बैडमिंटन,0
"निर्णायक समय पर टायर दल ने दौड़ की योजना पर काम किया, और दौड़ आगे बढ़ी।",तटस्थ,फॉर्मूला वन,1
"निर्णायक समय पर मध्य क्षेत्र ने गेंद अपने पास रखी, जिसके बाद गेंद फिर मध्य क्षेत्र में गई।",तटस्थ,फुटबॉल,1
"आज रक्षापंक्ति ने तालमेल खो दिया, जिससे आत्मविश्वास घटा।",नकारात्मक,फुटबॉल,0
"निर्णायक समय पर कप्तान ने आसान मौका गंवा बैठा, और विपक्षी को बढ़त मिल गई।",नकारात्मक,क्रिकेट,0
"कप्तान ने रेड शुरू की, और मुकाबला सामान्य गति से चला।",तटस्थ,कबड्डी,1
"मुकाबले के इस चरण में कार ने सही समय पर निर्णय लिया, जिससे जीत की उम्मीद बढ़ी।",सकारात्मक,फॉर्मूला वन,2
"आज स्पिनर ने अंतिम ओवरों में नियंत्रण खो बैठा, और रणनीति विफल रही।",नकारात्मक,क्रिकेट,0
"सहायक रक्षक ने सही समय पर बोनस लिया, जिससे वापसी सफल हुई।",सकारात्मक,कबड्डी,2
"आज कप्तान ने अपनी जगह संभाली, जिसके बाद अगला अंक खेला गया।",तटस्थ,कबड्डी,1
"निर्णायक समय पर चालक ने टायर बदले, और दौड़ आगे बढ़ी।",तटस्थ,फॉर्मूला वन,1
"निर्णायक समय पर निचला क्रम ने बीच के ओवर में गेंदबाजी की, जिसके बाद खेल आगे बढ़ा।",तटस्थ,क्रिकेट,1
"मुकाबले के इस चरण में कप्तान ने निर्णायक अंक लिया, और दर्शक खुशी से झूम उठे 😀।",सकारात्मक,कबड्डी,2
"निर्णायक समय पर अंतिम रेडर ने अगली रेड की तैयारी की, जिसके बाद अगली रेड शुरू हुई।",तटस्थ,कबड्डी,1
"निर्णायक समय पर स्पिनर ने जरूरी विकेट नहीं ले सका, जिससे वापसी कठिन हुई।",नकारात्मक,क्रिकेट,0
"टायर दल ने टायर बदले, जिसके बाद अगला चरण शुरू हुआ।",तटस्थ,फॉर्मूला वन,1
"मध्य खिलाड़ी ने रक्षा की स्थिति बनाई, और दोनों दल अगली चाल की तैयारी करने लगे।",तटस्थ,कबड्डी,1
"दबाव के बीच गोलकीपर ने तालमेल खो दिया, जिससे गोल का अवसर चला गया।",नकारात्मक,फुटबॉल,0
"आज रक्षा पंक्ति ने देर से बदलाव किया, और रणनीति विफल रही।",नकारात्मक,कबड्डी,0
"मुकाबले के इस चरण में गेंदबाज ने पारी शुरू की, जिसके बाद अगला ओवर शुरू हुआ।",तटस्थ,क्रिकेट,1
"मुकाबले के इस चरण में दौड़ दल ने दौड़ की योजना देखी, जिसके बाद कार फिर ट्रैक पर आई।",तटस्थ,फॉर्मूला वन,1
"निर्णायक समय पर स्पिनर ने अपनी जगह बदली, और मुकाबला सामान्य गति से चलता रहा।",तटस्थ,क्रिकेट,1
"दबाव के बीच मध्य क्षेत्र ने मैदान में प्रवेश किया, जिसके बाद खेल आगे बढ़ा।",तटस्थ,फुटबॉल,1
"विकेटकीपर ने अंतिम ओवरों में गति बढ़ाई, जिससे वापसी सफल हुई।",सकारात्मक,क्रिकेट,2
"दबाव के बीच एकल खिलाड़ी ने नेट पर शटल रोकी, जिसके बाद दोनों खिलाड़ी अपनी जगह लौटे।",तटस्थ,बैडमिंटन,1
"क्षेत्ररक्षक ने अंतिम ओवरों में गति बढ़ाई, जिससे वापसी सफल हुई।",सकारात्मक,क्रिकेट,2
"दबाव के बीच रक्षक ने मैदान में प्रवेश किया, और मुकाबला सामान्य गति से चला।",तटस्थ,कबड्डी,1
"निर्णायक समय पर मुख्य रेडर ने विपक्षी क्षेत्र की ओर बढ़ा, जिसके बाद अगली रेड शुरू हुई।",तटस्थ,कबड्डी,1
"दबाव के बीच टायर दल ने मोड़ पर नियंत्रण रखा, जिससे समय का लाभ मिला।",सकारात्मक,फॉर्मूला वन,2
"आज पिछली पंक्ति का खिलाड़ी ने शटल आगे भेजी, और मुकाबला सामान्य गति से चला।",तटस्थ,बैडमिंटन,1
"मुकाबले के इस चरण में रक्षापंक्ति ने आसान मौका गंवाया, और दर्शकों में निराशा फैल गई 😞।",नकारात्मक,फुटबॉल,0
"आज मध्य खिलाड़ी ने लगातार अंक जुटाए, जिससे वापसी सफल हुई।",सकारात्मक,कबड्डी,2
"मुकाबले के इस चरण में हमलावर ने कठिन बचाव किया, और जीत की उम्मीद बढ़ी।",सकारात्मक,फुटबॉल,2
"दबाव के बीच रक्षक ने अच्छा तालमेल दिखाया, जिससे दल का आत्मविश्वास बढ़ा।",सकारात्मक,कबड्डी,2
"दौड़ दल ने दौड़ की योजना पर काम किया, और दौड़ आगे बढ़ी।",तटस्थ,फॉर्मूला वन,1
"दबाव के बीच टीम प्रबंधन ने तालमेल नहीं बना पाया, जिससे समय का नुकसान हुआ।",नकारात्मक,फॉर्मूला वन,0
"आज कप्तान ने स्मैश बाहर मार बैठा, और मुकाबला विपक्षी की ओर झुका।",नकारात्मक,बैडमिंटन,0
"मुकाबले के इस चरण में टायर दल ने लगातार अच्छा तालमेल रखा, जिससे समय का लाभ मिला।",सकारात्मक,फॉर्मूला वन,2
"चालक ने देर से निर्णय लिया, और प्रशंसकों में निराशा फैल गई 😞।",नकारात्मक,फॉर्मूला वन,0
"निर्णायक समय पर रक्षक ने तालमेल खो दिया, और योजना विफल रही।",नकारात्मक,फुटबॉल,0
"मुकाबले के इस चरण में मध्य खिलाड़ी ने देर से बदलाव किया, और दर्शकों में निराशा फैल गई 😞।",नकारात्मक,कबड्डी,0
"आज सर्विस करने वाला खिलाड़ी ने कठिन शटल नहीं लौटा सका, जिससे आत्मविश्वास घटा।",नकारात्मक,बैडमिंटन,0
"दबाव के बीच पिट दल ने तालमेल नहीं बना पाया, और दल का मनोबल गिरा।",नकारात्मक,फॉर्मूला वन,0
"आक्रामक खिलाड़ी ने नेट पर शटल रोकी, और अगला अंक खेला गया।",तटस्थ,बैडमिंटन,1
"आज हमलावर ने आक्रमण शुरू किया, और दोनों दल रणनीति पर काम करते रहे।",तटस्थ,फुटबॉल,1
"मुकाबले के इस चरण में कप्तान ने बिना अंक लौट आया, जिससे दल का आत्मविश्वास घटा।",नकारात्मक,कबड्डी,0
"बल्लेबाज ने दबाव में गलत शॉट चुना, जिससे जीत की संभावना कमजोर हुई।",नकारात्मक,क्रिकेट,0
"निर्णायक समय पर मध्यक्रम ने अंतिम ओवरों में नियंत्रण खो बैठा, और रणनीति विफल रही।",नकारात्मक,क्रिकेट,0
"आज पिछली पंक्ति का खिलाड़ी ने कठिन शटल लौटा दी, और मुकाबला अपने पक्ष में झुका।",सकारात्मक,बैडमिंटन,2
"निर्णायक समय पर चालक ने शानदार ओवरटेक किया, और दल का मनोबल ऊंचा हुआ।",सकारात्मक,फॉर्मूला वन,2
"निर्णायक समय पर स्पिनर ने साझेदारी नहीं बना सका, जिससे वापसी कठिन हुई।",नकारात्मक,क्रिकेट,0
"आज इंजीनियर ने अगले बदलाव की तैयारी की, जिसके बाद कार फिर ट्रैक पर आई।",तटस्थ,फॉर्मूला वन,1
"निर्णायक समय पर खिलाड़ी ने मजबूत बचाव किया, और मुकाबला अपने पक्ष में झुका।",सकारात्मक,बैडमिंटन,2
"निर्णायक अंक पर खिलाड़ी ने देर से प्रतिक्रिया दी, जिससे जीत कठिन हुई।",नकारात्मक,बैडमिंटन,0
"स्थानापन्न खिलाड़ी ने मैदान में प्रवेश किया, जिसके बाद अगला अंक खेला गया।",तटस्थ,कबड्डी,1
"मध्य खिलाड़ी ने समय पर बदलाव किया, जिससे दल का आत्मविश्वास बढ़ा।",सकारात्मक,कबड्डी,2
"मुकाबले के इस चरण में रक्षापंक्ति ने गोल की ओर गेंद भेजी, जिसके बाद गेंद फिर मध्य क्षेत्र में गई।",तटस्थ,फुटबॉल,1
"दबाव के बीच रणनीति दल ने रणनीति पर चर्चा की, और दौड़ आगे बढ़ी।",तटस्थ,फॉर्मूला वन,1
"आज कप्तान ने खिलाड़ियों के बीच गेंद घुमाई, और दोनों दल रणनीति पर काम करते रहे।",तटस्थ,फुटबॉल,1
"निर्णायक समय पर स्पिनर ने दबाव में सही शॉट चुना, जिससे वापसी सफल हुई।",सकारात्मक,क्रिकेट,2
"आज गेंदबाज ने अगला ओवर शुरू किया, और मुकाबला सामान्य गति से चलता रहा।",तटस्थ,क्रिकेट,1
"मुख्य रेडर ने टैकल में चूक गया, और रणनीति विफल रही।",नकारात्मक,कबड्डी,0
"मुकाबले के इस चरण में युगल जोड़ी ने लंबी रैली गंवा बैठा, और दर्शकों में निराशा फैल गई 😞।",नकारात्मक,बैडमिंटन,0
"दबाव के बीच नेट खिलाड़ी ने अगले अंक की तैयारी की, और खेल आगे बढ़ा।",तटस्थ,बैडमिंटन,1
"सर्विस करने वाला खिलाड़ी ने रैली जारी रखी, और खेल आगे बढ़ा।",तटस्थ,बैडमिंटन,1
"निर्णायक समय पर खिलाड़ी ने नेट पर शटल रोकी, जिसके बाद सर्विस बदली गई।",तटस्थ,बैडमिंटन,1
"दबाव के बीच रेस दल ने अगले बदलाव की तैयारी की, और मुकाबला सामान्य गति से चला।",तटस्थ,फॉर्मूला वन,1
"दबाव के बीच एकल खिलाड़ी ने अगला शॉट खेला, और मुकाबला सामान्य गति से चला।",तटस्थ,बैडमिंटन,1
"निर्णायक समय पर कप्तान ने कुछ रन जोड़े, जिसके बाद खेल आगे बढ़ा।",तटस्थ,क्रिकेट,1
"निर्णायक समय पर मध्य क्षेत्र ने लगातार दबाव बनाया, जिससे दल का आत्मविश्वास बढ़ा।",सकारात्मक,फुटबॉल,2
"निर्णायक समय पर सहायक रक्षक ने रेडर को घेरने की कोशिश की, और मुकाबला सामान्य गति से चला।",तटस्थ,कबड्डी,1
"मुकाबले के इस चरण में रेडर ने समय पर बदलाव किया, जिससे दल का आत्मविश्वास बढ़ा।",सकारात्मक,कबड्डी,2
"निर्णायक समय पर सहायक रक्षक ने मैदान पर आते ही असर डाला, और दर्शक खुशी से झूम उठे 😀।",सकारात्मक,कबड्डी,2
"एकल खिलाड़ी ने रणनीति में अच्छा बदलाव किया, और दर्शकों ने तालियां बजाईं 👏।",सकारात्मक,बैडमिंटन,2
"रेस दल ने टायरों का सही उपयोग किया, जिससे पोडियम की संभावना बढ़ी।",सकारात्मक,फॉर्मूला वन,2
"दबाव के बीच गोलकीपर ने आक्रमण शुरू किया, और मुकाबला सामान्य गति से चलता रहा।",तटस्थ,फुटबॉल,1
"निर्णायक समय पर विंगर ने गेंद पर नियंत्रण रखा, और विपक्षी दबाव में आया।",सकारात्मक,फुटबॉल,2
"दबाव के बीच मध्यक्रम ने सटीक गेंदबाजी की, जिससे वापसी सफल हुई।",सकारात्मक,क्रिकेट,2
"एकल खिलाड़ी ने अगले अंक की तैयारी की, जिसके बाद सर्विस बदली गई।",तटस्थ,बैडमिंटन,1
"मुकाबले के इस चरण में रक्षक ने खिलाड़ियों के बीच गेंद घुमाई, जिसके बाद खेल आगे बढ़ा।",तटस्थ,फुटबॉल,1
"मुकाबले के इस चरण में क्षेत्ररक्षक ने गेंद संभाली, जिसके बाद दोनों दल अपनी योजना पर लौटे।",तटस्थ,क्रिकेट,1
"दबाव के बीच रेडर ने निर्णायक अंक लिया, और मुकाबला अपने पक्ष में झुका।",सकारात्मक,कबड्डी,2
"निचला क्रम ने बीच के ओवरों में दबाव बनाए रखा, और रणनीति कामयाब रही।",सकारात्मक,क्रिकेट,2
"दबाव के बीच रेडर ने बोनस का मौका गंवाया, जिससे जरूरी अंक गंवा।",नकारात्मक,कबड्डी,0
"निर्णायक समय पर खिलाड़ी ने रणनीति में अच्छा बदलाव किया, और दर्शकों ने तालियां बजाईं 👏।",सकारात्मक,बैडमिंटन,2
"निर्णायक समय पर युगल जोड़ी ने सर्विस पर नियंत्रण रखा, जिससे बढ़त मजबूत हुई।",सकारात्मक,बैडमिंटन,2
"दबाव के बीच आक्रामक दल ने सही समय पर चुनौती दी, जिससे बढ़त मजबूत हुई।",सकारात्मक,फुटबॉल,2
"पिट दल ने अपनी गति बनाए रखी, और चालक ने अपनी स्थिति बनाए रखी।",तटस्थ,फॉर्मूला वन,1
"दबाव के बीच आक्रामक दल ने दबाव नहीं बना सका, और मुकाबला हाथ से निकलने लगा।",नकारात्मक,फुटबॉल,0
"कप्तान ने आसान मौका गंवा बैठा, जिससे दल का आत्मविश्वास घटा।",नकारात्मक,क्रिकेट,0
"दबाव के बीच विकेटकीपर ने अंतिम ओवरों में नियंत्रण खो बैठा, जिससे जीत की संभावना कमजोर हुई।",नकारात्मक,क्रिकेट,0
"रेस दल ने मोड़ पर नियंत्रण खोया, और दल का मनोबल गिरा।",नकारात्मक,फॉर्मूला वन,0
"मुकाबले के इस चरण में खिलाड़ी ने रणनीति में अच्छा बदलाव किया, जिससे बढ़त मजबूत हुई।",सकारात्मक,बैडमिंटन,2
"टायर दल ने गलत रणनीति चुनी, जिससे जीत की उम्मीद कमजोर हुई।",नकारात्मक,फॉर्मूला वन,0
"दबाव के बीच कप्तान ने गेंद खो दी, और दर्शकों में निराशा फैल गई 😞।",नकारात्मक,फुटबॉल,0
"निर्णायक समय पर रक्षक ने रेड शुरू की, जिसके बाद अगला अंक खेला गया।",तटस्थ,कबड्डी,1
"मुकाबले के इस चरण में रेस दल ने शानदार ओवरटेक किया, और प्रशंसकों में उत्साह फैल गया 🏎️।",सकारात्मक,फॉर्मूला वन,2
"निर्णायक समय पर पिछली पंक्ति का खिलाड़ी ने सही समय पर आक्रमण किया, और प्रतिद्वंद्वी दबाव में आया।",सकारात्मक,बैडमिंटन,2
"निर्णायक समय पर गेंदबाज ने मजबूत साझेदारी बनाई, और रणनीति कामयाब रही।",सकारात्मक,क्रिकेट,2
"कप्तान ने कठिन शटल नहीं लौटा सका, और वापसी का मौका कम हुआ।",नकारात्मक,बैडमिंटन,0
"आज हमलावर ने सही समय पर चुनौती नहीं दी, जिससे गोल का अवसर चला गया।",नकारात्मक,फुटबॉल,0
"मुकाबले के इस चरण में आक्रामक खिलाड़ी ने लंबी रैली गंवा बैठा, जिससे बढ़त कमजोर हुई।",नकारात्मक,बैडमिंटन,0
"मुकाबले के इस चरण में निचला क्रम ने क्रीज पर आया, और मुकाबला सामान्य गति से चलता रहा।",तटस्थ,क्रिकेट,1
"दौड़ दल ने बदलाव में समय गंवाया, और प्रतिद्वंद्वी को फायदा मिला।",नकारात्मक,फॉर्मूला वन,0
"दबाव के बीच आक्रामक दल ने तेज तालमेल दिखाया, जिससे बढ़त मजबूत हुई।",सकारात्मक,फुटबॉल,2
"मध्यक्रम ने जरूरी विकेट नहीं ले सका, और मुकाबला हाथ से निकलने लगा।",नकारात्मक,क्रिकेट,0
"आज क्षेत्ररक्षक ने क्रीज पर आया, जिसके बाद खेल आगे बढ़ा।",तटस्थ,क्रिकेट,1
"आज गोलकीपर ने समय पर बदलाव किया, जिससे बढ़त मजबूत हुई।",सकारात्मक,फुटबॉल,2
"निर्णायक समय पर मुख्य चालक ने शानदार ओवरटेक किया, जिससे समय का लाभ मिला।",सकारात्मक,फॉर्मूला वन,2
"निर्णायक समय पर बल्लेबाज ने जल्दी विकेट गंवा बैठा, जिससे रन गति गिर गई।",नकारात्मक,क्रिकेट,0
"एकल खिलाड़ी ने बचाव में चूक गया, और मुकाबला विपक्षी की ओर झुका।",नकारात्मक,बैडमिंटन,0
"दबाव के बीच कार ने सही रणनीति चुनी, जिससे जीत की उम्मीद बढ़ी।",सकारात्मक,फॉर्मूला वन,2
"आज कप्तान ने तेज प्रतिक्रिया दिखाई, जिससे आत्मविश्वास बढ़ा।",सकारात्मक,बैडमिंटन,2
"मध्य मैदान के खिलाड़ी ने बचाव में चूक गया, जिससे आत्मविश्वास घटा।",नकारात्मक,फुटबॉल,0
"कप्तान ने मैदान पर आने के बाद असर नहीं डाल सका, जिससे बढ़त कमजोर हुई।",नकारात्मक,फुटबॉल,0
"कप्तान ने बिना अंक लौट आया, और मुकाबला हाथ से निकलने लगा।",नकारात्मक,कबड्डी,0
"आज पिछली पंक्ति का खिलाड़ी ने लंबी रैली गंवा बैठा, और प्रतिद्वंद्वी दबाव में नहीं आया।",नकारात्मक,बैडमिंटन,0
"दबाव के बीच रक्षा पंक्ति ने बिना अंक लौट आया, और दर्शकों में निराशा फैल गई 😞।",नकारात्मक,कबड्डी,0
"टीम प्रबंधन ने रणनीति पर चर्चा की, जिसके बाद अगला चरण शुरू हुआ।",तटस्थ,फॉर्मूला वन,1
"आज विकेटकीपर ने एक ओवर पूरा किया, और मुकाबला सामान्य गति से चलता रहा।",तटस्थ,क्रिकेट,1
"निर्णायक समय पर कप्तान ने निर्देश दिया, जिसके बाद अगली रेड शुरू हुई।",तटस्थ,कबड्डी,1
"निर्णायक समय पर रक्षा पंक्ति ने निर्णायक अंक नहीं ले सका, जिससे वापसी कठिन हुई।",नकारात्मक,कबड्डी,0
"निर्णायक समय पर नेट खिलाड़ी ने बचाव की स्थिति ली, और अगला अंक खेला गया।",तटस्थ,बैडमिंटन,1
"विकेटकीपर ने गेंद संभाली, जिसके बाद दोनों दल अपनी योजना पर लौटे।",तटस्थ,क्रिकेट,1
"निर्णायक समय पर सलामी जोड़ी ने सटीक गेंदबाजी की, और मुकाबला अपने पक्ष में झुक गया।",सकारात्मक,क्रिकेट,2
"दबाव के बीच कप्तान ने महत्वपूर्ण विकेट लिया, जिससे वापसी सफल हुई।",सकारात्मक,क्रिकेट,2
"आज टीम प्रबंधन ने लगातार अच्छा तालमेल रखा, जिससे पोडियम की संभावना बढ़ी।",सकारात्मक,फॉर्मूला वन,2
"निर्णायक समय पर रक्षा पंक्ति ने रक्षा की स्थिति बनाई, और दोनों दल अगली चाल की तैयारी करने लगे।",तटस्थ,कबड्डी,1
"दबाव के बीच रक्षा पंक्ति ने निर्देश दिया, जिसके बाद अगला अंक खेला गया।",तटस्थ,कबड्डी,1
"मुख्य रेडर ने रेडर को रोक नहीं पाया, जिससे जरूरी अंक गंवा।",नकारात्मक,कबड्डी,0
"दबाव के बीच रणनीति दल ने आंकड़ों की समीक्षा की, और दौड़ आगे बढ़ी।",तटस्थ,फॉर्मूला वन,1
"निर्णायक समय पर स्थानापन्न खिलाड़ी ने आक्रमण को रोक दिया, जिससे बढ़त मजबूत हुई।",सकारात्मक,फुटबॉल,2
"निचला क्रम ने बीच के ओवरों में महंगा साबित हुआ, जिससे दल का आत्मविश्वास घटा।",नकारात्मक,क्रिकेट,0
"निर्णायक समय पर रक्षक ने मैदान पर आने के बाद असर नहीं डाल सका, और मुकाबला हाथ से निकलने लगा।",नकारात्मक,फुटबॉल,0
"गोलकीपर ने एक बदलाव किया, जिसके बाद गेंद फिर मध्य क्षेत्र में गई।",तटस्थ,फुटबॉल,1
"मुकाबले के इस चरण में पिछली पंक्ति का खिलाड़ी ने शटल आगे भेजी, और मुकाबला सामान्य गति से चला।",तटस्थ,बैडमिंटन,1
"दबाव के बीच निर्णायक अंक पर खिलाड़ी ने सर्विस की, जिसके बाद सर्विस बदली गई।",तटस्थ,बैडमिंटन,1
"दबाव के बीच आक्रामक दल ने देर से बदलाव किया, और दर्शकों में निराशा फैल गई 😞।",नकारात्मक,फुटबॉल,0
"आज कप्तान ने सफल रेड की, और विपक्षी दबाव में आया।",सकारात्मक,कबड्डी,2
"निर्णायक समय पर विकेटकीपर ने सटीक गेंदबाजी की, जिससे वापसी सफल हुई।",सकारात्मक,क्रिकेट,2
"दबाव के बीच आक्रामक दल ने गेंद पकड़ी, और मुकाबला सामान्य गति से चलता रहा।",तटस्थ,फुटबॉल,1
"निर्णायक समय पर अंतिम रेडर ने अगली रेड की तैयारी की, और खेल आगे बढ़ा।",तटस्थ,कबड्डी,1
"आज खिलाड़ी ने नेट के पास दबाव बनाया, और प्रतिद्वंद्वी दबाव में आया।",सकारात्मक,बैडमिंटन,2
"दबाव के बीच स्थानापन्न खिलाड़ी ने अपनी जगह संभाली, और दोनों दल रणनीति पर काम करते रहे।",तटस्थ,फुटबॉल,1
"आज मुख्य रेडर ने रेडर को घेरने की कोशिश की, जिसके बाद खिलाड़ी अपनी जगह लौटे।",तटस्थ,कबड्डी,1
"मुकाबले के इस चरण में कप्तान ने लगातार दबाव बनाया, और दर्शक खुशी से झूम उठे 😀।",सकारात्मक,फुटबॉल,2
"निर्णायक समय पर निचला क्रम ने गेंद संभाली, और मुकाबला सामान्य गति से चलता रहा।",तटस्थ,क्रिकेट,1
"मुकाबले के इस चरण में पिछली पंक्ति का खिलाड़ी ने मजबूत बचाव किया, जिससे निर्णायक अंक मिला।",सकारात्मक,बैडमिंटन,2
"निर्णायक समय पर रणनीति दल ने ओवरटेक का मौका गंवाया, और प्रशंसकों में निराशा फैल गई 😞।",नकारात्मक,फॉर्मूला वन,0
"मुकाबले के इस चरण में सर्विस करने वाला खिलाड़ी ने पीछे से प्रहार किया, और खेल आगे बढ़ा।",तटस्थ,बैडमिंटन,1
"आज बल्लेबाज ने क्रीज पर आया, और मुकाबला सामान्य गति से चलता रहा।",तटस्थ,क्रिकेट,1
"आज रक्षक ने तेज तालमेल दिखाया, जिससे बढ़त मजबूत हुई।",सकारात्मक,फुटबॉल,2
"रणनीति दल ने एक चक्कर पूरा किया, और मुकाबला सामान्य गति से चला।",तटस्थ,फॉर्मूला वन,1
"दबाव के बीच अंतिम रेडर ने बोनस का मौका गंवाया, और दर्शकों में निराशा फैल गई 😞।",नकारात्मक,कबड्डी,0
"मुकाबले के इस चरण में सर्विस करने वाले खिलाड़ी ने खाली जगह पहचानी, जिससे आत्मविश्वास बढ़ा।",सकारात्मक,बैडमिंटन,2
"दबाव के बीच आक्रामक खिलाड़ी ने बचाव में चूक गया, जिससे बढ़त कमजोर हुई।",नकारात्मक,बैडमिंटन,0
"आज कार ने दौड़ की योजना देखी, जिसके बाद अगला चक्कर शुरू हुआ।",तटस्थ,फॉर्मूला वन,1
"मुकाबले के इस चरण में कप्तान ने सर्विस की, जिसके बाद सर्विस बदली गई।",तटस्थ,बैडमिंटन,1
"मुकाबले के इस चरण में चालक ने मोड़ पार किया, जिसके बाद अगला चक्कर शुरू हुआ।",तटस्थ,फॉर्मूला वन,1
"पिछली पंक्ति का खिलाड़ी ने कठिन शटल लौटा दी, जिससे बढ़त मजबूत हुई।",सकारात्मक,बैडमिंटन,2
"दबाव के बीच स्थानापन्न खिलाड़ी ने निर्णायक अंक नहीं ले सका, और मुकाबला हाथ से निकलने लगा।",नकारात्मक,कबड्डी,0
"मुकाबले के इस चरण में अंतिम रेडर ने निर्देश दिया, जिसके बाद अगली रेड शुरू हुई।",तटस्थ,कबड्डी,1
"मुकाबले के इस चरण में दल ने रेड शुरू की, जिसके बाद अगली रेड शुरू हुई।",तटस्थ,कबड्डी,1
"निर्णायक समय पर रक्षात्मक खिलाड़ी ने खाली जगह पहचानी, और वापसी सफल हुई।",सकारात्मक,बैडमिंटन,2
"दबाव के बीच रेस दल ने लगातार अच्छा तालमेल रखा, जिससे पोडियम की संभावना बढ़ी।",सकारात्मक,फॉर्मूला वन,2
"मुकाबले के इस चरण में मुख्य चालक ने अपनी गति बनाए रखी, जिसके बाद अगला चरण शुरू हुआ।",तटस्थ,फॉर्मूला वन,1
"मुकाबले के इस चरण में दल ने सफल रेड की, और मुकाबला अपने पक्ष में झुका।",सकारात्मक,कबड्डी,2
"दबाव के बीच बल्लेबाज ने ढीली गेंदें डालता रहा, और दर्शकों में निराशा फैल गई 😞।",नकारात्मक,क्रिकेट,0
"आज सलामी जोड़ी ने महत्वपूर्ण विकेट लिया, और दर्शकों में उत्साह फैल गया 😀।",सकारात्मक,क्रिकेट,2
"रक्षा पंक्ति ने निर्णायक अंक नहीं ले सका, और मुकाबला हाथ से निकलने लगा।",नकारात्मक,कबड्डी,0
"खिलाड़ी ने गलत समय पर आक्रमण किया, और वापसी का मौका कम हुआ।",नकारात्मक,बैडमिंटन,0
"निर्णायक समय पर कप्तान ने देर से बदलाव किया, जिससे बढ़त कमजोर हुई।",नकारात्मक,फुटबॉल,0
"निर्णायक समय पर दौड़ दल ने तेज सेवा दी, जिससे पोडियम की संभावना बढ़ी।",सकारात्मक,फॉर्मूला वन,2
"आज एकल खिलाड़ी ने रणनीति में अच्छा बदलाव किया, जिससे निर्णायक अंक मिला।",सकारात्मक,बैडमिंटन,2
"मुकाबले के इस चरण में निर्णायक अंक पर खिलाड़ी ने कठिन शटल लौटा दी, और वापसी सफल हुई।",सकारात्मक,बैडमिंटन,2
"कप्तान ने बोनस का मौका गंवाया, जिससे वापसी कठिन हुई।",नकारात्मक,कबड्डी,0
"दबाव के बीच स्पिनर ने दबाव में गलत शॉट चुना, जिससे दल का आत्मविश्वास घटा।",नकारात्मक,क्रिकेट,0
"आज कार ने मोड़ पर नियंत्रण खोया, और दल का मनोबल गिरा।",नकारात्मक,फॉर्मूला वन,0
"कप्तान ने नेट के पास दबाव बनाया, और दर्शकों ने तालियां बजाईं 👏।",सकारात्मक,बैडमिंटन,2
"दबाव के बीच पिट दल ने दबाव में गलती की, जिससे जीत की उम्मीद कमजोर हुई।",नकारात्मक,फॉर्मूला वन,0
"दबाव के बीच रक्षा पंक्ति ने मैदान में प्रवेश किया, जिसके बाद अगली रेड शुरू हुई।",तटस्थ,कबड्डी,1
"मुकाबले के इस चरण में मध्य खिलाड़ी ने अगला अंक खेला, और खेल आगे बढ़ा।",तटस्थ,कबड्डी,1
"मुकाबले के इस चरण में रेस दल ने गलत रणनीति चुनी, और दल का मनोबल गिरा।",नकारात्मक,फॉर्मूला वन,0
"आज सहायक रक्षक ने अच्छा तालमेल दिखाया, जिससे वापसी सफल हुई।",सकारात्मक,कबड्डी,2
"दबाव के बीच पिछली पंक्ति का खिलाड़ी ने तेज प्रतिक्रिया दिखाई, और दर्शकों ने तालियां बजाईं 👏।",सकारात्मक,बैडमिंटन,2
"गोलकीपर ने मैदान पर आते ही असर डाला, और विपक्षी दबाव में आया।",सकारात्मक,फुटबॉल,2
"सहायक रक्षक ने घेरा टूटने दिया, जिससे दल का आत्मविश्वास घटा।",नकारात्मक,कबड्डी,0
"दबाव के बीच गेंदबाज ने तेज प्रतिक्रिया से मौका बनाया, जिससे दल का आत्मविश्वास बढ़ा।",सकारात्मक,क्रिकेट,2
"दबाव के बीच आक्रामक खिलाड़ी ने रैली जारी रखी, और अगला अंक खेला गया।",तटस्थ,बैडमिंटन,1
"आज कार ने रणनीति पर चर्चा की, जिसके बाद कार फिर ट्रैक पर आई।",तटस्थ,फॉर्मूला वन,1
"मुकाबले के इस चरण में बल्लेबाज ने कठिन गेंदों पर नियंत्रण रखा, जिससे दल का आत्मविश्वास बढ़ा।",सकारात्मक,क्रिकेट,2
"निर्णायक समय पर विकेटकीपर ने अगला ओवर शुरू किया, और अगली गेंद खेली गई।",तटस्थ,क्रिकेट,1
"कप्तान ने मिलकर रेडर को रोका, और दर्शक खुशी से झूम उठे 😀।",सकारात्मक,कबड्डी,2
"टीम प्रबंधन ने तेज सेवा दी, और प्रशंसकों में उत्साह फैल गया 🏎️।",सकारात्मक,फॉर्मूला वन,2
"आज कप्तान ने बीच के ओवरों में दबाव बनाए रखा, जिससे रन गति सुधरी।",सकारात्मक,क्रिकेट,2
"निर्णायक समय पर बल्लेबाज ने पारी शुरू की, और पारी अपने क्रम में आगे बढ़ी।",तटस्थ,क्रिकेट,1
"आज टायर दल ने मोड़ पर नियंत्रण रखा, और प्रशंसकों में उत्साह फैल गया 🏎️।",सकारात्मक,फॉर्मूला वन,2
"निर्णायक समय पर स्पिनर ने तेज प्रतिक्रिया से मौका बनाया, और दर्शकों में उत्साह फैल गया 😀।",सकारात्मक,क्रिकेट,2
"स्थानापन्न खिलाड़ी ने आक्रमण को रोक दिया, जिससे गोल का अवसर बना।",सकारात्मक,फुटबॉल,2
"निर्णायक समय पर चालक ने रणनीति पर चर्चा की, जिसके बाद अगला चरण शुरू हुआ।",तटस्थ,फॉर्मूला वन,1
"पिट दल ने शानदार ओवरटेक किया, और दल का मनोबल ऊंचा हुआ।",सकारात्मक,फॉर्मूला वन,2
"मध्य क्षेत्र ने तेज तालमेल दिखाया, और दर्शक खुशी से झूम उठे 😀।",सकारात्मक,फुटबॉल,2
"मुकाबले के इस चरण में कप्तान ने सटीक स्मैश लगाया, और दर्शकों ने तालियां बजाईं 👏।",सकारात्मक,बैडमिंटन,2
"कप्तान ने सही समय पर आक्रमण किया, और प्रतिद्वंद्वी दबाव में आया।",सकारात्मक,बैडमिंटन,2
"आज रेडर ने मजबूत घेरा बनाया, जिससे बढ़त मजबूत हुई।",सकारात्मक,कबड्डी,2
"मुकाबले के इस चरण में टायर दल ने शानदार ओवरटेक किया, जिससे जीत की उम्मीद बढ़ी।",सकारात्मक,फॉर्मूला वन,2
"दबाव के बीच रक्षापंक्ति ने लगातार दबाव बनाया, जिससे बढ़त मजबूत हुई।",सकारात्मक,फुटबॉल,2
"दबाव के बीच मुख्य चालक ने सही समय पर निर्णय लिया, और दल का मनोबल ऊंचा हुआ।",सकारात्मक,फॉर्मूला वन,2
"एकल खिलाड़ी ने बचाव की स्थिति ली, और मुकाबला सामान्य गति से चला।",तटस्थ,बैडमिंटन,1
"आज निचला क्रम ने ढीली गेंदें डालता रहा, और विपक्षी को बढ़त मिल गई।",नकारात्मक,क्रिकेट,0
"दबाव के बीच कप्तान ने आक्रमण को रोक दिया, जिससे गोल का अवसर बना।",सकारात्मक,फुटबॉल,2
"आज कप्तान ने खाली जगह की ओर शटल भेजी, और खेल आगे बढ़ा।",तटस्थ,बैडमिंटन,1
"दबाव के बीच रक्षात्मक खिलाड़ी ने रणनीति पर चर्चा की, जिसके बाद दोनों खिलाड़ी अपनी जगह लौटे।",तटस्थ,बैडमिंटन,1
"निर्णायक समय पर बल्लेबाज ने गेंद संभाली, जिसके बाद खेल आगे बढ़ा।",तटस्थ,क्रिकेट,1
"मुकाबले के इस चरण में विकेटकीपर ने मजबूत साझेदारी बनाई, जिससे दल का आत्मविश्वास बढ़ा।",सकारात्मक,क्रिकेट,2
"निर्णायक समय पर खिलाड़ी ने नेट पर शटल रोकी, और मुकाबला सामान्य गति से चला।",तटस्थ,बैडमिंटन,1
"निर्णायक समय पर सहायक रक्षक ने विपक्षी क्षेत्र की ओर बढ़ा, जिसके बाद अगली रेड शुरू हुई।",तटस्थ,कबड्डी,1
"मुकाबले के इस चरण में निर्णायक अंक पर खिलाड़ी ने गलत समय पर आक्रमण किया, और दर्शकों में निराशा फैल गई 😞।",नकारात्मक,बैडमिंटन,0
"गेंदबाज ने संयम से पारी संभाली, और दर्शकों में उत्साह फैल गया 😀।",सकारात्मक,क्रिकेट,2
"दबाव के बीच टीम प्रबंधन ने सही समय पर निर्णय लिया, और प्रतिद्वंद्वी दबाव में आया।",सकारात्मक,फॉर्मूला वन,2
"सर्विस करने वाला खिलाड़ी ने शटल आगे भेजी, जिसके बाद सर्विस बदली गई।",तटस्थ,बैडमिंटन,1
"निर्णायक समय पर आक्रामक खिलाड़ी ने पीछे से प्रहार किया, जिसके बाद अगली रैली शुरू हुई।",तटस्थ,बैडमिंटन,1
"आज स्पिनर ने अंतिम ओवरों में नियंत्रण खो बैठा, जिससे वापसी कठिन हुई।",नकारात्मक,क्रिकेट,0
"निर्णायक समय पर कार ने एक चक्कर पूरा किया, जिसके बाद कार फिर ट्रैक पर आई।",तटस्थ,फॉर्मूला वन,1
"निर्णायक समय पर स्पिनर ने क्षेत्ररक्षण में बदलाव किया, और अगली गेंद खेली गई।",तटस्थ,क्रिकेट,1
"आज कप्तान ने सर्विस पर नियंत्रण रखा, जिससे जीत की उम्मीद बढ़ी।",सकारात्मक,बैडमिंटन,2
"आज मध्य क्षेत्र ने पास आगे बढ़ाया, और अगला आक्रमण शुरू हुआ।",तटस्थ,फुटबॉल,1
"दबाव के बीच रेडर ने मजबूत घेरा बनाया, जिससे बढ़त मजबूत हुई।",सकारात्मक,कबड्डी,2
"मुकाबले के इस चरण में बल्लेबाज ने अंतिम ओवरों में नियंत्रण खो बैठा, जिससे रन गति गिर गई।",नकारात्मक,क्रिकेट,0
"दबाव के बीच टायर दल ने लगातार अच्छा तालमेल रखा, और दौड़ का रुख बदला।",सकारात्मक,फॉर्मूला वन,2
"टीम प्रबंधन ने लगातार अच्छा तालमेल रखा, और दल का मनोबल ऊंचा हुआ।",सकारात्मक,फॉर्मूला वन,2
"दबाव के बीच खिलाड़ी ने सही समय पर आक्रमण किया, और प्रतिद्वंद्वी दबाव में आया।",सकारात्मक,बैडमिंटन,2
"आज मुख्य चालक ने दबाव में गलती की, और दौड़ का रुख बिगड़ा।",नकारात्मक,फॉर्मूला वन,0
"आज बल्लेबाज ने कुछ रन जोड़े, और मुकाबला सामान्य गति से चलता रहा।",तटस्थ,क्रिकेट,1
"मुकाबले के इस चरण में स्पिनर ने क्षेत्ररक्षण में बदलाव किया, और पारी अपने क्रम में आगे बढ़ी।",तटस्थ,क्रिकेट,1
"दौड़ दल ने एक चक्कर पूरा किया, और चालक ने अपनी स्थिति बनाए रखी।",तटस्थ,फॉर्मूला वन,1
"निर्णायक समय पर विंगर ने अपनी जगह छोड़ दी, जिससे गोल का अवसर चला गया।",नकारात्मक,फुटबॉल,0
"आज खिलाड़ी ने सही समय पर आक्रमण किया, जिससे बढ़त मजबूत हुई।",सकारात्मक,बैडमिंटन,2
"कार ने एक चक्कर पूरा किया, जिसके बाद कार फिर ट्रैक पर आई।",तटस्थ,फॉर्मूला वन,1
"मुकाबले के इस चरण में रेस दल ने देर से निर्णय लिया, जिससे पोडियम की संभावना घटी।",नकारात्मक,फॉर्मूला वन,0
"मुकाबले के इस चरण में एकल खिलाड़ी ने खाली जगह पहचानी, और मुकाबला अपने पक्ष में झुका।",सकारात्मक,बैडमिंटन,2
"मुकाबले के इस चरण में अंतिम रेडर ने समय पर बदलाव किया, और जीत की उम्मीद बढ़ी।",सकारात्मक,कबड्डी,2
"दबाव के बीच कार ने ट्रैक की स्थिति देखी, जिसके बाद अगला चक्कर शुरू हुआ।",तटस्थ,फॉर्मूला वन,1
"निर्णायक समय पर सलामी जोड़ी ने जरूरी विकेट नहीं ले सका, जिससे रन गति गिर गई।",नकारात्मक,क्रिकेट,0
"आज मध्यक्रम ने पारी शुरू की, और मुकाबला सामान्य गति से चलता रहा।",तटस्थ,क्रिकेट,1
"आज सर्विस करने वाला खिलाड़ी ने बचाव की स्थिति ली, जिसके बाद अगली रैली शुरू हुई।",तटस्थ,बैडमिंटन,1
"आज स्थानापन्न खिलाड़ी ने निर्णायक अंक लिया, और विपक्षी दबाव में आया।",सकारात्मक,कबड्डी,2
"निर्णायक समय पर आक्रामक खिलाड़ी ने सर्विस पर नियंत्रण रखा, जिससे आत्मविश्वास बढ़ा।",सकारात्मक,बैडमिंटन,2
"निर्णायक समय पर टायर दल ने रणनीति पर चर्चा की, जिसके बाद कार फिर ट्रैक पर आई।",तटस्थ,फॉर्मूला वन,1
"आज रक्षापंक्ति ने विपक्षी हमले को रोका, और अगला आक्रमण शुरू हुआ।",तटस्थ,फुटबॉल,1
"दबाव के बीच स्पिनर ने क्षेत्ररक्षण में बदलाव किया, और मुकाबला सामान्य गति से चलता रहा।",तटस्थ,क्रिकेट,1
"दबाव के बीच कार ने आंकड़ों की समीक्षा की, जिसके बाद अगला चक्कर शुरू हुआ।",तटस्थ,फॉर्मूला वन,1
"निर्णायक समय पर सर्विस करने वाला खिलाड़ी ने बचाव की स्थिति ली, और अगला अंक खेला गया।",तटस्थ,बैडमिंटन,1
"दबाव के बीच मुख्य चालक ने शानदार ओवरटेक किया, और दौड़ का रुख बदला।",सकारात्मक,फॉर्मूला वन,2
"दबाव के बीच टायर दल ने ट्रैक की स्थिति देखी, और चालक ने अपनी स्थिति बनाए रखी।",तटस्थ,फॉर्मूला वन,1
"आज कप्तान ने आसान मौका गंवाया, और दर्शकों में निराशा फैल गई 😞।",नकारात्मक,फुटबॉल,0
"निर्णायक समय पर आक्रामक दल ने देर से बदलाव किया, और दर्शकों में निराशा फैल गई 😞।",नकारात्मक,फुटबॉल,0
"दल ने मिलकर रेडर को रोका, जिससे जरूरी अंक मिला।",सकारात्मक,कबड्डी,2
"निर्णायक समय पर आक्रामक दल ने अपनी जगह छोड़ दी, जिससे वापसी कठिन हुई।",नकारात्मक,फुटबॉल,0
"मुकाबले के इस चरण में अंतिम रेडर ने टैकल में चूक गया, और रणनीति विफल रही।",नकारात्मक,कबड्डी,0
"दबाव के बीच स्थानापन्न खिलाड़ी ने गेंद पर नियंत्रण रखा, जिससे गोल का अवसर बना।",सकारात्मक,फुटबॉल,2
"निर्णायक अंक पर खिलाड़ी ने मजबूत बचाव किया, जिससे जीत की उम्मीद बढ़ी।",सकारात्मक,बैडमिंटन,2
"आज सहायक रक्षक ने मैदान में प्रवेश किया, और खेल आगे बढ़ा।",तटस्थ,कबड्डी,1
"निर्णायक समय पर निचला क्रम ने समय पर रणनीति बदली, और दर्शकों में उत्साह फैल गया 😀।",सकारात्मक,क्रिकेट,2
"दबाव के बीच मध्य क्षेत्र ने एक बदलाव किया, और मुकाबला सामान्य गति से चलता रहा।",तटस्थ,फुटबॉल,1
"आज मध्य क्षेत्र ने मैदान पर आने के बाद असर नहीं डाल सका, जिससे बढ़त कमजोर हुई।",नकारात्मक,फुटबॉल,0
"निर्णायक समय पर सहायक रक्षक ने निर्णायक अंक नहीं ले सका, और मुकाबला हाथ से निकलने लगा।",नकारात्मक,कबड्डी,0
"सहायक रक्षक ने निर्देश दिया, जिसके बाद खिलाड़ी अपनी जगह लौटे।",तटस्थ,कबड्डी,1
"मुकाबले के इस चरण में पिट दल ने तेज बदलाव किया, और प्रतिद्वंद्वी दबाव में आया।",सकारात्मक,फॉर्मूला वन,2
"आज सलामी जोड़ी ने जल्दी विकेट गंवा बैठा, जिससे वापसी कठिन हुई।",नकारात्मक,क्रिकेट,0
"आक्रामक खिलाड़ी ने रणनीति पर चर्चा की, जिसके बाद सर्विस बदली गई।",तटस्थ,बैडमिंटन,1
"मुकाबले के इस चरण में दौड़ दल ने दौड़ की योजना पर काम किया, और दौड़ आगे बढ़ी।",तटस्थ,फॉर्मूला वन,1
"दबाव के बीच एकल खिलाड़ी ने नेट के पास अंक गंवा दिया, जिससे आत्मविश्वास घटा।",नकारात्मक,बैडमिंटन,0
"निर्णायक समय पर रक्षा पंक्ति ने बोनस का मौका गंवाया, और विपक्षी दबाव में नहीं आया।",नकारात्मक,कबड्डी,0
"दबाव के बीच सलामी जोड़ी ने मजबूत साझेदारी बनाई, जिससे वापसी सफल हुई।",सकारात्मक,क्रिकेट,2
"मुकाबले के इस चरण में आक्रामक खिलाड़ी ने बचाव की स्थिति ली, और अगला अंक खेला गया।",तटस्थ,बैडमिंटन,1
"सलामी जोड़ी ने दबाव में गलत शॉट चुना, जिससे जीत की संभावना कमजोर हुई।",नकारात्मक,क्रिकेट,0
"निर्णायक समय पर निचला क्रम ने संयम से पारी संभाली, जिससे दल का आत्मविश्वास बढ़ा।",सकारात्मक,क्रिकेट,2
"निर्णायक समय पर रेडर ने लगातार अंक जुटाए, जिससे बढ़त मजबूत हुई।",सकारात्मक,कबड्डी,2
"मुकाबले के इस चरण में टीम प्रबंधन ने शानदार ओवरटेक किया, जिससे समय का लाभ मिला।",सकारात्मक,फॉर्मूला वन,2
"निर्णायक समय पर गेंदबाज ने दबाव में गलत शॉट चुना, जिससे रन गति गिर गई।",नकारात्मक,क्रिकेट,0
"निर्णायक समय पर कप्तान ने बिना अंक लौट आया, जिससे वापसी कठिन हुई।",नकारात्मक,कबड्डी,0
"मुकाबले के इस चरण में आक्रामक खिलाड़ी ने नेट के पास दबाव बनाया, जिससे जीत की उम्मीद बढ़ी।",सकारात्मक,बैडमिंटन,2
"मुकाबले के इस चरण में गोलकीपर ने दबाव नहीं बना सका, और योजना विफल रही।",नकारात्मक,फुटबॉल,0
"निर्णायक समय पर सलामी जोड़ी ने कठिन गेंदों पर नियंत्रण रखा, और मुकाबला अपने पक्ष में झुक गया।",सकारात्मक,क्रिकेट,2
"तेज गेंदबाज ने कठिन गेंदों पर नियंत्रण रखा, जिससे वापसी सफल हुई।",सकारात्मक,क्रिकेट,2
"निर्णायक समय पर विंगर ने तालमेल खो दिया, जिससे आत्मविश्वास घटा।",नकारात्मक,फुटबॉल,0
"आज स्थानापन्न खिलाड़ी ने दबाव नहीं बना सका, और योजना विफल रही।",नकारात्मक,फुटबॉल,0
"मुकाबले के इस चरण में रक्षक ने सफल रेड की, जिससे जरूरी अंक मिला।",सकारात्मक,कबड्डी,2
"निर्णायक समय पर आक्रामक दल ने मैदान पर आते ही असर डाला, जिससे गोल का अवसर बना।",सकारात्मक,फुटबॉल,2
"निर्णायक समय पर कार ने तेज सेवा दी, और प्रशंसकों में उत्साह फैल गया 🏎️।",सकारात्मक,फॉर्मूला वन,2
"निर्णायक समय पर गेंदबाज ने संयम से पारी संभाली, जिससे जीत की उम्मीद मजबूत हुई।",सकारात्मक,क्रिकेट,2
"दबाव के बीच कप्तान ने खिलाड़ियों के बीच गेंद घुमाई, जिसके बाद खेल आगे बढ़ा।",तटस्थ,फुटबॉल,1
"आज एकल खिलाड़ी ने अगले अंक की तैयारी की, और अगला अंक खेला गया।",तटस्थ,बैडमिंटन,1
"निर्णायक समय पर मुख्य रेडर ने निर्णायक अंक लिया, जिससे बढ़त मजबूत हुई।",सकारात्मक,कबड्डी,2
"रेस दल ने ट्रैक की स्थिति देखी, जिसके बाद अगला चक्कर शुरू हुआ।",तटस्थ,फॉर्मूला वन,1
"आज आक्रामक खिलाड़ी ने खाली जगह नहीं पहचान पाया, और वापसी का मौका कम हुआ।",नकारात्मक,बैडमिंटन,0
"दल ने निर्णायक अंक लिया, और दर्शक खुशी से झूम उठे 😀।",सकारात्मक,कबड्डी,2
"आज तेज गेंदबाज ने कुछ रन जोड़े, और अगली गेंद खेली गई।",तटस्थ,क्रिकेट,1
"मुकाबले के इस चरण में कप्तान ने अगली रेड की तैयारी की, जिसके बाद अगला अंक खेला गया।",तटस्थ,कबड्डी,1
"दौड़ दल ने अंतिम चरण में गति बढ़ाई, और प्रशंसकों में उत्साह फैल गया 🏎️।",सकारात्मक,फॉर्मूला वन,2
"मुकाबले के इस चरण में अंतिम रेडर ने रेडर को रोक नहीं पाया, जिससे बढ़त कमजोर हुई।",नकारात्मक,कबड्डी,0
"आज टायर दल ने दबाव में धैर्य रखा, जिससे स्थान सुधरा।",सकारात्मक,फॉर्मूला वन,2
"दबाव के बीच इंजीनियर ने अंतिम चरण में गति बढ़ाई, और दल का मनोबल ऊंचा हुआ।",सकारात्मक,फॉर्मूला वन,2
"मुकाबले के इस चरण में कप्तान ने देर से बदलाव किया, और दर्शकों में निराशा फैल गई 😞।",नकारात्मक,कबड्डी,0
"मुकाबले के इस चरण में पिछली पंक्ति का खिलाड़ी ने पीछे से प्रहार किया, और अगला अंक खेला गया।",तटस्थ,बैडमिंटन,1
"निर्णायक समय पर विंगर ने सटीक पास दिया, जिससे गोल का अवसर बना।",सकारात्मक,फुटबॉल,2
"सलामी जोड़ी ने साझेदारी नहीं बना सका, जिससे रन गति गिर गई।",नकारात्मक,क्रिकेट,0
"मुकाबले के इस चरण में विंगर ने दबाव नहीं बना सका, और विपक्षी को फायदा मिला।",नकारात्मक,फुटबॉल,0
"दबाव के बीच मध्य मैदान के खिलाड़ी ने गेंद पकड़ी, जिसके बाद गेंद फिर मध्य क्षेत्र में गई।",तटस्थ,फुटबॉल,1
"निर्णायक समय पर आक्रामक दल ने बचाव में चूक गया, जिससे आत्मविश्वास घटा।",नकारात्मक,फुटबॉल,0
"दबाव के बीच मध्य क्षेत्र ने अपनी जगह संभाली, और अगला आक्रमण शुरू हुआ।",तटस्थ,फुटबॉल,1
"दबाव के बीच तेज गेंदबाज ने सटीक गेंदबाजी की, और विपक्षी दबाव में आ गया।",सकारात्मक,क्रिकेट,2
"मुकाबले के इस चरण में हमलावर ने आक्रमण को रोक दिया, जिससे दल का आत्मविश्वास बढ़ा।",सकारात्मक,फुटबॉल,2
"निर्णायक समय पर विंगर ने समय पर बदलाव किया, और दर्शक खुशी से झूम उठे 😀।",सकारात्मक,फुटबॉल,2
"निर्णायक समय पर निचला क्रम ने साझेदारी नहीं बना सका, और दर्शकों में निराशा फैल गई 😞।",नकारात्मक,क्रिकेट,0
"मुकाबले के इस चरण में आक्रामक खिलाड़ी ने मजबूत बचाव किया, और प्रतिद्वंद्वी दबाव में आया।",सकारात्मक,बैडमिंटन,2
"सर्विस करने वाला खिलाड़ी ने रैली जारी रखी, जिसके बाद अगली रैली शुरू हुई।",तटस्थ,बैडमिंटन,1
"नेट खिलाड़ी ने सर्विस पर नियंत्रण रखा, और प्रतिद्वंद्वी दबाव में आया।",सकारात्मक,बैडमिंटन,2
"दबाव के बीच कार ने आंकड़ों की समीक्षा की, जिसके बाद कार फिर ट्रैक पर आई।",तटस्थ,फॉर्मूला वन,1
"निर्णायक समय पर मुख्य रेडर ने अगली रेड की तैयारी की, और खेल आगे बढ़ा।",तटस्थ,कबड्डी,1
"दबाव के बीच निचला क्रम ने पारी शुरू की, और अगली गेंद खेली गई।",तटस्थ,क्रिकेट,1
"दबाव के बीच मध्य मैदान के खिलाड़ी ने विपक्षी हमले को रोका, और मुकाबला सामान्य गति से चलता रहा।",तटस्थ,फुटबॉल,1
"मुकाबले के इस चरण में पिछली पंक्ति का खिलाड़ी ने स्मैश बाहर मार बैठा, और प्रतिद्वंद्वी दबाव में नहीं आया।",नकारात्मक,बैडमिंटन,0
"मुकाबले के इस चरण में टीम प्रबंधन ने तालमेल नहीं बना पाया, जिससे समय का नुकसान हुआ।",नकारात्मक,फॉर्मूला वन,0
"मुकाबले के इस चरण में सर्विस करने वाला खिलाड़ी ने अगला शॉट खेला, जिसके बाद दोनों खिलाड़ी अपनी जगह लौटे।",तटस्थ,बैडमिंटन,1
"दबाव के बीच रणनीति दल ने तेज सेवा दी, और प्रतिद्वंद्वी दबाव में आया।",सकारात्मक,फॉर्मूला वन,2
"पिछली पंक्ति का खिलाड़ी ने स्मैश बाहर मार बैठा, जिससे जीत कठिन हुई।",नकारात्मक,बैडमिंटन,0
"दबाव के बीच टायर दल ने टायरों का गलत उपयोग किया, जिससे जीत की उम्मीद कमजोर हुई।",नकारात्मक,फॉर्मूला वन,0
"निर्णायक समय पर रक्षक ने लगातार अंक जुटाए, जिससे बढ़त मजबूत हुई।",सकारात्मक,कबड्डी,2
"मुकाबले के इस चरण में टीम प्रबंधन ने दबाव में धैर्य रखा, जिससे जीत की उम्मीद बढ़ी।",सकारात्मक,फॉर्मूला वन,2
"आज मुख्य चालक ने अगले बदलाव की तैयारी की, जिसके बाद कार फिर ट्रैक पर आई।",तटस्थ,फॉर्मूला वन,1
"दबाव के बीच मुख्य रेडर ने समय पर बदलाव किया, और मुकाबला अपने पक्ष में झुका।",सकारात्मक,कबड्डी,2
"दबाव के बीच खिलाड़ी ने अगले अंक की तैयारी की, और खेल आगे बढ़ा।",तटस्थ,बैडमिंटन,1
"दबाव के बीच नेट खिलाड़ी ने देर से प्रतिक्रिया दी, जिससे जीत कठिन हुई।",नकारात्मक,बैडमिंटन,0
"निर्णायक समय पर गोलकीपर ने शानदार गोल किया, और मुकाबला अपने पक्ष में झुक गया।",सकारात्मक,फुटबॉल,2
"निर्णायक समय पर पिछली पंक्ति का खिलाड़ी ने रैली जारी रखी, और खेल आगे बढ़ा।",तटस्थ,बैडमिंटन,1
"निर्णायक समय पर आक्रामक खिलाड़ी ने नेट के पास अंक गंवा दिया, जिससे निर्णायक अंक हाथ से गया।",नकारात्मक,बैडमिंटन,0
"मुकाबले के इस चरण में एकल खिलाड़ी ने अगले अंक की तैयारी की, और अगला अंक खेला गया।",तटस्थ,बैडमिंटन,1
"निर्णायक समय पर मुख्य चालक ने ओवरटेक का मौका गंवाया, और दल का मनोबल गिरा।",नकारात्मक,फॉर्मूला वन,0
"आज रक्षा पंक्ति ने मैदान पर आने के बाद असर नहीं डाल सका, और रणनीति विफल रही।",नकारात्मक,कबड्डी,0
"मुकाबले के इस चरण में इंजीनियर ने तालमेल नहीं बना पाया, जिससे पोडियम की संभावना घटी।",नकारात्मक,फॉर्मूला वन,0
"आज मध्य क्षेत्र ने शानदार गोल किया, जिससे दल का आत्मविश्वास बढ़ा।",सकारात्मक,फुटबॉल,2
"दबाव के बीच विंगर ने समय पर बदलाव किया, और जीत की उम्मीद बढ़ी।",सकारात्मक,फुटबॉल,2
"गोलकीपर ने तालमेल खो दिया, और विपक्षी को फायदा मिला।",नकारात्मक,फुटबॉल,0
"दबाव के बीच रक्षात्मक खिलाड़ी ने नेट के पास दबाव बनाया, जिससे बढ़त मजबूत हुई।",सकारात्मक,बैडमिंटन,2
"आज कप्तान ने निर्णायक अंक लिया, जिससे बढ़त मजबूत हुई।",सकारात्मक,कबड्डी,2
"आज गेंदबाज ने पारी शुरू की, और मुकाबला सामान्य गति से चलता रहा।",तटस्थ,क्रिकेट,1
"निर्णायक समय पर मध्यक्रम ने क्षेत्ररक्षण में बदलाव किया, और अगली गेंद खेली गई।",तटस्थ,क्रिकेट,1
"दबाव के बीच निचला क्रम ने कुछ रन जोड़े, और अगली गेंद खेली गई।",तटस्थ,क्रिकेट,1
"दबाव के बीच मध्य क्षेत्र ने आक्रमण को रोक दिया, जिससे बढ़त मजबूत हुई।",सकारात्मक,फुटबॉल,2
"आज एकल खिलाड़ी ने लंबी रैली जीती, और मुकाबला अपने पक्ष में झुका।",सकारात्मक,बैडमिंटन,2
"निर्णायक समय पर कप्तान ने मजबूत बचाव किया, और प्रतिद्वंद्वी दबाव में आया।",सकारात्मक,बैडमिंटन,2
"निर्णायक समय पर दल ने समय पर बदलाव किया, और विपक्षी दबाव में आया।",सकारात्मक,कबड्डी,2
"मुकाबले के इस चरण में स्पिनर ने जल्दी विकेट गंवा बैठा, जिससे जीत की संभावना कमजोर हुई।",नकारात्मक,क्रिकेट,0
"निर्णायक समय पर चालक ने टायरों का सही उपयोग किया, और प्रतिद्वंद्वी दबाव में आया।",सकारात्मक,फॉर्मूला वन,2
"आज गोलकीपर ने गेंद पर नियंत्रण रखा, जिससे बढ़त मजबूत हुई।",सकारात्मक,फुटबॉल,2
"आज निर्णायक अंक पर खिलाड़ी ने खाली जगह पहचानी, जिससे बढ़त मजबूत हुई।",सकारात्मक,बैडमिंटन,2
"दबाव के बीच रक्षात्मक खिलाड़ी ने सर्विस पर नियंत्रण रखा, और वापसी सफल हुई।",सकारात्मक,बैडमिंटन,2
"आज रक्षात्मक खिलाड़ी ने रणनीति में सुधार नहीं कर सका, जिससे जीत कठिन हुई।",नकारात्मक,बैडमिंटन,0
"मुकाबले के इस चरण में बल्लेबाज ने महत्वपूर्ण गेंद रोक नहीं पाया, जिससे दल का आत्मविश्वास घटा।",नकारात्मक,क्रिकेट,0
"आज दौड़ दल ने अंतिम चरण में गति नहीं बढ़ा सका, और दौड़ का रुख बिगड़ा।",नकारात्मक,फॉर्मूला वन,0
"आज सलामी जोड़ी ने दबाव में सही शॉट चुना, और मुकाबला अपने पक्ष में झुक गया।",सकारात्मक,क्रिकेट,2
"दबाव के बीच विकेटकीपर ने अंतिम ओवरों में गति बढ़ाई, जिससे वापसी सफल हुई।",सकारात्मक,क्रिकेट,2
"दबाव के बीच रक्षात्मक खिलाड़ी ने मजबूत बचाव किया, और मुकाबला अपने पक्ष में झुका।",सकारात्मक,बैडमिंटन,2
"दबाव के बीच रक्षक ने रेड शुरू की, और मुकाबला सामान्य गति से चला।",तटस्थ,कबड्डी,1
"निर्णायक समय पर सर्विस करने वाले खिलाड़ी ने नेट के पास दबाव बनाया, और दर्शकों ने तालियां बजाईं 👏।",सकारात्मक,बैडमिंटन,2
"दबाव के बीच कप्तान ने टैकल में चूक गया, और दर्शकों में निराशा फैल गई 😞।",नकारात्मक,कबड्डी,0
"दबाव के बीच अंतिम रेडर ने रेड शुरू की, और मुकाबला सामान्य गति से चला।",तटस्थ,कबड्डी,1
"मुकाबले के इस चरण में रेस दल ने टायरों का गलत उपयोग किया, और प्रतिद्वंद्वी को फायदा मिला।",नकारात्मक,फॉर्मूला वन,0
"पिछली पंक्ति का खिलाड़ी ने रणनीति में अच्छा बदलाव किया, जिससे निर्णायक अंक मिला।",सकारात्मक,बैडमिंटन,2
"मुकाबले के इस चरण में रेडर ने तालमेल बनाया, जिसके बाद अगली रेड शुरू हुई।",तटस्थ,कबड्डी,1
"मुकाबले के इस चरण में स्थानापन्न खिलाड़ी ने अपनी जगह संभाली, जिसके बाद अगला अंक खेला गया।",तटस्थ,कबड्डी,1
"मुकाबले के इस चरण में कार ने तेज सेवा दी, जिससे जीत की उम्मीद बढ़ी।",सकारात्मक,फॉर्मूला वन,2
"गेंदबाज ने जरूरी विकेट नहीं ले सका, जिससे दल का आत्मविश्वास घटा।",नकारात्मक,क्रिकेट,0
"रक्षक ने गेंद पर नियंत्रण रखा, जिससे गोल का अवसर बना।",सकारात्मक,फुटबॉल,2
"निर्णायक समय पर कप्तान ने बीच के ओवरों में महंगा साबित हुआ, और विपक्षी को बढ़त मिल गई।",नकारात्मक,क्रिकेट,0
"पिछली पंक्ति का खिलाड़ी ने रणनीति में सुधार नहीं कर सका, और दर्शकों में निराशा फैल गई 😞।",नकारात्मक,बैडमिंटन,0
"आज विकेटकीपर ने गेंद संभाली, और पारी अपने क्रम में आगे बढ़ी।",तटस्थ,क्रिकेट,1
"मुकाबले के इस चरण में टीम प्रबंधन ने तेज बदलाव किया, जिससे जीत की उम्मीद बढ़ी।",सकारात्मक,फॉर्मूला वन,2
"मुकाबले के इस चरण में रक्षात्मक खिलाड़ी ने सर्विस पर नियंत्रण रखा, और दर्शकों ने तालियां बजाईं 👏।",सकारात्मक,बैडमिंटन,2
"मुकाबले के इस चरण में पिछली पंक्ति का खिलाड़ी ने रणनीति पर चर्चा की, और खेल आगे बढ़ा।",तटस्थ,बैडमिंटन,1
"निर्णायक समय पर स्पिनर ने संयम से पारी संभाली, जिससे जीत की उम्मीद मजबूत हुई।",सकारात्मक,क्रिकेट,2
"दबाव के बीच तेज गेंदबाज ने कुछ रन जोड़े, जिसके बाद खेल आगे बढ़ा।",तटस्थ,क्रिकेट,1
"रेस दल ने एक चक्कर पूरा किया, और चालक ने अपनी स्थिति बनाए रखी।",तटस्थ,फॉर्मूला वन,1
"एकल खिलाड़ी ने रणनीति में अच्छा बदलाव किया, और प्रतिद्वंद्वी दबाव में आया।",सकारात्मक,बैडमिंटन,2
"आज आक्रामक खिलाड़ी ने सटीक स्मैश लगाया, जिससे निर्णायक अंक मिला।",सकारात्मक,बैडमिंटन,2
"हमलावर ने तेज तालमेल दिखाया, जिससे बढ़त मजबूत हुई।",सकारात्मक,फुटबॉल,2
"पिट दल ने अंतिम चरण में गति नहीं बढ़ा सका, और दौड़ का रुख बिगड़ा।",नकारात्मक,फॉर्मूला वन,0
"युगल जोड़ी ने अगला शॉट खेला, और मुकाबला सामान्य गति से चला।",तटस्थ,बैडमिंटन,1
"दबाव के बीच रेस दल ने आंकड़ों की समीक्षा की, और दौड़ आगे बढ़ी।",तटस्थ,फॉर्मूला वन,1
"युगल जोड़ी ने रणनीति पर चर्चा की, जिसके बाद सर्विस बदली गई।",तटस्थ,बैडमिंटन,1
"मुकाबले के इस चरण में दौड़ दल ने अंतिम चरण में गति बढ़ाई, और प्रतिद्वंद्वी दबाव में आया।",सकारात्मक,फॉर्मूला वन,2
"दबाव के बीच कप्तान ने पारी शुरू की, और पारी अपने क्रम में आगे बढ़ी।",तटस्थ,क्रिकेट,1
"मुकाबले के इस चरण में दल ने विपक्षी क्षेत्र की ओर बढ़ा, जिसके बाद अगली रेड शुरू हुई।",तटस्थ,कबड्डी,1
"आज पिट दल ने दौड़ की योजना पर काम किया, जिसके बाद अगला चक्कर शुरू हुआ।",तटस्थ,फॉर्मूला वन,1
"मध्यक्रम ने कुछ रन जोड़े, और मुकाबला सामान्य गति से चलता रहा।",तटस्थ,क्रिकेट,1
"आज रक्षक ने तालमेल बनाया, और मुकाबला सामान्य गति से चला।",तटस्थ,कबड्डी,1
"खिलाड़ी ने तेज प्रतिक्रिया दिखाई, और प्रतिद्वंद्वी दबाव में आया।",सकारात्मक,बैडमिंटन,2
"आज सर्विस करने वाला खिलाड़ी ने शटल आगे भेजी, जिसके बाद दोनों खिलाड़ी अपनी जगह लौटे।",तटस्थ,बैडमिंटन,1
"आज कप्तान ने बीच के ओवरों में महंगा साबित हुआ, जिससे दल का आत्मविश्वास घटा।",नकारात्मक,क्रिकेट,0
"आज मध्य खिलाड़ी ने रेडर को रोक नहीं पाया, और विपक्षी दबाव में नहीं आया।",नकारात्मक,कबड्डी,0
"दबाव के बीच स्पिनर ने मजबूत साझेदारी बनाई, जिससे जीत की उम्मीद मजबूत हुई।",सकारात्मक,क्रिकेट,2
"मुकाबले के इस चरण में सर्विस करने वाला खिलाड़ी ने रणनीति में सुधार नहीं कर सका, और वापसी का मौका कम हुआ।",नकारात्मक,बैडमिंटन,0
"निर्णायक समय पर आक्रामक दल ने आक्रमण को रोक दिया, और दर्शक खुशी से झूम उठे 😀।",सकारात्मक,फुटबॉल,2
"मुकाबले के इस चरण में पिछली पंक्ति का खिलाड़ी ने सर्विस पर नियंत्रण खो बैठा, जिससे बढ़त कमजोर हुई।",नकारात्मक,बैडमिंटन,0
"आज मध्य खिलाड़ी ने मजबूत घेरा बनाया, और विपक्षी दबाव में आया।",सकारात्मक,कबड्डी,2
"आज बल्लेबाज ने अगली गेंद का सामना किया, जिसके बाद अगला ओवर शुरू हुआ।",तटस्थ,क्रिकेट,1
"आज स्थानापन्न खिलाड़ी ने निर्णायक अंक नहीं ले सका, जिससे जरूरी अंक गंवा।",नकारात्मक,कबड्डी,0
"मुकाबले के इस चरण में हमलावर ने अपनी जगह संभाली, और अगला आक्रमण शुरू हुआ।",तटस्थ,फुटबॉल,1
"मध्य मैदान के खिलाड़ी ने मैदान पर आते ही असर डाला, और जीत की उम्मीद बढ़ी।",सकारात्मक,फुटबॉल,2
"आक्रामक खिलाड़ी ने सटीक स्मैश लगाया, जिससे निर्णायक अंक मिला।",सकारात्मक,बैडमिंटन,2
"इंजीनियर ने मोड़ पार किया, जिसके बाद कार फिर ट्रैक पर आई।",तटस्थ,फॉर्मूला वन,1
"दबाव के बीच दल ने घेरा टूटने दिया, जिससे जरूरी अंक गंवा।",नकारात्मक,कबड्डी,0
"दबाव के बीच सलामी जोड़ी ने क्षेत्ररक्षण में बदलाव किया, जिसके बाद अगला ओवर शुरू हुआ।",तटस्थ,क्रिकेट,1
"निर्णायक समय पर मध्य क्षेत्र ने गेंद पर नियंत्रण रखा, और दर्शक खुशी से झूम उठे 😀।",सकारात्मक,फुटबॉल,2
"मुकाबले के इस चरण में कप्तान ने मैदान में प्रवेश किया, और दोनों दल रणनीति पर काम करते रहे।",तटस्थ,फुटबॉल,1
"निर्णायक समय पर कप्तान ने सटीक गेंदबाजी की, जिससे वापसी सफल हुई।",सकारात्मक,क्रिकेट,2
"निर्णायक अंक पर खिलाड़ी ने सर्विस की, और अगला अंक खेला गया।",तटस्थ,बैडमिंटन,1
"निर्णायक समय पर हमलावर ने सही समय पर चुनौती दी, जिससे बढ़त मजबूत हुई।",सकारात्मक,फुटबॉल,2
"मुकाबले के इस चरण में गेंदबाज ने कुछ रन जोड़े, और पारी अपने क्रम में आगे बढ़ी।",तटस्थ,क्रिकेट,1
"दबाव के बीच पिट दल ने ओवरटेक का मौका गंवाया, और दल का मनोबल गिरा।",नकारात्मक,फॉर्मूला वन,0
"दबाव के बीच कप्तान ने साझेदारी नहीं बना सका, और दर्शकों में निराशा फैल गई 😞।",नकारात्मक,क्रिकेट,0
"दबाव के बीच दौड़ दल ने मोड़ पर नियंत्रण खोया, और दौड़ का रुख बिगड़ा।",नकारात्मक,फॉर्मूला वन,0
"दबाव के बीच खिलाड़ी ने तेज प्रतिक्रिया दिखाई, जिससे आत्मविश्वास बढ़ा।",सकारात्मक,बैडमिंटन,2
"निर्णायक समय पर आक्रामक खिलाड़ी ने तेज प्रतिक्रिया दिखाई, जिससे निर्णायक अंक मिला।",सकारात्मक,बैडमिंटन,2
"दबाव के बीच निर्णायक अंक पर खिलाड़ी ने खाली जगह पहचानी, और वापसी सफल हुई।",सकारात्मक,बैडमिंटन,2
"आज रक्षक ने समय पर बदलाव किया, जिससे दल का आत्मविश्वास बढ़ा।",सकारात्मक,फुटबॉल,2
"निर्णायक समय पर पिट दल ने सही समय पर निर्णय लिया, और प्रशंसकों में उत्साह फैल गया 🏎️।",सकारात्मक,फॉर्मूला वन,2
"आज मध्य क्षेत्र ने गोल की ओर गेंद भेजी, जिसके बाद खेल आगे बढ़ा।",तटस्थ,फुटबॉल,1
"आज विकेटकीपर ने कठिन गेंदों पर नियंत्रण रखा, और मुकाबला अपने पक्ष में झुक गया।",सकारात्मक,क्रिकेट,2
"दबाव के बीच विकेटकीपर ने अगली गेंद का सामना किया, और मुकाबला सामान्य गति से चलता रहा।",तटस्थ,क्रिकेट,1
"निर्णायक समय पर गोलकीपर ने मैदान पर आते ही असर डाला, और विपक्षी दबाव में आया।",सकारात्मक,फुटबॉल,2
"मुकाबले के इस चरण में क्षेत्ररक्षक ने अंतिम ओवरों में गति बढ़ाई, जिससे रन गति सुधरी।",सकारात्मक,क्रिकेट,2
"निर्णायक समय पर सलामी जोड़ी ने पारी शुरू की, और अगली गेंद खेली गई।",तटस्थ,क्रिकेट,1
"दबाव के बीच सहायक रक्षक ने शानदार टैकल किया, जिससे जरूरी अंक मिला।",सकारात्मक,कबड्डी,2
"आज चालक ने टायर बदलने में देरी की, और दल का मनोबल गिरा।",नकारात्मक,फॉर्मूला वन,0
"मुकाबले के इस चरण में कार ने मोड़ पर नियंत्रण रखा, और प्रशंसकों में उत्साह फैल गया 🏎️।",सकारात्मक,फॉर्मूला वन,2
"निर्णायक समय पर गेंदबाज ने अगला ओवर शुरू किया, और पारी अपने क्रम में आगे बढ़ी।",तटस्थ,क्रिकेट,1
"दबाव के बीच निर्णायक अंक पर खिलाड़ी ने सही समय पर आक्रमण किया, और मुकाबला अपने पक्ष में झुका।",सकारात्मक,बैडमिंटन,2
"मुकाबले के इस चरण में मध्य मैदान के खिलाड़ी ने कठिन बचाव किया, और जीत की उम्मीद बढ़ी।",सकारात्मक,फुटबॉल,2
"रणनीति दल ने टायर बदलने में देरी की, और दौड़ का रुख बिगड़ा।",नकारात्मक,फॉर्मूला वन,0
"रक्षापंक्ति ने एक बदलाव किया, और मुकाबला सामान्य गति से चलता रहा।",तटस्थ,फुटबॉल,1
"दबाव के बीच कार ने अगले बदलाव की तैयारी की, और दौड़ आगे बढ़ी।",तटस्थ,फॉर्मूला वन,1
"मुकाबले के इस चरण में स्पिनर ने अगली गेंद का सामना किया, और मुकाबला सामान्य गति से चलता रहा।",तटस्थ,क्रिकेट,1
"दबाव के बीच मुख्य चालक ने ओवरटेक का मौका गंवाया, और प्रशंसकों में निराशा फैल गई 😞।",नकारात्मक,फॉर्मूला वन,0
"इंजीनियर ने बदलाव में समय गंवाया, जिससे स्थान गिरा।",नकारात्मक,फॉर्मूला वन,0
"दबाव के बीच रक्षक ने गोल की ओर गेंद भेजी, जिसके बाद खिलाड़ी अपनी जगह लौटे।",तटस्थ,फुटबॉल,1
"दबाव के बीच चालक ने सही समय पर निर्णय लिया, जिससे जीत की उम्मीद बढ़ी।",सकारात्मक,फॉर्मूला वन,2
"निर्णायक समय पर रेडर ने विपक्षी क्षेत्र की ओर बढ़ा, और मुकाबला सामान्य गति से चला।",तटस्थ,कबड्डी,1
"मुकाबले के इस चरण में पिट दल ने देर से निर्णय लिया, जिससे समय का नुकसान हुआ।",नकारात्मक,फॉर्मूला वन,0
"आज इंजीनियर ने दौड़ की योजना पर काम किया, जिसके बाद अगला चक्कर शुरू हुआ।",तटस्थ,फॉर्मूला वन,1
"पिट दल ने मोड़ पार किया, जिसके बाद कार फिर ट्रैक पर आई।",तटस्थ,फॉर्मूला वन,1
"मुकाबले के इस चरण में तेज गेंदबाज ने एक ओवर पूरा किया, और पारी अपने क्रम में आगे बढ़ी।",तटस्थ,क्रिकेट,1
"दबाव के बीच आक्रामक दल ने मैदान पर आने के बाद असर नहीं डाल सका, और मुकाबला हाथ से निकलने लगा।",नकारात्मक,फुटबॉल,0
"दबाव के बीच विंगर ने गेंद अपने पास रखी, और अगला आक्रमण शुरू हुआ।",तटस्थ,फुटबॉल,1
"मुकाबले के इस चरण में स्थानापन्न खिलाड़ी ने रक्षा की स्थिति बनाई, और खेल आगे बढ़ा।",तटस्थ,कबड्डी,1
"मुकाबले के इस चरण में सर्विस करने वाला खिलाड़ी ने नेट पर शटल रोकी, और खेल आगे बढ़ा।",तटस्थ,बैडमिंटन,1
"निर्णायक समय पर रेस दल ने मोड़ पर नियंत्रण रखा, और प्रशंसकों में उत्साह फैल गया 🏎️।",सकारात्मक,फॉर्मूला वन,2
"युगल जोड़ी ने मजबूत बचाव किया, और प्रतिद्वंद्वी दबाव में आया।",सकारात्मक,बैडमिंटन,2
"दबाव के बीच कार ने शानदार ओवरटेक किया, जिससे जीत की उम्मीद बढ़ी।",सकारात्मक,फॉर्मूला वन,2
"मुकाबले के इस चरण में दल ने तालमेल बनाया, और दोनों दल अगली चाल की तैयारी करने लगे।",तटस्थ,कबड्डी,1
"निर्णायक अंक पर खिलाड़ी ने खाली जगह नहीं पहचान पाया, और प्रतिद्वंद्वी दबाव में नहीं आया।",नकारात्मक,बैडमिंटन,0
"आज कप्तान ने समय पर बदलाव किया, जिससे जरूरी अंक मिला।",सकारात्मक,कबड्डी,2
"दबाव के बीच मध्य मैदान के खिलाड़ी ने सही समय पर चुनौती दी, जिससे बढ़त मजबूत हुई।",सकारात्मक,फुटबॉल,2
"दबाव के बीच रेस दल ने लगातार अच्छा तालमेल रखा, जिससे स्थान सुधरा।",सकारात्मक,फॉर्मूला वन,2
"निर्णायक समय पर निचला क्रम ने महत्वपूर्ण विकेट लिया, जिससे दल का आत्मविश्वास बढ़ा।",सकारात्मक,क्रिकेट,2
"दबाव के बीच हमलावर ने गेंद पर नियंत्रण रखा, और दर्शक खुशी से झूम उठे 😀।",सकारात्मक,फुटबॉल,2
"दबाव के बीच रक्षात्मक खिलाड़ी ने बचाव की स्थिति ली, जिसके बाद अगली रैली शुरू हुई।",तटस्थ,बैडमिंटन,1
"दबाव के बीच खिलाड़ी ने नेट के पास दबाव बनाया, और मुकाबला अपने पक्ष में झुका।",सकारात्मक,बैडमिंटन,2
"स्पिनर ने साझेदारी नहीं बना सका, और मुकाबला हाथ से निकलने लगा।",नकारात्मक,क्रिकेट,0
"आज स्थानापन्न खिलाड़ी ने तालमेल बनाया, जिसके बाद अगला अंक खेला गया।",तटस्थ,कबड्डी,1
"मुकाबले के इस चरण में रक्षापंक्ति ने गेंद अपने पास रखी, और मुकाबला सामान्य गति से चलता रहा।",तटस्थ,फुटबॉल,1
"आज स्थानापन्न खिलाड़ी ने समय पर बदलाव किया, जिससे गोल का अवसर बना।",सकारात्मक,फुटबॉल,2
"निर्णायक समय पर नेट खिलाड़ी ने सर्विस पर नियंत्रण खो बैठा, जिससे जीत कठिन हुई।",नकारात्मक,बैडमिंटन,0
"नेट खिलाड़ी ने अगला शॉट खेला, और अगला अंक खेला गया।",तटस्थ,बैडमिंटन,1
"आज गेंदबाज ने महत्वपूर्ण गेंद रोक नहीं पाया, जिससे जीत की संभावना कमजोर हुई।",नकारात्मक,क्रिकेट,0
"निर्णायक समय पर मध्य क्षेत्र ने विपक्षी हमले को रोका, जिसके बाद गेंद फिर मध्य क्षेत्र में गई।",तटस्थ,फुटबॉल,1
"निर्णायक समय पर हमलावर ने बचाव में चूक गया, जिससे आत्मविश्वास घटा।",नकारात्मक,फुटबॉल,0
"निर्णायक समय पर बल्लेबाज ने कुछ रन जोड़े, और अगली गेंद खेली गई।",तटस्थ,क्रिकेट,1
"निर्णायक समय पर रक्षक ने देर से बदलाव किया, और विपक्षी को फायदा मिला।",नकारात्मक,फुटबॉल,0
"मुकाबले के इस चरण में गेंदबाज ने कुछ रन जोड़े, और अगली गेंद खेली गई।",तटस्थ,क्रिकेट,1
"मुकाबले के इस चरण में विंगर ने लगातार दबाव बनाया, और मुकाबला अपने पक्ष में झुक गया।",सकारात्मक,फुटबॉल,2
"दबाव के बीच चालक ने एक चक्कर पूरा किया, और मुकाबला सामान्य गति से चला।",तटस्थ,फॉर्मूला वन,1
"मुकाबले के इस चरण में पिट दल ने सही समय पर निर्णय लिया, जिससे समय का लाभ मिला।",सकारात्मक,फॉर्मूला वन,2
"दबाव के बीच मुख्य रेडर ने रेड शुरू की, जिसके बाद खिलाड़ी अपनी जगह लौटे।",तटस्थ,कबड्डी,1
"आज कप्तान ने साझेदारी नहीं बना सका, जिससे दल का आत्मविश्वास घटा।",नकारात्मक,क्रिकेट,0
"दबाव के बीच रक्षक ने गेंद अपने पास रखी, जिसके बाद खिलाड़ी अपनी जगह लौटे।",तटस्थ,फुटबॉल,1
"निर्णायक समय पर मध्यक्रम ने कुछ रन जोड़े, जिसके बाद अगला ओवर शुरू हुआ।",तटस्थ,क्रिकेट,1
"स्थानापन्न खिलाड़ी ने विपक्षी क्षेत्र की ओर बढ़ा, जिसके बाद अगला अंक खेला गया।",तटस्थ,कबड्डी,1
"मुकाबले के इस चरण में निचला क्रम ने अंतिम ओवरों में गति बढ़ाई, और दर्शकों में उत्साह फैल गया 😀।",सकारात्मक,क्रिकेट,2
"कार ने टायर बदलने में देरी की, जिससे स्थान गिरा।",नकारात्मक,फॉर्मूला वन,0
"आज पिछली पंक्ति का खिलाड़ी ने बचाव की स्थिति ली, और अगला अंक खेला गया।",तटस्थ,बैडमिंटन,1
"आज विकेटकीपर ने मजबूत साझेदारी बनाई, जिससे वापसी सफल हुई।",सकारात्मक,क्रिकेट,2
"निर्णायक समय पर टीम प्रबंधन ने टायर बदले, जिसके बाद अगला चक्कर शुरू हुआ।",तटस्थ,फॉर्मूला वन,1
"आज आक्रामक खिलाड़ी ने लंबी रैली जीती, और मुकाबला अपने पक्ष में झुका।",सकारात्मक,बैडमिंटन,2
"मुकाबले के इस चरण में सलामी जोड़ी ने बीच के ओवरों में महंगा साबित हुआ, और रणनीति विफल रही।",नकारात्मक,क्रिकेट,0
"निर्णायक समय पर रक्षक ने तालमेल बनाया, और मुकाबला सामान्य गति से चला।",तटस्थ,कबड्डी,1
"दबाव के बीच रेस दल ने रणनीति पर चर्चा की, और चालक ने अपनी स्थिति बनाए रखी।",तटस्थ,फॉर्मूला वन,1
"निर्णायक समय पर बल्लेबाज ने आसान मौका गंवा बैठा, और विपक्षी को बढ़त मिल गई।",नकारात्मक,क्रिकेट,0
"दबाव के बीच कप्तान ने मैदान पर आने के बाद असर नहीं डाल सका, और विपक्षी दबाव में नहीं आया।",नकारात्मक,कबड्डी,0
"निर्णायक समय पर क्षेत्ररक्षक ने क्रीज पर आया, जिसके बाद खेल आगे बढ़ा।",तटस्थ,क्रिकेट,1
"दबाव के बीच कप्तान ने मजबूत बचाव किया, और प्रतिद्वंद्वी दबाव में आया।",सकारात्मक,बैडमिंटन,2
"मुकाबले के इस चरण में मध्य खिलाड़ी ने मैदान में प्रवेश किया, जिसके बाद अगली रेड शुरू हुई।",तटस्थ,कबड्डी,1
"स्थानापन्न खिलाड़ी ने गोल की ओर गेंद भेजी, जिसके बाद खेल आगे बढ़ा।",तटस्थ,फुटबॉल,1
"मध्यक्रम ने समय पर रणनीति बदली, और विपक्षी दबाव में आ गया।",सकारात्मक,क्रिकेट,2
"दबाव के बीच रक्षापंक्ति ने दबाव नहीं बना सका, जिससे वापसी कठिन हुई।",नकारात्मक,फुटबॉल,0
"निर्णायक समय पर कार ने अंतिम चरण में गति बढ़ाई, जिससे पोडियम की संभावना बढ़ी।",सकारात्मक,फॉर्मूला वन,2
"अंतिम रेडर ने मैदान में प्रवेश किया, और मुकाबला सामान्य गति से चला।",तटस्थ,कबड्डी,1
"मुकाबले के इस चरण में अंतिम रेडर ने रेड शुरू की, और दोनों दल अगली चाल की तैयारी करने लगे।",तटस्थ,कबड्डी,1
"चालक ने अपनी गति बनाए रखी, जिसके बाद अगला चक्कर शुरू हुआ।",तटस्थ,फॉर्मूला वन,1
"आज गेंदबाज ने ढीली गेंदें डालता रहा, जिससे वापसी कठिन हुई।",नकारात्मक,क्रिकेट,0
"मुकाबले के इस चरण में दौड़ दल ने गलत रणनीति चुनी, और प्रशंसकों में निराशा फैल गई 😞।",नकारात्मक,फॉर्मूला वन,0
"आज मध्य क्षेत्र ने तेज तालमेल दिखाया, जिससे वापसी सफल हुई।",सकारात्मक,फुटबॉल,2
"मुकाबले के इस चरण में गोलकीपर ने बचाव में चूक गया, जिससे आत्मविश्वास घटा।",नकारात्मक,फुटबॉल,0
"आज रेस दल ने अपनी गति बनाए रखी, जिसके बाद अगला चक्कर शुरू हुआ।",तटस्थ,फॉर्मूला वन,1
"मुकाबले के इस चरण में रक्षा पंक्ति ने लगातार अंक गंवाता रहा, और विपक्षी दबाव में नहीं आया।",नकारात्मक,कबड्डी,0
"मुकाबले के इस चरण में सर्विस करने वाला खिलाड़ी ने अगला शॉट खेला, जिसके बाद सर्विस बदली गई।",तटस्थ,बैडमिंटन,1
"मुकाबले के इस चरण में कार ने सही रणनीति चुनी, जिससे समय का लाभ मिला।",सकारात्मक,फॉर्मूला वन,2
"निर्णायक समय पर रक्षा पंक्ति ने निर्णायक अंक लिया, जिससे बढ़त मजबूत हुई।",सकारात्मक,कबड्डी,2
"आज रक्षा पंक्ति ने तालमेल बनाया, जिसके बाद खिलाड़ी अपनी जगह लौटे।",तटस्थ,कबड्डी,1
"मुकाबले के इस चरण में रक्षा पंक्ति ने अच्छा तालमेल दिखाया, और दर्शक खुशी से झूम उठे 😀।",सकारात्मक,कबड्डी,2
"आज टायर दल ने दौड़ की योजना पर काम किया, जिसके बाद कार फिर ट्रैक पर आई।",तटस्थ,फॉर्मूला वन,1
"आज नेट खिलाड़ी ने सर्विस की, जिसके बाद अगली रैली शुरू हुई।",तटस्थ,बैडमिंटन,1
"कप्तान ने मजबूत घेरा बनाया, और मुकाबला अपने पक्ष में झुका।",सकारात्मक,कबड्डी,2
"मुकाबले के इस चरण में बल्लेबाज ने साझेदारी नहीं बना सका, जिससे रन गति गिर गई।",नकारात्मक,क्रिकेट,0
"मुकाबले के इस चरण में मध्य मैदान के खिलाड़ी ने गेंद पकड़ी, जिसके बाद खेल आगे बढ़ा।",तटस्थ,फुटबॉल,1
"आज सर्विस करने वाला खिलाड़ी ने शटल आगे भेजी, और खेल आगे बढ़ा।",तटस्थ,बैडमिंटन,1
"तेज गेंदबाज ने दबाव में सही शॉट चुना, जिससे वापसी सफल हुई।",सकारात्मक,क्रिकेट,2
"रक्षात्मक खिलाड़ी ने सटीक स्मैश लगाया, जिससे बढ़त मजबूत हुई।",सकारात्मक,बैडमिंटन,2
"पिट दल ने सही रणनीति चुनी, जिससे जीत की उम्मीद बढ़ी।",सकारात्मक,फॉर्मूला वन,2
"मुकाबले के इस चरण में आक्रामक खिलाड़ी ने खाली जगह की ओर शटल भेजी, जिसके बाद अगली रैली शुरू हुई।",तटस्थ,बैडमिंटन,1
"दबाव के बीच बल्लेबाज ने सटीक गेंदबाजी की, जिससे दल का आत्मविश्वास बढ़ा।",सकारात्मक,क्रिकेट,2
"आज मध्यक्रम ने मजबूत साझेदारी बनाई, और मुकाबला अपने पक्ष में झुक गया।",सकारात्मक,क्रिकेट,2
"आज मध्य क्षेत्र ने दबाव नहीं बना सका, जिससे गोल का अवसर चला गया।",नकारात्मक,फुटबॉल,0
"आज निर्णायक अंक पर खिलाड़ी ने सर्विस की, और अगला अंक खेला गया।",तटस्थ,बैडमिंटन,1
"मुकाबले के इस चरण में रक्षा पंक्ति ने रेडर को रोक नहीं पाया, जिससे जरूरी अंक गंवा।",नकारात्मक,कबड्डी,0
"सलामी जोड़ी ने दबाव में सही शॉट चुना, और रणनीति कामयाब रही।",सकारात्मक,क्रिकेट,2
"मुकाबले के इस चरण में खिलाड़ी ने तेज प्रतिक्रिया दिखाई, और प्रतिद्वंद्वी दबाव में आया।",सकारात्मक,बैडमिंटन,2
"मुकाबले के इस चरण में सलामी जोड़ी ने जरूरी विकेट नहीं ले सका, जिससे रन गति गिर गई।",नकारात्मक,क्रिकेट,0
"मुकाबले के इस चरण में चालक ने दौड़ की योजना पर काम किया, जिसके बाद अगला चक्कर शुरू हुआ।",तटस्थ,फॉर्मूला वन,1
"आज गेंदबाज ने क्रीज पर आया, और पारी अपने क्रम में आगे बढ़ी।",तटस्थ,क्रिकेट,1
"मुकाबले के इस चरण में कप्तान ने देर से रणनीति बदली, और मुकाबला हाथ से निकलने लगा।",नकारात्मक,क्रिकेट,0
"मध्य खिलाड़ी ने रेड शुरू की, जिसके बाद अगली रेड शुरू हुई।",तटस्थ,कबड्डी,1
"दबाव के बीच निर्णायक अंक पर खिलाड़ी ने तेज प्रतिक्रिया दिखाई, और प्रतिद्वंद्वी दबाव में आया।",सकारात्मक,बैडमिंटन,2
"मुकाबले के इस चरण में मध्य क्षेत्र ने एक बदलाव किया, जिसके बाद खेल आगे बढ़ा।",तटस्थ,फुटबॉल,1
"दबाव के बीच कार ने अंतिम चरण में गति बढ़ाई, और दौड़ का रुख बदला।",सकारात्मक,फॉर्मूला वन,2
"आज पिट दल ने टायर बदले, जिसके बाद अगला चक्कर शुरू हुआ।",तटस्थ,फॉर्मूला वन,1
"रणनीति दल ने ओवरटेक का मौका गंवाया, और दल का मनोबल गिरा।",नकारात्मक,फॉर्मूला वन,0
"निर्णायक समय पर टायर दल ने मोड़ पर नियंत्रण रखा, और दल का मनोबल ऊंचा हुआ।",सकारात्मक,फॉर्मूला वन,2
"मुकाबले के इस चरण में कप्तान ने गेंद पर नियंत्रण रखा, जिससे गोल का अवसर बना।",सकारात्मक,फुटबॉल,2
"आज कप्तान ने नेट के पास दबाव बनाया, और दर्शकों ने तालियां बजाईं 👏।",सकारात्मक,बैडमिंटन,2
"मुकाबले के इस चरण में मध्यक्रम ने पारी शुरू की, और पारी अपने क्रम में आगे बढ़ी।",तटस्थ,क्रिकेट,1
"आज टीम प्रबंधन ने दबाव में धैर्य रखा, जिससे जीत की उम्मीद बढ़ी।",सकारात्मक,फॉर्मूला वन,2
"मुकाबले के इस चरण में अंतिम रेडर ने अगला अंक खेला, और खेल आगे बढ़ा।",तटस्थ,कबड्डी,1
"दबाव के बीच चालक ने मोड़ पर नियंत्रण खोया, जिससे स्थान गिरा।",नकारात्मक,फॉर्मूला वन,0
"निर्णायक समय पर पिछली पंक्ति का खिलाड़ी ने कठिन शटल लौटा दी, जिससे आत्मविश्वास बढ़ा।",सकारात्मक,बैडमिंटन,2
"मुकाबले के इस चरण में अंतिम रेडर ने तालमेल खो बैठा, जिससे दल का आत्मविश्वास घटा।",नकारात्मक,कबड्डी,0
"मध्य मैदान के खिलाड़ी ने लगातार दबाव बनाया, जिससे बढ़त मजबूत हुई।",सकारात्मक,फुटबॉल,2
"दबाव के बीच खिलाड़ी ने कठिन शटल नहीं लौटा सका, जिससे आत्मविश्वास घटा।",नकारात्मक,बैडमिंटन,0
"आज क्षेत्ररक्षक ने संयम से पारी संभाली, जिससे वापसी सफल हुई।",सकारात्मक,क्रिकेट,2
"दबाव के बीच सहायक रक्षक ने अपनी जगह संभाली, जिसके बाद खिलाड़ी अपनी जगह लौटे।",तटस्थ,कबड्डी,1
"निर्णायक समय पर युगल जोड़ी ने कठिन शटल नहीं लौटा सका, जिससे आत्मविश्वास घटा।",नकारात्मक,बैडमिंटन,0
"दल ने घेरा टूटने दिया, और दर्शकों में निराशा फैल गई 😞।",नकारात्मक,कबड्डी,0
"निर्णायक समय पर आक्रामक खिलाड़ी ने सही समय पर आक्रमण किया, जिससे निर्णायक अंक मिला।",सकारात्मक,बैडमिंटन,2
"आज हमलावर ने मैदान पर आते ही असर डाला, और विपक्षी दबाव में आया।",सकारात्मक,फुटबॉल,2
"निचला क्रम ने मजबूत साझेदारी बनाई, जिससे दल का आत्मविश्वास बढ़ा।",सकारात्मक,क्रिकेट,2
"आज पिट दल ने मोड़ पर नियंत्रण रखा, जिससे जीत की उम्मीद बढ़ी।",सकारात्मक,फॉर्मूला वन,2
"मुकाबले के इस चरण में रणनीति दल ने एक चक्कर पूरा किया, और चालक ने अपनी स्थिति बनाए रखी।",तटस्थ,फॉर्मूला वन,1
"दबाव के बीच पिछली पंक्ति का खिलाड़ी ने खाली जगह की ओर शटल भेजी, जिसके बाद सर्विस बदली गई।",तटस्थ,बैडमिंटन,1
"मुख्य चालक ने गलत रणनीति चुनी, जिससे स्थान गिरा।",नकारात्मक,फॉर्मूला वन,0
"मुकाबले के इस चरण में निर्णायक अंक पर खिलाड़ी ने शटल आगे भेजी, जिसके बाद दोनों खिलाड़ी अपनी जगह लौटे।",तटस्थ,बैडमिंटन,1
"मुकाबले के इस चरण में दौड़ दल ने टायर बदले, और दौड़ आगे बढ़ी।",तटस्थ,फॉर्मूला वन,1
"दबाव के बीच निचला क्रम ने अंतिम ओवरों में गति बढ़ाई, और मुकाबला अपने पक्ष में झुक गया।",सकारात्मक,क्रिकेट,2
"मुकाबले के इस चरण में मुख्य चालक ने मोड़ पार किया, और दौड़ आगे बढ़ी।",तटस्थ,फॉर्मूला वन,1
"निर्णायक समय पर मध्य क्षेत्र ने तेज तालमेल दिखाया, और विपक्षी दबाव में आया।",सकारात्मक,फुटबॉल,2
"मध्य क्षेत्र ने मैदान में प्रवेश किया, जिसके बाद गेंद फिर मध्य क्षेत्र में गई।",तटस्थ,फुटबॉल,1
"आज कार ने दौड़ की योजना देखी, और चालक ने अपनी स्थिति बनाए रखी।",तटस्थ,फॉर्मूला वन,1
"निर्णायक समय पर खिलाड़ी ने रैली जारी रखी, और मुकाबला सामान्य गति से चला।",तटस्थ,बैडमिंटन,1
"स्थानापन्न खिलाड़ी ने देर से बदलाव किया, जिससे वापसी कठिन हुई।",नकारात्मक,फुटबॉल,0
"कप्तान ने विपक्षी हमले को रोका, और दोनों दल रणनीति पर काम करते रहे।",तटस्थ,फुटबॉल,1
"दबाव के बीच गेंदबाज ने दबाव में गलत शॉट चुना, और विपक्षी को बढ़त मिल गई।",नकारात्मक,क्रिकेट,0
"दबाव के बीच गेंदबाज ने बीच के ओवरों में दबाव बनाए रखा, और रणनीति कामयाब रही।",सकारात्मक,क्रिकेट,2
"मुकाबले के इस चरण में मध्यक्रम ने अंतिम ओवरों में गति बढ़ाई, जिससे दल का आत्मविश्वास बढ़ा।",सकारात्मक,क्रिकेट,2
"कप्तान ने अगली गेंद का सामना किया, और अगली गेंद खेली गई।",तटस्थ,क्रिकेट,1
"रक्षा पंक्ति ने मिलकर रेडर को रोका, और जीत की उम्मीद बढ़ी।",सकारात्मक,कबड्डी,2
"मुकाबले के इस चरण में रक्षा पंक्ति ने तालमेल बनाया, और दोनों दल अगली चाल की तैयारी करने लगे।",तटस्थ,कबड्डी,1
"आज एकल खिलाड़ी ने बचाव की स्थिति ली, जिसके बाद अगली रैली शुरू हुई।",तटस्थ,बैडमिंटन,1
"निर्णायक समय पर सर्विस करने वाले खिलाड़ी ने कठिन शटल लौटा दी, जिससे आत्मविश्वास बढ़ा।",सकारात्मक,बैडमिंटन,2
"मुकाबले के इस चरण में कप्तान ने लगातार दबाव बनाया, जिससे वापसी सफल हुई।",सकारात्मक,फुटबॉल,2
"आज सलामी जोड़ी ने बीच के ओवरों में महंगा साबित हुआ, और विपक्षी को बढ़त मिल गई।",नकारात्मक,क्रिकेट,0
"निर्णायक समय पर रेस दल ने टायर बदलने में देरी की, और प्रशंसकों में निराशा फैल गई 😞।",नकारात्मक,फॉर्मूला वन,0
"मध्यक्रम ने अंतिम ओवरों में नियंत्रण खो बैठा, जिससे रन गति गिर गई।",नकारात्मक,क्रिकेट,0
"मध्य क्षेत्र ने देर से बदलाव किया, जिससे वापसी कठिन हुई।",नकारात्मक,फुटबॉल,0
"निर्णायक समय पर रक्षापंक्ति ने अपनी जगह संभाली, जिसके बाद खिलाड़ी अपनी जगह लौटे।",तटस्थ,फुटबॉल,1
"निर्णायक समय पर रक्षा पंक्ति ने रेड शुरू की, जिसके बाद अगली रेड शुरू हुई।",तटस्थ,कबड्डी,1
"निर्णायक समय पर सलामी जोड़ी ने अगला ओवर शुरू किया, जिसके बाद अगला ओवर शुरू हुआ।",तटस्थ,क्रिकेट,1
"दबाव के बीच कार ने मोड़ पार किया, जिसके बाद अगला चक्कर शुरू हुआ।",तटस्थ,फॉर्मूला वन,1
"दबाव के बीच सलामी जोड़ी ने गेंद संभाली, और पारी अपने क्रम में आगे बढ़ी।",तटस्थ,क्रिकेट,1
"आज अंतिम रेडर ने मैदान में प्रवेश किया, और मुकाबला सामान्य गति से चला।",तटस्थ,कबड्डी,1
"आज टायर दल ने टायर बदलने में देरी की, और प्रतिद्वंद्वी को फायदा मिला।",नकारात्मक,फॉर्मूला वन,0
"गेंदबाज ने पारी शुरू की, और मुकाबला सामान्य गति से चलता रहा।",तटस्थ,क्रिकेट,1
"निर्णायक समय पर रणनीति दल ने मोड़ पर नियंत्रण खोया, जिससे पोडियम की संभावना घटी।",नकारात्मक,फॉर्मूला वन,0
"आज निचला क्रम ने क्रीज पर आया, जिसके बाद दोनों दल अपनी योजना पर लौटे।",तटस्थ,क्रिकेट,1
"निर्णायक समय पर कप्तान ने क्रीज पर आया, और मुकाबला सामान्य गति से चलता रहा।",तटस्थ,क्रिकेट,1
"रेस दल ने लगातार अच्छा तालमेल रखा, और दल का मनोबल ऊंचा हुआ।",सकारात्मक,फॉर्मूला वन,2
"सर्विस करने वाला खिलाड़ी ने खाली जगह नहीं पहचान पाया, जिससे निर्णायक अंक हाथ से गया।",नकारात्मक,बैडमिंटन,0
"दबाव के बीच हमलावर ने अपनी जगह छोड़ दी, और विपक्षी को फायदा मिला।",नकारात्मक,फुटबॉल,0
"मुकाबले के इस चरण में कप्तान ने गेंद खो दी, जिससे वापसी कठिन हुई।",नकारात्मक,फुटबॉल,0
"निर्णायक समय पर गोलकीपर ने देर से बदलाव किया, जिससे आत्मविश्वास घटा।",नकारात्मक,फुटबॉल,0
"क्षेत्ररक्षक ने जल्दी विकेट गंवा बैठा, और विपक्षी को बढ़त मिल गई।",नकारात्मक,क्रिकेट,0
"आज मुख्य रेडर ने रेडर को रोक नहीं पाया, जिससे बढ़त कमजोर हुई।",नकारात्मक,कबड्डी,0
"निर्णायक समय पर रेस दल ने लगातार अच्छा तालमेल रखा, और प्रशंसकों में उत्साह फैल गया 🏎️।",सकारात्मक,फॉर्मूला वन,2
"निर्णायक समय पर कप्तान ने सर्विस पर नियंत्रण खो बैठा, जिससे जीत कठिन हुई।",नकारात्मक,बैडमिंटन,0
"दबाव के बीच रक्षा पंक्ति ने शानदार टैकल किया, जिससे वापसी सफल हुई।",सकारात्मक,कबड्डी,2
"दबाव के बीच आक्रामक खिलाड़ी ने नेट पर शटल रोकी, और मुकाबला सामान्य गति से चला।",तटस्थ,बैडमिंटन,1
"आज आक्रामक दल ने देर से बदलाव किया, जिससे वापसी कठिन हुई।",नकारात्मक,फुटबॉल,0
"आज चालक ने तेज सेवा दी, जिससे स्थान सुधरा।",सकारात्मक,फॉर्मूला वन,2
"आज तेज गेंदबाज ने क्रीज पर आया, जिसके बाद खेल आगे बढ़ा।",तटस्थ,क्रिकेट,1
"रक्षक ने तालमेल खो बैठा, और दर्शकों में निराशा फैल गई 😞।",नकारात्मक,कबड्डी,0
"दबाव के बीच चालक ने अगले बदलाव की तैयारी की, और चालक ने अपनी स्थिति बनाए रखी।",तटस्थ,फॉर्मूला वन,1
"आज आक्रामक खिलाड़ी ने कठिन शटल लौटा दी, जिससे बढ़त मजबूत हुई।",सकारात्मक,बैडमिंटन,2
"आज विकेटकीपर ने साझेदारी नहीं बना सका, जिससे वापसी कठिन हुई।",नकारात्मक,क्रिकेट,0
"मुकाबले के इस चरण में मध्य खिलाड़ी ने मैदान पर आते ही असर डाला, जिससे दल का आत्मविश्वास बढ़ा।",सकारात्मक,कबड्डी,2
"दबाव के बीच पिछली पंक्ति का खिलाड़ी ने नेट के पास अंक गंवा दिया, जिससे आत्मविश्वास घटा।",नकारात्मक,बैडमिंटन,0
"मुकाबले के इस चरण में खिलाड़ी ने पीछे से प्रहार किया, और खेल आगे बढ़ा।",तटस्थ,बैडमिंटन,1
"निर्णायक समय पर विकेटकीपर ने गेंद संभाली, और मुकाबला सामान्य गति से चलता रहा।",तटस्थ,क्रिकेट,1
"रणनीति दल ने ट्रैक की स्थिति देखी, और दौड़ आगे बढ़ी।",तटस्थ,फॉर्मूला वन,1
"मुकाबले के इस चरण में कप्तान ने घेरा टूटने दिया, और दर्शकों में निराशा फैल गई 😞।",नकारात्मक,कबड्डी,0
"दबाव के बीच निर्णायक अंक पर खिलाड़ी ने सर्विस पर नियंत्रण खो बैठा, और मुकाबला विपक्षी की ओर झुका।",नकारात्मक,बैडमिंटन,0
"निर्णायक समय पर स्थानापन्न खिलाड़ी ने अगला अंक खेला, जिसके बाद खिलाड़ी अपनी जगह लौटे।",तटस्थ,कबड्डी,1
"मुकाबले के इस चरण में रक्षक ने पास आगे बढ़ाया, और अगला आक्रमण शुरू हुआ।",तटस्थ,फुटबॉल,1
"मुकाबले के इस चरण में रक्षक ने सफल रेड की, जिससे बढ़त मजबूत हुई।",सकारात्मक,कबड्डी,2
"दबाव के बीच इंजीनियर ने मोड़ पर नियंत्रण खोया, जिससे समय का नुकसान हुआ।",नकारात्मक,फॉर्मूला वन,0
"मुकाबले के इस चरण में इंजीनियर ने टायर बदले, जिसके बाद अगला चक्कर शुरू हुआ।",तटस्थ,फॉर्मूला वन,1
"दबाव के बीच गेंदबाज ने मजबूत साझेदारी बनाई, जिससे वापसी सफल हुई।",सकारात्मक,क्रिकेट,2
"दबाव के बीच सलामी जोड़ी ने ढीली गेंदें डालता रहा, जिससे रन गति गिर गई।",नकारात्मक,क्रिकेट,0
"दबाव के बीच आक्रामक खिलाड़ी ने स्मैश बाहर मार बैठा, और मुकाबला विपक्षी की ओर झुका।",नकारात्मक,बैडमिंटन,0
"मुकाबले के इस चरण में रक्षा पंक्ति ने विपक्षी क्षेत्र की ओर बढ़ा, जिसके बाद अगला अंक खेला गया।",तटस्थ,कबड्डी,1
"सहायक रक्षक ने बिना अंक लौट आया, जिससे वापसी कठिन हुई।",नकारात्मक,कबड्डी,0
"आज नेट खिलाड़ी ने गलत समय पर आक्रमण किया, और वापसी का मौका कम हुआ।",नकारात्मक,बैडमिंटन,0
"मुकाबले के इस चरण में आक्रामक खिलाड़ी ने कठिन शटल लौटा दी, और मुकाबला अपने पक्ष में झुका।",सकारात्मक,बैडमिंटन,2
"निर्णायक समय पर कप्तान ने बचाव में चूक गया, जिससे वापसी कठिन हुई।",नकारात्मक,फुटबॉल,0
"रक्षा पंक्ति ने सही समय पर बोनस लिया, और जीत की उम्मीद बढ़ी।",सकारात्मक,कबड्डी,2
"दबाव के बीच अंतिम रेडर ने रेडर को घेरने की कोशिश की, जिसके बाद अगली रेड शुरू हुई।",तटस्थ,कबड्डी,1
"मुकाबले के इस चरण में रेस दल ने अगले बदलाव की तैयारी की, जिसके बाद कार फिर ट्रैक पर आई।",तटस्थ,फॉर्मूला वन,1
"दबाव के बीच कप्तान ने रेड शुरू की, जिसके बाद अगला अंक खेला गया।",तटस्थ,कबड्डी,1
"आज स्पिनर ने दबाव में गलत शॉट चुना, और विपक्षी को बढ़त मिल गई।",नकारात्मक,क्रिकेट,0
"आज चालक ने आंकड़ों की समीक्षा की, जिसके बाद कार फिर ट्रैक पर आई।",तटस्थ,फॉर्मूला वन,1
"रक्षात्मक खिलाड़ी ने सर्विस पर नियंत्रण खो बैठा, जिससे निर्णायक अंक हाथ से गया।",नकारात्मक,बैडमिंटन,0
"निर्णायक समय पर स्थानापन्न खिलाड़ी ने तेज तालमेल दिखाया, जिससे दल का आत्मविश्वास बढ़ा।",सकारात्मक,फुटबॉल,2
"कप्तान ने रैली जारी रखी, और अगला अंक खेला गया।",तटस्थ,बैडमिंटन,1
"चालक ने गलत रणनीति चुनी, और दौड़ का रुख बिगड़ा।",नकारात्मक,फॉर्मूला वन,0
"रक्षक ने निर्णायक अंक नहीं ले सका, जिससे दल का आत्मविश्वास घटा।",नकारात्मक,कबड्डी,0
"दबाव के बीच कार ने मोड़ पर नियंत्रण खोया, और दल का मनोबल गिरा।",नकारात्मक,फॉर्मूला वन,0
"हमलावर ने विपक्षी हमले को रोका, और अगला आक्रमण शुरू हुआ।",तटस्थ,फुटबॉल,1
"निर्णायक समय पर रेडर ने रेडर को घेरने की कोशिश की, और दोनों दल अगली चाल की तैयारी करने लगे।",तटस्थ,कबड्डी,1
"दबाव के बीच स्थानापन्न खिलाड़ी ने लगातार अंक जुटाए, जिससे दल का आत्मविश्वास बढ़ा।",सकारात्मक,कबड्डी,2
"निर्णायक समय पर कप्तान ने अंतिम ओवरों में नियंत्रण खो बैठा, और रणनीति विफल रही।",नकारात्मक,क्रिकेट,0
"दबाव के बीच स्थानापन्न खिलाड़ी ने अपनी जगह छोड़ दी, जिससे आत्मविश्वास घटा।",नकारात्मक,फुटबॉल,0
"निर्णायक समय पर कप्तान ने दबाव में गलत शॉट चुना, और दर्शकों में निराशा फैल गई 😞।",नकारात्मक,क्रिकेट,0
"मुकाबले के इस चरण में रक्षात्मक खिलाड़ी ने पीछे से प्रहार किया, जिसके बाद अगली रैली शुरू हुई।",तटस्थ,बैडमिंटन,1
"अंतिम रेडर ने बोनस का मौका गंवाया, जिससे दल का आत्मविश्वास घटा।",नकारात्मक,कबड्डी,0
"निर्णायक समय पर हमलावर ने समय पर बदलाव किया, जिससे बढ़त मजबूत हुई।",सकारात्मक,फुटबॉल,2
"मध्य मैदान के खिलाड़ी ने मैदान पर आते ही असर डाला, जिससे बढ़त मजबूत हुई।",सकारात्मक,फुटबॉल,2
"रक्षा पंक्ति ने रेड शुरू की, और खेल आगे बढ़ा।",तटस्थ,कबड्डी,1
"युगल जोड़ी ने रणनीति में सुधार नहीं कर सका, जिससे जीत कठिन हुई।",नकारात्मक,बैडमिंटन,0
"दबाव के बीच रणनीति दल ने तेज बदलाव किया, जिससे जीत की उम्मीद बढ़ी।",सकारात्मक,फॉर्मूला वन,2
"आक्रामक खिलाड़ी ने नेट के पास अंक गंवा दिया, जिससे आत्मविश्वास घटा।",नकारात्मक,बैडमिंटन,0
"पिट दल ने एक चक्कर पूरा किया, जिसके बाद कार फिर ट्रैक पर आई।",तटस्थ,फॉर्मूला वन,1
"आज निचला क्रम ने अगली गेंद का सामना किया, जिसके बाद दोनों दल अपनी योजना पर लौटे।",तटस्थ,क्रिकेट,1
"निर्णायक समय पर रक्षात्मक खिलाड़ी ने गलत समय पर आक्रमण किया, जिससे निर्णायक अंक हाथ से गया।",नकारात्मक,बैडमिंटन,0
"पिछली पंक्ति का खिलाड़ी ने नेट के पास दबाव बनाया, जिससे आत्मविश्वास बढ़ा।",सकारात्मक,बैडमिंटन,2
"आज मध्य क्षेत्र ने सटीक पास दिया, जिससे गोल का अवसर बना।",सकारात्मक,फुटबॉल,2
"निर्णायक समय पर तेज गेंदबाज ने दबाव में गलत शॉट चुना, जिससे दल का आत्मविश्वास घटा।",नकारात्मक,क्रिकेट,0
"कप्तान ने मैदान में प्रवेश किया, और दोनों दल अगली चाल की तैयारी करने लगे।",तटस्थ,कबड्डी,1
"दबाव के बीच गोलकीपर ने गेंद खो दी, और दर्शकों में निराशा फैल गई 😞।",नकारात्मक,फुटबॉल,0
"आज इंजीनियर ने अपनी गति बनाए रखी, और चालक ने अपनी स्थिति बनाए रखी।",तटस्थ,फॉर्मूला वन,1
"दबाव के बीच रक्षापंक्ति ने तेज तालमेल दिखाया, जिससे दल का आत्मविश्वास बढ़ा।",सकारात्मक,फुटबॉल,2
"मुकाबले के इस चरण में निचला क्रम ने अंतिम ओवरों में गति बढ़ाई, जिससे रन गति सुधरी।",सकारात्मक,क्रिकेट,2
"दबाव के बीच अंतिम रेडर ने लगातार अंक गंवाता रहा, और विपक्षी दबाव में नहीं आया।",नकारात्मक,कबड्डी,0
"पिट दल ने सही समय पर निर्णय लिया, जिससे समय का लाभ मिला।",सकारात्मक,फॉर्मूला वन,2
"मुकाबले के इस चरण में कप्तान ने सटीक गेंदबाजी की, और रणनीति कामयाब रही।",सकारात्मक,क्रिकेट,2
"एकल खिलाड़ी ने अगले अंक की तैयारी की, और अगला अंक खेला गया।",तटस्थ,बैडमिंटन,1
"मुकाबले के इस चरण में रक्षापंक्ति ने विपक्षी हमले को रोका, और मुकाबला सामान्य गति से चलता रहा।",तटस्थ,फुटबॉल,1
"मुकाबले के इस चरण में अंतिम रेडर ने रक्षा की स्थिति बनाई, और दोनों दल अगली चाल की तैयारी करने लगे।",तटस्थ,कबड्डी,1
"निर्णायक समय पर पिट दल ने टायरों का सही उपयोग किया, जिससे पोडियम की संभावना बढ़ी।",सकारात्मक,फॉर्मूला वन,2
"नेट खिलाड़ी ने नेट पर शटल रोकी, और अगला अंक खेला गया।",तटस्थ,बैडमिंटन,1
"मुकाबले के इस चरण में क्षेत्ररक्षक ने जल्दी विकेट गंवा बैठा, जिससे रन गति गिर गई।",नकारात्मक,क्रिकेट,0
"आज पिट दल ने अगले बदलाव की तैयारी की, जिसके बाद अगला चरण शुरू हुआ।",तटस्थ,फॉर्मूला वन,1
"मुकाबले के इस चरण में कप्तान ने कठिन शटल नहीं लौटा सका, और वापसी का मौका कम हुआ।",नकारात्मक,बैडमिंटन,0
"मुकाबले के इस चरण में स्थानापन्न खिलाड़ी ने लगातार दबाव बनाया, जिससे दल का आत्मविश्वास बढ़ा।",सकारात्मक,फुटबॉल,2
"मुख्य चालक ने टायर बदलने में देरी की, और दल का मनोबल गिरा।",नकारात्मक,फॉर्मूला वन,0
"दबाव के बीच मुख्य रेडर ने अगली रेड की तैयारी की, जिसके बाद खिलाड़ी अपनी जगह लौटे।",तटस्थ,कबड्डी,1
"दबाव के बीच दल ने रेड शुरू की, जिसके बाद खिलाड़ी अपनी जगह लौटे।",तटस्थ,कबड्डी,1
"आज टीम प्रबंधन ने टायरों का सही उपयोग किया, और दल का मनोबल ऊंचा हुआ।",सकारात्मक,फॉर्मूला वन,2
"मुकाबले के इस चरण में नेट खिलाड़ी ने शटल आगे भेजी, और अगला अंक खेला गया।",तटस्थ,बैडमिंटन,1
"दबाव के बीच दल ने अगली रेड की तैयारी की, और दोनों दल अगली चाल की तैयारी करने लगे।",तटस्थ,कबड्डी,1
"निर्णायक समय पर मुख्य रेडर ने शानदार टैकल किया, और दर्शक खुशी से झूम उठे 😀।",सकारात्मक,कबड्डी,2
"दबाव के बीच सलामी जोड़ी ने अंतिम ओवरों में गति बढ़ाई, और दर्शकों में उत्साह फैल गया 😀।",सकारात्मक,क्रिकेट,2
"दबाव के बीच युगल जोड़ी ने नेट के पास दबाव बनाया, जिससे बढ़त मजबूत हुई।",सकारात्मक,बैडमिंटन,2
"निर्णायक समय पर गेंदबाज ने महत्वपूर्ण गेंद रोक नहीं पाया, जिससे जीत की संभावना कमजोर हुई।",नकारात्मक,क्रिकेट,0
"आज रक्षापंक्ति ने गेंद खो दी, जिससे आत्मविश्वास घटा।",नकारात्मक,फुटबॉल,0
"निर्णायक समय पर रणनीति दल ने अगले बदलाव की तैयारी की, जिसके बाद अगला चरण शुरू हुआ।",तटस्थ,फॉर्मूला वन,1
"गोलकीपर ने दबाव नहीं बना सका, जिससे आत्मविश्वास घटा।",नकारात्मक,फुटबॉल,0
"मुकाबले के इस चरण में तेज गेंदबाज ने जल्दी विकेट गंवा बैठा, जिससे रन गति गिर गई।",नकारात्मक,क्रिकेट,0
"मुकाबले के इस चरण में अंतिम रेडर ने निर्णायक अंक नहीं ले सका, जिससे वापसी कठिन हुई।",नकारात्मक,कबड्डी,0
"दबाव के बीच आक्रामक दल ने गेंद पकड़ी, जिसके बाद गेंद फिर मध्य क्षेत्र में गई।",तटस्थ,फुटबॉल,1
"सर्विस करने वाला खिलाड़ी ने कठिन शटल नहीं लौटा सका, और वापसी का मौका कम हुआ।",नकारात्मक,बैडमिंटन,0
"निर्णायक समय पर अंतिम रेडर ने मैदान में प्रवेश किया, जिसके बाद अगला अंक खेला गया।",तटस्थ,कबड्डी,1
"दबाव के बीच खिलाड़ी ने सर्विस पर नियंत्रण खो बैठा, और प्रतिद्वंद्वी दबाव में नहीं आया।",नकारात्मक,बैडमिंटन,0
"बल्लेबाज ने साझेदारी नहीं बना सका, जिससे दल का आत्मविश्वास घटा।",नकारात्मक,क्रिकेट,0
"मुकाबले के इस चरण में निर्णायक अंक पर खिलाड़ी ने खाली जगह की ओर शटल भेजी, जिसके बाद अगली रैली शुरू हुई।",तटस्थ,बैडमिंटन,1
"निर्णायक समय पर कप्तान ने रणनीति में सुधार नहीं कर सका, जिससे बढ़त कमजोर हुई।",नकारात्मक,बैडमिंटन,0
"दबाव के बीच हमलावर ने सही समय पर चुनौती नहीं दी, और विपक्षी को फायदा मिला।",नकारात्मक,फुटबॉल,0
"निर्णायक समय पर गोलकीपर ने आक्रमण को रोक दिया, और मुकाबला अपने पक्ष में झुक गया।",सकारात्मक,फुटबॉल,2
"मुकाबले के इस चरण में तेज गेंदबाज ने सटीक गेंदबाजी की, जिससे जीत की उम्मीद मजबूत हुई।",सकारात्मक,क्रिकेट,2
"दबाव के बीच अंतिम रेडर ने देर से बदलाव किया, और दर्शकों में निराशा फैल गई 😞।",नकारात्मक,कबड्डी,0
"रक्षापंक्ति ने गेंद पर नियंत्रण रखा, जिससे दल का आत्मविश्वास बढ़ा।",सकारात्मक,फुटबॉल,2
"आज मध्य खिलाड़ी ने शानदार टैकल किया, और मुकाबला अपने पक्ष में झुका।",सकारात्मक,कबड्डी,2
"निर्णायक समय पर मध्य खिलाड़ी ने लगातार अंक जुटाए, जिससे वापसी सफल हुई।",सकारात्मक,कबड्डी,2
"निर्णायक समय पर तेज गेंदबाज ने दबाव में सही शॉट चुना, और विपक्षी दबाव में आ गया।",सकारात्मक,क्रिकेट,2
"युगल जोड़ी ने सर्विस पर नियंत्रण खो बैठा, जिससे जीत कठिन हुई।",नकारात्मक,बैडमिंटन,0
"दबाव के बीच इंजीनियर ने ओवरटेक का मौका गंवाया, जिससे पोडियम की संभावना घटी।",नकारात्मक,फॉर्मूला वन,0
"मुकाबले के इस चरण में आक्रामक दल ने आक्रमण शुरू किया, जिसके बाद खेल आगे बढ़ा।",तटस्थ,फुटबॉल,1
"आज रणनीति दल ने टायरों का सही उपयोग किया, और प्रतिद्वंद्वी दबाव में आया।",सकारात्मक,फॉर्मूला वन,2
"दबाव के बीच दौड़ दल ने देर से निर्णय लिया, और प्रशंसकों में निराशा फैल गई 😞।",नकारात्मक,फॉर्मूला वन,0
"दबाव के बीच खिलाड़ी ने नेट के पास दबाव बनाया, और दर्शकों ने तालियां बजाईं 👏।",सकारात्मक,बैडमिंटन,2
"मुकाबले के इस चरण में निर्णायक अंक पर खिलाड़ी ने अगला शॉट खेला, और अगला अंक खेला गया।",तटस्थ,बैडमिंटन,1
"विंगर ने मैदान पर आने के बाद असर नहीं डाल सका, और विपक्षी को फायदा मिला।",नकारात्मक,फुटबॉल,0
"मुकाबले के इस चरण में सहायक रक्षक ने मजबूत घेरा बनाया, और मुकाबला अपने पक्ष में झुका।",सकारात्मक,कबड्डी,2
"मुकाबले के इस चरण में मध्य खिलाड़ी ने मैदान में प्रवेश किया, और मुकाबला सामान्य गति से चला।",तटस्थ,कबड्डी,1
"रक्षक ने सफल रेड की, जिससे जरूरी अंक मिला।",सकारात्मक,कबड्डी,2
"निर्णायक समय पर कप्तान ने देर से प्रतिक्रिया दी, और प्रतिद्वंद्वी दबाव में नहीं आया।",नकारात्मक,बैडमिंटन,0
"मुकाबले के इस चरण में स्थानापन्न खिलाड़ी ने दबाव नहीं बना सका, जिससे गोल का अवसर चला गया।",नकारात्मक,फुटबॉल,0
"आक्रामक खिलाड़ी ने खाली जगह पहचानी, जिससे जीत की उम्मीद बढ़ी।",सकारात्मक,बैडमिंटन,2
"आज गेंदबाज ने सटीक गेंदबाजी की, और दर्शकों में उत्साह फैल गया 😀।",सकारात्मक,क्रिकेट,2
"निर्णायक समय पर स्थानापन्न खिलाड़ी ने तालमेल खो बैठा, और मुकाबला हाथ से निकलने लगा।",नकारात्मक,कबड्डी,0
"निर्णायक समय पर युगल जोड़ी ने अगले अंक की तैयारी की, जिसके बाद अगली रैली शुरू हुई।",तटस्थ,बैडमिंटन,1
"निर्णायक समय पर विकेटकीपर ने साझेदारी नहीं बना सका, जिससे वापसी कठिन हुई।",नकारात्मक,क्रिकेट,0
"खिलाड़ी ने मजबूत बचाव किया, जिससे जीत की उम्मीद बढ़ी।",सकारात्मक,बैडमिंटन,2
"निर्णायक समय पर नेट खिलाड़ी ने बचाव में चूक गया, और वापसी का मौका कम हुआ।",नकारात्मक,बैडमिंटन,0
"स्थानापन्न खिलाड़ी ने समय पर बदलाव किया, और विपक्षी दबाव में आया।",सकारात्मक,कबड्डी,2
"निर्णायक समय पर दौड़ दल ने मोड़ पर नियंत्रण खोया, जिससे जीत की उम्मीद कमजोर हुई।",नकारात्मक,फॉर्मूला वन,0
"पिछली पंक्ति का खिलाड़ी ने नेट के पास अंक गंवा दिया, जिससे आत्मविश्वास घटा।",नकारात्मक,बैडमिंटन,0
"मध्यक्रम ने ढीली गेंदें डालता रहा, और मुकाबला हाथ से निकलने लगा।",नकारात्मक,क्रिकेट,0
"आज एकल खिलाड़ी ने मजबूत बचाव किया, और प्रतिद्वंद्वी दबाव में आया।",सकारात्मक,बैडमिंटन,2
"रक्षक ने देर से बदलाव किया, और विपक्षी दबाव में नहीं आया।",नकारात्मक,कबड्डी,0
"दबाव के बीच मुख्य चालक ने मोड़ पार किया, जिसके बाद कार फिर ट्रैक पर आई।",तटस्थ,फॉर्मूला वन,1
"आज स्थानापन्न खिलाड़ी ने सफल रेड की, और दर्शक खुशी से झूम उठे 😀।",सकारात्मक,कबड्डी,2
"दबाव के बीच स्पिनर ने क्रीज पर आया, जिसके बाद अगला ओवर शुरू हुआ।",तटस्थ,क्रिकेट,1
"आक्रामक दल ने देर से बदलाव किया, जिससे गोल का अवसर चला गया।",नकारात्मक,फुटबॉल,0
"मुकाबले के इस चरण में स्पिनर ने एक ओवर पूरा किया, और मुकाबला सामान्य गति से चलता रहा।",तटस्थ,क्रिकेट,1
"मुकाबले के इस चरण में टीम प्रबंधन ने अपनी गति बनाए रखी, और दौड़ आगे बढ़ी।",तटस्थ,फॉर्मूला वन,1
"मुकाबले के इस चरण में चालक ने मोड़ पार किया, और दौड़ आगे बढ़ी।",तटस्थ,फॉर्मूला वन,1
"दबाव के बीच कार ने दौड़ की योजना देखी, जिसके बाद अगला चरण शुरू हुआ।",तटस्थ,फॉर्मूला वन,1
"दबाव के बीच रक्षापंक्ति ने गेंद पर नियंत्रण रखा, जिससे गोल का अवसर बना।",सकारात्मक,फुटबॉल,2
"मुकाबले के इस चरण में रक्षक ने एक बदलाव किया, जिसके बाद गेंद फिर मध्य क्षेत्र में गई।",तटस्थ,फुटबॉल,1
"आज नेट खिलाड़ी ने सही समय पर आक्रमण किया, और वापसी सफल हुई।",सकारात्मक,बैडमिंटन,2
"दबाव के बीच स्थानापन्न खिलाड़ी ने तालमेल बनाया, और दोनों दल अगली चाल की तैयारी करने लगे।",तटस्थ,कबड्डी,1
"निर्णायक समय पर रेस दल ने गलत रणनीति चुनी, और दौड़ का रुख बिगड़ा।",नकारात्मक,फॉर्मूला वन,0
"मुकाबले के इस चरण में टीम प्रबंधन ने ओवरटेक का मौका गंवाया, और दल का मनोबल गिरा।",नकारात्मक,फॉर्मूला वन,0
"मुकाबले के इस चरण में रेस दल ने टायरों का सही उपयोग किया, जिससे स्थान सुधरा।",सकारात्मक,फॉर्मूला वन,2
"निर्णायक समय पर टीम प्रबंधन ने टायरों का गलत उपयोग किया, जिससे पोडियम की संभावना घटी।",नकारात्मक,फॉर्मूला वन,0
"दबाव के बीच स्थानापन्न खिलाड़ी ने सही समय पर बोनस लिया, और दर्शक खुशी से झूम उठे 😀।",सकारात्मक,कबड्डी,2
"निर्णायक समय पर गेंदबाज ने कठिन गेंदों पर नियंत्रण रखा, जिससे वापसी सफल हुई।",सकारात्मक,क्रिकेट,2
"रेस दल ने अपनी गति बनाए रखी, और दौड़ आगे बढ़ी।",तटस्थ,फॉर्मूला वन,1
"क्षेत्ररक्षक ने संयम से पारी संभाली, जिससे रन गति सुधरी।",सकारात्मक,क्रिकेट,2
"मुकाबले के इस चरण में पिछली पंक्ति का खिलाड़ी ने शटल आगे भेजी, जिसके बाद दोनों खिलाड़ी अपनी जगह लौटे।",तटस्थ,बैडमिंटन,1
"मुकाबले के इस चरण में कार ने अगले बदलाव की तैयारी की, जिसके बाद कार फिर ट्रैक पर आई।",तटस्थ,फॉर्मूला वन,1
"दबाव के बीच मध्यक्रम ने आसान मौका गंवा बैठा, और दर्शकों में निराशा फैल गई 😞।",नकारात्मक,क्रिकेट,0
"दबाव के बीच स्पिनर ने ढीली गेंदें डालता रहा, जिससे रन गति गिर गई।",नकारात्मक,क्रिकेट,0
"निर्णायक समय पर रक्षक ने अगली रेड की तैयारी की, और खेल आगे बढ़ा।",तटस्थ,कबड्डी,1
"स्थानापन्न खिलाड़ी ने शानदार टैकल किया, और जीत की उम्मीद बढ़ी।",सकारात्मक,कबड्डी,2
"रक्षा पंक्ति ने रेडर को रोक नहीं पाया, और मुकाबला हाथ से निकलने लगा।",नकारात्मक,कबड्डी,0
"दबाव के बीच रक्षात्मक खिलाड़ी ने कठिन शटल नहीं लौटा सका, और वापसी का मौका कम हुआ।",नकारात्मक,बैडमिंटन,0
"मुकाबले के इस चरण में दौड़ दल ने तालमेल नहीं बना पाया, और प्रशंसकों में निराशा फैल गई 😞।",नकारात्मक,फॉर्मूला वन,0
"रेडर ने मैदान पर आने के बाद असर नहीं डाल सका, और रणनीति विफल रही।",नकारात्मक,कबड्डी,0
"आज गोलकीपर ने लगातार दबाव बनाया, और मुकाबला अपने पक्ष में झुक गया।",सकारात्मक,फुटबॉल,2
"आज सर्विस करने वाले खिलाड़ी ने मजबूत बचाव किया, जिससे निर्णायक अंक मिला।",सकारात्मक,बैडमिंटन,2
"आज एकल खिलाड़ी ने शटल आगे भेजी, और मुकाबला सामान्य गति से चला।",तटस्थ,बैडमिंटन,1
"गोलकीपर ने गेंद अपने पास रखी, और मुकाबला सामान्य गति से चलता रहा।",तटस्थ,फुटबॉल,1
"मुकाबले के इस चरण में कप्तान ने अगला शॉट खेला, और अगला अंक खेला गया।",तटस्थ,बैडमिंटन,1
"आज विकेटकीपर ने महत्वपूर्ण गेंद रोक नहीं पाया, जिससे दल का आत्मविश्वास घटा।",नकारात्मक,क्रिकेट,0
"आज तेज गेंदबाज ने जल्दी विकेट गंवा बैठा, जिससे जीत की संभावना कमजोर हुई।",नकारात्मक,क्रिकेट,0
"टीम प्रबंधन ने शानदार ओवरटेक किया, और प्रशंसकों में उत्साह फैल गया 🏎️।",सकारात्मक,फॉर्मूला वन,2
"आज दल ने तालमेल खो बैठा, जिससे जरूरी अंक गंवा।",नकारात्मक,कबड्डी,0
"दबाव के बीच इंजीनियर ने एक चक्कर पूरा किया, और चालक ने अपनी स्थिति बनाए रखी।",तटस्थ,फॉर्मूला वन,1
"निर्णायक समय पर मुख्य रेडर ने मैदान में प्रवेश किया, और खेल आगे बढ़ा।",तटस्थ,कबड्डी,1
"मुकाबले के इस चरण में क्षेत्ररक्षक ने समय पर रणनीति बदली, और विपक्षी दबाव में आ गया।",सकारात्मक,क्रिकेट,2
"दबाव के बीच एकल खिलाड़ी ने कठिन शटल लौटा दी, जिससे आत्मविश्वास बढ़ा।",सकारात्मक,बैडमिंटन,2
"मुकाबले के इस चरण में रेडर ने रेड शुरू की, और खेल आगे बढ़ा।",तटस्थ,कबड्डी,1
"मुकाबले के इस चरण में सर्विस करने वाले खिलाड़ी ने मजबूत बचाव किया, जिससे जीत की उम्मीद बढ़ी।",सकारात्मक,बैडमिंटन,2
"दबाव के बीच टीम प्रबंधन ने ट्रैक की स्थिति देखी, और दौड़ आगे बढ़ी।",तटस्थ,फॉर्मूला वन,1
"रक्षात्मक खिलाड़ी ने खाली जगह की ओर शटल भेजी, और मुकाबला सामान्य गति से चला।",तटस्थ,बैडमिंटन,1
"आज आक्रामक दल ने मैदान पर आने के बाद असर नहीं डाल सका, जिससे वापसी कठिन हुई।",नकारात्मक,फुटबॉल,0
"युगल जोड़ी ने रणनीति में सुधार नहीं कर सका, और मुकाबला विपक्षी की ओर झुका।",नकारात्मक,बैडमिंटन,0
"आज पिछली पंक्ति का खिलाड़ी ने सर्विस पर नियंत्रण रखा, जिससे जीत की उम्मीद बढ़ी।",सकारात्मक,बैडमिंटन,2
"निर्णायक समय पर बल्लेबाज ने अगली गेंद का सामना किया, जिसके बाद अगला ओवर शुरू हुआ।",तटस्थ,क्रिकेट,1
"निर्णायक समय पर एकल खिलाड़ी ने बचाव में चूक गया, जिससे निर्णायक अंक हाथ से गया।",नकारात्मक,बैडमिंटन,0
"दबाव के बीच विकेटकीपर ने क्षेत्ररक्षण में बदलाव किया, जिसके बाद दोनों दल अपनी योजना पर लौटे।",तटस्थ,क्रिकेट,1
"मुकाबले के इस चरण में कप्तान ने देर से प्रतिक्रिया दी, जिससे आत्मविश्वास घटा।",नकारात्मक,बैडमिंटन,0
"निर्णायक समय पर निचला क्रम ने अंतिम ओवरों में गति बढ़ाई, और मुकाबला अपने पक्ष में झुक गया।",सकारात्मक,क्रिकेट,2
"मुकाबले के इस चरण में मध्य क्षेत्र ने गलत पास दिया, जिससे गोल का अवसर चला गया।",नकारात्मक,फुटबॉल,0
"कप्तान ने शानदार टैकल किया, और दर्शक खुशी से झूम उठे 😀।",सकारात्मक,कबड्डी,2
"आज विंगर ने बचाव में चूक गया, जिससे गोल का अवसर चला गया।",नकारात्मक,फुटबॉल,0
"मुकाबले के इस चरण में कप्तान ने अगली गेंद का सामना किया, और अगली गेंद खेली गई।",तटस्थ,क्रिकेट,1
"दबाव के बीच चालक ने गलत रणनीति चुनी, जिससे पोडियम की संभावना घटी।",नकारात्मक,फॉर्मूला वन,0
"आज खिलाड़ी ने सर्विस की, जिसके बाद दोनों खिलाड़ी अपनी जगह लौटे।",तटस्थ,बैडमिंटन,1
"आज कार ने बदलाव में समय गंवाया, जिससे पोडियम की संभावना घटी।",नकारात्मक,फॉर्मूला वन,0
"आज गेंदबाज ने क्रीज पर आया, जिसके बाद खेल आगे बढ़ा।",तटस्थ,क्रिकेट,1
"निर्णायक समय पर रेडर ने बोनस का मौका गंवाया, जिससे बढ़त कमजोर हुई।",नकारात्मक,कबड्डी,0
"मुकाबले के इस चरण में सर्विस करने वाला खिलाड़ी ने सर्विस पर नियंत्रण खो बैठा, जिससे बढ़त कमजोर हुई।",नकारात्मक,बैडमिंटन,0
"मुकाबले के इस चरण में मुख्य रेडर ने रेडर को रोक नहीं पाया, जिससे जरूरी अंक गंवा।",नकारात्मक,कबड्डी,0
"दबाव के बीच सहायक रक्षक ने रक्षा की स्थिति बनाई, और दोनों दल अगली चाल की तैयारी करने लगे।",तटस्थ,कबड्डी,1
"दबाव के बीच तेज गेंदबाज ने बीच के ओवरों में महंगा साबित हुआ, जिससे वापसी कठिन हुई।",नकारात्मक,क्रिकेट,0
"निर्णायक अंक पर खिलाड़ी ने स्मैश बाहर मार बैठा, और वापसी का मौका कम हुआ।",नकारात्मक,बैडमिंटन,0
"आज हमलावर ने बचाव में चूक गया, और दर्शकों में निराशा फैल गई 😞।",नकारात्मक,फुटबॉल,0
"निर्णायक समय पर एकल खिलाड़ी ने लंबी रैली जीती, और प्रतिद्वंद्वी दबाव में आया।",सकारात्मक,बैडमिंटन,2
"कप्तान ने सही समय पर आक्रमण किया, और मुकाबला अपने पक्ष में झुका।",सकारात्मक,बैडमिंटन,2
"निर्णायक समय पर टीम प्रबंधन ने अंतिम चरण में गति बढ़ाई, और प्रतिद्वंद्वी दबाव में आया।",सकारात्मक,फॉर्मूला वन,2
"निर्णायक समय पर क्षेत्ररक्षक ने जरूरी विकेट नहीं ले सका, जिससे रन गति गिर गई।",नकारात्मक,क्रिकेट,0
"मुकाबले के इस चरण में युगल जोड़ी ने तेज प्रतिक्रिया दिखाई, और प्रतिद्वंद्वी दबाव में आया।",सकारात्मक,बैडमिंटन,2
"आज चालक ने टायर बदले, और दौड़ आगे बढ़ी।",तटस्थ,फॉर्मूला वन,1
"मुकाबले के इस चरण में रक्षक ने तालमेल खो दिया, और योजना विफल रही।",नकारात्मक,फुटबॉल,0
"निर्णायक समय पर रक्षक ने निर्देश दिया, और मुकाबला सामान्य गति से चला।",तटस्थ,कबड्डी,1
"निर्णायक समय पर स्थानापन्न खिलाड़ी ने रेड शुरू की, जिसके बाद अगली रेड शुरू हुई।",तटस्थ,कबड्डी,1
"दबाव के बीच कप्तान ने तेज प्रतिक्रिया दिखाई, जिससे बढ़त मजबूत हुई।",सकारात्मक,बैडमिंटन,2
"आज रक्षक ने सही समय पर चुनौती दी, जिससे दल का आत्मविश्वास बढ़ा।",सकारात्मक,फुटबॉल,2
"आज पिट दल ने लगातार अच्छा तालमेल रखा, और प्रशंसकों में उत्साह फैल गया 🏎️।",सकारात्मक,फॉर्मूला वन,2
"मुकाबले के इस चरण में रक्षक ने लगातार अंक गंवाता रहा, जिससे दल का आत्मविश्वास घटा।",नकारात्मक,कबड्डी,0
"पिछली पंक्ति का खिलाड़ी ने पीछे से प्रहार किया, जिसके बाद अगली रैली शुरू हुई।",तटस्थ,बैडमिंटन,1
"दबाव के बीच एकल खिलाड़ी ने सटीक स्मैश लगाया, जिससे निर्णायक अंक मिला।",सकारात्मक,बैडमिंटन,2
"निर्णायक समय पर निर्णायक अंक पर खिलाड़ी ने खाली जगह पहचानी, और मुकाबला अपने पक्ष में झुका।",सकारात्मक,बैडमिंटन,2
"मुकाबले के इस चरण में युगल जोड़ी ने गलत समय पर आक्रमण किया, और मुकाबला विपक्षी की ओर झुका।",नकारात्मक,बैडमिंटन,0
"मुकाबले के इस चरण में रक्षक ने आसान मौका गंवाया, जिससे बढ़त कमजोर हुई।",नकारात्मक,फुटबॉल,0
"दबाव के बीच टीम प्रबंधन ने मोड़ पर नियंत्रण खोया, जिससे स्थान गिरा।",नकारात्मक,फॉर्मूला वन,0
"मुकाबले के इस चरण में मध्यक्रम ने एक ओवर पूरा किया, जिसके बाद खेल आगे बढ़ा।",तटस्थ,क्रिकेट,1
"मुकाबले के इस चरण में विकेटकीपर ने बीच के ओवर में गेंदबाजी की, जिसके बाद अगला ओवर शुरू हुआ।",तटस्थ,क्रिकेट,1
"आज मध्य खिलाड़ी ने रेडर को घेरने की कोशिश की, जिसके बाद अगली रेड शुरू हुई।",तटस्थ,कबड्डी,1
"बल्लेबाज ने कुछ रन जोड़े, जिसके बाद खेल आगे बढ़ा।",तटस्थ,क्रिकेट,1
"निर्णायक समय पर सर्विस करने वाले खिलाड़ी ने सही समय पर आक्रमण किया, और मुकाबला अपने पक्ष में झुका।",सकारात्मक,बैडमिंटन,2
"मुकाबले के इस चरण में स्पिनर ने गेंद संभाली, जिसके बाद दोनों दल अपनी योजना पर लौटे।",तटस्थ,क्रिकेट,1
"मुकाबले के इस चरण में कप्तान ने तेज प्रतिक्रिया दिखाई, जिससे जीत की उम्मीद बढ़ी।",सकारात्मक,बैडमिंटन,2
"मुकाबले के इस चरण में स्थानापन्न खिलाड़ी ने शानदार टैकल किया, जिससे वापसी सफल हुई।",सकारात्मक,कबड्डी,2
"आज इंजीनियर ने तेज बदलाव किया, जिससे स्थान सुधरा।",सकारात्मक,फॉर्मूला वन,2
"दबाव के बीच कार ने दौड़ की योजना देखी, जिसके बाद अगला चक्कर शुरू हुआ।",तटस्थ,फॉर्मूला वन,1
"दबाव के बीच पिट दल ने तेज बदलाव किया, जिससे पोडियम की संभावना बढ़ी।",सकारात्मक,फॉर्मूला वन,2
"मुकाबले के इस चरण में हमलावर ने कठिन बचाव किया, और विपक्षी दबाव में आया।",सकारात्मक,फुटबॉल,2
"आज मध्य मैदान के खिलाड़ी ने गलत पास दिया, जिससे गोल का अवसर चला गया।",नकारात्मक,फुटबॉल,0
"निर्णायक समय पर स्पिनर ने अपनी जगह बदली, जिसके बाद अगला ओवर शुरू हुआ।",तटस्थ,क्रिकेट,1
"मुकाबले के इस चरण में क्षेत्ररक्षक ने बीच के ओवर में गेंदबाजी की, और पारी अपने क्रम में आगे बढ़ी।",तटस्थ,क्रिकेट,1
"मुकाबले के इस चरण में पिट दल ने अगले बदलाव की तैयारी की, जिसके बाद अगला चरण शुरू हुआ।",तटस्थ,फॉर्मूला वन,1
"स्थानापन्न खिलाड़ी ने गेंद पकड़ी, जिसके बाद खिलाड़ी अपनी जगह लौटे।",तटस्थ,फुटबॉल,1
"टीम प्रबंधन ने बदलाव में समय गंवाया, और दल का मनोबल गिरा।",नकारात्मक,फॉर्मूला वन,0
"हमलावर ने अपनी जगह छोड़ दी, जिससे आत्मविश्वास घटा।",नकारात्मक,फुटबॉल,0
"गोलकीपर ने गेंद खो दी, जिससे आत्मविश्वास घटा।",नकारात्मक,फुटबॉल,0
"आज सलामी जोड़ी ने समय पर रणनीति बदली, और रणनीति कामयाब रही।",सकारात्मक,क्रिकेट,2
"मध्य खिलाड़ी ने शानदार टैकल किया, और विपक्षी दबाव में आया।",सकारात्मक,कबड्डी,2
"आज मध्यक्रम ने कुछ रन जोड़े, और अगली गेंद खेली गई।",तटस्थ,क्रिकेट,1
"मुकाबले के इस चरण में रक्षात्मक खिलाड़ी ने तेज प्रतिक्रिया दिखाई, और वापसी सफल हुई।",सकारात्मक,बैडमिंटन,2
"आज दल ने तालमेल बनाया, और मुकाबला सामान्य गति से चला।",तटस्थ,कबड्डी,1
"आज कप्तान ने नेट के पास दबाव बनाया, और वापसी सफल हुई।",सकारात्मक,बैडमिंटन,2
"निर्णायक समय पर आक्रामक दल ने गलत पास दिया, और विपक्षी को फायदा मिला।",नकारात्मक,फुटबॉल,0
"दबाव के बीच विकेटकीपर ने ढीली गेंदें डालता रहा, और दर्शकों में निराशा फैल गई 😞।",नकारात्मक,क्रिकेट,0
"निर्णायक समय पर रक्षात्मक खिलाड़ी ने खाली जगह नहीं पहचान पाया, जिससे बढ़त कमजोर हुई।",नकारात्मक,बैडमिंटन,0
"निचला क्रम ने साझेदारी नहीं बना सका, जिससे रन गति गिर गई।",नकारात्मक,क्रिकेट,0
"दबाव के बीच आक्रामक दल ने मैदान पर आते ही असर डाला, और मुकाबला अपने पक्ष में झुक गया।",सकारात्मक,फुटबॉल,2
"दबाव के बीच टीम प्रबंधन ने टायर बदले, और चालक ने अपनी स्थिति बनाए रखी।",तटस्थ,फॉर्मूला वन,1
"निर्णायक समय पर युगल जोड़ी ने लंबी रैली गंवा बैठा, और दर्शकों में निराशा फैल गई 😞।",नकारात्मक,बैडमिंटन,0
"निर्णायक समय पर निचला क्रम ने अपनी जगह बदली, और मुकाबला सामान्य गति से चलता रहा।",तटस्थ,क्रिकेट,1
"दबाव के बीच आक्रामक दल ने गेंद खो दी, और दर्शकों में निराशा फैल गई 😞।",नकारात्मक,फुटबॉल,0
"मुकाबले के इस चरण में कप्तान ने गोल की ओर गेंद भेजी, जिसके बाद खेल आगे बढ़ा।",तटस्थ,फुटबॉल,1
"निर्णायक समय पर गेंदबाज ने क्षेत्ररक्षण में बदलाव किया, जिसके बाद दोनों दल अपनी योजना पर लौटे।",तटस्थ,क्रिकेट,1
"मुकाबले के इस चरण में गोलकीपर ने कठिन बचाव किया, जिससे बढ़त मजबूत हुई।",सकारात्मक,फुटबॉल,2
"कप्तान ने दबाव में सही शॉट चुना, और विपक्षी दबाव में आ गया।",सकारात्मक,क्रिकेट,2
"आज पिछली पंक्ति का खिलाड़ी ने कठिन शटल नहीं लौटा सका, जिससे आत्मविश्वास घटा।",नकारात्मक,बैडमिंटन,0
"मुकाबले के इस चरण में गोलकीपर ने मैदान पर आने के बाद असर नहीं डाल सका, और योजना विफल रही।",नकारात्मक,फुटबॉल,0
"आज रक्षक ने रेडर को रोक नहीं पाया, और विपक्षी दबाव में नहीं आया।",नकारात्मक,कबड्डी,0
"आज रेस दल ने सही समय पर निर्णय लिया, और प्रशंसकों में उत्साह फैल गया 🏎️।",सकारात्मक,फॉर्मूला वन,2
"मुकाबले के इस चरण में स्थानापन्न खिलाड़ी ने सही समय पर चुनौती नहीं दी, जिससे आत्मविश्वास घटा।",नकारात्मक,फुटबॉल,0
"दबाव के बीच रक्षक ने मैदान पर आते ही असर डाला, जिससे बढ़त मजबूत हुई।",सकारात्मक,कबड्डी,2
"आज पिछली पंक्ति का खिलाड़ी ने सर्विस पर नियंत्रण खो बैठा, और मुकाबला विपक्षी की ओर झुका।",नकारात्मक,बैडमिंटन,0
"दबाव के बीच युगल जोड़ी ने पीछे से प्रहार किया, और मुकाबला सामान्य गति से चला।",तटस्थ,बैडमिंटन,1
"मुकाबले के इस चरण में स्थानापन्न खिलाड़ी ने मिलकर रेडर को रोका, जिससे जरूरी अंक मिला।",सकारात्मक,कबड्डी,2
"आज सलामी जोड़ी ने महत्वपूर्ण गेंद रोक नहीं पाया, और रणनीति विफल रही।",नकारात्मक,क्रिकेट,0
"दबाव के बीच मध्य मैदान के खिलाड़ी ने सही समय पर चुनौती नहीं दी, और मुकाबला हाथ से निकलने लगा।",नकारात्मक,फुटबॉल,0
"मुकाबले के इस चरण में मध्य खिलाड़ी ने समय पर बदलाव किया, और विपक्षी दबाव में आया।",सकारात्मक,कबड्डी,2
"दबाव के बीच दल ने रेड शुरू की, जिसके बाद अगला अंक खेला गया।",तटस्थ,कबड्डी,1
"आज विंगर ने देर से बदलाव किया, जिससे बढ़त कमजोर हुई।",नकारात्मक,फुटबॉल,0
"कप्तान ने बचाव में चूक गया, और योजना विफल रही।",नकारात्मक,फुटबॉल,0
"युगल जोड़ी ने सर्विस पर नियंत्रण खो बैठा, जिससे आत्मविश्वास घटा।",नकारात्मक,बैडमिंटन,0
"आज निचला क्रम ने साझेदारी नहीं बना सका, और रणनीति विफल रही।",नकारात्मक,क्रिकेट,0
"दबाव के बीच स्थानापन्न खिलाड़ी ने मैदान में प्रवेश किया, और खेल आगे बढ़ा।",तटस्थ,कबड्डी,1
"मुकाबले के इस चरण में अंतिम रेडर ने लगातार अंक गंवाता रहा, और विपक्षी दबाव में नहीं आया।",नकारात्मक,कबड्डी,0
"निर्णायक समय पर सहायक रक्षक ने मैदान पर आने के बाद असर नहीं डाल सका, जिससे दल का आत्मविश्वास घटा।",नकारात्मक,कबड्डी,0
"कप्तान ने अपनी जगह संभाली, जिसके बाद खेल आगे बढ़ा।",तटस्थ,फुटबॉल,1
"रक्षापंक्ति ने सटीक पास दिया, और जीत की उम्मीद बढ़ी।",सकारात्मक,फुटबॉल,2
"दबाव के बीच निर्णायक अंक पर खिलाड़ी ने नेट के पास अंक गंवा दिया, और मुकाबला विपक्षी की ओर झुका।",नकारात्मक,बैडमिंटन,0
"आज मध्य खिलाड़ी ने देर से बदलाव किया, और रणनीति विफल रही।",नकारात्मक,कबड्डी,0
"दबाव के बीच रक्षापंक्ति ने समय पर बदलाव किया, जिससे वापसी सफल हुई।",सकारात्मक,फुटबॉल,2
"कप्तान ने एक बदलाव किया, और दोनों दल रणनीति पर काम करते रहे।",तटस्थ,फुटबॉल,1
"निर्णायक समय पर आक्रामक दल ने मैदान पर आने के बाद असर नहीं डाल सका, और दर्शकों में निराशा फैल गई 😞।",नकारात्मक,फुटबॉल,0
"निर्णायक समय पर पिछली पंक्ति का खिलाड़ी ने खाली जगह नहीं पहचान पाया, और वापसी का मौका कम हुआ।",नकारात्मक,बैडमिंटन,0
"मध्यक्रम ने देर से रणनीति बदली, और रणनीति विफल रही।",नकारात्मक,क्रिकेट,0
"दबाव के बीच कप्तान ने गेंद पर नियंत्रण रखा, और जीत की उम्मीद बढ़ी।",सकारात्मक,फुटबॉल,2
"आज तेज गेंदबाज ने एक ओवर पूरा किया, और पारी अपने क्रम में आगे बढ़ी।",तटस्थ,क्रिकेट,1
"मुकाबले के इस चरण में खिलाड़ी ने लंबी रैली जीती, और मुकाबला अपने पक्ष में झुका।",सकारात्मक,बैडमिंटन,2
"मध्य खिलाड़ी ने मैदान में प्रवेश किया, और दोनों दल अगली चाल की तैयारी करने लगे।",तटस्थ,कबड्डी,1
"दबाव के बीच चालक ने दौड़ की योजना देखी, और मुकाबला सामान्य गति से चला।",तटस्थ,फॉर्मूला वन,1
"आज पिछली पंक्ति का खिलाड़ी ने नेट के पास अंक गंवा दिया, जिससे बढ़त कमजोर हुई।",नकारात्मक,बैडमिंटन,0
"मुकाबले के इस चरण में विकेटकीपर ने अंतिम ओवरों में गति बढ़ाई, और रणनीति कामयाब रही।",सकारात्मक,क्रिकेट,2
"दबाव के बीच अंतिम रेडर ने देर से बदलाव किया, और मुकाबला हाथ से निकलने लगा।",नकारात्मक,कबड्डी,0
"निर्णायक समय पर पिट दल ने मोड़ पर नियंत्रण रखा, और दौड़ का रुख बदला।",सकारात्मक,फॉर्मूला वन,2
"आज पिट दल ने शानदार ओवरटेक किया, और दल का मनोबल ऊंचा हुआ।",सकारात्मक,फॉर्मूला वन,2
"निर्णायक समय पर रक्षा पंक्ति ने मिलकर रेडर को रोका, और दर्शक खुशी से झूम उठे 😀।",सकारात्मक,कबड्डी,2
"निर्णायक समय पर क्षेत्ररक्षक ने ढीली गेंदें डालता रहा, जिससे रन गति गिर गई।",नकारात्मक,क्रिकेट,0
"निर्णायक समय पर मध्य खिलाड़ी ने निर्णायक अंक नहीं ले सका, और मुकाबला हाथ से निकलने लगा।",नकारात्मक,कबड्डी,0
"निर्णायक समय पर सर्विस करने वाले खिलाड़ी ने रणनीति में अच्छा बदलाव किया, और मुकाबला अपने पक्ष में झुका।",सकारात्मक,बैडमिंटन,2
"आज कप्तान ने रणनीति में अच्छा बदलाव किया, और वापसी सफल हुई।",सकारात्मक,बैडमिंटन,2
"दबाव के बीच रेडर ने बोनस का मौका गंवाया, जिससे दल का आत्मविश्वास घटा।",नकारात्मक,कबड्डी,0
"निर्णायक समय पर मध्य मैदान के खिलाड़ी ने सही समय पर चुनौती नहीं दी, और योजना विफल रही।",नकारात्मक,फुटबॉल,0
"आज मुख्य रेडर ने रेड शुरू की, और मुकाबला सामान्य गति से चला।",तटस्थ,कबड्डी,1
"खिलाड़ी ने सटीक स्मैश लगाया, जिससे आत्मविश्वास बढ़ा।",सकारात्मक,बैडमिंटन,2
"दबाव के बीच टायर दल ने देर से निर्णय लिया, और दौड़ का रुख बिगड़ा।",नकारात्मक,फॉर्मूला वन,0
"निर्णायक समय पर निर्णायक अंक पर खिलाड़ी ने लंबी रैली जीती, जिससे जीत की उम्मीद बढ़ी।",सकारात्मक,बैडमिंटन,2
"मुकाबले के इस चरण में मुख्य चालक ने अगले बदलाव की तैयारी की, जिसके बाद अगला चरण शुरू हुआ।",तटस्थ,फॉर्मूला वन,1
"मुकाबले के इस चरण में निचला क्रम ने सटीक गेंदबाजी की, जिससे रन गति सुधरी।",सकारात्मक,क्रिकेट,2
"निर्णायक समय पर एकल खिलाड़ी ने सर्विस की, जिसके बाद अगली रैली शुरू हुई।",तटस्थ,बैडमिंटन,1
"कार ने मोड़ पार किया, और मुकाबला सामान्य गति से चला।",तटस्थ,फॉर्मूला वन,1
"मुकाबले के इस चरण में कप्तान ने गलत पास दिया, और मुकाबला हाथ से निकलने लगा।",नकारात्मक,फुटबॉल,0
"आज रक्षक ने सटीक पास दिया, और दर्शक खुशी से झूम उठे 😀।",सकारात्मक,फुटबॉल,2
"निर्णायक समय पर मध्यक्रम ने बीच के ओवरों में महंगा साबित हुआ, और मुकाबला हाथ से निकलने लगा।",नकारात्मक,क्रिकेट,0
"मुकाबले के इस चरण में पिछली पंक्ति का खिलाड़ी ने गलत समय पर आक्रमण किया, जिससे निर्णायक अंक हाथ से गया।",नकारात्मक,बैडमिंटन,0
"सर्विस करने वाला खिलाड़ी ने स्मैश बाहर मार बैठा, और मुकाबला विपक्षी की ओर झुका।",नकारात्मक,बैडमिंटन,0
"विंगर ने शानदार गोल किया, जिससे वापसी सफल हुई।",सकारात्मक,फुटबॉल,2
"बल्लेबाज ने मजबूत साझेदारी बनाई, और रणनीति कामयाब रही।",सकारात्मक,क्रिकेट,2
"मुकाबले के इस चरण में मध्य मैदान के खिलाड़ी ने बचाव में चूक गया, जिससे बढ़त कमजोर हुई।",नकारात्मक,फुटबॉल,0
"इंजीनियर ने दबाव में धैर्य रखा, जिससे समय का लाभ मिला।",सकारात्मक,फॉर्मूला वन,2
"स्थानापन्न खिलाड़ी ने बचाव में चूक गया, जिससे बढ़त कमजोर हुई।",नकारात्मक,फुटबॉल,0
"आज क्षेत्ररक्षक ने गेंद संभाली, और मुकाबला सामान्य गति से चलता रहा।",तटस्थ,क्रिकेट,1
"निर्णायक समय पर निर्णायक अंक पर खिलाड़ी ने नेट के पास दबाव बनाया, जिससे बढ़त मजबूत हुई।",सकारात्मक,बैडमिंटन,2
"आज कार ने सही समय पर निर्णय लिया, जिससे जीत की उम्मीद बढ़ी।",सकारात्मक,फॉर्मूला वन,2
"मुकाबले के इस चरण में युगल जोड़ी ने रैली जारी रखी, जिसके बाद अगली रैली शुरू हुई।",तटस्थ,बैडमिंटन,1
"आज रक्षक ने मजबूत घेरा बनाया, और विपक्षी दबाव में आया।",सकारात्मक,कबड्डी,2
"आज इंजीनियर ने शानदार ओवरटेक किया, और प्रशंसकों में उत्साह फैल गया 🏎️।",सकारात्मक,फॉर्मूला वन,2
"निर्णायक समय पर एकल खिलाड़ी ने रणनीति में अच्छा बदलाव किया, जिससे निर्णायक अंक मिला।",सकारात्मक,बैडमिंटन,2
"दबाव के बीच स्पिनर ने संयम से पारी संभाली, जिससे जीत की उम्मीद मजबूत हुई।",सकारात्मक,क्रिकेट,2
"दबाव के बीच रक्षापंक्ति ने पास आगे बढ़ाया, जिसके बाद खिलाड़ी अपनी जगह लौटे।",तटस्थ,फुटबॉल,1
"दबाव के बीच रेडर ने रेडर को घेरने की कोशिश की, और खेल आगे बढ़ा।",तटस्थ,कबड्डी,1
"निचला क्रम ने कठिन गेंदों पर नियंत्रण रखा, और विपक्षी दबाव में आ गया।",सकारात्मक,क्रिकेट,2
"निर्णायक समय पर पिट दल ने दौड़ की योजना देखी, जिसके बाद अगला चक्कर शुरू हुआ।",तटस्थ,फॉर्मूला वन,1
"विकेटकीपर ने मजबूत साझेदारी बनाई, जिससे दल का आत्मविश्वास बढ़ा।",सकारात्मक,क्रिकेट,2
"दबाव के बीच दौड़ दल ने मोड़ पार किया, जिसके बाद अगला चरण शुरू हुआ।",तटस्थ,फॉर्मूला वन,1
"मुकाबले के इस चरण में मध्य खिलाड़ी ने रेडर को रोक नहीं पाया, जिससे दल का आत्मविश्वास घटा।",नकारात्मक,कबड्डी,0
"विकेटकीपर ने अंतिम ओवरों में गति बढ़ाई, जिससे रन गति सुधरी।",सकारात्मक,क्रिकेट,2
"मुकाबले के इस चरण में दल ने तालमेल बनाया, और मुकाबला सामान्य गति से चला।",तटस्थ,कबड्डी,1
"आज मुख्य रेडर ने बिना अंक लौट आया, जिससे दल का आत्मविश्वास घटा।",नकारात्मक,कबड्डी,0
"निर्णायक समय पर स्थानापन्न खिलाड़ी ने कठिन बचाव किया, और दर्शक खुशी से झूम उठे 😀।",सकारात्मक,फुटबॉल,2
"रक्षात्मक खिलाड़ी ने बचाव की स्थिति ली, और मुकाबला सामान्य गति से चला।",तटस्थ,बैडमिंटन,1
"निर्णायक समय पर सर्विस करने वाला खिलाड़ी ने अगले अंक की तैयारी की, जिसके बाद अगली रैली शुरू हुई।",तटस्थ,बैडमिंटन,1
"स्थानापन्न खिलाड़ी ने देर से बदलाव किया, और दर्शकों में निराशा फैल गई 😞।",नकारात्मक,फुटबॉल,0
"निर्णायक समय पर विकेटकीपर ने अगला ओवर शुरू किया, और पारी अपने क्रम में आगे बढ़ी।",तटस्थ,क्रिकेट,1
"दबाव के बीच मध्य खिलाड़ी ने अगला अंक खेला, और खेल आगे बढ़ा।",तटस्थ,कबड्डी,1
"निर्णायक समय पर मध्य खिलाड़ी ने निर्णायक अंक लिया, जिससे वापसी सफल हुई।",सकारात्मक,कबड्डी,2
"स्थानापन्न खिलाड़ी ने रेडर को घेरने की कोशिश की, और मुकाबला सामान्य गति से चला।",तटस्थ,कबड्डी,1
"निर्णायक समय पर आक्रामक खिलाड़ी ने मजबूत बचाव किया, और मुकाबला अपने पक्ष में झुका।",सकारात्मक,बैडमिंटन,2
"सलामी जोड़ी ने कठिन गेंदों पर नियंत्रण रखा, और दर्शकों में उत्साह फैल गया 😀।",सकारात्मक,क्रिकेट,2
"दबाव के बीच रक्षक ने तालमेल बनाया, और खेल आगे बढ़ा।",तटस्थ,कबड्डी,1
"गोलकीपर ने सही समय पर चुनौती नहीं दी, और विपक्षी को फायदा मिला।",नकारात्मक,फुटबॉल,0
"दबाव के बीच स्पिनर ने अंतिम ओवरों में नियंत्रण खो बैठा, और रणनीति विफल रही।",नकारात्मक,क्रिकेट,0
"निर्णायक समय पर गोलकीपर ने गलत पास दिया, जिससे बढ़त कमजोर हुई।",नकारात्मक,फुटबॉल,0
"निर्णायक समय पर पिट दल ने तेज सेवा दी, और प्रशंसकों में उत्साह फैल गया 🏎️।",सकारात्मक,फॉर्मूला वन,2
"मुकाबले के इस चरण में रक्षा पंक्ति ने मैदान पर आने के बाद असर नहीं डाल सका, जिससे जरूरी अंक गंवा।",नकारात्मक,कबड्डी,0
"आज गेंदबाज ने कठिन गेंदों पर नियंत्रण रखा, जिससे वापसी सफल हुई।",सकारात्मक,क्रिकेट,2
"मुकाबले के इस चरण में खिलाड़ी ने खाली जगह पहचानी, और मुकाबला अपने पक्ष में झुका।",सकारात्मक,बैडमिंटन,2
"दबाव के बीच निचला क्रम ने क्षेत्ररक्षण में बदलाव किया, और पारी अपने क्रम में आगे बढ़ी।",तटस्थ,क्रिकेट,1
"विकेटकीपर ने अपनी जगह बदली, और पारी अपने क्रम में आगे बढ़ी।",तटस्थ,क्रिकेट,1
"मुकाबले के इस चरण में कप्तान ने समय पर बदलाव किया, और विपक्षी दबाव में आया।",सकारात्मक,फुटबॉल,2
"निर्णायक समय पर मुख्य चालक ने आंकड़ों की समीक्षा की, और मुकाबला सामान्य गति से चला।",तटस्थ,फॉर्मूला वन,1
"निर्णायक समय पर मध्यक्रम ने तेज प्रतिक्रिया से मौका बनाया, जिससे दल का आत्मविश्वास बढ़ा।",सकारात्मक,क्रिकेट,2
"निर्णायक समय पर कार ने ट्रैक की स्थिति देखी, जिसके बाद कार फिर ट्रैक पर आई।",तटस्थ,फॉर्मूला वन,1
"निर्णायक समय पर बल्लेबाज ने दबाव में गलत शॉट चुना, जिससे वापसी कठिन हुई।",नकारात्मक,क्रिकेट,0
"निर्णायक समय पर युगल जोड़ी ने पीछे से प्रहार किया, जिसके बाद अगली रैली शुरू हुई।",तटस्थ,बैडमिंटन,1
"दबाव के बीच रक्षात्मक खिलाड़ी ने लंबी रैली गंवा बैठा, जिससे निर्णायक अंक हाथ से गया।",नकारात्मक,बैडमिंटन,0
"निर्णायक समय पर सहायक रक्षक ने मैदान पर आने के बाद असर नहीं डाल सका, जिससे बढ़त कमजोर हुई।",नकारात्मक,कबड्डी,0
"आज विंगर ने आक्रमण शुरू किया, जिसके बाद खिलाड़ी अपनी जगह लौटे।",तटस्थ,फुटबॉल,1
"दबाव के बीच आक्रामक दल ने मैदान में प्रवेश किया, जिसके बाद खिलाड़ी अपनी जगह लौटे।",तटस्थ,फुटबॉल,1
"दबाव के बीच रक्षक ने घेरा टूटने दिया, और दर्शकों में निराशा फैल गई 😞।",नकारात्मक,कबड्डी,0
"नेट खिलाड़ी ने सर्विस पर नियंत्रण खो बैठा, और दर्शकों में निराशा फैल गई 😞।",नकारात्मक,बैडमिंटन,0
"रक्षक ने एक बदलाव किया, जिसके बाद खेल आगे बढ़ा।",तटस्थ,फुटबॉल,1
"आज विकेटकीपर ने साझेदारी नहीं बना सका, जिससे जीत की संभावना कमजोर हुई।",नकारात्मक,क्रिकेट,0
"दबाव के बीच कप्तान ने तालमेल बनाया, जिसके बाद खिलाड़ी अपनी जगह लौटे।",तटस्थ,कबड्डी,1
"निर्णायक समय पर सहायक रक्षक ने अच्छा तालमेल दिखाया, जिससे जरूरी अंक मिला।",सकारात्मक,कबड्डी,2
"बल्लेबाज ने क्रीज पर आया, और पारी अपने क्रम में आगे बढ़ी।",तटस्थ,क्रिकेट,1
"आज क्षेत्ररक्षक ने पारी शुरू की, और अगली गेंद खेली गई।",तटस्थ,क्रिकेट,1
"आज मध्य क्षेत्र ने मैदान पर आने के बाद असर नहीं डाल सका, और मुकाबला हाथ से निकलने लगा।",नकारात्मक,फुटबॉल,0
"तेज गेंदबाज ने साझेदारी नहीं बना सका, जिससे वापसी कठिन हुई।",नकारात्मक,क्रिकेट,0
"निचला क्रम ने मजबूत साझेदारी बनाई, जिससे जीत की उम्मीद मजबूत हुई।",सकारात्मक,क्रिकेट,2
"मुकाबले के इस चरण में इंजीनियर ने टायर बदले, और चालक ने अपनी स्थिति बनाए रखी।",तटस्थ,फॉर्मूला वन,1
"दबाव के बीच विकेटकीपर ने अंतिम ओवरों में नियंत्रण खो बैठा, और दर्शकों में निराशा फैल गई 😞।",नकारात्मक,क्रिकेट,0
"मुकाबले के इस चरण में गेंदबाज ने संयम से पारी संभाली, जिससे जीत की उम्मीद मजबूत हुई।",सकारात्मक,क्रिकेट,2
"आज मध्य मैदान के खिलाड़ी ने मैदान पर आते ही असर डाला, और विपक्षी दबाव में आया।",सकारात्मक,फुटबॉल,2
"सहायक रक्षक ने रेडर को रोक नहीं पाया, जिससे दल का आत्मविश्वास घटा।",नकारात्मक,कबड्डी,0
"आज आक्रामक खिलाड़ी ने मजबूत बचाव किया, और वापसी सफल हुई।",सकारात्मक,बैडमिंटन,2
"मुकाबले के इस चरण में सलामी जोड़ी ने ढीली गेंदें डालता रहा, और विपक्षी को बढ़त मिल गई।",नकारात्मक,क्रिकेट,0
"तेज गेंदबाज ने कठिन गेंदों पर नियंत्रण रखा, जिससे रन गति सुधरी।",सकारात्मक,क्रिकेट,2
"आज रेडर ने मैदान पर आने के बाद असर नहीं डाल सका, जिससे बढ़त कमजोर हुई।",नकारात्मक,कबड्डी,0
"निर्णायक समय पर बल्लेबाज ने बीच के ओवरों में दबाव बनाए रखा, और मुकाबला अपने पक्ष में झुक गया।",सकारात्मक,क्रिकेट,2
"दबाव के बीच चालक ने दबाव में गलती की, जिससे स्थान गिरा।",नकारात्मक,फॉर्मूला वन,0
"निर्णायक समय पर निर्णायक अंक पर खिलाड़ी ने खाली जगह नहीं पहचान पाया, जिससे बढ़त कमजोर हुई।",नकारात्मक,बैडमिंटन,0
"दबाव के बीच मुख्य रेडर ने मैदान पर आने के बाद असर नहीं डाल सका, और मुकाबला हाथ से निकलने लगा।",नकारात्मक,कबड्डी,0
"आज दौड़ दल ने मोड़ पर नियंत्रण खोया, जिससे पोडियम की संभावना घटी।",नकारात्मक,फॉर्मूला वन,0
"आज टीम प्रबंधन ने रणनीति पर चर्चा की, और मुकाबला सामान्य गति से चला।",तटस्थ,फॉर्मूला वन,1
"निर्णायक समय पर क्षेत्ररक्षक ने मजबूत साझेदारी बनाई, और मुकाबला अपने पक्ष में झुक गया।",सकारात्मक,क्रिकेट,2
"निर्णायक समय पर कप्तान ने मजबूत घेरा बनाया, जिससे जरूरी अंक मिला।",सकारात्मक,कबड्डी,2
"क्षेत्ररक्षक ने गेंद संभाली, जिसके बाद अगला ओवर शुरू हुआ।",तटस्थ,क्रिकेट,1
"स्थानापन्न खिलाड़ी ने रेड शुरू की, जिसके बाद खिलाड़ी अपनी जगह लौटे।",तटस्थ,कबड्डी,1
"निर्णायक समय पर नेट खिलाड़ी ने खाली जगह की ओर शटल भेजी, और खेल आगे बढ़ा।",तटस्थ,बैडमिंटन,1
"हमलावर ने कठिन बचाव किया, जिससे वापसी सफल हुई।",सकारात्मक,फुटबॉल,2
"दबाव के बीच एकल खिलाड़ी ने कठिन शटल लौटा दी, और मुकाबला अपने पक्ष में झुका।",सकारात्मक,बैडमिंटन,2
"निर्णायक समय पर कप्तान ने साझेदारी नहीं बना सका, जिससे जीत की संभावना कमजोर हुई।",नकारात्मक,क्रिकेट,0
"मुकाबले के इस चरण में रेस दल ने एक चक्कर पूरा किया, और चालक ने अपनी स्थिति बनाए रखी।",तटस्थ,फॉर्मूला वन,1
"आज रणनीति दल ने शानदार ओवरटेक किया, और प्रशंसकों में उत्साह फैल गया 🏎️।",सकारात्मक,फॉर्मूला वन,2
"दबाव के बीच मध्य खिलाड़ी ने मैदान पर आते ही असर डाला, और दर्शक खुशी से झूम उठे 😀।",सकारात्मक,कबड्डी,2
"निर्णायक अंक पर खिलाड़ी ने शटल आगे भेजी, जिसके बाद अगली रैली शुरू हुई।",तटस्थ,बैडमिंटन,1
"आज स्थानापन्न खिलाड़ी ने अपनी जगह छोड़ दी, जिससे गोल का अवसर चला गया।",नकारात्मक,फुटबॉल,0
"निर्णायक समय पर अंतिम रेडर ने रक्षा की स्थिति बनाई, और मुकाबला सामान्य गति से चला।",तटस्थ,कबड्डी,1
"क्षेत्ररक्षक ने महत्वपूर्ण विकेट लिया, जिससे जीत की उम्मीद मजबूत हुई।",सकारात्मक,क्रिकेट,2
"निर्णायक समय पर स्पिनर ने अगला ओवर शुरू किया, और पारी अपने क्रम में आगे बढ़ी।",तटस्थ,क्रिकेट,1
"आज पिछली पंक्ति का खिलाड़ी ने सर्विस पर नियंत्रण रखा, जिससे बढ़त मजबूत हुई।",सकारात्मक,बैडमिंटन,2
"निर्णायक समय पर दल ने बिना अंक लौट आया, जिससे दल का आत्मविश्वास घटा।",नकारात्मक,कबड्डी,0
"दबाव के बीच इंजीनियर ने तेज बदलाव किया, और दौड़ का रुख बदला।",सकारात्मक,फॉर्मूला वन,2
"दबाव के बीच सर्विस करने वाला खिलाड़ी ने सर्विस की, जिसके बाद सर्विस बदली गई।",तटस्थ,बैडमिंटन,1
"निचला क्रम ने बीच के ओवरों में महंगा साबित हुआ, और रणनीति विफल रही।",नकारात्मक,क्रिकेट,0
"निर्णायक समय पर सलामी जोड़ी ने बीच के ओवर में गेंदबाजी की, जिसके बाद खेल आगे बढ़ा।",तटस्थ,क्रिकेट,1
"निर्णायक समय पर स्थानापन्न खिलाड़ी ने अपनी जगह संभाली, और मुकाबला सामान्य गति से चलता रहा।",तटस्थ,फुटबॉल,1
"आज विकेटकीपर ने गेंद संभाली, और मुकाबला सामान्य गति से चलता रहा।",तटस्थ,क्रिकेट,1
"आज रणनीति दल ने टायरों का गलत उपयोग किया, और दौड़ का रुख बिगड़ा।",नकारात्मक,फॉर्मूला वन,0
"निर्णायक समय पर विंगर ने शानदार गोल किया, जिससे दल का आत्मविश्वास बढ़ा।",सकारात्मक,फुटबॉल,2
"आज गेंदबाज ने आसान मौका गंवा बैठा, जिससे वापसी कठिन हुई।",नकारात्मक,क्रिकेट,0
"सर्विस करने वाले खिलाड़ी ने कठिन शटल लौटा दी, जिससे निर्णायक अंक मिला।",सकारात्मक,बैडमिंटन,2
"निर्णायक समय पर मुख्य रेडर ने रक्षा की स्थिति बनाई, और दोनों दल अगली चाल की तैयारी करने लगे।",तटस्थ,कबड्डी,1
"आज रेडर ने रेडर को घेरने की कोशिश की, जिसके बाद अगला अंक खेला गया।",तटस्थ,कबड्डी,1
"निर्णायक समय पर स्थानापन्न खिलाड़ी ने रेडर को घेरने की कोशिश की, जिसके बाद खिलाड़ी अपनी जगह लौटे।",तटस्थ,कबड्डी,1
"आज सहायक रक्षक ने घेरा टूटने दिया, जिससे जरूरी अंक गंवा।",नकारात्मक,कबड्डी,0
"रक्षक ने लगातार अंक जुटाए, और जीत की उम्मीद बढ़ी।",सकारात्मक,कबड्डी,2
"मध्यक्रम ने दबाव में गलत शॉट चुना, और दर्शकों में निराशा फैल गई 😞।",नकारात्मक,क्रिकेट,0
"दबाव के बीच कप्तान ने जल्दी विकेट गंवा बैठा, जिससे दल का आत्मविश्वास घटा।",नकारात्मक,क्रिकेट,0
"आज पिट दल ने तालमेल नहीं बना पाया, और दौड़ का रुख बिगड़ा।",नकारात्मक,फॉर्मूला वन,0
"मुकाबले के इस चरण में स्पिनर ने महत्वपूर्ण गेंद रोक नहीं पाया, जिससे वापसी कठिन हुई।",नकारात्मक,क्रिकेट,0
"निर्णायक समय पर रेडर ने मैदान पर आने के बाद असर नहीं डाल सका, और मुकाबला हाथ से निकलने लगा।",नकारात्मक,कबड्डी,0
"एकल खिलाड़ी ने तेज प्रतिक्रिया दिखाई, जिससे आत्मविश्वास बढ़ा।",सकारात्मक,बैडमिंटन,2
"निर्णायक समय पर कप्तान ने बचाव में चूक गया, और दर्शकों में निराशा फैल गई 😞।",नकारात्मक,बैडमिंटन,0
"निर्णायक समय पर सहायक रक्षक ने अगला अंक खेला, जिसके बाद अगली रेड शुरू हुई।",तटस्थ,कबड्डी,1
"दबाव के बीच स्थानापन्न खिलाड़ी ने बचाव में चूक गया, जिससे वापसी कठिन हुई।",नकारात्मक,फुटबॉल,0
"कप्तान ने अपनी जगह बदली, जिसके बाद खेल आगे बढ़ा।",तटस्थ,क्रिकेट,1
"रणनीति दल ने दौड़ की योजना देखी, और चालक ने अपनी स्थिति बनाए रखी।",तटस्थ,फॉर्मूला वन,1
"मुकाबले के इस चरण में विकेटकीपर ने ढीली गेंदें डालता रहा, जिससे दल का आत्मविश्वास घटा।",नकारात्मक,क्रिकेट,0
"मुकाबले के इस चरण में कार ने आंकड़ों की समीक्षा की, और चालक ने अपनी स्थिति बनाए रखी।",तटस्थ,फॉर्मूला वन,1
"कप्तान ने मजबूत बचाव किया, जिससे आत्मविश्वास बढ़ा।",सकारात्मक,बैडमिंटन,2
"मुकाबले के इस चरण में तेज गेंदबाज ने आसान मौका गंवा बैठा, जिससे जीत की संभावना कमजोर हुई।",नकारात्मक,क्रिकेट,0
"दबाव के बीच सहायक रक्षक ने मैदान पर आने के बाद असर नहीं डाल सका, और मुकाबला हाथ से निकलने लगा।",नकारात्मक,कबड्डी,0
"दबाव के बीच रक्षात्मक खिलाड़ी ने अगला शॉट खेला, और खेल आगे बढ़ा।",तटस्थ,बैडमिंटन,1
"दबाव के बीच रक्षात्मक खिलाड़ी ने सर्विस पर नियंत्रण खो बैठा, जिससे आत्मविश्वास घटा।",नकारात्मक,बैडमिंटन,0
"निर्णायक समय पर एकल खिलाड़ी ने गलत समय पर आक्रमण किया, और मुकाबला विपक्षी की ओर झुका।",नकारात्मक,बैडमिंटन,0
"मुकाबले के इस चरण में कप्तान ने अगला शॉट खेला, जिसके बाद अगली रैली शुरू हुई।",तटस्थ,बैडमिंटन,1
"निर्णायक समय पर विकेटकीपर ने महत्वपूर्ण विकेट लिया, और रणनीति कामयाब रही।",सकारात्मक,क्रिकेट,2
"कप्तान ने आसान मौका गंवाया, जिससे गोल का अवसर चला गया।",नकारात्मक,फुटबॉल,0
"निर्णायक समय पर गेंदबाज ने जल्दी विकेट गंवा बैठा, जिससे रन गति गिर गई।",नकारात्मक,क्रिकेट,0
"आज विंगर ने खिलाड़ियों के बीच गेंद घुमाई, जिसके बाद गेंद फिर मध्य क्षेत्र में गई।",तटस्थ,फुटबॉल,1
"चालक ने आंकड़ों की समीक्षा की, और चालक ने अपनी स्थिति बनाए रखी।",तटस्थ,फॉर्मूला वन,1
"इंजीनियर ने सही समय पर निर्णय लिया, और प्रशंसकों में उत्साह फैल गया 🏎️।",सकारात्मक,फॉर्मूला वन,2
"दबाव के बीच टायर दल ने दौड़ की योजना पर काम किया, जिसके बाद अगला चक्कर शुरू हुआ।",तटस्थ,फॉर्मूला वन,1
"दबाव के बीच स्पिनर ने क्षेत्ररक्षण में बदलाव किया, जिसके बाद खेल आगे बढ़ा।",तटस्थ,क्रिकेट,1
"निर्णायक समय पर नेट खिलाड़ी ने रणनीति में सुधार नहीं कर सका, और मुकाबला विपक्षी की ओर झुका।",नकारात्मक,बैडमिंटन,0
"दबाव के बीच अंतिम रेडर ने मिलकर रेडर को रोका, जिससे वापसी सफल हुई।",सकारात्मक,कबड्डी,2
"निर्णायक समय पर दल ने तालमेल खो बैठा, जिससे दल का आत्मविश्वास घटा।",नकारात्मक,कबड्डी,0
"निर्णायक समय पर दल ने शानदार टैकल किया, और मुकाबला अपने पक्ष में झुका।",सकारात्मक,कबड्डी,2
"मुकाबले के इस चरण में रक्षा पंक्ति ने निर्णायक अंक नहीं ले सका, और दर्शकों में निराशा फैल गई 😞।",नकारात्मक,कबड्डी,0
"निर्णायक समय पर रक्षक ने आक्रमण को रोक दिया, जिससे गोल का अवसर बना।",सकारात्मक,फुटबॉल,2
"मुकाबले के इस चरण में पिट दल ने अपनी गति बनाए रखी, जिसके बाद कार फिर ट्रैक पर आई।",तटस्थ,फॉर्मूला वन,1
"दबाव के बीच कप्तान ने मजबूत साझेदारी बनाई, जिससे वापसी सफल हुई।",सकारात्मक,क्रिकेट,2
"आज अंतिम रेडर ने बोनस का मौका गंवाया, और विपक्षी दबाव में नहीं आया।",नकारात्मक,कबड्डी,0
"मुकाबले के इस चरण में एकल खिलाड़ी ने नेट के पास दबाव बनाया, और प्रतिद्वंद्वी दबाव में आया।",सकारात्मक,बैडमिंटन,2
"मध्य खिलाड़ी ने रक्षा की स्थिति बनाई, और मुकाबला सामान्य गति से चला।",तटस्थ,कबड्डी,1
"नेट खिलाड़ी ने शटल आगे भेजी, और खेल आगे बढ़ा।",तटस्थ,बैडमिंटन,1
"दबाव के बीच दल ने मैदान में प्रवेश किया, और खेल आगे बढ़ा।",तटस्थ,कबड्डी,1
"दबाव के बीच रेस दल ने देर से निर्णय लिया, और प्रतिद्वंद्वी को फायदा मिला।",नकारात्मक,फॉर्मूला वन,0
"आज रणनीति दल ने दौड़ की योजना पर काम किया, जिसके बाद अगला चक्कर शुरू हुआ।",तटस्थ,फॉर्मूला वन,1
"मुकाबले के इस चरण में गोलकीपर ने आसान मौका गंवाया, जिससे बढ़त कमजोर हुई।",नकारात्मक,फुटबॉल,0
"गेंदबाज ने साझेदारी नहीं बना सका, और रणनीति विफल रही।",नकारात्मक,क्रिकेट,0
"दबाव के बीच युगल जोड़ी ने अगले अंक की तैयारी की, जिसके बाद दोनों खिलाड़ी अपनी जगह लौटे।",तटस्थ,बैडमिंटन,1
"निर्णायक समय पर टीम प्रबंधन ने दबाव में धैर्य रखा, जिससे पोडियम की संभावना बढ़ी।",सकारात्मक,फॉर्मूला वन,2
"आज पिट दल ने टायरों का गलत उपयोग किया, जिससे जीत की उम्मीद कमजोर हुई।",नकारात्मक,फॉर्मूला वन,0
"मुकाबले के इस चरण में हमलावर ने गेंद खो दी, और दर्शकों में निराशा फैल गई 😞।",नकारात्मक,फुटबॉल,0
"आज रक्षात्मक खिलाड़ी ने देर से प्रतिक्रिया दी, और वापसी का मौका कम हुआ।",नकारात्मक,बैडमिंटन,0
"निर्णायक समय पर स्थानापन्न खिलाड़ी ने बोनस का मौका गंवाया, और दर्शकों में निराशा फैल गई 😞।",नकारात्मक,कबड्डी,0
"कप्तान ने निर्णायक अंक नहीं ले सका, जिससे जरूरी अंक गंवा।",नकारात्मक,कबड्डी,0
"दबाव के बीच चालक ने लगातार अच्छा तालमेल रखा, और प्रशंसकों में उत्साह फैल गया 🏎️।",सकारात्मक,फॉर्मूला वन,2
"आज मध्य क्षेत्र ने दबाव नहीं बना सका, जिससे बढ़त कमजोर हुई।",नकारात्मक,फुटबॉल,0
"निर्णायक समय पर रेस दल ने सही समय पर निर्णय लिया, और दल का मनोबल ऊंचा हुआ।",सकारात्मक,फॉर्मूला वन,2
"निर्णायक समय पर रेडर ने घेरा टूटने दिया, और मुकाबला हाथ से निकलने लगा।",नकारात्मक,कबड्डी,0
"मुकाबले के इस चरण में कप्तान ने जरूरी विकेट नहीं ले सका, जिससे दल का आत्मविश्वास घटा।",नकारात्मक,क्रिकेट,0
"दबाव के बीच कार ने अंतिम चरण में गति नहीं बढ़ा सका, जिससे जीत की उम्मीद कमजोर हुई।",नकारात्मक,फॉर्मूला वन,0
"निर्णायक समय पर कार ने देर से निर्णय लिया, जिससे जीत की उम्मीद कमजोर हुई।",नकारात्मक,फॉर्मूला वन,0
"मुकाबले के इस चरण में मध्य मैदान के खिलाड़ी ने गोल की ओर गेंद भेजी, जिसके बाद गेंद फिर मध्य क्षेत्र में गई।",तटस्थ,फुटबॉल,1
"दबाव के बीच बल्लेबाज ने दबाव में सही शॉट चुना, जिससे जीत की उम्मीद मजबूत हुई।",सकारात्मक,क्रिकेट,2
"दबाव के बीच रक्षा पंक्ति ने रेडर को रोक नहीं पाया, और दर्शकों में निराशा फैल गई 😞।",नकारात्मक,कबड्डी,0
"आज हमलावर ने कठिन बचाव किया, जिससे बढ़त मजबूत हुई।",सकारात्मक,फुटबॉल,2
"निर्णायक समय पर मुख्य रेडर ने तालमेल खो बैठा, और मुकाबला हाथ से निकलने लगा।",नकारात्मक,कबड्डी,0
"दबाव के बीच रेडर ने मिलकर रेडर को रोका, और जीत की उम्मीद बढ़ी।",सकारात्मक,कबड्डी,2
"आज टीम प्रबंधन ने दबाव में धैर्य रखा, और दौड़ का रुख बदला।",सकारात्मक,फॉर्मूला वन,2
"निर्णायक समय पर मध्य क्षेत्र ने गलत पास दिया, और विपक्षी को फायदा मिला।",नकारात्मक,फुटबॉल,0
"मुकाबले के इस चरण में आक्रामक दल ने सही समय पर चुनौती दी, और दर्शक खुशी से झूम उठे 😀।",सकारात्मक,फुटबॉल,2
"निर्णायक समय पर चालक ने मोड़ पार किया, जिसके बाद कार फिर ट्रैक पर आई।",तटस्थ,फॉर्मूला वन,1
"रक्षा पंक्ति ने बिना अंक लौट आया, जिससे बढ़त कमजोर हुई।",नकारात्मक,कबड्डी,0
"दबाव के बीच रक्षा पंक्ति ने मजबूत घेरा बनाया, जिससे बढ़त मजबूत हुई।",सकारात्मक,कबड्डी,2
"मुकाबले के इस चरण में मुख्य रेडर ने मैदान में प्रवेश किया, और खेल आगे बढ़ा।",तटस्थ,कबड्डी,1
"मुकाबले के इस चरण में हमलावर ने लगातार दबाव बनाया, और जीत की उम्मीद बढ़ी।",सकारात्मक,फुटबॉल,2
"आज रणनीति दल ने टायरों का सही उपयोग किया, जिससे समय का लाभ मिला।",सकारात्मक,फॉर्मूला वन,2
"आज इंजीनियर ने ट्रैक की स्थिति देखी, और दौड़ आगे बढ़ी।",तटस्थ,फॉर्मूला वन,1
"निर्णायक समय पर रक्षक ने मैदान में प्रवेश किया, और मुकाबला सामान्य गति से चला।",तटस्थ,कबड्डी,1
"मुख्य चालक ने दौड़ की योजना पर काम किया, जिसके बाद अगला चक्कर शुरू हुआ।",तटस्थ,फॉर्मूला वन,1
"गेंदबाज ने एक ओवर पूरा किया, जिसके बाद दोनों दल अपनी योजना पर लौटे।",तटस्थ,क्रिकेट,1
"आज पिछली पंक्ति का खिलाड़ी ने पीछे से प्रहार किया, और खेल आगे बढ़ा।",तटस्थ,बैडमिंटन,1
"आज सलामी जोड़ी ने साझेदारी नहीं बना सका, जिससे रन गति गिर गई।",नकारात्मक,क्रिकेट,0
"मुकाबले के इस चरण में गेंदबाज ने समय पर रणनीति बदली, और विपक्षी दबाव में आ गया।",सकारात्मक,क्रिकेट,2
"दबाव के बीच विकेटकीपर ने साझेदारी नहीं बना सका, और रणनीति विफल रही।",नकारात्मक,क्रिकेट,0
"रक्षक ने समय पर बदलाव किया, जिससे गोल का अवसर बना।",सकारात्मक,फुटबॉल,2
"मध्य मैदान के खिलाड़ी ने गेंद पकड़ी, और दोनों दल रणनीति पर काम करते रहे।",तटस्थ,फुटबॉल,1
"दौड़ दल ने गलत रणनीति चुनी, और प्रतिद्वंद्वी को फायदा मिला।",नकारात्मक,फॉर्मूला वन,0
"मुकाबले के इस चरण में मध्य क्षेत्र ने सटीक पास दिया, जिससे वापसी सफल हुई।",सकारात्मक,फुटबॉल,2
"दबाव के बीच कार ने तेज बदलाव किया, जिससे समय का लाभ मिला।",सकारात्मक,फॉर्मूला वन,2
"सर्विस करने वाले खिलाड़ी ने सर्विस पर नियंत्रण रखा, जिससे आत्मविश्वास बढ़ा।",सकारात्मक,बैडमिंटन,2
"स्थानापन्न खिलाड़ी ने अपनी जगह छोड़ दी, जिससे गोल का अवसर चला गया।",नकारात्मक,फुटबॉल,0
"निर्णायक समय पर दौड़ दल ने अंतिम चरण में गति नहीं बढ़ा सका, और प्रतिद्वंद्वी को फायदा मिला।",नकारात्मक,फॉर्मूला वन,0
"दबाव के बीच गोलकीपर ने तेज तालमेल दिखाया, जिससे वापसी सफल हुई।",सकारात्मक,फुटबॉल,2
"निर्णायक समय पर गोलकीपर ने गेंद पकड़ी, जिसके बाद खेल आगे बढ़ा।",तटस्थ,फुटबॉल,1
"मुकाबले के इस चरण में मुख्य रेडर ने रेडर को घेरने की कोशिश की, जिसके बाद अगला अंक खेला गया।",तटस्थ,कबड्डी,1
"मुकाबले के इस चरण में गोलकीपर ने देर से बदलाव किया, और विपक्षी को फायदा मिला।",नकारात्मक,फुटबॉल,0
"तेज गेंदबाज ने दबाव में गलत शॉट चुना, और रणनीति विफल रही।",नकारात्मक,क्रिकेट,0
"मुकाबले के इस चरण में निचला क्रम ने अंतिम ओवरों में गति बढ़ाई, और विपक्षी दबाव में आ गया।",सकारात्मक,क्रिकेट,2
"मुकाबले के इस चरण में विकेटकीपर ने कठिन गेंदों पर नियंत्रण रखा, और विपक्षी दबाव में आ गया।",सकारात्मक,क्रिकेट,2
"निर्णायक समय पर कप्तान ने तालमेल खो बैठा, जिससे बढ़त कमजोर हुई।",नकारात्मक,कबड्डी,0
"आज स्पिनर ने क्रीज पर आया, और पारी अपने क्रम में आगे बढ़ी।",तटस्थ,क्रिकेट,1
"बल्लेबाज ने एक ओवर पूरा किया, और मुकाबला सामान्य गति से चलता रहा।",तटस्थ,क्रिकेट,1
"दबाव के बीच निर्णायक अंक पर खिलाड़ी ने रणनीति पर चर्चा की, और खेल आगे बढ़ा।",तटस्थ,बैडमिंटन,1
"निर्णायक समय पर मध्यक्रम ने बीच के ओवर में गेंदबाजी की, और अगली गेंद खेली गई।",तटस्थ,क्रिकेट,1
"आज अंतिम रेडर ने लगातार अंक जुटाए, और जीत की उम्मीद बढ़ी।",सकारात्मक,कबड्डी,2
"निर्णायक समय पर कप्तान ने नेट पर शटल रोकी, और अगला अंक खेला गया।",तटस्थ,बैडमिंटन,1
"दबाव के बीच कप्तान ने बोनस का मौका गंवाया, और दर्शकों में निराशा फैल गई 😞।",नकारात्मक,कबड्डी,0
"मुकाबले के इस चरण में रणनीति दल ने अपनी गति बनाए रखी, जिसके बाद अगला चरण शुरू हुआ।",तटस्थ,फॉर्मूला वन,1
"मुख्य रेडर ने निर्णायक अंक लिया, और मुकाबला अपने पक्ष में झुका।",सकारात्मक,कबड्डी,2
"आज विकेटकीपर ने दबाव में सही शॉट चुना, और मुकाबला अपने पक्ष में झुक गया।",सकारात्मक,क्रिकेट,2
"दबाव के बीच मुख्य रेडर ने मैदान पर आते ही असर डाला, और दर्शक खुशी से झूम उठे 😀।",सकारात्मक,कबड्डी,2
"सर्विस करने वाले खिलाड़ी ने रणनीति में अच्छा बदलाव किया, और दर्शकों ने तालियां बजाईं 👏।",सकारात्मक,बैडमिंटन,2
"आज रेस दल ने तेज बदलाव किया, जिससे समय का लाभ मिला।",सकारात्मक,फॉर्मूला वन,2
"मुकाबले के इस चरण में निर्णायक अंक पर खिलाड़ी ने गलत समय पर आक्रमण किया, जिससे निर्णायक अंक हाथ से गया।",नकारात्मक,बैडमिंटन,0
"मुकाबले के इस चरण में स्थानापन्न खिलाड़ी ने गोल की ओर गेंद भेजी, जिसके बाद खेल आगे बढ़ा।",तटस्थ,फुटबॉल,1
"निर्णायक समय पर रक्षा पंक्ति ने विपक्षी क्षेत्र की ओर बढ़ा, और खेल आगे बढ़ा।",तटस्थ,कबड्डी,1
"रक्षक ने सही समय पर चुनौती दी, और मुकाबला अपने पक्ष में झुक गया।",सकारात्मक,फुटबॉल,2
"दबाव के बीच रेडर ने तालमेल खो बैठा, और रणनीति विफल रही।",नकारात्मक,कबड्डी,0
"तेज गेंदबाज ने जल्दी विकेट गंवा बैठा, जिससे रन गति गिर गई।",नकारात्मक,क्रिकेट,0
"स्थानापन्न खिलाड़ी ने समय पर बदलाव किया, और जीत की उम्मीद बढ़ी।",सकारात्मक,फुटबॉल,2
"दबाव के बीच गेंदबाज ने अंतिम ओवरों में गति बढ़ाई, जिससे दल का आत्मविश्वास बढ़ा।",सकारात्मक,क्रिकेट,2
"निर्णायक समय पर सर्विस करने वाला खिलाड़ी ने सर्विस की, जिसके बाद सर्विस बदली गई।",तटस्थ,बैडमिंटन,1
"दबाव के बीच रणनीति दल ने देर से निर्णय लिया, और दौड़ का रुख बिगड़ा।",नकारात्मक,फॉर्मूला वन,0
"आज सहायक रक्षक ने रेड शुरू की, जिसके बाद अगला अंक खेला गया।",तटस्थ,कबड्डी,1
"निर्णायक समय पर कप्तान ने गेंद पर नियंत्रण रखा, और मुकाबला अपने पक्ष में झुक गया।",सकारात्मक,फुटबॉल,2
"रक्षात्मक खिलाड़ी ने रणनीति में सुधार नहीं कर सका, और वापसी का मौका कम हुआ।",नकारात्मक,बैडमिंटन,0
"आज पिछली पंक्ति का खिलाड़ी ने शटल आगे भेजी, जिसके बाद सर्विस बदली गई।",तटस्थ,बैडमिंटन,1
"निर्णायक समय पर स्पिनर ने अंतिम ओवरों में नियंत्रण खो बैठा, जिससे दल का आत्मविश्वास घटा।",नकारात्मक,क्रिकेट,0
"रणनीति दल ने दौड़ की योजना पर काम किया, और दौड़ आगे बढ़ी।",तटस्थ,फॉर्मूला वन,1
"आज रक्षापंक्ति ने एक बदलाव किया, जिसके बाद गेंद फिर मध्य क्षेत्र में गई।",तटस्थ,फुटबॉल,1
"दबाव के बीच कार ने देर से निर्णय लिया, और दौड़ का रुख बिगड़ा।",नकारात्मक,फॉर्मूला वन,0
"हमलावर ने देर से बदलाव किया, जिससे गोल का अवसर चला गया।",नकारात्मक,फुटबॉल,0
"मुकाबले के इस चरण में कप्तान ने आसान मौका गंवाया, जिससे वापसी कठिन हुई।",नकारात्मक,फुटबॉल,0
"आज निचला क्रम ने महत्वपूर्ण विकेट लिया, जिससे वापसी सफल हुई।",सकारात्मक,क्रिकेट,2
"मुकाबले के इस चरण में चालक ने आंकड़ों की समीक्षा की, और मुकाबला सामान्य गति से चला।",तटस्थ,फॉर्मूला वन,1
"दौड़ दल ने टायर बदले, और मुकाबला सामान्य गति से चला।",तटस्थ,फॉर्मूला वन,1
"खिलाड़ी ने रणनीति पर चर्चा की, और अगला अंक खेला गया।",तटस्थ,बैडमिंटन,1
"निर्णायक समय पर मुख्य रेडर ने सफल रेड की, जिससे दल का आत्मविश्वास बढ़ा।",सकारात्मक,कबड्डी,2
"दबाव के बीच विंगर ने गेंद पकड़ी, जिसके बाद खिलाड़ी अपनी जगह लौटे।",तटस्थ,फुटबॉल,1
"आज टायर दल ने दौड़ की योजना देखी, जिसके बाद कार फिर ट्रैक पर आई।",तटस्थ,फॉर्मूला वन,1
"दबाव के बीच क्षेत्ररक्षक ने बीच के ओवर में गेंदबाजी की, जिसके बाद दोनों दल अपनी योजना पर लौटे।",तटस्थ,क्रिकेट,1
"मुकाबले के इस चरण में स्पिनर ने आसान मौका गंवा बैठा, जिससे वापसी कठिन हुई।",नकारात्मक,क्रिकेट,0
"आज चालक ने तेज सेवा दी, और प्रतिद्वंद्वी दबाव में आया।",सकारात्मक,फॉर्मूला वन,2
"निर्णायक समय पर दल ने मिलकर रेडर को रोका, और विपक्षी दबाव में आया।",सकारात्मक,कबड्डी,2
"निर्णायक समय पर स्थानापन्न खिलाड़ी ने रक्षा की स्थिति बनाई, और खेल आगे बढ़ा।",तटस्थ,कबड्डी,1
"निर्णायक समय पर दल ने शानदार टैकल किया, जिससे जरूरी अंक मिला।",सकारात्मक,कबड्डी,2
"रेस दल ने मोड़ पर नियंत्रण रखा, जिससे पोडियम की संभावना बढ़ी।",सकारात्मक,फॉर्मूला वन,2
"मुकाबले के इस चरण में मध्य मैदान के खिलाड़ी ने मैदान पर आते ही असर डाला, जिससे वापसी सफल हुई।",सकारात्मक,फुटबॉल,2
"रेडर ने समय पर बदलाव किया, और दर्शक खुशी से झूम उठे 😀।",सकारात्मक,कबड्डी,2
"निर्णायक समय पर मध्य खिलाड़ी ने रेड शुरू की, और मुकाबला सामान्य गति से चला।",तटस्थ,कबड्डी,1
"दबाव के बीच युगल जोड़ी ने स्मैश बाहर मार बैठा, और वापसी का मौका कम हुआ।",नकारात्मक,बैडमिंटन,0
"आज विंगर ने सही समय पर चुनौती नहीं दी, जिससे वापसी कठिन हुई।",नकारात्मक,फुटबॉल,0
"दबाव के बीच नेट खिलाड़ी ने कठिन शटल लौटा दी, और वापसी सफल हुई।",सकारात्मक,बैडमिंटन,2
"गेंदबाज ने कुछ रन जोड़े, और पारी अपने क्रम में आगे बढ़ी।",तटस्थ,क्रिकेट,1
"मुकाबले के इस चरण में मध्य मैदान के खिलाड़ी ने एक बदलाव किया, जिसके बाद खिलाड़ी अपनी जगह लौटे।",तटस्थ,फुटबॉल,1
"निर्णायक समय पर गेंदबाज ने अंतिम ओवरों में गति बढ़ाई, जिससे वापसी सफल हुई।",सकारात्मक,क्रिकेट,2
"आज दौड़ दल ने रणनीति पर चर्चा की, जिसके बाद अगला चक्कर शुरू हुआ।",तटस्थ,फॉर्मूला वन,1
"दबाव के बीच गेंदबाज ने जरूरी विकेट नहीं ले सका, और विपक्षी को बढ़त मिल गई।",नकारात्मक,क्रिकेट,0
"हमलावर ने गेंद पर नियंत्रण रखा, जिससे गोल का अवसर बना।",सकारात्मक,फुटबॉल,2
"आज चालक ने दबाव में धैर्य रखा, जिससे जीत की उम्मीद बढ़ी।",सकारात्मक,फॉर्मूला वन,2
"दबाव के बीच गेंदबाज ने क्षेत्ररक्षण में बदलाव किया, और पारी अपने क्रम में आगे बढ़ी।",तटस्थ,क्रिकेट,1
"आज स्पिनर ने अपनी जगह बदली, जिसके बाद अगला ओवर शुरू हुआ।",तटस्थ,क्रिकेट,1
"कप्तान ने खाली जगह नहीं पहचान पाया, और मुकाबला विपक्षी की ओर झुका।",नकारात्मक,बैडमिंटन,0
"मुकाबले के इस चरण में स्थानापन्न खिलाड़ी ने देर से बदलाव किया, और विपक्षी को फायदा मिला।",नकारात्मक,फुटबॉल,0
"मुकाबले के इस चरण में दौड़ दल ने शानदार ओवरटेक किया, जिससे पोडियम की संभावना बढ़ी।",सकारात्मक,फॉर्मूला वन,2
"निर्णायक समय पर टीम प्रबंधन ने दबाव में गलती की, और दल का मनोबल गिरा।",नकारात्मक,फॉर्मूला वन,0
"मुकाबले के इस चरण में मध्यक्रम ने देर से रणनीति बदली, और दर्शकों में निराशा फैल गई 😞।",नकारात्मक,क्रिकेट,0
"आज स्पिनर ने अंतिम ओवरों में गति बढ़ाई, जिससे दल का आत्मविश्वास बढ़ा।",सकारात्मक,क्रिकेट,2
"दबाव के बीच विंगर ने तेज तालमेल दिखाया, और दर्शक खुशी से झूम उठे 😀।",सकारात्मक,फुटबॉल,2
"आज तेज गेंदबाज ने मजबूत साझेदारी बनाई, जिससे दल का आत्मविश्वास बढ़ा।",सकारात्मक,क्रिकेट,2
"दबाव के बीच तेज गेंदबाज ने अंतिम ओवरों में गति बढ़ाई, जिससे दल का आत्मविश्वास बढ़ा।",सकारात्मक,क्रिकेट,2
"दबाव के बीच मध्य क्षेत्र ने कठिन बचाव किया, और मुकाबला अपने पक्ष में झुक गया।",सकारात्मक,फुटबॉल,2
"दबाव के बीच रक्षापंक्ति ने विपक्षी हमले को रोका, और दोनों दल रणनीति पर काम करते रहे।",तटस्थ,फुटबॉल,1
"दबाव के बीच आक्रामक खिलाड़ी ने रैली जारी रखी, जिसके बाद अगली रैली शुरू हुई।",तटस्थ,बैडमिंटन,1
"निर्णायक समय पर कप्तान ने निर्णायक अंक नहीं ले सका, जिससे वापसी कठिन हुई।",नकारात्मक,कबड्डी,0
"निर्णायक समय पर विंगर ने आसान मौका गंवाया, जिससे वापसी कठिन हुई।",नकारात्मक,फुटबॉल,0
"निर्णायक समय पर रणनीति दल ने तेज बदलाव किया, जिससे स्थान सुधरा।",सकारात्मक,फॉर्मूला वन,2
"मुकाबले के इस चरण में चालक ने रणनीति पर चर्चा की, और चालक ने अपनी स्थिति बनाए रखी।",तटस्थ,फॉर्मूला वन,1
"रक्षक ने मिलकर रेडर को रोका, और विपक्षी दबाव में आया।",सकारात्मक,कबड्डी,2
"मुकाबले के इस चरण में कार ने दबाव में गलती की, और प्रशंसकों में निराशा फैल गई 😞।",नकारात्मक,फॉर्मूला वन,0
"मुकाबले के इस चरण में नेट खिलाड़ी ने देर से प्रतिक्रिया दी, जिससे आत्मविश्वास घटा।",नकारात्मक,बैडमिंटन,0
"मुकाबले के इस चरण में मध्य मैदान के खिलाड़ी ने देर से बदलाव किया, जिससे वापसी कठिन हुई।",नकारात्मक,फुटबॉल,0
"दबाव के बीच टायर दल ने सही रणनीति चुनी, जिससे जीत की उम्मीद बढ़ी।",सकारात्मक,फॉर्मूला वन,2
"मुकाबले के इस चरण में सलामी जोड़ी ने क्षेत्ररक्षण में बदलाव किया, और पारी अपने क्रम में आगे बढ़ी।",तटस्थ,क्रिकेट,1
"दबाव के बीच दल ने बोनस का मौका गंवाया, जिससे दल का आत्मविश्वास घटा।",नकारात्मक,कबड्डी,0
"मुकाबले के इस चरण में रेडर ने मैदान में प्रवेश किया, और खेल आगे बढ़ा।",तटस्थ,कबड्डी,1
"मुकाबले के इस चरण में खिलाड़ी ने बचाव की स्थिति ली, और मुकाबला सामान्य गति से चला।",तटस्थ,बैडमिंटन,1
"आज एकल खिलाड़ी ने नेट पर शटल रोकी, जिसके बाद अगली रैली शुरू हुई।",तटस्थ,बैडमिंटन,1
"दौड़ दल ने ओवरटेक का मौका गंवाया, जिससे समय का नुकसान हुआ।",नकारात्मक,फॉर्मूला वन,0
"आज मुख्य रेडर ने शानदार टैकल किया, और दर्शक खुशी से झूम उठे 😀।",सकारात्मक,कबड्डी,2
"दबाव के बीच मुख्य चालक ने रणनीति पर चर्चा की, जिसके बाद कार फिर ट्रैक पर आई।",तटस्थ,फॉर्मूला वन,1
"आज टीम प्रबंधन ने टायर बदलने में देरी की, और दौड़ का रुख बिगड़ा।",नकारात्मक,फॉर्मूला वन,0
"दबाव के बीच इंजीनियर ने ओवरटेक का मौका गंवाया, और प्रशंसकों में निराशा फैल गई 😞।",नकारात्मक,फॉर्मूला वन,0
"आज सर्विस करने वाला खिलाड़ी ने सर्विस पर नियंत्रण खो बैठा, जिससे बढ़त कमजोर हुई।",नकारात्मक,बैडमिंटन,0
"आज स्थानापन्न खिलाड़ी ने शानदार गोल किया, और मुकाबला अपने पक्ष में झुक गया।",सकारात्मक,फुटबॉल,2
"निर्णायक समय पर गेंदबाज ने समय पर रणनीति बदली, जिससे दल का आत्मविश्वास बढ़ा।",सकारात्मक,क्रिकेट,2
"आज मुख्य चालक ने अपनी गति बनाए रखी, जिसके बाद अगला चरण शुरू हुआ।",तटस्थ,फॉर्मूला वन,1
"स्थानापन्न खिलाड़ी ने मैदान में प्रवेश किया, और दोनों दल रणनीति पर काम करते रहे।",तटस्थ,फुटबॉल,1
"निर्णायक समय पर गोलकीपर ने गेंद पर नियंत्रण रखा, और मुकाबला अपने पक्ष में झुक गया।",सकारात्मक,फुटबॉल,2
"निर्णायक समय पर स्थानापन्न खिलाड़ी ने टैकल में चूक गया, जिससे दल का आत्मविश्वास घटा।",नकारात्मक,कबड्डी,0
"मुकाबले के इस चरण में सहायक रक्षक ने निर्णायक अंक नहीं ले सका, जिससे बढ़त कमजोर हुई।",नकारात्मक,कबड्डी,0
"मुकाबले के इस चरण में कप्तान ने शटल आगे भेजी, जिसके बाद अगली रैली शुरू हुई।",तटस्थ,बैडमिंटन,1
"आज कप्तान ने निर्णायक अंक लिया, और जीत की उम्मीद बढ़ी।",सकारात्मक,कबड्डी,2
"मुकाबले के इस चरण में मध्यक्रम ने साझेदारी नहीं बना सका, और रणनीति विफल रही।",नकारात्मक,क्रिकेट,0
"टीम प्रबंधन ने लगातार अच्छा तालमेल रखा, और दौड़ का रुख बदला।",सकारात्मक,फॉर्मूला वन,2
"निर्णायक समय पर नेट खिलाड़ी ने रणनीति पर चर्चा की, और मुकाबला सामान्य गति से चला।",तटस्थ,बैडमिंटन,1
"आज मध्य मैदान के खिलाड़ी ने सही समय पर चुनौती नहीं दी, जिससे आत्मविश्वास घटा।",नकारात्मक,फुटबॉल,0
"आज मुख्य रेडर ने मिलकर रेडर को रोका, जिससे दल का आत्मविश्वास बढ़ा।",सकारात्मक,कबड्डी,2
"आज स्थानापन्न खिलाड़ी ने लगातार अंक जुटाए, जिससे बढ़त मजबूत हुई।",सकारात्मक,कबड्डी,2
"आज विकेटकीपर ने क्षेत्ररक्षण में बदलाव किया, जिसके बाद दोनों दल अपनी योजना पर लौटे।",तटस्थ,क्रिकेट,1
"आज मुख्य चालक ने दबाव में गलती की, और प्रतिद्वंद्वी को फायदा मिला।",नकारात्मक,फॉर्मूला वन,0
"दबाव के बीच मध्यक्रम ने कुछ रन जोड़े, जिसके बाद दोनों दल अपनी योजना पर लौटे।",तटस्थ,क्रिकेट,1
"आज गोलकीपर ने खिलाड़ियों के बीच गेंद घुमाई, और अगला आक्रमण शुरू हुआ।",तटस्थ,फुटबॉल,1
"निर्णायक समय पर गोलकीपर ने अपनी जगह संभाली, जिसके बाद गेंद फिर मध्य क्षेत्र में गई।",तटस्थ,फुटबॉल,1
"निर्णायक समय पर स्थानापन्न खिलाड़ी ने मैदान में प्रवेश किया, और मुकाबला सामान्य गति से चलता रहा।",तटस्थ,फुटबॉल,1
"दौड़ दल ने तालमेल नहीं बना पाया, जिससे जीत की उम्मीद कमजोर हुई।",नकारात्मक,फॉर्मूला वन,0
"दबाव के बीच कप्तान ने देर से बदलाव किया, और दर्शकों में निराशा फैल गई 😞।",नकारात्मक,कबड्डी,0
"निर्णायक अंक पर खिलाड़ी ने स्मैश बाहर मार बैठा, और प्रतिद्वंद्वी दबाव में नहीं आया।",नकारात्मक,बैडमिंटन,0
"आज टायर दल ने मोड़ पर नियंत्रण रखा, और दल का मनोबल ऊंचा हुआ।",सकारात्मक,फॉर्मूला वन,2
"आज रक्षा पंक्ति ने निर्णायक अंक लिया, और जीत की उम्मीद बढ़ी।",सकारात्मक,कबड्डी,2
"दबाव के बीच आक्रामक खिलाड़ी ने नेट के पास दबाव बनाया, जिससे जीत की उम्मीद बढ़ी।",सकारात्मक,बैडमिंटन,2
"आज रक्षक ने बोनस का मौका गंवाया, जिससे वापसी कठिन हुई।",नकारात्मक,कबड्डी,0
"आज गेंदबाज ने पारी शुरू की, और अगली गेंद खेली गई।",तटस्थ,क्रिकेट,1
"मुकाबले के इस चरण में आक्रामक खिलाड़ी ने रणनीति में अच्छा बदलाव किया, और मुकाबला अपने पक्ष में झुका।",सकारात्मक,बैडमिंटन,2
"आज दल ने लगातार अंक गंवाता रहा, जिससे बढ़त कमजोर हुई।",नकारात्मक,कबड्डी,0
"आज युगल जोड़ी ने तेज प्रतिक्रिया दिखाई, और प्रतिद्वंद्वी दबाव में आया।",सकारात्मक,बैडमिंटन,2
"दबाव के बीच कप्तान ने अपनी जगह संभाली, और खेल आगे बढ़ा।",तटस्थ,कबड्डी,1
"दबाव के बीच गेंदबाज ने समय पर रणनीति बदली, और विपक्षी दबाव में आ गया।",सकारात्मक,क्रिकेट,2
"आज स्थानापन्न खिलाड़ी ने मैदान में प्रवेश किया, जिसके बाद खेल आगे बढ़ा।",तटस्थ,फुटबॉल,1
"आज नेट खिलाड़ी ने कठिन शटल नहीं लौटा सका, और प्रतिद्वंद्वी दबाव में नहीं आया।",नकारात्मक,बैडमिंटन,0
"निर्णायक समय पर मध्य क्षेत्र ने दबाव नहीं बना सका, और विपक्षी को फायदा मिला।",नकारात्मक,फुटबॉल,0
"आज कप्तान ने ढीली गेंदें डालता रहा, और रणनीति विफल रही।",नकारात्मक,क्रिकेट,0
"आज खिलाड़ी ने बचाव की स्थिति ली, जिसके बाद दोनों खिलाड़ी अपनी जगह लौटे।",तटस्थ,बैडमिंटन,1
"मुकाबले के इस चरण में एकल खिलाड़ी ने नेट पर शटल रोकी, जिसके बाद दोनों खिलाड़ी अपनी जगह लौटे।",तटस्थ,बैडमिंटन,1
"पिट दल ने दौड़ की योजना पर काम किया, और मुकाबला सामान्य गति से चला।",तटस्थ,फॉर्मूला वन,1
"मुकाबले के इस चरण में दौड़ दल ने लगातार अच्छा तालमेल रखा, और दल का मनोबल ऊंचा हुआ।",सकारात्मक,फॉर्मूला वन,2
"निर्णायक समय पर रक्षक ने रक्षा की स्थिति बनाई, जिसके बाद खिलाड़ी अपनी जगह लौटे।",तटस्थ,कबड्डी,1
"दबाव के बीच विंगर ने गेंद पकड़ी, और अगला आक्रमण शुरू हुआ।",तटस्थ,फुटबॉल,1
"रेडर ने सफल रेड की, और मुकाबला अपने पक्ष में झुका।",सकारात्मक,कबड्डी,2
"आज मध्यक्रम ने बीच के ओवरों में महंगा साबित हुआ, और रणनीति विफल रही।",नकारात्मक,क्रिकेट,0
"निर्णायक समय पर सलामी जोड़ी ने बीच के ओवरों में महंगा साबित हुआ, और विपक्षी को बढ़त मिल गई।",नकारात्मक,क्रिकेट,0
"मुकाबले के इस चरण में गोलकीपर ने गेंद पकड़ी, और मुकाबला सामान्य गति से चलता रहा।",तटस्थ,फुटबॉल,1
"मुकाबले के इस चरण में कप्तान ने अगली रेड की तैयारी की, और मुकाबला सामान्य गति से चला।",तटस्थ,कबड्डी,1
"दबाव के बीच सहायक रक्षक ने बिना अंक लौट आया, और दर्शकों में निराशा फैल गई 😞।",नकारात्मक,कबड्डी,0
"दबाव के बीच निर्णायक अंक पर खिलाड़ी ने सर्विस पर नियंत्रण रखा, जिससे बढ़त मजबूत हुई।",सकारात्मक,बैडमिंटन,2
"मुकाबले के इस चरण में टीम प्रबंधन ने तालमेल नहीं बना पाया, जिससे स्थान गिरा।",नकारात्मक,फॉर्मूला वन,0
"निर्णायक समय पर सहायक रक्षक ने मजबूत घेरा बनाया, जिससे दल का आत्मविश्वास बढ़ा।",सकारात्मक,कबड्डी,2
"रक्षापंक्ति ने कठिन बचाव किया, जिससे गोल का अवसर बना।",सकारात्मक,फुटबॉल,2
"आज निर्णायक अंक पर खिलाड़ी ने सर्विस पर नियंत्रण रखा, जिससे जीत की उम्मीद बढ़ी।",सकारात्मक,बैडमिंटन,2
"निर्णायक समय पर दौड़ दल ने मोड़ पर नियंत्रण खोया, और प्रशंसकों में निराशा फैल गई 😞।",नकारात्मक,फॉर्मूला वन,0
"हमलावर ने गेंद खो दी, और विपक्षी को फायदा मिला।",नकारात्मक,फुटबॉल,0
"निर्णायक समय पर आक्रामक दल ने गेंद पकड़ी, जिसके बाद खिलाड़ी अपनी जगह लौटे।",तटस्थ,फुटबॉल,1
"निर्णायक समय पर कप्तान ने अगली गेंद का सामना किया, जिसके बाद दोनों दल अपनी योजना पर लौटे।",तटस्थ,क्रिकेट,1
"मुकाबले के इस चरण में नेट खिलाड़ी ने कठिन शटल लौटा दी, जिससे निर्णायक अंक मिला।",सकारात्मक,बैडमिंटन,2
"दबाव के बीच खिलाड़ी ने लंबी रैली गंवा बैठा, जिससे बढ़त कमजोर हुई।",नकारात्मक,बैडमिंटन,0
"आज मध्य क्षेत्र ने मैदान पर आने के बाद असर नहीं डाल सका, जिससे आत्मविश्वास घटा।",नकारात्मक,फुटबॉल,0
"खिलाड़ी ने रणनीति पर चर्चा की, जिसके बाद दोनों खिलाड़ी अपनी जगह लौटे।",तटस्थ,बैडमिंटन,1
"निर्णायक समय पर मध्य क्षेत्र ने आक्रमण शुरू किया, जिसके बाद खेल आगे बढ़ा।",तटस्थ,फुटबॉल,1
"रणनीति दल ने एक चक्कर पूरा किया, जिसके बाद कार फिर ट्रैक पर आई।",तटस्थ,फॉर्मूला वन,1
"निर्णायक समय पर दौड़ दल ने दौड़ की योजना देखी, और दौड़ आगे बढ़ी।",तटस्थ,फॉर्मूला वन,1
"मुकाबले के इस चरण में इंजीनियर ने लगातार अच्छा तालमेल रखा, और प्रशंसकों में उत्साह फैल गया 🏎️।",सकारात्मक,फॉर्मूला वन,2
"दबाव के बीच इंजीनियर ने अंतिम चरण में गति बढ़ाई, और प्रतिद्वंद्वी दबाव में आया।",सकारात्मक,फॉर्मूला वन,2
"निर्णायक समय पर टायर दल ने तेज बदलाव किया, जिससे पोडियम की संभावना बढ़ी।",सकारात्मक,फॉर्मूला वन,2
"आज गेंदबाज ने दबाव में गलत शॉट चुना, और मुकाबला हाथ से निकलने लगा।",नकारात्मक,क्रिकेट,0
"दबाव के बीच विंगर ने एक बदलाव किया, जिसके बाद खिलाड़ी अपनी जगह लौटे।",तटस्थ,फुटबॉल,1
"निर्णायक समय पर सलामी जोड़ी ने अपनी जगह बदली, और मुकाबला सामान्य गति से चलता रहा।",तटस्थ,क्रिकेट,1
"मुकाबले के इस चरण में विंगर ने सटीक पास दिया, और विपक्षी दबाव में आया।",सकारात्मक,फुटबॉल,2
"मुकाबले के इस चरण में टायर दल ने दबाव में धैर्य रखा, जिससे जीत की उम्मीद बढ़ी।",सकारात्मक,फॉर्मूला वन,2
"आज नेट खिलाड़ी ने सर्विस पर नियंत्रण रखा, जिससे आत्मविश्वास बढ़ा।",सकारात्मक,बैडमिंटन,2
"रक्षापंक्ति ने अपनी जगह छोड़ दी, और दर्शकों में निराशा फैल गई 😞।",नकारात्मक,फुटबॉल,0
"निर्णायक समय पर गेंदबाज ने सटीक गेंदबाजी की, जिससे वापसी सफल हुई।",सकारात्मक,क्रिकेट,2
"निर्णायक समय पर विकेटकीपर ने एक ओवर पूरा किया, जिसके बाद दोनों दल अपनी योजना पर लौटे।",तटस्थ,क्रिकेट,1
"रक्षापंक्ति ने देर से बदलाव किया, जिससे आत्मविश्वास घटा।",नकारात्मक,फुटबॉल,0
"कप्तान ने खाली जगह पहचानी, और प्रतिद्वंद्वी दबाव में आया।",सकारात्मक,बैडमिंटन,2
"निर्णायक समय पर कप्तान ने दबाव में सही शॉट चुना, जिससे रन गति सुधरी।",सकारात्मक,क्रिकेट,2
"तेज गेंदबाज ने अगली गेंद का सामना किया, और अगली गेंद खेली गई।",तटस्थ,क्रिकेट,1
"मुकाबले के इस चरण में मध्यक्रम ने सटीक गेंदबाजी की, जिससे रन गति सुधरी।",सकारात्मक,क्रिकेट,2
"मुकाबले के इस चरण में सहायक रक्षक ने मैदान में प्रवेश किया, जिसके बाद खिलाड़ी अपनी जगह लौटे।",तटस्थ,कबड्डी,1
"दबाव के बीच रणनीति दल ने ट्रैक की स्थिति देखी, जिसके बाद अगला चक्कर शुरू हुआ।",तटस्थ,फॉर्मूला वन,1
"निर्णायक समय पर कार ने अपनी गति बनाए रखी, और दौड़ आगे बढ़ी।",तटस्थ,फॉर्मूला वन,1
"दबाव के बीच कप्तान ने खाली जगह पहचानी, जिससे बढ़त मजबूत हुई।",सकारात्मक,बैडमिंटन,2
"दबाव के बीच आक्रामक दल ने मैदान पर आने के बाद असर नहीं डाल सका, जिससे बढ़त कमजोर हुई।",नकारात्मक,फुटबॉल,0
"निर्णायक समय पर तेज गेंदबाज ने अगला ओवर शुरू किया, जिसके बाद खेल आगे बढ़ा।",तटस्थ,क्रिकेट,1
"निर्णायक समय पर कप्तान ने बीच के ओवरों में महंगा साबित हुआ, जिससे वापसी कठिन हुई।",नकारात्मक,क्रिकेट,0
"आज सहायक रक्षक ने अगली रेड की तैयारी की, जिसके बाद अगला अंक खेला गया।",तटस्थ,कबड्डी,1
"निर्णायक समय पर स्थानापन्न खिलाड़ी ने समय पर बदलाव किया, जिससे वापसी सफल हुई।",सकारात्मक,कबड्डी,2
"मुकाबले के इस चरण में दल ने मजबूत घेरा बनाया, और मुकाबला अपने पक्ष में झुका।",सकारात्मक,कबड्डी,2
"आज कप्तान ने खाली जगह नहीं पहचान पाया, जिससे निर्णायक अंक हाथ से गया।",नकारात्मक,बैडमिंटन,0
"दबाव के बीच विंगर ने लगातार दबाव बनाया, जिससे वापसी सफल हुई।",सकारात्मक,फुटबॉल,2
"दबाव के बीच गेंदबाज ने अंतिम ओवरों में गति बढ़ाई, और मुकाबला अपने पक्ष में झुक गया।",सकारात्मक,क्रिकेट,2
"निर्णायक समय पर तेज गेंदबाज ने महत्वपूर्ण विकेट लिया, जिससे वापसी सफल हुई।",सकारात्मक,क्रिकेट,2
"आज विंगर ने बचाव में चूक गया, और मुकाबला हाथ से निकलने लगा।",नकारात्मक,फुटबॉल,0
"आज आक्रामक दल ने सही समय पर चुनौती नहीं दी, और दर्शकों में निराशा फैल गई 😞।",नकारात्मक,फुटबॉल,0
"मुकाबले के इस चरण में आक्रामक दल ने मैदान में प्रवेश किया, और मुकाबला सामान्य गति से चलता रहा।",तटस्थ,फुटबॉल,1
"निर्णायक समय पर टायर दल ने टायर बदले, और दौड़ आगे बढ़ी।",तटस्थ,फॉर्मूला वन,1
"निर्णायक समय पर क्षेत्ररक्षक ने अगली गेंद का सामना किया, और अगली गेंद खेली गई।",तटस्थ,क्रिकेट,1
"दबाव के बीच मध्य क्षेत्र ने सही समय पर चुनौती दी, और विपक्षी दबाव में आया।",सकारात्मक,फुटबॉल,2
"मुकाबले के इस चरण में सलामी जोड़ी ने दबाव में सही शॉट चुना, जिससे रन गति सुधरी।",सकारात्मक,क्रिकेट,2
"आज रक्षापंक्ति ने गेंद खो दी, और मुकाबला हाथ से निकलने लगा।",नकारात्मक,फुटबॉल,0
"आक्रामक दल ने गलत पास दिया, जिससे बढ़त कमजोर हुई।",नकारात्मक,फुटबॉल,0
"दबाव के बीच पिछली पंक्ति का खिलाड़ी ने पीछे से प्रहार किया, जिसके बाद अगली रैली शुरू हुई।",तटस्थ,बैडमिंटन,1
"निर्णायक समय पर कार ने सही रणनीति चुनी, जिससे पोडियम की संभावना बढ़ी।",सकारात्मक,फॉर्मूला वन,2
"दबाव के बीच स्थानापन्न खिलाड़ी ने अपनी जगह संभाली, और अगला आक्रमण शुरू हुआ।",तटस्थ,फुटबॉल,1
"मुकाबले के इस चरण में इंजीनियर ने देर से निर्णय लिया, जिससे स्थान गिरा।",नकारात्मक,फॉर्मूला वन,0
"मुकाबले के इस चरण में मध्य मैदान के खिलाड़ी ने शानदार गोल किया, और विपक्षी दबाव में आया।",सकारात्मक,फुटबॉल,2
"निर्णायक समय पर कप्तान ने तेज प्रतिक्रिया दिखाई, और दर्शकों ने तालियां बजाईं 👏।",सकारात्मक,बैडमिंटन,2
"आज आक्रामक दल ने आसान मौका गंवाया, और विपक्षी को फायदा मिला।",नकारात्मक,फुटबॉल,0
"सलामी जोड़ी ने संयम से पारी संभाली, और मुकाबला अपने पक्ष में झुक गया।",सकारात्मक,क्रिकेट,2
"सलामी जोड़ी ने जरूरी विकेट नहीं ले सका, जिससे वापसी कठिन हुई।",नकारात्मक,क्रिकेट,0
"दबाव के बीच एकल खिलाड़ी ने बचाव की स्थिति ली, और अगला अंक खेला गया।",तटस्थ,बैडमिंटन,1
"मुकाबले के इस चरण में कप्तान ने सर्विस पर नियंत्रण रखा, और मुकाबला अपने पक्ष में झुका।",सकारात्मक,बैडमिंटन,2
"मुकाबले के इस चरण में रक्षापंक्ति ने मैदान पर आते ही असर डाला, जिससे दल का आत्मविश्वास बढ़ा।",सकारात्मक,फुटबॉल,2
"दबाव के बीच विकेटकीपर ने बीच के ओवरों में महंगा साबित हुआ, और मुकाबला हाथ से निकलने लगा।",नकारात्मक,क्रिकेट,0
"आज पिछली पंक्ति का खिलाड़ी ने स्मैश बाहर मार बैठा, और मुकाबला विपक्षी की ओर झुका।",नकारात्मक,बैडमिंटन,0
"विकेटकीपर ने ढीली गेंदें डालता रहा, जिससे दल का आत्मविश्वास घटा।",नकारात्मक,क्रिकेट,0
"मुकाबले के इस चरण में कप्तान ने निर्णायक अंक नहीं ले सका, और मुकाबला हाथ से निकलने लगा।",नकारात्मक,कबड्डी,0
"मुकाबले के इस चरण में तेज गेंदबाज ने बीच के ओवर में गेंदबाजी की, और मुकाबला सामान्य गति से चलता रहा।",तटस्थ,क्रिकेट,1
"मुकाबले के इस चरण में रेस दल ने लगातार अच्छा तालमेल रखा, और प्रशंसकों में उत्साह फैल गया 🏎️।",सकारात्मक,फॉर्मूला वन,2
"दबाव के बीच सलामी जोड़ी ने तेज प्रतिक्रिया से मौका बनाया, और मुकाबला अपने पक्ष में झुक गया।",सकारात्मक,क्रिकेट,2
"आज पिछली पंक्ति का खिलाड़ी ने देर से प्रतिक्रिया दी, और मुकाबला विपक्षी की ओर झुका।",नकारात्मक,बैडमिंटन,0
"आज आक्रामक दल ने आसान मौका गंवाया, जिससे गोल का अवसर चला गया।",नकारात्मक,फुटबॉल,0
"दबाव के बीच कप्तान ने सर्विस की, और मुकाबला सामान्य गति से चला।",तटस्थ,बैडमिंटन,1
"आज चालक ने सही समय पर निर्णय लिया, जिससे समय का लाभ मिला।",सकारात्मक,फॉर्मूला वन,2
"निर्णायक समय पर स्थानापन्न खिलाड़ी ने आसान मौका गंवाया, जिससे आत्मविश्वास घटा।",नकारात्मक,फुटबॉल,0
"दबाव के बीच रक्षात्मक खिलाड़ी ने बचाव में चूक गया, जिससे आत्मविश्वास घटा।",नकारात्मक,बैडमिंटन,0
"आज तेज गेंदबाज ने आसान मौका गंवा बैठा, जिससे जीत की संभावना कमजोर हुई।",नकारात्मक,क्रिकेट,0
"कप्तान ने तेज प्रतिक्रिया दिखाई, और प्रतिद्वंद्वी दबाव में आया।",सकारात्मक,बैडमिंटन,2
"आज तेज गेंदबाज ने अपनी जगह बदली, और मुकाबला सामान्य गति से चलता रहा।",तटस्थ,क्रिकेट,1
"दबाव के बीच रक्षात्मक खिलाड़ी ने सर्विस पर नियंत्रण रखा, और दर्शकों ने तालियां बजाईं 👏।",सकारात्मक,बैडमिंटन,2
"दबाव के बीच स्पिनर ने एक ओवर पूरा किया, और मुकाबला सामान्य गति से चलता रहा।",तटस्थ,क्रिकेट,1
"निर्णायक समय पर टीम प्रबंधन ने टायरों का गलत उपयोग किया, और प्रतिद्वंद्वी को फायदा मिला।",नकारात्मक,फॉर्मूला वन,0
"आज रणनीति दल ने लगातार अच्छा तालमेल रखा, और प्रतिद्वंद्वी दबाव में आया।",सकारात्मक,फॉर्मूला वन,2
"निर्णायक समय पर क्षेत्ररक्षक ने अगला ओवर शुरू किया, और पारी अपने क्रम में आगे बढ़ी।",तटस्थ,क्रिकेट,1
"आज बल्लेबाज ने देर से रणनीति बदली, जिससे दल का आत्मविश्वास घटा।",नकारात्मक,क्रिकेट,0
"आज कप्तान ने रेड शुरू की, और खेल आगे बढ़ा।",तटस्थ,कबड्डी,1
"दबाव के बीच तेज गेंदबाज ने संयम से पारी संभाली, और मुकाबला अपने पक्ष में झुक गया।",सकारात्मक,क्रिकेट,2
"निर्णायक समय पर पिट दल ने सही रणनीति चुनी, और प्रतिद्वंद्वी दबाव में आया।",सकारात्मक,फॉर्मूला वन,2
"मुकाबले के इस चरण में गेंदबाज ने ढीली गेंदें डालता रहा, जिससे वापसी कठिन हुई।",नकारात्मक,क्रिकेट,0
"एकल खिलाड़ी ने नेट के पास अंक गंवा दिया, जिससे जीत कठिन हुई।",नकारात्मक,बैडमिंटन,0
"दबाव के बीच रणनीति दल ने दौड़ की योजना पर काम किया, जिसके बाद कार फिर ट्रैक पर आई।",तटस्थ,फॉर्मूला वन,1
"निर्णायक समय पर नेट खिलाड़ी ने खाली जगह पहचानी, और दर्शकों ने तालियां बजाईं 👏।",सकारात्मक,बैडमिंटन,2
"निर्णायक समय पर रक्षक ने घेरा टूटने दिया, जिससे बढ़त कमजोर हुई।",नकारात्मक,कबड्डी,0
"आज युगल जोड़ी ने लंबी रैली गंवा बैठा, जिससे निर्णायक अंक हाथ से गया।",नकारात्मक,बैडमिंटन,0
"आज गोलकीपर ने अपनी जगह छोड़ दी, और योजना विफल रही।",नकारात्मक,फुटबॉल,0
"आक्रामक खिलाड़ी ने अगले अंक की तैयारी की, और मुकाबला सामान्य गति से चला।",तटस्थ,बैडमिंटन,1
"निर्णायक समय पर सर्विस करने वाला खिलाड़ी ने शटल आगे भेजी, और खेल आगे बढ़ा।",तटस्थ,बैडमिंटन,1
"आज रेडर ने लगातार अंक गंवाता रहा, जिससे दल का आत्मविश्वास घटा।",नकारात्मक,कबड्डी,0
"आज मध्य मैदान के खिलाड़ी ने गेंद खो दी, जिससे वापसी कठिन हुई।",नकारात्मक,फुटबॉल,0
"निर्णायक समय पर टीम प्रबंधन ने टायर बदले, जिसके बाद अगला चरण शुरू हुआ।",तटस्थ,फॉर्मूला वन,1
"मुकाबले के इस चरण में सर्विस करने वाला खिलाड़ी ने नेट के पास अंक गंवा दिया, जिससे आत्मविश्वास घटा।",नकारात्मक,बैडमिंटन,0
"आज निचला क्रम ने अगली गेंद का सामना किया, और अगली गेंद खेली गई।",तटस्थ,क्रिकेट,1
"मुकाबले के इस चरण में क्षेत्ररक्षक ने कुछ रन जोड़े, और मुकाबला सामान्य गति से चलता रहा।",तटस्थ,क्रिकेट,1
"निर्णायक समय पर मध्य खिलाड़ी ने रक्षा की स्थिति बनाई, जिसके बाद खिलाड़ी अपनी जगह लौटे।",तटस्थ,कबड्डी,1
"क्षेत्ररक्षक ने दबाव में गलत शॉट चुना, और दर्शकों में निराशा फैल गई 😞।",नकारात्मक,क्रिकेट,0
"दबाव के बीच इंजीनियर ने शानदार ओवरटेक किया, जिससे स्थान सुधरा।",सकारात्मक,फॉर्मूला वन,2
"मुकाबले के इस चरण में स्थानापन्न खिलाड़ी ने मजबूत घेरा बनाया, जिससे दल का आत्मविश्वास बढ़ा।",सकारात्मक,कबड्डी,2
"मुकाबले के इस चरण में गोलकीपर ने सही समय पर चुनौती दी, और विपक्षी दबाव में आया।",सकारात्मक,फुटबॉल,2
"आज सर्विस करने वाले खिलाड़ी ने सर्विस पर नियंत्रण रखा, जिससे जीत की उम्मीद बढ़ी।",सकारात्मक,बैडमिंटन,2
"दबाव के बीच हमलावर ने अपनी जगह संभाली, और दोनों दल रणनीति पर काम करते रहे।",तटस्थ,फुटबॉल,1
"मुकाबले के इस चरण में स्थानापन्न खिलाड़ी ने अपनी जगह संभाली, और मुकाबला सामान्य गति से चलता रहा।",तटस्थ,फुटबॉल,1
"दबाव के बीच गेंदबाज ने बीच के ओवरों में दबाव बनाए रखा, जिससे वापसी सफल हुई।",सकारात्मक,क्रिकेट,2
"दबाव के बीच एकल खिलाड़ी ने अगले अंक की तैयारी की, जिसके बाद दोनों खिलाड़ी अपनी जगह लौटे।",तटस्थ,बैडमिंटन,1
"आज बल्लेबाज ने तेज प्रतिक्रिया से मौका बनाया, और दर्शकों में उत्साह फैल गया 😀।",सकारात्मक,क्रिकेट,2
"निर्णायक समय पर टीम प्रबंधन ने मोड़ पर नियंत्रण खोया, जिससे जीत की उम्मीद कमजोर हुई।",नकारात्मक,फॉर्मूला वन,0
"आज गेंदबाज ने क्रीज पर आया, जिसके बाद अगला ओवर शुरू हुआ।",तटस्थ,क्रिकेट,1
"आज रक्षक ने घेरा टूटने दिया, जिससे दल का आत्मविश्वास घटा।",नकारात्मक,कबड्डी,0
"मुकाबले के इस चरण में दौड़ दल ने तेज बदलाव किया, और प्रतिद्वंद्वी दबाव में आया।",सकारात्मक,फॉर्मूला वन,2
"निर्णायक समय पर टीम प्रबंधन ने अगले बदलाव की तैयारी की, और दौड़ आगे बढ़ी।",तटस्थ,फॉर्मूला वन,1
"दबाव के बीच निचला क्रम ने बीच के ओवरों में महंगा साबित हुआ, और मुकाबला हाथ से निकलने लगा।",नकारात्मक,क्रिकेट,0
"आज हमलावर ने आसान मौका गंवाया, जिससे गोल का अवसर चला गया।",नकारात्मक,फुटबॉल,0
"चालक ने अंतिम चरण में गति बढ़ाई, जिससे पोडियम की संभावना बढ़ी।",सकारात्मक,फॉर्मूला वन,2
"विंगर ने आक्रमण को रोक दिया, और जीत की उम्मीद बढ़ी।",सकारात्मक,फुटबॉल,2
"निर्णायक समय पर पिछली पंक्ति का खिलाड़ी ने कठिन शटल नहीं लौटा सका, जिससे आत्मविश्वास घटा।",नकारात्मक,बैडमिंटन,0
"निर्णायक समय पर एकल खिलाड़ी ने खाली जगह की ओर शटल भेजी, और अगला अंक खेला गया।",तटस्थ,बैडमिंटन,1
"आज चालक ने अपनी गति बनाए रखी, जिसके बाद अगला चक्कर शुरू हुआ।",तटस्थ,फॉर्मूला वन,1
"आज मध्य मैदान के खिलाड़ी ने दबाव नहीं बना सका, और विपक्षी को फायदा मिला।",नकारात्मक,फुटबॉल,0
"मुकाबले के इस चरण में पिट दल ने मोड़ पर नियंत्रण खोया, और प्रतिद्वंद्वी को फायदा मिला।",नकारात्मक,फॉर्मूला वन,0
"दबाव के बीच चालक ने अगले बदलाव की तैयारी की, और मुकाबला सामान्य गति से चला।",तटस्थ,फॉर्मूला वन,1
"रक्षा पंक्ति ने लगातार अंक गंवाता रहा, और रणनीति विफल रही।",नकारात्मक,कबड्डी,0
"मुकाबले के इस चरण में रक्षापंक्ति ने खिलाड़ियों के बीच गेंद घुमाई, जिसके बाद खिलाड़ी अपनी जगह लौटे।",तटस्थ,फुटबॉल,1
"दबाव के बीच कप्तान ने अपनी जगह बदली, और अगली गेंद खेली गई।",तटस्थ,क्रिकेट,1
"मुकाबले के इस चरण में सलामी जोड़ी ने जल्दी विकेट गंवा बैठा, और विपक्षी को बढ़त मिल गई।",नकारात्मक,क्रिकेट,0
"कप्तान ने मैदान में प्रवेश किया, और अगला आक्रमण शुरू हुआ।",तटस्थ,फुटबॉल,1
"मध्य मैदान के खिलाड़ी ने गेंद पर नियंत्रण रखा, और दर्शक खुशी से झूम उठे 😀।",सकारात्मक,फुटबॉल,2
"निर्णायक समय पर रेस दल ने तेज सेवा दी, और प्रशंसकों में उत्साह फैल गया 🏎️।",सकारात्मक,फॉर्मूला वन,2
"रक्षक ने निर्णायक अंक नहीं ले सका, और दर्शकों में निराशा फैल गई 😞।",नकारात्मक,कबड्डी,0
"आज निचला क्रम ने महत्वपूर्ण विकेट लिया, जिससे दल का आत्मविश्वास बढ़ा।",सकारात्मक,क्रिकेट,2
"दबाव के बीच रक्षक ने बोनस का मौका गंवाया, जिससे बढ़त कमजोर हुई।",नकारात्मक,कबड्डी,0
"निर्णायक समय पर पिछली पंक्ति का खिलाड़ी ने नेट के पास दबाव बनाया, जिससे निर्णायक अंक मिला।",सकारात्मक,बैडमिंटन,2
"दबाव के बीच कार ने देर से निर्णय लिया, जिससे पोडियम की संभावना घटी।",नकारात्मक,फॉर्मूला वन,0
"दबाव के बीच नेट खिलाड़ी ने सर्विस पर नियंत्रण रखा, जिससे आत्मविश्वास बढ़ा।",सकारात्मक,बैडमिंटन,2
"आज मध्य खिलाड़ी ने तालमेल बनाया, जिसके बाद अगली रेड शुरू हुई।",तटस्थ,कबड्डी,1
"दबाव के बीच बल्लेबाज ने बीच के ओवरों में महंगा साबित हुआ, जिससे वापसी कठिन हुई।",नकारात्मक,क्रिकेट,0
"मुकाबले के इस चरण में मध्य मैदान के खिलाड़ी ने सही समय पर चुनौती दी, और मुकाबला अपने पक्ष में झुक गया।",सकारात्मक,फुटबॉल,2
"मुकाबले के इस चरण में रक्षा पंक्ति ने घेरा टूटने दिया, जिससे वापसी कठिन हुई।",नकारात्मक,कबड्डी,0
"निर्णायक समय पर निर्णायक अंक पर खिलाड़ी ने कठिन शटल लौटा दी, जिससे बढ़त मजबूत हुई।",सकारात्मक,बैडमिंटन,2
"मुकाबले के इस चरण में आक्रामक दल ने सटीक पास दिया, और विपक्षी दबाव में आया।",सकारात्मक,फुटबॉल,2
"दबाव के बीच अंतिम रेडर ने बोनस का मौका गंवाया, और मुकाबला हाथ से निकलने लगा।",नकारात्मक,कबड्डी,0
"निर्णायक समय पर सहायक रक्षक ने अगली रेड की तैयारी की, जिसके बाद खिलाड़ी अपनी जगह लौटे।",तटस्थ,कबड्डी,1
"आज रक्षात्मक खिलाड़ी ने रणनीति पर चर्चा की, जिसके बाद दोनों खिलाड़ी अपनी जगह लौटे।",तटस्थ,बैडमिंटन,1
"दबाव के बीच नेट खिलाड़ी ने खाली जगह नहीं पहचान पाया, और वापसी का मौका कम हुआ।",नकारात्मक,बैडमिंटन,0
"आज बल्लेबाज ने पारी शुरू की, और मुकाबला सामान्य गति से चलता रहा।",तटस्थ,क्रिकेट,1
"दबाव के बीच कप्तान ने लंबी रैली जीती, जिससे आत्मविश्वास बढ़ा।",सकारात्मक,बैडमिंटन,2
"मुकाबले के इस चरण में रक्षात्मक खिलाड़ी ने अगला शॉट खेला, और अगला अंक खेला गया।",तटस्थ,बैडमिंटन,1
"आज सहायक रक्षक ने मजबूत घेरा बनाया, जिससे दल का आत्मविश्वास बढ़ा।",सकारात्मक,कबड्डी,2
"निर्णायक समय पर विंगर ने सही समय पर चुनौती नहीं दी, जिससे बढ़त कमजोर हुई।",नकारात्मक,फुटबॉल,0
"रेडर ने रेड शुरू की, जिसके बाद अगली रेड शुरू हुई।",तटस्थ,कबड्डी,1
"निर्णायक समय पर आक्रामक खिलाड़ी ने अगला शॉट खेला, और खेल आगे बढ़ा।",तटस्थ,बैडमिंटन,1
"निर्णायक समय पर रक्षक ने लगातार अंक जुटाए, और दर्शक खुशी से झूम उठे 😀।",सकारात्मक,कबड्डी,2
"दबाव के बीच क्षेत्ररक्षक ने महत्वपूर्ण गेंद रोक नहीं पाया, और दर्शकों में निराशा फैल गई 😞।",नकारात्मक,क्रिकेट,0
"आज कप्तान ने तालमेल खो दिया, जिससे आत्मविश्वास घटा।",नकारात्मक,फुटबॉल,0
"दबाव के बीच रक्षापंक्ति ने आसान मौका गंवाया, और दर्शकों में निराशा फैल गई 😞।",नकारात्मक,फुटबॉल,0
"मुकाबले के इस चरण में स्पिनर ने गेंद संभाली, और अगली गेंद खेली गई।",तटस्थ,क्रिकेट,1
"मुकाबले के इस चरण में गोलकीपर ने देर से बदलाव किया, जिससे वापसी कठिन हुई।",नकारात्मक,फुटबॉल,0
"दबाव के बीच मध्य क्षेत्र ने मैदान में प्रवेश किया, जिसके बाद गेंद फिर मध्य क्षेत्र में गई।",तटस्थ,फुटबॉल,1
"निर्णायक समय पर सहायक रक्षक ने अगला अंक खेला, जिसके बाद खिलाड़ी अपनी जगह लौटे।",तटस्थ,कबड्डी,1
"कप्तान ने अंतिम ओवरों में नियंत्रण खो बैठा, जिससे रन गति गिर गई।",नकारात्मक,क्रिकेट,0
"मुकाबले के इस चरण में कप्तान ने ढीली गेंदें डालता रहा, और विपक्षी को बढ़त मिल गई।",नकारात्मक,क्रिकेट,0
"दबाव के बीच सर्विस करने वाला खिलाड़ी ने रणनीति पर चर्चा की, और मुकाबला सामान्य गति से चला।",तटस्थ,बैडमिंटन,1
"मुख्य रेडर ने अगली रेड की तैयारी की, जिसके बाद अगली रेड शुरू हुई।",तटस्थ,कबड्डी,1
"आज विकेटकीपर ने तेज प्रतिक्रिया से मौका बनाया, जिससे रन गति सुधरी।",सकारात्मक,क्रिकेट,2
"आज नेट खिलाड़ी ने लंबी रैली जीती, और दर्शकों ने तालियां बजाईं 👏।",सकारात्मक,बैडमिंटन,2
"निर्णायक समय पर दौड़ दल ने सही रणनीति चुनी, और प्रशंसकों में उत्साह फैल गया 🏎️।",सकारात्मक,फॉर्मूला वन,2
"मुकाबले के इस चरण में मुख्य चालक ने अगले बदलाव की तैयारी की, जिसके बाद कार फिर ट्रैक पर आई।",तटस्थ,फॉर्मूला वन,1
"मध्य क्षेत्र ने आसान मौका गंवाया, जिससे वापसी कठिन हुई।",नकारात्मक,फुटबॉल,0
"मुकाबले के इस चरण में स्थानापन्न खिलाड़ी ने एक बदलाव किया, जिसके बाद गेंद फिर मध्य क्षेत्र में गई।",तटस्थ,फुटबॉल,1
"निर्णायक समय पर चालक ने तेज बदलाव किया, जिससे समय का लाभ मिला।",सकारात्मक,फॉर्मूला वन,2
"निर्णायक समय पर एकल खिलाड़ी ने रणनीति में सुधार नहीं कर सका, जिससे आत्मविश्वास घटा।",नकारात्मक,बैडमिंटन,0
"सहायक रक्षक ने अगली रेड की तैयारी की, और मुकाबला सामान्य गति से चला।",तटस्थ,कबड्डी,1
"कप्तान ने सफल रेड की, और विपक्षी दबाव में आया।",सकारात्मक,कबड्डी,2
"दबाव के बीच कार ने तेज बदलाव किया, और दल का मनोबल ऊंचा हुआ।",सकारात्मक,फॉर्मूला वन,2
"मुकाबले के इस चरण में हमलावर ने गेंद अपने पास रखी, जिसके बाद खिलाड़ी अपनी जगह लौटे।",तटस्थ,फुटबॉल,1
"आज दौड़ दल ने तेज बदलाव किया, जिससे जीत की उम्मीद बढ़ी।",सकारात्मक,फॉर्मूला वन,2
"निर्णायक समय पर खिलाड़ी ने शटल आगे भेजी, और खेल आगे बढ़ा।",तटस्थ,बैडमिंटन,1
"मुकाबले के इस चरण में अंतिम रेडर ने अगली रेड की तैयारी की, और दोनों दल अगली चाल की तैयारी करने लगे।",तटस्थ,कबड्डी,1
"निर्णायक समय पर रेडर ने बिना अंक लौट आया, और मुकाबला हाथ से निकलने लगा।",नकारात्मक,कबड्डी,0
"दबाव के बीच सलामी जोड़ी ने समय पर रणनीति बदली, जिससे जीत की उम्मीद मजबूत हुई।",सकारात्मक,क्रिकेट,2
"निर्णायक समय पर स्पिनर ने बीच के ओवरों में दबाव बनाए रखा, और दर्शकों में उत्साह फैल गया 😀।",सकारात्मक,क्रिकेट,2
"दबाव के बीच निर्णायक अंक पर खिलाड़ी ने बचाव में चूक गया, और दर्शकों में निराशा फैल गई 😞।",नकारात्मक,बैडमिंटन,0
"निर्णायक समय पर पिट दल ने एक चक्कर पूरा किया, जिसके बाद अगला चक्कर शुरू हुआ।",तटस्थ,फॉर्मूला वन,1
"इंजीनियर ने टायरों का गलत उपयोग किया, जिससे जीत की उम्मीद कमजोर हुई।",नकारात्मक,फॉर्मूला वन,0
"निर्णायक अंक पर खिलाड़ी ने देर से प्रतिक्रिया दी, और मुकाबला विपक्षी की ओर झुका।",नकारात्मक,बैडमिंटन,0
"आज नेट खिलाड़ी ने रैली जारी रखी, और मुकाबला सामान्य गति से चला।",तटस्थ,बैडमिंटन,1
"विकेटकीपर ने सटीक गेंदबाजी की, जिससे दल का आत्मविश्वास बढ़ा।",सकारात्मक,क्रिकेट,2
"निर्णायक समय पर रेस दल ने अपनी गति बनाए रखी, जिसके बाद कार फिर ट्रैक पर आई।",तटस्थ,फॉर्मूला वन,1
"निर्णायक समय पर गोलकीपर ने पास आगे बढ़ाया, और मुकाबला सामान्य गति से चलता रहा।",तटस्थ,फुटबॉल,1
"आज दौड़ दल ने गलत रणनीति चुनी, जिससे पोडियम की संभावना घटी।",नकारात्मक,फॉर्मूला वन,0
"दबाव के बीच अंतिम रेडर ने रेड शुरू की, जिसके बाद अगली रेड शुरू हुई।",तटस्थ,कबड्डी,1
"निर्णायक समय पर इंजीनियर ने टायरों का गलत उपयोग किया, और दल का मनोबल गिरा।",नकारात्मक,फॉर्मूला वन,0
"मुकाबले के इस चरण में निचला क्रम ने तेज प्रतिक्रिया से मौका बनाया, जिससे रन गति सुधरी।",सकारात्मक,क्रिकेट,2
"इंजीनियर ने मोड़ पर नियंत्रण खोया, जिससे पोडियम की संभावना घटी।",नकारात्मक,फॉर्मूला वन,0
"चालक ने टायर बदलने में देरी की, जिससे पोडियम की संभावना घटी।",नकारात्मक,फॉर्मूला वन,0
"निर्णायक समय पर गोलकीपर ने कठिन बचाव किया, और दर्शक खुशी से झूम उठे 😀।",सकारात्मक,फुटबॉल,2
"रक्षात्मक खिलाड़ी ने खाली जगह की ओर शटल भेजी, और अगला अंक खेला गया।",तटस्थ,बैडमिंटन,1
"निर्णायक समय पर एकल खिलाड़ी ने रणनीति पर चर्चा की, और अगला अंक खेला गया।",तटस्थ,बैडमिंटन,1
"मुकाबले के इस चरण में चालक ने ओवरटेक का मौका गंवाया, और दल का मनोबल गिरा।",नकारात्मक,फॉर्मूला वन,0
"दबाव के बीच रक्षात्मक खिलाड़ी ने गलत समय पर आक्रमण किया, और वापसी का मौका कम हुआ।",नकारात्मक,बैडमिंटन,0
"दबाव के बीच स्थानापन्न खिलाड़ी ने मैदान में प्रवेश किया, और अगला आक्रमण शुरू हुआ।",तटस्थ,फुटबॉल,1
"आज मध्यक्रम ने संयम से पारी संभाली, और दर्शकों में उत्साह फैल गया 😀।",सकारात्मक,क्रिकेट,2
"मुकाबले के इस चरण में पिछली पंक्ति का खिलाड़ी ने सर्विस पर नियंत्रण रखा, जिससे आत्मविश्वास बढ़ा।",सकारात्मक,बैडमिंटन,2
"निर्णायक समय पर बल्लेबाज ने सटीक गेंदबाजी की, और रणनीति कामयाब रही।",सकारात्मक,क्रिकेट,2
"मुकाबले के इस चरण में आक्रामक खिलाड़ी ने नेट पर शटल रोकी, और मुकाबला सामान्य गति से चला।",तटस्थ,बैडमिंटन,1
"गोलकीपर ने खिलाड़ियों के बीच गेंद घुमाई, जिसके बाद खिलाड़ी अपनी जगह लौटे।",तटस्थ,फुटबॉल,1
"पिट दल ने मोड़ पर नियंत्रण रखा, जिससे पोडियम की संभावना बढ़ी।",सकारात्मक,फॉर्मूला वन,2
"निर्णायक समय पर स्पिनर ने मजबूत साझेदारी बनाई, जिससे वापसी सफल हुई।",सकारात्मक,क्रिकेट,2
"निर्णायक समय पर सलामी जोड़ी ने गेंद संभाली, और मुकाबला सामान्य गति से चलता रहा।",तटस्थ,क्रिकेट,1
"दबाव के बीच पिट दल ने गलत रणनीति चुनी, जिससे स्थान गिरा।",नकारात्मक,फॉर्मूला वन,0
"निर्णायक समय पर मध्यक्रम ने जरूरी विकेट नहीं ले सका, और मुकाबला हाथ से निकलने लगा।",नकारात्मक,क्रिकेट,0
"आज मुख्य रेडर ने रेडर को घेरने की कोशिश की, और दोनों दल अगली चाल की तैयारी करने लगे।",तटस्थ,कबड्डी,1
"निर्णायक समय पर स्थानापन्न खिलाड़ी ने शानदार गोल किया, जिससे वापसी सफल हुई।",सकारात्मक,फुटबॉल,2
"आज कार ने तालमेल नहीं बना पाया, और प्रतिद्वंद्वी को फायदा मिला।",नकारात्मक,फॉर्मूला वन,0
"तेज गेंदबाज ने बीच के ओवरों में महंगा साबित हुआ, जिससे वापसी कठिन हुई।",नकारात्मक,क्रिकेट,0
"आज क्षेत्ररक्षक ने अंतिम ओवरों में नियंत्रण खो बैठा, और विपक्षी को बढ़त मिल गई।",नकारात्मक,क्रिकेट,0
"कप्तान ने अगली गेंद का सामना किया, जिसके बाद खेल आगे बढ़ा।",तटस्थ,क्रिकेट,1
"दबाव के बीच रक्षक ने बचाव में चूक गया, जिससे गोल का अवसर चला गया।",नकारात्मक,फुटबॉल,0
"आज खिलाड़ी ने सटीक स्मैश लगाया, और प्रतिद्वंद्वी दबाव में आया।",सकारात्मक,बैडमिंटन,2
"दबाव के बीच मध्यक्रम ने जरूरी विकेट नहीं ले सका, और रणनीति विफल रही।",नकारात्मक,क्रिकेट,0
"मुकाबले के इस चरण में रेस दल ने दौड़ की योजना पर काम किया, जिसके बाद अगला चक्कर शुरू हुआ।",तटस्थ,फॉर्मूला वन,1
"निर्णायक समय पर युगल जोड़ी ने गलत समय पर आक्रमण किया, और प्रतिद्वंद्वी दबाव में नहीं आया।",नकारात्मक,बैडमिंटन,0
"आज विकेटकीपर ने क्षेत्ररक्षण में बदलाव किया, और पारी अपने क्रम में आगे बढ़ी।",तटस्थ,क्रिकेट,1
"निर्णायक समय पर स्थानापन्न खिलाड़ी ने गलत पास दिया, जिससे वापसी कठिन हुई।",नकारात्मक,फुटबॉल,0
"निर्णायक समय पर एकल खिलाड़ी ने रणनीति पर चर्चा की, जिसके बाद सर्विस बदली गई।",तटस्थ,बैडमिंटन,1
"निर्णायक समय पर विंगर ने मैदान में प्रवेश किया, जिसके बाद खिलाड़ी अपनी जगह लौटे।",तटस्थ,फुटबॉल,1
"सर्विस करने वाला खिलाड़ी ने रणनीति पर चर्चा की, जिसके बाद अगली रैली शुरू हुई।",तटस्थ,बैडमिंटन,1
"आज कप्तान ने गलत समय पर आक्रमण किया, जिससे जीत कठिन हुई।",नकारात्मक,बैडमिंटन,0
"मुकाबले के इस चरण में इंजीनियर ने आंकड़ों की समीक्षा की, और मुकाबला सामान्य गति से चला।",तटस्थ,फॉर्मूला वन,1
"आज पिछली पंक्ति का खिलाड़ी ने खाली जगह पहचानी, और प्रतिद्वंद्वी दबाव में आया।",सकारात्मक,बैडमिंटन,2
"मुकाबले के इस चरण में कप्तान ने बीच के ओवरों में महंगा साबित हुआ, और मुकाबला हाथ से निकलने लगा।",नकारात्मक,क्रिकेट,0
"आज सर्विस करने वाला खिलाड़ी ने शटल आगे भेजी, और अगला अंक खेला गया।",तटस्थ,बैडमिंटन,1
"दबाव के बीच क्षेत्ररक्षक ने देर से रणनीति बदली, और दर्शकों में निराशा फैल गई 😞।",नकारात्मक,क्रिकेट,0
"आज रक्षापंक्ति ने गेंद खो दी, और दर्शकों में निराशा फैल गई 😞।",नकारात्मक,फुटबॉल,0
"आज मध्य मैदान के खिलाड़ी ने दबाव नहीं बना सका, और मुकाबला हाथ से निकलने लगा।",नकारात्मक,फुटबॉल,0
"मध्य मैदान के खिलाड़ी ने लगातार दबाव बनाया, जिससे गोल का अवसर बना।",सकारात्मक,फुटबॉल,2
"आज गेंदबाज ने सटीक गेंदबाजी की, और मुकाबला अपने पक्ष में झुक गया।",सकारात्मक,क्रिकेट,2
"बल्लेबाज ने अगली गेंद का सामना किया, और मुकाबला सामान्य गति से चलता रहा।",तटस्थ,क्रिकेट,1
"कप्तान ने मजबूत घेरा बनाया, और जीत की उम्मीद बढ़ी।",सकारात्मक,कबड्डी,2
"मुकाबले के इस चरण में कप्तान ने एक ओवर पूरा किया, और अगली गेंद खेली गई।",तटस्थ,क्रिकेट,1
"मुकाबले के इस चरण में सहायक रक्षक ने घेरा टूटने दिया, और विपक्षी दबाव में नहीं आया।",नकारात्मक,कबड्डी,0
"दबाव के बीच खिलाड़ी ने तेज प्रतिक्रिया दिखाई, और वापसी सफल हुई।",सकारात्मक,बैडमिंटन,2
"आज हमलावर ने मैदान पर आने के बाद असर नहीं डाल सका, जिससे बढ़त कमजोर हुई।",नकारात्मक,फुटबॉल,0
"आज स्थानापन्न खिलाड़ी ने शानदार गोल किया, और विपक्षी दबाव में आया।",सकारात्मक,फुटबॉल,2
"आज टायर दल ने अगले बदलाव की तैयारी की, जिसके बाद अगला चरण शुरू हुआ।",तटस्थ,फॉर्मूला वन,1
"निर्णायक अंक पर खिलाड़ी ने तेज प्रतिक्रिया दिखाई, और प्रतिद्वंद्वी दबाव में आया।",सकारात्मक,बैडमिंटन,2
"दबाव के बीच दौड़ दल ने अपनी गति बनाए रखी, जिसके बाद अगला चरण शुरू हुआ।",तटस्थ,फॉर्मूला वन,1
"मुकाबले के इस चरण में रक्षात्मक खिलाड़ी ने खाली जगह की ओर शटल भेजी, और खेल आगे बढ़ा।",तटस्थ,बैडमिंटन,1
"मुकाबले के इस चरण में कप्तान ने एक बदलाव किया, और अगला आक्रमण शुरू हुआ।",तटस्थ,फुटबॉल,1
"दबाव के बीच मध्यक्रम ने ढीली गेंदें डालता रहा, जिससे रन गति गिर गई।",नकारात्मक,क्रिकेट,0
"मुकाबले के इस चरण में स्पिनर ने गेंद संभाली, और मुकाबला सामान्य गति से चलता रहा।",तटस्थ,क्रिकेट,1
"युगल जोड़ी ने अगला शॉट खेला, और खेल आगे बढ़ा।",तटस्थ,बैडमिंटन,1
"आज कप्तान ने अगला अंक खेला, और दोनों दल अगली चाल की तैयारी करने लगे।",तटस्थ,कबड्डी,1
"कप्तान ने अगला ओवर शुरू किया, और अगली गेंद खेली गई।",तटस्थ,क्रिकेट,1
"मुकाबले के इस चरण में विकेटकीपर ने देर से रणनीति बदली, जिससे जीत की संभावना कमजोर हुई।",नकारात्मक,क्रिकेट,0
"दबाव के बीच मध्य मैदान के खिलाड़ी ने मैदान में प्रवेश किया, और दोनों दल रणनीति पर काम करते रहे।",तटस्थ,फुटबॉल,1
"निर्णायक समय पर निचला क्रम ने दबाव में सही शॉट चुना, जिससे रन गति सुधरी।",सकारात्मक,क्रिकेट,2
"मध्य खिलाड़ी ने बोनस का मौका गंवाया, जिससे दल का आत्मविश्वास घटा।",नकारात्मक,कबड्डी,0
"मुकाबले के इस चरण में हमलावर ने तालमेल खो दिया, जिससे गोल का अवसर चला गया।",नकारात्मक,फुटबॉल,0
"निर्णायक समय पर कप्तान ने सर्विस पर नियंत्रण रखा, और प्रतिद्वंद्वी दबाव में आया।",सकारात्मक,बैडमिंटन,2
"आज विकेटकीपर ने गेंद संभाली, जिसके बाद खेल आगे बढ़ा।",तटस्थ,क्रिकेट,1
"निर्णायक समय पर बल्लेबाज ने पारी शुरू की, जिसके बाद अगला ओवर शुरू हुआ।",तटस्थ,क्रिकेट,1
"मुकाबले के इस चरण में सलामी जोड़ी ने पारी शुरू की, और पारी अपने क्रम में आगे बढ़ी।",तटस्थ,क्रिकेट,1
"मुकाबले के इस चरण में मध्य खिलाड़ी ने निर्देश दिया, जिसके बाद अगला अंक खेला गया।",तटस्थ,कबड्डी,1
"निर्णायक समय पर युगल जोड़ी ने बचाव की स्थिति ली, और खेल आगे बढ़ा।",तटस्थ,बैडमिंटन,1
"आज सहायक रक्षक ने मैदान पर आते ही असर डाला, और विपक्षी दबाव में आया।",सकारात्मक,कबड्डी,2
"आज दौड़ दल ने टायरों का गलत उपयोग किया, जिससे समय का नुकसान हुआ।",नकारात्मक,फॉर्मूला वन,0
"आज नेट खिलाड़ी ने कठिन शटल नहीं लौटा सका, जिससे जीत कठिन हुई।",नकारात्मक,बैडमिंटन,0
"निर्णायक समय पर पिट दल ने सही रणनीति चुनी, जिससे समय का लाभ मिला।",सकारात्मक,फॉर्मूला वन,2
"निर्णायक समय पर स्थानापन्न खिलाड़ी ने रेडर को रोक नहीं पाया, जिससे जरूरी अंक गंवा।",नकारात्मक,कबड्डी,0
"दबाव के बीच पिछली पंक्ति का खिलाड़ी ने कठिन शटल लौटा दी, और मुकाबला अपने पक्ष में झुका।",सकारात्मक,बैडमिंटन,2
"मुकाबले के इस चरण में टीम प्रबंधन ने अंतिम चरण में गति बढ़ाई, जिससे समय का लाभ मिला।",सकारात्मक,फॉर्मूला वन,2
"दबाव के बीच सहायक रक्षक ने मजबूत घेरा बनाया, और दर्शक खुशी से झूम उठे 😀।",सकारात्मक,कबड्डी,2
"मुकाबले के इस चरण में स्पिनर ने सटीक गेंदबाजी की, और मुकाबला अपने पक्ष में झुक गया।",सकारात्मक,क्रिकेट,2
"आज टीम प्रबंधन ने टायरों का गलत उपयोग किया, और दल का मनोबल गिरा।",नकारात्मक,फॉर्मूला वन,0
"मुकाबले के इस चरण में एकल खिलाड़ी ने रणनीति पर चर्चा की, जिसके बाद दोनों खिलाड़ी अपनी जगह लौटे।",तटस्थ,बैडमिंटन,1
"आज रेडर ने समय पर बदलाव किया, और दर्शक खुशी से झूम उठे 😀।",सकारात्मक,कबड्डी,2
"टीम प्रबंधन ने अंतिम चरण में गति नहीं बढ़ा सका, और दल का मनोबल गिरा।",नकारात्मक,फॉर्मूला वन,0
"आज इंजीनियर ने तेज सेवा दी, और दौड़ का रुख बदला।",सकारात्मक,फॉर्मूला वन,2
"दबाव के बीच रक्षा पंक्ति ने अपनी जगह संभाली, और मुकाबला सामान्य गति से चला।",तटस्थ,कबड्डी,1
"दबाव के बीच सलामी जोड़ी ने ढीली गेंदें डालता रहा, और दर्शकों में निराशा फैल गई 😞।",नकारात्मक,क्रिकेट,0
"मुकाबले के इस चरण में रक्षक ने निर्देश दिया, जिसके बाद अगला अंक खेला गया।",तटस्थ,कबड्डी,1
"दबाव के बीच गोलकीपर ने दबाव नहीं बना सका, और विपक्षी को फायदा मिला।",नकारात्मक,फुटबॉल,0
"निर्णायक समय पर पिछली पंक्ति का खिलाड़ी ने रणनीति पर चर्चा की, जिसके बाद दोनों खिलाड़ी अपनी जगह लौटे।",तटस्थ,बैडमिंटन,1
"नेट खिलाड़ी ने सही समय पर आक्रमण किया, और मुकाबला अपने पक्ष में झुका।",सकारात्मक,बैडमिंटन,2
"निर्णायक समय पर तेज गेंदबाज ने अगला ओवर शुरू किया, और अगली गेंद खेली गई।",तटस्थ,क्रिकेट,1
"दबाव के बीच एकल खिलाड़ी ने देर से प्रतिक्रिया दी, और प्रतिद्वंद्वी दबाव में नहीं आया।",नकारात्मक,बैडमिंटन,0
"दबाव के बीच मध्य मैदान के खिलाड़ी ने मैदान पर आते ही असर डाला, और दर्शक खुशी से झूम उठे 😀।",सकारात्मक,फुटबॉल,2
"दबाव के बीच सहायक रक्षक ने निर्णायक अंक लिया, और विपक्षी दबाव में आया।",सकारात्मक,कबड्डी,2
"दौड़ दल ने टायरों का गलत उपयोग किया, और दल का मनोबल गिरा।",नकारात्मक,फॉर्मूला वन,0
"मुकाबले के इस चरण में कप्तान ने मजबूत घेरा बनाया, और दर्शक खुशी से झूम उठे 😀।",सकारात्मक,कबड्डी,2
"टीम प्रबंधन ने टायर बदले, और चालक ने अपनी स्थिति बनाए रखी।",तटस्थ,फॉर्मूला वन,1
"निर्णायक समय पर क्षेत्ररक्षक ने महत्वपूर्ण विकेट लिया, और मुकाबला अपने पक्ष में झुक गया।",सकारात्मक,क्रिकेट,2
"निर्णायक समय पर मध्यक्रम ने महत्वपूर्ण विकेट लिया, जिससे रन गति सुधरी।",सकारात्मक,क्रिकेट,2
"मुकाबले के इस चरण में रक्षक ने देर से बदलाव किया, जिससे बढ़त कमजोर हुई।",नकारात्मक,फुटबॉल,0
"दबाव के बीच गोलकीपर ने सटीक पास दिया, और मुकाबला अपने पक्ष में झुक गया।",सकारात्मक,फुटबॉल,2
"आक्रामक खिलाड़ी ने पीछे से प्रहार किया, और खेल आगे बढ़ा।",तटस्थ,बैडमिंटन,1
"मुकाबले के इस चरण में दल ने निर्णायक अंक लिया, जिससे बढ़त मजबूत हुई।",सकारात्मक,कबड्डी,2
"निर्णायक समय पर पिछली पंक्ति का खिलाड़ी ने मजबूत बचाव किया, और वापसी सफल हुई।",सकारात्मक,बैडमिंटन,2
"मुकाबले के इस चरण में रक्षक ने रक्षा की स्थिति बनाई, जिसके बाद अगली रेड शुरू हुई।",तटस्थ,कबड्डी,1
"आज सर्विस करने वाला खिलाड़ी ने अगले अंक की तैयारी की, जिसके बाद सर्विस बदली गई।",तटस्थ,बैडमिंटन,1
"मुकाबले के इस चरण में गेंदबाज ने अगली गेंद का सामना किया, और पारी अपने क्रम में आगे बढ़ी।",तटस्थ,क्रिकेट,1
"दबाव के बीच निर्णायक अंक पर खिलाड़ी ने अगला शॉट खेला, जिसके बाद अगली रैली शुरू हुई।",तटस्थ,बैडमिंटन,1
"आज सर्विस करने वाले खिलाड़ी ने सटीक स्मैश लगाया, और प्रतिद्वंद्वी दबाव में आया।",सकारात्मक,बैडमिंटन,2
"आज एकल खिलाड़ी ने अगले अंक की तैयारी की, और खेल आगे बढ़ा।",तटस्थ,बैडमिंटन,1
"मुकाबले के इस चरण में रेस दल ने दबाव में गलती की, और दौड़ का रुख बिगड़ा।",नकारात्मक,फॉर्मूला वन,0
"आज रेडर ने मैदान पर आने के बाद असर नहीं डाल सका, जिससे वापसी कठिन हुई।",नकारात्मक,कबड्डी,0
"निर्णायक समय पर कप्तान ने जल्दी विकेट गंवा बैठा, और रणनीति विफल रही।",नकारात्मक,क्रिकेट,0
"दबाव के बीच मध्यक्रम ने कुछ रन जोड़े, और मुकाबला सामान्य गति से चलता रहा।",तटस्थ,क्रिकेट,1
"दबाव के बीच गेंदबाज ने तेज प्रतिक्रिया से मौका बनाया, जिससे जीत की उम्मीद मजबूत हुई।",सकारात्मक,क्रिकेट,2
"कप्तान ने तालमेल खो दिया, जिससे बढ़त कमजोर हुई।",नकारात्मक,फुटबॉल,0
"मुकाबले के इस चरण में मध्य क्षेत्र ने बचाव में चूक गया, और मुकाबला हाथ से निकलने लगा।",नकारात्मक,फुटबॉल,0
"दबाव के बीच रक्षक ने निर्देश दिया, और खेल आगे बढ़ा।",तटस्थ,कबड्डी,1
"मुकाबले के इस चरण में नेट खिलाड़ी ने कठिन शटल नहीं लौटा सका, और दर्शकों में निराशा फैल गई 😞।",नकारात्मक,बैडमिंटन,0
"आज स्पिनर ने साझेदारी नहीं बना सका, और विपक्षी को बढ़त मिल गई।",नकारात्मक,क्रिकेट,0
"मुकाबले के इस चरण में एकल खिलाड़ी ने लंबी रैली जीती, जिससे आत्मविश्वास बढ़ा।",सकारात्मक,बैडमिंटन,2
"मुकाबले के इस चरण में गेंदबाज ने तेज प्रतिक्रिया से मौका बनाया, और दर्शकों में उत्साह फैल गया 😀।",सकारात्मक,क्रिकेट,2
"मुकाबले के इस चरण में रेडर ने देर से बदलाव किया, और मुकाबला हाथ से निकलने लगा।",नकारात्मक,कबड्डी,0
"स्थानापन्न खिलाड़ी ने देर से बदलाव किया, जिससे बढ़त कमजोर हुई।",नकारात्मक,फुटबॉल,0
"मुकाबले के इस चरण में कार ने लगातार अच्छा तालमेल रखा, जिससे समय का लाभ मिला।",सकारात्मक,फॉर्मूला वन,2
"दबाव के बीच नेट खिलाड़ी ने कठिन शटल नहीं लौटा सका, और वापसी का मौका कम हुआ।",नकारात्मक,बैडमिंटन,0
"निर्णायक समय पर स्थानापन्न खिलाड़ी ने तेज तालमेल दिखाया, जिससे वापसी सफल हुई।",सकारात्मक,फुटबॉल,2
"रेस दल ने टायर बदलने में देरी की, जिससे समय का नुकसान हुआ।",नकारात्मक,फॉर्मूला वन,0
"निर्णायक अंक पर खिलाड़ी ने खाली जगह पहचानी, और मुकाबला अपने पक्ष में झुका।",सकारात्मक,बैडमिंटन,2
"रक्षक ने अगली रेड की तैयारी की, जिसके बाद अगली रेड शुरू हुई।",तटस्थ,कबड्डी,1
"दबाव के बीच कप्तान ने संयम से पारी संभाली, जिससे जीत की उम्मीद मजबूत हुई।",सकारात्मक,क्रिकेट,2
"निर्णायक समय पर कार ने तेज बदलाव किया, और दौड़ का रुख बदला।",सकारात्मक,फॉर्मूला वन,2
"आज रक्षात्मक खिलाड़ी ने लंबी रैली गंवा बैठा, जिससे जीत कठिन हुई।",नकारात्मक,बैडमिंटन,0
"मुख्य रेडर ने मैदान पर आने के बाद असर नहीं डाल सका, और विपक्षी दबाव में नहीं आया।",नकारात्मक,कबड्डी,0
"निर्णायक समय पर सर्विस करने वाला खिलाड़ी ने पीछे से प्रहार किया, और खेल आगे बढ़ा।",तटस्थ,बैडमिंटन,1
"आज मध्य क्षेत्र ने कठिन बचाव किया, जिससे बढ़त मजबूत हुई।",सकारात्मक,फुटबॉल,2
"मुकाबले के इस चरण में सलामी जोड़ी ने ढीली गेंदें डालता रहा, जिससे वापसी कठिन हुई।",नकारात्मक,क्रिकेट,0
"निर्णायक समय पर मध्यक्रम ने संयम से पारी संभाली, जिससे वापसी सफल हुई।",सकारात्मक,क्रिकेट,2
"निर्णायक समय पर कप्तान ने तालमेल खो दिया, जिससे बढ़त कमजोर हुई।",नकारात्मक,फुटबॉल,0
"आज एकल खिलाड़ी ने तेज प्रतिक्रिया दिखाई, और मुकाबला अपने पक्ष में झुका।",सकारात्मक,बैडमिंटन,2
"दबाव के बीच विकेटकीपर ने कठिन गेंदों पर नियंत्रण रखा, और रणनीति कामयाब रही।",सकारात्मक,क्रिकेट,2
"मुकाबले के इस चरण में क्षेत्ररक्षक ने मजबूत साझेदारी बनाई, और मुकाबला अपने पक्ष में झुक गया।",सकारात्मक,क्रिकेट,2
"तेज गेंदबाज ने साझेदारी नहीं बना सका, जिससे रन गति गिर गई।",नकारात्मक,क्रिकेट,0
"मुकाबले के इस चरण में गेंदबाज ने दबाव में गलत शॉट चुना, जिससे दल का आत्मविश्वास घटा।",नकारात्मक,क्रिकेट,0
"मुकाबले के इस चरण में मध्य खिलाड़ी ने समय पर बदलाव किया, और मुकाबला अपने पक्ष में झुका।",सकारात्मक,कबड्डी,2
"आज सहायक रक्षक ने सफल रेड की, और विपक्षी दबाव में आया।",सकारात्मक,कबड्डी,2
"सलामी जोड़ी ने तेज प्रतिक्रिया से मौका बनाया, और मुकाबला अपने पक्ष में झुक गया।",सकारात्मक,क्रिकेट,2
"मुकाबले के इस चरण में रक्षक ने रेडर को रोक नहीं पाया, और रणनीति विफल रही।",नकारात्मक,कबड्डी,0
"निर्णायक समय पर सलामी जोड़ी ने आसान मौका गंवा बैठा, जिससे रन गति गिर गई।",नकारात्मक,क्रिकेट,0
"मुकाबले के इस चरण में नेट खिलाड़ी ने रणनीति पर चर्चा की, जिसके बाद दोनों खिलाड़ी अपनी जगह लौटे।",तटस्थ,बैडमिंटन,1
"निर्णायक समय पर रक्षक ने समय पर बदलाव किया, जिससे वापसी सफल हुई।",सकारात्मक,फुटबॉल,2
"मुकाबले के इस चरण में मुख्य चालक ने टायर बदलने में देरी की, जिससे जीत की उम्मीद कमजोर हुई।",नकारात्मक,फॉर्मूला वन,0
"दबाव के बीच कप्तान ने रणनीति में अच्छा बदलाव किया, जिससे आत्मविश्वास बढ़ा।",सकारात्मक,बैडमिंटन,2
"दबाव के बीच निर्णायक अंक पर खिलाड़ी ने नेट के पास अंक गंवा दिया, और दर्शकों में निराशा फैल गई 😞।",नकारात्मक,बैडमिंटन,0
"मुख्य चालक ने अंतिम चरण में गति बढ़ाई, और दौड़ का रुख बदला।",सकारात्मक,फॉर्मूला वन,2
"मुकाबले के इस चरण में आक्रामक दल ने गोल की ओर गेंद भेजी, और दोनों दल रणनीति पर काम करते रहे।",तटस्थ,फुटबॉल,1
"मुकाबले के इस चरण में गेंदबाज ने क्रीज पर आया, जिसके बाद खेल आगे बढ़ा।",तटस्थ,क्रिकेट,1
"मुकाबले के इस चरण में युगल जोड़ी ने बचाव में चूक गया, और मुकाबला विपक्षी की ओर झुका।",नकारात्मक,बैडमिंटन,0
"दबाव के बीच पिट दल ने सही रणनीति चुनी, और दौड़ का रुख बदला।",सकारात्मक,फॉर्मूला वन,2
"मुकाबले के इस चरण में आक्रामक खिलाड़ी ने खाली जगह पहचानी, और वापसी सफल हुई।",सकारात्मक,बैडमिंटन,2
"मुकाबले के इस चरण में मुख्य चालक ने मोड़ पार किया, जिसके बाद कार फिर ट्रैक पर आई।",तटस्थ,फॉर्मूला वन,1
"सर्विस करने वाला खिलाड़ी ने अगले अंक की तैयारी की, जिसके बाद सर्विस बदली गई।",तटस्थ,बैडमिंटन,1
"निर्णायक समय पर खिलाड़ी ने रणनीति में सुधार नहीं कर सका, और प्रतिद्वंद्वी दबाव में नहीं आया।",नकारात्मक,बैडमिंटन,0
"आज टीम प्रबंधन ने अंतिम चरण में गति बढ़ाई, जिससे जीत की उम्मीद बढ़ी।",सकारात्मक,फॉर्मूला वन,2
"मुकाबले के इस चरण में रक्षापंक्ति ने सही समय पर चुनौती दी, और मुकाबला अपने पक्ष में झुक गया।",सकारात्मक,फुटबॉल,2
"दबाव के बीच खिलाड़ी ने कठिन शटल नहीं लौटा सका, और दर्शकों में निराशा फैल गई 😞।",नकारात्मक,बैडमिंटन,0
"मुकाबले के इस चरण में निचला क्रम ने जल्दी विकेट गंवा बैठा, और दर्शकों में निराशा फैल गई 😞।",नकारात्मक,क्रिकेट,0
"विकेटकीपर ने दबाव में सही शॉट चुना, और रणनीति कामयाब रही।",सकारात्मक,क्रिकेट,2
"दल ने रेड शुरू की, और खेल आगे बढ़ा।",तटस्थ,कबड्डी,1
"आज निचला क्रम ने कठिन गेंदों पर नियंत्रण रखा, और मुकाबला अपने पक्ष में झुक गया।",सकारात्मक,क्रिकेट,2
"मुकाबले के इस चरण में निर्णायक अंक पर खिलाड़ी ने सर्विस पर नियंत्रण रखा, और मुकाबला अपने पक्ष में झुका।",सकारात्मक,बैडमिंटन,2
"दबाव के बीच स्पिनर ने आसान मौका गंवा बैठा, जिससे रन गति गिर गई।",नकारात्मक,क्रिकेट,0
"मुकाबले के इस चरण में टायर दल ने दबाव में गलती की, जिससे जीत की उम्मीद कमजोर हुई।",नकारात्मक,फॉर्मूला वन,0
"कप्तान ने लंबी रैली गंवा बैठा, जिससे निर्णायक अंक हाथ से गया।",नकारात्मक,बैडमिंटन,0
"निर्णायक समय पर रेस दल ने रणनीति पर चर्चा की, और मुकाबला सामान्य गति से चला।",तटस्थ,फॉर्मूला वन,1
"मुकाबले के इस चरण में आक्रामक दल ने गेंद अपने पास रखी, और दोनों दल रणनीति पर काम करते रहे।",तटस्थ,फुटबॉल,1
"सर्विस करने वाले खिलाड़ी ने सटीक स्मैश लगाया, और वापसी सफल हुई।",सकारात्मक,बैडमिंटन,2
"मुकाबले के इस चरण में निर्णायक अंक पर खिलाड़ी ने सर्विस पर नियंत्रण रखा, और वापसी सफल हुई।",सकारात्मक,बैडमिंटन,2
"मुकाबले के इस चरण में नेट खिलाड़ी ने रणनीति में अच्छा बदलाव किया, और वापसी सफल हुई।",सकारात्मक,बैडमिंटन,2
"मुकाबले के इस चरण में कार ने तेज सेवा दी, जिससे स्थान सुधरा।",सकारात्मक,फॉर्मूला वन,2
"दबाव के बीच स्पिनर ने गेंद संभाली, और पारी अपने क्रम में आगे बढ़ी।",तटस्थ,क्रिकेट,1
"मुकाबले के इस चरण में कप्तान ने गलत पास दिया, और दर्शकों में निराशा फैल गई 😞।",नकारात्मक,फुटबॉल,0
"निर्णायक समय पर मध्य मैदान के खिलाड़ी ने सटीक पास दिया, और मुकाबला अपने पक्ष में झुक गया।",सकारात्मक,फुटबॉल,2
"दबाव के बीच कप्तान ने नेट के पास अंक गंवा दिया, और दर्शकों में निराशा फैल गई 😞।",नकारात्मक,बैडमिंटन,0
"मुकाबले के इस चरण में क्षेत्ररक्षक ने संयम से पारी संभाली, जिससे दल का आत्मविश्वास बढ़ा।",सकारात्मक,क्रिकेट,2
"आज रक्षक ने विपक्षी क्षेत्र की ओर बढ़ा, जिसके बाद अगली रेड शुरू हुई।",तटस्थ,कबड्डी,1
"आज निर्णायक अंक पर खिलाड़ी ने खाली जगह पहचानी, जिससे निर्णायक अंक मिला।",सकारात्मक,बैडमिंटन,2
"दबाव के बीच आक्रामक दल ने समय पर बदलाव किया, जिससे बढ़त मजबूत हुई।",सकारात्मक,फुटबॉल,2
"मुकाबले के इस चरण में टीम प्रबंधन ने तेज बदलाव किया, और दल का मनोबल ऊंचा हुआ।",सकारात्मक,फॉर्मूला वन,2
"आज मध्य मैदान के खिलाड़ी ने आक्रमण को रोक दिया, और दर्शक खुशी से झूम उठे 😀।",सकारात्मक,फुटबॉल,2
"आज मध्य क्षेत्र ने लगातार दबाव बनाया, जिससे वापसी सफल हुई।",सकारात्मक,फुटबॉल,2
"दबाव के बीच खिलाड़ी ने कठिन शटल नहीं लौटा सका, जिससे जीत कठिन हुई।",नकारात्मक,बैडमिंटन,0
"निर्णायक समय पर आक्रामक खिलाड़ी ने बचाव में चूक गया, जिससे निर्णायक अंक हाथ से गया।",नकारात्मक,बैडमिंटन,0
"दबाव के बीच पिट दल ने तेज बदलाव किया, और प्रतिद्वंद्वी दबाव में आया।",सकारात्मक,फॉर्मूला वन,2
"आज रक्षापंक्ति ने खिलाड़ियों के बीच गेंद घुमाई, जिसके बाद गेंद फिर मध्य क्षेत्र में गई।",तटस्थ,फुटबॉल,1
"दल ने तालमेल खो बैठा, और विपक्षी दबाव में नहीं आया।",नकारात्मक,कबड्डी,0
"दबाव के बीच तेज गेंदबाज ने अपनी जगह बदली, और मुकाबला सामान्य गति से चलता रहा।",तटस्थ,क्रिकेट,1
"निर्णायक समय पर मुख्य रेडर ने घेरा टूटने दिया, और रणनीति विफल रही।",नकारात्मक,कबड्डी,0
"मुकाबले के इस चरण में दल ने अपनी जगह संभाली, और खेल आगे बढ़ा।",तटस्थ,कबड्डी,1
"आज आक्रामक दल ने गोल की ओर गेंद भेजी, जिसके बाद गेंद फिर मध्य क्षेत्र में गई।",तटस्थ,फुटबॉल,1
"आज एकल खिलाड़ी ने शटल आगे भेजी, और खेल आगे बढ़ा।",तटस्थ,बैडमिंटन,1
"निर्णायक समय पर कप्तान ने अपनी जगह संभाली, और मुकाबला सामान्य गति से चला।",तटस्थ,कबड्डी,1
"स्थानापन्न खिलाड़ी ने लगातार अंक गंवाता रहा, जिससे जरूरी अंक गंवा।",नकारात्मक,कबड्डी,0
"मुकाबले के इस चरण में खिलाड़ी ने कठिन शटल लौटा दी, जिससे निर्णायक अंक मिला।",सकारात्मक,बैडमिंटन,2
"दबाव के बीच तेज गेंदबाज ने जल्दी विकेट गंवा बैठा, और विपक्षी को बढ़त मिल गई।",नकारात्मक,क्रिकेट,0
"विंगर ने मैदान पर आने के बाद असर नहीं डाल सका, और दर्शकों में निराशा फैल गई 😞।",नकारात्मक,फुटबॉल,0
"आज बल्लेबाज ने अगली गेंद का सामना किया, और पारी अपने क्रम में आगे बढ़ी।",तटस्थ,क्रिकेट,1
"आज निचला क्रम ने साझेदारी नहीं बना सका, जिससे दल का आत्मविश्वास घटा।",नकारात्मक,क्रिकेट,0
"मुख्य चालक ने टायर बदले, जिसके बाद कार फिर ट्रैक पर आई।",तटस्थ,फॉर्मूला वन,1
"मुकाबले के इस चरण में मुख्य चालक ने दौड़ की योजना पर काम किया, जिसके बाद अगला चक्कर शुरू हुआ।",तटस्थ,फॉर्मूला वन,1
"मुकाबले के इस चरण में मध्यक्रम ने अगला ओवर शुरू किया, जिसके बाद खेल आगे बढ़ा।",तटस्थ,क्रिकेट,1
"सलामी जोड़ी ने जल्दी विकेट गंवा बैठा, और दर्शकों में निराशा फैल गई 😞।",नकारात्मक,क्रिकेट,0
"निर्णायक समय पर आक्रामक दल ने सही समय पर चुनौती दी, और जीत की उम्मीद बढ़ी।",सकारात्मक,फुटबॉल,2
"मध्य मैदान के खिलाड़ी ने सटीक पास दिया, और जीत की उम्मीद बढ़ी।",सकारात्मक,फुटबॉल,2
"आज स्थानापन्न खिलाड़ी ने अपनी जगह संभाली, जिसके बाद खिलाड़ी अपनी जगह लौटे।",तटस्थ,फुटबॉल,1
"निर्णायक समय पर रेस दल ने तेज सेवा दी, और प्रतिद्वंद्वी दबाव में आया।",सकारात्मक,फॉर्मूला वन,2
"आज मध्यक्रम ने एक ओवर पूरा किया, जिसके बाद खेल आगे बढ़ा।",तटस्थ,क्रिकेट,1
"आज दौड़ दल ने अंतिम चरण में गति बढ़ाई, जिससे पोडियम की संभावना बढ़ी।",सकारात्मक,फॉर्मूला वन,2
"आज स्थानापन्न खिलाड़ी ने गेंद अपने पास रखी, जिसके बाद खिलाड़ी अपनी जगह लौटे।",तटस्थ,फुटबॉल,1
"दबाव के बीच मध्य मैदान के खिलाड़ी ने शानदार गोल किया, और मुकाबला अपने पक्ष में झुक गया।",सकारात्मक,फुटबॉल,2
"आज सर्विस करने वाले खिलाड़ी ने मजबूत बचाव किया, जिससे बढ़त मजबूत हुई।",सकारात्मक,बैडमिंटन,2
"मुकाबले के इस चरण में स्पिनर ने देर से रणनीति बदली, और मुकाबला हाथ से निकलने लगा।",नकारात्मक,क्रिकेट,0
"मुकाबले के इस चरण में मध्यक्रम ने मजबूत साझेदारी बनाई, और दर्शकों में उत्साह फैल गया 😀।",सकारात्मक,क्रिकेट,2
"निर्णायक समय पर दौड़ दल ने देर से निर्णय लिया, और प्रशंसकों में निराशा फैल गई 😞।",नकारात्मक,फॉर्मूला वन,0
"दबाव के बीच रक्षात्मक खिलाड़ी ने शटल आगे भेजी, जिसके बाद दोनों खिलाड़ी अपनी जगह लौटे।",तटस्थ,बैडमिंटन,1
"विंगर ने लगातार दबाव बनाया, जिससे वापसी सफल हुई।",सकारात्मक,फुटबॉल,2
"युगल जोड़ी ने बचाव की स्थिति ली, जिसके बाद अगली रैली शुरू हुई।",तटस्थ,बैडमिंटन,1
"आज बल्लेबाज ने अंतिम ओवरों में नियंत्रण खो बैठा, जिससे रन गति गिर गई।",नकारात्मक,क्रिकेट,0
"मध्य मैदान के खिलाड़ी ने आक्रमण को रोक दिया, जिससे दल का आत्मविश्वास बढ़ा।",सकारात्मक,फुटबॉल,2
"दबाव के बीच निचला क्रम ने आसान मौका गंवा बैठा, जिससे दल का आत्मविश्वास घटा।",नकारात्मक,क्रिकेट,0
"आज टायर दल ने अपनी गति बनाए रखी, और दौड़ आगे बढ़ी।",तटस्थ,फॉर्मूला वन,1
"मुकाबले के इस चरण में आक्रामक दल ने गेंद पकड़ी, और दोनों दल रणनीति पर काम करते रहे।",तटस्थ,फुटबॉल,1
"निर्णायक समय पर चालक ने दौड़ की योजना देखी, और मुकाबला सामान्य गति से चला।",तटस्थ,फॉर्मूला वन,1
"सर्विस करने वाला खिलाड़ी ने रणनीति में सुधार नहीं कर सका, जिससे जीत कठिन हुई।",नकारात्मक,बैडमिंटन,0
"निर्णायक समय पर स्थानापन्न खिलाड़ी ने गेंद पर नियंत्रण रखा, और जीत की उम्मीद बढ़ी।",सकारात्मक,फुटबॉल,2
"दबाव के बीच विंगर ने मैदान पर आने के बाद असर नहीं डाल सका, और योजना विफल रही।",नकारात्मक,फुटबॉल,0
"दबाव के बीच चालक ने रणनीति पर चर्चा की, और मुकाबला सामान्य गति से चला।",तटस्थ,फॉर्मूला वन,1
"दबाव के बीच सहायक रक्षक ने विपक्षी क्षेत्र की ओर बढ़ा, और दोनों दल अगली चाल की तैयारी करने लगे।",तटस्थ,कबड्डी,1
"रेडर ने लगातार अंक जुटाए, और दर्शक खुशी से झूम उठे 😀।",सकारात्मक,कबड्डी,2
"मुकाबले के इस चरण में रक्षापंक्ति ने शानदार गोल किया, जिससे वापसी सफल हुई।",सकारात्मक,फुटबॉल,2
"मुकाबले के इस चरण में इंजीनियर ने अगले बदलाव की तैयारी की, और दौड़ आगे बढ़ी।",तटस्थ,फॉर्मूला वन,1
"दबाव के बीच कार ने तालमेल नहीं बना पाया, और दौड़ का रुख बिगड़ा।",नकारात्मक,फॉर्मूला वन,0
"आज तेज गेंदबाज ने जरूरी विकेट नहीं ले सका, और दर्शकों में निराशा फैल गई 😞।",नकारात्मक,क्रिकेट,0
"निर्णायक समय पर कप्तान ने देर से प्रतिक्रिया दी, और मुकाबला विपक्षी की ओर झुका।",नकारात्मक,बैडमिंटन,0
"कप्तान ने सही समय पर चुनौती नहीं दी, जिससे आत्मविश्वास घटा।",नकारात्मक,फुटबॉल,0
"विकेटकीपर ने गेंद संभाली, जिसके बाद अगला ओवर शुरू हुआ।",तटस्थ,क्रिकेट,1
"आज सर्विस करने वाला खिलाड़ी ने स्मैश बाहर मार बैठा, और दर्शकों में निराशा फैल गई 😞।",नकारात्मक,बैडमिंटन,0
"मुकाबले के इस चरण में सहायक रक्षक ने रेड शुरू की, और दोनों दल अगली चाल की तैयारी करने लगे।",तटस्थ,कबड्डी,1
"आज रेस दल ने अपनी गति बनाए रखी, और चालक ने अपनी स्थिति बनाए रखी।",तटस्थ,फॉर्मूला वन,1
"दबाव के बीच रेडर ने घेरा टूटने दिया, और विपक्षी दबाव में नहीं आया।",नकारात्मक,कबड्डी,0
"निर्णायक समय पर कप्तान ने बिना अंक लौट आया, जिससे दल का आत्मविश्वास घटा।",नकारात्मक,कबड्डी,0
"बल्लेबाज ने बीच के ओवर में गेंदबाजी की, और मुकाबला सामान्य गति से चलता रहा।",तटस्थ,क्रिकेट,1
"दबाव के बीच कप्तान ने आक्रमण शुरू किया, और दोनों दल रणनीति पर काम करते रहे।",तटस्थ,फुटबॉल,1
"निर्णायक समय पर आक्रामक खिलाड़ी ने सही समय पर आक्रमण किया, और दर्शकों ने तालियां बजाईं 👏।",सकारात्मक,बैडमिंटन,2
"दल ने लगातार अंक गंवाता रहा, जिससे दल का आत्मविश्वास घटा।",नकारात्मक,कबड्डी,0
"मुकाबले के इस चरण में युगल जोड़ी ने नेट पर शटल रोकी, और खेल आगे बढ़ा।",तटस्थ,बैडमिंटन,1
"मुकाबले के इस चरण में रक्षात्मक खिलाड़ी ने देर से प्रतिक्रिया दी, जिससे जीत कठिन हुई।",नकारात्मक,बैडमिंटन,0
"आज कप्तान ने विपक्षी हमले को रोका, और मुकाबला सामान्य गति से चलता रहा।",तटस्थ,फुटबॉल,1
"दबाव के बीच सर्विस करने वाला खिलाड़ी ने बचाव की स्थिति ली, जिसके बाद सर्विस बदली गई।",तटस्थ,बैडमिंटन,1
"मुकाबले के इस चरण में नेट खिलाड़ी ने सर्विस की, जिसके बाद सर्विस बदली गई।",तटस्थ,बैडमिंटन,1
"मध्य क्षेत्र ने सटीक पास दिया, जिससे वापसी सफल हुई।",सकारात्मक,फुटबॉल,2
"दबाव के बीच रक्षापंक्ति ने कठिन बचाव किया, जिससे दल का आत्मविश्वास बढ़ा।",सकारात्मक,फुटबॉल,2
"मुकाबले के इस चरण में सलामी जोड़ी ने अंतिम ओवरों में नियंत्रण खो बैठा, और दर्शकों में निराशा फैल गई 😞।",नकारात्मक,क्रिकेट,0
"दबाव के बीच एकल खिलाड़ी ने खाली जगह की ओर शटल भेजी, और अगला अंक खेला गया।",तटस्थ,बैडमिंटन,1
"स्पिनर ने दबाव में गलत शॉट चुना, जिससे दल का आत्मविश्वास घटा।",नकारात्मक,क्रिकेट,0
"दबाव के बीच दौड़ दल ने अगले बदलाव की तैयारी की, जिसके बाद अगला चक्कर शुरू हुआ।",तटस्थ,फॉर्मूला वन,1
"मुकाबले के इस चरण में आक्रामक खिलाड़ी ने खाली जगह नहीं पहचान पाया, जिससे आत्मविश्वास घटा।",नकारात्मक,बैडमिंटन,0
"कप्तान ने रेडर को रोक नहीं पाया, और विपक्षी दबाव में नहीं आया।",नकारात्मक,कबड्डी,0
"निर्णायक समय पर निचला क्रम ने संयम से पारी संभाली, और दर्शकों में उत्साह फैल गया 😀।",सकारात्मक,क्रिकेट,2
"आज नेट खिलाड़ी ने शटल आगे भेजी, और मुकाबला सामान्य गति से चला।",तटस्थ,बैडमिंटन,1
"आज मध्य मैदान के खिलाड़ी ने सही समय पर चुनौती दी, और मुकाबला अपने पक्ष में झुक गया।",सकारात्मक,फुटबॉल,2
"मुकाबले के इस चरण में टीम प्रबंधन ने दबाव में धैर्य रखा, जिससे स्थान सुधरा।",सकारात्मक,फॉर्मूला वन,2
"मध्य खिलाड़ी ने तालमेल बनाया, जिसके बाद अगली रेड शुरू हुई।",तटस्थ,कबड्डी,1
"दौड़ दल ने दौड़ की योजना देखी, और चालक ने अपनी स्थिति बनाए रखी।",तटस्थ,फॉर्मूला वन,1
"मुकाबले के इस चरण में गोलकीपर ने दबाव नहीं बना सका, और दर्शकों में निराशा फैल गई 😞।",नकारात्मक,फुटबॉल,0
"तेज गेंदबाज ने महत्वपूर्ण गेंद रोक नहीं पाया, और दर्शकों में निराशा फैल गई 😞।",नकारात्मक,क्रिकेट,0
"निर्णायक समय पर रणनीति दल ने सही रणनीति चुनी, जिससे समय का लाभ मिला।",सकारात्मक,फॉर्मूला वन,2
"दबाव के बीच सलामी जोड़ी ने साझेदारी नहीं बना सका, और मुकाबला हाथ से निकलने लगा।",नकारात्मक,क्रिकेट,0
"आज गोलकीपर ने आक्रमण शुरू किया, और मुकाबला सामान्य गति से चलता रहा।",तटस्थ,फुटबॉल,1
"आज खिलाड़ी ने बचाव की स्थिति ली, और मुकाबला सामान्य गति से चला।",तटस्थ,बैडमिंटन,1
"दबाव के बीच मध्य मैदान के खिलाड़ी ने समय पर बदलाव किया, और दर्शक खुशी से झूम उठे 😀।",सकारात्मक,फुटबॉल,2
"निर्णायक समय पर इंजीनियर ने गलत रणनीति चुनी, और प्रशंसकों में निराशा फैल गई 😞।",नकारात्मक,फॉर्मूला वन,0
"निर्णायक समय पर आक्रामक खिलाड़ी ने कठिन शटल लौटा दी, जिससे जीत की उम्मीद बढ़ी।",सकारात्मक,बैडमिंटन,2
"आज युगल जोड़ी ने अगला शॉट खेला, और अगला अंक खेला गया।",तटस्थ,बैडमिंटन,1
"निर्णायक समय पर आक्रामक खिलाड़ी ने तेज प्रतिक्रिया दिखाई, और दर्शकों ने तालियां बजाईं 👏।",सकारात्मक,बैडमिंटन,2
"निर्णायक समय पर रेडर ने मैदान पर आने के बाद असर नहीं डाल सका, और रणनीति विफल रही।",नकारात्मक,कबड्डी,0
"मुकाबले के इस चरण में कप्तान ने मजबूत बचाव किया, और दर्शकों ने तालियां बजाईं 👏।",सकारात्मक,बैडमिंटन,2
"दबाव के बीच निर्णायक अंक पर खिलाड़ी ने लंबी रैली जीती, और दर्शकों ने तालियां बजाईं 👏।",सकारात्मक,बैडमिंटन,2
"निर्णायक समय पर कप्तान ने नेट के पास अंक गंवा दिया, जिससे बढ़त कमजोर हुई।",नकारात्मक,बैडमिंटन,0
"निर्णायक समय पर मध्यक्रम ने दबाव में गलत शॉट चुना, और मुकाबला हाथ से निकलने लगा।",नकारात्मक,क्रिकेट,0
"दबाव के बीच पिट दल ने तेज सेवा दी, जिससे पोडियम की संभावना बढ़ी।",सकारात्मक,फॉर्मूला वन,2
"दबाव के बीच टीम प्रबंधन ने सही समय पर निर्णय लिया, जिससे पोडियम की संभावना बढ़ी।",सकारात्मक,फॉर्मूला वन,2
"आज मध्यक्रम ने एक ओवर पूरा किया, और अगली गेंद खेली गई।",तटस्थ,क्रिकेट,1
"दबाव के बीच चालक ने अपनी गति बनाए रखी, जिसके बाद कार फिर ट्रैक पर आई।",तटस्थ,फॉर्मूला वन,1
"दबाव के बीच मध्य खिलाड़ी ने रेड शुरू की, और खेल आगे बढ़ा।",तटस्थ,कबड्डी,1
"विकेटकीपर ने आसान मौका गंवा बैठा, और रणनीति विफल रही।",नकारात्मक,क्रिकेट,0
"मुकाबले के इस चरण में मध्य खिलाड़ी ने अच्छा तालमेल दिखाया, और जीत की उम्मीद बढ़ी।",सकारात्मक,कबड्डी,2
"मध्य मैदान के खिलाड़ी ने एक बदलाव किया, और मुकाबला सामान्य गति से चलता रहा।",तटस्थ,फुटबॉल,1
"निचला क्रम ने बीच के ओवरों में महंगा साबित हुआ, जिससे रन गति गिर गई।",नकारात्मक,क्रिकेट,0
"निर्णायक समय पर पिछली पंक्ति का खिलाड़ी ने सटीक स्मैश लगाया, और प्रतिद्वंद्वी दबाव में आया।",सकारात्मक,बैडमिंटन,2
"रक्षक ने तेज तालमेल दिखाया, जिससे गोल का अवसर बना।",सकारात्मक,फुटबॉल,2
"दबाव के बीच दल ने अगला अंक खेला, जिसके बाद अगला अंक खेला गया।",तटस्थ,कबड्डी,1
"मुकाबले के इस चरण में खिलाड़ी ने देर से प्रतिक्रिया दी, जिससे बढ़त कमजोर हुई।",नकारात्मक,बैडमिंटन,0
"मुकाबले के इस चरण में मध्य खिलाड़ी ने देर से बदलाव किया, जिससे बढ़त कमजोर हुई।",नकारात्मक,कबड्डी,0
"मुकाबले के इस चरण में अंतिम रेडर ने विपक्षी क्षेत्र की ओर बढ़ा, और खेल आगे बढ़ा।",तटस्थ,कबड्डी,1
"निर्णायक समय पर सर्विस करने वाला खिलाड़ी ने रणनीति पर चर्चा की, जिसके बाद अगली रैली शुरू हुई।",तटस्थ,बैडमिंटन,1
"पिट दल ने मोड़ पार किया, और दौड़ आगे बढ़ी।",तटस्थ,फॉर्मूला वन,1
"आज सर्विस करने वाला खिलाड़ी ने कठिन शटल नहीं लौटा सका, और वापसी का मौका कम हुआ।",नकारात्मक,बैडमिंटन,0
"आज स्थानापन्न खिलाड़ी ने सही समय पर चुनौती नहीं दी, जिससे गोल का अवसर चला गया।",नकारात्मक,फुटबॉल,0
"आज एकल खिलाड़ी ने नेट के पास अंक गंवा दिया, जिससे आत्मविश्वास घटा।",नकारात्मक,बैडमिंटन,0
"निर्णायक समय पर पिट दल ने दबाव में धैर्य रखा, जिससे जीत की उम्मीद बढ़ी।",सकारात्मक,फॉर्मूला वन,2
"आज विंगर ने खिलाड़ियों के बीच गेंद घुमाई, और दोनों दल रणनीति पर काम करते रहे।",तटस्थ,फुटबॉल,1
"दबाव के बीच नेट खिलाड़ी ने देर से प्रतिक्रिया दी, और दर्शकों में निराशा फैल गई 😞।",नकारात्मक,बैडमिंटन,0
"दबाव के बीच रक्षा पंक्ति ने निर्देश दिया, जिसके बाद अगली रेड शुरू हुई।",तटस्थ,कबड्डी,1
"निर्णायक समय पर बल्लेबाज ने एक ओवर पूरा किया, और मुकाबला सामान्य गति से चलता रहा।",तटस्थ,क्रिकेट,1
"निर्णायक समय पर मुख्य रेडर ने सही समय पर बोनस लिया, जिससे वापसी सफल हुई।",सकारात्मक,कबड्डी,2
"दबाव के बीच क्षेत्ररक्षक ने ढीली गेंदें डालता रहा, और विपक्षी को बढ़त मिल गई।",नकारात्मक,क्रिकेट,0
"निर्णायक समय पर मुख्य चालक ने दबाव में धैर्य रखा, और प्रतिद्वंद्वी दबाव में आया।",सकारात्मक,फॉर्मूला वन,2
"दबाव के बीच रेडर ने टैकल में चूक गया, जिससे वापसी कठिन हुई।",नकारात्मक,कबड्डी,0
"आज टायर दल ने देर से निर्णय लिया, जिससे स्थान गिरा।",नकारात्मक,फॉर्मूला वन,0
"कप्तान ने समय पर बदलाव किया, जिससे वापसी सफल हुई।",सकारात्मक,फुटबॉल,2
"मुकाबले के इस चरण में रक्षक ने मैदान पर आते ही असर डाला, और विपक्षी दबाव में आया।",सकारात्मक,कबड्डी,2
"आज मध्य खिलाड़ी ने रेडर को रोक नहीं पाया, और मुकाबला हाथ से निकलने लगा।",नकारात्मक,कबड्डी,0
"दबाव के बीच रक्षक ने गेंद पकड़ी, जिसके बाद गेंद फिर मध्य क्षेत्र में गई।",तटस्थ,फुटबॉल,1
"दबाव के बीच रेडर ने देर से बदलाव किया, जिससे बढ़त कमजोर हुई।",नकारात्मक,कबड्डी,0
"मुकाबले के इस चरण में रेडर ने रेडर को घेरने की कोशिश की, जिसके बाद अगला अंक खेला गया।",तटस्थ,कबड्डी,1
"निर्णायक समय पर टीम प्रबंधन ने आंकड़ों की समीक्षा की, जिसके बाद अगला चक्कर शुरू हुआ।",तटस्थ,फॉर्मूला वन,1
"निर्णायक समय पर मध्य खिलाड़ी ने निर्देश दिया, और मुकाबला सामान्य गति से चला।",तटस्थ,कबड्डी,1
"निर्णायक समय पर पिट दल ने दौड़ की योजना पर काम किया, जिसके बाद कार फिर ट्रैक पर आई।",तटस्थ,फॉर्मूला वन,1
"मुख्य चालक ने बदलाव में समय गंवाया, और दौड़ का रुख बिगड़ा।",नकारात्मक,फॉर्मूला वन,0
"अंतिम रेडर ने घेरा टूटने दिया, जिससे जरूरी अंक गंवा।",नकारात्मक,कबड्डी,0
"आज आक्रामक दल ने लगातार दबाव बनाया, और मुकाबला अपने पक्ष में झुक गया।",सकारात्मक,फुटबॉल,2
"आज चालक ने अगले बदलाव की तैयारी की, जिसके बाद अगला चक्कर शुरू हुआ।",तटस्थ,फॉर्मूला वन,1
"मुकाबले के इस चरण में अंतिम रेडर ने समय पर बदलाव किया, जिससे जरूरी अंक मिला।",सकारात्मक,कबड्डी,2
"दबाव के बीच नेट खिलाड़ी ने नेट पर शटल रोकी, जिसके बाद सर्विस बदली गई।",तटस्थ,बैडमिंटन,1
"निर्णायक समय पर आक्रामक दल ने विपक्षी हमले को रोका, और अगला आक्रमण शुरू हुआ।",तटस्थ,फुटबॉल,1
"मुकाबले के इस चरण में रक्षापंक्ति ने गेंद खो दी, और विपक्षी को फायदा मिला।",नकारात्मक,फुटबॉल,0
"अंतिम रेडर ने मजबूत घेरा बनाया, जिससे बढ़त मजबूत हुई।",सकारात्मक,कबड्डी,2
"दबाव के बीच चालक ने अंतिम चरण में गति बढ़ाई, और प्रशंसकों में उत्साह फैल गया 🏎️।",सकारात्मक,फॉर्मूला वन,2
"आज इंजीनियर ने दबाव में गलती की, जिससे जीत की उम्मीद कमजोर हुई।",नकारात्मक,फॉर्मूला वन,0
"आज मुख्य चालक ने लगातार अच्छा तालमेल रखा, और प्रशंसकों में उत्साह फैल गया 🏎️।",सकारात्मक,फॉर्मूला वन,2
"आज तेज गेंदबाज ने सटीक गेंदबाजी की, जिससे दल का आत्मविश्वास बढ़ा।",सकारात्मक,क्रिकेट,2
"आज नेट खिलाड़ी ने खाली जगह नहीं पहचान पाया, जिससे बढ़त कमजोर हुई।",नकारात्मक,बैडमिंटन,0
"दबाव के बीच पिट दल ने अगले बदलाव की तैयारी की, जिसके बाद अगला चरण शुरू हुआ।",तटस्थ,फॉर्मूला वन,1
"निर्णायक समय पर पिट दल ने ओवरटेक का मौका गंवाया, और प्रशंसकों में निराशा फैल गई 😞।",नकारात्मक,फॉर्मूला वन,0
"निर्णायक समय पर युगल जोड़ी ने सही समय पर आक्रमण किया, और मुकाबला अपने पक्ष में झुका।",सकारात्मक,बैडमिंटन,2
"आज रणनीति दल ने टायर बदलने में देरी की, और प्रशंसकों में निराशा फैल गई 😞।",नकारात्मक,फॉर्मूला वन,0
"निर्णायक समय पर मुख्य चालक ने बदलाव में समय गंवाया, और प्रतिद्वंद्वी को फायदा मिला।",नकारात्मक,फॉर्मूला वन,0
"दबाव के बीच स्पिनर ने अगली गेंद का सामना किया, और पारी अपने क्रम में आगे बढ़ी।",तटस्थ,क्रिकेट,1
"आज क्षेत्ररक्षक ने आसान मौका गंवा बैठा, जिससे रन गति गिर गई।",नकारात्मक,क्रिकेट,0
"मुकाबले के इस चरण में सलामी जोड़ी ने अगली गेंद का सामना किया, और अगली गेंद खेली गई।",तटस्थ,क्रिकेट,1
"मुकाबले के इस चरण में मुख्य रेडर ने मिलकर रेडर को रोका, जिससे जरूरी अंक मिला।",सकारात्मक,कबड्डी,2
"मुख्य चालक ने टायर बदलने में देरी की, जिससे समय का नुकसान हुआ।",नकारात्मक,फॉर्मूला वन,0
"आज कप्तान ने रेडर को रोक नहीं पाया, और रणनीति विफल रही।",नकारात्मक,कबड्डी,0
"मुख्य रेडर ने तालमेल बनाया, जिसके बाद अगली रेड शुरू हुई।",तटस्थ,कबड्डी,1
"नेट खिलाड़ी ने देर से प्रतिक्रिया दी, और वापसी का मौका कम हुआ।",नकारात्मक,बैडमिंटन,0
"मुकाबले के इस चरण में मुख्य चालक ने मोड़ पर नियंत्रण रखा, और दौड़ का रुख बदला।",सकारात्मक,फॉर्मूला वन,2
"मुकाबले के इस चरण में गोलकीपर ने गेंद खो दी, और दर्शकों में निराशा फैल गई 😞।",नकारात्मक,फुटबॉल,0
"आज कप्तान ने बिना अंक लौट आया, और मुकाबला हाथ से निकलने लगा।",नकारात्मक,कबड्डी,0
"निर्णायक समय पर इंजीनियर ने सही रणनीति चुनी, जिससे पोडियम की संभावना बढ़ी।",सकारात्मक,फॉर्मूला वन,2
"दबाव के बीच निचला क्रम ने अंतिम ओवरों में नियंत्रण खो बैठा, और रणनीति विफल रही।",नकारात्मक,क्रिकेट,0
"रक्षा पंक्ति ने अच्छा तालमेल दिखाया, और विपक्षी दबाव में आया।",सकारात्मक,कबड्डी,2
"निर्णायक समय पर रणनीति दल ने सही रणनीति चुनी, जिससे पोडियम की संभावना बढ़ी।",सकारात्मक,फॉर्मूला वन,2
"निर्णायक समय पर मध्य खिलाड़ी ने तालमेल खो बैठा, जिससे बढ़त कमजोर हुई।",नकारात्मक,कबड्डी,0
"आज क्षेत्ररक्षक ने जरूरी विकेट नहीं ले सका, और मुकाबला हाथ से निकलने लगा।",नकारात्मक,क्रिकेट,0
"दबाव के बीच आक्रामक खिलाड़ी ने गलत समय पर आक्रमण किया, जिससे निर्णायक अंक हाथ से गया।",नकारात्मक,बैडमिंटन,0
"आज अंतिम रेडर ने मैदान में प्रवेश किया, और खेल आगे बढ़ा।",तटस्थ,कबड्डी,1
"निर्णायक समय पर निर्णायक अंक पर खिलाड़ी ने सर्विस की, और मुकाबला सामान्य गति से चला।",तटस्थ,बैडमिंटन,1
"दबाव के बीच अंतिम रेडर ने देर से बदलाव किया, जिससे दल का आत्मविश्वास घटा।",नकारात्मक,कबड्डी,0
"दबाव के बीच आक्रामक खिलाड़ी ने नेट के पास दबाव बनाया, जिससे बढ़त मजबूत हुई।",सकारात्मक,बैडमिंटन,2
"कप्तान ने रणनीति पर चर्चा की, और मुकाबला सामान्य गति से चला।",तटस्थ,बैडमिंटन,1
"दबाव के बीच रेडर ने रेड शुरू की, जिसके बाद अगली रेड शुरू हुई।",तटस्थ,कबड्डी,1
"रेस दल ने दबाव में गलती की, और दल का मनोबल गिरा।",नकारात्मक,फॉर्मूला वन,0
"एकल खिलाड़ी ने लंबी रैली गंवा बैठा, और वापसी का मौका कम हुआ।",नकारात्मक,बैडमिंटन,0
"आक्रामक खिलाड़ी ने कठिन शटल लौटा दी, और प्रतिद्वंद्वी दबाव में आया।",सकारात्मक,बैडमिंटन,2
"मुकाबले के इस चरण में मध्यक्रम ने बीच के ओवरों में दबाव बनाए रखा, जिससे रन गति सुधरी।",सकारात्मक,क्रिकेट,2
"दबाव के बीच रक्षात्मक खिलाड़ी ने नेट के पास अंक गंवा दिया, जिससे जीत कठिन हुई।",नकारात्मक,बैडमिंटन,0
"मुकाबले के इस चरण में आक्रामक खिलाड़ी ने लंबी रैली गंवा बैठा, जिससे निर्णायक अंक हाथ से गया।",नकारात्मक,बैडमिंटन,0
"एकल खिलाड़ी ने सटीक स्मैश लगाया, और दर्शकों ने तालियां बजाईं 👏।",सकारात्मक,बैडमिंटन,2
"मुकाबले के इस चरण में रक्षा पंक्ति ने निर्देश दिया, जिसके बाद अगला अंक खेला गया।",तटस्थ,कबड्डी,1
"दल ने विपक्षी क्षेत्र की ओर बढ़ा, जिसके बाद खिलाड़ी अपनी जगह लौटे।",तटस्थ,कबड्डी,1
"हमलावर ने आक्रमण को रोक दिया, और विपक्षी दबाव में आया।",सकारात्मक,फुटबॉल,2
"दबाव के बीच दौड़ दल ने टायर बदलने में देरी की, जिससे पोडियम की संभावना घटी।",नकारात्मक,फॉर्मूला वन,0
"दबाव के बीच कप्तान ने देर से प्रतिक्रिया दी, और मुकाबला विपक्षी की ओर झुका।",नकारात्मक,बैडमिंटन,0
"निर्णायक समय पर चालक ने अंतिम चरण में गति बढ़ाई, और दौड़ का रुख बदला।",सकारात्मक,फॉर्मूला वन,2
"आज पिट दल ने ओवरटेक का मौका गंवाया, जिससे समय का नुकसान हुआ।",नकारात्मक,फॉर्मूला वन,0
"मुकाबले के इस चरण में कप्तान ने महत्वपूर्ण गेंद रोक नहीं पाया, जिससे वापसी कठिन हुई।",नकारात्मक,क्रिकेट,0
"मुकाबले के इस चरण में चालक ने तालमेल नहीं बना पाया, जिससे स्थान गिरा।",नकारात्मक,फॉर्मूला वन,0
"आज अंतिम रेडर ने रेडर को घेरने की कोशिश की, जिसके बाद खिलाड़ी अपनी जगह लौटे।",तटस्थ,कबड्डी,1
"मुकाबले के इस चरण में अंतिम रेडर ने मिलकर रेडर को रोका, और विपक्षी दबाव में आया।",सकारात्मक,कबड्डी,2
"आज कप्तान ने सटीक गेंदबाजी की, और विपक्षी दबाव में आ गया।",सकारात्मक,क्रिकेट,2
"मध्यक्रम ने महत्वपूर्ण गेंद रोक नहीं पाया, जिससे वापसी कठिन हुई।",नकारात्मक,क्रिकेट,0
"मुकाबले के इस चरण में आक्रामक दल ने कठिन बचाव किया, जिससे गोल का अवसर बना।",सकारात्मक,फुटबॉल,2
"निर्णायक समय पर मध्य खिलाड़ी ने मैदान में प्रवेश किया, जिसके बाद खिलाड़ी अपनी जगह लौटे।",तटस्थ,कबड्डी,1
"आज कप्तान ने सही समय पर आक्रमण किया, और दर्शकों ने तालियां बजाईं 👏।",सकारात्मक,बैडमिंटन,2
"रणनीति दल ने बदलाव में समय गंवाया, जिससे समय का नुकसान हुआ।",नकारात्मक,फॉर्मूला वन,0
"निर्णायक समय पर सहायक रक्षक ने निर्णायक अंक लिया, जिससे जरूरी अंक मिला।",सकारात्मक,कबड्डी,2
"पिछली पंक्ति का खिलाड़ी ने शटल आगे भेजी, और अगला अंक खेला गया।",तटस्थ,बैडमिंटन,1
"रेडर ने रक्षा की स्थिति बनाई, और मुकाबला सामान्य गति से चला।",तटस्थ,कबड्डी,1
"आज रक्षात्मक खिलाड़ी ने कठिन शटल लौटा दी, जिससे आत्मविश्वास बढ़ा।",सकारात्मक,बैडमिंटन,2
"दबाव के बीच रक्षक ने सही समय पर बोनस लिया, और जीत की उम्मीद बढ़ी।",सकारात्मक,कबड्डी,2
"मुकाबले के इस चरण में रेस दल ने गलत रणनीति चुनी, और प्रतिद्वंद्वी को फायदा मिला।",नकारात्मक,फॉर्मूला वन,0
"आज रक्षक ने विपक्षी हमले को रोका, जिसके बाद खिलाड़ी अपनी जगह लौटे।",तटस्थ,फुटबॉल,1
"आज पिछली पंक्ति का खिलाड़ी ने सही समय पर आक्रमण किया, जिससे बढ़त मजबूत हुई।",सकारात्मक,बैडमिंटन,2
"टायर दल ने सही रणनीति चुनी, और दौड़ का रुख बदला।",सकारात्मक,फॉर्मूला वन,2
"आज मध्यक्रम ने गेंद संभाली, जिसके बाद दोनों दल अपनी योजना पर लौटे।",तटस्थ,क्रिकेट,1
"विंगर ने एक बदलाव किया, जिसके बाद खेल आगे बढ़ा।",तटस्थ,फुटबॉल,1
"मुकाबले के इस चरण में बल्लेबाज ने सटीक गेंदबाजी की, और दर्शकों में उत्साह फैल गया 😀।",सकारात्मक,क्रिकेट,2
"मुख्य रेडर ने बिना अंक लौट आया, जिससे बढ़त कमजोर हुई।",नकारात्मक,कबड्डी,0
"आज टायर दल ने मोड़ पर नियंत्रण खोया, जिससे समय का नुकसान हुआ।",नकारात्मक,फॉर्मूला वन,0
"आज दल ने मैदान पर आते ही असर डाला, और विपक्षी दबाव में आया।",सकारात्मक,कबड्डी,2
"मुकाबले के इस चरण में आक्रामक दल ने दबाव नहीं बना सका, जिससे बढ़त कमजोर हुई।",नकारात्मक,फुटबॉल,0
"मुकाबले के इस चरण में स्थानापन्न खिलाड़ी ने अगला अंक खेला, और खेल आगे बढ़ा।",तटस्थ,कबड्डी,1
"मुकाबले के इस चरण में इंजीनियर ने अंतिम चरण में गति नहीं बढ़ा सका, जिससे पोडियम की संभावना घटी।",नकारात्मक,फॉर्मूला वन,0
"दबाव के बीच मध्य क्षेत्र ने आक्रमण शुरू किया, जिसके बाद खिलाड़ी अपनी जगह लौटे।",तटस्थ,फुटबॉल,1
"मुकाबले के इस चरण में दल ने बोनस का मौका गंवाया, जिससे जरूरी अंक गंवा।",नकारात्मक,कबड्डी,0
"अंतिम रेडर ने तालमेल खो बैठा, और विपक्षी दबाव में नहीं आया।",नकारात्मक,कबड्डी,0
"निर्णायक समय पर रक्षापंक्ति ने खिलाड़ियों के बीच गेंद घुमाई, और मुकाबला सामान्य गति से चलता रहा।",तटस्थ,फुटबॉल,1
"आज अंतिम रेडर ने मिलकर रेडर को रोका, जिससे वापसी सफल हुई।",सकारात्मक,कबड्डी,2
"दबाव के बीच मध्यक्रम ने पारी शुरू की, जिसके बाद खेल आगे बढ़ा।",तटस्थ,क्रिकेट,1
"दबाव के बीच निचला क्रम ने गेंद संभाली, जिसके बाद खेल आगे बढ़ा।",तटस्थ,क्रिकेट,1
"मुकाबले के इस चरण में बल्लेबाज ने आसान मौका गंवा बैठा, जिससे दल का आत्मविश्वास घटा।",नकारात्मक,क्रिकेट,0
"मुकाबले के इस चरण में दल ने घेरा टूटने दिया, जिससे वापसी कठिन हुई।",नकारात्मक,कबड्डी,0
"विंगर ने तालमेल खो दिया, और योजना विफल रही।",नकारात्मक,फुटबॉल,0
"मुकाबले के इस चरण में कप्तान ने जरूरी विकेट नहीं ले सका, और विपक्षी को बढ़त मिल गई।",नकारात्मक,क्रिकेट,0
"दबाव के बीच सहायक रक्षक ने अपनी जगह संभाली, जिसके बाद अगला अंक खेला गया।",तटस्थ,कबड्डी,1
"मुकाबले के इस चरण में सहायक रक्षक ने अपनी जगह संभाली, और खेल आगे बढ़ा।",तटस्थ,कबड्डी,1
"निर्णायक समय पर रक्षक ने अपनी जगह संभाली, जिसके बाद खिलाड़ी अपनी जगह लौटे।",तटस्थ,कबड्डी,1
"निचला क्रम ने बीच के ओवर में गेंदबाजी की, और पारी अपने क्रम में आगे बढ़ी।",तटस्थ,क्रिकेट,1
"दबाव के बीच इंजीनियर ने ओवरटेक का मौका गंवाया, और दौड़ का रुख बिगड़ा।",नकारात्मक,फॉर्मूला वन,0
"विंगर ने सही समय पर चुनौती दी, और विपक्षी दबाव में आया।",सकारात्मक,फुटबॉल,2
"मुकाबले के इस चरण में कप्तान ने निर्णायक अंक नहीं ले सका, और दर्शकों में निराशा फैल गई 😞।",नकारात्मक,कबड्डी,0
"मुकाबले के इस चरण में रक्षापंक्ति ने अपनी जगह संभाली, और दोनों दल रणनीति पर काम करते रहे।",तटस्थ,फुटबॉल,1
"आज सलामी जोड़ी ने बीच के ओवर में गेंदबाजी की, और मुकाबला सामान्य गति से चलता रहा।",तटस्थ,क्रिकेट,1
"दबाव के बीच टायर दल ने मोड़ पर नियंत्रण रखा, जिससे स्थान सुधरा।",सकारात्मक,फॉर्मूला वन,2
"आज सहायक रक्षक ने घेरा टूटने दिया, और मुकाबला हाथ से निकलने लगा।",नकारात्मक,कबड्डी,0
"दबाव के बीच स्पिनर ने महत्वपूर्ण विकेट लिया, जिससे दल का आत्मविश्वास बढ़ा।",सकारात्मक,क्रिकेट,2
"दबाव के बीच रणनीति दल ने मोड़ पर नियंत्रण रखा, और प्रशंसकों में उत्साह फैल गया 🏎️।",सकारात्मक,फॉर्मूला वन,2
"दबाव के बीच हमलावर ने मैदान में प्रवेश किया, जिसके बाद खेल आगे बढ़ा।",तटस्थ,फुटबॉल,1
"रेस दल ने अगले बदलाव की तैयारी की, जिसके बाद अगला चक्कर शुरू हुआ।",तटस्थ,फॉर्मूला वन,1
"रक्षापंक्ति ने समय पर बदलाव किया, और विपक्षी दबाव में आया।",सकारात्मक,फुटबॉल,2
"मुकाबले के इस चरण में रक्षक ने समय पर बदलाव किया, जिससे वापसी सफल हुई।",सकारात्मक,फुटबॉल,2
"रणनीति दल ने मोड़ पार किया, जिसके बाद कार फिर ट्रैक पर आई।",तटस्थ,फॉर्मूला वन,1
"रेस दल ने सही रणनीति चुनी, जिससे पोडियम की संभावना बढ़ी।",सकारात्मक,फॉर्मूला वन,2
"निर्णायक समय पर रक्षात्मक खिलाड़ी ने रणनीति में अच्छा बदलाव किया, जिससे जीत की उम्मीद बढ़ी।",सकारात्मक,बैडमिंटन,2
"गेंदबाज ने अपनी जगह बदली, और मुकाबला सामान्य गति से चलता रहा।",तटस्थ,क्रिकेट,1
"दबाव के बीच मध्य खिलाड़ी ने अपनी जगह संभाली, और मुकाबला सामान्य गति से चला।",तटस्थ,कबड्डी,1
"दबाव के बीच पिछली पंक्ति का खिलाड़ी ने खाली जगह की ओर शटल भेजी, जिसके बाद दोनों खिलाड़ी अपनी जगह लौटे।",तटस्थ,बैडमिंटन,1
"मुख्य चालक ने देर से निर्णय लिया, जिससे पोडियम की संभावना घटी।",नकारात्मक,फॉर्मूला वन,0
"आज रक्षा पंक्ति ने निर्देश दिया, जिसके बाद अगली रेड शुरू हुई।",तटस्थ,कबड्डी,1
"निर्णायक समय पर रक्षा पंक्ति ने अगला अंक खेला, और दोनों दल अगली चाल की तैयारी करने लगे।",तटस्थ,कबड्डी,1
"मध्य खिलाड़ी ने शानदार टैकल किया, जिससे बढ़त मजबूत हुई।",सकारात्मक,कबड्डी,2
"पिट दल ने अपनी गति बनाए रखी, जिसके बाद कार फिर ट्रैक पर आई।",तटस्थ,फॉर्मूला वन,1
"रक्षा पंक्ति ने विपक्षी क्षेत्र की ओर बढ़ा, जिसके बाद खिलाड़ी अपनी जगह लौटे।",तटस्थ,कबड्डी,1
"आज सहायक रक्षक ने रेडर को घेरने की कोशिश की, और खेल आगे बढ़ा।",तटस्थ,कबड्डी,1
"खिलाड़ी ने अगले अंक की तैयारी की, और मुकाबला सामान्य गति से चला।",तटस्थ,बैडमिंटन,1
"आज कार ने अगले बदलाव की तैयारी की, और मुकाबला सामान्य गति से चला।",तटस्थ,फॉर्मूला वन,1
"आज रक्षात्मक खिलाड़ी ने बचाव की स्थिति ली, और मुकाबला सामान्य गति से चला।",तटस्थ,बैडमिंटन,1
"दबाव के बीच मध्य क्षेत्र ने बचाव में चूक गया, और मुकाबला हाथ से निकलने लगा।",नकारात्मक,फुटबॉल,0
"मुकाबले के इस चरण में रक्षापंक्ति ने कठिन बचाव किया, जिससे गोल का अवसर बना।",सकारात्मक,फुटबॉल,2
"दबाव के बीच मध्यक्रम ने दबाव में सही शॉट चुना, जिससे रन गति सुधरी।",सकारात्मक,क्रिकेट,2
"आज इंजीनियर ने सही समय पर निर्णय लिया, जिससे पोडियम की संभावना बढ़ी।",सकारात्मक,फॉर्मूला वन,2
"रक्षा पंक्ति ने शानदार टैकल किया, और मुकाबला अपने पक्ष में झुका।",सकारात्मक,कबड्डी,2
"मुकाबले के इस चरण में मध्यक्रम ने दबाव में गलत शॉट चुना, जिससे रन गति गिर गई।",नकारात्मक,क्रिकेट,0
"मुकाबले के इस चरण में स्पिनर ने क्रीज पर आया, जिसके बाद दोनों दल अपनी योजना पर लौटे।",तटस्थ,क्रिकेट,1
"दबाव के बीच विंगर ने गेंद अपने पास रखी, और दोनों दल रणनीति पर काम करते रहे।",तटस्थ,फुटबॉल,1
"मुकाबले के इस चरण में आक्रामक दल ने शानदार गोल किया, जिससे वापसी सफल हुई।",सकारात्मक,फुटबॉल,2
"मुकाबले के इस चरण में मध्य मैदान के खिलाड़ी ने गलत पास दिया, और मुकाबला हाथ से निकलने लगा।",नकारात्मक,फुटबॉल,0
"इंजीनियर ने तेज सेवा दी, और प्रतिद्वंद्वी दबाव में आया।",सकारात्मक,फॉर्मूला वन,2
"निर्णायक समय पर कप्तान ने मैदान पर आने के बाद असर नहीं डाल सका, और दर्शकों में निराशा फैल गई 😞।",नकारात्मक,कबड्डी,0
"दल ने मैदान पर आने के बाद असर नहीं डाल सका, जिससे बढ़त कमजोर हुई।",नकारात्मक,कबड्डी,0
"दबाव के बीच गोलकीपर ने आक्रमण को रोक दिया, और दर्शक खुशी से झूम उठे 😀।",सकारात्मक,फुटबॉल,2
"दबाव के बीच युगल जोड़ी ने पीछे से प्रहार किया, जिसके बाद दोनों खिलाड़ी अपनी जगह लौटे।",तटस्थ,बैडमिंटन,1
"आज कप्तान ने तालमेल बनाया, जिसके बाद अगली रेड शुरू हुई।",तटस्थ,कबड्डी,1
"आज पिट दल ने टायरों का सही उपयोग किया, और प्रतिद्वंद्वी दबाव में आया।",सकारात्मक,फॉर्मूला वन,2
"दबाव के बीच तेज गेंदबाज ने एक ओवर पूरा किया, जिसके बाद दोनों दल अपनी योजना पर लौटे।",तटस्थ,क्रिकेट,1
"मुकाबले के इस चरण में रेडर ने लगातार अंक गंवाता रहा, और रणनीति विफल रही।",नकारात्मक,कबड्डी,0
"दबाव के बीच इंजीनियर ने आंकड़ों की समीक्षा की, और दौड़ आगे बढ़ी।",तटस्थ,फॉर्मूला वन,1
"आज बल्लेबाज ने पारी शुरू की, जिसके बाद अगला ओवर शुरू हुआ।",तटस्थ,क्रिकेट,1
"मध्य खिलाड़ी ने रेडर को घेरने की कोशिश की, और दोनों दल अगली चाल की तैयारी करने लगे।",तटस्थ,कबड्डी,1
"दबाव के बीच सर्विस करने वाले खिलाड़ी ने सटीक स्मैश लगाया, जिससे जीत की उम्मीद बढ़ी।",सकारात्मक,बैडमिंटन,2
"आज एकल खिलाड़ी ने बचाव में चूक गया, जिससे जीत कठिन हुई।",नकारात्मक,बैडमिंटन,0
"आज टायर दल ने मोड़ पर नियंत्रण खोया, जिससे जीत की उम्मीद कमजोर हुई।",नकारात्मक,फॉर्मूला वन,0
"विंगर ने आक्रमण शुरू किया, और मुकाबला सामान्य गति से चलता रहा।",तटस्थ,फुटबॉल,1
"निर्णायक समय पर नेट खिलाड़ी ने लंबी रैली गंवा बैठा, जिससे आत्मविश्वास घटा।",नकारात्मक,बैडमिंटन,0
"मुकाबले के इस चरण में रक्षक ने शानदार टैकल किया, और विपक्षी दबाव में आया।",सकारात्मक,कबड्डी,2
"मुकाबले के इस चरण में रक्षापंक्ति ने गलत पास दिया, जिससे आत्मविश्वास घटा।",नकारात्मक,फुटबॉल,0
"आज मध्य खिलाड़ी ने तालमेल खो बैठा, और रणनीति विफल रही।",नकारात्मक,कबड्डी,0
"निर्णायक समय पर निचला क्रम ने तेज प्रतिक्रिया से मौका बनाया, और दर्शकों में उत्साह फैल गया 😀।",सकारात्मक,क्रिकेट,2
"मध्यक्रम ने जल्दी विकेट गंवा बैठा, जिससे जीत की संभावना कमजोर हुई।",नकारात्मक,क्रिकेट,0
"दबाव के बीच मध्य खिलाड़ी ने तालमेल खो बैठा, और मुकाबला हाथ से निकलने लगा।",नकारात्मक,कबड्डी,0
"दबाव के बीच रक्षात्मक खिलाड़ी ने खाली जगह की ओर शटल भेजी, और मुकाबला सामान्य गति से चला।",तटस्थ,बैडमिंटन,1
"दबाव के बीच रक्षक ने मिलकर रेडर को रोका, जिससे बढ़त मजबूत हुई।",सकारात्मक,कबड्डी,2
"आज मुख्य रेडर ने निर्णायक अंक लिया, जिससे जरूरी अंक मिला।",सकारात्मक,कबड्डी,2
"निर्णायक समय पर बल्लेबाज ने तेज प्रतिक्रिया से मौका बनाया, और रणनीति कामयाब रही।",सकारात्मक,क्रिकेट,2
"निर्णायक समय पर निर्णायक अंक पर खिलाड़ी ने खाली जगह की ओर शटल भेजी, और मुकाबला सामान्य गति से चला।",तटस्थ,बैडमिंटन,1
"खिलाड़ी ने खाली जगह की ओर शटल भेजी, जिसके बाद दोनों खिलाड़ी अपनी जगह लौटे।",तटस्थ,बैडमिंटन,1
"निर्णायक समय पर कार ने बदलाव में समय गंवाया, और प्रतिद्वंद्वी को फायदा मिला।",नकारात्मक,फॉर्मूला वन,0
"कप्तान ने सही समय पर चुनौती नहीं दी, और दर्शकों में निराशा फैल गई 😞।",नकारात्मक,फुटबॉल,0
"दबाव के बीच आक्रामक दल ने गलत पास दिया, और विपक्षी को फायदा मिला।",नकारात्मक,फुटबॉल,0
"मुकाबले के इस चरण में चालक ने अंतिम चरण में गति बढ़ाई, और प्रशंसकों में उत्साह फैल गया 🏎️।",सकारात्मक,फॉर्मूला वन,2
"निर्णायक समय पर कप्तान ने अच्छा तालमेल दिखाया, जिससे जरूरी अंक मिला।",सकारात्मक,कबड्डी,2
"मुकाबले के इस चरण में टीम प्रबंधन ने तेज सेवा दी, और प्रतिद्वंद्वी दबाव में आया।",सकारात्मक,फॉर्मूला वन,2
"स्थानापन्न खिलाड़ी ने विपक्षी क्षेत्र की ओर बढ़ा, और खेल आगे बढ़ा।",तटस्थ,कबड्डी,1
"सहायक रक्षक ने मैदान पर आते ही असर डाला, और मुकाबला अपने पक्ष में झुका।",सकारात्मक,कबड्डी,2
"निर्णायक समय पर दल ने अच्छा तालमेल दिखाया, जिससे दल का आत्मविश्वास बढ़ा।",सकारात्मक,कबड्डी,2
"मुकाबले के इस चरण में मध्यक्रम ने बीच के ओवरों में महंगा साबित हुआ, और मुकाबला हाथ से निकलने लगा।",नकारात्मक,क्रिकेट,0
"निर्णायक समय पर कप्तान ने आसान मौका गंवाया, और मुकाबला हाथ से निकलने लगा।",नकारात्मक,फुटबॉल,0
"दबाव के बीच कप्तान ने बीच के ओवरों में दबाव बनाए रखा, और मुकाबला अपने पक्ष में झुक गया।",सकारात्मक,क्रिकेट,2
"निर्णायक समय पर युगल जोड़ी ने शटल आगे भेजी, जिसके बाद सर्विस बदली गई।",तटस्थ,बैडमिंटन,1
"मुकाबले के इस चरण में सलामी जोड़ी ने समय पर रणनीति बदली, जिससे दल का आत्मविश्वास बढ़ा।",सकारात्मक,क्रिकेट,2
"दबाव के बीच मध्यक्रम ने तेज प्रतिक्रिया से मौका बनाया, और दर्शकों में उत्साह फैल गया 😀।",सकारात्मक,क्रिकेट,2
"दबाव के बीच रक्षक ने आक्रमण को रोक दिया, और जीत की उम्मीद बढ़ी।",सकारात्मक,फुटबॉल,2
"निर्णायक समय पर रेस दल ने टायर बदलने में देरी की, और दल का मनोबल गिरा।",नकारात्मक,फॉर्मूला वन,0
"आज पिछली पंक्ति का खिलाड़ी ने पीछे से प्रहार किया, जिसके बाद सर्विस बदली गई।",तटस्थ,बैडमिंटन,1
"दौड़ दल ने अगले बदलाव की तैयारी की, जिसके बाद अगला चरण शुरू हुआ।",तटस्थ,फॉर्मूला वन,1
"मध्य खिलाड़ी ने मैदान पर आते ही असर डाला, और मुकाबला अपने पक्ष में झुका।",सकारात्मक,कबड्डी,2
"चालक ने अंतिम चरण में गति नहीं बढ़ा सका, और प्रतिद्वंद्वी को फायदा मिला।",नकारात्मक,फॉर्मूला वन,0
"विंगर ने समय पर बदलाव किया, जिससे वापसी सफल हुई।",सकारात्मक,फुटबॉल,2
"मुकाबले के इस चरण में मध्य क्षेत्र ने मैदान पर आते ही असर डाला, जिससे दल का आत्मविश्वास बढ़ा।",सकारात्मक,फुटबॉल,2
"मुकाबले के इस चरण में सलामी जोड़ी ने सटीक गेंदबाजी की, जिससे वापसी सफल हुई।",सकारात्मक,क्रिकेट,2
"निर्णायक समय पर रक्षापंक्ति ने विपक्षी हमले को रोका, और दोनों दल रणनीति पर काम करते रहे।",तटस्थ,फुटबॉल,1
"मुकाबले के इस चरण में मध्य क्षेत्र ने मैदान में प्रवेश किया, जिसके बाद गेंद फिर मध्य क्षेत्र में गई।",तटस्थ,फुटबॉल,1
"दबाव के बीच चालक ने ट्रैक की स्थिति देखी, और मुकाबला सामान्य गति से चला।",तटस्थ,फॉर्मूला वन,1
"दबाव के बीच रक्षक ने बिना अंक लौट आया, और मुकाबला हाथ से निकलने लगा।",नकारात्मक,कबड्डी,0
"तेज गेंदबाज ने देर से रणनीति बदली, जिससे जीत की संभावना कमजोर हुई।",नकारात्मक,क्रिकेट,0
"आज नेट खिलाड़ी ने बचाव की स्थिति ली, और मुकाबला सामान्य गति से चला।",तटस्थ,बैडमिंटन,1
"दबाव के बीच आक्रामक दल ने सटीक पास दिया, और दर्शक खुशी से झूम उठे 😀।",सकारात्मक,फुटबॉल,2
"रेडर ने रेडर को घेरने की कोशिश की, जिसके बाद खिलाड़ी अपनी जगह लौटे।",तटस्थ,कबड्डी,1
"निर्णायक समय पर स्थानापन्न खिलाड़ी ने रेडर को रोक नहीं पाया, जिससे दल का आत्मविश्वास घटा।",नकारात्मक,कबड्डी,0
"निर्णायक समय पर निर्णायक अंक पर खिलाड़ी ने पीछे से प्रहार किया, जिसके बाद सर्विस बदली गई।",तटस्थ,बैडमिंटन,1
"निर्णायक समय पर कार ने शानदार ओवरटेक किया, जिससे स्थान सुधरा।",सकारात्मक,फॉर्मूला वन,2
"आज रेस दल ने एक चक्कर पूरा किया, और मुकाबला सामान्य गति से चला।",तटस्थ,फॉर्मूला वन,1
"मुख्य चालक ने अंतिम चरण में गति बढ़ाई, जिससे जीत की उम्मीद बढ़ी।",सकारात्मक,फॉर्मूला वन,2
"निर्णायक समय पर नेट खिलाड़ी ने रणनीति में अच्छा बदलाव किया, और प्रतिद्वंद्वी दबाव में आया।",सकारात्मक,बैडमिंटन,2
"मुकाबले के इस चरण में विकेटकीपर ने कुछ रन जोड़े, और अगली गेंद खेली गई।",तटस्थ,क्रिकेट,1
"मुकाबले के इस चरण में स्थानापन्न खिलाड़ी ने मिलकर रेडर को रोका, जिससे दल का आत्मविश्वास बढ़ा।",सकारात्मक,कबड्डी,2
"निर्णायक समय पर चालक ने शानदार ओवरटेक किया, और प्रशंसकों में उत्साह फैल गया 🏎️।",सकारात्मक,फॉर्मूला वन,2
"मुकाबले के इस चरण में गेंदबाज ने अपनी जगह बदली, और मुकाबला सामान्य गति से चलता रहा।",तटस्थ,क्रिकेट,1
"दबाव के बीच खिलाड़ी ने पीछे से प्रहार किया, जिसके बाद अगली रैली शुरू हुई।",तटस्थ,बैडमिंटन,1
"दबाव के बीच मध्यक्रम ने जरूरी विकेट नहीं ले सका, और विपक्षी को बढ़त मिल गई।",नकारात्मक,क्रिकेट,0
"मुकाबले के इस चरण में दौड़ दल ने टायर बदले, और चालक ने अपनी स्थिति बनाए रखी।",तटस्थ,फॉर्मूला वन,1
"मुकाबले के इस चरण में मध्य खिलाड़ी ने निर्देश दिया, जिसके बाद खिलाड़ी अपनी जगह लौटे।",तटस्थ,कबड्डी,1
"चालक ने बदलाव में समय गंवाया, और प्रशंसकों में निराशा फैल गई 😞।",नकारात्मक,फॉर्मूला वन,0
"निर्णायक समय पर स्थानापन्न खिलाड़ी ने बोनस का मौका गंवाया, जिससे जरूरी अंक गंवा।",नकारात्मक,कबड्डी,0
"आज मुख्य चालक ने तेज बदलाव किया, जिससे समय का लाभ मिला।",सकारात्मक,फॉर्मूला वन,2
"मुकाबले के इस चरण में रक्षात्मक खिलाड़ी ने लंबी रैली जीती, जिससे जीत की उम्मीद बढ़ी।",सकारात्मक,बैडमिंटन,2
"मुकाबले के इस चरण में तेज गेंदबाज ने ढीली गेंदें डालता रहा, जिससे वापसी कठिन हुई।",नकारात्मक,क्रिकेट,0
"आज दल ने मैदान पर आते ही असर डाला, जिससे दल का आत्मविश्वास बढ़ा।",सकारात्मक,कबड्डी,2
"दबाव के बीच आक्रामक खिलाड़ी ने रैली जारी रखी, जिसके बाद दोनों खिलाड़ी अपनी जगह लौटे।",तटस्थ,बैडमिंटन,1
"आज मध्य क्षेत्र ने एक बदलाव किया, और अगला आक्रमण शुरू हुआ।",तटस्थ,फुटबॉल,1
"दल ने रेडर को घेरने की कोशिश की, और दोनों दल अगली चाल की तैयारी करने लगे।",तटस्थ,कबड्डी,1
"मुकाबले के इस चरण में अंतिम रेडर ने अगला अंक खेला, जिसके बाद अगली रेड शुरू हुई।",तटस्थ,कबड्डी,1
"निर्णायक समय पर कार ने टायर बदलने में देरी की, और दल का मनोबल गिरा।",नकारात्मक,फॉर्मूला वन,0
"दबाव के बीच नेट खिलाड़ी ने नेट के पास अंक गंवा दिया, और प्रतिद्वंद्वी दबाव में नहीं आया।",नकारात्मक,बैडमिंटन,0
"मुकाबले के इस चरण में रक्षक ने निर्देश दिया, जिसके बाद अगली रेड शुरू हुई।",तटस्थ,कबड्डी,1
"निर्णायक समय पर रक्षक ने सही समय पर चुनौती दी, जिससे वापसी सफल हुई।",सकारात्मक,फुटबॉल,2
"निर्णायक समय पर विकेटकीपर ने महत्वपूर्ण विकेट लिया, जिससे जीत की उम्मीद मजबूत हुई।",सकारात्मक,क्रिकेट,2
"दबाव के बीच सर्विस करने वाला खिलाड़ी ने नेट के पास अंक गंवा दिया, और दर्शकों में निराशा फैल गई 😞।",नकारात्मक,बैडमिंटन,0
"रेस दल ने ट्रैक की स्थिति देखी, और दौड़ आगे बढ़ी।",तटस्थ,फॉर्मूला वन,1
"आज स्थानापन्न खिलाड़ी ने टैकल में चूक गया, और दर्शकों में निराशा फैल गई 😞।",नकारात्मक,कबड्डी,0
"निर्णायक समय पर निर्णायक अंक पर खिलाड़ी ने रैली जारी रखी, जिसके बाद सर्विस बदली गई।",तटस्थ,बैडमिंटन,1
"मुकाबले के इस चरण में निचला क्रम ने एक ओवर पूरा किया, और पारी अपने क्रम में आगे बढ़ी।",तटस्थ,क्रिकेट,1
"निर्णायक समय पर मध्य खिलाड़ी ने रेड शुरू की, जिसके बाद अगला अंक खेला गया।",तटस्थ,कबड्डी,1
"आज स्थानापन्न खिलाड़ी ने तालमेल खो बैठा, जिससे दल का आत्मविश्वास घटा।",नकारात्मक,कबड्डी,0
"निर्णायक समय पर दल ने अगला अंक खेला, जिसके बाद अगला अंक खेला गया।",तटस्थ,कबड्डी,1
"मुकाबले के इस चरण में रक्षक ने आसान मौका गंवाया, जिससे वापसी कठिन हुई।",नकारात्मक,फुटबॉल,0
"रेडर ने समय पर बदलाव किया, और विपक्षी दबाव में आया।",सकारात्मक,कबड्डी,2
"दबाव के बीच स्पिनर ने जल्दी विकेट गंवा बैठा, और रणनीति विफल रही।",नकारात्मक,क्रिकेट,0
"दबाव के बीच विकेटकीपर ने अगली गेंद का सामना किया, जिसके बाद खेल आगे बढ़ा।",तटस्थ,क्रिकेट,1
"निर्णायक समय पर निचला क्रम ने बीच के ओवर में गेंदबाजी की, और पारी अपने क्रम में आगे बढ़ी।",तटस्थ,क्रिकेट,1
"दबाव के बीच रक्षक ने अच्छा तालमेल दिखाया, और दर्शक खुशी से झूम उठे 😀।",सकारात्मक,कबड्डी,2
"मुख्य रेडर ने मैदान पर आते ही असर डाला, जिससे जरूरी अंक मिला।",सकारात्मक,कबड्डी,2
"निचला क्रम ने संयम से पारी संभाली, जिससे रन गति सुधरी।",सकारात्मक,क्रिकेट,2
"मुकाबले के इस चरण में सलामी जोड़ी ने दबाव में सही शॉट चुना, जिससे वापसी सफल हुई।",सकारात्मक,क्रिकेट,2
"मुकाबले के इस चरण में विकेटकीपर ने दबाव में गलत शॉट चुना, और दर्शकों में निराशा फैल गई 😞।",नकारात्मक,क्रिकेट,0
"सहायक रक्षक ने रेडर को रोक नहीं पाया, जिससे बढ़त कमजोर हुई।",नकारात्मक,कबड्डी,0
"आज विकेटकीपर ने पारी शुरू की, जिसके बाद दोनों दल अपनी योजना पर लौटे।",तटस्थ,क्रिकेट,1
"रक्षापंक्ति ने बचाव में चूक गया, जिससे आत्मविश्वास घटा।",नकारात्मक,फुटबॉल,0
"दबाव के बीच मध्य क्षेत्र ने गलत पास दिया, और विपक्षी को फायदा मिला।",नकारात्मक,फुटबॉल,0
"निर्णायक समय पर कप्तान ने महत्वपूर्ण गेंद रोक नहीं पाया, जिससे वापसी कठिन हुई।",नकारात्मक,क्रिकेट,0
"मुकाबले के इस चरण में विकेटकीपर ने आसान मौका गंवा बैठा, जिससे दल का आत्मविश्वास घटा।",नकारात्मक,क्रिकेट,0
"निर्णायक समय पर मध्य मैदान के खिलाड़ी ने एक बदलाव किया, जिसके बाद खेल आगे बढ़ा।",तटस्थ,फुटबॉल,1
"रेस दल ने देर से निर्णय लिया, जिससे समय का नुकसान हुआ।",नकारात्मक,फॉर्मूला वन,0
"दबाव के बीच सहायक रक्षक ने लगातार अंक गंवाता रहा, और विपक्षी दबाव में नहीं आया।",नकारात्मक,कबड्डी,0
"आज एकल खिलाड़ी ने गलत समय पर आक्रमण किया, जिससे आत्मविश्वास घटा।",नकारात्मक,बैडमिंटन,0
"मुकाबले के इस चरण में स्थानापन्न खिलाड़ी ने समय पर बदलाव किया, और मुकाबला अपने पक्ष में झुका।",सकारात्मक,कबड्डी,2
"स्थानापन्न खिलाड़ी ने अपनी जगह छोड़ दी, जिससे आत्मविश्वास घटा।",नकारात्मक,फुटबॉल,0
"निर्णायक समय पर मध्य मैदान के खिलाड़ी ने मैदान पर आने के बाद असर नहीं डाल सका, और विपक्षी को फायदा मिला।",नकारात्मक,फुटबॉल,0
"मुकाबले के इस चरण में सलामी जोड़ी ने आसान मौका गंवा बैठा, जिससे रन गति गिर गई।",नकारात्मक,क्रिकेट,0
"निर्णायक समय पर गेंदबाज ने क्रीज पर आया, और मुकाबला सामान्य गति से चलता रहा।",तटस्थ,क्रिकेट,1
"मुकाबले के इस चरण में स्थानापन्न खिलाड़ी ने बचाव में चूक गया, जिससे गोल का अवसर चला गया।",नकारात्मक,फुटबॉल,0
"निर्णायक समय पर कप्तान ने आक्रमण को रोक दिया, और दर्शक खुशी से झूम उठे 😀।",सकारात्मक,फुटबॉल,2
"निर्णायक समय पर विकेटकीपर ने मजबूत साझेदारी बनाई, जिससे जीत की उम्मीद मजबूत हुई।",सकारात्मक,क्रिकेट,2
"आज कप्तान ने नेट के पास दबाव बनाया, और मुकाबला अपने पक्ष में झुका।",सकारात्मक,बैडमिंटन,2
"निर्णायक समय पर सहायक रक्षक ने तालमेल खो बैठा, जिससे बढ़त कमजोर हुई।",नकारात्मक,कबड्डी,0
"आज रक्षक ने निर्णायक अंक नहीं ले सका, और रणनीति विफल रही।",नकारात्मक,कबड्डी,0
"निर्णायक समय पर मध्य खिलाड़ी ने अपनी जगह संभाली, और खेल आगे बढ़ा।",तटस्थ,कबड्डी,1
"मुकाबले के इस चरण में मुख्य चालक ने तालमेल नहीं बना पाया, जिससे जीत की उम्मीद कमजोर हुई।",नकारात्मक,फॉर्मूला वन,0
"निर्णायक समय पर मध्य मैदान के खिलाड़ी ने अपनी जगह छोड़ दी, और विपक्षी को फायदा मिला।",नकारात्मक,फुटबॉल,0
"दबाव के बीच दौड़ दल ने तेज सेवा दी, जिससे स्थान सुधरा।",सकारात्मक,फॉर्मूला वन,2
"निर्णायक समय पर चालक ने मोड़ पार किया, जिसके बाद अगला चरण शुरू हुआ।",तटस्थ,फॉर्मूला वन,1
"मुकाबले के इस चरण में आक्रामक दल ने अपनी जगह संभाली, जिसके बाद गेंद फिर मध्य क्षेत्र में गई।",तटस्थ,फुटबॉल,1
"आज दल ने शानदार टैकल किया, जिससे बढ़त मजबूत हुई।",सकारात्मक,कबड्डी,2
"निर्णायक समय पर निर्णायक अंक पर खिलाड़ी ने सर्विस पर नियंत्रण खो बैठा, और वापसी का मौका कम हुआ।",नकारात्मक,बैडमिंटन,0
"आज नेट खिलाड़ी ने सही समय पर आक्रमण किया, जिससे निर्णायक अंक मिला।",सकारात्मक,बैडमिंटन,2
"स्थानापन्न खिलाड़ी ने अपनी जगह संभाली, जिसके बाद अगला अंक खेला गया।",तटस्थ,कबड्डी,1
"आज गोलकीपर ने मैदान पर आते ही असर डाला, और दर्शक खुशी से झूम उठे 😀।",सकारात्मक,फुटबॉल,2
"निर्णायक समय पर सहायक रक्षक ने अपनी जगह संभाली, जिसके बाद अगला अंक खेला गया।",तटस्थ,कबड्डी,1
"टीम प्रबंधन ने दौड़ की योजना देखी, जिसके बाद कार फिर ट्रैक पर आई।",तटस्थ,फॉर्मूला वन,1
"निर्णायक समय पर विंगर ने मैदान में प्रवेश किया, और अगला आक्रमण शुरू हुआ।",तटस्थ,फुटबॉल,1
"आज पिछली पंक्ति का खिलाड़ी ने देर से प्रतिक्रिया दी, जिससे आत्मविश्वास घटा।",नकारात्मक,बैडमिंटन,0
"आज चालक ने अपनी गति बनाए रखी, जिसके बाद अगला चरण शुरू हुआ।",तटस्थ,फॉर्मूला वन,1
"मुकाबले के इस चरण में विकेटकीपर ने अपनी जगह बदली, जिसके बाद दोनों दल अपनी योजना पर लौटे।",तटस्थ,क्रिकेट,1
"दबाव के बीच निर्णायक अंक पर खिलाड़ी ने खाली जगह नहीं पहचान पाया, और दर्शकों में निराशा फैल गई 😞।",नकारात्मक,बैडमिंटन,0
"निर्णायक समय पर रक्षात्मक खिलाड़ी ने सर्विस की, और मुकाबला सामान्य गति से चला।",तटस्थ,बैडमिंटन,1
"आज मध्यक्रम ने साझेदारी नहीं बना सका, जिससे जीत की संभावना कमजोर हुई।",नकारात्मक,क्रिकेट,0
"युगल जोड़ी ने रणनीति में अच्छा बदलाव किया, और वापसी सफल हुई।",सकारात्मक,बैडमिंटन,2
"कप्तान ने पारी शुरू की, जिसके बाद दोनों दल अपनी योजना पर लौटे।",तटस्थ,क्रिकेट,1
"आज आक्रामक दल ने खिलाड़ियों के बीच गेंद घुमाई, जिसके बाद खिलाड़ी अपनी जगह लौटे।",तटस्थ,फुटबॉल,1
"निर्णायक अंक पर खिलाड़ी ने खाली जगह नहीं पहचान पाया, जिससे बढ़त कमजोर हुई।",नकारात्मक,बैडमिंटन,0
"आज कप्तान ने समय पर रणनीति बदली, जिससे रन गति सुधरी।",सकारात्मक,क्रिकेट,2
"मुकाबले के इस चरण में मुख्य रेडर ने रक्षा की स्थिति बनाई, और खेल आगे बढ़ा।",तटस्थ,कबड्डी,1
"आज मध्यक्रम ने अपनी जगह बदली, और मुकाबला सामान्य गति से चलता रहा।",तटस्थ,क्रिकेट,1
"दबाव के बीच आक्रामक दल ने बचाव में चूक गया, जिससे गोल का अवसर चला गया।",नकारात्मक,फुटबॉल,0
"निर्णायक समय पर निचला क्रम ने आसान मौका गंवा बैठा, जिससे वापसी कठिन हुई।",नकारात्मक,क्रिकेट,0
"दबाव के बीच मध्य मैदान के खिलाड़ी ने तेज तालमेल दिखाया, और विपक्षी दबाव में आया।",सकारात्मक,फुटबॉल,2
"निर्णायक समय पर विंगर ने विपक्षी हमले को रोका, और दोनों दल रणनीति पर काम करते रहे।",तटस्थ,फुटबॉल,1
"एकल खिलाड़ी ने सर्विस पर नियंत्रण रखा, जिससे निर्णायक अंक मिला।",सकारात्मक,बैडमिंटन,2
"मुकाबले के इस चरण में सहायक रक्षक ने निर्णायक अंक लिया, और विपक्षी दबाव में आया।",सकारात्मक,कबड्डी,2
"दल ने रेडर को रोक नहीं पाया, और रणनीति विफल रही।",नकारात्मक,कबड्डी,0
"निर्णायक समय पर मुख्य चालक ने बदलाव में समय गंवाया, जिससे समय का नुकसान हुआ।",नकारात्मक,फॉर्मूला वन,0
"मुकाबले के इस चरण में आक्रामक दल ने गोल की ओर गेंद भेजी, और मुकाबला सामान्य गति से चलता रहा।",तटस्थ,फुटबॉल,1
"निर्णायक समय पर विकेटकीपर ने तेज प्रतिक्रिया से मौका बनाया, जिससे जीत की उम्मीद मजबूत हुई।",सकारात्मक,क्रिकेट,2
"मुकाबले के इस चरण में क्षेत्ररक्षक ने तेज प्रतिक्रिया से मौका बनाया, और मुकाबला अपने पक्ष में झुक गया।",सकारात्मक,क्रिकेट,2
"दबाव के बीच आक्रामक खिलाड़ी ने कठिन शटल नहीं लौटा सका, और प्रतिद्वंद्वी दबाव में नहीं आया।",नकारात्मक,बैडमिंटन,0
"दबाव के बीच युगल जोड़ी ने सर्विस पर नियंत्रण खो बैठा, जिससे आत्मविश्वास घटा।",नकारात्मक,बैडमिंटन,0
"मुकाबले के इस चरण में निर्णायक अंक पर खिलाड़ी ने नेट के पास अंक गंवा दिया, जिससे आत्मविश्वास घटा।",नकारात्मक,बैडमिंटन,0
"कप्तान ने सटीक गेंदबाजी की, और रणनीति कामयाब रही।",सकारात्मक,क्रिकेट,2
"दबाव के बीच स्थानापन्न खिलाड़ी ने खिलाड़ियों के बीच गेंद घुमाई, और अगला आक्रमण शुरू हुआ।",तटस्थ,फुटबॉल,1
"हमलावर ने आक्रमण शुरू किया, और मुकाबला सामान्य गति से चलता रहा।",तटस्थ,फुटबॉल,1
"दबाव के बीच स्थानापन्न खिलाड़ी ने पास आगे बढ़ाया, जिसके बाद खिलाड़ी अपनी जगह लौटे।",तटस्थ,फुटबॉल,1
"निर्णायक समय पर क्षेत्ररक्षक ने दबाव में सही शॉट चुना, जिससे वापसी सफल हुई।",सकारात्मक,क्रिकेट,2
"मुकाबले के इस चरण में बल्लेबाज ने गेंद संभाली, जिसके बाद दोनों दल अपनी योजना पर लौटे।",तटस्थ,क्रिकेट,1
"दबाव के बीच तेज गेंदबाज ने बीच के ओवर में गेंदबाजी की, जिसके बाद दोनों दल अपनी योजना पर लौटे।",तटस्थ,क्रिकेट,1
"आज चालक ने बदलाव में समय गंवाया, जिससे स्थान गिरा।",नकारात्मक,फॉर्मूला वन,0
"मुकाबले के इस चरण में अंतिम रेडर ने निर्णायक अंक लिया, और मुकाबला अपने पक्ष में झुका।",सकारात्मक,कबड्डी,2
"दबाव के बीच निचला क्रम ने पारी शुरू की, जिसके बाद अगला ओवर शुरू हुआ।",तटस्थ,क्रिकेट,1
"रक्षक ने दबाव नहीं बना सका, और दर्शकों में निराशा फैल गई 😞।",नकारात्मक,फुटबॉल,0
"निर्णायक समय पर विकेटकीपर ने ढीली गेंदें डालता रहा, जिससे दल का आत्मविश्वास घटा।",नकारात्मक,क्रिकेट,0
"मुकाबले के इस चरण में मध्य मैदान के खिलाड़ी ने सही समय पर चुनौती दी, और दर्शक खुशी से झूम उठे 😀।",सकारात्मक,फुटबॉल,2
"मुकाबले के इस चरण में अंतिम रेडर ने रेडर को घेरने की कोशिश की, जिसके बाद अगली रेड शुरू हुई।",तटस्थ,कबड्डी,1
"विकेटकीपर ने अगली गेंद का सामना किया, जिसके बाद दोनों दल अपनी योजना पर लौटे।",तटस्थ,क्रिकेट,1
"आज मध्य मैदान के खिलाड़ी ने गोल की ओर गेंद भेजी, और मुकाबला सामान्य गति से चलता रहा।",तटस्थ,फुटबॉल,1
"दबाव के बीच नेट खिलाड़ी ने सर्विस पर नियंत्रण रखा, जिससे बढ़त मजबूत हुई।",सकारात्मक,बैडमिंटन,2
"आज रणनीति दल ने दबाव में धैर्य रखा, और दौड़ का रुख बदला।",सकारात्मक,फॉर्मूला वन,2
"निर्णायक समय पर रक्षापंक्ति ने देर से बदलाव किया, और मुकाबला हाथ से निकलने लगा।",नकारात्मक,फुटबॉल,0
"मुकाबले के इस चरण में चालक ने टायर बदलने में देरी की, जिससे स्थान गिरा।",नकारात्मक,फॉर्मूला वन,0
"मुकाबले के इस चरण में स्थानापन्न खिलाड़ी ने अगली रेड की तैयारी की, जिसके बाद खिलाड़ी अपनी जगह लौटे।",तटस्थ,कबड्डी,1
"एकल खिलाड़ी ने शटल आगे भेजी, और खेल आगे बढ़ा।",तटस्थ,बैडमिंटन,1
"दबाव के बीच सर्विस करने वाला खिलाड़ी ने देर से प्रतिक्रिया दी, जिससे बढ़त कमजोर हुई।",नकारात्मक,बैडमिंटन,0
"स्थानापन्न खिलाड़ी ने मजबूत घेरा बनाया, और दर्शक खुशी से झूम उठे 😀।",सकारात्मक,कबड्डी,2
"मुकाबले के इस चरण में तेज गेंदबाज ने बीच के ओवर में गेंदबाजी की, और पारी अपने क्रम में आगे बढ़ी।",तटस्थ,क्रिकेट,1
"दबाव के बीच गेंदबाज ने महत्वपूर्ण विकेट लिया, और मुकाबला अपने पक्ष में झुक गया।",सकारात्मक,क्रिकेट,2
"निर्णायक समय पर चालक ने तेज बदलाव किया, और दौड़ का रुख बदला।",सकारात्मक,फॉर्मूला वन,2
"मध्यक्रम ने बीच के ओवरों में महंगा साबित हुआ, जिससे जीत की संभावना कमजोर हुई।",नकारात्मक,क्रिकेट,0
"दबाव के बीच कप्तान ने आसान मौका गंवा बैठा, और रणनीति विफल रही।",नकारात्मक,क्रिकेट,0
"आज रक्षक ने आसान मौका गंवाया, और योजना विफल रही।",नकारात्मक,फुटबॉल,0
"तेज गेंदबाज ने बीच के ओवरों में महंगा साबित हुआ, जिससे रन गति गिर गई।",नकारात्मक,क्रिकेट,0
"दबाव के बीच कार ने मोड़ पर नियंत्रण खोया, और दौड़ का रुख बिगड़ा।",नकारात्मक,फॉर्मूला वन,0
"निर्णायक समय पर सहायक रक्षक ने बोनस का मौका गंवाया, जिससे दल का आत्मविश्वास घटा।",नकारात्मक,कबड्डी,0
"मुकाबले के इस चरण में निर्णायक अंक पर खिलाड़ी ने स्मैश बाहर मार बैठा, जिससे जीत कठिन हुई।",नकारात्मक,बैडमिंटन,0
"निर्णायक समय पर मध्य मैदान के खिलाड़ी ने आसान मौका गंवाया, और योजना विफल रही।",नकारात्मक,फुटबॉल,0
"आज गोलकीपर ने देर से बदलाव किया, और विपक्षी को फायदा मिला।",नकारात्मक,फुटबॉल,0
"दबाव के बीच मध्यक्रम ने जल्दी विकेट गंवा बैठा, जिससे दल का आत्मविश्वास घटा।",नकारात्मक,क्रिकेट,0
"निर्णायक समय पर क्षेत्ररक्षक ने बीच के ओवरों में दबाव बनाए रखा, और रणनीति कामयाब रही।",सकारात्मक,क्रिकेट,2
"मुकाबले के इस चरण में टायर दल ने अंतिम चरण में गति नहीं बढ़ा सका, और दल का मनोबल गिरा।",नकारात्मक,फॉर्मूला वन,0
"आज मध्य क्षेत्र ने सही समय पर चुनौती दी, और मुकाबला अपने पक्ष में झुक गया।",सकारात्मक,फुटबॉल,2
"टायर दल ने शानदार ओवरटेक किया, और प्रशंसकों में उत्साह फैल गया 🏎️।",सकारात्मक,फॉर्मूला वन,2
"आज चालक ने अंतिम चरण में गति बढ़ाई, और प्रशंसकों में उत्साह फैल गया 🏎️।",सकारात्मक,फॉर्मूला वन,2
"मुकाबले के इस चरण में रणनीति दल ने अपनी गति बनाए रखी, और मुकाबला सामान्य गति से चला।",तटस्थ,फॉर्मूला वन,1
"मध्य खिलाड़ी ने रेडर को रोक नहीं पाया, जिससे जरूरी अंक गंवा।",नकारात्मक,कबड्डी,0
"निर्णायक समय पर बल्लेबाज ने मजबूत साझेदारी बनाई, जिससे रन गति सुधरी।",सकारात्मक,क्रिकेट,2
"विंगर ने तालमेल खो दिया, जिससे गोल का अवसर चला गया।",नकारात्मक,फुटबॉल,0
"दबाव के बीच बल्लेबाज ने तेज प्रतिक्रिया से मौका बनाया, जिससे दल का आत्मविश्वास बढ़ा।",सकारात्मक,क्रिकेट,2
"मुकाबले के इस चरण में दल ने तालमेल बनाया, जिसके बाद अगला अंक खेला गया।",तटस्थ,कबड्डी,1
"मुकाबले के इस चरण में सहायक रक्षक ने विपक्षी क्षेत्र की ओर बढ़ा, और मुकाबला सामान्य गति से चला।",तटस्थ,कबड्डी,1
"आज कप्तान ने अगला शॉट खेला, जिसके बाद सर्विस बदली गई।",तटस्थ,बैडमिंटन,1
"दबाव के बीच सर्विस करने वाला खिलाड़ी ने रणनीति में सुधार नहीं कर सका, और प्रतिद्वंद्वी दबाव में नहीं आया।",नकारात्मक,बैडमिंटन,0
"मध्य खिलाड़ी ने रेड शुरू की, और मुकाबला सामान्य गति से चला।",तटस्थ,कबड्डी,1
"कप्तान ने अपनी जगह संभाली, और मुकाबला सामान्य गति से चला।",तटस्थ,कबड्डी,1
"दबाव के बीच बल्लेबाज ने सटीक गेंदबाजी की, और मुकाबला अपने पक्ष में झुक गया।",सकारात्मक,क्रिकेट,2
"दबाव के बीच कार ने दौड़ की योजना पर काम किया, जिसके बाद अगला चक्कर शुरू हुआ।",तटस्थ,फॉर्मूला वन,1
"निर्णायक समय पर गेंदबाज ने क्रीज पर आया, और पारी अपने क्रम में आगे बढ़ी।",तटस्थ,क्रिकेट,1
"निर्णायक समय पर विंगर ने सटीक पास दिया, और मुकाबला अपने पक्ष में झुक गया।",सकारात्मक,फुटबॉल,2
"निर्णायक समय पर गोलकीपर ने अपनी जगह छोड़ दी, जिससे गोल का अवसर चला गया।",नकारात्मक,फुटबॉल,0
"मुकाबले के इस चरण में क्षेत्ररक्षक ने जल्दी विकेट गंवा बैठा, और मुकाबला हाथ से निकलने लगा।",नकारात्मक,क्रिकेट,0
"निर्णायक समय पर रेस दल ने एक चक्कर पूरा किया, और मुकाबला सामान्य गति से चला।",तटस्थ,फॉर्मूला वन,1
"आज सलामी जोड़ी ने कुछ रन जोड़े, और अगली गेंद खेली गई।",तटस्थ,क्रिकेट,1
"आज मुख्य रेडर ने रेडर को रोक नहीं पाया, और दर्शकों में निराशा फैल गई 😞।",नकारात्मक,कबड्डी,0
"आज विकेटकीपर ने अंतिम ओवरों में गति बढ़ाई, जिससे जीत की उम्मीद मजबूत हुई।",सकारात्मक,क्रिकेट,2
"निर्णायक समय पर आक्रामक खिलाड़ी ने खाली जगह की ओर शटल भेजी, जिसके बाद दोनों खिलाड़ी अपनी जगह लौटे।",तटस्थ,बैडमिंटन,1
"दबाव के बीच टायर दल ने अगले बदलाव की तैयारी की, और दौड़ आगे बढ़ी।",तटस्थ,फॉर्मूला वन,1
"दबाव के बीच हमलावर ने अपनी जगह छोड़ दी, जिससे बढ़त कमजोर हुई।",नकारात्मक,फुटबॉल,0
"रक्षक ने मैदान पर आने के बाद असर नहीं डाल सका, और दर्शकों में निराशा फैल गई 😞।",नकारात्मक,कबड्डी,0
"मुकाबले के इस चरण में चालक ने मोड़ पर नियंत्रण रखा, और प्रतिद्वंद्वी दबाव में आया।",सकारात्मक,फॉर्मूला वन,2
"निर्णायक समय पर कप्तान ने महत्वपूर्ण विकेट लिया, और विपक्षी दबाव में आ गया।",सकारात्मक,क्रिकेट,2
"निर्णायक समय पर गोलकीपर ने गोल की ओर गेंद भेजी, और अगला आक्रमण शुरू हुआ।",तटस्थ,फुटबॉल,1
"मुकाबले के इस चरण में विंगर ने गेंद पकड़ी, और मुकाबला सामान्य गति से चलता रहा।",तटस्थ,फुटबॉल,1
"मुकाबले के इस चरण में मुख्य चालक ने सही समय पर निर्णय लिया, जिससे समय का लाभ मिला।",सकारात्मक,फॉर्मूला वन,2
"टायर दल ने ट्रैक की स्थिति देखी, जिसके बाद अगला चरण शुरू हुआ।",तटस्थ,फॉर्मूला वन,1
"मुकाबले के इस चरण में मध्य मैदान के खिलाड़ी ने मैदान में प्रवेश किया, जिसके बाद गेंद फिर मध्य क्षेत्र में गई।",तटस्थ,फुटबॉल,1
"स्थानापन्न खिलाड़ी ने निर्णायक अंक लिया, और जीत की उम्मीद बढ़ी।",सकारात्मक,कबड्डी,2
"मुकाबले के इस चरण में रणनीति दल ने लगातार अच्छा तालमेल रखा, जिससे समय का लाभ मिला।",सकारात्मक,फॉर्मूला वन,2
"मुकाबले के इस चरण में निर्णायक अंक पर खिलाड़ी ने नेट के पास दबाव बनाया, और मुकाबला अपने पक्ष में झुका।",सकारात्मक,बैडमिंटन,2
"निर्णायक समय पर अंतिम रेडर ने निर्देश दिया, जिसके बाद अगला अंक खेला गया।",तटस्थ,कबड्डी,1
"आज नेट खिलाड़ी ने बचाव में चूक गया, और मुकाबला विपक्षी की ओर झुका।",नकारात्मक,बैडमिंटन,0
"दबाव के बीच मध्यक्रम ने ढीली गेंदें डालता रहा, और मुकाबला हाथ से निकलने लगा।",नकारात्मक,क्रिकेट,0
"स्पिनर ने बीच के ओवरों में दबाव बनाए रखा, और रणनीति कामयाब रही।",सकारात्मक,क्रिकेट,2
"निर्णायक समय पर टीम प्रबंधन ने टायरों का सही उपयोग किया, जिससे जीत की उम्मीद बढ़ी।",सकारात्मक,फॉर्मूला वन,2
"आज कप्तान ने रेडर को घेरने की कोशिश की, और मुकाबला सामान्य गति से चला।",तटस्थ,कबड्डी,1
"आज खिलाड़ी ने रणनीति पर चर्चा की, जिसके बाद सर्विस बदली गई।",तटस्थ,बैडमिंटन,1
"दबाव के बीच मध्य खिलाड़ी ने रेडर को रोक नहीं पाया, और दर्शकों में निराशा फैल गई 😞।",नकारात्मक,कबड्डी,0
"कप्तान ने स्मैश बाहर मार बैठा, और दर्शकों में निराशा फैल गई 😞।",नकारात्मक,बैडमिंटन,0
"दबाव के बीच कप्तान ने देर से रणनीति बदली, और दर्शकों में निराशा फैल गई 😞।",नकारात्मक,क्रिकेट,0
"दबाव के बीच कार ने लगातार अच्छा तालमेल रखा, जिससे जीत की उम्मीद बढ़ी।",सकारात्मक,फॉर्मूला वन,2
"मुकाबले के इस चरण में आक्रामक खिलाड़ी ने लंबी रैली जीती, जिससे आत्मविश्वास बढ़ा।",सकारात्मक,बैडमिंटन,2
"आज नेट खिलाड़ी ने नेट पर शटल रोकी, जिसके बाद सर्विस बदली गई।",तटस्थ,बैडमिंटन,1
"आज अंतिम रेडर ने मैदान पर आते ही असर डाला, और विपक्षी दबाव में आया।",सकारात्मक,कबड्डी,2
"मुकाबले के इस चरण में दल ने देर से बदलाव किया, और विपक्षी दबाव में नहीं आया।",नकारात्मक,कबड्डी,0
"सलामी जोड़ी ने अंतिम ओवरों में नियंत्रण खो बैठा, और रणनीति विफल रही।",नकारात्मक,क्रिकेट,0
"निर्णायक समय पर निर्णायक अंक पर खिलाड़ी ने पीछे से प्रहार किया, जिसके बाद अगली रैली शुरू हुई।",तटस्थ,बैडमिंटन,1
"हमलावर ने कठिन बचाव किया, और दर्शक खुशी से झूम उठे 😀।",सकारात्मक,फुटबॉल,2
"मुकाबले के इस चरण में क्षेत्ररक्षक ने बीच के ओवर में गेंदबाजी की, और मुकाबला सामान्य गति से चलता रहा।",तटस्थ,क्रिकेट,1
"आज हमलावर ने विपक्षी हमले को रोका, जिसके बाद खेल आगे बढ़ा।",तटस्थ,फुटबॉल,1
"आज रक्षक ने लगातार दबाव बनाया, और मुकाबला अपने पक्ष में झुक गया।",सकारात्मक,फुटबॉल,2
"आज कप्तान ने नेट के पास दबाव बनाया, जिससे बढ़त मजबूत हुई।",सकारात्मक,बैडमिंटन,2
"कप्तान ने पीछे से प्रहार किया, और खेल आगे बढ़ा।",तटस्थ,बैडमिंटन,1
"दबाव के बीच रणनीति दल ने टायरों का सही उपयोग किया, जिससे समय का लाभ मिला।",सकारात्मक,फॉर्मूला वन,2
"दबाव के बीच निचला क्रम ने सटीक गेंदबाजी की, जिससे वापसी सफल हुई।",सकारात्मक,क्रिकेट,2
"दबाव के बीच मुख्य रेडर ने घेरा टूटने दिया, जिससे वापसी कठिन हुई।",नकारात्मक,कबड्डी,0
"मुकाबले के इस चरण में अंतिम रेडर ने रेड शुरू की, जिसके बाद खिलाड़ी अपनी जगह लौटे।",तटस्थ,कबड्डी,1
"कप्तान ने नेट पर शटल रोकी, जिसके बाद सर्विस बदली गई।",तटस्थ,बैडमिंटन,1
"आज टायर दल ने एक चक्कर पूरा किया, जिसके बाद अगला चरण शुरू हुआ।",तटस्थ,फॉर्मूला वन,1
"निर्णायक समय पर रक्षक ने पास आगे बढ़ाया, और मुकाबला सामान्य गति से चलता रहा।",तटस्थ,फुटबॉल,1
"मुकाबले के इस चरण में निर्णायक अंक पर खिलाड़ी ने रणनीति पर चर्चा की, और मुकाबला सामान्य गति से चला।",तटस्थ,बैडमिंटन,1
"आज रेडर ने देर से बदलाव किया, और विपक्षी दबाव में नहीं आया।",नकारात्मक,कबड्डी,0
"निर्णायक समय पर सहायक रक्षक ने तालमेल खो बैठा, और विपक्षी दबाव में नहीं आया।",नकारात्मक,कबड्डी,0
"दबाव के बीच दौड़ दल ने आंकड़ों की समीक्षा की, और दौड़ आगे बढ़ी।",तटस्थ,फॉर्मूला वन,1
"आज आक्रामक खिलाड़ी ने रैली जारी रखी, जिसके बाद अगली रैली शुरू हुई।",तटस्थ,बैडमिंटन,1
"निर्णायक समय पर स्पिनर ने मजबूत साझेदारी बनाई, और मुकाबला अपने पक्ष में झुक गया।",सकारात्मक,क्रिकेट,2
"निर्णायक समय पर चालक ने देर से निर्णय लिया, और प्रशंसकों में निराशा फैल गई 😞।",नकारात्मक,फॉर्मूला वन,0
"आज गोलकीपर ने अपनी जगह संभाली, और मुकाबला सामान्य गति से चलता रहा।",तटस्थ,फुटबॉल,1
"रक्षक ने दबाव नहीं बना सका, और मुकाबला हाथ से निकलने लगा।",नकारात्मक,फुटबॉल,0
"मुकाबले के इस चरण में अंतिम रेडर ने मिलकर रेडर को रोका, और जीत की उम्मीद बढ़ी।",सकारात्मक,कबड्डी,2
"मुकाबले के इस चरण में पिछली पंक्ति का खिलाड़ी ने सर्विस पर नियंत्रण खो बैठा, जिससे निर्णायक अंक हाथ से गया।",नकारात्मक,बैडमिंटन,0
"दबाव के बीच निर्णायक अंक पर खिलाड़ी ने कठिन शटल नहीं लौटा सका, और दर्शकों में निराशा फैल गई 😞।",नकारात्मक,बैडमिंटन,0
"विकेटकीपर ने मजबूत साझेदारी बनाई, और विपक्षी दबाव में आ गया।",सकारात्मक,क्रिकेट,2
"मुकाबले के इस चरण में मध्य क्षेत्र ने समय पर बदलाव किया, जिससे बढ़त मजबूत हुई।",सकारात्मक,फुटबॉल,2
"निर्णायक समय पर स्थानापन्न खिलाड़ी ने लगातार अंक गंवाता रहा, और रणनीति विफल रही।",नकारात्मक,कबड्डी,0
"बल्लेबाज ने देर से रणनीति बदली, जिससे दल का आत्मविश्वास घटा।",नकारात्मक,क्रिकेट,0
"कप्तान ने गेंद संभाली, जिसके बाद दोनों दल अपनी योजना पर लौटे।",तटस्थ,क्रिकेट,1
"आज अंतिम रेडर ने निर्देश दिया, और दोनों दल अगली चाल की तैयारी करने लगे।",तटस्थ,कबड्डी,1
"निर्णायक समय पर आक्रामक खिलाड़ी ने लंबी रैली जीती, और दर्शकों ने तालियां बजाईं 👏।",सकारात्मक,बैडमिंटन,2
"मुकाबले के इस चरण में निचला क्रम ने एक ओवर पूरा किया, जिसके बाद दोनों दल अपनी योजना पर लौटे।",तटस्थ,क्रिकेट,1
"निर्णायक समय पर मुख्य चालक ने दौड़ की योजना देखी, जिसके बाद अगला चरण शुरू हुआ।",तटस्थ,फॉर्मूला वन,1
"दबाव के बीच मध्य खिलाड़ी ने रेडर को रोक नहीं पाया, और विपक्षी दबाव में नहीं आया।",नकारात्मक,कबड्डी,0
"निर्णायक समय पर आक्रामक खिलाड़ी ने सर्विस पर नियंत्रण रखा, और मुकाबला अपने पक्ष में झुका।",सकारात्मक,बैडमिंटन,2
"निर्णायक समय पर निर्णायक अंक पर खिलाड़ी ने सर्विस पर नियंत्रण रखा, जिससे बढ़त मजबूत हुई।",सकारात्मक,बैडमिंटन,2
"मुकाबले के इस चरण में कप्तान ने तालमेल खो दिया, और विपक्षी को फायदा मिला।",नकारात्मक,फुटबॉल,0
"मुकाबले के इस चरण में टीम प्रबंधन ने शानदार ओवरटेक किया, और प्रशंसकों में उत्साह फैल गया 🏎️।",सकारात्मक,फॉर्मूला वन,2
"मुकाबले के इस चरण में रक्षक ने सही समय पर बोनस लिया, जिससे जरूरी अंक मिला।",सकारात्मक,कबड्डी,2
"मुकाबले के इस चरण में सलामी जोड़ी ने दबाव में सही शॉट चुना, और मुकाबला अपने पक्ष में झुक गया।",सकारात्मक,क्रिकेट,2
"रक्षक ने अच्छा तालमेल दिखाया, और जीत की उम्मीद बढ़ी।",सकारात्मक,कबड्डी,2
"चालक ने अंतिम चरण में गति बढ़ाई, और दल का मनोबल ऊंचा हुआ।",सकारात्मक,फॉर्मूला वन,2
"रेस दल ने तालमेल नहीं बना पाया, जिससे पोडियम की संभावना घटी।",नकारात्मक,फॉर्मूला वन,0
"निर्णायक समय पर रक्षा पंक्ति ने मैदान में प्रवेश किया, और मुकाबला सामान्य गति से चला।",तटस्थ,कबड्डी,1
"निर्णायक समय पर निर्णायक अंक पर खिलाड़ी ने सर्विस पर नियंत्रण रखा, जिससे जीत की उम्मीद बढ़ी।",सकारात्मक,बैडमिंटन,2
"युगल जोड़ी ने सटीक स्मैश लगाया, और मुकाबला अपने पक्ष में झुका।",सकारात्मक,बैडमिंटन,2
"मुकाबले के इस चरण में विंगर ने आसान मौका गंवाया, और दर्शकों में निराशा फैल गई 😞।",नकारात्मक,फुटबॉल,0
"आज मुख्य रेडर ने अपनी जगह संभाली, जिसके बाद अगली रेड शुरू हुई।",तटस्थ,कबड्डी,1
"दबाव के बीच स्थानापन्न खिलाड़ी ने तालमेल खो दिया, जिससे बढ़त कमजोर हुई।",नकारात्मक,फुटबॉल,0
"मुकाबले के इस चरण में कार ने अपनी गति बनाए रखी, जिसके बाद अगला चरण शुरू हुआ।",तटस्थ,फॉर्मूला वन,1
"निर्णायक समय पर कप्तान ने महत्वपूर्ण गेंद रोक नहीं पाया, और विपक्षी को बढ़त मिल गई।",नकारात्मक,क्रिकेट,0
"दबाव के बीच खिलाड़ी ने नेट पर शटल रोकी, जिसके बाद दोनों खिलाड़ी अपनी जगह लौटे।",तटस्थ,बैडमिंटन,1
"निर्णायक समय पर कप्तान ने देर से रणनीति बदली, और मुकाबला हाथ से निकलने लगा।",नकारात्मक,क्रिकेट,0
"आज विंगर ने शानदार गोल किया, जिससे गोल का अवसर बना।",सकारात्मक,फुटबॉल,2
"मुकाबले के इस चरण में विकेटकीपर ने महत्वपूर्ण विकेट लिया, और विपक्षी दबाव में आ गया।",सकारात्मक,क्रिकेट,2
"आज आक्रामक दल ने मैदान पर आने के बाद असर नहीं डाल सका, और दर्शकों में निराशा फैल गई 😞।",नकारात्मक,फुटबॉल,0
"मुकाबले के इस चरण में रक्षक ने निर्णायक अंक लिया, और जीत की उम्मीद बढ़ी।",सकारात्मक,कबड्डी,2
"मुकाबले के इस चरण में सर्विस करने वाला खिलाड़ी ने शटल आगे भेजी, और अगला अंक खेला गया।",तटस्थ,बैडमिंटन,1
"निर्णायक समय पर स्थानापन्न खिलाड़ी ने गेंद अपने पास रखी, जिसके बाद गेंद फिर मध्य क्षेत्र में गई।",तटस्थ,फुटबॉल,1
"मुकाबले के इस चरण में कप्तान ने आक्रमण शुरू किया, जिसके बाद खेल आगे बढ़ा।",तटस्थ,फुटबॉल,1
"निर्णायक समय पर निर्णायक अंक पर खिलाड़ी ने सर्विस पर नियंत्रण खो बैठा, और मुकाबला विपक्षी की ओर झुका।",नकारात्मक,बैडमिंटन,0
"तेज गेंदबाज ने अपनी जगह बदली, जिसके बाद खेल आगे बढ़ा।",तटस्थ,क्रिकेट,1
"मुकाबले के इस चरण में कार ने टायरों का सही उपयोग किया, जिससे समय का लाभ मिला।",सकारात्मक,फॉर्मूला वन,2
"रक्षात्मक खिलाड़ी ने सर्विस की, और खेल आगे बढ़ा।",तटस्थ,बैडमिंटन,1
"दबाव के बीच कप्तान ने निर्णायक अंक नहीं ले सका, और विपक्षी दबाव में नहीं आया।",नकारात्मक,कबड्डी,0
"निर्णायक समय पर निर्णायक अंक पर खिलाड़ी ने खाली जगह नहीं पहचान पाया, जिससे जीत कठिन हुई।",नकारात्मक,बैडमिंटन,0
"मुकाबले के इस चरण में कप्तान ने बीच के ओवरों में दबाव बनाए रखा, जिससे वापसी सफल हुई।",सकारात्मक,क्रिकेट,2
"दबाव के बीच एकल खिलाड़ी ने नेट पर शटल रोकी, और अगला अंक खेला गया।",तटस्थ,बैडमिंटन,1
"मुकाबले के इस चरण में मध्य मैदान के खिलाड़ी ने विपक्षी हमले को रोका, जिसके बाद खेल आगे बढ़ा।",तटस्थ,फुटबॉल,1
"रक्षक ने सफल रेड की, और मुकाबला अपने पक्ष में झुका।",सकारात्मक,कबड्डी,2
"आज टायर दल ने अंतिम चरण में गति नहीं बढ़ा सका, जिससे समय का नुकसान हुआ।",नकारात्मक,फॉर्मूला वन,0
"दबाव के बीच बल्लेबाज ने कठिन गेंदों पर नियंत्रण रखा, और रणनीति कामयाब रही।",सकारात्मक,क्रिकेट,2
"आज आक्रामक दल ने सही समय पर चुनौती दी, जिससे वापसी सफल हुई।",सकारात्मक,फुटबॉल,2
"आज रेडर ने रेडर को घेरने की कोशिश की, और खेल आगे बढ़ा।",तटस्थ,कबड्डी,1
"आज सहायक रक्षक ने अच्छा तालमेल दिखाया, और विपक्षी दबाव में आया।",सकारात्मक,कबड्डी,2
"मुकाबले के इस चरण में दल ने अगला अंक खेला, जिसके बाद अगला अंक खेला गया।",तटस्थ,कबड्डी,1
"दबाव के बीच रक्षक ने मैदान में प्रवेश किया, जिसके बाद खिलाड़ी अपनी जगह लौटे।",तटस्थ,कबड्डी,1
"निर्णायक समय पर पिट दल ने ओवरटेक का मौका गंवाया, और प्रतिद्वंद्वी को फायदा मिला।",नकारात्मक,फॉर्मूला वन,0
"रक्षा पंक्ति ने रेडर को घेरने की कोशिश की, और दोनों दल अगली चाल की तैयारी करने लगे।",तटस्थ,कबड्डी,1
"दल ने रेडर को घेरने की कोशिश की, जिसके बाद अगला अंक खेला गया।",तटस्थ,कबड्डी,1
"दबाव के बीच सहायक रक्षक ने रेडर को रोक नहीं पाया, जिससे बढ़त कमजोर हुई।",नकारात्मक,कबड्डी,0
"निर्णायक समय पर मध्यक्रम ने गेंद संभाली, जिसके बाद खेल आगे बढ़ा।",तटस्थ,क्रिकेट,1
"आज मुख्य चालक ने अपनी गति बनाए रखी, और दौड़ आगे बढ़ी।",तटस्थ,फॉर्मूला वन,1
"मुकाबले के इस चरण में रणनीति दल ने लगातार अच्छा तालमेल रखा, और प्रतिद्वंद्वी दबाव में आया।",सकारात्मक,फॉर्मूला वन,2
"निर्णायक समय पर दौड़ दल ने अगले बदलाव की तैयारी की, जिसके बाद कार फिर ट्रैक पर आई।",तटस्थ,फॉर्मूला वन,1
"कप्तान ने बचाव में चूक गया, और वापसी का मौका कम हुआ।",नकारात्मक,बैडमिंटन,0
"आज रक्षात्मक खिलाड़ी ने मजबूत बचाव किया, जिससे आत्मविश्वास बढ़ा।",सकारात्मक,बैडमिंटन,2
"दबाव के बीच मुख्य रेडर ने निर्देश दिया, जिसके बाद अगली रेड शुरू हुई।",तटस्थ,कबड्डी,1
"दबाव के बीच चालक ने दबाव में गलती की, और प्रशंसकों में निराशा फैल गई 😞।",नकारात्मक,फॉर्मूला वन,0
"आज रक्षात्मक खिलाड़ी ने रैली जारी रखी, जिसके बाद दोनों खिलाड़ी अपनी जगह लौटे।",तटस्थ,बैडमिंटन,1
"मुकाबले के इस चरण में एकल खिलाड़ी ने मजबूत बचाव किया, जिससे बढ़त मजबूत हुई।",सकारात्मक,बैडमिंटन,2
"दबाव के बीच स्पिनर ने साझेदारी नहीं बना सका, और दर्शकों में निराशा फैल गई 😞।",नकारात्मक,क्रिकेट,0
"दबाव के बीच दल ने अगली रेड की तैयारी की, और खेल आगे बढ़ा।",तटस्थ,कबड्डी,1
"क्षेत्ररक्षक ने जरूरी विकेट नहीं ले सका, जिससे वापसी कठिन हुई।",नकारात्मक,क्रिकेट,0
"आज सहायक रक्षक ने शानदार टैकल किया, जिससे दल का आत्मविश्वास बढ़ा।",सकारात्मक,कबड्डी,2
"आज विंगर ने सटीक पास दिया, और मुकाबला अपने पक्ष में झुक गया।",सकारात्मक,फुटबॉल,2
"पिट दल ने दबाव में गलती की, जिससे पोडियम की संभावना घटी।",नकारात्मक,फॉर्मूला वन,0
"रेस दल ने शानदार ओवरटेक किया, जिससे जीत की उम्मीद बढ़ी।",सकारात्मक,फॉर्मूला वन,2
"आज टायर दल ने सही रणनीति चुनी, और प्रशंसकों में उत्साह फैल गया 🏎️।",सकारात्मक,फॉर्मूला वन,2
"मुकाबले के इस चरण में अंतिम रेडर ने घेरा टूटने दिया, और विपक्षी दबाव में नहीं आया।",नकारात्मक,कबड्डी,0
"मुकाबले के इस चरण में मुख्य चालक ने रणनीति पर चर्चा की, और दौड़ आगे बढ़ी।",तटस्थ,फॉर्मूला वन,1
"दबाव के बीच रक्षा पंक्ति ने अगला अंक खेला, जिसके बाद अगला अंक खेला गया।",तटस्थ,कबड्डी,1
"आज गोलकीपर ने कठिन बचाव किया, जिससे बढ़त मजबूत हुई।",सकारात्मक,फुटबॉल,2
"निर्णायक समय पर गेंदबाज ने कुछ रन जोड़े, और मुकाबला सामान्य गति से चलता रहा।",तटस्थ,क्रिकेट,1
"दबाव के बीच रक्षक ने देर से बदलाव किया, और योजना विफल रही।",नकारात्मक,फुटबॉल,0
"आज रक्षक ने गेंद पकड़ी, जिसके बाद खेल आगे बढ़ा।",तटस्थ,फुटबॉल,1
"मध्य क्षेत्र ने अपनी जगह संभाली, और मुकाबला सामान्य गति से चलता रहा।",तटस्थ,फुटबॉल,1
"निर्णायक समय पर स्थानापन्न खिलाड़ी ने देर से बदलाव किया, जिससे वापसी कठिन हुई।",नकारात्मक,फुटबॉल,0
"हमलावर ने शानदार गोल किया, जिससे दल का आत्मविश्वास बढ़ा।",सकारात्मक,फुटबॉल,2
"आज स्थानापन्न खिलाड़ी ने समय पर बदलाव किया, जिससे वापसी सफल हुई।",सकारात्मक,फुटबॉल,2
"आज आक्रामक दल ने दबाव नहीं बना सका, जिससे गोल का अवसर चला गया।",नकारात्मक,फुटबॉल,0
"मुख्य चालक ने मोड़ पार किया, और चालक ने अपनी स्थिति बनाए रखी।",तटस्थ,फॉर्मूला वन,1
"दबाव के बीच मुख्य रेडर ने तालमेल बनाया, और खेल आगे बढ़ा।",तटस्थ,कबड्डी,1
"दबाव के बीच टायर दल ने मोड़ पर नियंत्रण खोया, जिससे स्थान गिरा।",नकारात्मक,फॉर्मूला वन,0
"मध्यक्रम ने दबाव में सही शॉट चुना, और मुकाबला अपने पक्ष में झुक गया।",सकारात्मक,क्रिकेट,2
"निर्णायक समय पर स्थानापन्न खिलाड़ी ने देर से बदलाव किया, और रणनीति विफल रही।",नकारात्मक,कबड्डी,0
"निर्णायक समय पर स्पिनर ने जरूरी विकेट नहीं ले सका, जिससे जीत की संभावना कमजोर हुई।",नकारात्मक,क्रिकेट,0
"दबाव के बीच विकेटकीपर ने ढीली गेंदें डालता रहा, जिससे जीत की संभावना कमजोर हुई।",नकारात्मक,क्रिकेट,0
"आज गेंदबाज ने बीच के ओवरों में दबाव बनाए रखा, और रणनीति कामयाब रही।",सकारात्मक,क्रिकेट,2
"निर्णायक समय पर स्थानापन्न खिलाड़ी ने निर्णायक अंक नहीं ले सका, जिससे वापसी कठिन हुई।",नकारात्मक,कबड्डी,0
"निर्णायक समय पर कप्तान ने पारी शुरू की, जिसके बाद दोनों दल अपनी योजना पर लौटे।",तटस्थ,क्रिकेट,1
"निर्णायक समय पर खिलाड़ी ने रणनीति पर चर्चा की, और अगला अंक खेला गया।",तटस्थ,बैडमिंटन,1
"निर्णायक समय पर चालक ने सही रणनीति चुनी, जिससे स्थान सुधरा।",सकारात्मक,फॉर्मूला वन,2
"निर्णायक समय पर पिछली पंक्ति का खिलाड़ी ने पीछे से प्रहार किया, जिसके बाद सर्विस बदली गई।",तटस्थ,बैडमिंटन,1
"दबाव के बीच निर्णायक अंक पर खिलाड़ी ने कठिन शटल नहीं लौटा सका, जिससे आत्मविश्वास घटा।",नकारात्मक,बैडमिंटन,0
"मुकाबले के इस चरण में रेस दल ने बदलाव में समय गंवाया, और दल का मनोबल गिरा।",नकारात्मक,फॉर्मूला वन,0
"मुकाबले के इस चरण में कप्तान ने सर्विस पर नियंत्रण खो बैठा, जिससे निर्णायक अंक हाथ से गया।",नकारात्मक,बैडमिंटन,0
"निर्णायक समय पर गेंदबाज ने जल्दी विकेट गंवा बैठा, और दर्शकों में निराशा फैल गई 😞।",नकारात्मक,क्रिकेट,0
"दबाव के बीच कप्तान ने सही समय पर बोनस लिया, और दर्शक खुशी से झूम उठे 😀।",सकारात्मक,कबड्डी,2
"निर्णायक समय पर रेडर ने मैदान पर आने के बाद असर नहीं डाल सका, जिससे बढ़त कमजोर हुई।",नकारात्मक,कबड्डी,0
"मुकाबले के इस चरण में खिलाड़ी ने शटल आगे भेजी, और अगला अंक खेला गया।",तटस्थ,बैडमिंटन,1
"रक्षापंक्ति ने मैदान में प्रवेश किया, और मुकाबला सामान्य गति से चलता रहा।",तटस्थ,फुटबॉल,1
"निर्णायक समय पर खिलाड़ी ने सर्विस पर नियंत्रण रखा, जिससे बढ़त मजबूत हुई।",सकारात्मक,बैडमिंटन,2
"मुकाबले के इस चरण में स्पिनर ने अगला ओवर शुरू किया, और पारी अपने क्रम में आगे बढ़ी।",तटस्थ,क्रिकेट,1
"निर्णायक समय पर तेज गेंदबाज ने संयम से पारी संभाली, जिससे दल का आत्मविश्वास बढ़ा।",सकारात्मक,क्रिकेट,2
"दबाव के बीच दल ने निर्णायक अंक नहीं ले सका, जिससे वापसी कठिन हुई।",नकारात्मक,कबड्डी,0
"आज पिछली पंक्ति का खिलाड़ी ने नेट के पास दबाव बनाया, और दर्शकों ने तालियां बजाईं 👏।",सकारात्मक,बैडमिंटन,2
"दबाव के बीच दल ने निर्णायक अंक लिया, जिससे दल का आत्मविश्वास बढ़ा।",सकारात्मक,कबड्डी,2
"चालक ने मोड़ पर नियंत्रण खोया, जिससे जीत की उम्मीद कमजोर हुई।",नकारात्मक,फॉर्मूला वन,0
"दबाव के बीच विंगर ने गेंद पर नियंत्रण रखा, जिससे गोल का अवसर बना।",सकारात्मक,फुटबॉल,2
"आज मध्य मैदान के खिलाड़ी ने सही समय पर चुनौती दी, जिससे वापसी सफल हुई।",सकारात्मक,फुटबॉल,2
"दबाव के बीच टीम प्रबंधन ने तालमेल नहीं बना पाया, और प्रशंसकों में निराशा फैल गई 😞।",नकारात्मक,फॉर्मूला वन,0
"निर्णायक समय पर पिछली पंक्ति का खिलाड़ी ने खाली जगह पहचानी, जिससे निर्णायक अंक मिला।",सकारात्मक,बैडमिंटन,2
"दबाव के बीच विकेटकीपर ने अंतिम ओवरों में गति बढ़ाई, जिससे रन गति सुधरी।",सकारात्मक,क्रिकेट,2
"कप्तान ने बोनस का मौका गंवाया, और दर्शकों में निराशा फैल गई 😞।",नकारात्मक,कबड्डी,0
"निर्णायक समय पर कप्तान ने बीच के ओवरों में दबाव बनाए रखा, जिससे रन गति सुधरी।",सकारात्मक,क्रिकेट,2
"स्पिनर ने देर से रणनीति बदली, जिससे रन गति गिर गई।",नकारात्मक,क्रिकेट,0
"आज रक्षापंक्ति ने शानदार गोल किया, जिससे बढ़त मजबूत हुई।",सकारात्मक,फुटबॉल,2
"मध्य खिलाड़ी ने मिलकर रेडर को रोका, और विपक्षी दबाव में आया।",सकारात्मक,कबड्डी,2
"रेस दल ने मोड़ पार किया, जिसके बाद कार फिर ट्रैक पर आई।",तटस्थ,फॉर्मूला वन,1
"मुकाबले के इस चरण में निचला क्रम ने मजबूत साझेदारी बनाई, जिससे दल का आत्मविश्वास बढ़ा।",सकारात्मक,क्रिकेट,2
"मुकाबले के इस चरण में मध्य मैदान के खिलाड़ी ने मैदान में प्रवेश किया, और दोनों दल रणनीति पर काम करते रहे।",तटस्थ,फुटबॉल,1
"क्षेत्ररक्षक ने बीच के ओवरों में महंगा साबित हुआ, और मुकाबला हाथ से निकलने लगा।",नकारात्मक,क्रिकेट,0
"मुकाबले के इस चरण में खिलाड़ी ने नेट पर शटल रोकी, जिसके बाद अगली रैली शुरू हुई।",तटस्थ,बैडमिंटन,1
"मुकाबले के इस चरण में गोलकीपर ने लगातार दबाव बनाया, और विपक्षी दबाव में आया।",सकारात्मक,फुटबॉल,2
"रक्षा पंक्ति ने अपनी जगह संभाली, जिसके बाद अगली रेड शुरू हुई।",तटस्थ,कबड्डी,1
"मुकाबले के इस चरण में निचला क्रम ने क्षेत्ररक्षण में बदलाव किया, जिसके बाद खेल आगे बढ़ा।",तटस्थ,क्रिकेट,1
"दबाव के बीच रेस दल ने अगले बदलाव की तैयारी की, जिसके बाद अगला चक्कर शुरू हुआ।",तटस्थ,फॉर्मूला वन,1
"अंतिम रेडर ने अगली रेड की तैयारी की, जिसके बाद खिलाड़ी अपनी जगह लौटे।",तटस्थ,कबड्डी,1
"मुकाबले के इस चरण में टायर दल ने टायरों का सही उपयोग किया, जिससे समय का लाभ मिला।",सकारात्मक,फॉर्मूला वन,2
"सर्विस करने वाला खिलाड़ी ने खाली जगह की ओर शटल भेजी, और मुकाबला सामान्य गति से चला।",तटस्थ,बैडमिंटन,1
"कप्तान ने तेज प्रतिक्रिया दिखाई, जिससे बढ़त मजबूत हुई।",सकारात्मक,बैडमिंटन,2
"दबाव के बीच मुख्य रेडर ने तालमेल बनाया, और दोनों दल अगली चाल की तैयारी करने लगे।",तटस्थ,कबड्डी,1
"निर्णायक समय पर खिलाड़ी ने पीछे से प्रहार किया, और मुकाबला सामान्य गति से चला।",तटस्थ,बैडमिंटन,1
"आज स्पिनर ने कुछ रन जोड़े, और अगली गेंद खेली गई।",तटस्थ,क्रिकेट,1
"निर्णायक समय पर अंतिम रेडर ने अगला अंक खेला, और मुकाबला सामान्य गति से चला।",तटस्थ,कबड्डी,1
"कप्तान ने अच्छा तालमेल दिखाया, और विपक्षी दबाव में आया।",सकारात्मक,कबड्डी,2
"रक्षक ने मैदान पर आते ही असर डाला, जिससे गोल का अवसर बना।",सकारात्मक,फुटबॉल,2
"निर्णायक समय पर क्षेत्ररक्षक ने अगली गेंद का सामना किया, जिसके बाद दोनों दल अपनी योजना पर लौटे।",तटस्थ,क्रिकेट,1
"आज एकल खिलाड़ी ने खाली जगह पहचानी, जिससे निर्णायक अंक मिला।",सकारात्मक,बैडमिंटन,2
"मुकाबले के इस चरण में मुख्य चालक ने बदलाव में समय गंवाया, जिससे पोडियम की संभावना घटी।",नकारात्मक,फॉर्मूला वन,0
"आज गोलकीपर ने गेंद पकड़ी, जिसके बाद खिलाड़ी अपनी जगह लौटे।",तटस्थ,फुटबॉल,1
"दबाव के बीच तेज गेंदबाज ने साझेदारी नहीं बना सका, और रणनीति विफल रही।",नकारात्मक,क्रिकेट,0
"निर्णायक समय पर सलामी जोड़ी ने अगली गेंद का सामना किया, और पारी अपने क्रम में आगे बढ़ी।",तटस्थ,क्रिकेट,1
"निर्णायक समय पर मध्यक्रम ने अगला ओवर शुरू किया, जिसके बाद अगला ओवर शुरू हुआ।",तटस्थ,क्रिकेट,1
"निर्णायक समय पर गोलकीपर ने मैदान में प्रवेश किया, और मुकाबला सामान्य गति से चलता रहा।",तटस्थ,फुटबॉल,1
"निर्णायक समय पर एकल खिलाड़ी ने नेट पर शटल रोकी, जिसके बाद सर्विस बदली गई।",तटस्थ,बैडमिंटन,1
"रक्षक ने आसान मौका गंवाया, जिससे आत्मविश्वास घटा।",नकारात्मक,फुटबॉल,0
"दबाव के बीच आक्रामक दल ने शानदार गोल किया, और दर्शक खुशी से झूम उठे 😀।",सकारात्मक,फुटबॉल,2
"मुकाबले के इस चरण में चालक ने ओवरटेक का मौका गंवाया, और प्रतिद्वंद्वी को फायदा मिला।",नकारात्मक,फॉर्मूला वन,0
"कप्तान ने गेंद संभाली, जिसके बाद अगला ओवर शुरू हुआ।",तटस्थ,क्रिकेट,1
"दबाव के बीच रक्षक ने खिलाड़ियों के बीच गेंद घुमाई, जिसके बाद खेल आगे बढ़ा।",तटस्थ,फुटबॉल,1
"मुकाबले के इस चरण में गोलकीपर ने सही समय पर चुनौती नहीं दी, जिससे गोल का अवसर चला गया।",नकारात्मक,फुटबॉल,0
"मुकाबले के इस चरण में निचला क्रम ने ढीली गेंदें डालता रहा, जिससे जीत की संभावना कमजोर हुई।",नकारात्मक,क्रिकेट,0
"निर्णायक समय पर कप्तान ने निर्णायक अंक नहीं ले सका, जिससे जरूरी अंक गंवा।",नकारात्मक,कबड्डी,0
"मुकाबले के इस चरण में टायर दल ने दबाव में धैर्य रखा, और प्रतिद्वंद्वी दबाव में आया।",सकारात्मक,फॉर्मूला वन,2
"आज रेडर ने सफल रेड की, और विपक्षी दबाव में आया।",सकारात्मक,कबड्डी,2
"कार ने तेज सेवा दी, जिससे समय का लाभ मिला।",सकारात्मक,फॉर्मूला वन,2
"आज हमलावर ने गोल की ओर गेंद भेजी, जिसके बाद खिलाड़ी अपनी जगह लौटे।",तटस्थ,फुटबॉल,1
"मुकाबले के इस चरण में रणनीति दल ने अंतिम चरण में गति नहीं बढ़ा सका, और प्रशंसकों में निराशा फैल गई 😞।",नकारात्मक,फॉर्मूला वन,0
"मुकाबले के इस चरण में सलामी जोड़ी ने क्षेत्ररक्षण में बदलाव किया, और मुकाबला सामान्य गति से चलता रहा।",तटस्थ,क्रिकेट,1
"दबाव के बीच पिट दल ने सही समय पर निर्णय लिया, और प्रशंसकों में उत्साह फैल गया 🏎️।",सकारात्मक,फॉर्मूला वन,2
"मुकाबले के इस चरण में मुख्य चालक ने रणनीति पर चर्चा की, जिसके बाद अगला चरण शुरू हुआ।",तटस्थ,फॉर्मूला वन,1
"आज बल्लेबाज ने कुछ रन जोड़े, जिसके बाद अगला ओवर शुरू हुआ।",तटस्थ,क्रिकेट,1
"मुकाबले के इस चरण में निर्णायक अंक पर खिलाड़ी ने लंबी रैली जीती, और दर्शकों ने तालियां बजाईं 👏।",सकारात्मक,बैडमिंटन,2
"मुकाबले के इस चरण में कप्तान ने गलत समय पर आक्रमण किया, और मुकाबला विपक्षी की ओर झुका।",नकारात्मक,बैडमिंटन,0
"कप्तान ने बिना अंक लौट आया, जिससे जरूरी अंक गंवा।",नकारात्मक,कबड्डी,0
"मुकाबले के इस चरण में आक्रामक खिलाड़ी ने देर से प्रतिक्रिया दी, और वापसी का मौका कम हुआ।",नकारात्मक,बैडमिंटन,0
"आज आक्रामक खिलाड़ी ने सटीक स्मैश लगाया, और दर्शकों ने तालियां बजाईं 👏।",सकारात्मक,बैडमिंटन,2
"रक्षा पंक्ति ने समय पर बदलाव किया, और विपक्षी दबाव में आया।",सकारात्मक,कबड्डी,2
"दबाव के बीच दल ने घेरा टूटने दिया, और विपक्षी दबाव में नहीं आया।",नकारात्मक,कबड्डी,0
"मुकाबले के इस चरण में कप्तान ने रणनीति पर चर्चा की, और अगला अंक खेला गया।",तटस्थ,बैडमिंटन,1
"निर्णायक समय पर एकल खिलाड़ी ने रणनीति पर चर्चा की, जिसके बाद अगली रैली शुरू हुई।",तटस्थ,बैडमिंटन,1
"मुख्य चालक ने आंकड़ों की समीक्षा की, जिसके बाद अगला चक्कर शुरू हुआ।",तटस्थ,फॉर्मूला वन,1
"निर्णायक समय पर मध्यक्रम ने जल्दी विकेट गंवा बैठा, और मुकाबला हाथ से निकलने लगा।",नकारात्मक,क्रिकेट,0
"मुकाबले के इस चरण में अंतिम रेडर ने अपनी जगह संभाली, और दोनों दल अगली चाल की तैयारी करने लगे।",तटस्थ,कबड्डी,1
"आक्रामक खिलाड़ी ने तेज प्रतिक्रिया दिखाई, और मुकाबला अपने पक्ष में झुका।",सकारात्मक,बैडमिंटन,2
"निर्णायक समय पर अंतिम रेडर ने शानदार टैकल किया, जिससे वापसी सफल हुई।",सकारात्मक,कबड्डी,2
"निर्णायक समय पर मध्य खिलाड़ी ने अगला अंक खेला, जिसके बाद अगली रेड शुरू हुई।",तटस्थ,कबड्डी,1
"आज कप्तान ने दबाव में सही शॉट चुना, और दर्शकों में उत्साह फैल गया 😀।",सकारात्मक,क्रिकेट,2
"मुकाबले के इस चरण में हमलावर ने देर से बदलाव किया, और मुकाबला हाथ से निकलने लगा।",नकारात्मक,फुटबॉल,0
"आज पिट दल ने शानदार ओवरटेक किया, जिससे पोडियम की संभावना बढ़ी।",सकारात्मक,फॉर्मूला वन,2
"दबाव के बीच दौड़ दल ने ओवरटेक का मौका गंवाया, और दल का मनोबल गिरा।",नकारात्मक,फॉर्मूला वन,0
"आज रक्षापंक्ति ने गोल की ओर गेंद भेजी, और दोनों दल रणनीति पर काम करते रहे।",तटस्थ,फुटबॉल,1
"आज कप्तान ने जरूरी विकेट नहीं ले सका, और दर्शकों में निराशा फैल गई 😞।",नकारात्मक,क्रिकेट,0
"आज मुख्य रेडर ने देर से बदलाव किया, और रणनीति विफल रही।",नकारात्मक,कबड्डी,0
"रक्षक ने निर्णायक अंक नहीं ले सका, जिससे जरूरी अंक गंवा।",नकारात्मक,कबड्डी,0
"आज दल ने अच्छा तालमेल दिखाया, और जीत की उम्मीद बढ़ी।",सकारात्मक,कबड्डी,2
"निर्णायक समय पर गेंदबाज ने महत्वपूर्ण विकेट लिया, और मुकाबला अपने पक्ष में झुक गया।",सकारात्मक,क्रिकेट,2
"कार ने बदलाव में समय गंवाया, और दल का मनोबल गिरा।",नकारात्मक,फॉर्मूला वन,0
"दबाव के बीच इंजीनियर ने टायरों का सही उपयोग किया, और प्रशंसकों में उत्साह फैल गया 🏎️।",सकारात्मक,फॉर्मूला वन,2
"मुकाबले के इस चरण में सर्विस करने वाले खिलाड़ी ने खाली जगह पहचानी, जिससे बढ़त मजबूत हुई।",सकारात्मक,बैडमिंटन,2
"निर्णायक समय पर मध्य क्षेत्र ने तालमेल खो दिया, और योजना विफल रही।",नकारात्मक,फुटबॉल,0
"गोलकीपर ने शानदार गोल किया, जिससे वापसी सफल हुई।",सकारात्मक,फुटबॉल,2
"निर्णायक समय पर बल्लेबाज ने अंतिम ओवरों में नियंत्रण खो बैठा, जिससे दल का आत्मविश्वास घटा।",नकारात्मक,क्रिकेट,0
"आज दल ने सही समय पर बोनस लिया, और विपक्षी दबाव में आया।",सकारात्मक,कबड्डी,2
"आज दल ने सफल रेड की, और जीत की उम्मीद बढ़ी।",सकारात्मक,कबड्डी,2
"दबाव के बीच सर्विस करने वाला खिलाड़ी ने खाली जगह की ओर शटल भेजी, जिसके बाद दोनों खिलाड़ी अपनी जगह लौटे।",तटस्थ,बैडमिंटन,1
"निर्णायक समय पर आक्रामक खिलाड़ी ने नेट के पास अंक गंवा दिया, जिससे आत्मविश्वास घटा।",नकारात्मक,बैडमिंटन,0
"दबाव के बीच मध्यक्रम ने अंतिम ओवरों में नियंत्रण खो बैठा, जिससे जीत की संभावना कमजोर हुई।",नकारात्मक,क्रिकेट,0
"आज मुख्य चालक ने एक चक्कर पूरा किया, और दौड़ आगे बढ़ी।",तटस्थ,फॉर्मूला वन,1
"मुकाबले के इस चरण में सहायक रक्षक ने लगातार अंक जुटाए, और जीत की उम्मीद बढ़ी।",सकारात्मक,कबड्डी,2
"आज विकेटकीपर ने एक ओवर पूरा किया, और पारी अपने क्रम में आगे बढ़ी।",तटस्थ,क्रिकेट,1
"दल ने मैदान पर आने के बाद असर नहीं डाल सका, जिससे दल का आत्मविश्वास घटा।",नकारात्मक,कबड्डी,0
"दबाव के बीच तेज गेंदबाज ने बीच के ओवरों में दबाव बनाए रखा, और विपक्षी दबाव में आ गया।",सकारात्मक,क्रिकेट,2
"दबाव के बीच कप्तान ने निर्णायक अंक नहीं ले सका, और रणनीति विफल रही।",नकारात्मक,कबड्डी,0
"दबाव के बीच कप्तान ने अगला अंक खेला, जिसके बाद अगली रेड शुरू हुई।",तटस्थ,कबड्डी,1
"निर्णायक समय पर विंगर ने तालमेल खो दिया, जिससे बढ़त कमजोर हुई।",नकारात्मक,फुटबॉल,0
"मुकाबले के इस चरण में स्थानापन्न खिलाड़ी ने गेंद खो दी, और योजना विफल रही।",नकारात्मक,फुटबॉल,0
"आज स्पिनर ने अंतिम ओवरों में नियंत्रण खो बैठा, जिससे जीत की संभावना कमजोर हुई।",नकारात्मक,क्रिकेट,0
"मुख्य रेडर ने मैदान में प्रवेश किया, और दोनों दल अगली चाल की तैयारी करने लगे।",तटस्थ,कबड्डी,1
"निर्णायक समय पर कप्तान ने बीच के ओवर में गेंदबाजी की, जिसके बाद खेल आगे बढ़ा।",तटस्थ,क्रिकेट,1
"आज क्षेत्ररक्षक ने देर से रणनीति बदली, जिससे वापसी कठिन हुई।",नकारात्मक,क्रिकेट,0
"दबाव के बीच रणनीति दल ने मोड़ पर नियंत्रण रखा, और प्रतिद्वंद्वी दबाव में आया।",सकारात्मक,फॉर्मूला वन,2
"निर्णायक समय पर इंजीनियर ने तेज बदलाव किया, जिससे स्थान सुधरा।",सकारात्मक,फॉर्मूला वन,2
"तेज गेंदबाज ने दबाव में सही शॉट चुना, और विपक्षी दबाव में आ गया।",सकारात्मक,क्रिकेट,2
"बल्लेबाज ने अगला ओवर शुरू किया, जिसके बाद अगला ओवर शुरू हुआ।",तटस्थ,क्रिकेट,1
"मुकाबले के इस चरण में आक्रामक खिलाड़ी ने मजबूत बचाव किया, जिससे जीत की उम्मीद बढ़ी।",सकारात्मक,बैडमिंटन,2
"दबाव के बीच गेंदबाज ने कुछ रन जोड़े, और मुकाबला सामान्य गति से चलता रहा।",तटस्थ,क्रिकेट,1
"मुकाबले के इस चरण में सहायक रक्षक ने मैदान में प्रवेश किया, जिसके बाद अगला अंक खेला गया।",तटस्थ,कबड्डी,1
"निर्णायक समय पर क्षेत्ररक्षक ने पारी शुरू की, जिसके बाद खेल आगे बढ़ा।",तटस्थ,क्रिकेट,1
"मुकाबले के इस चरण में मुख्य चालक ने दबाव में गलती की, और दौड़ का रुख बिगड़ा।",नकारात्मक,फॉर्मूला वन,0
"स्थानापन्न खिलाड़ी ने गेंद अपने पास रखी, और दोनों दल रणनीति पर काम करते रहे।",तटस्थ,फुटबॉल,1
"निर्णायक समय पर सर्विस करने वाला खिलाड़ी ने रैली जारी रखी, जिसके बाद सर्विस बदली गई।",तटस्थ,बैडमिंटन,1
"मुकाबले के इस चरण में कप्तान ने विपक्षी हमले को रोका, और दोनों दल रणनीति पर काम करते रहे।",तटस्थ,फुटबॉल,1
"मुकाबले के इस चरण में दौड़ दल ने तेज सेवा दी, जिससे पोडियम की संभावना बढ़ी।",सकारात्मक,फॉर्मूला वन,2
"आज नेट खिलाड़ी ने सर्विस पर नियंत्रण रखा, जिससे निर्णायक अंक मिला।",सकारात्मक,बैडमिंटन,2
"आज आक्रामक खिलाड़ी ने रणनीति में अच्छा बदलाव किया, जिससे जीत की उम्मीद बढ़ी।",सकारात्मक,बैडमिंटन,2
"मुकाबले के इस चरण में आक्रामक खिलाड़ी ने लंबी रैली गंवा बैठा, और दर्शकों में निराशा फैल गई 😞।",नकारात्मक,बैडमिंटन,0
"टायर दल ने ओवरटेक का मौका गंवाया, और प्रतिद्वंद्वी को फायदा मिला।",नकारात्मक,फॉर्मूला वन,0
"दबाव के बीच नेट खिलाड़ी ने अगला शॉट खेला, जिसके बाद दोनों खिलाड़ी अपनी जगह लौटे।",तटस्थ,बैडमिंटन,1
"स्थानापन्न खिलाड़ी ने तेज तालमेल दिखाया, और जीत की उम्मीद बढ़ी।",सकारात्मक,फुटबॉल,2
"सहायक रक्षक ने निर्णायक अंक नहीं ले सका, और दर्शकों में निराशा फैल गई 😞।",नकारात्मक,कबड्डी,0
"निर्णायक समय पर कप्तान ने अगले अंक की तैयारी की, और खेल आगे बढ़ा।",तटस्थ,बैडमिंटन,1
"मुकाबले के इस चरण में खिलाड़ी ने रणनीति में अच्छा बदलाव किया, जिससे निर्णायक अंक मिला।",सकारात्मक,बैडमिंटन,2
"दबाव के बीच मुख्य रेडर ने लगातार अंक जुटाए, और मुकाबला अपने पक्ष में झुका।",सकारात्मक,कबड्डी,2
"आज दौड़ दल ने तेज बदलाव किया, जिससे पोडियम की संभावना बढ़ी।",सकारात्मक,फॉर्मूला वन,2
"मुकाबले के इस चरण में एकल खिलाड़ी ने सर्विस पर नियंत्रण रखा, जिससे निर्णायक अंक मिला।",सकारात्मक,बैडमिंटन,2
"आज मुख्य चालक ने ओवरटेक का मौका गंवाया, जिससे स्थान गिरा।",नकारात्मक,फॉर्मूला वन,0
"आज रक्षक ने लगातार अंक जुटाए, और मुकाबला अपने पक्ष में झुका।",सकारात्मक,कबड्डी,2
"दबाव के बीच निचला क्रम ने क्षेत्ररक्षण में बदलाव किया, जिसके बाद दोनों दल अपनी योजना पर लौटे।",तटस्थ,क्रिकेट,1
"आज हमलावर ने मैदान में प्रवेश किया, जिसके बाद खिलाड़ी अपनी जगह लौटे।",तटस्थ,फुटबॉल,1
"मुकाबले के इस चरण में बल्लेबाज ने देर से रणनीति बदली, और मुकाबला हाथ से निकलने लगा।",नकारात्मक,क्रिकेट,0
"दबाव के बीच सलामी जोड़ी ने बीच के ओवरों में दबाव बनाए रखा, और दर्शकों में उत्साह फैल गया 😀।",सकारात्मक,क्रिकेट,2
"मुकाबले के इस चरण में मध्य खिलाड़ी ने तालमेल बनाया, जिसके बाद खिलाड़ी अपनी जगह लौटे।",तटस्थ,कबड्डी,1
"गेंदबाज ने बीच के ओवर में गेंदबाजी की, जिसके बाद दोनों दल अपनी योजना पर लौटे।",तटस्थ,क्रिकेट,1
"आज कप्तान ने दबाव में गलत शॉट चुना, जिससे वापसी कठिन हुई।",नकारात्मक,क्रिकेट,0
"तेज गेंदबाज ने महत्वपूर्ण विकेट लिया, और विपक्षी दबाव में आ गया।",सकारात्मक,क्रिकेट,2
"मुकाबले के इस चरण में आक्रामक खिलाड़ी ने अगले अंक की तैयारी की, जिसके बाद दोनों खिलाड़ी अपनी जगह लौटे।",तटस्थ,बैडमिंटन,1
"आक्रामक दल ने तालमेल खो दिया, और मुकाबला हाथ से निकलने लगा।",नकारात्मक,फुटबॉल,0
"अंतिम रेडर ने मिलकर रेडर को रोका, जिससे बढ़त मजबूत हुई।",सकारात्मक,कबड्डी,2
"दबाव के बीच दल ने अगली रेड की तैयारी की, जिसके बाद खिलाड़ी अपनी जगह लौटे।",तटस्थ,कबड्डी,1
"आज बल्लेबाज ने मजबूत साझेदारी बनाई, जिससे वापसी सफल हुई।",सकारात्मक,क्रिकेट,2
"मध्य क्षेत्र ने अपनी जगह छोड़ दी, जिससे आत्मविश्वास घटा।",नकारात्मक,फुटबॉल,0
"दबाव के बीच आक्रामक दल ने सटीक पास दिया, जिससे बढ़त मजबूत हुई।",सकारात्मक,फुटबॉल,2
"दबाव के बीच रक्षक ने सफल रेड की, जिससे वापसी सफल हुई।",सकारात्मक,कबड्डी,2
"आज रेस दल ने मोड़ पर नियंत्रण रखा, जिससे समय का लाभ मिला।",सकारात्मक,फॉर्मूला वन,2
"आज नेट खिलाड़ी ने स्मैश बाहर मार बैठा, जिससे जीत कठिन हुई।",नकारात्मक,बैडमिंटन,0
"दबाव के बीच रक्षा पंक्ति ने अच्छा तालमेल दिखाया, जिससे बढ़त मजबूत हुई।",सकारात्मक,कबड्डी,2
"दबाव के बीच रक्षापंक्ति ने विपक्षी हमले को रोका, जिसके बाद खिलाड़ी अपनी जगह लौटे।",तटस्थ,फुटबॉल,1
"आज कप्तान ने महत्वपूर्ण विकेट लिया, और विपक्षी दबाव में आ गया।",सकारात्मक,क्रिकेट,2
"मुकाबले के इस चरण में निर्णायक अंक पर खिलाड़ी ने बचाव में चूक गया, और प्रतिद्वंद्वी दबाव में नहीं आया।",नकारात्मक,बैडमिंटन,0
"रक्षक ने शानदार टैकल किया, जिससे वापसी सफल हुई।",सकारात्मक,कबड्डी,2
"दबाव के बीच रक्षक ने कठिन बचाव किया, और विपक्षी दबाव में आया।",सकारात्मक,फुटबॉल,2
"निर्णायक समय पर कप्तान ने लंबी रैली जीती, और दर्शकों ने तालियां बजाईं 👏।",सकारात्मक,बैडमिंटन,2
"स्पिनर ने अगली गेंद का सामना किया, और अगली गेंद खेली गई।",तटस्थ,क्रिकेट,1
"एकल खिलाड़ी ने नेट पर शटल रोकी, और खेल आगे बढ़ा।",तटस्थ,बैडमिंटन,1
"दबाव के बीच स्थानापन्न खिलाड़ी ने अपनी जगह संभाली, जिसके बाद खेल आगे बढ़ा।",तटस्थ,फुटबॉल,1
"नेट खिलाड़ी ने बचाव में चूक गया, और प्रतिद्वंद्वी दबाव में नहीं आया।",नकारात्मक,बैडमिंटन,0
"निर्णायक समय पर निर्णायक अंक पर खिलाड़ी ने नेट के पास दबाव बनाया, जिससे जीत की उम्मीद बढ़ी।",सकारात्मक,बैडमिंटन,2
"मध्यक्रम ने महत्वपूर्ण विकेट लिया, और विपक्षी दबाव में आ गया।",सकारात्मक,क्रिकेट,2
"आज टीम प्रबंधन ने बदलाव में समय गंवाया, जिससे पोडियम की संभावना घटी।",नकारात्मक,फॉर्मूला वन,0
"दबाव के बीच बल्लेबाज ने अंतिम ओवरों में नियंत्रण खो बैठा, और दर्शकों में निराशा फैल गई 😞।",नकारात्मक,क्रिकेट,0
"आज स्थानापन्न खिलाड़ी ने अगला अंक खेला, और दोनों दल अगली चाल की तैयारी करने लगे।",तटस्थ,कबड्डी,1
"निर्णायक समय पर दौड़ दल ने तेज सेवा दी, और प्रतिद्वंद्वी दबाव में आया।",सकारात्मक,फॉर्मूला वन,2
"दबाव के बीच मध्यक्रम ने दबाव में गलत शॉट चुना, जिससे रन गति गिर गई।",नकारात्मक,क्रिकेट,0
"निर्णायक समय पर मुख्य चालक ने दौड़ की योजना पर काम किया, और दौड़ आगे बढ़ी।",तटस्थ,फॉर्मूला वन,1
"मुकाबले के इस चरण में हमलावर ने अपनी जगह छोड़ दी, जिससे आत्मविश्वास घटा।",नकारात्मक,फुटबॉल,0
"मुकाबले के इस चरण में हमलावर ने खिलाड़ियों के बीच गेंद घुमाई, जिसके बाद गेंद फिर मध्य क्षेत्र में गई।",तटस्थ,फुटबॉल,1
"गोलकीपर ने विपक्षी हमले को रोका, जिसके बाद खेल आगे बढ़ा।",तटस्थ,फुटबॉल,1
"दबाव के बीच खिलाड़ी ने बचाव की स्थिति ली, जिसके बाद दोनों खिलाड़ी अपनी जगह लौटे।",तटस्थ,बैडमिंटन,1
"दबाव के बीच कप्तान ने रणनीति में सुधार नहीं कर सका, जिससे जीत कठिन हुई।",नकारात्मक,बैडमिंटन,0
"मुकाबले के इस चरण में आक्रामक खिलाड़ी ने बचाव की स्थिति ली, जिसके बाद अगली रैली शुरू हुई।",तटस्थ,बैडमिंटन,1
"रक्षक ने मैदान में प्रवेश किया, जिसके बाद अगली रेड शुरू हुई।",तटस्थ,कबड्डी,1
"निर्णायक समय पर हमलावर ने खिलाड़ियों के बीच गेंद घुमाई, जिसके बाद खिलाड़ी अपनी जगह लौटे।",तटस्थ,फुटबॉल,1
"सहायक रक्षक ने सही समय पर बोनस लिया, जिससे दल का आत्मविश्वास बढ़ा।",सकारात्मक,कबड्डी,2
"मुकाबले के इस चरण में एकल खिलाड़ी ने कठिन शटल नहीं लौटा सका, जिससे बढ़त कमजोर हुई।",नकारात्मक,बैडमिंटन,0
"आज सहायक रक्षक ने रेड शुरू की, और मुकाबला सामान्य गति से चला।",तटस्थ,कबड्डी,1
"दबाव के बीच कार ने तेज सेवा दी, जिससे स्थान सुधरा।",सकारात्मक,फॉर्मूला वन,2
"मुकाबले के इस चरण में स्थानापन्न खिलाड़ी ने गलत पास दिया, और मुकाबला हाथ से निकलने लगा।",नकारात्मक,फुटबॉल,0
"दबाव के बीच कप्तान ने मैदान पर आते ही असर डाला, और मुकाबला अपने पक्ष में झुक गया।",सकारात्मक,फुटबॉल,2
"आज कप्तान ने देर से रणनीति बदली, जिससे जीत की संभावना कमजोर हुई।",नकारात्मक,क्रिकेट,0
"हमलावर ने आसान मौका गंवाया, जिससे बढ़त कमजोर हुई।",नकारात्मक,फुटबॉल,0
"दबाव के बीच टीम प्रबंधन ने मोड़ पर नियंत्रण खोया, जिससे जीत की उम्मीद कमजोर हुई।",नकारात्मक,फॉर्मूला वन,0
"मुकाबले के इस चरण में गोलकीपर ने लगातार दबाव बनाया, जिससे दल का आत्मविश्वास बढ़ा।",सकारात्मक,फुटबॉल,2
"निर्णायक समय पर आक्रामक दल ने लगातार दबाव बनाया, जिससे गोल का अवसर बना।",सकारात्मक,फुटबॉल,2
"निर्णायक समय पर नेट खिलाड़ी ने नेट के पास अंक गंवा दिया, और मुकाबला विपक्षी की ओर झुका।",नकारात्मक,बैडमिंटन,0
"दबाव के बीच आक्रामक खिलाड़ी ने रणनीति में सुधार नहीं कर सका, जिससे निर्णायक अंक हाथ से गया।",नकारात्मक,बैडमिंटन,0
"निर्णायक समय पर एकल खिलाड़ी ने अगले अंक की तैयारी की, जिसके बाद सर्विस बदली गई।",तटस्थ,बैडमिंटन,1
"दबाव के बीच मध्यक्रम ने अंतिम ओवरों में नियंत्रण खो बैठा, और दर्शकों में निराशा फैल गई 😞।",नकारात्मक,क्रिकेट,0
"दबाव के बीच एकल खिलाड़ी ने कठिन शटल नहीं लौटा सका, जिससे निर्णायक अंक हाथ से गया।",नकारात्मक,बैडमिंटन,0
"निर्णायक समय पर अंतिम रेडर ने बिना अंक लौट आया, जिससे जरूरी अंक गंवा।",नकारात्मक,कबड्डी,0
"निर्णायक समय पर नेट खिलाड़ी ने सटीक स्मैश लगाया, और वापसी सफल हुई।",सकारात्मक,बैडमिंटन,2
"दबाव के बीच हमलावर ने आक्रमण शुरू किया, और मुकाबला सामान्य गति से चलता रहा।",तटस्थ,फुटबॉल,1
"आज कप्तान ने पास आगे बढ़ाया, और मुकाबला सामान्य गति से चलता रहा।",तटस्थ,फुटबॉल,1
"गोलकीपर ने पास आगे बढ़ाया, और दोनों दल रणनीति पर काम करते रहे।",तटस्थ,फुटबॉल,1
"गोलकीपर ने समय पर बदलाव किया, और जीत की उम्मीद बढ़ी।",सकारात्मक,फुटबॉल,2
"आज विकेटकीपर ने पारी शुरू की, और मुकाबला सामान्य गति से चलता रहा।",तटस्थ,क्रिकेट,1
"कप्तान ने रैली जारी रखी, और मुकाबला सामान्य गति से चला।",तटस्थ,बैडमिंटन,1
"मुकाबले के इस चरण में मुख्य रेडर ने तालमेल खो बैठा, जिससे वापसी कठिन हुई।",नकारात्मक,कबड्डी,0
"निर्णायक समय पर इंजीनियर ने ओवरटेक का मौका गंवाया, जिससे जीत की उम्मीद कमजोर हुई।",नकारात्मक,फॉर्मूला वन,0
"मुकाबले के इस चरण में स्पिनर ने अंतिम ओवरों में गति बढ़ाई, जिससे जीत की उम्मीद मजबूत हुई।",सकारात्मक,क्रिकेट,2
"दबाव के बीच एकल खिलाड़ी ने रैली जारी रखी, जिसके बाद अगली रैली शुरू हुई।",तटस्थ,बैडमिंटन,1
"दबाव के बीच रक्षापंक्ति ने आक्रमण को रोक दिया, जिससे बढ़त मजबूत हुई।",सकारात्मक,फुटबॉल,2
"अंतिम रेडर ने निर्देश दिया, और मुकाबला सामान्य गति से चला।",तटस्थ,कबड्डी,1
"मुकाबले के इस चरण में सहायक रक्षक ने लगातार अंक जुटाए, और मुकाबला अपने पक्ष में झुका।",सकारात्मक,कबड्डी,2
"टीम प्रबंधन ने दौड़ की योजना पर काम किया, जिसके बाद कार फिर ट्रैक पर आई।",तटस्थ,फॉर्मूला वन,1
"रक्षापंक्ति ने गेंद अपने पास रखी, और अगला आक्रमण शुरू हुआ।",तटस्थ,फुटबॉल,1
"मुकाबले के इस चरण में दल ने मैदान में प्रवेश किया, और दोनों दल अगली चाल की तैयारी करने लगे।",तटस्थ,कबड्डी,1
"गेंदबाज ने अंतिम ओवरों में नियंत्रण खो बैठा, और दर्शकों में निराशा फैल गई 😞।",नकारात्मक,क्रिकेट,0
"दबाव के बीच सहायक रक्षक ने रेडर को रोक नहीं पाया, जिससे दल का आत्मविश्वास घटा।",नकारात्मक,कबड्डी,0
"दौड़ दल ने शानदार ओवरटेक किया, जिससे स्थान सुधरा।",सकारात्मक,फॉर्मूला वन,2
"मुकाबले के इस चरण में सलामी जोड़ी ने अगला ओवर शुरू किया, जिसके बाद अगला ओवर शुरू हुआ।",तटस्थ,क्रिकेट,1
"हमलावर ने सही समय पर चुनौती दी, और जीत की उम्मीद बढ़ी।",सकारात्मक,फुटबॉल,2
"दबाव के बीच स्थानापन्न खिलाड़ी ने अगली रेड की तैयारी की, और खेल आगे बढ़ा।",तटस्थ,कबड्डी,1
"आज तेज गेंदबाज ने क्रीज पर आया, जिसके बाद दोनों दल अपनी योजना पर लौटे।",तटस्थ,क्रिकेट,1
"दबाव के बीच मध्य खिलाड़ी ने मिलकर रेडर को रोका, और जीत की उम्मीद बढ़ी।",सकारात्मक,कबड्डी,2
"मुकाबले के इस चरण में पिट दल ने मोड़ पार किया, जिसके बाद अगला चरण शुरू हुआ।",तटस्थ,फॉर्मूला वन,1
"दबाव के बीच स्थानापन्न खिलाड़ी ने मैदान में प्रवेश किया, और मुकाबला सामान्य गति से चलता रहा।",तटस्थ,फुटबॉल,1
"निर्णायक समय पर खिलाड़ी ने लंबी रैली गंवा बैठा, और प्रतिद्वंद्वी दबाव में नहीं आया।",नकारात्मक,बैडमिंटन,0
"आज युगल जोड़ी ने गलत समय पर आक्रमण किया, और मुकाबला विपक्षी की ओर झुका।",नकारात्मक,बैडमिंटन,0
"निर्णायक समय पर चालक ने तालमेल नहीं बना पाया, जिससे पोडियम की संभावना घटी।",नकारात्मक,फॉर्मूला वन,0
"आज रक्षापंक्ति ने गेंद अपने पास रखी, और मुकाबला सामान्य गति से चलता रहा।",तटस्थ,फुटबॉल,1
"आज कप्तान ने मैदान में प्रवेश किया, और मुकाबला सामान्य गति से चला।",तटस्थ,कबड्डी,1
"निर्णायक समय पर अंतिम रेडर ने रेड शुरू की, और खेल आगे बढ़ा।",तटस्थ,कबड्डी,1
"निर्णायक समय पर पिछली पंक्ति का खिलाड़ी ने सर्विस की, और खेल आगे बढ़ा।",तटस्थ,बैडमिंटन,1
"दबाव के बीच कार ने दौड़ की योजना पर काम किया, जिसके बाद अगला चरण शुरू हुआ।",तटस्थ,फॉर्मूला वन,1
"मुकाबले के इस चरण में रक्षक ने गोल की ओर गेंद भेजी, जिसके बाद खेल आगे बढ़ा।",तटस्थ,फुटबॉल,1
"मुकाबले के इस चरण में क्षेत्ररक्षक ने अगला ओवर शुरू किया, और मुकाबला सामान्य गति से चलता रहा।",तटस्थ,क्रिकेट,1
"दबाव के बीच कप्तान ने सर्विस की, और अगला अंक खेला गया।",तटस्थ,बैडमिंटन,1
"दबाव के बीच रेडर ने लगातार अंक गंवाता रहा, और दर्शकों में निराशा फैल गई 😞।",नकारात्मक,कबड्डी,0
"निर्णायक समय पर मध्य खिलाड़ी ने अगली रेड की तैयारी की, और मुकाबला सामान्य गति से चला।",तटस्थ,कबड्डी,1
"निर्णायक समय पर आक्रामक दल ने सही समय पर चुनौती नहीं दी, जिससे आत्मविश्वास घटा।",नकारात्मक,फुटबॉल,0
"रक्षक ने रक्षा की स्थिति बनाई, जिसके बाद अगली रेड शुरू हुई।",तटस्थ,कबड्डी,1
"दबाव के बीच आक्रामक दल ने मैदान में प्रवेश किया, जिसके बाद खेल आगे बढ़ा।",तटस्थ,फुटबॉल,1
"खिलाड़ी ने खाली जगह नहीं पहचान पाया, जिससे जीत कठिन हुई।",नकारात्मक,बैडमिंटन,0
"सर्विस करने वाला खिलाड़ी ने लंबी रैली गंवा बैठा, और वापसी का मौका कम हुआ।",नकारात्मक,बैडमिंटन,0
"आज टायर दल ने टायरों का सही उपयोग किया, और प्रतिद्वंद्वी दबाव में आया।",सकारात्मक,फॉर्मूला वन,2
"मुकाबले के इस चरण में एकल खिलाड़ी ने रणनीति में अच्छा बदलाव किया, जिससे आत्मविश्वास बढ़ा।",सकारात्मक,बैडमिंटन,2
"इंजीनियर ने तेज बदलाव किया, और दौड़ का रुख बदला।",सकारात्मक,फॉर्मूला वन,2
"दबाव के बीच पिछली पंक्ति का खिलाड़ी ने स्मैश बाहर मार बैठा, जिससे निर्णायक अंक हाथ से गया।",नकारात्मक,बैडमिंटन,0
"मुकाबले के इस चरण में दौड़ दल ने सही समय पर निर्णय लिया, जिससे स्थान सुधरा।",सकारात्मक,फॉर्मूला वन,2
"दबाव के बीच रक्षात्मक खिलाड़ी ने रणनीति में सुधार नहीं कर सका, और प्रतिद्वंद्वी दबाव में नहीं आया।",नकारात्मक,बैडमिंटन,0
"टीम प्रबंधन ने दबाव में धैर्य रखा, और दौड़ का रुख बदला।",सकारात्मक,फॉर्मूला वन,2
"आज विंगर ने आक्रमण को रोक दिया, और मुकाबला अपने पक्ष में झुक गया।",सकारात्मक,फुटबॉल,2
"आज निचला क्रम ने क्षेत्ररक्षण में बदलाव किया, और मुकाबला सामान्य गति से चलता रहा।",तटस्थ,क्रिकेट,1
"दबाव के बीच मुख्य चालक ने मोड़ पर नियंत्रण खोया, और प्रतिद्वंद्वी को फायदा मिला।",नकारात्मक,फॉर्मूला वन,0
"मुकाबले के इस चरण में पिछली पंक्ति का खिलाड़ी ने बचाव में चूक गया, जिससे निर्णायक अंक हाथ से गया।",नकारात्मक,बैडमिंटन,0
"निर्णायक अंक पर खिलाड़ी ने अगले अंक की तैयारी की, जिसके बाद अगली रैली शुरू हुई।",तटस्थ,बैडमिंटन,1
"दबाव के बीच मध्य खिलाड़ी ने सही समय पर बोनस लिया, और दर्शक खुशी से झूम उठे 😀।",सकारात्मक,कबड्डी,2
"दबाव के बीच तेज गेंदबाज ने अगला ओवर शुरू किया, जिसके बाद दोनों दल अपनी योजना पर लौटे।",तटस्थ,क्रिकेट,1
"मुकाबले के इस चरण में मध्य खिलाड़ी ने निर्णायक अंक नहीं ले सका, और रणनीति विफल रही।",नकारात्मक,कबड्डी,0
"दबाव के बीच सर्विस करने वाले खिलाड़ी ने सर्विस पर नियंत्रण रखा, और वापसी सफल हुई।",सकारात्मक,बैडमिंटन,2
"निर्णायक समय पर कप्तान ने अंतिम ओवरों में गति बढ़ाई, और दर्शकों में उत्साह फैल गया 😀।",सकारात्मक,क्रिकेट,2
"कप्तान ने मैदान में प्रवेश किया, जिसके बाद खिलाड़ी अपनी जगह लौटे।",तटस्थ,फुटबॉल,1
"नेट खिलाड़ी ने रणनीति में सुधार नहीं कर सका, और मुकाबला विपक्षी की ओर झुका।",नकारात्मक,बैडमिंटन,0
"आज स्थानापन्न खिलाड़ी ने मैदान पर आने के बाद असर नहीं डाल सका, जिससे बढ़त कमजोर हुई।",नकारात्मक,कबड्डी,0
"मुकाबले के इस चरण में रक्षात्मक खिलाड़ी ने सही समय पर आक्रमण किया, जिससे बढ़त मजबूत हुई।",सकारात्मक,बैडमिंटन,2
"दबाव के बीच सहायक रक्षक ने देर से बदलाव किया, जिससे बढ़त कमजोर हुई।",नकारात्मक,कबड्डी,0
"आज क्षेत्ररक्षक ने मजबूत साझेदारी बनाई, और विपक्षी दबाव में आ गया।",सकारात्मक,क्रिकेट,2
"आक्रामक दल ने खिलाड़ियों के बीच गेंद घुमाई, और अगला आक्रमण शुरू हुआ।",तटस्थ,फुटबॉल,1
"मुकाबले के इस चरण में टीम प्रबंधन ने अपनी गति बनाए रखी, और चालक ने अपनी स्थिति बनाए रखी।",तटस्थ,फॉर्मूला वन,1
"निर्णायक समय पर मध्यक्रम ने अंतिम ओवरों में गति बढ़ाई, और विपक्षी दबाव में आ गया।",सकारात्मक,क्रिकेट,2
"मुकाबले के इस चरण में अंतिम रेडर ने रेड शुरू की, जिसके बाद अगली रेड शुरू हुई।",तटस्थ,कबड्डी,1
"दबाव के बीच अंतिम रेडर ने निर्देश दिया, जिसके बाद अगली रेड शुरू हुई।",तटस्थ,कबड्डी,1
"मुकाबले के इस चरण में मुख्य रेडर ने बोनस का मौका गंवाया, जिससे दल का आत्मविश्वास घटा।",नकारात्मक,कबड्डी,0
"दबाव के बीच क्षेत्ररक्षक ने बीच के ओवर में गेंदबाजी की, और अगली गेंद खेली गई।",तटस्थ,क्रिकेट,1
"निर्णायक समय पर रक्षक ने मैदान में प्रवेश किया, जिसके बाद अगली रेड शुरू हुई।",तटस्थ,कबड्डी,1
"निर्णायक समय पर कप्तान ने रेड शुरू की, और खेल आगे बढ़ा।",तटस्थ,कबड्डी,1
"मुकाबले के इस चरण में पिट दल ने टायर बदलने में देरी की, और दल का मनोबल गिरा।",नकारात्मक,फॉर्मूला वन,0
"निर्णायक समय पर रणनीति दल ने मोड़ पार किया, जिसके बाद अगला चक्कर शुरू हुआ।",तटस्थ,फॉर्मूला वन,1
"दबाव के बीच रक्षापंक्ति ने विपक्षी हमले को रोका, और अगला आक्रमण शुरू हुआ।",तटस्थ,फुटबॉल,1
"आज सर्विस करने वाला खिलाड़ी ने बचाव की स्थिति ली, और अगला अंक खेला गया।",तटस्थ,बैडमिंटन,1
"मुकाबले के इस चरण में सहायक रक्षक ने मैदान पर आते ही असर डाला, और मुकाबला अपने पक्ष में झुका।",सकारात्मक,कबड्डी,2
"आज कप्तान ने समय पर बदलाव किया, जिससे बढ़त मजबूत हुई।",सकारात्मक,फुटबॉल,2
"दबाव के बीच कप्तान ने सही समय पर आक्रमण किया, और प्रतिद्वंद्वी दबाव में आया।",सकारात्मक,बैडमिंटन,2
"आज रेस दल ने रणनीति पर चर्चा की, और मुकाबला सामान्य गति से चला।",तटस्थ,फॉर्मूला वन,1
"निर्णायक समय पर रक्षा पंक्ति ने रक्षा की स्थिति बनाई, जिसके बाद खिलाड़ी अपनी जगह लौटे।",तटस्थ,कबड्डी,1
"निर्णायक समय पर कप्तान ने रणनीति पर चर्चा की, और खेल आगे बढ़ा।",तटस्थ,बैडमिंटन,1
"मुकाबले के इस चरण में विकेटकीपर ने कठिन गेंदों पर नियंत्रण रखा, जिससे जीत की उम्मीद मजबूत हुई।",सकारात्मक,क्रिकेट,2
"दौड़ दल ने रणनीति पर चर्चा की, जिसके बाद कार फिर ट्रैक पर आई।",तटस्थ,फॉर्मूला वन,1
"आज रेडर ने बिना अंक लौट आया, और रणनीति विफल रही।",नकारात्मक,कबड्डी,0
"मुकाबले के इस चरण में मध्य खिलाड़ी ने मैदान पर आते ही असर डाला, जिससे वापसी सफल हुई।",सकारात्मक,कबड्डी,2
"दबाव के बीच सर्विस करने वाला खिलाड़ी ने बचाव में चूक गया, और प्रतिद्वंद्वी दबाव में नहीं आया।",नकारात्मक,बैडमिंटन,0
"मुकाबले के इस चरण में रक्षक ने मैदान पर आने के बाद असर नहीं डाल सका, जिससे दल का आत्मविश्वास घटा।",नकारात्मक,कबड्डी,0
"रेस दल ने अंतिम चरण में गति बढ़ाई, और दल का मनोबल ऊंचा हुआ।",सकारात्मक,फॉर्मूला वन,2
"मुकाबले के इस चरण में मुख्य चालक ने अंतिम चरण में गति नहीं बढ़ा सका, और दल का मनोबल गिरा।",नकारात्मक,फॉर्मूला वन,0
"स्थानापन्न खिलाड़ी ने अपनी जगह संभाली, और दोनों दल अगली चाल की तैयारी करने लगे।",तटस्थ,कबड्डी,1
"दौड़ दल ने दौड़ की योजना देखी, जिसके बाद कार फिर ट्रैक पर आई।",तटस्थ,फॉर्मूला वन,1
"मुकाबले के इस चरण में रेडर ने सही समय पर बोनस लिया, जिससे बढ़त मजबूत हुई।",सकारात्मक,कबड्डी,2
"निर्णायक समय पर कप्तान ने सफल रेड की, और जीत की उम्मीद बढ़ी।",सकारात्मक,कबड्डी,2
"निर्णायक समय पर टायर दल ने रणनीति पर चर्चा की, और चालक ने अपनी स्थिति बनाए रखी।",तटस्थ,फॉर्मूला वन,1
"निर्णायक समय पर स्थानापन्न खिलाड़ी ने तालमेल खो बैठा, जिससे बढ़त कमजोर हुई।",नकारात्मक,कबड्डी,0
"आज युगल जोड़ी ने देर से प्रतिक्रिया दी, और वापसी का मौका कम हुआ।",नकारात्मक,बैडमिंटन,0
"आज युगल जोड़ी ने रैली जारी रखी, जिसके बाद दोनों खिलाड़ी अपनी जगह लौटे।",तटस्थ,बैडमिंटन,1
"मुकाबले के इस चरण में एकल खिलाड़ी ने खाली जगह नहीं पहचान पाया, जिससे जीत कठिन हुई।",नकारात्मक,बैडमिंटन,0
"निर्णायक समय पर आक्रामक दल ने तालमेल खो दिया, और दर्शकों में निराशा फैल गई 😞।",नकारात्मक,फुटबॉल,0
"रक्षात्मक खिलाड़ी ने कठिन शटल लौटा दी, जिससे बढ़त मजबूत हुई।",सकारात्मक,बैडमिंटन,2
"रक्षक ने रेडर को घेरने की कोशिश की, और खेल आगे बढ़ा।",तटस्थ,कबड्डी,1
"आज रेस दल ने शानदार ओवरटेक किया, और प्रशंसकों में उत्साह फैल गया 🏎️।",सकारात्मक,फॉर्मूला वन,2
"मुख्य रेडर ने मैदान पर आते ही असर डाला, जिससे वापसी सफल हुई।",सकारात्मक,कबड्डी,2
"मुकाबले के इस चरण में टीम प्रबंधन ने एक चक्कर पूरा किया, जिसके बाद कार फिर ट्रैक पर आई।",तटस्थ,फॉर्मूला वन,1
"आज कार ने एक चक्कर पूरा किया, जिसके बाद अगला चरण शुरू हुआ।",तटस्थ,फॉर्मूला वन,1
"मुकाबले के इस चरण में मध्य खिलाड़ी ने निर्णायक अंक लिया, और जीत की उम्मीद बढ़ी।",सकारात्मक,कबड्डी,2
"आज कप्तान ने अच्छा तालमेल दिखाया, जिससे जरूरी अंक मिला।",सकारात्मक,कबड्डी,2
"निर्णायक समय पर टीम प्रबंधन ने अपनी गति बनाए रखी, और मुकाबला सामान्य गति से चला।",तटस्थ,फॉर्मूला वन,1
"हमलावर ने तालमेल खो दिया, और दर्शकों में निराशा फैल गई 😞।",नकारात्मक,फुटबॉल,0
"दबाव के बीच सहायक रक्षक ने अगला अंक खेला, जिसके बाद खिलाड़ी अपनी जगह लौटे।",तटस्थ,कबड्डी,1
"निर्णायक समय पर कप्तान ने अपनी जगह छोड़ दी, जिससे गोल का अवसर चला गया।",नकारात्मक,फुटबॉल,0
"निर्णायक समय पर अंतिम रेडर ने रेड शुरू की, जिसके बाद अगली रेड शुरू हुई।",तटस्थ,कबड्डी,1
"आज पिट दल ने अंतिम चरण में गति बढ़ाई, जिससे समय का लाभ मिला।",सकारात्मक,फॉर्मूला वन,2
"निर्णायक समय पर कप्तान ने पीछे से प्रहार किया, जिसके बाद सर्विस बदली गई।",तटस्थ,बैडमिंटन,1
"निर्णायक समय पर सलामी जोड़ी ने एक ओवर पूरा किया, जिसके बाद खेल आगे बढ़ा।",तटस्थ,क्रिकेट,1
"मुकाबले के इस चरण में इंजीनियर ने दबाव में गलती की, जिससे पोडियम की संभावना घटी।",नकारात्मक,फॉर्मूला वन,0
"मुकाबले के इस चरण में आक्रामक खिलाड़ी ने लंबी रैली गंवा बैठा, और प्रतिद्वंद्वी दबाव में नहीं आया।",नकारात्मक,बैडमिंटन,0
"निर्णायक समय पर स्थानापन्न खिलाड़ी ने तालमेल खो बैठा, जिससे वापसी कठिन हुई।",नकारात्मक,कबड्डी,0
"मुकाबले के इस चरण में गेंदबाज ने देर से रणनीति बदली, जिससे रन गति गिर गई।",नकारात्मक,क्रिकेट,0
"अंतिम रेडर ने निर्णायक अंक नहीं ले सका, जिससे बढ़त कमजोर हुई।",नकारात्मक,कबड्डी,0
"दबाव के बीच रणनीति दल ने गलत रणनीति चुनी, और प्रतिद्वंद्वी को फायदा मिला।",नकारात्मक,फॉर्मूला वन,0
"निर्णायक समय पर रणनीति दल ने सही समय पर निर्णय लिया, और प्रशंसकों में उत्साह फैल गया 🏎️।",सकारात्मक,फॉर्मूला वन,2
"आज गेंदबाज ने दबाव में गलत शॉट चुना, जिससे वापसी कठिन हुई।",नकारात्मक,क्रिकेट,0
"आज चालक ने तेज बदलाव किया, और प्रतिद्वंद्वी दबाव में आया।",सकारात्मक,फॉर्मूला वन,2
"दबाव के बीच कार ने तेज बदलाव किया, जिससे जीत की उम्मीद बढ़ी।",सकारात्मक,फॉर्मूला वन,2
"निर्णायक समय पर रक्षात्मक खिलाड़ी ने कठिन शटल नहीं लौटा सका, और वापसी का मौका कम हुआ।",नकारात्मक,बैडमिंटन,0
"दबाव के बीच रणनीति दल ने अंतिम चरण में गति नहीं बढ़ा सका, और प्रशंसकों में निराशा फैल गई 😞।",नकारात्मक,फॉर्मूला वन,0
"दबाव के बीच रेस दल ने देर से निर्णय लिया, जिससे समय का नुकसान हुआ।",नकारात्मक,फॉर्मूला वन,0
"मुकाबले के इस चरण में दौड़ दल ने टायर बदलने में देरी की, और दल का मनोबल गिरा।",नकारात्मक,फॉर्मूला वन,0
"दबाव के बीच कप्तान ने सटीक पास दिया, और विपक्षी दबाव में आया।",सकारात्मक,फुटबॉल,2
"आज अंतिम रेडर ने समय पर बदलाव किया, और मुकाबला अपने पक्ष में झुका।",सकारात्मक,कबड्डी,2
"मुकाबले के इस चरण में मध्य खिलाड़ी ने अगली रेड की तैयारी की, और मुकाबला सामान्य गति से चला।",तटस्थ,कबड्डी,1
"दबाव के बीच मध्यक्रम ने देर से रणनीति बदली, और रणनीति विफल रही।",नकारात्मक,क्रिकेट,0
"दबाव के बीच विकेटकीपर ने बीच के ओवरों में दबाव बनाए रखा, जिससे वापसी सफल हुई।",सकारात्मक,क्रिकेट,2
"मुकाबले के इस चरण में कप्तान ने बीच के ओवरों में महंगा साबित हुआ, और रणनीति विफल रही।",नकारात्मक,क्रिकेट,0
"आज विंगर ने गेंद पकड़ी, और अगला आक्रमण शुरू हुआ।",तटस्थ,फुटबॉल,1
"आज क्षेत्ररक्षक ने अगली गेंद का सामना किया, जिसके बाद खेल आगे बढ़ा।",तटस्थ,क्रिकेट,1
"मुकाबले के इस चरण में मध्य खिलाड़ी ने बोनस का मौका गंवाया, जिससे वापसी कठिन हुई।",नकारात्मक,कबड्डी,0
"मध्य खिलाड़ी ने बोनस का मौका गंवाया, जिससे जरूरी अंक गंवा।",नकारात्मक,कबड्डी,0
"दबाव के बीच स्पिनर ने दबाव में सही शॉट चुना, और विपक्षी दबाव में आ गया।",सकारात्मक,क्रिकेट,2
"दौड़ दल ने टायर बदलने में देरी की, जिससे स्थान गिरा।",नकारात्मक,फॉर्मूला वन,0
"मुकाबले के इस चरण में विंगर ने सही समय पर चुनौती नहीं दी, जिससे गोल का अवसर चला गया।",नकारात्मक,फुटबॉल,0
"निर्णायक समय पर चालक ने तालमेल नहीं बना पाया, और प्रशंसकों में निराशा फैल गई 😞।",नकारात्मक,फॉर्मूला वन,0
"निर्णायक समय पर कार ने दौड़ की योजना पर काम किया, जिसके बाद अगला चरण शुरू हुआ।",तटस्थ,फॉर्मूला वन,1
"रक्षात्मक खिलाड़ी ने कठिन शटल लौटा दी, और मुकाबला अपने पक्ष में झुका।",सकारात्मक,बैडमिंटन,2
"दबाव के बीच स्थानापन्न खिलाड़ी ने विपक्षी क्षेत्र की ओर बढ़ा, जिसके बाद अगली रेड शुरू हुई।",तटस्थ,कबड्डी,1
"आज अंतिम रेडर ने मैदान में प्रवेश किया, जिसके बाद अगला अंक खेला गया।",तटस्थ,कबड्डी,1
"तेज गेंदबाज ने बीच के ओवरों में दबाव बनाए रखा, जिससे जीत की उम्मीद मजबूत हुई।",सकारात्मक,क्रिकेट,2
"आज विकेटकीपर ने संयम से पारी संभाली, और रणनीति कामयाब रही।",सकारात्मक,क्रिकेट,2
"मुकाबले के इस चरण में निचला क्रम ने जल्दी विकेट गंवा बैठा, और रणनीति विफल रही।",नकारात्मक,क्रिकेट,0
"मुकाबले के इस चरण में मुख्य चालक ने देर से निर्णय लिया, और दल का मनोबल गिरा।",नकारात्मक,फॉर्मूला वन,0
"निर्णायक समय पर रक्षक ने अपनी जगह संभाली, और मुकाबला सामान्य गति से चलता रहा।",तटस्थ,फुटबॉल,1
"निर्णायक समय पर एकल खिलाड़ी ने लंबी रैली गंवा बैठा, जिससे निर्णायक अंक हाथ से गया।",नकारात्मक,बैडमिंटन,0
"मुकाबले के इस चरण में स्पिनर ने बीच के ओवरों में महंगा साबित हुआ, और विपक्षी को बढ़त मिल गई।",नकारात्मक,क्रिकेट,0
"दबाव के बीच मुख्य रेडर ने विपक्षी क्षेत्र की ओर बढ़ा, जिसके बाद अगली रेड शुरू हुई।",तटस्थ,कबड्डी,1
"आज एकल खिलाड़ी ने नेट पर शटल रोकी, और खेल आगे बढ़ा।",तटस्थ,बैडमिंटन,1
"दबाव के बीच कप्तान ने बीच के ओवर में गेंदबाजी की, और पारी अपने क्रम में आगे बढ़ी।",तटस्थ,क्रिकेट,1
"निर्णायक समय पर निर्णायक अंक पर खिलाड़ी ने रैली जारी रखी, जिसके बाद अगली रैली शुरू हुई।",तटस्थ,बैडमिंटन,1
"निर्णायक समय पर रक्षा पंक्ति ने मैदान पर आते ही असर डाला, जिससे दल का आत्मविश्वास बढ़ा।",सकारात्मक,कबड्डी,2
"आज रेडर ने रेड शुरू की, जिसके बाद अगली रेड शुरू हुई।",तटस्थ,कबड्डी,1
"मुकाबले के इस चरण में गेंदबाज ने बीच के ओवरों में दबाव बनाए रखा, और रणनीति कामयाब रही।",सकारात्मक,क्रिकेट,2
"रक्षात्मक खिलाड़ी ने लंबी रैली गंवा बैठा, जिससे आत्मविश्वास घटा।",नकारात्मक,बैडमिंटन,0
"दबाव के बीच क्षेत्ररक्षक ने जरूरी विकेट नहीं ले सका, और रणनीति विफल रही।",नकारात्मक,क्रिकेट,0
"मुकाबले के इस चरण में अंतिम रेडर ने घेरा टूटने दिया, और दर्शकों में निराशा फैल गई 😞।",नकारात्मक,कबड्डी,0
"आज खिलाड़ी ने सटीक स्मैश लगाया, और मुकाबला अपने पक्ष में झुका।",सकारात्मक,बैडमिंटन,2
"सर्विस करने वाले खिलाड़ी ने सही समय पर आक्रमण किया, जिससे बढ़त मजबूत हुई।",सकारात्मक,बैडमिंटन,2
"दबाव के बीच स्थानापन्न खिलाड़ी ने कठिन बचाव किया, जिससे वापसी सफल हुई।",सकारात्मक,फुटबॉल,2
"कार ने अंतिम चरण में गति बढ़ाई, और दल का मनोबल ऊंचा हुआ।",सकारात्मक,फॉर्मूला वन,2
"मुकाबले के इस चरण में नेट खिलाड़ी ने बचाव में चूक गया, और दर्शकों में निराशा फैल गई 😞।",नकारात्मक,बैडमिंटन,0
"मुकाबले के इस चरण में एकल खिलाड़ी ने रैली जारी रखी, जिसके बाद सर्विस बदली गई।",तटस्थ,बैडमिंटन,1
"स्थानापन्न खिलाड़ी ने विपक्षी क्षेत्र की ओर बढ़ा, और मुकाबला सामान्य गति से चला।",तटस्थ,कबड्डी,1
"दबाव के बीच रक्षक ने अपनी जगह छोड़ दी, जिससे गोल का अवसर चला गया।",नकारात्मक,फुटबॉल,0
"रक्षापंक्ति ने समय पर बदलाव किया, जिससे गोल का अवसर बना।",सकारात्मक,फुटबॉल,2
"दबाव के बीच खिलाड़ी ने रणनीति में सुधार नहीं कर सका, जिससे आत्मविश्वास घटा।",नकारात्मक,बैडमिंटन,0
"आज कार ने बदलाव में समय गंवाया, जिससे समय का नुकसान हुआ।",नकारात्मक,फॉर्मूला वन,0
"मुकाबले के इस चरण में मुख्य चालक ने अगले बदलाव की तैयारी की, जिसके बाद अगला चक्कर शुरू हुआ।",तटस्थ,फॉर्मूला वन,1
"निर्णायक समय पर गोलकीपर ने तालमेल खो दिया, और मुकाबला हाथ से निकलने लगा।",नकारात्मक,फुटबॉल,0
"मुकाबले के इस चरण में रक्षक ने तालमेल खो बैठा, और रणनीति विफल रही।",नकारात्मक,कबड्डी,0
"निर्णायक समय पर मध्य क्षेत्र ने गेंद पकड़ी, और मुकाबला सामान्य गति से चलता रहा।",तटस्थ,फुटबॉल,1
"आज एकल खिलाड़ी ने खाली जगह नहीं पहचान पाया, और प्रतिद्वंद्वी दबाव में नहीं आया।",नकारात्मक,बैडमिंटन,0
"निर्णायक समय पर कप्तान ने बचाव की स्थिति ली, जिसके बाद सर्विस बदली गई।",तटस्थ,बैडमिंटन,1
"रेडर ने सही समय पर बोनस लिया, और मुकाबला अपने पक्ष में झुका।",सकारात्मक,कबड्डी,2
"मध्य मैदान के खिलाड़ी ने आसान मौका गंवाया, और मुकाबला हाथ से निकलने लगा।",नकारात्मक,फुटबॉल,0
"आज रणनीति दल ने टायरों का गलत उपयोग किया, जिससे स्थान गिरा।",नकारात्मक,फॉर्मूला वन,0
"एकल खिलाड़ी ने खाली जगह पहचानी, जिससे जीत की उम्मीद बढ़ी।",सकारात्मक,बैडमिंटन,2
"आज बल्लेबाज ने अगली गेंद का सामना किया, जिसके बाद दोनों दल अपनी योजना पर लौटे।",तटस्थ,क्रिकेट,1
"आज मध्य खिलाड़ी ने घेरा टूटने दिया, और विपक्षी दबाव में नहीं आया।",नकारात्मक,कबड्डी,0
"आज रक्षा पंक्ति ने अपनी जगह संभाली, जिसके बाद खिलाड़ी अपनी जगह लौटे।",तटस्थ,कबड्डी,1
"आज विकेटकीपर ने साझेदारी नहीं बना सका, और मुकाबला हाथ से निकलने लगा।",नकारात्मक,क्रिकेट,0
"मुकाबले के इस चरण में पिट दल ने रणनीति पर चर्चा की, जिसके बाद अगला चरण शुरू हुआ।",तटस्थ,फॉर्मूला वन,1
"दबाव के बीच गोलकीपर ने सही समय पर चुनौती नहीं दी, जिससे बढ़त कमजोर हुई।",नकारात्मक,फुटबॉल,0
"दबाव के बीच निर्णायक अंक पर खिलाड़ी ने खाली जगह नहीं पहचान पाया, जिससे बढ़त कमजोर हुई।",नकारात्मक,बैडमिंटन,0
"मुकाबले के इस चरण में खिलाड़ी ने रणनीति पर चर्चा की, जिसके बाद अगली रैली शुरू हुई।",तटस्थ,बैडमिंटन,1
"निर्णायक समय पर निर्णायक अंक पर खिलाड़ी ने खाली जगह नहीं पहचान पाया, जिससे निर्णायक अंक हाथ से गया।",नकारात्मक,बैडमिंटन,0
"इंजीनियर ने ओवरटेक का मौका गंवाया, और प्रतिद्वंद्वी को फायदा मिला।",नकारात्मक,फॉर्मूला वन,0
"आज टायर दल ने अंतिम चरण में गति नहीं बढ़ा सका, और प्रतिद्वंद्वी को फायदा मिला।",नकारात्मक,फॉर्मूला वन,0
"मुकाबले के इस चरण में तेज गेंदबाज ने अगली गेंद का सामना किया, जिसके बाद दोनों दल अपनी योजना पर लौटे।",तटस्थ,क्रिकेट,1
"मुकाबले के इस चरण में कप्तान ने अगले अंक की तैयारी की, जिसके बाद सर्विस बदली गई।",तटस्थ,बैडमिंटन,1
"दबाव के बीच टीम प्रबंधन ने दबाव में धैर्य रखा, जिससे स्थान सुधरा।",सकारात्मक,फॉर्मूला वन,2
"मुकाबले के इस चरण में सलामी जोड़ी ने कठिन गेंदों पर नियंत्रण रखा, और विपक्षी दबाव में आ गया।",सकारात्मक,क्रिकेट,2
"निर्णायक समय पर कार ने दौड़ की योजना देखी, जिसके बाद कार फिर ट्रैक पर आई।",तटस्थ,फॉर्मूला वन,1
"मुकाबले के इस चरण में गोलकीपर ने पास आगे बढ़ाया, और दोनों दल रणनीति पर काम करते रहे।",तटस्थ,फुटबॉल,1
"मुकाबले के इस चरण में निर्णायक अंक पर खिलाड़ी ने मजबूत बचाव किया, जिससे बढ़त मजबूत हुई।",सकारात्मक,बैडमिंटन,2
"मुकाबले के इस चरण में पिछली पंक्ति का खिलाड़ी ने सटीक स्मैश लगाया, जिससे जीत की उम्मीद बढ़ी।",सकारात्मक,बैडमिंटन,2
"निर्णायक समय पर टायर दल ने अगले बदलाव की तैयारी की, जिसके बाद कार फिर ट्रैक पर आई।",तटस्थ,फॉर्मूला वन,1
"आज मुख्य रेडर ने विपक्षी क्षेत्र की ओर बढ़ा, और मुकाबला सामान्य गति से चला।",तटस्थ,कबड्डी,1
"निर्णायक समय पर दल ने मैदान पर आने के बाद असर नहीं डाल सका, जिससे दल का आत्मविश्वास घटा।",नकारात्मक,कबड्डी,0
"दबाव के बीच टायर दल ने एक चक्कर पूरा किया, जिसके बाद अगला चरण शुरू हुआ।",तटस्थ,फॉर्मूला वन,1
"आज कार ने दबाव में गलती की, जिससे समय का नुकसान हुआ।",नकारात्मक,फॉर्मूला वन,0
"आज चालक ने लगातार अच्छा तालमेल रखा, और दौड़ का रुख बदला।",सकारात्मक,फॉर्मूला वन,2
"मुकाबले के इस चरण में रक्षक ने मैदान पर आने के बाद असर नहीं डाल सका, और मुकाबला हाथ से निकलने लगा।",नकारात्मक,फुटबॉल,0
"निर्णायक समय पर रेडर ने अच्छा तालमेल दिखाया, और विपक्षी दबाव में आया।",सकारात्मक,कबड्डी,2
"दबाव के बीच कप्तान ने दबाव में सही शॉट चुना, और दर्शकों में उत्साह फैल गया 😀।",सकारात्मक,क्रिकेट,2
"मुकाबले के इस चरण में सलामी जोड़ी ने समय पर रणनीति बदली, जिससे रन गति सुधरी।",सकारात्मक,क्रिकेट,2
"मुकाबले के इस चरण में कप्तान ने सही समय पर चुनौती नहीं दी, और विपक्षी को फायदा मिला।",नकारात्मक,फुटबॉल,0
"निर्णायक समय पर क्षेत्ररक्षक ने बीच के ओवरों में दबाव बनाए रखा, जिससे दल का आत्मविश्वास बढ़ा।",सकारात्मक,क्रिकेट,2
"आज पिट दल ने देर से निर्णय लिया, जिससे जीत की उम्मीद कमजोर हुई।",नकारात्मक,फॉर्मूला वन,0
"रणनीति दल ने दौड़ की योजना पर काम किया, और चालक ने अपनी स्थिति बनाए रखी।",तटस्थ,फॉर्मूला वन,1
"दबाव के बीच सर्विस करने वाला खिलाड़ी ने लंबी रैली गंवा बैठा, और दर्शकों में निराशा फैल गई 😞।",नकारात्मक,बैडमिंटन,0
"अंतिम रेडर ने विपक्षी क्षेत्र की ओर बढ़ा, और दोनों दल अगली चाल की तैयारी करने लगे।",तटस्थ,कबड्डी,1
"मुकाबले के इस चरण में चालक ने सही समय पर निर्णय लिया, जिससे समय का लाभ मिला।",सकारात्मक,फॉर्मूला वन,2
"दबाव के बीच युगल जोड़ी ने शटल आगे भेजी, और अगला अंक खेला गया।",तटस्थ,बैडमिंटन,1
"दबाव के बीच पिट दल ने तालमेल नहीं बना पाया, जिससे समय का नुकसान हुआ।",नकारात्मक,फॉर्मूला वन,0
"गोलकीपर ने लगातार दबाव बनाया, जिससे वापसी सफल हुई।",सकारात्मक,फुटबॉल,2
"कार ने तालमेल नहीं बना पाया, और प्रशंसकों में निराशा फैल गई 😞।",नकारात्मक,फॉर्मूला वन,0
"आज रक्षात्मक खिलाड़ी ने नेट के पास दबाव बनाया, जिससे बढ़त मजबूत हुई।",सकारात्मक,बैडमिंटन,2
"दबाव के बीच रेस दल ने बदलाव में समय गंवाया, और दल का मनोबल गिरा।",नकारात्मक,फॉर्मूला वन,0
"आज निर्णायक अंक पर खिलाड़ी ने रैली जारी रखी, और अगला अंक खेला गया।",तटस्थ,बैडमिंटन,1
"आज मुख्य चालक ने सही समय पर निर्णय लिया, जिससे पोडियम की संभावना बढ़ी।",सकारात्मक,फॉर्मूला वन,2
"दबाव के बीच सलामी जोड़ी ने कुछ रन जोड़े, जिसके बाद दोनों दल अपनी योजना पर लौटे।",तटस्थ,क्रिकेट,1
"मुकाबले के इस चरण में निर्णायक अंक पर खिलाड़ी ने सही समय पर आक्रमण किया, जिससे जीत की उम्मीद बढ़ी।",सकारात्मक,बैडमिंटन,2
"दबाव के बीच सहायक रक्षक ने लगातार अंक जुटाए, जिससे जरूरी अंक मिला।",सकारात्मक,कबड्डी,2
"रक्षात्मक खिलाड़ी ने रैली जारी रखी, जिसके बाद अगली रैली शुरू हुई।",तटस्थ,बैडमिंटन,1
"आज कप्तान ने मैदान पर आने के बाद असर नहीं डाल सका, और दर्शकों में निराशा फैल गई 😞।",नकारात्मक,फुटबॉल,0
"मुकाबले के इस चरण में आक्रामक दल ने आसान मौका गंवाया, जिससे वापसी कठिन हुई।",नकारात्मक,फुटबॉल,0
"मुकाबले के इस चरण में कप्तान ने लगातार अंक गंवाता रहा, और विपक्षी दबाव में नहीं आया।",नकारात्मक,कबड्डी,0
"क्षेत्ररक्षक ने पारी शुरू की, और अगली गेंद खेली गई।",तटस्थ,क्रिकेट,1
"मुकाबले के इस चरण में सर्विस करने वाला खिलाड़ी ने सर्विस पर नियंत्रण खो बैठा, और मुकाबला विपक्षी की ओर झुका।",नकारात्मक,बैडमिंटन,0
"पिछली पंक्ति का खिलाड़ी ने सर्विस पर नियंत्रण रखा, और मुकाबला अपने पक्ष में झुका।",सकारात्मक,बैडमिंटन,2
"दबाव के बीच विंगर ने गलत पास दिया, और मुकाबला हाथ से निकलने लगा।",नकारात्मक,फुटबॉल,0
"आज सहायक रक्षक ने बोनस का मौका गंवाया, जिससे बढ़त कमजोर हुई।",नकारात्मक,कबड्डी,0
"आज चालक ने टायर बदलने में देरी की, जिससे स्थान गिरा।",नकारात्मक,फॉर्मूला वन,0
"आक्रामक खिलाड़ी ने अगला शॉट खेला, और खेल आगे बढ़ा।",तटस्थ,बैडमिंटन,1
"दल ने रक्षा की स्थिति बनाई, और खेल आगे बढ़ा।",तटस्थ,कबड्डी,1
"आज निर्णायक अंक पर खिलाड़ी ने खाली जगह की ओर शटल भेजी, और खेल आगे बढ़ा।",तटस्थ,बैडमिंटन,1
"मुकाबले के इस चरण में रेडर ने अगली रेड की तैयारी की, जिसके बाद खिलाड़ी अपनी जगह लौटे।",तटस्थ,कबड्डी,1
"निर्णायक समय पर रक्षा पंक्ति ने मैदान पर आने के बाद असर नहीं डाल सका, जिससे दल का आत्मविश्वास घटा।",नकारात्मक,कबड्डी,0
"दबाव के बीच कप्तान ने देर से बदलाव किया, जिससे आत्मविश्वास घटा।",नकारात्मक,फुटबॉल,0
"एकल खिलाड़ी ने लंबी रैली जीती, जिससे बढ़त मजबूत हुई।",सकारात्मक,बैडमिंटन,2
"निर्णायक समय पर गोलकीपर ने सटीक पास दिया, जिससे बढ़त मजबूत हुई।",सकारात्मक,फुटबॉल,2
"मुकाबले के इस चरण में आक्रामक दल ने एक बदलाव किया, जिसके बाद गेंद फिर मध्य क्षेत्र में गई।",तटस्थ,फुटबॉल,1
"आज अंतिम रेडर ने विपक्षी क्षेत्र की ओर बढ़ा, जिसके बाद अगली रेड शुरू हुई।",तटस्थ,कबड्डी,1
"आज कप्तान ने क्रीज पर आया, और पारी अपने क्रम में आगे बढ़ी।",तटस्थ,क्रिकेट,1
"खिलाड़ी ने नेट पर शटल रोकी, जिसके बाद सर्विस बदली गई।",तटस्थ,बैडमिंटन,1
"आज दल ने टैकल में चूक गया, और रणनीति विफल रही।",नकारात्मक,कबड्डी,0
"आज खिलाड़ी ने नेट पर शटल रोकी, और खेल आगे बढ़ा।",तटस्थ,बैडमिंटन,1
"पिट दल ने ओवरटेक का मौका गंवाया, और प्रतिद्वंद्वी को फायदा मिला।",नकारात्मक,फॉर्मूला वन,0
"मुकाबले के इस चरण में स्थानापन्न खिलाड़ी ने कठिन बचाव किया, जिससे वापसी सफल हुई।",सकारात्मक,फुटबॉल,2
"दबाव के बीच रेडर ने विपक्षी क्षेत्र की ओर बढ़ा, और मुकाबला सामान्य गति से चला।",तटस्थ,कबड्डी,1
"निर्णायक समय पर रणनीति दल ने सही समय पर निर्णय लिया, जिससे जीत की उम्मीद बढ़ी।",सकारात्मक,फॉर्मूला वन,2
"आज टायर दल ने अपनी गति बनाए रखी, जिसके बाद अगला चरण शुरू हुआ।",तटस्थ,फॉर्मूला वन,1
"आक्रामक खिलाड़ी ने रणनीति में सुधार नहीं कर सका, जिससे निर्णायक अंक हाथ से गया।",नकारात्मक,बैडमिंटन,0
"दबाव के बीच खिलाड़ी ने रैली जारी रखी, जिसके बाद अगली रैली शुरू हुई।",तटस्थ,बैडमिंटन,1
"दबाव के बीच पिछली पंक्ति का खिलाड़ी ने शटल आगे भेजी, जिसके बाद अगली रैली शुरू हुई।",तटस्थ,बैडमिंटन,1
"मुकाबले के इस चरण में कप्तान ने अंतिम ओवरों में नियंत्रण खो बैठा, और रणनीति विफल रही।",नकारात्मक,क्रिकेट,0
"दबाव के बीच टायर दल ने तेज सेवा दी, जिससे जीत की उम्मीद बढ़ी।",सकारात्मक,फॉर्मूला वन,2
"निर्णायक समय पर विकेटकीपर ने बीच के ओवरों में दबाव बनाए रखा, और दर्शकों में उत्साह फैल गया 😀।",सकारात्मक,क्रिकेट,2
"निर्णायक समय पर कार ने दबाव में धैर्य रखा, और दौड़ का रुख बदला।",सकारात्मक,फॉर्मूला वन,2
"मुकाबले के इस चरण में चालक ने टायरों का गलत उपयोग किया, और प्रशंसकों में निराशा फैल गई 😞।",नकारात्मक,फॉर्मूला वन,0
"मुकाबले के इस चरण में स्पिनर ने जल्दी विकेट गंवा बैठा, और रणनीति विफल रही।",नकारात्मक,क्रिकेट,0
"निर्णायक समय पर इंजीनियर ने अंतिम चरण में गति बढ़ाई, और प्रतिद्वंद्वी दबाव में आया।",सकारात्मक,फॉर्मूला वन,2
"दबाव के बीच रेस दल ने ओवरटेक का मौका गंवाया, जिससे स्थान गिरा।",नकारात्मक,फॉर्मूला वन,0
"आज दल ने देर से बदलाव किया, जिससे बढ़त कमजोर हुई।",नकारात्मक,कबड्डी,0
"रक्षात्मक खिलाड़ी ने शटल आगे भेजी, जिसके बाद सर्विस बदली गई।",तटस्थ,बैडमिंटन,1
"आज दौड़ दल ने रणनीति पर चर्चा की, और चालक ने अपनी स्थिति बनाए रखी।",तटस्थ,फॉर्मूला वन,1
"आज गोलकीपर ने आक्रमण शुरू किया, जिसके बाद खेल आगे बढ़ा।",तटस्थ,फुटबॉल,1
"दबाव के बीच मध्य मैदान के खिलाड़ी ने सटीक पास दिया, जिससे बढ़त मजबूत हुई।",सकारात्मक,फुटबॉल,2
"मुकाबले के इस चरण में रेडर ने तालमेल बनाया, और दोनों दल अगली चाल की तैयारी करने लगे।",तटस्थ,कबड्डी,1
"सलामी जोड़ी ने दबाव में सही शॉट चुना, जिससे रन गति सुधरी।",सकारात्मक,क्रिकेट,2
"आज युगल जोड़ी ने सर्विस की, जिसके बाद अगली रैली शुरू हुई।",तटस्थ,बैडमिंटन,1
"स्थानापन्न खिलाड़ी ने बिना अंक लौट आया, जिससे दल का आत्मविश्वास घटा।",नकारात्मक,कबड्डी,0
"मुकाबले के इस चरण में एकल खिलाड़ी ने शटल आगे भेजी, और अगला अंक खेला गया।",तटस्थ,बैडमिंटन,1
"दबाव के बीच गोलकीपर ने बचाव में चूक गया, जिससे वापसी कठिन हुई।",नकारात्मक,फुटबॉल,0
"बल्लेबाज ने ढीली गेंदें डालता रहा, और विपक्षी को बढ़त मिल गई।",नकारात्मक,क्रिकेट,0
"अंतिम रेडर ने मैदान पर आते ही असर डाला, जिससे दल का आत्मविश्वास बढ़ा।",सकारात्मक,कबड्डी,2
"आज विंगर ने मैदान पर आने के बाद असर नहीं डाल सका, जिससे आत्मविश्वास घटा।",नकारात्मक,फुटबॉल,0
"मुकाबले के इस चरण में खिलाड़ी ने अगले अंक की तैयारी की, और खेल आगे बढ़ा।",तटस्थ,बैडमिंटन,1
"मुकाबले के इस चरण में गेंदबाज ने आसान मौका गंवा बैठा, जिससे रन गति गिर गई।",नकारात्मक,क्रिकेट,0
"रेस दल ने टायर बदलने में देरी की, जिससे जीत की उम्मीद कमजोर हुई।",नकारात्मक,फॉर्मूला वन,0
"दबाव के बीच हमलावर ने तेज तालमेल दिखाया, जिससे गोल का अवसर बना।",सकारात्मक,फुटबॉल,2
"आज रक्षक ने अच्छा तालमेल दिखाया, जिससे वापसी सफल हुई।",सकारात्मक,कबड्डी,2
"क्षेत्ररक्षक ने दबाव में गलत शॉट चुना, और मुकाबला हाथ से निकलने लगा।",नकारात्मक,क्रिकेट,0
"मध्य खिलाड़ी ने मैदान पर आने के बाद असर नहीं डाल सका, जिससे दल का आत्मविश्वास घटा।",नकारात्मक,कबड्डी,0
"निर्णायक समय पर स्थानापन्न खिलाड़ी ने लगातार अंक गंवाता रहा, जिससे बढ़त कमजोर हुई।",नकारात्मक,कबड्डी,0
"दबाव के बीच कप्तान ने निर्णायक अंक नहीं ले सका, और दर्शकों में निराशा फैल गई 😞।",नकारात्मक,कबड्डी,0
"दबाव के बीच तेज गेंदबाज ने जरूरी विकेट नहीं ले सका, जिससे रन गति गिर गई।",नकारात्मक,क्रिकेट,0
"दबाव के बीच सलामी जोड़ी ने अगला ओवर शुरू किया, जिसके बाद अगला ओवर शुरू हुआ।",तटस्थ,क्रिकेट,1
"आज मध्य क्षेत्र ने सटीक पास दिया, और विपक्षी दबाव में आया।",सकारात्मक,फुटबॉल,2
"मुकाबले के इस चरण में क्षेत्ररक्षक ने कठिन गेंदों पर नियंत्रण रखा, जिससे रन गति सुधरी।",सकारात्मक,क्रिकेट,2
"मुकाबले के इस चरण में आक्रामक दल ने तालमेल खो दिया, जिससे आत्मविश्वास घटा।",नकारात्मक,फुटबॉल,0
"टीम प्रबंधन ने रणनीति पर चर्चा की, जिसके बाद कार फिर ट्रैक पर आई।",तटस्थ,फॉर्मूला वन,1
"मुकाबले के इस चरण में मध्य मैदान के खिलाड़ी ने गेंद खो दी, जिससे आत्मविश्वास घटा।",नकारात्मक,फुटबॉल,0
"कप्तान ने साझेदारी नहीं बना सका, और विपक्षी को बढ़त मिल गई।",नकारात्मक,क्रिकेट,0
"दबाव के बीच सहायक रक्षक ने अगला अंक खेला, जिसके बाद अगली रेड शुरू हुई।",तटस्थ,कबड्डी,1
"निर्णायक समय पर टीम प्रबंधन ने टायरों का सही उपयोग किया, और दौड़ का रुख बदला।",सकारात्मक,फॉर्मूला वन,2
"निर्णायक समय पर मध्य खिलाड़ी ने निर्देश दिया, जिसके बाद अगली रेड शुरू हुई।",तटस्थ,कबड्डी,1
"अंतिम रेडर ने रेडर को रोक नहीं पाया, जिससे वापसी कठिन हुई।",नकारात्मक,कबड्डी,0
"स्थानापन्न खिलाड़ी ने सफल रेड की, और विपक्षी दबाव में आया।",सकारात्मक,कबड्डी,2
"दबाव के बीच रक्षापंक्ति ने सही समय पर चुनौती दी, जिससे बढ़त मजबूत हुई।",सकारात्मक,फुटबॉल,2
"नेट खिलाड़ी ने बचाव की स्थिति ली, और मुकाबला सामान्य गति से चला।",तटस्थ,बैडमिंटन,1
"निर्णायक समय पर बल्लेबाज ने बीच के ओवरों में महंगा साबित हुआ, जिससे रन गति गिर गई।",नकारात्मक,क्रिकेट,0
"दौड़ दल ने तालमेल नहीं बना पाया, जिससे पोडियम की संभावना घटी।",नकारात्मक,फॉर्मूला वन,0
"दबाव के बीच आक्रामक दल ने खिलाड़ियों के बीच गेंद घुमाई, जिसके बाद गेंद फिर मध्य क्षेत्र में गई।",तटस्थ,फुटबॉल,1
"आक्रामक दल ने देर से बदलाव किया, और विपक्षी को फायदा मिला।",नकारात्मक,फुटबॉल,0
"आज क्षेत्ररक्षक ने अंतिम ओवरों में गति बढ़ाई, और रणनीति कामयाब रही।",सकारात्मक,क्रिकेट,2
"दबाव के बीच रक्षक ने सही समय पर बोनस लिया, जिससे बढ़त मजबूत हुई।",सकारात्मक,कबड्डी,2
"आक्रामक दल ने आक्रमण को रोक दिया, जिससे गोल का अवसर बना।",सकारात्मक,फुटबॉल,2
"आक्रामक खिलाड़ी ने कठिन शटल लौटा दी, जिससे बढ़त मजबूत हुई।",सकारात्मक,बैडमिंटन,2
"चालक ने दौड़ की योजना पर काम किया, जिसके बाद अगला चक्कर शुरू हुआ।",तटस्थ,फॉर्मूला वन,1
"चालक ने आंकड़ों की समीक्षा की, जिसके बाद अगला चक्कर शुरू हुआ।",तटस्थ,फॉर्मूला वन,1
"मुकाबले के इस चरण में खिलाड़ी ने सर्विस पर नियंत्रण खो बैठा, और मुकाबला विपक्षी की ओर झुका।",नकारात्मक,बैडमिंटन,0
"मुकाबले के इस चरण में मध्य खिलाड़ी ने सफल रेड की, जिससे वापसी सफल हुई।",सकारात्मक,कबड्डी,2
"निर्णायक समय पर रणनीति दल ने तेज बदलाव किया, और प्रशंसकों में उत्साह फैल गया 🏎️।",सकारात्मक,फॉर्मूला वन,2
"आज मुख्य रेडर ने तालमेल बनाया, जिसके बाद खिलाड़ी अपनी जगह लौटे।",तटस्थ,कबड्डी,1
"आज कप्तान ने तेज प्रतिक्रिया से मौका बनाया, और दर्शकों में उत्साह फैल गया 😀।",सकारात्मक,क्रिकेट,2
"मुकाबले के इस चरण में रणनीति दल ने मोड़ पर नियंत्रण रखा, जिससे पोडियम की संभावना बढ़ी।",सकारात्मक,फॉर्मूला वन,2
"मुकाबले के इस चरण में टायर दल ने अपनी गति बनाए रखी, जिसके बाद अगला चरण शुरू हुआ।",तटस्थ,फॉर्मूला वन,1
"दबाव के बीच पिछली पंक्ति का खिलाड़ी ने मजबूत बचाव किया, जिससे निर्णायक अंक मिला।",सकारात्मक,बैडमिंटन,2
"निर्णायक समय पर चालक ने ओवरटेक का मौका गंवाया, जिससे समय का नुकसान हुआ।",नकारात्मक,फॉर्मूला वन,0
"दबाव के बीच दल ने घेरा टूटने दिया, और मुकाबला हाथ से निकलने लगा।",नकारात्मक,कबड्डी,0
"निर्णायक समय पर नेट खिलाड़ी ने तेज प्रतिक्रिया दिखाई, जिससे जीत की उम्मीद बढ़ी।",सकारात्मक,बैडमिंटन,2
"आज स्थानापन्न खिलाड़ी ने मिलकर रेडर को रोका, जिससे जरूरी अंक मिला।",सकारात्मक,कबड्डी,2
"आज कप्तान ने अपनी जगह संभाली, और अगला आक्रमण शुरू हुआ।",तटस्थ,फुटबॉल,1
"मुकाबले के इस चरण में आक्रामक खिलाड़ी ने लंबी रैली जीती, और मुकाबला अपने पक्ष में झुका।",सकारात्मक,बैडमिंटन,2
"दबाव के बीच क्षेत्ररक्षक ने जल्दी विकेट गंवा बैठा, और विपक्षी को बढ़त मिल गई।",नकारात्मक,क्रिकेट,0
"एकल खिलाड़ी ने लंबी रैली गंवा बैठा, जिससे निर्णायक अंक हाथ से गया।",नकारात्मक,बैडमिंटन,0
"निर्णायक समय पर रक्षा पंक्ति ने रेड शुरू की, जिसके बाद खिलाड़ी अपनी जगह लौटे।",तटस्थ,कबड्डी,1
"मुकाबले के इस चरण में एकल खिलाड़ी ने मजबूत बचाव किया, और दर्शकों ने तालियां बजाईं 👏।",सकारात्मक,बैडमिंटन,2
"निर्णायक समय पर इंजीनियर ने तेज बदलाव किया, और दल का मनोबल ऊंचा हुआ।",सकारात्मक,फॉर्मूला वन,2
"आज कप्तान ने मिलकर रेडर को रोका, जिससे बढ़त मजबूत हुई।",सकारात्मक,कबड्डी,2
"दबाव के बीच एकल खिलाड़ी ने बचाव में चूक गया, जिससे आत्मविश्वास घटा।",नकारात्मक,बैडमिंटन,0
"निर्णायक समय पर रेडर ने घेरा टूटने दिया, जिससे जरूरी अंक गंवा।",नकारात्मक,कबड्डी,0
"आज कार ने मोड़ पार किया, जिसके बाद अगला चरण शुरू हुआ।",तटस्थ,फॉर्मूला वन,1
"आज विकेटकीपर ने जरूरी विकेट नहीं ले सका, जिससे रन गति गिर गई।",नकारात्मक,क्रिकेट,0
"आज स्पिनर ने संयम से पारी संभाली, जिससे रन गति सुधरी।",सकारात्मक,क्रिकेट,2
"मुकाबले के इस चरण में बल्लेबाज ने आसान मौका गंवा बैठा, जिससे जीत की संभावना कमजोर हुई।",नकारात्मक,क्रिकेट,0
"दबाव के बीच रेडर ने निर्देश दिया, जिसके बाद अगली रेड शुरू हुई।",तटस्थ,कबड्डी,1
"आज टीम प्रबंधन ने मोड़ पार किया, जिसके बाद अगला चरण शुरू हुआ।",तटस्थ,फॉर्मूला वन,1
"निर्णायक समय पर हमलावर ने लगातार दबाव बनाया, और जीत की उम्मीद बढ़ी।",सकारात्मक,फुटबॉल,2
"आज विंगर ने लगातार दबाव बनाया, और जीत की उम्मीद बढ़ी।",सकारात्मक,फुटबॉल,2
"मध्यक्रम ने दबाव में सही शॉट चुना, जिससे रन गति सुधरी।",सकारात्मक,क्रिकेट,2
"दबाव के बीच पिट दल ने तेज सेवा दी, जिससे स्थान सुधरा।",सकारात्मक,फॉर्मूला वन,2
"दबाव के बीच आक्रामक खिलाड़ी ने सर्विस की, और खेल आगे बढ़ा।",तटस्थ,बैडमिंटन,1
"निर्णायक समय पर गोलकीपर ने अपनी जगह संभाली, और मुकाबला सामान्य गति से चलता रहा।",तटस्थ,फुटबॉल,1
"कप्तान ने कठिन शटल लौटा दी, जिससे जीत की उम्मीद बढ़ी।",सकारात्मक,बैडमिंटन,2
"निर्णायक समय पर मध्यक्रम ने अगला ओवर शुरू किया, जिसके बाद खेल आगे बढ़ा।",तटस्थ,क्रिकेट,1
"दबाव के बीच स्पिनर ने अपनी जगह बदली, जिसके बाद अगला ओवर शुरू हुआ।",तटस्थ,क्रिकेट,1
"रेडर ने अगली रेड की तैयारी की, जिसके बाद अगला अंक खेला गया।",तटस्थ,कबड्डी,1
"टीम प्रबंधन ने अंतिम चरण में गति नहीं बढ़ा सका, जिससे समय का नुकसान हुआ।",नकारात्मक,फॉर्मूला वन,0
"मुकाबले के इस चरण में कार ने ओवरटेक का मौका गंवाया, जिससे समय का नुकसान हुआ।",नकारात्मक,फॉर्मूला वन,0
"नेट खिलाड़ी ने सर्विस की, जिसके बाद दोनों खिलाड़ी अपनी जगह लौटे।",तटस्थ,बैडमिंटन,1
"दबाव के बीच तेज गेंदबाज ने जल्दी विकेट गंवा बैठा, जिससे वापसी कठिन हुई।",नकारात्मक,क्रिकेट,0
"स्थानापन्न खिलाड़ी ने टैकल में चूक गया, और मुकाबला हाथ से निकलने लगा।",नकारात्मक,कबड्डी,0
"निर्णायक समय पर पिछली पंक्ति का खिलाड़ी ने देर से प्रतिक्रिया दी, और दर्शकों में निराशा फैल गई 😞।",नकारात्मक,बैडमिंटन,0
"आज टायर दल ने सही रणनीति चुनी, जिससे समय का लाभ मिला।",सकारात्मक,फॉर्मूला वन,2
"स्पिनर ने साझेदारी नहीं बना सका, जिससे दल का आत्मविश्वास घटा।",नकारात्मक,क्रिकेट,0
"आज रक्षा पंक्ति ने अच्छा तालमेल दिखाया, जिससे बढ़त मजबूत हुई।",सकारात्मक,कबड्डी,2
"दबाव के बीच इंजीनियर ने ट्रैक की स्थिति देखी, जिसके बाद अगला चरण शुरू हुआ।",तटस्थ,फॉर्मूला वन,1
"दबाव के बीच आक्रामक खिलाड़ी ने सही समय पर आक्रमण किया, जिससे जीत की उम्मीद बढ़ी।",सकारात्मक,बैडमिंटन,2
"मध्यक्रम ने पारी शुरू की, जिसके बाद दोनों दल अपनी योजना पर लौटे।",तटस्थ,क्रिकेट,1
"मुकाबले के इस चरण में आक्रामक खिलाड़ी ने कठिन शटल नहीं लौटा सका, और दर्शकों में निराशा फैल गई 😞।",नकारात्मक,बैडमिंटन,0
"आज सलामी जोड़ी ने संयम से पारी संभाली, जिससे रन गति सुधरी।",सकारात्मक,क्रिकेट,2
"दबाव के बीच रक्षक ने तेज तालमेल दिखाया, जिससे गोल का अवसर बना।",सकारात्मक,फुटबॉल,2
"दबाव के बीच नेट खिलाड़ी ने रणनीति पर चर्चा की, जिसके बाद दोनों खिलाड़ी अपनी जगह लौटे।",तटस्थ,बैडमिंटन,1
"मुकाबले के इस चरण में कप्तान ने मैदान पर आते ही असर डाला, जिससे बढ़त मजबूत हुई।",सकारात्मक,फुटबॉल,2
"आज रक्षात्मक खिलाड़ी ने अगला शॉट खेला, और अगला अंक खेला गया।",तटस्थ,बैडमिंटन,1
"आज टायर दल ने तेज सेवा दी, जिससे समय का लाभ मिला।",सकारात्मक,फॉर्मूला वन,2
"दबाव के बीच चालक ने दबाव में धैर्य रखा, और दौड़ का रुख बदला।",सकारात्मक,फॉर्मूला वन,2
"कप्तान ने रेड शुरू की, जिसके बाद अगली रेड शुरू हुई।",तटस्थ,कबड्डी,1
"रणनीति दल ने तालमेल नहीं बना पाया, और दौड़ का रुख बिगड़ा।",नकारात्मक,फॉर्मूला वन,0
"दबाव के बीच निर्णायक अंक पर खिलाड़ी ने लंबी रैली गंवा बैठा, जिससे आत्मविश्वास घटा।",नकारात्मक,बैडमिंटन,0
"आज टीम प्रबंधन ने देर से निर्णय लिया, और प्रतिद्वंद्वी को फायदा मिला।",नकारात्मक,फॉर्मूला वन,0
"गेंदबाज ने अपनी जगह बदली, जिसके बाद दोनों दल अपनी योजना पर लौटे।",तटस्थ,क्रिकेट,1
"मुकाबले के इस चरण में तेज गेंदबाज ने कठिन गेंदों पर नियंत्रण रखा, जिससे जीत की उम्मीद मजबूत हुई।",सकारात्मक,क्रिकेट,2
"क्षेत्ररक्षक ने अंतिम ओवरों में गति बढ़ाई, और रणनीति कामयाब रही।",सकारात्मक,क्रिकेट,2
"कप्तान ने गेंद संभाली, और मुकाबला सामान्य गति से चलता रहा।",तटस्थ,क्रिकेट,1
"मुकाबले के इस चरण में आक्रामक दल ने आक्रमण शुरू किया, और अगला आक्रमण शुरू हुआ।",तटस्थ,फुटबॉल,1
"कार ने ओवरटेक का मौका गंवाया, और प्रशंसकों में निराशा फैल गई 😞।",नकारात्मक,फॉर्मूला वन,0
"विकेटकीपर ने अपनी जगह बदली, जिसके बाद दोनों दल अपनी योजना पर लौटे।",तटस्थ,क्रिकेट,1
"निर्णायक समय पर रक्षक ने रक्षा की स्थिति बनाई, और खेल आगे बढ़ा।",तटस्थ,कबड्डी,1
"दबाव के बीच निचला क्रम ने ढीली गेंदें डालता रहा, और मुकाबला हाथ से निकलने लगा।",नकारात्मक,क्रिकेट,0
"आज मध्य मैदान के खिलाड़ी ने आसान मौका गंवाया, जिससे गोल का अवसर चला गया।",नकारात्मक,फुटबॉल,0
"निर्णायक समय पर अंतिम रेडर ने सही समय पर बोनस लिया, जिससे बढ़त मजबूत हुई।",सकारात्मक,कबड्डी,2
"दबाव के बीच सर्विस करने वाला खिलाड़ी ने नेट पर शटल रोकी, और मुकाबला सामान्य गति से चला।",तटस्थ,बैडमिंटन,1
"निर्णायक समय पर हमलावर ने अपनी जगह संभाली, जिसके बाद गेंद फिर मध्य क्षेत्र में गई।",तटस्थ,फुटबॉल,1
"आज मध्य क्षेत्र ने कठिन बचाव किया, और मुकाबला अपने पक्ष में झुक गया।",सकारात्मक,फुटबॉल,2
"दबाव के बीच रेडर ने मैदान पर आते ही असर डाला, और दर्शक खुशी से झूम उठे 😀।",सकारात्मक,कबड्डी,2
"मुकाबले के इस चरण में रक्षापंक्ति ने एक बदलाव किया, जिसके बाद खेल आगे बढ़ा।",तटस्थ,फुटबॉल,1
"दबाव के बीच निचला क्रम ने एक ओवर पूरा किया, जिसके बाद खेल आगे बढ़ा।",तटस्थ,क्रिकेट,1
"निर्णायक समय पर दल ने देर से बदलाव किया, और रणनीति विफल रही।",नकारात्मक,कबड्डी,0
"निर्णायक समय पर रक्षक ने सटीक पास दिया, जिससे दल का आत्मविश्वास बढ़ा।",सकारात्मक,फुटबॉल,2
"दौड़ दल ने दबाव में धैर्य रखा, जिससे पोडियम की संभावना बढ़ी।",सकारात्मक,फॉर्मूला वन,2
"निर्णायक समय पर टायर दल ने ट्रैक की स्थिति देखी, जिसके बाद अगला चरण शुरू हुआ।",तटस्थ,फॉर्मूला वन,1
"आज सहायक रक्षक ने लगातार अंक गंवाता रहा, जिससे जरूरी अंक गंवा।",नकारात्मक,कबड्डी,0
"आज रक्षक ने अगली रेड की तैयारी की, जिसके बाद अगला अंक खेला गया।",तटस्थ,कबड्डी,1
"हमलावर ने सटीक पास दिया, जिससे बढ़त मजबूत हुई।",सकारात्मक,फुटबॉल,2
"खिलाड़ी ने बचाव में चूक गया, जिससे निर्णायक अंक हाथ से गया।",नकारात्मक,बैडमिंटन,0
"दबाव के बीच कप्तान ने घेरा टूटने दिया, जिससे दल का आत्मविश्वास घटा।",नकारात्मक,कबड्डी,0
"मुकाबले के इस चरण में मध्यक्रम ने गेंद संभाली, और पारी अपने क्रम में आगे बढ़ी।",तटस्थ,क्रिकेट,1
"निर्णायक समय पर मध्य मैदान के खिलाड़ी ने गेंद पकड़ी, जिसके बाद खेल आगे बढ़ा।",तटस्थ,फुटबॉल,1
"दबाव के बीच टायर दल ने दबाव में गलती की, जिससे पोडियम की संभावना घटी।",नकारात्मक,फॉर्मूला वन,0
"आज इंजीनियर ने टायरों का गलत उपयोग किया, जिससे स्थान गिरा।",नकारात्मक,फॉर्मूला वन,0
"दबाव के बीच निचला क्रम ने कठिन गेंदों पर नियंत्रण रखा, जिससे जीत की उम्मीद मजबूत हुई।",सकारात्मक,क्रिकेट,2
"कप्तान ने टैकल में चूक गया, और विपक्षी दबाव में नहीं आया।",नकारात्मक,कबड्डी,0
"एकल खिलाड़ी ने अगला शॉट खेला, और अगला अंक खेला गया।",तटस्थ,बैडमिंटन,1
"निर्णायक समय पर आक्रामक दल ने लगातार दबाव बनाया, और विपक्षी दबाव में आया।",सकारात्मक,फुटबॉल,2
"मुकाबले के इस चरण में इंजीनियर ने दबाव में गलती की, और दल का मनोबल गिरा।",नकारात्मक,फॉर्मूला वन,0
"निर्णायक समय पर रणनीति दल ने दबाव में धैर्य रखा, और प्रशंसकों में उत्साह फैल गया 🏎️।",सकारात्मक,फॉर्मूला वन,2
"क्षेत्ररक्षक ने महत्वपूर्ण गेंद रोक नहीं पाया, और दर्शकों में निराशा फैल गई 😞।",नकारात्मक,क्रिकेट,0
"निर्णायक समय पर आक्रामक खिलाड़ी ने रैली जारी रखी, और मुकाबला सामान्य गति से चला।",तटस्थ,बैडमिंटन,1
"निर्णायक समय पर इंजीनियर ने तेज सेवा दी, जिससे स्थान सुधरा।",सकारात्मक,फॉर्मूला वन,2
"रक्षक ने सही समय पर बोनस लिया, जिससे जरूरी अंक मिला।",सकारात्मक,कबड्डी,2
"मध्य मैदान के खिलाड़ी ने गेंद पर नियंत्रण रखा, और विपक्षी दबाव में आया।",सकारात्मक,फुटबॉल,2
"निर्णायक समय पर टायर दल ने देर से निर्णय लिया, जिससे समय का नुकसान हुआ।",नकारात्मक,फॉर्मूला वन,0
"इंजीनियर ने तेज बदलाव किया, जिससे समय का लाभ मिला।",सकारात्मक,फॉर्मूला वन,2
"निचला क्रम ने बीच के ओवरों में दबाव बनाए रखा, और मुकाबला अपने पक्ष में झुक गया।",सकारात्मक,क्रिकेट,2
"निचला क्रम ने संयम से पारी संभाली, और मुकाबला अपने पक्ष में झुक गया।",सकारात्मक,क्रिकेट,2
"दबाव के बीच अंतिम रेडर ने लगातार अंक जुटाए, और मुकाबला अपने पक्ष में झुका।",सकारात्मक,कबड्डी,2
"मुकाबले के इस चरण में टायर दल ने बदलाव में समय गंवाया, और प्रतिद्वंद्वी को फायदा मिला।",नकारात्मक,फॉर्मूला वन,0
"दबाव के बीच रक्षापंक्ति ने एक बदलाव किया, और अगला आक्रमण शुरू हुआ।",तटस्थ,फुटबॉल,1
"दबाव के बीच बल्लेबाज ने एक ओवर पूरा किया, जिसके बाद दोनों दल अपनी योजना पर लौटे।",तटस्थ,क्रिकेट,1
"निर्णायक समय पर दौड़ दल ने टायरों का गलत उपयोग किया, और प्रशंसकों में निराशा फैल गई 😞।",नकारात्मक,फॉर्मूला वन,0
"आज पिछली पंक्ति का खिलाड़ी ने सर्विस की, और मुकाबला सामान्य गति से चला।",तटस्थ,बैडमिंटन,1
"मुकाबले के इस चरण में पिट दल ने दबाव में गलती की, और दल का मनोबल गिरा।",नकारात्मक,फॉर्मूला वन,0
"निर्णायक समय पर कप्तान ने पास आगे बढ़ाया, जिसके बाद खिलाड़ी अपनी जगह लौटे।",तटस्थ,फुटबॉल,1
"मुकाबले के इस चरण में निर्णायक अंक पर खिलाड़ी ने अगले अंक की तैयारी की, जिसके बाद दोनों खिलाड़ी अपनी जगह लौटे।",तटस्थ,बैडमिंटन,1
"आज स्पिनर ने समय पर रणनीति बदली, और दर्शकों में उत्साह फैल गया 😀।",सकारात्मक,क्रिकेट,2
"दबाव के बीच टायर दल ने ओवरटेक का मौका गंवाया, और दल का मनोबल गिरा।",नकारात्मक,फॉर्मूला वन,0
"मुकाबले के इस चरण में आक्रामक दल ने अपनी जगह छोड़ दी, जिससे बढ़त कमजोर हुई।",नकारात्मक,फुटबॉल,0
"पिट दल ने रणनीति पर चर्चा की, और दौड़ आगे बढ़ी।",तटस्थ,फॉर्मूला वन,1
"निर्णायक समय पर हमलावर ने गेंद पर नियंत्रण रखा, और मुकाबला अपने पक्ष में झुक गया।",सकारात्मक,फुटबॉल,2
"निर्णायक समय पर दौड़ दल ने आंकड़ों की समीक्षा की, जिसके बाद कार फिर ट्रैक पर आई।",तटस्थ,फॉर्मूला वन,1
"कप्तान ने अगले अंक की तैयारी की, और अगला अंक खेला गया।",तटस्थ,बैडमिंटन,1
"स्थानापन्न खिलाड़ी ने समय पर बदलाव किया, जिससे दल का आत्मविश्वास बढ़ा।",सकारात्मक,कबड्डी,2
"दबाव के बीच इंजीनियर ने सही समय पर निर्णय लिया, और दौड़ का रुख बदला।",सकारात्मक,फॉर्मूला वन,2
"चालक ने टायरों का सही उपयोग किया, जिससे जीत की उम्मीद बढ़ी।",सकारात्मक,फॉर्मूला वन,2
"दबाव के बीच मध्य क्षेत्र ने मैदान में प्रवेश किया, और दोनों दल रणनीति पर काम करते रहे।",तटस्थ,फुटबॉल,1
"स्थानापन्न खिलाड़ी ने विपक्षी क्षेत्र की ओर बढ़ा, और दोनों दल अगली चाल की तैयारी करने लगे।",तटस्थ,कबड्डी,1
"निर्णायक समय पर कप्तान ने तालमेल खो दिया, और दर्शकों में निराशा फैल गई 😞।",नकारात्मक,फुटबॉल,0
"मुकाबले के इस चरण में मुख्य रेडर ने मैदान पर आने के बाद असर नहीं डाल सका, जिससे दल का आत्मविश्वास घटा।",नकारात्मक,कबड्डी,0
"निर्णायक समय पर बल्लेबाज ने दबाव में गलत शॉट चुना, और रणनीति विफल रही।",नकारात्मक,क्रिकेट,0
"दबाव के बीच मध्यक्रम ने कुछ रन जोड़े, और पारी अपने क्रम में आगे बढ़ी।",तटस्थ,क्रिकेट,1
"आज मुख्य चालक ने सही समय पर निर्णय लिया, और दौड़ का रुख बदला।",सकारात्मक,फॉर्मूला वन,2
"निर्णायक समय पर बल्लेबाज ने आसान मौका गंवा बैठा, जिससे रन गति गिर गई।",नकारात्मक,क्रिकेट,0
"आज तेज गेंदबाज ने ढीली गेंदें डालता रहा, और विपक्षी को बढ़त मिल गई।",नकारात्मक,क्रिकेट,0
"आज इंजीनियर ने मोड़ पार किया, जिसके बाद अगला चरण शुरू हुआ।",तटस्थ,फॉर्मूला वन,1
"मध्य मैदान के खिलाड़ी ने तालमेल खो दिया, जिससे आत्मविश्वास घटा।",नकारात्मक,फुटबॉल,0
"दबाव के बीच पिट दल ने अंतिम चरण में गति नहीं बढ़ा सका, और दौड़ का रुख बिगड़ा।",नकारात्मक,फॉर्मूला वन,0
"मुकाबले के इस चरण में युगल जोड़ी ने नेट के पास अंक गंवा दिया, जिससे निर्णायक अंक हाथ से गया।",नकारात्मक,बैडमिंटन,0
"आज क्षेत्ररक्षक ने क्रीज पर आया, जिसके बाद अगला ओवर शुरू हुआ।",तटस्थ,क्रिकेट,1
"निर्णायक समय पर टीम प्रबंधन ने ओवरटेक का मौका गंवाया, और प्रशंसकों में निराशा फैल गई 😞।",नकारात्मक,फॉर्मूला वन,0
"निर्णायक समय पर मुख्य रेडर ने रेडर को रोक नहीं पाया, जिससे वापसी कठिन हुई।",नकारात्मक,कबड्डी,0
"दबाव के बीच आक्रामक दल ने आसान मौका गंवाया, जिससे वापसी कठिन हुई।",नकारात्मक,फुटबॉल,0
"अंतिम रेडर ने बोनस का मौका गंवाया, जिससे वापसी कठिन हुई।",नकारात्मक,कबड्डी,0
"आज मध्य क्षेत्र ने दबाव नहीं बना सका, जिससे आत्मविश्वास घटा।",नकारात्मक,फुटबॉल,0
"आज मध्य क्षेत्र ने अपनी जगह संभाली, और मुकाबला सामान्य गति से चलता रहा।",तटस्थ,फुटबॉल,1
"मुख्य रेडर ने अगली रेड की तैयारी की, और दोनों दल अगली चाल की तैयारी करने लगे।",तटस्थ,कबड्डी,1
"मुकाबले के इस चरण में मध्य खिलाड़ी ने लगातार अंक गंवाता रहा, और दर्शकों में निराशा फैल गई 😞।",नकारात्मक,कबड्डी,0
"निर्णायक समय पर दौड़ दल ने दबाव में गलती की, और दल का मनोबल गिरा।",नकारात्मक,फॉर्मूला वन,0
"निर्णायक समय पर निर्णायक अंक पर खिलाड़ी ने बचाव में चूक गया, जिससे आत्मविश्वास घटा।",नकारात्मक,बैडमिंटन,0
"आज मुख्य रेडर ने मैदान पर आते ही असर डाला, जिससे वापसी सफल हुई।",सकारात्मक,कबड्डी,2
"रणनीति दल ने तेज सेवा दी, और दौड़ का रुख बदला।",सकारात्मक,फॉर्मूला वन,2
"आज सर्विस करने वाले खिलाड़ी ने तेज प्रतिक्रिया दिखाई, जिससे आत्मविश्वास बढ़ा।",सकारात्मक,बैडमिंटन,2
"निर्णायक समय पर मुख्य रेडर ने मैदान पर आते ही असर डाला, और मुकाबला अपने पक्ष में झुका।",सकारात्मक,कबड्डी,2
"निर्णायक समय पर रक्षक ने दबाव नहीं बना सका, और मुकाबला हाथ से निकलने लगा।",नकारात्मक,फुटबॉल,0
"दबाव के बीच मुख्य चालक ने तेज सेवा दी, और प्रतिद्वंद्वी दबाव में आया।",सकारात्मक,फॉर्मूला वन,2
"कार ने लगातार अच्छा तालमेल रखा, और दौड़ का रुख बदला।",सकारात्मक,फॉर्मूला वन,2
"इंजीनियर ने दबाव में गलती की, जिससे स्थान गिरा।",नकारात्मक,फॉर्मूला वन,0
"निर्णायक समय पर इंजीनियर ने अंतिम चरण में गति नहीं बढ़ा सका, और प्रशंसकों में निराशा फैल गई 😞।",नकारात्मक,फॉर्मूला वन,0
"निर्णायक समय पर स्पिनर ने ढीली गेंदें डालता रहा, जिससे दल का आत्मविश्वास घटा।",नकारात्मक,क्रिकेट,0
"मुकाबले के इस चरण में स्थानापन्न खिलाड़ी ने गलत पास दिया, जिससे बढ़त कमजोर हुई।",नकारात्मक,फुटबॉल,0
"आज कप्तान ने निर्देश दिया, और खेल आगे बढ़ा।",तटस्थ,कबड्डी,1
"मुकाबले के इस चरण में कप्तान ने शटल आगे भेजी, जिसके बाद सर्विस बदली गई।",तटस्थ,बैडमिंटन,1
"दबाव के बीच रक्षक ने आक्रमण को रोक दिया, और मुकाबला अपने पक्ष में झुक गया।",सकारात्मक,फुटबॉल,2
"मध्य मैदान के खिलाड़ी ने गेंद खो दी, जिससे बढ़त कमजोर हुई।",नकारात्मक,फुटबॉल,0
"निर्णायक समय पर मुख्य चालक ने मोड़ पर नियंत्रण खोया, जिससे समय का नुकसान हुआ।",नकारात्मक,फॉर्मूला वन,0
"निर्णायक समय पर तेज गेंदबाज ने क्षेत्ररक्षण में बदलाव किया, और पारी अपने क्रम में आगे बढ़ी।",तटस्थ,क्रिकेट,1
"आज रक्षक ने तालमेल खो बैठा, जिससे बढ़त कमजोर हुई।",नकारात्मक,कबड्डी,0
"कप्तान ने समय पर रणनीति बदली, और मुकाबला अपने पक्ष में झुक गया।",सकारात्मक,क्रिकेट,2
"दबाव के बीच युगल जोड़ी ने रणनीति में सुधार नहीं कर सका, और प्रतिद्वंद्वी दबाव में नहीं आया।",नकारात्मक,बैडमिंटन,0
"निर्णायक समय पर सर्विस करने वाला खिलाड़ी ने देर से प्रतिक्रिया दी, और वापसी का मौका कम हुआ।",नकारात्मक,बैडमिंटन,0
"आज आक्रामक खिलाड़ी ने कठिन शटल नहीं लौटा सका, और मुकाबला विपक्षी की ओर झुका।",नकारात्मक,बैडमिंटन,0
"सलामी जोड़ी ने अगला ओवर शुरू किया, और अगली गेंद खेली गई।",तटस्थ,क्रिकेट,1
"मुकाबले के इस चरण में स्थानापन्न खिलाड़ी ने आसान मौका गंवाया, और मुकाबला हाथ से निकलने लगा।",नकारात्मक,फुटबॉल,0
"दबाव के बीच स्पिनर ने महत्वपूर्ण गेंद रोक नहीं पाया, जिससे दल का आत्मविश्वास घटा।",नकारात्मक,क्रिकेट,0
"कप्तान ने कठिन शटल लौटा दी, और मुकाबला अपने पक्ष में झुका।",सकारात्मक,बैडमिंटन,2
"आज एकल खिलाड़ी ने सर्विस पर नियंत्रण खो बैठा, जिससे निर्णायक अंक हाथ से गया।",नकारात्मक,बैडमिंटन,0
"आज तेज गेंदबाज ने साझेदारी नहीं बना सका, और दर्शकों में निराशा फैल गई 😞।",नकारात्मक,क्रिकेट,0
"कार ने देर से निर्णय लिया, जिससे जीत की उम्मीद कमजोर हुई।",नकारात्मक,फॉर्मूला वन,0
"निर्णायक समय पर रक्षक ने लगातार अंक गंवाता रहा, जिससे जरूरी अंक गंवा।",नकारात्मक,कबड्डी,0
"आज स्थानापन्न खिलाड़ी ने गेंद पर नियंत्रण रखा, और जीत की उम्मीद बढ़ी।",सकारात्मक,फुटबॉल,2
"दबाव के बीच रणनीति दल ने ओवरटेक का मौका गंवाया, और दौड़ का रुख बिगड़ा।",नकारात्मक,फॉर्मूला वन,0
"गेंदबाज ने सटीक गेंदबाजी की, और मुकाबला अपने पक्ष में झुक गया।",सकारात्मक,क्रिकेट,2
"दबाव के बीच कप्तान ने दबाव में गलत शॉट चुना, जिससे वापसी कठिन हुई।",नकारात्मक,क्रिकेट,0
"आज हमलावर ने आक्रमण शुरू किया, जिसके बाद खेल आगे बढ़ा।",तटस्थ,फुटबॉल,1
"निर्णायक समय पर सहायक रक्षक ने लगातार अंक गंवाता रहा, और रणनीति विफल रही।",नकारात्मक,कबड्डी,0
"विंगर ने आसान मौका गंवाया, जिससे आत्मविश्वास घटा।",नकारात्मक,फुटबॉल,0
"नेट खिलाड़ी ने लंबी रैली गंवा बैठा, और मुकाबला विपक्षी की ओर झुका।",नकारात्मक,बैडमिंटन,0
"आज मध्यक्रम ने अंतिम ओवरों में नियंत्रण खो बैठा, और मुकाबला हाथ से निकलने लगा।",नकारात्मक,क्रिकेट,0
"टीम प्रबंधन ने मोड़ पार किया, और मुकाबला सामान्य गति से चला।",तटस्थ,फॉर्मूला वन,1
"आज रेडर ने अगला अंक खेला, जिसके बाद अगला अंक खेला गया।",तटस्थ,कबड्डी,1
"क्षेत्ररक्षक ने देर से रणनीति बदली, और रणनीति विफल रही।",नकारात्मक,क्रिकेट,0
"स्पिनर ने जरूरी विकेट नहीं ले सका, और विपक्षी को बढ़त मिल गई।",नकारात्मक,क्रिकेट,0
"रक्षक ने गलत पास दिया, जिससे गोल का अवसर चला गया।",नकारात्मक,फुटबॉल,0
"मुकाबले के इस चरण में रेडर ने रेडर को रोक नहीं पाया, और मुकाबला हाथ से निकलने लगा।",नकारात्मक,कबड्डी,0
"दबाव के बीच खिलाड़ी ने बचाव की स्थिति ली, और अगला अंक खेला गया।",तटस्थ,बैडमिंटन,1
"निर्णायक समय पर निर्णायक अंक पर खिलाड़ी ने रणनीति पर चर्चा की, और खेल आगे बढ़ा।",तटस्थ,बैडमिंटन,1
"निर्णायक समय पर आक्रामक खिलाड़ी ने नेट पर शटल रोकी, जिसके बाद अगली रैली शुरू हुई।",तटस्थ,बैडमिंटन,1
"आज रणनीति दल ने देर से निर्णय लिया, और दौड़ का रुख बिगड़ा।",नकारात्मक,फॉर्मूला वन,0
"मुकाबले के इस चरण में नेट खिलाड़ी ने शटल आगे भेजी, जिसके बाद दोनों खिलाड़ी अपनी जगह लौटे।",तटस्थ,बैडमिंटन,1
"मुकाबले के इस चरण में मुख्य रेडर ने लगातार अंक गंवाता रहा, जिससे बढ़त कमजोर हुई।",नकारात्मक,कबड्डी,0
"दबाव के बीच कप्तान ने नेट के पास दबाव बनाया, जिससे जीत की उम्मीद बढ़ी।",सकारात्मक,बैडमिंटन,2
"आज दल ने मजबूत घेरा बनाया, जिससे दल का आत्मविश्वास बढ़ा।",सकारात्मक,कबड्डी,2
"निर्णायक समय पर रक्षक ने निर्णायक अंक लिया, और मुकाबला अपने पक्ष में झुका।",सकारात्मक,कबड्डी,2
"आज कप्तान ने नेट के पास अंक गंवा दिया, और मुकाबला विपक्षी की ओर झुका।",नकारात्मक,बैडमिंटन,0
"निर्णायक समय पर इंजीनियर ने तालमेल नहीं बना पाया, और दौड़ का रुख बिगड़ा।",नकारात्मक,फॉर्मूला वन,0
"दबाव के बीच इंजीनियर ने दौड़ की योजना पर काम किया, और चालक ने अपनी स्थिति बनाए रखी।",तटस्थ,फॉर्मूला वन,1
"पिछली पंक्ति का खिलाड़ी ने सर्विस की, और अगला अंक खेला गया।",तटस्थ,बैडमिंटन,1
"दबाव के बीच एकल खिलाड़ी ने नेट के पास दबाव बनाया, जिससे बढ़त मजबूत हुई।",सकारात्मक,बैडमिंटन,2
"मुकाबले के इस चरण में कप्तान ने गेंद पर नियंत्रण रखा, और विपक्षी दबाव में आया।",सकारात्मक,फुटबॉल,2
"आज युगल जोड़ी ने खाली जगह की ओर शटल भेजी, जिसके बाद सर्विस बदली गई।",तटस्थ,बैडमिंटन,1
"आज मुख्य चालक ने ओवरटेक का मौका गंवाया, जिससे जीत की उम्मीद कमजोर हुई।",नकारात्मक,फॉर्मूला वन,0
"निर्णायक समय पर रक्षापंक्ति ने अपनी जगह संभाली, और दोनों दल रणनीति पर काम करते रहे।",तटस्थ,फुटबॉल,1
"आज स्पिनर ने अंतिम ओवरों में नियंत्रण खो बैठा, और मुकाबला हाथ से निकलने लगा।",नकारात्मक,क्रिकेट,0
"दबाव के बीच तेज गेंदबाज ने अगला ओवर शुरू किया, और मुकाबला सामान्य गति से चलता रहा।",तटस्थ,क्रिकेट,1
"दल ने बिना अंक लौट आया, जिससे दल का आत्मविश्वास घटा।",नकारात्मक,कबड्डी,0
"आज आक्रामक दल ने समय पर बदलाव किया, जिससे वापसी सफल हुई।",सकारात्मक,फुटबॉल,2
"बल्लेबाज ने तेज प्रतिक्रिया से मौका बनाया, जिससे वापसी सफल हुई।",सकारात्मक,क्रिकेट,2
"चालक ने दौड़ की योजना देखी, और मुकाबला सामान्य गति से चला।",तटस्थ,फॉर्मूला वन,1
"निर्णायक समय पर इंजीनियर ने रणनीति पर चर्चा की, और मुकाबला सामान्य गति से चला।",तटस्थ,फॉर्मूला वन,1
"दबाव के बीच सर्विस करने वाला खिलाड़ी ने देर से प्रतिक्रिया दी, जिससे आत्मविश्वास घटा।",नकारात्मक,बैडमिंटन,0
"रक्षक ने अगला अंक खेला, जिसके बाद अगली रेड शुरू हुई।",तटस्थ,कबड्डी,1
"आज टीम प्रबंधन ने दबाव में गलती की, और प्रशंसकों में निराशा फैल गई 😞।",नकारात्मक,फॉर्मूला वन,0
"आज बल्लेबाज ने अंतिम ओवरों में नियंत्रण खो बैठा, और मुकाबला हाथ से निकलने लगा।",नकारात्मक,क्रिकेट,0
"मुकाबले के इस चरण में निचला क्रम ने समय पर रणनीति बदली, जिससे रन गति सुधरी।",सकारात्मक,क्रिकेट,2
"मुकाबले के इस चरण में युगल जोड़ी ने कठिन शटल नहीं लौटा सका, जिससे बढ़त कमजोर हुई।",नकारात्मक,बैडमिंटन,0
"आज विंगर ने गेंद पकड़ी, जिसके बाद खिलाड़ी अपनी जगह लौटे।",तटस्थ,फुटबॉल,1
"दबाव के बीच सलामी जोड़ी ने आसान मौका गंवा बैठा, और दर्शकों में निराशा फैल गई 😞।",नकारात्मक,क्रिकेट,0
"विंगर ने लगातार दबाव बनाया, जिससे गोल का अवसर बना।",सकारात्मक,फुटबॉल,2
"आज कप्तान ने मैदान पर आते ही असर डाला, जिससे बढ़त मजबूत हुई।",सकारात्मक,फुटबॉल,2
"निर्णायक समय पर बल्लेबाज ने क्षेत्ररक्षण में बदलाव किया, जिसके बाद खेल आगे बढ़ा।",तटस्थ,क्रिकेट,1
"आज हमलावर ने पास आगे बढ़ाया, और मुकाबला सामान्य गति से चलता रहा।",तटस्थ,फुटबॉल,1
"रक्षक ने कठिन बचाव किया, जिससे दल का आत्मविश्वास बढ़ा।",सकारात्मक,फुटबॉल,2
"मुकाबले के इस चरण में कप्तान ने सर्विस पर नियंत्रण रखा, जिससे बढ़त मजबूत हुई।",सकारात्मक,बैडमिंटन,2
"निर्णायक समय पर रक्षक ने समय पर बदलाव किया, और विपक्षी दबाव में आया।",सकारात्मक,फुटबॉल,2
"निर्णायक समय पर हमलावर ने बचाव में चूक गया, जिससे बढ़त कमजोर हुई।",नकारात्मक,फुटबॉल,0
"आज मुख्य रेडर ने लगातार अंक गंवाता रहा, जिससे दल का आत्मविश्वास घटा।",नकारात्मक,कबड्डी,0
"निर्णायक समय पर सलामी जोड़ी ने देर से रणनीति बदली, और दर्शकों में निराशा फैल गई 😞।",नकारात्मक,क्रिकेट,0
"आक्रामक खिलाड़ी ने खाली जगह पहचानी, जिससे बढ़त मजबूत हुई।",सकारात्मक,बैडमिंटन,2
"सर्विस करने वाले खिलाड़ी ने लंबी रैली जीती, जिससे आत्मविश्वास बढ़ा।",सकारात्मक,बैडमिंटन,2
"सर्विस करने वाला खिलाड़ी ने बचाव में चूक गया, और वापसी का मौका कम हुआ।",नकारात्मक,बैडमिंटन,0
"रक्षात्मक खिलाड़ी ने सर्विस की, और मुकाबला सामान्य गति से चला।",तटस्थ,बैडमिंटन,1
"मुकाबले के इस चरण में स्थानापन्न खिलाड़ी ने आसान मौका गंवाया, और विपक्षी को फायदा मिला।",नकारात्मक,फुटबॉल,0
"मुकाबले के इस चरण में सर्विस करने वाला खिलाड़ी ने नेट के पास अंक गंवा दिया, जिससे जीत कठिन हुई।",नकारात्मक,बैडमिंटन,0
"आज आक्रामक खिलाड़ी ने लंबी रैली जीती, जिससे आत्मविश्वास बढ़ा।",सकारात्मक,बैडमिंटन,2
"कप्तान ने देर से बदलाव किया, और दर्शकों में निराशा फैल गई 😞।",नकारात्मक,फुटबॉल,0
"मुकाबले के इस चरण में कप्तान ने रेडर को घेरने की कोशिश की, जिसके बाद अगला अंक खेला गया।",तटस्थ,कबड्डी,1
"मुकाबले के इस चरण में आक्रामक खिलाड़ी ने लंबी रैली जीती, और प्रतिद्वंद्वी दबाव में आया।",सकारात्मक,बैडमिंटन,2
"मुकाबले के इस चरण में सहायक रक्षक ने मजबूत घेरा बनाया, और विपक्षी दबाव में आया।",सकारात्मक,कबड्डी,2
"आज विकेटकीपर ने सटीक गेंदबाजी की, और दर्शकों में उत्साह फैल गया 😀।",सकारात्मक,क्रिकेट,2
"दबाव के बीच सलामी जोड़ी ने महत्वपूर्ण विकेट लिया, और मुकाबला अपने पक्ष में झुक गया।",सकारात्मक,क्रिकेट,2
"दबाव के बीच दल ने अच्छा तालमेल दिखाया, और दर्शक खुशी से झूम उठे 😀।",सकारात्मक,कबड्डी,2
"आज निचला क्रम ने बीच के ओवर में गेंदबाजी की, और अगली गेंद खेली गई।",तटस्थ,क्रिकेट,1
"निर्णायक समय पर आक्रामक दल ने खिलाड़ियों के बीच गेंद घुमाई, और अगला आक्रमण शुरू हुआ।",तटस्थ,फुटबॉल,1
"दबाव के बीच निर्णायक अंक पर खिलाड़ी ने अगले अंक की तैयारी की, और अगला अंक खेला गया।",तटस्थ,बैडमिंटन,1
"नेट खिलाड़ी ने सर्विस पर नियंत्रण खो बैठा, जिससे आत्मविश्वास घटा।",नकारात्मक,बैडमिंटन,0
"रक्षा पंक्ति ने देर से बदलाव किया, जिससे दल का आत्मविश्वास घटा।",नकारात्मक,कबड्डी,0
"मुकाबले के इस चरण में रक्षापंक्ति ने लगातार दबाव बनाया, जिससे वापसी सफल हुई।",सकारात्मक,फुटबॉल,2
"रक्षा पंक्ति ने सफल रेड की, और विपक्षी दबाव में आया।",सकारात्मक,कबड्डी,2
"आज चालक ने तेज सेवा दी, जिससे जीत की उम्मीद बढ़ी।",सकारात्मक,फॉर्मूला वन,2
"दबाव के बीच रेडर ने मैदान पर आने के बाद असर नहीं डाल सका, जिससे बढ़त कमजोर हुई।",नकारात्मक,कबड्डी,0
"मध्यक्रम ने आसान मौका गंवा बैठा, जिससे रन गति गिर गई।",नकारात्मक,क्रिकेट,0
"दबाव के बीच गेंदबाज ने पारी शुरू की, जिसके बाद अगला ओवर शुरू हुआ।",तटस्थ,क्रिकेट,1
"निर्णायक समय पर आक्रामक दल ने मैदान में प्रवेश किया, और अगला आक्रमण शुरू हुआ।",तटस्थ,फुटबॉल,1
"दबाव के बीच नेट खिलाड़ी ने सही समय पर आक्रमण किया, और मुकाबला अपने पक्ष में झुका।",सकारात्मक,बैडमिंटन,2
"आक्रामक खिलाड़ी ने कठिन शटल नहीं लौटा सका, और मुकाबला विपक्षी की ओर झुका।",नकारात्मक,बैडमिंटन,0
"आज सर्विस करने वाले खिलाड़ी ने लंबी रैली जीती, और प्रतिद्वंद्वी दबाव में आया।",सकारात्मक,बैडमिंटन,2
"दबाव के बीच मध्यक्रम ने एक ओवर पूरा किया, जिसके बाद खेल आगे बढ़ा।",तटस्थ,क्रिकेट,1
"दबाव के बीच आक्रामक खिलाड़ी ने सही समय पर आक्रमण किया, जिससे निर्णायक अंक मिला।",सकारात्मक,बैडमिंटन,2
"दबाव के बीच इंजीनियर ने मोड़ पर नियंत्रण खोया, और दौड़ का रुख बिगड़ा।",नकारात्मक,फॉर्मूला वन,0
"रक्षात्मक खिलाड़ी ने नेट के पास अंक गंवा दिया, जिससे जीत कठिन हुई।",नकारात्मक,बैडमिंटन,0
"आज युगल जोड़ी ने नेट के पास दबाव बनाया, और दर्शकों ने तालियां बजाईं 👏।",सकारात्मक,बैडमिंटन,2
"दबाव के बीच कप्तान ने मैदान पर आते ही असर डाला, जिससे दल का आत्मविश्वास बढ़ा।",सकारात्मक,कबड्डी,2
"बल्लेबाज ने बीच के ओवरों में दबाव बनाए रखा, और रणनीति कामयाब रही।",सकारात्मक,क्रिकेट,2
"आज रक्षा पंक्ति ने टैकल में चूक गया, जिससे दल का आत्मविश्वास घटा।",नकारात्मक,कबड्डी,0
"निर्णायक समय पर हमलावर ने लगातार दबाव बनाया, और मुकाबला अपने पक्ष में झुक गया।",सकारात्मक,फुटबॉल,2
"निर्णायक समय पर हमलावर ने सही समय पर चुनौती दी, और जीत की उम्मीद बढ़ी।",सकारात्मक,फुटबॉल,2
"निर्णायक समय पर विकेटकीपर ने जल्दी विकेट गंवा बैठा, जिससे जीत की संभावना कमजोर हुई।",नकारात्मक,क्रिकेट,0
"निर्णायक समय पर स्पिनर ने तेज प्रतिक्रिया से मौका बनाया, जिससे जीत की उम्मीद मजबूत हुई।",सकारात्मक,क्रिकेट,2
"दबाव के बीच मध्य क्षेत्र ने गेंद पकड़ी, और मुकाबला सामान्य गति से चलता रहा।",तटस्थ,फुटबॉल,1
"निर्णायक समय पर स्थानापन्न खिलाड़ी ने निर्णायक अंक लिया, जिससे वापसी सफल हुई।",सकारात्मक,कबड्डी,2
"आक्रामक खिलाड़ी ने रणनीति में अच्छा बदलाव किया, और दर्शकों ने तालियां बजाईं 👏।",सकारात्मक,बैडमिंटन,2
"मध्य खिलाड़ी ने निर्णायक अंक लिया, जिससे जरूरी अंक मिला।",सकारात्मक,कबड्डी,2
"दबाव के बीच आक्रामक खिलाड़ी ने स्मैश बाहर मार बैठा, और प्रतिद्वंद्वी दबाव में नहीं आया।",नकारात्मक,बैडमिंटन,0
"आज रक्षापंक्ति ने मैदान पर आते ही असर डाला, जिससे दल का आत्मविश्वास बढ़ा।",सकारात्मक,फुटबॉल,2
"आज रक्षात्मक खिलाड़ी ने खाली जगह पहचानी, जिससे जीत की उम्मीद बढ़ी।",सकारात्मक,बैडमिंटन,2
"निर्णायक समय पर मध्य मैदान के खिलाड़ी ने सटीक पास दिया, और दर्शक खुशी से झूम उठे 😀।",सकारात्मक,फुटबॉल,2
"दबाव के बीच गोलकीपर ने मैदान में प्रवेश किया, और अगला आक्रमण शुरू हुआ।",तटस्थ,फुटबॉल,1
"तेज गेंदबाज ने जल्दी विकेट गंवा बैठा, जिससे जीत की संभावना कमजोर हुई।",नकारात्मक,क्रिकेट,0
"मध्य खिलाड़ी ने लगातार अंक गंवाता रहा, और मुकाबला हाथ से निकलने लगा।",नकारात्मक,कबड्डी,0
"कप्तान ने पास आगे बढ़ाया, और दोनों दल रणनीति पर काम करते रहे।",तटस्थ,फुटबॉल,1
"दबाव के बीच कप्तान ने अगली रेड की तैयारी की, जिसके बाद अगली रेड शुरू हुई।",तटस्थ,कबड्डी,1
"निर्णायक समय पर दल ने सही समय पर बोनस लिया, जिससे वापसी सफल हुई।",सकारात्मक,कबड्डी,2
"दबाव के बीच कार ने लगातार अच्छा तालमेल रखा, और दौड़ का रुख बदला।",सकारात्मक,फॉर्मूला वन,2
"आज कप्तान ने नेट पर शटल रोकी, और अगला अंक खेला गया।",तटस्थ,बैडमिंटन,1
"युगल जोड़ी ने खाली जगह नहीं पहचान पाया, जिससे जीत कठिन हुई।",नकारात्मक,बैडमिंटन,0
"दबाव के बीच कप्तान ने महत्वपूर्ण विकेट लिया, और दर्शकों में उत्साह फैल गया 😀।",सकारात्मक,क्रिकेट,2
"आज नेट खिलाड़ी ने देर से प्रतिक्रिया दी, जिससे निर्णायक अंक हाथ से गया।",नकारात्मक,बैडमिंटन,0
"मुकाबले के इस चरण में रक्षापंक्ति ने पास आगे बढ़ाया, और मुकाबला सामान्य गति से चलता रहा।",तटस्थ,फुटबॉल,1
"आज टीम प्रबंधन ने लगातार अच्छा तालमेल रखा, जिससे जीत की उम्मीद बढ़ी।",सकारात्मक,फॉर्मूला वन,2
"आज कप्तान ने बीच के ओवर में गेंदबाजी की, जिसके बाद अगला ओवर शुरू हुआ।",तटस्थ,क्रिकेट,1
"कप्तान ने एक बदलाव किया, जिसके बाद खिलाड़ी अपनी जगह लौटे।",तटस्थ,फुटबॉल,1
"मध्य खिलाड़ी ने समय पर बदलाव किया, और दर्शक खुशी से झूम उठे 😀।",सकारात्मक,कबड्डी,2
"मुकाबले के इस चरण में पिछली पंक्ति का खिलाड़ी ने रणनीति में अच्छा बदलाव किया, जिससे निर्णायक अंक मिला।",सकारात्मक,बैडमिंटन,2
"दबाव के बीच कप्तान ने अपनी जगह छोड़ दी, जिससे गोल का अवसर चला गया।",नकारात्मक,फुटबॉल,0
"सहायक रक्षक ने लगातार अंक गंवाता रहा, और रणनीति विफल रही।",नकारात्मक,कबड्डी,0
"कप्तान ने रेड शुरू की, जिसके बाद खिलाड़ी अपनी जगह लौटे।",तटस्थ,कबड्डी,1
"दबाव के बीच मुख्य रेडर ने अपनी जगह संभाली, जिसके बाद अगला अंक खेला गया।",तटस्थ,कबड्डी,1
"मुकाबले के इस चरण में रक्षक ने पास आगे बढ़ाया, जिसके बाद गेंद फिर मध्य क्षेत्र में गई।",तटस्थ,फुटबॉल,1
"निर्णायक समय पर सहायक रक्षक ने रेडर को रोक नहीं पाया, और दर्शकों में निराशा फैल गई 😞।",नकारात्मक,कबड्डी,0
"निर्णायक समय पर तेज गेंदबाज ने अंतिम ओवरों में गति बढ़ाई, जिससे दल का आत्मविश्वास बढ़ा।",सकारात्मक,क्रिकेट,2
"दबाव के बीच स्थानापन्न खिलाड़ी ने तेज तालमेल दिखाया, जिससे वापसी सफल हुई।",सकारात्मक,फुटबॉल,2
"निर्णायक समय पर विंगर ने बचाव में चूक गया, जिससे गोल का अवसर चला गया।",नकारात्मक,फुटबॉल,0
"मुकाबले के इस चरण में मुख्य रेडर ने निर्णायक अंक लिया, जिससे जरूरी अंक मिला।",सकारात्मक,कबड्डी,2
"पिछली पंक्ति का खिलाड़ी ने लंबी रैली जीती, जिससे आत्मविश्वास बढ़ा।",सकारात्मक,बैडमिंटन,2
"कप्तान ने तेज प्रतिक्रिया से मौका बनाया, जिससे जीत की उम्मीद मजबूत हुई।",सकारात्मक,क्रिकेट,2
"दबाव के बीच सलामी जोड़ी ने साझेदारी नहीं बना सका, और विपक्षी को बढ़त मिल गई।",नकारात्मक,क्रिकेट,0
"मुकाबले के इस चरण में सर्विस करने वाला खिलाड़ी ने नेट पर शटल रोकी, जिसके बाद सर्विस बदली गई।",तटस्थ,बैडमिंटन,1
"निर्णायक समय पर मध्य खिलाड़ी ने रक्षा की स्थिति बनाई, और दोनों दल अगली चाल की तैयारी करने लगे।",तटस्थ,कबड्डी,1
"आज निर्णायक अंक पर खिलाड़ी ने कठिन शटल नहीं लौटा सका, और प्रतिद्वंद्वी दबाव में नहीं आया।",नकारात्मक,बैडमिंटन,0
"पिछली पंक्ति का खिलाड़ी ने नेट पर शटल रोकी, और खेल आगे बढ़ा।",तटस्थ,बैडमिंटन,1
"मुकाबले के इस चरण में नेट खिलाड़ी ने सर्विस पर नियंत्रण खो बैठा, जिससे निर्णायक अंक हाथ से गया।",नकारात्मक,बैडमिंटन,0
"निर्णायक समय पर मुख्य चालक ने टायर बदलने में देरी की, जिससे जीत की उम्मीद कमजोर हुई।",नकारात्मक,फॉर्मूला वन,0
"विकेटकीपर ने आसान मौका गंवा बैठा, और मुकाबला हाथ से निकलने लगा।",नकारात्मक,क्रिकेट,0
"दल ने रेडर को रोक नहीं पाया, और विपक्षी दबाव में नहीं आया।",नकारात्मक,कबड्डी,0
"दबाव के बीच इंजीनियर ने दबाव में धैर्य रखा, और दौड़ का रुख बदला।",सकारात्मक,फॉर्मूला वन,2
"निर्णायक समय पर मुख्य चालक ने लगातार अच्छा तालमेल रखा, जिससे स्थान सुधरा।",सकारात्मक,फॉर्मूला वन,2
"निर्णायक समय पर आक्रामक दल ने मैदान पर आने के बाद असर नहीं डाल सका, जिससे बढ़त कमजोर हुई।",नकारात्मक,फुटबॉल,0
"आज कप्तान ने नेट पर शटल रोकी, जिसके बाद दोनों खिलाड़ी अपनी जगह लौटे।",तटस्थ,बैडमिंटन,1
"गोलकीपर ने तेज तालमेल दिखाया, और जीत की उम्मीद बढ़ी।",सकारात्मक,फुटबॉल,2
"मुकाबले के इस चरण में आक्रामक खिलाड़ी ने तेज प्रतिक्रिया दिखाई, और दर्शकों ने तालियां बजाईं 👏।",सकारात्मक,बैडमिंटन,2
"आज टीम प्रबंधन ने अपनी गति बनाए रखी, जिसके बाद अगला चक्कर शुरू हुआ।",तटस्थ,फॉर्मूला वन,1
"दबाव के बीच पिट दल ने मोड़ पार किया, जिसके बाद कार फिर ट्रैक पर आई।",तटस्थ,फॉर्मूला वन,1
"निर्णायक समय पर अंतिम रेडर ने अपनी जगह संभाली, जिसके बाद अगला अंक खेला गया।",तटस्थ,कबड्डी,1
"मध्य मैदान के खिलाड़ी ने अपनी जगह संभाली, और मुकाबला सामान्य गति से चलता रहा।",तटस्थ,फुटबॉल,1
"आज मध्य मैदान के खिलाड़ी ने तेज तालमेल दिखाया, और दर्शक खुशी से झूम उठे 😀।",सकारात्मक,फुटबॉल,2
"मुकाबले के इस चरण में सहायक रक्षक ने अच्छा तालमेल दिखाया, जिससे वापसी सफल हुई।",सकारात्मक,कबड्डी,2
"मुकाबले के इस चरण में मध्य मैदान के खिलाड़ी ने मैदान पर आते ही असर डाला, जिससे बढ़त मजबूत हुई।",सकारात्मक,फुटबॉल,2
"निर्णायक समय पर बल्लेबाज ने साझेदारी नहीं बना सका, और विपक्षी को बढ़त मिल गई।",नकारात्मक,क्रिकेट,0
"दबाव के बीच रेडर ने शानदार टैकल किया, और दर्शक खुशी से झूम उठे 😀।",सकारात्मक,कबड्डी,2
"निर्णायक समय पर स्थानापन्न खिलाड़ी ने पास आगे बढ़ाया, जिसके बाद खेल आगे बढ़ा।",तटस्थ,फुटबॉल,1
"आज हमलावर ने कठिन बचाव किया, जिससे दल का आत्मविश्वास बढ़ा।",सकारात्मक,फुटबॉल,2
"कप्तान ने तालमेल खो बैठा, जिससे वापसी कठिन हुई।",नकारात्मक,कबड्डी,0
"दबाव के बीच नेट खिलाड़ी ने लंबी रैली गंवा बैठा, और वापसी का मौका कम हुआ।",नकारात्मक,बैडमिंटन,0
"निर्णायक समय पर बल्लेबाज ने जल्दी विकेट गंवा बैठा, जिससे वापसी कठिन हुई।",नकारात्मक,क्रिकेट,0
"आज रेस दल ने बदलाव में समय गंवाया, और दौड़ का रुख बिगड़ा।",नकारात्मक,फॉर्मूला वन,0
"रक्षक ने रेडर को रोक नहीं पाया, और रणनीति विफल रही।",नकारात्मक,कबड्डी,0
"आज रेस दल ने तालमेल नहीं बना पाया, और प्रतिद्वंद्वी को फायदा मिला।",नकारात्मक,फॉर्मूला वन,0
"निर्णायक समय पर टीम प्रबंधन ने रणनीति पर चर्चा की, जिसके बाद कार फिर ट्रैक पर आई।",तटस्थ,फॉर्मूला वन,1
"मुकाबले के इस चरण में चालक ने दबाव में गलती की, जिससे समय का नुकसान हुआ।",नकारात्मक,फॉर्मूला वन,0
"दबाव के बीच सर्विस करने वाला खिलाड़ी ने देर से प्रतिक्रिया दी, और प्रतिद्वंद्वी दबाव में नहीं आया।",नकारात्मक,बैडमिंटन,0
"दबाव के बीच मध्य खिलाड़ी ने तालमेल बनाया, और खेल आगे बढ़ा।",तटस्थ,कबड्डी,1
"मुकाबले के इस चरण में कप्तान ने बचाव की स्थिति ली, जिसके बाद अगली रैली शुरू हुई।",तटस्थ,बैडमिंटन,1
"निर्णायक समय पर कप्तान ने दबाव में गलत शॉट चुना, और रणनीति विफल रही।",नकारात्मक,क्रिकेट,0
"मुख्य रेडर ने मैदान में प्रवेश किया, जिसके बाद अगला अंक खेला गया।",तटस्थ,कबड्डी,1
"मुकाबले के इस चरण में आक्रामक दल ने गेंद पकड़ी, और अगला आक्रमण शुरू हुआ।",तटस्थ,फुटबॉल,1
"निर्णायक समय पर स्पिनर ने पारी शुरू की, जिसके बाद अगला ओवर शुरू हुआ।",तटस्थ,क्रिकेट,1
"दबाव के बीच दल ने घेरा टूटने दिया, जिससे दल का आत्मविश्वास घटा।",नकारात्मक,कबड्डी,0
"दबाव के बीच सलामी जोड़ी ने सटीक गेंदबाजी की, जिससे वापसी सफल हुई।",सकारात्मक,क्रिकेट,2
"बल्लेबाज ने महत्वपूर्ण विकेट लिया, जिससे जीत की उम्मीद मजबूत हुई।",सकारात्मक,क्रिकेट,2
"आज रक्षक ने मैदान में प्रवेश किया, जिसके बाद अगली रेड शुरू हुई।",तटस्थ,कबड्डी,1
"मुकाबले के इस चरण में मुख्य रेडर ने रेडर को रोक नहीं पाया, और विपक्षी दबाव में नहीं आया।",नकारात्मक,कबड्डी,0
"मुकाबले के इस चरण में चालक ने तेज सेवा दी, जिससे स्थान सुधरा।",सकारात्मक,फॉर्मूला वन,2
"रणनीति दल ने टायरों का सही उपयोग किया, और प्रशंसकों में उत्साह फैल गया 🏎️।",सकारात्मक,फॉर्मूला वन,2
"कप्तान ने समय पर बदलाव किया, और विपक्षी दबाव में आया।",सकारात्मक,फुटबॉल,2
"स्थानापन्न खिलाड़ी ने निर्णायक अंक लिया, और विपक्षी दबाव में आया।",सकारात्मक,कबड्डी,2
"निर्णायक समय पर रक्षक ने आक्रमण शुरू किया, जिसके बाद खिलाड़ी अपनी जगह लौटे।",तटस्थ,फुटबॉल,1
"निर्णायक समय पर चालक ने मोड़ पर नियंत्रण रखा, और प्रतिद्वंद्वी दबाव में आया।",सकारात्मक,फॉर्मूला वन,2
"मुकाबले के इस चरण में आक्रामक दल ने अपनी जगह छोड़ दी, जिससे वापसी कठिन हुई।",नकारात्मक,फुटबॉल,0
"दबाव के बीच आक्रामक दल ने सही समय पर चुनौती दी, जिससे दल का आत्मविश्वास बढ़ा।",सकारात्मक,फुटबॉल,2
"निर्णायक समय पर स्थानापन्न खिलाड़ी ने अपनी जगह संभाली, और अगला आक्रमण शुरू हुआ।",तटस्थ,फुटबॉल,1
"आज कप्तान ने अंतिम ओवरों में नियंत्रण खो बैठा, जिससे वापसी कठिन हुई।",नकारात्मक,क्रिकेट,0
"मुकाबले के इस चरण में टायर दल ने अपनी गति बनाए रखी, जिसके बाद कार फिर ट्रैक पर आई।",तटस्थ,फॉर्मूला वन,1
"निर्णायक समय पर मुख्य रेडर ने अगली रेड की तैयारी की, जिसके बाद अगली रेड शुरू हुई।",तटस्थ,कबड्डी,1
"आज निर्णायक अंक पर खिलाड़ी ने बचाव में चूक गया, जिससे निर्णायक अंक हाथ से गया।",नकारात्मक,बैडमिंटन,0
"दबाव के बीच विकेटकीपर ने अंतिम ओवरों में नियंत्रण खो बैठा, और मुकाबला हाथ से निकलने लगा।",नकारात्मक,क्रिकेट,0
"आज पिट दल ने बदलाव में समय गंवाया, और दौड़ का रुख बिगड़ा।",नकारात्मक,फॉर्मूला वन,0
"मुकाबले के इस चरण में युगल जोड़ी ने सर्विस पर नियंत्रण खो बैठा, जिससे जीत कठिन हुई।",नकारात्मक,बैडमिंटन,0
"रक्षक ने पास आगे बढ़ाया, और अगला आक्रमण शुरू हुआ।",तटस्थ,फुटबॉल,1
"दबाव के बीच रक्षक ने मैदान में प्रवेश किया, और अगला आक्रमण शुरू हुआ।",तटस्थ,फुटबॉल,1
"दल ने मजबूत घेरा बनाया, और मुकाबला अपने पक्ष में झुका।",सकारात्मक,कबड्डी,2
"दबाव के बीच निर्णायक अंक पर खिलाड़ी ने कठिन शटल नहीं लौटा सका, जिससे जीत कठिन हुई।",नकारात्मक,बैडमिंटन,0
"खिलाड़ी ने कठिन शटल लौटा दी, जिससे निर्णायक अंक मिला।",सकारात्मक,बैडमिंटन,2
"निर्णायक समय पर रेस दल ने टायर बदलने में देरी की, जिससे स्थान गिरा।",नकारात्मक,फॉर्मूला वन,0
"दबाव के बीच टायर दल ने टायर बदले, और चालक ने अपनी स्थिति बनाए रखी।",तटस्थ,फॉर्मूला वन,1
"निर्णायक समय पर अंतिम रेडर ने तालमेल खो बैठा, जिससे जरूरी अंक गंवा।",नकारात्मक,कबड्डी,0
"कप्तान ने अपनी जगह संभाली, और खेल आगे बढ़ा।",तटस्थ,कबड्डी,1
"क्षेत्ररक्षक ने तेज प्रतिक्रिया से मौका बनाया, और दर्शकों में उत्साह फैल गया 😀।",सकारात्मक,क्रिकेट,2
"निर्णायक समय पर पिछली पंक्ति का खिलाड़ी ने सर्विस पर नियंत्रण खो बैठा, जिससे आत्मविश्वास घटा।",नकारात्मक,बैडमिंटन,0
"दबाव के बीच रक्षात्मक खिलाड़ी ने सही समय पर आक्रमण किया, और दर्शकों ने तालियां बजाईं 👏।",सकारात्मक,बैडमिंटन,2
"गेंदबाज ने एक ओवर पूरा किया, जिसके बाद खेल आगे बढ़ा।",तटस्थ,क्रिकेट,1
"दबाव के बीच पिछली पंक्ति का खिलाड़ी ने खाली जगह की ओर शटल भेजी, जिसके बाद अगली रैली शुरू हुई।",तटस्थ,बैडमिंटन,1
"खिलाड़ी ने कठिन शटल नहीं लौटा सका, जिससे निर्णायक अंक हाथ से गया।",नकारात्मक,बैडमिंटन,0
"दबाव के बीच अंतिम रेडर ने मैदान में प्रवेश किया, और खेल आगे बढ़ा।",तटस्थ,कबड्डी,1
"निर्णायक समय पर हमलावर ने मैदान पर आते ही असर डाला, और दर्शक खुशी से झूम उठे 😀।",सकारात्मक,फुटबॉल,2
"दबाव के बीच मध्य मैदान के खिलाड़ी ने आक्रमण शुरू किया, जिसके बाद खेल आगे बढ़ा।",तटस्थ,फुटबॉल,1
"निर्णायक समय पर सर्विस करने वाला खिलाड़ी ने नेट पर शटल रोकी, जिसके बाद दोनों खिलाड़ी अपनी जगह लौटे।",तटस्थ,बैडमिंटन,1
"निर्णायक समय पर सहायक रक्षक ने मैदान पर आने के बाद असर नहीं डाल सका, और दर्शकों में निराशा फैल गई 😞।",नकारात्मक,कबड्डी,0
"मुकाबले के इस चरण में खिलाड़ी ने पीछे से प्रहार किया, और मुकाबला सामान्य गति से चला।",तटस्थ,बैडमिंटन,1
"दबाव के बीच रक्षापंक्ति ने पास आगे बढ़ाया, और मुकाबला सामान्य गति से चलता रहा।",तटस्थ,फुटबॉल,1
"रणनीति दल ने टायर बदले, और मुकाबला सामान्य गति से चला।",तटस्थ,फॉर्मूला वन,1
"दबाव के बीच सर्विस करने वाला खिलाड़ी ने अगला शॉट खेला, और अगला अंक खेला गया।",तटस्थ,बैडमिंटन,1
"निर्णायक समय पर टीम प्रबंधन ने अपनी गति बनाए रखी, और चालक ने अपनी स्थिति बनाए रखी।",तटस्थ,फॉर्मूला वन,1
"मध्यक्रम ने पारी शुरू की, जिसके बाद खेल आगे बढ़ा।",तटस्थ,क्रिकेट,1
"मुकाबले के इस चरण में मुख्य रेडर ने तालमेल खो बैठा, जिससे दल का आत्मविश्वास घटा।",नकारात्मक,कबड्डी,0
"मुकाबले के इस चरण में मध्यक्रम ने अपनी जगह बदली, जिसके बाद अगला ओवर शुरू हुआ।",तटस्थ,क्रिकेट,1
"मुकाबले के इस चरण में स्पिनर ने कुछ रन जोड़े, जिसके बाद अगला ओवर शुरू हुआ।",तटस्थ,क्रिकेट,1
"निर्णायक समय पर निर्णायक अंक पर खिलाड़ी ने नेट के पास अंक गंवा दिया, और मुकाबला विपक्षी की ओर झुका।",नकारात्मक,बैडमिंटन,0
"मुकाबले के इस चरण में रक्षात्मक खिलाड़ी ने अगला शॉट खेला, जिसके बाद सर्विस बदली गई।",तटस्थ,बैडमिंटन,1
"निर्णायक समय पर खिलाड़ी ने नेट के पास दबाव बनाया, जिससे जीत की उम्मीद बढ़ी।",सकारात्मक,बैडमिंटन,2
"कप्तान ने खाली जगह पहचानी, और वापसी सफल हुई।",सकारात्मक,बैडमिंटन,2
"आज मुख्य चालक ने अपनी गति बनाए रखी, जिसके बाद अगला चक्कर शुरू हुआ।",तटस्थ,फॉर्मूला वन,1
"मुकाबले के इस चरण में क्षेत्ररक्षक ने सटीक गेंदबाजी की, और मुकाबला अपने पक्ष में झुक गया।",सकारात्मक,क्रिकेट,2
"दबाव के बीच रक्षापंक्ति ने अपनी जगह संभाली, जिसके बाद गेंद फिर मध्य क्षेत्र में गई।",तटस्थ,फुटबॉल,1
"दबाव के बीच निचला क्रम ने साझेदारी नहीं बना सका, जिससे वापसी कठिन हुई।",नकारात्मक,क्रिकेट,0
"मुकाबले के इस चरण में कप्तान ने दबाव में गलत शॉट चुना, जिससे दल का आत्मविश्वास घटा।",नकारात्मक,क्रिकेट,0
"मुकाबले के इस चरण में कप्तान ने अपनी जगह संभाली, और दोनों दल अगली चाल की तैयारी करने लगे।",तटस्थ,कबड्डी,1
"आज गोलकीपर ने तालमेल खो दिया, और योजना विफल रही।",नकारात्मक,फुटबॉल,0
"निर्णायक समय पर निचला क्रम ने महत्वपूर्ण गेंद रोक नहीं पाया, और मुकाबला हाथ से निकलने लगा।",नकारात्मक,क्रिकेट,0
"आज दल ने घेरा टूटने दिया, और रणनीति विफल रही।",नकारात्मक,कबड्डी,0
"रक्षक ने देर से बदलाव किया, जिससे जरूरी अंक गंवा।",नकारात्मक,कबड्डी,0
"मुकाबले के इस चरण में एकल खिलाड़ी ने खाली जगह की ओर शटल भेजी, और खेल आगे बढ़ा।",तटस्थ,बैडमिंटन,1
"दबाव के बीच कार ने टायर बदले, जिसके बाद अगला चक्कर शुरू हुआ।",तटस्थ,फॉर्मूला वन,1
"आज कप्तान ने अंतिम ओवरों में गति बढ़ाई, और दर्शकों में उत्साह फैल गया 😀।",सकारात्मक,क्रिकेट,2
"आज रक्षात्मक खिलाड़ी ने सही समय पर आक्रमण किया, और वापसी सफल हुई।",सकारात्मक,बैडमिंटन,2
"तेज गेंदबाज ने संयम से पारी संभाली, जिससे वापसी सफल हुई।",सकारात्मक,क्रिकेट,2
"आज विंगर ने गोल की ओर गेंद भेजी, और दोनों दल रणनीति पर काम करते रहे।",तटस्थ,फुटबॉल,1
"दबाव के बीच तेज गेंदबाज ने समय पर रणनीति बदली, और विपक्षी दबाव में आ गया।",सकारात्मक,क्रिकेट,2
"मुकाबले के इस चरण में अंतिम रेडर ने देर से बदलाव किया, जिससे वापसी कठिन हुई।",नकारात्मक,कबड्डी,0
"मुकाबले के इस चरण में एकल खिलाड़ी ने शटल आगे भेजी, जिसके बाद अगली रैली शुरू हुई।",तटस्थ,बैडमिंटन,1
"दबाव के बीच विंगर ने लगातार दबाव बनाया, और विपक्षी दबाव में आया।",सकारात्मक,फुटबॉल,2
"दबाव के बीच हमलावर ने गेंद पकड़ी, और दोनों दल रणनीति पर काम करते रहे।",तटस्थ,फुटबॉल,1
"दबाव के बीच गेंदबाज ने जरूरी विकेट नहीं ले सका, और रणनीति विफल रही।",नकारात्मक,क्रिकेट,0
"स्थानापन्न खिलाड़ी ने मिलकर रेडर को रोका, और मुकाबला अपने पक्ष में झुका।",सकारात्मक,कबड्डी,2
"मुकाबले के इस चरण में रक्षक ने आक्रमण को रोक दिया, जिससे वापसी सफल हुई।",सकारात्मक,फुटबॉल,2
"निर्णायक समय पर सर्विस करने वाला खिलाड़ी ने नेट के पास अंक गंवा दिया, और दर्शकों में निराशा फैल गई 😞।",नकारात्मक,बैडमिंटन,0
"आज खिलाड़ी ने गलत समय पर आक्रमण किया, और प्रतिद्वंद्वी दबाव में नहीं आया।",नकारात्मक,बैडमिंटन,0
"आज मध्यक्रम ने अगला ओवर शुरू किया, और मुकाबला सामान्य गति से चलता रहा।",तटस्थ,क्रिकेट,1
"इंजीनियर ने शानदार ओवरटेक किया, जिससे जीत की उम्मीद बढ़ी।",सकारात्मक,फॉर्मूला वन,2
"आज पिट दल ने तालमेल नहीं बना पाया, और प्रतिद्वंद्वी को फायदा मिला।",नकारात्मक,फॉर्मूला वन,0
"दबाव के बीच अंतिम रेडर ने विपक्षी क्षेत्र की ओर बढ़ा, और मुकाबला सामान्य गति से चला।",तटस्थ,कबड्डी,1
"निर्णायक समय पर मध्यक्रम ने कुछ रन जोड़े, और मुकाबला सामान्य गति से चलता रहा।",तटस्थ,क्रिकेट,1
"मुकाबले के इस चरण में खिलाड़ी ने लंबी रैली जीती, और वापसी सफल हुई।",सकारात्मक,बैडमिंटन,2
"आज हमलावर ने एक बदलाव किया, जिसके बाद गेंद फिर मध्य क्षेत्र में गई।",तटस्थ,फुटबॉल,1
"मुकाबले के इस चरण में स्थानापन्न खिलाड़ी ने लगातार अंक गंवाता रहा, और रणनीति विफल रही।",नकारात्मक,कबड्डी,0
"आज आक्रामक दल ने आसान मौका गंवाया, और मुकाबला हाथ से निकलने लगा।",नकारात्मक,फुटबॉल,0
"आज निचला क्रम ने एक ओवर पूरा किया, और अगली गेंद खेली गई।",तटस्थ,क्रिकेट,1
"आज रेडर ने सही समय पर बोनस लिया, और जीत की उम्मीद बढ़ी।",सकारात्मक,कबड्डी,2
"निर्णायक समय पर अंतिम रेडर ने बोनस का मौका गंवाया, जिससे जरूरी अंक गंवा।",नकारात्मक,कबड्डी,0
"मुकाबले के इस चरण में स्थानापन्न खिलाड़ी ने सही समय पर बोनस लिया, और जीत की उम्मीद बढ़ी।",सकारात्मक,कबड्डी,2
"आज टायर दल ने लगातार अच्छा तालमेल रखा, और प्रतिद्वंद्वी दबाव में आया।",सकारात्मक,फॉर्मूला वन,2
"दबाव के बीच रक्षापंक्ति ने तेज तालमेल दिखाया, जिससे वापसी सफल हुई।",सकारात्मक,फुटबॉल,2
"मुकाबले के इस चरण में मध्य खिलाड़ी ने लगातार अंक गंवाता रहा, जिससे दल का आत्मविश्वास घटा।",नकारात्मक,कबड्डी,0
"स्थानापन्न खिलाड़ी ने मैदान पर आते ही असर डाला, और दर्शक खुशी से झूम उठे 😀।",सकारात्मक,कबड्डी,2
"निर्णायक समय पर निचला क्रम ने अंतिम ओवरों में गति बढ़ाई, और दर्शकों में उत्साह फैल गया 😀।",सकारात्मक,क्रिकेट,2
"दबाव के बीच एकल खिलाड़ी ने तेज प्रतिक्रिया दिखाई, और मुकाबला अपने पक्ष में झुका।",सकारात्मक,बैडमिंटन,2
"मुकाबले के इस चरण में टीम प्रबंधन ने टायर बदलने में देरी की, और प्रशंसकों में निराशा फैल गई 😞।",नकारात्मक,फॉर्मूला वन,0
"दबाव के बीच युगल जोड़ी ने रणनीति में सुधार नहीं कर सका, और वापसी का मौका कम हुआ।",नकारात्मक,बैडमिंटन,0
"दबाव के बीच आक्रामक दल ने बचाव में चूक गया, जिससे वापसी कठिन हुई।",नकारात्मक,फुटबॉल,0
"आज रेस दल ने टायरों का गलत उपयोग किया, जिससे पोडियम की संभावना घटी।",नकारात्मक,फॉर्मूला वन,0
"निर्णायक समय पर गोलकीपर ने अपनी जगह संभाली, जिसके बाद खेल आगे बढ़ा।",तटस्थ,फुटबॉल,1
"आज हमलावर ने दबाव नहीं बना सका, और मुकाबला हाथ से निकलने लगा।",नकारात्मक,फुटबॉल,0
"आज सहायक रक्षक ने समय पर बदलाव किया, जिससे जरूरी अंक मिला।",सकारात्मक,कबड्डी,2
"आज आक्रामक खिलाड़ी ने देर से प्रतिक्रिया दी, और दर्शकों में निराशा फैल गई 😞।",नकारात्मक,बैडमिंटन,0
"आज टायर दल ने मोड़ पर नियंत्रण रखा, और प्रतिद्वंद्वी दबाव में आया।",सकारात्मक,फॉर्मूला वन,2
"दबाव के बीच इंजीनियर ने ओवरटेक का मौका गंवाया, जिससे जीत की उम्मीद कमजोर हुई।",नकारात्मक,फॉर्मूला वन,0
"निर्णायक समय पर गेंदबाज ने अगली गेंद का सामना किया, और मुकाबला सामान्य गति से चलता रहा।",तटस्थ,क्रिकेट,1
"आज निर्णायक अंक पर खिलाड़ी ने शटल आगे भेजी, जिसके बाद सर्विस बदली गई।",तटस्थ,बैडमिंटन,1
"दबाव के बीच रक्षा पंक्ति ने तालमेल बनाया, और खेल आगे बढ़ा।",तटस्थ,कबड्डी,1
"मुकाबले के इस चरण में दल ने अपनी जगह संभाली, जिसके बाद अगली रेड शुरू हुई।",तटस्थ,कबड्डी,1
"आज रणनीति दल ने मोड़ पर नियंत्रण खोया, और दल का मनोबल गिरा।",नकारात्मक,फॉर्मूला वन,0
"निर्णायक समय पर रेडर ने अपनी जगह संभाली, जिसके बाद खिलाड़ी अपनी जगह लौटे।",तटस्थ,कबड्डी,1
"मुकाबले के इस चरण में मुख्य चालक ने सही समय पर निर्णय लिया, और प्रतिद्वंद्वी दबाव में आया।",सकारात्मक,फॉर्मूला वन,2
"दबाव के बीच स्थानापन्न खिलाड़ी ने समय पर बदलाव किया, जिससे बढ़त मजबूत हुई।",सकारात्मक,फुटबॉल,2
"आज रक्षात्मक खिलाड़ी ने खाली जगह पहचानी, जिससे बढ़त मजबूत हुई।",सकारात्मक,बैडमिंटन,2
"रक्षक ने गेंद पर नियंत्रण रखा, और विपक्षी दबाव में आया।",सकारात्मक,फुटबॉल,2
"निर्णायक समय पर रक्षापंक्ति ने कठिन बचाव किया, और विपक्षी दबाव में आया।",सकारात्मक,फुटबॉल,2
"टायर दल ने बदलाव में समय गंवाया, और दल का मनोबल गिरा।",नकारात्मक,फॉर्मूला वन,0
"निर्णायक समय पर आक्रामक खिलाड़ी ने देर से प्रतिक्रिया दी, जिससे निर्णायक अंक हाथ से गया।",नकारात्मक,बैडमिंटन,0
"दबाव के बीच कप्तान ने नेट के पास अंक गंवा दिया, जिससे जीत कठिन हुई।",नकारात्मक,बैडमिंटन,0
"निर्णायक समय पर स्पिनर ने कुछ रन जोड़े, और पारी अपने क्रम में आगे बढ़ी।",तटस्थ,क्रिकेट,1
"मुकाबले के इस चरण में हमलावर ने मैदान पर आते ही असर डाला, जिससे वापसी सफल हुई।",सकारात्मक,फुटबॉल,2
"निर्णायक समय पर स्थानापन्न खिलाड़ी ने तेज तालमेल दिखाया, और दर्शक खुशी से झूम उठे 😀।",सकारात्मक,फुटबॉल,2
"कप्तान ने रणनीति में अच्छा बदलाव किया, जिससे निर्णायक अंक मिला।",सकारात्मक,बैडमिंटन,2
"दल ने अच्छा तालमेल दिखाया, जिससे जरूरी अंक मिला।",सकारात्मक,कबड्डी,2
"दबाव के बीच कप्तान ने मिलकर रेडर को रोका, जिससे बढ़त मजबूत हुई।",सकारात्मक,कबड्डी,2
"मुकाबले के इस चरण में मुख्य रेडर ने टैकल में चूक गया, और मुकाबला हाथ से निकलने लगा।",नकारात्मक,कबड्डी,0
"मुकाबले के इस चरण में हमलावर ने गेंद पर नियंत्रण रखा, और विपक्षी दबाव में आया।",सकारात्मक,फुटबॉल,2
"निर्णायक समय पर पिछली पंक्ति का खिलाड़ी ने कठिन शटल लौटा दी, जिससे जीत की उम्मीद बढ़ी।",सकारात्मक,बैडमिंटन,2
"निर्णायक समय पर तेज गेंदबाज ने सटीक गेंदबाजी की, और मुकाबला अपने पक्ष में झुक गया।",सकारात्मक,क्रिकेट,2
"निर्णायक समय पर रणनीति दल ने एक चक्कर पूरा किया, और चालक ने अपनी स्थिति बनाए रखी।",तटस्थ,फॉर्मूला वन,1
"निर्णायक समय पर रणनीति दल ने रणनीति पर चर्चा की, जिसके बाद अगला चक्कर शुरू हुआ।",तटस्थ,फॉर्मूला वन,1
"निर्णायक समय पर विंगर ने समय पर बदलाव किया, और मुकाबला अपने पक्ष में झुक गया।",सकारात्मक,फुटबॉल,2
"निर्णायक समय पर रक्षक ने गोल की ओर गेंद भेजी, और दोनों दल रणनीति पर काम करते रहे।",तटस्थ,फुटबॉल,1
"आज आक्रामक दल ने मैदान पर आने के बाद असर नहीं डाल सका, और योजना विफल रही।",नकारात्मक,फुटबॉल,0
"दबाव के बीच मध्य खिलाड़ी ने विपक्षी क्षेत्र की ओर बढ़ा, जिसके बाद अगला अंक खेला गया।",तटस्थ,कबड्डी,1
"विंगर ने गेंद पकड़ी, और दोनों दल रणनीति पर काम करते रहे।",तटस्थ,फुटबॉल,1
"निर्णायक समय पर टायर दल ने तेज सेवा दी, और प्रतिद्वंद्वी दबाव में आया।",सकारात्मक,फॉर्मूला वन,2
"रक्षापंक्ति ने गेंद पकड़ी, जिसके बाद गेंद फिर मध्य क्षेत्र में गई।",तटस्थ,फुटबॉल,1
"दबाव के बीच विकेटकीपर ने अगली गेंद का सामना किया, और अगली गेंद खेली गई।",तटस्थ,क्रिकेट,1
"युगल जोड़ी ने रैली जारी रखी, जिसके बाद सर्विस बदली गई।",तटस्थ,बैडमिंटन,1
"निर्णायक समय पर सलामी जोड़ी ने सटीक गेंदबाजी की, जिससे दल का आत्मविश्वास बढ़ा।",सकारात्मक,क्रिकेट,2
"आज तेज गेंदबाज ने पारी शुरू की, जिसके बाद अगला ओवर शुरू हुआ।",तटस्थ,क्रिकेट,1
"आज एकल खिलाड़ी ने सटीक स्मैश लगाया, और प्रतिद्वंद्वी दबाव में आया।",सकारात्मक,बैडमिंटन,2
"चालक ने सही रणनीति चुनी, जिससे स्थान सुधरा।",सकारात्मक,फॉर्मूला वन,2
"रक्षक ने विपक्षी क्षेत्र की ओर बढ़ा, और दोनों दल अगली चाल की तैयारी करने लगे।",तटस्थ,कबड्डी,1
"पिट दल ने ट्रैक की स्थिति देखी, और दौड़ आगे बढ़ी।",तटस्थ,फॉर्मूला वन,1
"आज विकेटकीपर ने मजबूत साझेदारी बनाई, जिससे जीत की उम्मीद मजबूत हुई।",सकारात्मक,क्रिकेट,2
"दबाव के बीच स्पिनर ने जल्दी विकेट गंवा बैठा, जिससे वापसी कठिन हुई।",नकारात्मक,क्रिकेट,0
"मुकाबले के इस चरण में एकल खिलाड़ी ने खाली जगह नहीं पहचान पाया, जिससे बढ़त कमजोर हुई।",नकारात्मक,बैडमिंटन,0
"रक्षक ने देर से बदलाव किया, और दर्शकों में निराशा फैल गई 😞।",नकारात्मक,फुटबॉल,0
"आज बल्लेबाज ने बीच के ओवर में गेंदबाजी की, और अगली गेंद खेली गई।",तटस्थ,क्रिकेट,1
"आज रेडर ने मिलकर रेडर को रोका, जिससे बढ़त मजबूत हुई।",सकारात्मक,कबड्डी,2
"मुकाबले के इस चरण में सलामी जोड़ी ने अपनी जगह बदली, और मुकाबला सामान्य गति से चलता रहा।",तटस्थ,क्रिकेट,1
"आज मध्य खिलाड़ी ने देर से बदलाव किया, जिससे वापसी कठिन हुई।",नकारात्मक,कबड्डी,0
"मुकाबले के इस चरण में आक्रामक खिलाड़ी ने पीछे से प्रहार किया, और मुकाबला सामान्य गति से चला।",तटस्थ,बैडमिंटन,1
"इंजीनियर ने ओवरटेक का मौका गंवाया, जिससे जीत की उम्मीद कमजोर हुई।",नकारात्मक,फॉर्मूला वन,0
"स्थानापन्न खिलाड़ी ने रेड शुरू की, और खेल आगे बढ़ा।",तटस्थ,कबड्डी,1
"आज टीम प्रबंधन ने गलत रणनीति चुनी, और प्रतिद्वंद्वी को फायदा मिला।",नकारात्मक,फॉर्मूला वन,0
"कप्तान ने आक्रमण शुरू किया, जिसके बाद गेंद फिर मध्य क्षेत्र में गई।",तटस्थ,फुटबॉल,1
"मुकाबले के इस चरण में कप्तान ने रणनीति में सुधार नहीं कर सका, जिससे निर्णायक अंक हाथ से गया।",नकारात्मक,बैडमिंटन,0
"दबाव के बीच रक्षक ने मैदान पर आते ही असर डाला, जिससे दल का आत्मविश्वास बढ़ा।",सकारात्मक,कबड्डी,2
"आज आक्रामक दल ने गेंद पकड़ी, और अगला आक्रमण शुरू हुआ।",तटस्थ,फुटबॉल,1
"आज रक्षक ने सही समय पर चुनौती नहीं दी, और विपक्षी को फायदा मिला।",नकारात्मक,फुटबॉल,0
"आज मुख्य रेडर ने घेरा टूटने दिया, और रणनीति विफल रही।",नकारात्मक,कबड्डी,0
"आज अंतिम रेडर ने मिलकर रेडर को रोका, जिससे बढ़त मजबूत हुई।",सकारात्मक,कबड्डी,2
"निर्णायक समय पर रक्षक ने निर्णायक अंक लिया, और दर्शक खुशी से झूम उठे 😀।",सकारात्मक,कबड्डी,2
"आज तेज गेंदबाज ने पारी शुरू की, और मुकाबला सामान्य गति से चलता रहा।",तटस्थ,क्रिकेट,1
"आज सर्विस करने वाला खिलाड़ी ने बचाव की स्थिति ली, जिसके बाद दोनों खिलाड़ी अपनी जगह लौटे।",तटस्थ,बैडमिंटन,1
"निर्णायक समय पर मध्य क्षेत्र ने दबाव नहीं बना सका, जिससे गोल का अवसर चला गया।",नकारात्मक,फुटबॉल,0
"मुकाबले के इस चरण में पिछली पंक्ति का खिलाड़ी ने अगला शॉट खेला, और मुकाबला सामान्य गति से चला।",तटस्थ,बैडमिंटन,1
"मुकाबले के इस चरण में निर्णायक अंक पर खिलाड़ी ने नेट पर शटल रोकी, जिसके बाद सर्विस बदली गई।",तटस्थ,बैडमिंटन,1
"मुकाबले के इस चरण में गोलकीपर ने तेज तालमेल दिखाया, जिससे वापसी सफल हुई।",सकारात्मक,फुटबॉल,2
"मुख्य रेडर ने सही समय पर बोनस लिया, और जीत की उम्मीद बढ़ी।",सकारात्मक,कबड्डी,2
"मुकाबले के इस चरण में पिट दल ने लगातार अच्छा तालमेल रखा, और प्रतिद्वंद्वी दबाव में आया।",सकारात्मक,फॉर्मूला वन,2
"मुकाबले के इस चरण में गोलकीपर ने विपक्षी हमले को रोका, जिसके बाद खेल आगे बढ़ा।",तटस्थ,फुटबॉल,1
"खिलाड़ी ने सटीक स्मैश लगाया, जिससे जीत की उम्मीद बढ़ी।",सकारात्मक,बैडमिंटन,2
"दबाव के बीच मुख्य रेडर ने बोनस का मौका गंवाया, और विपक्षी दबाव में नहीं आया।",नकारात्मक,कबड्डी,0
"मुकाबले के इस चरण में तेज गेंदबाज ने क्रीज पर आया, जिसके बाद अगला ओवर शुरू हुआ।",तटस्थ,क्रिकेट,1
"दबाव के बीच दल ने निर्णायक अंक लिया, और दर्शक खुशी से झूम उठे 😀।",सकारात्मक,कबड्डी,2
"निर्णायक समय पर स्पिनर ने जल्दी विकेट गंवा बैठा, और विपक्षी को बढ़त मिल गई।",नकारात्मक,क्रिकेट,0
"दबाव के बीच विंगर ने गेंद खो दी, जिससे गोल का अवसर चला गया।",नकारात्मक,फुटबॉल,0
"दबाव के बीच कप्तान ने अपनी जगह संभाली, जिसके बाद खेल आगे बढ़ा।",तटस्थ,फुटबॉल,1
"रक्षक ने बचाव में चूक गया, जिससे बढ़त कमजोर हुई।",नकारात्मक,फुटबॉल,0
"रक्षात्मक खिलाड़ी ने अगले अंक की तैयारी की, और मुकाबला सामान्य गति से चला।",तटस्थ,बैडमिंटन,1
"निर्णायक समय पर अंतिम रेडर ने लगातार अंक गंवाता रहा, और दर्शकों में निराशा फैल गई 😞।",नकारात्मक,कबड्डी,0
"मुकाबले के इस चरण में एकल खिलाड़ी ने खाली जगह पहचानी, जिससे निर्णायक अंक मिला।",सकारात्मक,बैडमिंटन,2
"स्थानापन्न खिलाड़ी ने मैदान पर आते ही असर डाला, जिससे वापसी सफल हुई।",सकारात्मक,फुटबॉल,2
"आज रणनीति दल ने सही रणनीति चुनी, जिससे जीत की उम्मीद बढ़ी।",सकारात्मक,फॉर्मूला वन,2
"दबाव के बीच कप्तान ने पीछे से प्रहार किया, जिसके बाद सर्विस बदली गई।",तटस्थ,बैडमिंटन,1
"निर्णायक समय पर तेज गेंदबाज ने क्रीज पर आया, जिसके बाद खेल आगे बढ़ा।",तटस्थ,क्रिकेट,1
"मुकाबले के इस चरण में रक्षक ने निर्णायक अंक लिया, और दर्शक खुशी से झूम उठे 😀।",सकारात्मक,कबड्डी,2
"मुकाबले के इस चरण में मुख्य चालक ने बदलाव में समय गंवाया, जिससे समय का नुकसान हुआ।",नकारात्मक,फॉर्मूला वन,0
"मुकाबले के इस चरण में विकेटकीपर ने साझेदारी नहीं बना सका, जिससे वापसी कठिन हुई।",नकारात्मक,क्रिकेट,0
"मुकाबले के इस चरण में नेट खिलाड़ी ने लंबी रैली गंवा बैठा, जिससे बढ़त कमजोर हुई।",नकारात्मक,बैडमिंटन,0
"रक्षक ने निर्देश दिया, और दोनों दल अगली चाल की तैयारी करने लगे।",तटस्थ,कबड्डी,1
"पिट दल ने आंकड़ों की समीक्षा की, और दौड़ आगे बढ़ी।",तटस्थ,फॉर्मूला वन,1
"मुकाबले के इस चरण में रक्षापंक्ति ने दबाव नहीं बना सका, जिससे बढ़त कमजोर हुई।",नकारात्मक,फुटबॉल,0
"आज विकेटकीपर ने ढीली गेंदें डालता रहा, जिससे वापसी कठिन हुई।",नकारात्मक,क्रिकेट,0
"रेडर ने मजबूत घेरा बनाया, जिससे बढ़त मजबूत हुई।",सकारात्मक,कबड्डी,2
"निर्णायक समय पर सहायक रक्षक ने तालमेल बनाया, जिसके बाद अगली रेड शुरू हुई।",तटस्थ,कबड्डी,1
"मुकाबले के इस चरण में अंतिम रेडर ने तालमेल बनाया, जिसके बाद अगला अंक खेला गया।",तटस्थ,कबड्डी,1
"स्पिनर ने ढीली गेंदें डालता रहा, जिससे दल का आत्मविश्वास घटा।",नकारात्मक,क्रिकेट,0
"मुकाबले के इस चरण में सहायक रक्षक ने मिलकर रेडर को रोका, और दर्शक खुशी से झूम उठे 😀।",सकारात्मक,कबड्डी,2
"आज अंतिम रेडर ने मैदान पर आते ही असर डाला, और जीत की उम्मीद बढ़ी।",सकारात्मक,कबड्डी,2
"दबाव के बीच मध्य मैदान के खिलाड़ी ने एक बदलाव किया, जिसके बाद गेंद फिर मध्य क्षेत्र में गई।",तटस्थ,फुटबॉल,1
"निर्णायक समय पर सर्विस करने वाला खिलाड़ी ने स्मैश बाहर मार बैठा, और दर्शकों में निराशा फैल गई 😞।",नकारात्मक,बैडमिंटन,0
"कप्तान ने मैदान पर आने के बाद असर नहीं डाल सका, जिससे गोल का अवसर चला गया।",नकारात्मक,फुटबॉल,0
"दबाव के बीच गोलकीपर ने पास आगे बढ़ाया, जिसके बाद खेल आगे बढ़ा।",तटस्थ,फुटबॉल,1
"दबाव के बीच हमलावर ने समय पर बदलाव किया, और जीत की उम्मीद बढ़ी।",सकारात्मक,फुटबॉल,2
"आज तेज गेंदबाज ने साझेदारी नहीं बना सका, और रणनीति विफल रही।",नकारात्मक,क्रिकेट,0
"मुकाबले के इस चरण में खिलाड़ी ने बचाव की स्थिति ली, जिसके बाद सर्विस बदली गई।",तटस्थ,बैडमिंटन,1
"दबाव के बीच दौड़ दल ने तेज बदलाव किया, जिससे स्थान सुधरा।",सकारात्मक,फॉर्मूला वन,2
"मुकाबले के इस चरण में अंतिम रेडर ने रक्षा की स्थिति बनाई, और मुकाबला सामान्य गति से चला।",तटस्थ,कबड्डी,1
"दबाव के बीच रेस दल ने अपनी गति बनाए रखी, और दौड़ आगे बढ़ी।",तटस्थ,फॉर्मूला वन,1
"आज कप्तान ने गेंद खो दी, और योजना विफल रही।",नकारात्मक,फुटबॉल,0
"दबाव के बीच विंगर ने खिलाड़ियों के बीच गेंद घुमाई, और दोनों दल रणनीति पर काम करते रहे।",तटस्थ,फुटबॉल,1
"आज विकेटकीपर ने आसान मौका गंवा बैठा, जिससे जीत की संभावना कमजोर हुई।",नकारात्मक,क्रिकेट,0
"दबाव के बीच स्पिनर ने अगला ओवर शुरू किया, जिसके बाद खेल आगे बढ़ा।",तटस्थ,क्रिकेट,1
"मुकाबले के इस चरण में निचला क्रम ने क्रीज पर आया, और पारी अपने क्रम में आगे बढ़ी।",तटस्थ,क्रिकेट,1
"आज स्थानापन्न खिलाड़ी ने मैदान पर आते ही असर डाला, जिससे वापसी सफल हुई।",सकारात्मक,फुटबॉल,2
"निर्णायक समय पर चालक ने मोड़ पर नियंत्रण रखा, जिससे जीत की उम्मीद बढ़ी।",सकारात्मक,फॉर्मूला वन,2
"मुकाबले के इस चरण में क्षेत्ररक्षक ने दबाव में सही शॉट चुना, जिससे दल का आत्मविश्वास बढ़ा।",सकारात्मक,क्रिकेट,2
"निचला क्रम ने अगला ओवर शुरू किया, जिसके बाद दोनों दल अपनी योजना पर लौटे।",तटस्थ,क्रिकेट,1
"निर्णायक समय पर रक्षक ने निर्णायक अंक नहीं ले सका, जिससे वापसी कठिन हुई।",नकारात्मक,कबड्डी,0
"आक्रामक दल ने दबाव नहीं बना सका, जिससे बढ़त कमजोर हुई।",नकारात्मक,फुटबॉल,0
"निर्णायक समय पर इंजीनियर ने मोड़ पर नियंत्रण रखा, जिससे जीत की उम्मीद बढ़ी।",सकारात्मक,फॉर्मूला वन,2
"दबाव के बीच हमलावर ने लगातार दबाव बनाया, और दर्शक खुशी से झूम उठे 😀।",सकारात्मक,फुटबॉल,2
"दबाव के बीच रक्षा पंक्ति ने लगातार अंक जुटाए, और जीत की उम्मीद बढ़ी।",सकारात्मक,कबड्डी,2
"मुकाबले के इस चरण में पिछली पंक्ति का खिलाड़ी ने नेट पर शटल रोकी, और अगला अंक खेला गया।",तटस्थ,बैडमिंटन,1
"मुकाबले के इस चरण में कप्तान ने आसान मौका गंवा बैठा, और मुकाबला हाथ से निकलने लगा।",नकारात्मक,क्रिकेट,0
"मुकाबले के इस चरण में कप्तान ने सर्विस पर नियंत्रण खो बैठा, जिससे जीत कठिन हुई।",नकारात्मक,बैडमिंटन,0
"दबाव के बीच खिलाड़ी ने कठिन शटल नहीं लौटा सका, और वापसी का मौका कम हुआ।",नकारात्मक,बैडमिंटन,0
"निर्णायक समय पर विकेटकीपर ने अंतिम ओवरों में नियंत्रण खो बैठा, जिससे दल का आत्मविश्वास घटा।",नकारात्मक,क्रिकेट,0
"रणनीति दल ने शानदार ओवरटेक किया, और दल का मनोबल ऊंचा हुआ।",सकारात्मक,फॉर्मूला वन,2
"दबाव के बीच पिट दल ने टायर बदलने में देरी की, जिससे स्थान गिरा।",नकारात्मक,फॉर्मूला वन,0
"निर्णायक समय पर स्थानापन्न खिलाड़ी ने मैदान पर आते ही असर डाला, और जीत की उम्मीद बढ़ी।",सकारात्मक,फुटबॉल,2
"आज सर्विस करने वाला खिलाड़ी ने नेट के पास अंक गंवा दिया, और मुकाबला विपक्षी की ओर झुका।",नकारात्मक,बैडमिंटन,0
"आज मुख्य रेडर ने लगातार अंक गंवाता रहा, जिससे वापसी कठिन हुई।",नकारात्मक,कबड्डी,0
"आज युगल जोड़ी ने खाली जगह पहचानी, और वापसी सफल हुई।",सकारात्मक,बैडमिंटन,2
"निर्णायक समय पर इंजीनियर ने देर से निर्णय लिया, और प्रतिद्वंद्वी को फायदा मिला।",नकारात्मक,फॉर्मूला वन,0
"मुकाबले के इस चरण में गेंदबाज ने अगला ओवर शुरू किया, और अगली गेंद खेली गई।",तटस्थ,क्रिकेट,1
"मुकाबले के इस चरण में मुख्य चालक ने गलत रणनीति चुनी, और दल का मनोबल गिरा।",नकारात्मक,फॉर्मूला वन,0
"आज टीम प्रबंधन ने ट्रैक की स्थिति देखी, और दौड़ आगे बढ़ी।",तटस्थ,फॉर्मूला वन,1
"मुकाबले के इस चरण में रक्षक ने घेरा टूटने दिया, जिससे दल का आत्मविश्वास घटा।",नकारात्मक,कबड्डी,0
"दौड़ दल ने मोड़ पर नियंत्रण खोया, और प्रतिद्वंद्वी को फायदा मिला।",नकारात्मक,फॉर्मूला वन,0
"मुकाबले के इस चरण में चालक ने टायर बदले, जिसके बाद अगला चक्कर शुरू हुआ।",तटस्थ,फॉर्मूला वन,1
"आज कप्तान ने देर से रणनीति बदली, और दर्शकों में निराशा फैल गई 😞।",नकारात्मक,क्रिकेट,0
"दबाव के बीच रक्षात्मक खिलाड़ी ने नेट के पास अंक गंवा दिया, जिससे आत्मविश्वास घटा।",नकारात्मक,बैडमिंटन,0
"मुकाबले के इस चरण में रक्षापंक्ति ने गलत पास दिया, जिससे वापसी कठिन हुई।",नकारात्मक,फुटबॉल,0
"मुकाबले के इस चरण में मध्य क्षेत्र ने गेंद पर नियंत्रण रखा, और विपक्षी दबाव में आया।",सकारात्मक,फुटबॉल,2
"दबाव के बीच दौड़ दल ने बदलाव में समय गंवाया, और दल का मनोबल गिरा।",नकारात्मक,फॉर्मूला वन,0
"दल ने रेडर को रोक नहीं पाया, जिससे वापसी कठिन हुई।",नकारात्मक,कबड्डी,0
"निर्णायक समय पर विंगर ने सही समय पर चुनौती नहीं दी, जिससे वापसी कठिन हुई।",नकारात्मक,फुटबॉल,0
"निर्णायक समय पर टीम प्रबंधन ने शानदार ओवरटेक किया, और प्रतिद्वंद्वी दबाव में आया।",सकारात्मक,फॉर्मूला वन,2
"इंजीनियर ने सही रणनीति चुनी, और प्रशंसकों में उत्साह फैल गया 🏎️।",सकारात्मक,फॉर्मूला वन,2
"दबाव के बीच आक्रामक खिलाड़ी ने कठिन शटल लौटा दी, और दर्शकों ने तालियां बजाईं 👏।",सकारात्मक,बैडमिंटन,2
"दबाव के बीच मध्य खिलाड़ी ने तालमेल खो बैठा, जिससे जरूरी अंक गंवा।",नकारात्मक,कबड्डी,0
"दबाव के बीच युगल जोड़ी ने पीछे से प्रहार किया, जिसके बाद सर्विस बदली गई।",तटस्थ,बैडमिंटन,1
"निर्णायक समय पर स्थानापन्न खिलाड़ी ने निर्णायक अंक नहीं ले सका, और दर्शकों में निराशा फैल गई 😞।",नकारात्मक,कबड्डी,0
"निर्णायक समय पर मध्य मैदान के खिलाड़ी ने गेंद पर नियंत्रण रखा, और विपक्षी दबाव में आया।",सकारात्मक,फुटबॉल,2
"आज सहायक रक्षक ने मैदान में प्रवेश किया, जिसके बाद खिलाड़ी अपनी जगह लौटे।",तटस्थ,कबड्डी,1
"नेट खिलाड़ी ने सही समय पर आक्रमण किया, और दर्शकों ने तालियां बजाईं 👏।",सकारात्मक,बैडमिंटन,2
"मुकाबले के इस चरण में मध्य क्षेत्र ने गेंद पर नियंत्रण रखा, जिससे बढ़त मजबूत हुई।",सकारात्मक,फुटबॉल,2
"दबाव के बीच दल ने अगली रेड की तैयारी की, जिसके बाद अगला अंक खेला गया।",तटस्थ,कबड्डी,1
"निर्णायक समय पर गेंदबाज ने जरूरी विकेट नहीं ले सका, जिससे रन गति गिर गई।",नकारात्मक,क्रिकेट,0
"आज खिलाड़ी ने पीछे से प्रहार किया, और खेल आगे बढ़ा।",तटस्थ,बैडमिंटन,1
"दबाव के बीच सहायक रक्षक ने लगातार अंक जुटाए, जिससे दल का आत्मविश्वास बढ़ा।",सकारात्मक,कबड्डी,2
"दबाव के बीच कप्तान ने रेडर को घेरने की कोशिश की, जिसके बाद खिलाड़ी अपनी जगह लौटे।",तटस्थ,कबड्डी,1
"दबाव के बीच मध्य क्षेत्र ने तालमेल खो दिया, और दर्शकों में निराशा फैल गई 😞।",नकारात्मक,फुटबॉल,0
"पिछली पंक्ति का खिलाड़ी ने लंबी रैली जीती, और मुकाबला अपने पक्ष में झुका।",सकारात्मक,बैडमिंटन,2
"आज अंतिम रेडर ने अगला अंक खेला, और मुकाबला सामान्य गति से चला।",तटस्थ,कबड्डी,1
"खिलाड़ी ने रणनीति में सुधार नहीं कर सका, जिससे आत्मविश्वास घटा।",नकारात्मक,बैडमिंटन,0
"आज चालक ने शानदार ओवरटेक किया, जिससे जीत की उम्मीद बढ़ी।",सकारात्मक,फॉर्मूला वन,2
"दबाव के बीच आक्रामक खिलाड़ी ने पीछे से प्रहार किया, जिसके बाद दोनों खिलाड़ी अपनी जगह लौटे।",तटस्थ,बैडमिंटन,1
"निर्णायक समय पर पिछली पंक्ति का खिलाड़ी ने रैली जारी रखी, जिसके बाद दोनों खिलाड़ी अपनी जगह लौटे।",तटस्थ,बैडमिंटन,1
"दबाव के बीच कप्तान ने साझेदारी नहीं बना सका, जिससे रन गति गिर गई।",नकारात्मक,क्रिकेट,0
"मुकाबले के इस चरण में विंगर ने गेंद पकड़ी, और अगला आक्रमण शुरू हुआ।",तटस्थ,फुटबॉल,1
"दबाव के बीच रक्षात्मक खिलाड़ी ने कठिन शटल नहीं लौटा सका, जिससे आत्मविश्वास घटा।",नकारात्मक,बैडमिंटन,0
"हमलावर ने देर से बदलाव किया, जिससे बढ़त कमजोर हुई।",नकारात्मक,फुटबॉल,0
"आज हमलावर ने आसान मौका गंवाया, जिससे आत्मविश्वास घटा।",नकारात्मक,फुटबॉल,0
"दबाव के बीच विकेटकीपर ने बीच के ओवर में गेंदबाजी की, जिसके बाद अगला ओवर शुरू हुआ।",तटस्थ,क्रिकेट,1
"दबाव के बीच विंगर ने गेंद पर नियंत्रण रखा, जिससे वापसी सफल हुई।",सकारात्मक,फुटबॉल,2
"सर्विस करने वाले खिलाड़ी ने मजबूत बचाव किया, और वापसी सफल हुई।",सकारात्मक,बैडमिंटन,2
"आज क्षेत्ररक्षक ने पारी शुरू की, और मुकाबला सामान्य गति से चलता रहा।",तटस्थ,क्रिकेट,1
"आज अंतिम रेडर ने लगातार अंक गंवाता रहा, जिससे वापसी कठिन हुई।",नकारात्मक,कबड्डी,0
"निर्णायक समय पर मध्य मैदान के खिलाड़ी ने लगातार दबाव बनाया, और जीत की उम्मीद बढ़ी।",सकारात्मक,फुटबॉल,2
"निर्णायक समय पर स्थानापन्न खिलाड़ी ने दबाव नहीं बना सका, और मुकाबला हाथ से निकलने लगा।",नकारात्मक,फुटबॉल,0
"मुकाबले के इस चरण में टायर दल ने मोड़ पर नियंत्रण रखा, जिससे समय का लाभ मिला।",सकारात्मक,फॉर्मूला वन,2
"मध्य मैदान के खिलाड़ी ने मैदान में प्रवेश किया, और दोनों दल रणनीति पर काम करते रहे।",तटस्थ,फुटबॉल,1
"मुकाबले के इस चरण में क्षेत्ररक्षक ने जरूरी विकेट नहीं ले सका, जिससे जीत की संभावना कमजोर हुई।",नकारात्मक,क्रिकेट,0
"मुकाबले के इस चरण में क्षेत्ररक्षक ने क्रीज पर आया, और पारी अपने क्रम में आगे बढ़ी।",तटस्थ,क्रिकेट,1
"निर्णायक समय पर सलामी जोड़ी ने पारी शुरू की, और पारी अपने क्रम में आगे बढ़ी।",तटस्थ,क्रिकेट,1
"आज स्पिनर ने समय पर रणनीति बदली, जिससे दल का आत्मविश्वास बढ़ा।",सकारात्मक,क्रिकेट,2
"दबाव के बीच विंगर ने गेंद पर नियंत्रण रखा, जिससे दल का आत्मविश्वास बढ़ा।",सकारात्मक,फुटबॉल,2
"मुकाबले के इस चरण में निचला क्रम ने दबाव में सही शॉट चुना, और विपक्षी दबाव में आ गया।",सकारात्मक,क्रिकेट,2
"चालक ने ट्रैक की स्थिति देखी, और दौड़ आगे बढ़ी।",तटस्थ,फॉर्मूला वन,1
"रक्षक ने मैदान में प्रवेश किया, और मुकाबला सामान्य गति से चला।",तटस्थ,कबड्डी,1
"तेज गेंदबाज ने देर से रणनीति बदली, जिससे दल का आत्मविश्वास घटा।",नकारात्मक,क्रिकेट,0
"निर्णायक समय पर स्पिनर ने दबाव में सही शॉट चुना, जिससे रन गति सुधरी।",सकारात्मक,क्रिकेट,2
"आज गेंदबाज ने महत्वपूर्ण गेंद रोक नहीं पाया, जिससे रन गति गिर गई।",नकारात्मक,क्रिकेट,0
"बल्लेबाज ने क्षेत्ररक्षण में बदलाव किया, और अगली गेंद खेली गई।",तटस्थ,क्रिकेट,1
"दबाव के बीच हमलावर ने तालमेल खो दिया, और दर्शकों में निराशा फैल गई 😞।",नकारात्मक,फुटबॉल,0
"आज कप्तान ने सटीक स्मैश लगाया, और दर्शकों ने तालियां बजाईं 👏।",सकारात्मक,बैडमिंटन,2
"दबाव के बीच दल ने मजबूत घेरा बनाया, और विपक्षी दबाव में आया।",सकारात्मक,कबड्डी,2
"आक्रामक दल ने एक बदलाव किया, जिसके बाद गेंद फिर मध्य क्षेत्र में गई।",तटस्थ,फुटबॉल,1
"मुख्य चालक ने दौड़ की योजना देखी, और चालक ने अपनी स्थिति बनाए रखी।",तटस्थ,फॉर्मूला वन,1
"दबाव के बीच कप्तान ने अगला ओवर शुरू किया, और मुकाबला सामान्य गति से चलता रहा।",तटस्थ,क्रिकेट,1
"आज रक्षक ने शानदार गोल किया, जिससे दल का आत्मविश्वास बढ़ा।",सकारात्मक,फुटबॉल,2
"आज कप्तान ने सर्विस पर नियंत्रण खो बैठा, और प्रतिद्वंद्वी दबाव में नहीं आया।",नकारात्मक,बैडमिंटन,0
"दबाव के बीच खिलाड़ी ने कठिन शटल लौटा दी, जिससे आत्मविश्वास बढ़ा।",सकारात्मक,बैडमिंटन,2
"आज मुख्य चालक ने टायर बदले, जिसके बाद कार फिर ट्रैक पर आई।",तटस्थ,फॉर्मूला वन,1
"दबाव के बीच निचला क्रम ने ढीली गेंदें डालता रहा, जिससे दल का आत्मविश्वास घटा।",नकारात्मक,क्रिकेट,0
"निर्णायक समय पर मध्य मैदान के खिलाड़ी ने पास आगे बढ़ाया, जिसके बाद खेल आगे बढ़ा।",तटस्थ,फुटबॉल,1
"हमलावर ने गोल की ओर गेंद भेजी, और मुकाबला सामान्य गति से चलता रहा।",तटस्थ,फुटबॉल,1
"मुकाबले के इस चरण में गेंदबाज ने क्षेत्ररक्षण में बदलाव किया, और पारी अपने क्रम में आगे बढ़ी।",तटस्थ,क्रिकेट,1
"मुकाबले के इस चरण में स्थानापन्न खिलाड़ी ने तेज तालमेल दिखाया, और जीत की उम्मीद बढ़ी।",सकारात्मक,फुटबॉल,2
"दबाव के बीच हमलावर ने आसान मौका गंवाया, और दर्शकों में निराशा फैल गई 😞।",नकारात्मक,फुटबॉल,0
"निर्णायक समय पर स्थानापन्न खिलाड़ी ने मैदान पर आते ही असर डाला, जिससे वापसी सफल हुई।",सकारात्मक,कबड्डी,2
"निर्णायक समय पर सर्विस करने वाला खिलाड़ी ने खाली जगह नहीं पहचान पाया, जिससे बढ़त कमजोर हुई।",नकारात्मक,बैडमिंटन,0
"मुकाबले के इस चरण में पिछली पंक्ति का खिलाड़ी ने रणनीति में अच्छा बदलाव किया, जिससे बढ़त मजबूत हुई।",सकारात्मक,बैडमिंटन,2
"दबाव के बीच मध्य मैदान के खिलाड़ी ने गेंद अपने पास रखी, जिसके बाद खेल आगे बढ़ा।",तटस्थ,फुटबॉल,1
"मुकाबले के इस चरण में रक्षक ने मैदान पर आने के बाद असर नहीं डाल सका, और दर्शकों में निराशा फैल गई 😞।",नकारात्मक,फुटबॉल,0
"मुकाबले के इस चरण में रणनीति दल ने दौड़ की योजना पर काम किया, जिसके बाद अगला चक्कर शुरू हुआ।",तटस्थ,फॉर्मूला वन,1
"आज दौड़ दल ने मोड़ पर नियंत्रण रखा, जिससे पोडियम की संभावना बढ़ी।",सकारात्मक,फॉर्मूला वन,2
"निर्णायक समय पर विंगर ने सही समय पर चुनौती नहीं दी, और विपक्षी को फायदा मिला।",नकारात्मक,फुटबॉल,0
"मुकाबले के इस चरण में विंगर ने देर से बदलाव किया, और दर्शकों में निराशा फैल गई 😞।",नकारात्मक,फुटबॉल,0
"मुकाबले के इस चरण में दौड़ दल ने तेज बदलाव किया, और दल का मनोबल ऊंचा हुआ।",सकारात्मक,फॉर्मूला वन,2
"दबाव के बीच नेट खिलाड़ी ने बचाव की स्थिति ली, जिसके बाद दोनों खिलाड़ी अपनी जगह लौटे।",तटस्थ,बैडमिंटन,1
"टीम प्रबंधन ने टायरों का गलत उपयोग किया, और प्रशंसकों में निराशा फैल गई 😞।",नकारात्मक,फॉर्मूला वन,0
"सहायक रक्षक ने निर्देश दिया, जिसके बाद अगला अंक खेला गया।",तटस्थ,कबड्डी,1
"मुकाबले के इस चरण में गेंदबाज ने सटीक गेंदबाजी की, जिससे जीत की उम्मीद मजबूत हुई।",सकारात्मक,क्रिकेट,2
"मुकाबले के इस चरण में दल ने मिलकर रेडर को रोका, और मुकाबला अपने पक्ष में झुका।",सकारात्मक,कबड्डी,2
"आज मध्य खिलाड़ी ने तालमेल बनाया, और मुकाबला सामान्य गति से चला।",तटस्थ,कबड्डी,1
"निर्णायक समय पर स्थानापन्न खिलाड़ी ने खिलाड़ियों के बीच गेंद घुमाई, और दोनों दल रणनीति पर काम करते रहे।",तटस्थ,फुटबॉल,1
"आज इंजीनियर ने तालमेल नहीं बना पाया, और दौड़ का रुख बिगड़ा।",नकारात्मक,फॉर्मूला वन,0
"मुकाबले के इस चरण में क्षेत्ररक्षक ने अपनी जगह बदली, और मुकाबला सामान्य गति से चलता रहा।",तटस्थ,क्रिकेट,1
"खिलाड़ी ने शटल आगे भेजी, और अगला अंक खेला गया।",तटस्थ,बैडमिंटन,1
"आज चालक ने तेज सेवा दी, जिससे पोडियम की संभावना बढ़ी।",सकारात्मक,फॉर्मूला वन,2
"मुकाबले के इस चरण में रक्षात्मक खिलाड़ी ने नेट पर शटल रोकी, और अगला अंक खेला गया।",तटस्थ,बैडमिंटन,1
"आज हमलावर ने आसान मौका गंवाया, और योजना विफल रही।",नकारात्मक,फुटबॉल,0
"तेज गेंदबाज ने साझेदारी नहीं बना सका, जिससे दल का आत्मविश्वास घटा।",नकारात्मक,क्रिकेट,0
"निर्णायक समय पर रक्षात्मक खिलाड़ी ने खाली जगह नहीं पहचान पाया, और प्रतिद्वंद्वी दबाव में नहीं आया।",नकारात्मक,बैडमिंटन,0
"निर्णायक समय पर बल्लेबाज ने आसान मौका गंवा बैठा, जिससे जीत की संभावना कमजोर हुई।",नकारात्मक,क्रिकेट,0
"स्थानापन्न खिलाड़ी ने आक्रमण को रोक दिया, जिससे दल का आत्मविश्वास बढ़ा।",सकारात्मक,फुटबॉल,2
"मुकाबले के इस चरण में रणनीति दल ने तेज बदलाव किया, जिससे समय का लाभ मिला।",सकारात्मक,फॉर्मूला वन,2
"दबाव के बीच टायर दल ने अंतिम चरण में गति बढ़ाई, जिससे स्थान सुधरा।",सकारात्मक,फॉर्मूला वन,2
"निर्णायक समय पर कप्तान ने बीच के ओवरों में महंगा साबित हुआ, और मुकाबला हाथ से निकलने लगा।",नकारात्मक,क्रिकेट,0
"मुकाबले के इस चरण में कप्तान ने स्मैश बाहर मार बैठा, और दर्शकों में निराशा फैल गई 😞।",नकारात्मक,बैडमिंटन,0
"दबाव के बीच गोलकीपर ने मैदान में प्रवेश किया, जिसके बाद गेंद फिर मध्य क्षेत्र में गई।",तटस्थ,फुटबॉल,1
"दबाव के बीच सर्विस करने वाला खिलाड़ी ने कठिन शटल नहीं लौटा सका, और प्रतिद्वंद्वी दबाव में नहीं आया।",नकारात्मक,बैडमिंटन,0
"टीम प्रबंधन ने टायर बदलने में देरी की, और दल का मनोबल गिरा।",नकारात्मक,फॉर्मूला वन,0
"सर्विस करने वाले खिलाड़ी ने सही समय पर आक्रमण किया, जिससे निर्णायक अंक मिला।",सकारात्मक,बैडमिंटन,2
"आज रक्षापंक्ति ने गेंद पकड़ी, और मुकाबला सामान्य गति से चलता रहा।",तटस्थ,फुटबॉल,1
"रक्षा पंक्ति ने मजबूत घेरा बनाया, जिससे दल का आत्मविश्वास बढ़ा।",सकारात्मक,कबड्डी,2
"पिट दल ने आंकड़ों की समीक्षा की, जिसके बाद अगला चरण शुरू हुआ।",तटस्थ,फॉर्मूला वन,1
"निर्णायक समय पर दौड़ दल ने आंकड़ों की समीक्षा की, जिसके बाद अगला चक्कर शुरू हुआ।",तटस्थ,फॉर्मूला वन,1
"आज क्षेत्ररक्षक ने देर से रणनीति बदली, और दर्शकों में निराशा फैल गई 😞।",नकारात्मक,क्रिकेट,0
"आज कप्तान ने गेंद अपने पास रखी, जिसके बाद गेंद फिर मध्य क्षेत्र में गई।",तटस्थ,फुटबॉल,1
"मध्य क्षेत्र ने बचाव में चूक गया, जिससे बढ़त कमजोर हुई।",नकारात्मक,फुटबॉल,0
"निर्णायक समय पर युगल जोड़ी ने रणनीति पर चर्चा की, जिसके बाद सर्विस बदली गई।",तटस्थ,बैडमिंटन,1
"पिट दल ने तेज सेवा दी, और प्रतिद्वंद्वी दबाव में आया।",सकारात्मक,फॉर्मूला वन,2
"आज रक्षापंक्ति ने एक बदलाव किया, और मुकाबला सामान्य गति से चलता रहा।",तटस्थ,फुटबॉल,1
"दबाव के बीच दल ने लगातार अंक गंवाता रहा, जिससे वापसी कठिन हुई।",नकारात्मक,कबड्डी,0
"स्थानापन्न खिलाड़ी ने गेंद पकड़ी, और दोनों दल रणनीति पर काम करते रहे।",तटस्थ,फुटबॉल,1
"मुकाबले के इस चरण में रक्षक ने समय पर बदलाव किया, जिससे जरूरी अंक मिला।",सकारात्मक,कबड्डी,2
"दबाव के बीच रेस दल ने दबाव में गलती की, और प्रतिद्वंद्वी को फायदा मिला।",नकारात्मक,फॉर्मूला वन,0
"मुकाबले के इस चरण में मध्य खिलाड़ी ने रेडर को घेरने की कोशिश की, जिसके बाद अगली रेड शुरू हुई।",तटस्थ,कबड्डी,1
"निर्णायक समय पर नेट खिलाड़ी ने सर्विस पर नियंत्रण खो बैठा, और वापसी का मौका कम हुआ।",नकारात्मक,बैडमिंटन,0
"एकल खिलाड़ी ने रणनीति में अच्छा बदलाव किया, जिससे आत्मविश्वास बढ़ा।",सकारात्मक,बैडमिंटन,2
"दबाव के बीच मुख्य चालक ने टायर बदले, और मुकाबला सामान्य गति से चला।",तटस्थ,फॉर्मूला वन,1
"दबाव के बीच आक्रामक खिलाड़ी ने सटीक स्मैश लगाया, और मुकाबला अपने पक्ष में झुका।",सकारात्मक,बैडमिंटन,2
"मुकाबले के इस चरण में एकल खिलाड़ी ने लंबी रैली जीती, और वापसी सफल हुई।",सकारात्मक,बैडमिंटन,2
"दबाव के बीच मध्य खिलाड़ी ने अच्छा तालमेल दिखाया, जिससे बढ़त मजबूत हुई।",सकारात्मक,कबड्डी,2
"विंगर ने पास आगे बढ़ाया, जिसके बाद खिलाड़ी अपनी जगह लौटे।",तटस्थ,फुटबॉल,1
"मुकाबले के इस चरण में रक्षा पंक्ति ने लगातार अंक गंवाता रहा, और दर्शकों में निराशा फैल गई 😞।",नकारात्मक,कबड्डी,0
"दबाव के बीच विकेटकीपर ने बीच के ओवरों में महंगा साबित हुआ, जिससे दल का आत्मविश्वास घटा।",नकारात्मक,क्रिकेट,0
"मुख्य चालक ने ट्रैक की स्थिति देखी, और मुकाबला सामान्य गति से चला।",तटस्थ,फॉर्मूला वन,1
"आज रक्षा पंक्ति ने समय पर बदलाव किया, और मुकाबला अपने पक्ष में झुका।",सकारात्मक,कबड्डी,2
"आज हमलावर ने पास आगे बढ़ाया, और दोनों दल रणनीति पर काम करते रहे।",तटस्थ,फुटबॉल,1
"आज मुख्य रेडर ने सफल रेड की, जिससे वापसी सफल हुई।",सकारात्मक,कबड्डी,2
"मुकाबले के इस चरण में बल्लेबाज ने अंतिम ओवरों में गति बढ़ाई, और विपक्षी दबाव में आ गया।",सकारात्मक,क्रिकेट,2
"आज मध्य क्षेत्र ने मैदान में प्रवेश किया, और दोनों दल रणनीति पर काम करते रहे।",तटस्थ,फुटबॉल,1
"मुकाबले के इस चरण में विकेटकीपर ने दबाव में गलत शॉट चुना, जिससे दल का आत्मविश्वास घटा।",नकारात्मक,क्रिकेट,0
"दबाव के बीच हमलावर ने तालमेल खो दिया, और विपक्षी को फायदा मिला।",नकारात्मक,फुटबॉल,0
"दबाव के बीच हमलावर ने गेंद पर नियंत्रण रखा, जिससे वापसी सफल हुई।",सकारात्मक,फुटबॉल,2
"आज विकेटकीपर ने दबाव में गलत शॉट चुना, जिससे रन गति गिर गई।",नकारात्मक,क्रिकेट,0
"मुकाबले के इस चरण में गोलकीपर ने तेज तालमेल दिखाया, और जीत की उम्मीद बढ़ी।",सकारात्मक,फुटबॉल,2
"आज टायर दल ने मोड़ पर नियंत्रण रखा, जिससे जीत की उम्मीद बढ़ी।",सकारात्मक,फॉर्मूला वन,2
"आज एकल खिलाड़ी ने रणनीति में सुधार नहीं कर सका, जिससे बढ़त कमजोर हुई।",नकारात्मक,बैडमिंटन,0
"आज युगल जोड़ी ने गलत समय पर आक्रमण किया, जिससे जीत कठिन हुई।",नकारात्मक,बैडमिंटन,0
"आज रेडर ने लगातार अंक गंवाता रहा, और दर्शकों में निराशा फैल गई 😞।",नकारात्मक,कबड्डी,0
"मध्यक्रम ने अगला ओवर शुरू किया, और अगली गेंद खेली गई।",तटस्थ,क्रिकेट,1
"दबाव के बीच मध्यक्रम ने दबाव में गलत शॉट चुना, जिससे दल का आत्मविश्वास घटा।",नकारात्मक,क्रिकेट,0
"दबाव के बीच रक्षात्मक खिलाड़ी ने खाली जगह पहचानी, जिससे जीत की उम्मीद बढ़ी।",सकारात्मक,बैडमिंटन,2
"दबाव के बीच रक्षा पंक्ति ने निर्णायक अंक नहीं ले सका, और मुकाबला हाथ से निकलने लगा।",नकारात्मक,कबड्डी,0
"निर्णायक समय पर स्थानापन्न खिलाड़ी ने सही समय पर चुनौती दी, और विपक्षी दबाव में आया।",सकारात्मक,फुटबॉल,2
"निर्णायक समय पर गोलकीपर ने गोल की ओर गेंद भेजी, और दोनों दल रणनीति पर काम करते रहे।",तटस्थ,फुटबॉल,1
"दबाव के बीच सहायक रक्षक ने बोनस का मौका गंवाया, जिससे जरूरी अंक गंवा।",नकारात्मक,कबड्डी,0
"निर्णायक समय पर रक्षक ने मैदान पर आते ही असर डाला, जिससे दल का आत्मविश्वास बढ़ा।",सकारात्मक,फुटबॉल,2
"आक्रामक दल ने मैदान पर आने के बाद असर नहीं डाल सका, जिससे गोल का अवसर चला गया।",नकारात्मक,फुटबॉल,0
"रक्षक ने लगातार दबाव बनाया, जिससे बढ़त मजबूत हुई।",सकारात्मक,फुटबॉल,2
"मुकाबले के इस चरण में कार ने दबाव में गलती की, जिससे समय का नुकसान हुआ।",नकारात्मक,फॉर्मूला वन,0
"मध्य मैदान के खिलाड़ी ने अपनी जगह छोड़ दी, और मुकाबला हाथ से निकलने लगा।",नकारात्मक,फुटबॉल,0
"दबाव के बीच कप्तान ने जरूरी विकेट नहीं ले सका, और विपक्षी को बढ़त मिल गई।",नकारात्मक,क्रिकेट,0
"आज सलामी जोड़ी ने जरूरी विकेट नहीं ले सका, जिससे दल का आत्मविश्वास घटा।",नकारात्मक,क्रिकेट,0
"निर्णायक समय पर रेडर ने टैकल में चूक गया, और रणनीति विफल रही।",नकारात्मक,कबड्डी,0
"मुकाबले के इस चरण में बल्लेबाज ने अगला ओवर शुरू किया, जिसके बाद दोनों दल अपनी योजना पर लौटे।",तटस्थ,क्रिकेट,1
"आज गेंदबाज ने आसान मौका गंवा बैठा, और विपक्षी को बढ़त मिल गई।",नकारात्मक,क्रिकेट,0
"दबाव के बीच स्थानापन्न खिलाड़ी ने मैदान पर आते ही असर डाला, जिससे बढ़त मजबूत हुई।",सकारात्मक,कबड्डी,2
"अंतिम रेडर ने लगातार अंक जुटाए, जिससे बढ़त मजबूत हुई।",सकारात्मक,कबड्डी,2
"तेज गेंदबाज ने कुछ रन जोड़े, और पारी अपने क्रम में आगे बढ़ी।",तटस्थ,क्रिकेट,1
"रक्षापंक्ति ने तेज तालमेल दिखाया, जिससे दल का आत्मविश्वास बढ़ा।",सकारात्मक,फुटबॉल,2
"निर्णायक समय पर हमलावर ने शानदार गोल किया, जिससे बढ़त मजबूत हुई।",सकारात्मक,फुटबॉल,2
"मुकाबले के इस चरण में पिछली पंक्ति का खिलाड़ी ने रैली जारी रखी, जिसके बाद दोनों खिलाड़ी अपनी जगह लौटे।",तटस्थ,बैडमिंटन,1
"निर्णायक समय पर मध्य मैदान के खिलाड़ी ने बचाव में चूक गया, जिससे गोल का अवसर चला गया।",नकारात्मक,फुटबॉल,0
"निर्णायक समय पर मध्यक्रम ने महत्वपूर्ण गेंद रोक नहीं पाया, और दर्शकों में निराशा फैल गई 😞।",नकारात्मक,क्रिकेट,0
"आज कप्तान ने गेंद खो दी, जिससे वापसी कठिन हुई।",नकारात्मक,फुटबॉल,0
"मध्य मैदान के खिलाड़ी ने बचाव में चूक गया, जिससे वापसी कठिन हुई।",नकारात्मक,फुटबॉल,0
"मुकाबले के इस चरण में निचला क्रम ने बीच के ओवरों में महंगा साबित हुआ, जिससे रन गति गिर गई।",नकारात्मक,क्रिकेट,0
"रक्षा पंक्ति ने रेडर को रोक नहीं पाया, और दर्शकों में निराशा फैल गई 😞।",नकारात्मक,कबड्डी,0
"मुकाबले के इस चरण में पिछली पंक्ति का खिलाड़ी ने शटल आगे भेजी, जिसके बाद सर्विस बदली गई।",तटस्थ,बैडमिंटन,1
"दबाव के बीच मध्य मैदान के खिलाड़ी ने देर से बदलाव किया, और विपक्षी को फायदा मिला।",नकारात्मक,फुटबॉल,0
"रणनीति दल ने ट्रैक की स्थिति देखी, जिसके बाद अगला चक्कर शुरू हुआ।",तटस्थ,फॉर्मूला वन,1
"दबाव के बीच गेंदबाज ने अंतिम ओवरों में नियंत्रण खो बैठा, और विपक्षी को बढ़त मिल गई।",नकारात्मक,क्रिकेट,0
"बल्लेबाज ने सटीक गेंदबाजी की, जिससे जीत की उम्मीद मजबूत हुई।",सकारात्मक,क्रिकेट,2
"मुकाबले के इस चरण में विकेटकीपर ने महत्वपूर्ण गेंद रोक नहीं पाया, और रणनीति विफल रही।",नकारात्मक,क्रिकेट,0
"आज स्पिनर ने आसान मौका गंवा बैठा, और मुकाबला हाथ से निकलने लगा।",नकारात्मक,क्रिकेट,0
"निर्णायक समय पर रणनीति दल ने टायर बदले, जिसके बाद अगला चक्कर शुरू हुआ।",तटस्थ,फॉर्मूला वन,1
"निर्णायक समय पर आक्रामक दल ने मैदान में प्रवेश किया, जिसके बाद खिलाड़ी अपनी जगह लौटे।",तटस्थ,फुटबॉल,1
"निर्णायक समय पर निचला क्रम ने एक ओवर पूरा किया, और पारी अपने क्रम में आगे बढ़ी।",तटस्थ,क्रिकेट,1
"आज मुख्य चालक ने मोड़ पर नियंत्रण रखा, और दल का मनोबल ऊंचा हुआ।",सकारात्मक,फॉर्मूला वन,2
"आज रणनीति दल ने शानदार ओवरटेक किया, जिससे स्थान सुधरा।",सकारात्मक,फॉर्मूला वन,2
"रक्षापंक्ति ने गेंद अपने पास रखी, जिसके बाद खेल आगे बढ़ा।",तटस्थ,फुटबॉल,1
"विकेटकीपर ने महत्वपूर्ण गेंद रोक नहीं पाया, और दर्शकों में निराशा फैल गई 😞।",नकारात्मक,क्रिकेट,0
"रक्षक ने सफल रेड की, और विपक्षी दबाव में आया।",सकारात्मक,कबड्डी,2
"दबाव के बीच रणनीति दल ने बदलाव में समय गंवाया, और दल का मनोबल गिरा।",नकारात्मक,फॉर्मूला वन,0
"मुकाबले के इस चरण में नेट खिलाड़ी ने खाली जगह पहचानी, और मुकाबला अपने पक्ष में झुका।",सकारात्मक,बैडमिंटन,2
"मुकाबले के इस चरण में निर्णायक अंक पर खिलाड़ी ने बचाव में चूक गया, जिससे जीत कठिन हुई।",नकारात्मक,बैडमिंटन,0
"पिछली पंक्ति का खिलाड़ी ने कठिन शटल नहीं लौटा सका, और दर्शकों में निराशा फैल गई 😞।",नकारात्मक,बैडमिंटन,0
"स्पिनर ने महत्वपूर्ण गेंद रोक नहीं पाया, और विपक्षी को बढ़त मिल गई।",नकारात्मक,क्रिकेट,0
"हमलावर ने विपक्षी हमले को रोका, जिसके बाद खिलाड़ी अपनी जगह लौटे।",तटस्थ,फुटबॉल,1
"निर्णायक समय पर रक्षक ने दबाव नहीं बना सका, जिससे बढ़त कमजोर हुई।",नकारात्मक,फुटबॉल,0
"मुकाबले के इस चरण में रेस दल ने टायर बदले, और चालक ने अपनी स्थिति बनाए रखी।",तटस्थ,फॉर्मूला वन,1
"निर्णायक समय पर पिट दल ने रणनीति पर चर्चा की, और मुकाबला सामान्य गति से चला।",तटस्थ,फॉर्मूला वन,1
"रक्षक ने रक्षा की स्थिति बनाई, जिसके बाद अगला अंक खेला गया।",तटस्थ,कबड्डी,1
"निर्णायक समय पर नेट खिलाड़ी ने अगले अंक की तैयारी की, जिसके बाद दोनों खिलाड़ी अपनी जगह लौटे।",तटस्थ,बैडमिंटन,1
"दबाव के बीच आक्रामक दल ने शानदार गोल किया, जिससे वापसी सफल हुई।",सकारात्मक,फुटबॉल,2
"स्थानापन्न खिलाड़ी ने अच्छा तालमेल दिखाया, जिससे दल का आत्मविश्वास बढ़ा।",सकारात्मक,कबड्डी,2
"निर्णायक समय पर अंतिम रेडर ने लगातार अंक गंवाता रहा, जिससे वापसी कठिन हुई।",नकारात्मक,कबड्डी,0
"मुकाबले के इस चरण में मुख्य चालक ने मोड़ पार किया, जिसके बाद अगला चरण शुरू हुआ।",तटस्थ,फॉर्मूला वन,1
"मध्य मैदान के खिलाड़ी ने अपनी जगह छोड़ दी, जिससे आत्मविश्वास घटा।",नकारात्मक,फुटबॉल,0
"विंगर ने अपनी जगह छोड़ दी, और योजना विफल रही।",नकारात्मक,फुटबॉल,0
"आज खिलाड़ी ने रणनीति पर चर्चा की, जिसके बाद दोनों खिलाड़ी अपनी जगह लौटे।",तटस्थ,बैडमिंटन,1
"मुकाबले के इस चरण में नेट खिलाड़ी ने पीछे से प्रहार किया, और मुकाबला सामान्य गति से चला।",तटस्थ,बैडमिंटन,1
"मुकाबले के इस चरण में निचला क्रम ने कुछ रन जोड़े, जिसके बाद अगला ओवर शुरू हुआ।",तटस्थ,क्रिकेट,1
"निर्णायक समय पर रक्षा पंक्ति ने सही समय पर बोनस लिया, जिससे वापसी सफल हुई।",सकारात्मक,कबड्डी,2
"आज मुख्य चालक ने दबाव में धैर्य रखा, जिससे पोडियम की संभावना बढ़ी।",सकारात्मक,फॉर्मूला वन,2
"मुकाबले के इस चरण में रक्षात्मक खिलाड़ी ने लंबी रैली जीती, और प्रतिद्वंद्वी दबाव में आया।",सकारात्मक,बैडमिंटन,2
"दबाव के बीच कप्तान ने आसान मौका गंवाया, और दर्शकों में निराशा फैल गई 😞।",नकारात्मक,फुटबॉल,0
"दबाव के बीच गेंदबाज ने अपनी जगह बदली, और मुकाबला सामान्य गति से चलता रहा।",तटस्थ,क्रिकेट,1
"दबाव के बीच रक्षा पंक्ति ने अपनी जगह संभाली, और दोनों दल अगली चाल की तैयारी करने लगे।",तटस्थ,कबड्डी,1
"नेट खिलाड़ी ने रणनीति में अच्छा बदलाव किया, जिससे आत्मविश्वास बढ़ा।",सकारात्मक,बैडमिंटन,2
"मुकाबले के इस चरण में कप्तान ने आसान मौका गंवा बैठा, जिससे रन गति गिर गई।",नकारात्मक,क्रिकेट,0
"निर्णायक समय पर मध्यक्रम ने देर से रणनीति बदली, जिससे वापसी कठिन हुई।",नकारात्मक,क्रिकेट,0
"निर्णायक समय पर रक्षा पंक्ति ने सफल रेड की, जिससे बढ़त मजबूत हुई।",सकारात्मक,कबड्डी,2
"निर्णायक समय पर गेंदबाज ने जरूरी विकेट नहीं ले सका, और रणनीति विफल रही।",नकारात्मक,क्रिकेट,0
"रक्षक ने गलत पास दिया, और योजना विफल रही।",नकारात्मक,फुटबॉल,0
"निर्णायक समय पर मध्य मैदान के खिलाड़ी ने गेंद पकड़ी, जिसके बाद खिलाड़ी अपनी जगह लौटे।",तटस्थ,फुटबॉल,1
"दबाव के बीच चालक ने एक चक्कर पूरा किया, जिसके बाद कार फिर ट्रैक पर आई।",तटस्थ,फॉर्मूला वन,1
"निर्णायक समय पर गेंदबाज ने जल्दी विकेट गंवा बैठा, जिससे जीत की संभावना कमजोर हुई।",नकारात्मक,क्रिकेट,0
"मुकाबले के इस चरण में क्षेत्ररक्षक ने पारी शुरू की, और अगली गेंद खेली गई।",तटस्थ,क्रिकेट,1
"निर्णायक अंक पर खिलाड़ी ने खाली जगह नहीं पहचान पाया, और मुकाबला विपक्षी की ओर झुका।",नकारात्मक,बैडमिंटन,0
"आज रक्षात्मक खिलाड़ी ने नेट के पास अंक गंवा दिया, जिससे जीत कठिन हुई।",नकारात्मक,बैडमिंटन,0
"दबाव के बीच निचला क्रम ने देर से रणनीति बदली, जिससे दल का आत्मविश्वास घटा।",नकारात्मक,क्रिकेट,0
"मुकाबले के इस चरण में तेज गेंदबाज ने बीच के ओवरों में महंगा साबित हुआ, और मुकाबला हाथ से निकलने लगा।",नकारात्मक,क्रिकेट,0
"मुकाबले के इस चरण में दौड़ दल ने दौड़ की योजना देखी, जिसके बाद अगला चरण शुरू हुआ।",तटस्थ,फॉर्मूला वन,1
"आज रक्षा पंक्ति ने निर्देश दिया, और खेल आगे बढ़ा।",तटस्थ,कबड्डी,1
"आक्रामक दल ने देर से बदलाव किया, जिससे आत्मविश्वास घटा।",नकारात्मक,फुटबॉल,0
"आज रेडर ने निर्णायक अंक नहीं ले सका, और विपक्षी दबाव में नहीं आया।",नकारात्मक,कबड्डी,0
"स्थानापन्न खिलाड़ी ने विपक्षी हमले को रोका, और दोनों दल रणनीति पर काम करते रहे।",तटस्थ,फुटबॉल,1
"आज आक्रामक दल ने गेंद पकड़ी, जिसके बाद खिलाड़ी अपनी जगह लौटे।",तटस्थ,फुटबॉल,1
"निर्णायक समय पर नेट खिलाड़ी ने खाली जगह पहचानी, जिससे बढ़त मजबूत हुई।",सकारात्मक,बैडमिंटन,2
"पिछली पंक्ति का खिलाड़ी ने बचाव में चूक गया, और वापसी का मौका कम हुआ।",नकारात्मक,बैडमिंटन,0
"रेस दल ने सही समय पर निर्णय लिया, और प्रतिद्वंद्वी दबाव में आया।",सकारात्मक,फॉर्मूला वन,2
"निर्णायक समय पर मध्य मैदान के खिलाड़ी ने गलत पास दिया, जिससे गोल का अवसर चला गया।",नकारात्मक,फुटबॉल,0
"मुकाबले के इस चरण में मुख्य रेडर ने बिना अंक लौट आया, और रणनीति विफल रही।",नकारात्मक,कबड्डी,0
"आज स्थानापन्न खिलाड़ी ने मैदान में प्रवेश किया, जिसके बाद खिलाड़ी अपनी जगह लौटे।",तटस्थ,फुटबॉल,1
"दबाव के बीच इंजीनियर ने मोड़ पर नियंत्रण रखा, और दल का मनोबल ऊंचा हुआ।",सकारात्मक,फॉर्मूला वन,2
"दबाव के बीच स्थानापन्न खिलाड़ी ने गलत पास दिया, जिससे वापसी कठिन हुई।",नकारात्मक,फुटबॉल,0
"दबाव के बीच निर्णायक अंक पर खिलाड़ी ने रणनीति में सुधार नहीं कर सका, और दर्शकों में निराशा फैल गई 😞।",नकारात्मक,बैडमिंटन,0
"आज हमलावर ने बचाव में चूक गया, और मुकाबला हाथ से निकलने लगा।",नकारात्मक,फुटबॉल,0
"मुकाबले के इस चरण में बल्लेबाज ने अगली गेंद का सामना किया, और मुकाबला सामान्य गति से चलता रहा।",तटस्थ,क्रिकेट,1
"मुकाबले के इस चरण में टायर दल ने बदलाव में समय गंवाया, जिससे स्थान गिरा।",नकारात्मक,फॉर्मूला वन,0
"दबाव के बीच रेस दल ने ओवरटेक का मौका गंवाया, और प्रतिद्वंद्वी को फायदा मिला।",नकारात्मक,फॉर्मूला वन,0
"दबाव के बीच आक्रामक खिलाड़ी ने रणनीति में अच्छा बदलाव किया, और दर्शकों ने तालियां बजाईं 👏।",सकारात्मक,बैडमिंटन,2
"निर्णायक समय पर कार ने मोड़ पार किया, जिसके बाद अगला चक्कर शुरू हुआ।",तटस्थ,फॉर्मूला वन,1
"आज रेडर ने देर से बदलाव किया, जिससे बढ़त कमजोर हुई।",नकारात्मक,कबड्डी,0
"दबाव के बीच विकेटकीपर ने मजबूत साझेदारी बनाई, और दर्शकों में उत्साह फैल गया 😀।",सकारात्मक,क्रिकेट,2
"दबाव के बीच स्थानापन्न खिलाड़ी ने रेड शुरू की, जिसके बाद अगला अंक खेला गया।",तटस्थ,कबड्डी,1
"दबाव के बीच टीम प्रबंधन ने एक चक्कर पूरा किया, और दौड़ आगे बढ़ी।",तटस्थ,फॉर्मूला वन,1
"कप्तान ने एक ओवर पूरा किया, जिसके बाद दोनों दल अपनी योजना पर लौटे।",तटस्थ,क्रिकेट,1
"विकेटकीपर ने कठिन गेंदों पर नियंत्रण रखा, जिससे वापसी सफल हुई।",सकारात्मक,क्रिकेट,2
"आज सहायक रक्षक ने टैकल में चूक गया, जिससे बढ़त कमजोर हुई।",नकारात्मक,कबड्डी,0
"सहायक रक्षक ने मैदान पर आने के बाद असर नहीं डाल सका, और दर्शकों में निराशा फैल गई 😞।",नकारात्मक,कबड्डी,0
"निर्णायक समय पर टायर दल ने टायरों का सही उपयोग किया, और प्रतिद्वंद्वी दबाव में आया।",सकारात्मक,फॉर्मूला वन,2
"आज कार ने तेज बदलाव किया, जिससे पोडियम की संभावना बढ़ी।",सकारात्मक,फॉर्मूला वन,2
"निर्णायक समय पर रक्षा पंक्ति ने अगला अंक खेला, और खेल आगे बढ़ा।",तटस्थ,कबड्डी,1
"मुकाबले के इस चरण में निर्णायक अंक पर खिलाड़ी ने मजबूत बचाव किया, जिससे निर्णायक अंक मिला।",सकारात्मक,बैडमिंटन,2
"दबाव के बीच रक्षक ने लगातार दबाव बनाया, और विपक्षी दबाव में आया।",सकारात्मक,फुटबॉल,2
"रणनीति दल ने लगातार अच्छा तालमेल रखा, और दौड़ का रुख बदला।",सकारात्मक,फॉर्मूला वन,2
"आज कप्तान ने अपनी जगह संभाली, और दोनों दल रणनीति पर काम करते रहे।",तटस्थ,फुटबॉल,1
"आज कार ने तेज बदलाव किया, जिससे समय का लाभ मिला।",सकारात्मक,फॉर्मूला वन,2
"मुकाबले के इस चरण में बल्लेबाज ने जल्दी विकेट गंवा बैठा, और विपक्षी को बढ़त मिल गई।",नकारात्मक,क्रिकेट,0
"मुकाबले के इस चरण में स्पिनर ने जल्दी विकेट गंवा बैठा, और मुकाबला हाथ से निकलने लगा।",नकारात्मक,क्रिकेट,0
"दबाव के बीच एकल खिलाड़ी ने नेट के पास दबाव बनाया, और प्रतिद्वंद्वी दबाव में आया।",सकारात्मक,बैडमिंटन,2
"बल्लेबाज ने ढीली गेंदें डालता रहा, जिससे वापसी कठिन हुई।",नकारात्मक,क्रिकेट,0
"आज गेंदबाज ने अंतिम ओवरों में गति बढ़ाई, और दर्शकों में उत्साह फैल गया 😀।",सकारात्मक,क्रिकेट,2
"मध्य क्षेत्र ने समय पर बदलाव किया, जिससे दल का आत्मविश्वास बढ़ा।",सकारात्मक,फुटबॉल,2
"रेस दल ने ओवरटेक का मौका गंवाया, जिससे जीत की उम्मीद कमजोर हुई।",नकारात्मक,फॉर्मूला वन,0
"विंगर ने गेंद अपने पास रखी, जिसके बाद खिलाड़ी अपनी जगह लौटे।",तटस्थ,फुटबॉल,1
"मुकाबले के इस चरण में रणनीति दल ने टायरों का सही उपयोग किया, जिससे जीत की उम्मीद बढ़ी।",सकारात्मक,फॉर्मूला वन,2
"निर्णायक समय पर कप्तान ने अगली रेड की तैयारी की, और मुकाबला सामान्य गति से चला।",तटस्थ,कबड्डी,1
"मुकाबले के इस चरण में अंतिम रेडर ने देर से बदलाव किया, जिससे बढ़त कमजोर हुई।",नकारात्मक,कबड्डी,0
"दबाव के बीच दौड़ दल ने लगातार अच्छा तालमेल रखा, और दल का मनोबल ऊंचा हुआ।",सकारात्मक,फॉर्मूला वन,2
"नेट खिलाड़ी ने बचाव की स्थिति ली, जिसके बाद सर्विस बदली गई।",तटस्थ,बैडमिंटन,1
"आज कप्तान ने मैदान पर आते ही असर डाला, और मुकाबला अपने पक्ष में झुक गया।",सकारात्मक,फुटबॉल,2
"आज तेज गेंदबाज ने कुछ रन जोड़े, जिसके बाद खेल आगे बढ़ा।",तटस्थ,क्रिकेट,1
"दबाव के बीच तेज गेंदबाज ने कुछ रन जोड़े, और अगली गेंद खेली गई।",तटस्थ,क्रिकेट,1
"आज नेट खिलाड़ी ने रणनीति में अच्छा बदलाव किया, और दर्शकों ने तालियां बजाईं 👏।",सकारात्मक,बैडमिंटन,2
"मुकाबले के इस चरण में युगल जोड़ी ने अगला शॉट खेला, जिसके बाद अगली रैली शुरू हुई।",तटस्थ,बैडमिंटन,1
"निर्णायक समय पर इंजीनियर ने ओवरटेक का मौका गंवाया, और दल का मनोबल गिरा।",नकारात्मक,फॉर्मूला वन,0
"निर्णायक समय पर रक्षापंक्ति ने गोल की ओर गेंद भेजी, और मुकाबला सामान्य गति से चलता रहा।",तटस्थ,फुटबॉल,1
"दबाव के बीच रेडर ने सफल रेड की, और जीत की उम्मीद बढ़ी।",सकारात्मक,कबड्डी,2
"गोलकीपर ने गलत पास दिया, और मुकाबला हाथ से निकलने लगा।",नकारात्मक,फुटबॉल,0
"मुकाबले के इस चरण में नेट खिलाड़ी ने सर्विस पर नियंत्रण रखा, जिससे बढ़त मजबूत हुई।",सकारात्मक,बैडमिंटन,2
"पिट दल ने गलत रणनीति चुनी, जिससे समय का नुकसान हुआ।",नकारात्मक,फॉर्मूला वन,0
"मुकाबले के इस चरण में सर्विस करने वाला खिलाड़ी ने सर्विस की, जिसके बाद अगली रैली शुरू हुई।",तटस्थ,बैडमिंटन,1
"आज स्पिनर ने जल्दी विकेट गंवा बैठा, और रणनीति विफल रही।",नकारात्मक,क्रिकेट,0
"आज विकेटकीपर ने महत्वपूर्ण गेंद रोक नहीं पाया, जिससे जीत की संभावना कमजोर हुई।",नकारात्मक,क्रिकेट,0
"निर्णायक समय पर तेज गेंदबाज ने बीच के ओवरों में दबाव बनाए रखा, जिससे वापसी सफल हुई।",सकारात्मक,क्रिकेट,2
"मुकाबले के इस चरण में कप्तान ने तालमेल खो दिया, और योजना विफल रही।",नकारात्मक,फुटबॉल,0
"निर्णायक समय पर गोलकीपर ने गेंद अपने पास रखी, और मुकाबला सामान्य गति से चलता रहा।",तटस्थ,फुटबॉल,1
"दबाव के बीच दल ने सफल रेड की, और विपक्षी दबाव में आया।",सकारात्मक,कबड्डी,2
"आज मध्य क्षेत्र ने देर से बदलाव किया, जिससे बढ़त कमजोर हुई।",नकारात्मक,फुटबॉल,0
"आज मध्य खिलाड़ी ने तालमेल खो बैठा, और दर्शकों में निराशा फैल गई 😞।",नकारात्मक,कबड्डी,0
"दबाव के बीच दौड़ दल ने मोड़ पर नियंत्रण रखा, और प्रशंसकों में उत्साह फैल गया 🏎️।",सकारात्मक,फॉर्मूला वन,2
"निर्णायक समय पर युगल जोड़ी ने रणनीति में सुधार नहीं कर सका, जिससे निर्णायक अंक हाथ से गया।",नकारात्मक,बैडमिंटन,0
"आज दल ने रेडर को रोक नहीं पाया, जिससे दल का आत्मविश्वास घटा।",नकारात्मक,कबड्डी,0
"दबाव के बीच अंतिम रेडर ने अच्छा तालमेल दिखाया, जिससे बढ़त मजबूत हुई।",सकारात्मक,कबड्डी,2
"मुकाबले के इस चरण में कप्तान ने सफल रेड की, और दर्शक खुशी से झूम उठे 😀।",सकारात्मक,कबड्डी,2
"तेज गेंदबाज ने सटीक गेंदबाजी की, और दर्शकों में उत्साह फैल गया 😀।",सकारात्मक,क्रिकेट,2
"दबाव के बीच मुख्य रेडर ने देर से बदलाव किया, और रणनीति विफल रही।",नकारात्मक,कबड्डी,0
"निर्णायक समय पर दल ने मिलकर रेडर को रोका, जिससे वापसी सफल हुई।",सकारात्मक,कबड्डी,2
"मुकाबले के इस चरण में दल ने सफल रेड की, और जीत की उम्मीद बढ़ी।",सकारात्मक,कबड्डी,2
"एकल खिलाड़ी ने रणनीति पर चर्चा की, जिसके बाद दोनों खिलाड़ी अपनी जगह लौटे।",तटस्थ,बैडमिंटन,1
"दबाव के बीच रेडर ने देर से बदलाव किया, जिससे जरूरी अंक गंवा।",नकारात्मक,कबड्डी,0
"आज टायर दल ने तेज सेवा दी, और प्रशंसकों में उत्साह फैल गया 🏎️।",सकारात्मक,फॉर्मूला वन,2
"दबाव के बीच कप्तान ने बिना अंक लौट आया, और रणनीति विफल रही।",नकारात्मक,कबड्डी,0
"दबाव के बीच रेडर ने अगली रेड की तैयारी की, जिसके बाद अगला अंक खेला गया।",तटस्थ,कबड्डी,1
"आज सहायक रक्षक ने अपनी जगह संभाली, और खेल आगे बढ़ा।",तटस्थ,कबड्डी,1
"निचला क्रम ने संयम से पारी संभाली, और दर्शकों में उत्साह फैल गया 😀।",सकारात्मक,क्रिकेट,2
"मुकाबले के इस चरण में हमलावर ने देर से बदलाव किया, जिससे वापसी कठिन हुई।",नकारात्मक,फुटबॉल,0
"मुकाबले के इस चरण में सहायक रक्षक ने निर्णायक अंक लिया, जिससे बढ़त मजबूत हुई।",सकारात्मक,कबड्डी,2
"दबाव के बीच कार ने अंतिम चरण में गति बढ़ाई, जिससे स्थान सुधरा।",सकारात्मक,फॉर्मूला वन,2
"मुकाबले के इस चरण में रक्षात्मक खिलाड़ी ने नेट के पास अंक गंवा दिया, जिससे निर्णायक अंक हाथ से गया।",नकारात्मक,बैडमिंटन,0
"मध्यक्रम ने कठिन गेंदों पर नियंत्रण रखा, और विपक्षी दबाव में आ गया।",सकारात्मक,क्रिकेट,2
"निर्णायक समय पर रेडर ने विपक्षी क्षेत्र की ओर बढ़ा, जिसके बाद अगला अंक खेला गया।",तटस्थ,कबड्डी,1
"गोलकीपर ने मैदान पर आते ही असर डाला, और जीत की उम्मीद बढ़ी।",सकारात्मक,फुटबॉल,2
"आक्रामक दल ने गलत पास दिया, जिससे गोल का अवसर चला गया।",नकारात्मक,फुटबॉल,0
"निर्णायक समय पर कप्तान ने शानदार टैकल किया, और विपक्षी दबाव में आया।",सकारात्मक,कबड्डी,2
"दबाव के बीच मध्य क्षेत्र ने दबाव नहीं बना सका, जिससे वापसी कठिन हुई।",नकारात्मक,फुटबॉल,0
"दबाव के बीच मध्यक्रम ने महत्वपूर्ण विकेट लिया, जिससे वापसी सफल हुई।",सकारात्मक,क्रिकेट,2
"निर्णायक समय पर रक्षक ने तालमेल बनाया, और खेल आगे बढ़ा।",तटस्थ,कबड्डी,1
"आज गेंदबाज ने अगला ओवर शुरू किया, और पारी अपने क्रम में आगे बढ़ी।",तटस्थ,क्रिकेट,1
"मुकाबले के इस चरण में पिट दल ने दबाव में धैर्य रखा, जिससे जीत की उम्मीद बढ़ी।",सकारात्मक,फॉर्मूला वन,2
"आज रक्षक ने बिना अंक लौट आया, जिससे दल का आत्मविश्वास घटा।",नकारात्मक,कबड्डी,0
"निर्णायक समय पर कप्तान ने जल्दी विकेट गंवा बैठा, जिससे दल का आत्मविश्वास घटा।",नकारात्मक,क्रिकेट,0
"खिलाड़ी ने रैली जारी रखी, जिसके बाद दोनों खिलाड़ी अपनी जगह लौटे।",तटस्थ,बैडमिंटन,1
"निर्णायक समय पर रक्षक ने मैदान में प्रवेश किया, और अगला आक्रमण शुरू हुआ।",तटस्थ,फुटबॉल,1
"मुकाबले के इस चरण में रक्षात्मक खिलाड़ी ने खाली जगह पहचानी, और वापसी सफल हुई।",सकारात्मक,बैडमिंटन,2
"आज रणनीति दल ने टायरों का गलत उपयोग किया, जिससे समय का नुकसान हुआ।",नकारात्मक,फॉर्मूला वन,0
"दबाव के बीच निचला क्रम ने दबाव में गलत शॉट चुना, जिससे रन गति गिर गई।",नकारात्मक,क्रिकेट,0
"आज रक्षक ने शानदार गोल किया, जिससे गोल का अवसर बना।",सकारात्मक,फुटबॉल,2
"निर्णायक समय पर मुख्य रेडर ने निर्णायक अंक नहीं ले सका, और विपक्षी दबाव में नहीं आया।",नकारात्मक,कबड्डी,0
"निर्णायक समय पर रेडर ने अगली रेड की तैयारी की, जिसके बाद खिलाड़ी अपनी जगह लौटे।",तटस्थ,कबड्डी,1
"मुकाबले के इस चरण में दौड़ दल ने टायरों का सही उपयोग किया, और दौड़ का रुख बदला।",सकारात्मक,फॉर्मूला वन,2
"निर्णायक समय पर कप्तान ने विपक्षी क्षेत्र की ओर बढ़ा, जिसके बाद अगली रेड शुरू हुई।",तटस्थ,कबड्डी,1
"दबाव के बीच आक्रामक दल ने मैदान पर आते ही असर डाला, जिससे बढ़त मजबूत हुई।",सकारात्मक,फुटबॉल,2
"निर्णायक समय पर चालक ने मोड़ पर नियंत्रण खोया, जिससे समय का नुकसान हुआ।",नकारात्मक,फॉर्मूला वन,0
"निर्णायक समय पर कप्तान ने रेड शुरू की, जिसके बाद खिलाड़ी अपनी जगह लौटे।",तटस्थ,कबड्डी,1
"मुकाबले के इस चरण में मध्य खिलाड़ी ने विपक्षी क्षेत्र की ओर बढ़ा, और दोनों दल अगली चाल की तैयारी करने लगे।",तटस्थ,कबड्डी,1
"निर्णायक समय पर मध्य खिलाड़ी ने रक्षा की स्थिति बनाई, जिसके बाद अगली रेड शुरू हुई।",तटस्थ,कबड्डी,1
"आज दौड़ दल ने दौड़ की योजना देखी, और मुकाबला सामान्य गति से चला।",तटस्थ,फॉर्मूला वन,1
"आज कप्तान ने खाली जगह पहचानी, जिससे बढ़त मजबूत हुई।",सकारात्मक,बैडमिंटन,2
"क्षेत्ररक्षक ने अगली गेंद का सामना किया, जिसके बाद अगला ओवर शुरू हुआ।",तटस्थ,क्रिकेट,1
"मुख्य चालक ने दौड़ की योजना देखी, और दौड़ आगे बढ़ी।",तटस्थ,फॉर्मूला वन,1
"निर्णायक समय पर सलामी जोड़ी ने बीच के ओवरों में महंगा साबित हुआ, जिससे दल का आत्मविश्वास घटा।",नकारात्मक,क्रिकेट,0
"आज स्पिनर ने बीच के ओवरों में महंगा साबित हुआ, और रणनीति विफल रही।",नकारात्मक,क्रिकेट,0
"दबाव के बीच कप्तान ने लंबी रैली गंवा बैठा, जिससे आत्मविश्वास घटा।",नकारात्मक,बैडमिंटन,0
"दबाव के बीच चालक ने मोड़ पर नियंत्रण खोया, जिससे पोडियम की संभावना घटी।",नकारात्मक,फॉर्मूला वन,0
"निर्णायक समय पर आक्रामक खिलाड़ी ने सटीक स्मैश लगाया, और वापसी सफल हुई।",सकारात्मक,बैडमिंटन,2
"आज हमलावर ने गेंद पकड़ी, जिसके बाद खेल आगे बढ़ा।",तटस्थ,फुटबॉल,1
"आज रेडर ने घेरा टूटने दिया, और मुकाबला हाथ से निकलने लगा।",नकारात्मक,कबड्डी,0
"टायर दल ने अंतिम चरण में गति बढ़ाई, और प्रशंसकों में उत्साह फैल गया 🏎️।",सकारात्मक,फॉर्मूला वन,2
"आज मध्यक्रम ने जरूरी विकेट नहीं ले सका, और रणनीति विफल रही।",नकारात्मक,क्रिकेट,0
"क्षेत्ररक्षक ने साझेदारी नहीं बना सका, जिससे वापसी कठिन हुई।",नकारात्मक,क्रिकेट,0
"निर्णायक समय पर स्थानापन्न खिलाड़ी ने सही समय पर चुनौती नहीं दी, जिससे आत्मविश्वास घटा।",नकारात्मक,फुटबॉल,0
"मुकाबले के इस चरण में गेंदबाज ने सटीक गेंदबाजी की, और मुकाबला अपने पक्ष में झुक गया।",सकारात्मक,क्रिकेट,2
"दबाव के बीच टीम प्रबंधन ने तालमेल नहीं बना पाया, और प्रतिद्वंद्वी को फायदा मिला।",नकारात्मक,फॉर्मूला वन,0
"निर्णायक समय पर स्थानापन्न खिलाड़ी ने गेंद अपने पास रखी, और दोनों दल रणनीति पर काम करते रहे।",तटस्थ,फुटबॉल,1
"मुकाबले के इस चरण में मध्य मैदान के खिलाड़ी ने मैदान में प्रवेश किया, और अगला आक्रमण शुरू हुआ।",तटस्थ,फुटबॉल,1
"निर्णायक समय पर नेट खिलाड़ी ने सर्विस की, और अगला अंक खेला गया।",तटस्थ,बैडमिंटन,1
"आज हमलावर ने सही समय पर चुनौती दी, जिससे गोल का अवसर बना।",सकारात्मक,फुटबॉल,2
"मुकाबले के इस चरण में निर्णायक अंक पर खिलाड़ी ने कठिन शटल लौटा दी, जिससे जीत की उम्मीद बढ़ी।",सकारात्मक,बैडमिंटन,2
"आज कप्तान ने कठिन शटल लौटा दी, जिससे आत्मविश्वास बढ़ा।",सकारात्मक,बैडमिंटन,2
"मुकाबले के इस चरण में आक्रामक दल ने गोल की ओर गेंद भेजी, जिसके बाद गेंद फिर मध्य क्षेत्र में गई।",तटस्थ,फुटबॉल,1
"दबाव के बीच मध्य मैदान के खिलाड़ी ने गोल की ओर गेंद भेजी, जिसके बाद गेंद फिर मध्य क्षेत्र में गई।",तटस्थ,फुटबॉल,1
"दबाव के बीच टीम प्रबंधन ने देर से निर्णय लिया, जिससे पोडियम की संभावना घटी।",नकारात्मक,फॉर्मूला वन,0
"दबाव के बीच चालक ने शानदार ओवरटेक किया, जिससे पोडियम की संभावना बढ़ी।",सकारात्मक,फॉर्मूला वन,2
"आज विंगर ने एक बदलाव किया, जिसके बाद खेल आगे बढ़ा।",तटस्थ,फुटबॉल,1
"मुकाबले के इस चरण में खिलाड़ी ने लंबी रैली गंवा बैठा, और मुकाबला विपक्षी की ओर झुका।",नकारात्मक,बैडमिंटन,0
"आज चालक ने एक चक्कर पूरा किया, जिसके बाद अगला चक्कर शुरू हुआ।",तटस्थ,फॉर्मूला वन,1
"आज रक्षात्मक खिलाड़ी ने सर्विस पर नियंत्रण खो बैठा, जिससे जीत कठिन हुई।",नकारात्मक,बैडमिंटन,0
"बल्लेबाज ने एक ओवर पूरा किया, जिसके बाद खेल आगे बढ़ा।",तटस्थ,क्रिकेट,1
"निर्णायक समय पर आक्रामक खिलाड़ी ने मजबूत बचाव किया, और प्रतिद्वंद्वी दबाव में आया।",सकारात्मक,बैडमिंटन,2
"मुकाबले के इस चरण में मध्य मैदान के खिलाड़ी ने आक्रमण शुरू किया, और अगला आक्रमण शुरू हुआ।",तटस्थ,फुटबॉल,1
"आज स्थानापन्न खिलाड़ी ने विपक्षी हमले को रोका, जिसके बाद गेंद फिर मध्य क्षेत्र में गई।",तटस्थ,फुटबॉल,1
"विकेटकीपर ने जरूरी विकेट नहीं ले सका, जिससे दल का आत्मविश्वास घटा।",नकारात्मक,क्रिकेट,0
"गोलकीपर ने गेंद खो दी, और योजना विफल रही।",नकारात्मक,फुटबॉल,0
"दौड़ दल ने अगले बदलाव की तैयारी की, जिसके बाद अगला चक्कर शुरू हुआ।",तटस्थ,फॉर्मूला वन,1
"दबाव के बीच रेस दल ने तालमेल नहीं बना पाया, जिससे पोडियम की संभावना घटी।",नकारात्मक,फॉर्मूला वन,0
"दबाव के बीच रक्षक ने मैदान पर आने के बाद असर नहीं डाल सका, और मुकाबला हाथ से निकलने लगा।",नकारात्मक,कबड्डी,0
"आज विकेटकीपर ने पारी शुरू की, और अगली गेंद खेली गई।",तटस्थ,क्रिकेट,1
"आज मुख्य रेडर ने मिलकर रेडर को रोका, और मुकाबला अपने पक्ष में झुका।",सकारात्मक,कबड्डी,2
"आज अंतिम रेडर ने विपक्षी क्षेत्र की ओर बढ़ा, और दोनों दल अगली चाल की तैयारी करने लगे।",तटस्थ,कबड्डी,1
"निर्णायक समय पर बल्लेबाज ने समय पर रणनीति बदली, और मुकाबला अपने पक्ष में झुक गया।",सकारात्मक,क्रिकेट,2
"निर्णायक समय पर पिट दल ने अगले बदलाव की तैयारी की, जिसके बाद कार फिर ट्रैक पर आई।",तटस्थ,फॉर्मूला वन,1
"दबाव के बीच रक्षक ने समय पर बदलाव किया, जिससे वापसी सफल हुई।",सकारात्मक,कबड्डी,2
"कार ने अपनी गति बनाए रखी, जिसके बाद कार फिर ट्रैक पर आई।",तटस्थ,फॉर्मूला वन,1
"निर्णायक समय पर रक्षापंक्ति ने शानदार गोल किया, जिससे बढ़त मजबूत हुई।",सकारात्मक,फुटबॉल,2
"मुकाबले के इस चरण में रक्षक ने गेंद पकड़ी, जिसके बाद गेंद फिर मध्य क्षेत्र में गई।",तटस्थ,फुटबॉल,1
"मुकाबले के इस चरण में तेज गेंदबाज ने आसान मौका गंवा बैठा, जिससे रन गति गिर गई।",नकारात्मक,क्रिकेट,0
"निर्णायक समय पर पिछली पंक्ति का खिलाड़ी ने लंबी रैली जीती, जिससे निर्णायक अंक मिला।",सकारात्मक,बैडमिंटन,2
"निर्णायक समय पर मुख्य चालक ने तेज सेवा दी, और दौड़ का रुख बदला।",सकारात्मक,फॉर्मूला वन,2
"आज मध्य खिलाड़ी ने मिलकर रेडर को रोका, जिससे बढ़त मजबूत हुई।",सकारात्मक,कबड्डी,2
"रणनीति दल ने एक चक्कर पूरा किया, जिसके बाद अगला चक्कर शुरू हुआ।",तटस्थ,फॉर्मूला वन,1
"निर्णायक समय पर रक्षात्मक खिलाड़ी ने लंबी रैली गंवा बैठा, जिससे बढ़त कमजोर हुई।",नकारात्मक,बैडमिंटन,0
"गोलकीपर ने गेंद पर नियंत्रण रखा, और मुकाबला अपने पक्ष में झुक गया।",सकारात्मक,फुटबॉल,2
"निर्णायक समय पर विंगर ने तालमेल खो दिया, जिससे गोल का अवसर चला गया।",नकारात्मक,फुटबॉल,0
"आज कप्तान ने सटीक गेंदबाजी की, जिससे दल का आत्मविश्वास बढ़ा।",सकारात्मक,क्रिकेट,2
"मुकाबले के इस चरण में सहायक रक्षक ने बिना अंक लौट आया, और मुकाबला हाथ से निकलने लगा।",नकारात्मक,कबड्डी,0
"आज कप्तान ने लगातार अंक जुटाए, और जीत की उम्मीद बढ़ी।",सकारात्मक,कबड्डी,2
"निर्णायक समय पर रक्षात्मक खिलाड़ी ने शटल आगे भेजी, जिसके बाद अगली रैली शुरू हुई।",तटस्थ,बैडमिंटन,1
"आज कप्तान ने समय पर बदलाव किया, जिससे वापसी सफल हुई।",सकारात्मक,फुटबॉल,2
"मुकाबले के इस चरण में मध्य क्षेत्र ने लगातार दबाव बनाया, और दर्शक खुशी से झूम उठे 😀।",सकारात्मक,फुटबॉल,2
"निर्णायक समय पर गेंदबाज ने जरूरी विकेट नहीं ले सका, जिससे जीत की संभावना कमजोर हुई।",नकारात्मक,क्रिकेट,0
"निर्णायक समय पर क्षेत्ररक्षक ने जल्दी विकेट गंवा बैठा, जिससे दल का आत्मविश्वास घटा।",नकारात्मक,क्रिकेट,0
"मुकाबले के इस चरण में खिलाड़ी ने खाली जगह नहीं पहचान पाया, जिससे आत्मविश्वास घटा।",नकारात्मक,बैडमिंटन,0
"क्षेत्ररक्षक ने दबाव में सही शॉट चुना, जिससे वापसी सफल हुई।",सकारात्मक,क्रिकेट,2
"निर्णायक समय पर रक्षक ने सटीक पास दिया, और मुकाबला अपने पक्ष में झुक गया।",सकारात्मक,फुटबॉल,2
"आज गोलकीपर ने सही समय पर चुनौती दी, और विपक्षी दबाव में आया।",सकारात्मक,फुटबॉल,2
"दबाव के बीच रक्षात्मक खिलाड़ी ने खाली जगह की ओर शटल भेजी, और खेल आगे बढ़ा।",तटस्थ,बैडमिंटन,1
"मुकाबले के इस चरण में बल्लेबाज ने देर से रणनीति बदली, जिससे वापसी कठिन हुई।",नकारात्मक,क्रिकेट,0
"दबाव के बीच सहायक रक्षक ने रेडर को रोक नहीं पाया, और दर्शकों में निराशा फैल गई 😞।",नकारात्मक,कबड्डी,0
"आज निर्णायक अंक पर खिलाड़ी ने लंबी रैली जीती, और दर्शकों ने तालियां बजाईं 👏।",सकारात्मक,बैडमिंटन,2
"निर्णायक समय पर स्पिनर ने बीच के ओवर में गेंदबाजी की, और मुकाबला सामान्य गति से चलता रहा।",तटस्थ,क्रिकेट,1
"सलामी जोड़ी ने सटीक गेंदबाजी की, और दर्शकों में उत्साह फैल गया 😀।",सकारात्मक,क्रिकेट,2
"मुकाबले के इस चरण में तेज गेंदबाज ने साझेदारी नहीं बना सका, और दर्शकों में निराशा फैल गई 😞।",नकारात्मक,क्रिकेट,0
"आज आक्रामक खिलाड़ी ने खाली जगह की ओर शटल भेजी, और अगला अंक खेला गया।",तटस्थ,बैडमिंटन,1
"निर्णायक समय पर मध्य खिलाड़ी ने लगातार अंक गंवाता रहा, जिससे बढ़त कमजोर हुई।",नकारात्मक,कबड्डी,0
"मुख्य चालक ने दौड़ की योजना देखी, जिसके बाद कार फिर ट्रैक पर आई।",तटस्थ,फॉर्मूला वन,1
"मुकाबले के इस चरण में रक्षात्मक खिलाड़ी ने नेट पर शटल रोकी, जिसके बाद दोनों खिलाड़ी अपनी जगह लौटे।",तटस्थ,बैडमिंटन,1
"रक्षक ने निर्देश दिया, और मुकाबला सामान्य गति से चला।",तटस्थ,कबड्डी,1
"दबाव के बीच युगल जोड़ी ने गलत समय पर आक्रमण किया, जिससे बढ़त कमजोर हुई।",नकारात्मक,बैडमिंटन,0
"आज रक्षापंक्ति ने सही समय पर चुनौती नहीं दी, जिससे आत्मविश्वास घटा।",नकारात्मक,फुटबॉल,0
"दबाव के बीच रक्षा पंक्ति ने अगली रेड की तैयारी की, जिसके बाद खिलाड़ी अपनी जगह लौटे।",तटस्थ,कबड्डी,1
"आज रक्षा पंक्ति ने रेडर को रोक नहीं पाया, और रणनीति विफल रही।",नकारात्मक,कबड्डी,0
"निर्णायक समय पर मध्य खिलाड़ी ने टैकल में चूक गया, जिससे वापसी कठिन हुई।",नकारात्मक,कबड्डी,0
"निचला क्रम ने पारी शुरू की, और अगली गेंद खेली गई।",तटस्थ,क्रिकेट,1
"दबाव के बीच नेट खिलाड़ी ने सर्विस पर नियंत्रण खो बैठा, और प्रतिद्वंद्वी दबाव में नहीं आया।",नकारात्मक,बैडमिंटन,0
"दबाव के बीच कार ने अगले बदलाव की तैयारी की, और चालक ने अपनी स्थिति बनाए रखी।",तटस्थ,फॉर्मूला वन,1
"मुकाबले के इस चरण में स्थानापन्न खिलाड़ी ने रेडर को रोक नहीं पाया, और मुकाबला हाथ से निकलने लगा।",नकारात्मक,कबड्डी,0
"पिछली पंक्ति का खिलाड़ी ने खाली जगह की ओर शटल भेजी, जिसके बाद अगली रैली शुरू हुई।",तटस्थ,बैडमिंटन,1
"निर्णायक समय पर निर्णायक अंक पर खिलाड़ी ने तेज प्रतिक्रिया दिखाई, जिससे निर्णायक अंक मिला।",सकारात्मक,बैडमिंटन,2
"मुकाबले के इस चरण में गोलकीपर ने सटीक पास दिया, जिससे वापसी सफल हुई।",सकारात्मक,फुटबॉल,2
"आज युगल जोड़ी ने कठिन शटल नहीं लौटा सका, जिससे बढ़त कमजोर हुई।",नकारात्मक,बैडमिंटन,0
"निर्णायक समय पर रक्षा पंक्ति ने शानदार टैकल किया, जिससे वापसी सफल हुई।",सकारात्मक,कबड्डी,2
"दबाव के बीच विंगर ने मैदान पर आने के बाद असर नहीं डाल सका, और दर्शकों में निराशा फैल गई 😞।",नकारात्मक,फुटबॉल,0
"मुकाबले के इस चरण में स्थानापन्न खिलाड़ी ने गेंद अपने पास रखी, जिसके बाद खेल आगे बढ़ा।",तटस्थ,फुटबॉल,1
"मुकाबले के इस चरण में रक्षात्मक खिलाड़ी ने बचाव में चूक गया, जिससे निर्णायक अंक हाथ से गया।",नकारात्मक,बैडमिंटन,0
"आज पिछली पंक्ति का खिलाड़ी ने रैली जारी रखी, और मुकाबला सामान्य गति से चला।",तटस्थ,बैडमिंटन,1
"इंजीनियर ने दौड़ की योजना पर काम किया, जिसके बाद अगला चरण शुरू हुआ।",तटस्थ,फॉर्मूला वन,1
"मुकाबले के इस चरण में इंजीनियर ने अंतिम चरण में गति बढ़ाई, जिससे समय का लाभ मिला।",सकारात्मक,फॉर्मूला वन,2
"आज सहायक रक्षक ने लगातार अंक गंवाता रहा, जिससे दल का आत्मविश्वास घटा।",नकारात्मक,कबड्डी,0
"मुकाबले के इस चरण में कप्तान ने मजबूत घेरा बनाया, जिससे बढ़त मजबूत हुई।",सकारात्मक,कबड्डी,2
"आज मध्य क्षेत्र ने अपनी जगह छोड़ दी, जिससे गोल का अवसर चला गया।",नकारात्मक,फुटबॉल,0
"मुकाबले के इस चरण में क्षेत्ररक्षक ने एक ओवर पूरा किया, और मुकाबला सामान्य गति से चलता रहा।",तटस्थ,क्रिकेट,1
"दबाव के बीच सर्विस करने वाले खिलाड़ी ने मजबूत बचाव किया, और मुकाबला अपने पक्ष में झुका।",सकारात्मक,बैडमिंटन,2
"मुकाबले के इस चरण में दौड़ दल ने आंकड़ों की समीक्षा की, और दौड़ आगे बढ़ी।",तटस्थ,फॉर्मूला वन,1
"मुकाबले के इस चरण में पिछली पंक्ति का खिलाड़ी ने सर्विस पर नियंत्रण रखा, जिससे जीत की उम्मीद बढ़ी।",सकारात्मक,बैडमिंटन,2
"आज मध्य मैदान के खिलाड़ी ने एक बदलाव किया, जिसके बाद खेल आगे बढ़ा।",तटस्थ,फुटबॉल,1
"विकेटकीपर ने देर से रणनीति बदली, जिससे रन गति गिर गई।",नकारात्मक,क्रिकेट,0
"मुकाबले के इस चरण में अंतिम रेडर ने बिना अंक लौट आया, और मुकाबला हाथ से निकलने लगा।",नकारात्मक,कबड्डी,0
"आज निचला क्रम ने सटीक गेंदबाजी की, जिससे जीत की उम्मीद मजबूत हुई।",सकारात्मक,क्रिकेट,2
"आज निर्णायक अंक पर खिलाड़ी ने सर्विस पर नियंत्रण खो बैठा, जिससे बढ़त कमजोर हुई।",नकारात्मक,बैडमिंटन,0
"दबाव के बीच खिलाड़ी ने सटीक स्मैश लगाया, जिससे आत्मविश्वास बढ़ा।",सकारात्मक,बैडमिंटन,2
"मुकाबले के इस चरण में दौड़ दल ने गलत रणनीति चुनी, और प्रतिद्वंद्वी को फायदा मिला।",नकारात्मक,फॉर्मूला वन,0
"दबाव के बीच मध्यक्रम ने सटीक गेंदबाजी की, जिससे रन गति सुधरी।",सकारात्मक,क्रिकेट,2
"आज रेडर ने मैदान पर आने के बाद असर नहीं डाल सका, और मुकाबला हाथ से निकलने लगा।",नकारात्मक,कबड्डी,0
"सहायक रक्षक ने निर्णायक अंक लिया, और दर्शक खुशी से झूम उठे 😀।",सकारात्मक,कबड्डी,2
"मुकाबले के इस चरण में गोलकीपर ने गेंद अपने पास रखी, और मुकाबला सामान्य गति से चलता रहा।",तटस्थ,फुटबॉल,1
"सलामी जोड़ी ने एक ओवर पूरा किया, और पारी अपने क्रम में आगे बढ़ी।",तटस्थ,क्रिकेट,1
"दबाव के बीच रक्षक ने लगातार अंक जुटाए, जिससे वापसी सफल हुई।",सकारात्मक,कबड्डी,2
"आज स्थानापन्न खिलाड़ी ने मैदान में प्रवेश किया, और अगला आक्रमण शुरू हुआ।",तटस्थ,फुटबॉल,1
"आज कप्तान ने अगला अंक खेला, जिसके बाद अगला अंक खेला गया।",तटस्थ,कबड्डी,1
"दबाव के बीच कप्तान ने समय पर बदलाव किया, जिससे बढ़त मजबूत हुई।",सकारात्मक,फुटबॉल,2
"टीम प्रबंधन ने टायरों का गलत उपयोग किया, जिससे स्थान गिरा।",नकारात्मक,फॉर्मूला वन,0
"आज स्पिनर ने अंतिम ओवरों में गति बढ़ाई, और रणनीति कामयाब रही।",सकारात्मक,क्रिकेट,2
"आक्रामक दल ने आसान मौका गंवाया, और योजना विफल रही।",नकारात्मक,फुटबॉल,0
"आज विकेटकीपर ने अगली गेंद का सामना किया, और मुकाबला सामान्य गति से चलता रहा।",तटस्थ,क्रिकेट,1
"मुकाबले के इस चरण में विंगर ने आसान मौका गंवाया, और मुकाबला हाथ से निकलने लगा।",नकारात्मक,फुटबॉल,0
"सलामी जोड़ी ने अगला ओवर शुरू किया, जिसके बाद खेल आगे बढ़ा।",तटस्थ,क्रिकेट,1
"निर्णायक समय पर टीम प्रबंधन ने ट्रैक की स्थिति देखी, और दौड़ आगे बढ़ी।",तटस्थ,फॉर्मूला वन,1
"आज रक्षक ने देर से बदलाव किया, जिससे वापसी कठिन हुई।",नकारात्मक,फुटबॉल,0
"मुकाबले के इस चरण में सर्विस करने वाला खिलाड़ी ने सर्विस पर नियंत्रण खो बैठा, और वापसी का मौका कम हुआ।",नकारात्मक,बैडमिंटन,0
"निर्णायक समय पर दौड़ दल ने ओवरटेक का मौका गंवाया, जिससे स्थान गिरा।",नकारात्मक,फॉर्मूला वन,0
"मुकाबले के इस चरण में तेज गेंदबाज ने पारी शुरू की, जिसके बाद दोनों दल अपनी योजना पर लौटे।",तटस्थ,क्रिकेट,1
"निर्णायक समय पर रक्षापंक्ति ने गेंद पर नियंत्रण रखा, जिससे बढ़त मजबूत हुई।",सकारात्मक,फुटबॉल,2
"दबाव के बीच मुख्य चालक ने अंतिम चरण में गति नहीं बढ़ा सका, और दौड़ का रुख बिगड़ा।",नकारात्मक,फॉर्मूला वन,0
"निर्णायक समय पर सलामी जोड़ी ने बीच के ओवरों में महंगा साबित हुआ, और दर्शकों में निराशा फैल गई 😞।",नकारात्मक,क्रिकेट,0
"निर्णायक समय पर सर्विस करने वाला खिलाड़ी ने बचाव की स्थिति ली, जिसके बाद सर्विस बदली गई।",तटस्थ,बैडमिंटन,1
"निर्णायक समय पर आक्रामक खिलाड़ी ने रणनीति पर चर्चा की, जिसके बाद दोनों खिलाड़ी अपनी जगह लौटे।",तटस्थ,बैडमिंटन,1
"आक्रामक दल ने तालमेल खो दिया, और योजना विफल रही।",नकारात्मक,फुटबॉल,0
"रक्षक ने मैदान पर आते ही असर डाला, और दर्शक खुशी से झूम उठे 😀।",सकारात्मक,कबड्डी,2
"मध्य क्षेत्र ने कठिन बचाव किया, जिससे गोल का अवसर बना।",सकारात्मक,फुटबॉल,2
"मुकाबले के इस चरण में स्थानापन्न खिलाड़ी ने कठिन बचाव किया, जिससे दल का आत्मविश्वास बढ़ा।",सकारात्मक,फुटबॉल,2
"मुकाबले के इस चरण में चालक ने दबाव में धैर्य रखा, और दल का मनोबल ऊंचा हुआ।",सकारात्मक,फॉर्मूला वन,2
"निर्णायक समय पर विंगर ने गलत पास दिया, और मुकाबला हाथ से निकलने लगा।",नकारात्मक,फुटबॉल,0
"आज कप्तान ने अगला ओवर शुरू किया, और पारी अपने क्रम में आगे बढ़ी।",तटस्थ,क्रिकेट,1
"मुकाबले के इस चरण में निर्णायक अंक पर खिलाड़ी ने बचाव में चूक गया, जिससे आत्मविश्वास घटा।",नकारात्मक,बैडमिंटन,0
"दबाव के बीच निर्णायक अंक पर खिलाड़ी ने कठिन शटल नहीं लौटा सका, और प्रतिद्वंद्वी दबाव में नहीं आया।",नकारात्मक,बैडमिंटन,0
"दबाव के बीच स्थानापन्न खिलाड़ी ने शानदार गोल किया, और जीत की उम्मीद बढ़ी।",सकारात्मक,फुटबॉल,2
"निर्णायक समय पर चालक ने एक चक्कर पूरा किया, और दौड़ आगे बढ़ी।",तटस्थ,फॉर्मूला वन,1
"मुकाबले के इस चरण में रक्षापंक्ति ने गेंद खो दी, और मुकाबला हाथ से निकलने लगा।",नकारात्मक,फुटबॉल,0
"आज बल्लेबाज ने महत्वपूर्ण गेंद रोक नहीं पाया, और मुकाबला हाथ से निकलने लगा।",नकारात्मक,क्रिकेट,0
"निर्णायक समय पर इंजीनियर ने टायरों का गलत उपयोग किया, और दौड़ का रुख बिगड़ा।",नकारात्मक,फॉर्मूला वन,0
"आज रक्षापंक्ति ने मैदान में प्रवेश किया, जिसके बाद खिलाड़ी अपनी जगह लौटे।",तटस्थ,फुटबॉल,1
"इंजीनियर ने सही समय पर निर्णय लिया, और दौड़ का रुख बदला।",सकारात्मक,फॉर्मूला वन,2
"दबाव के बीच रणनीति दल ने दौड़ की योजना पर काम किया, और दौड़ आगे बढ़ी।",तटस्थ,फॉर्मूला वन,1
"निर्णायक समय पर कप्तान ने सटीक पास दिया, और मुकाबला अपने पक्ष में झुक गया।",सकारात्मक,फुटबॉल,2
"रक्षात्मक खिलाड़ी ने सही समय पर आक्रमण किया, जिससे आत्मविश्वास बढ़ा।",सकारात्मक,बैडमिंटन,2
"दबाव के बीच पिट दल ने मोड़ पर नियंत्रण खोया, जिससे पोडियम की संभावना घटी।",नकारात्मक,फॉर्मूला वन,0
"कप्तान ने बोनस का मौका गंवाया, और मुकाबला हाथ से निकलने लगा।",नकारात्मक,कबड्डी,0
"मुकाबले के इस चरण में मध्य मैदान के खिलाड़ी ने गलत पास दिया, और दर्शकों में निराशा फैल गई 😞।",नकारात्मक,फुटबॉल,0
"तेज गेंदबाज ने जल्दी विकेट गंवा बैठा, और विपक्षी को बढ़त मिल गई।",नकारात्मक,क्रिकेट,0
"दबाव के बीच कप्तान ने अंतिम ओवरों में गति बढ़ाई, और विपक्षी दबाव में आ गया।",सकारात्मक,क्रिकेट,2
"दबाव के बीच पिट दल ने लगातार अच्छा तालमेल रखा, और दौड़ का रुख बदला।",सकारात्मक,फॉर्मूला वन,2
"निर्णायक समय पर रणनीति दल ने दौड़ की योजना पर काम किया, और दौड़ आगे बढ़ी।",तटस्थ,फॉर्मूला वन,1
"निचला क्रम ने अगली गेंद का सामना किया, जिसके बाद अगला ओवर शुरू हुआ।",तटस्थ,क्रिकेट,1
"निर्णायक समय पर एकल खिलाड़ी ने तेज प्रतिक्रिया दिखाई, और प्रतिद्वंद्वी दबाव में आया।",सकारात्मक,बैडमिंटन,2
"आज विंगर ने अपनी जगह संभाली, जिसके बाद खेल आगे बढ़ा।",तटस्थ,फुटबॉल,1
"निर्णायक समय पर बल्लेबाज ने बीच के ओवर में गेंदबाजी की, और मुकाबला सामान्य गति से चलता रहा।",तटस्थ,क्रिकेट,1
"मुकाबले के इस चरण में मध्यक्रम ने मजबूत साझेदारी बनाई, जिससे दल का आत्मविश्वास बढ़ा।",सकारात्मक,क्रिकेट,2
"निर्णायक समय पर रक्षक ने एक बदलाव किया, जिसके बाद गेंद फिर मध्य क्षेत्र में गई।",तटस्थ,फुटबॉल,1
"आज बल्लेबाज ने अपनी जगह बदली, और अगली गेंद खेली गई।",तटस्थ,क्रिकेट,1
"सलामी जोड़ी ने कुछ रन जोड़े, और मुकाबला सामान्य गति से चलता रहा।",तटस्थ,क्रिकेट,1
"निर्णायक समय पर सहायक रक्षक ने समय पर बदलाव किया, जिससे जरूरी अंक मिला।",सकारात्मक,कबड्डी,2
"निर्णायक समय पर रक्षक ने तालमेल खो दिया, जिससे बढ़त कमजोर हुई।",नकारात्मक,फुटबॉल,0
"दबाव के बीच आक्रामक खिलाड़ी ने देर से प्रतिक्रिया दी, जिससे बढ़त कमजोर हुई।",नकारात्मक,बैडमिंटन,0
"मुकाबले के इस चरण में बल्लेबाज ने क्रीज पर आया, और मुकाबला सामान्य गति से चलता रहा।",तटस्थ,क्रिकेट,1
"निर्णायक समय पर हमलावर ने अपनी जगह छोड़ दी, और विपक्षी को फायदा मिला।",नकारात्मक,फुटबॉल,0
"निर्णायक समय पर रेस दल ने लगातार अच्छा तालमेल रखा, जिससे समय का लाभ मिला।",सकारात्मक,फॉर्मूला वन,2
"दबाव के बीच मुख्य रेडर ने शानदार टैकल किया, और मुकाबला अपने पक्ष में झुका।",सकारात्मक,कबड्डी,2
"मुकाबले के इस चरण में तेज गेंदबाज ने दबाव में गलत शॉट चुना, जिससे दल का आत्मविश्वास घटा।",नकारात्मक,क्रिकेट,0
"कप्तान ने शानदार गोल किया, जिससे वापसी सफल हुई।",सकारात्मक,फुटबॉल,2
"मुकाबले के इस चरण में विंगर ने मैदान पर आते ही असर डाला, और दर्शक खुशी से झूम उठे 😀।",सकारात्मक,फुटबॉल,2
"दबाव के बीच कार ने बदलाव में समय गंवाया, और प्रतिद्वंद्वी को फायदा मिला।",नकारात्मक,फॉर्मूला वन,0
"आज कार ने टायर बदलने में देरी की, और प्रतिद्वंद्वी को फायदा मिला।",नकारात्मक,फॉर्मूला वन,0
"सर्विस करने वाला खिलाड़ी ने बचाव की स्थिति ली, जिसके बाद दोनों खिलाड़ी अपनी जगह लौटे।",तटस्थ,बैडमिंटन,1
"आज कप्तान ने अच्छा तालमेल दिखाया, और मुकाबला अपने पक्ष में झुका।",सकारात्मक,कबड्डी,2
"दबाव के बीच इंजीनियर ने दबाव में गलती की, जिससे पोडियम की संभावना घटी।",नकारात्मक,फॉर्मूला वन,0
"दबाव के बीच गेंदबाज ने अंतिम ओवरों में गति बढ़ाई, जिससे जीत की उम्मीद मजबूत हुई।",सकारात्मक,क्रिकेट,2
"आज मुख्य रेडर ने अगली रेड की तैयारी की, और दोनों दल अगली चाल की तैयारी करने लगे।",तटस्थ,कबड्डी,1
"दबाव के बीच निर्णायक अंक पर खिलाड़ी ने खाली जगह की ओर शटल भेजी, जिसके बाद सर्विस बदली गई।",तटस्थ,बैडमिंटन,1
"निर्णायक समय पर पिछली पंक्ति का खिलाड़ी ने रैली जारी रखी, जिसके बाद अगली रैली शुरू हुई।",तटस्थ,बैडमिंटन,1
"आज चालक ने दौड़ की योजना पर काम किया, जिसके बाद अगला चक्कर शुरू हुआ।",तटस्थ,फॉर्मूला वन,1
"निर्णायक समय पर कप्तान ने सर्विस पर नियंत्रण रखा, और मुकाबला अपने पक्ष में झुका।",सकारात्मक,बैडमिंटन,2
"निर्णायक समय पर पिछली पंक्ति का खिलाड़ी ने लंबी रैली गंवा बैठा, और प्रतिद्वंद्वी दबाव में नहीं आया।",नकारात्मक,बैडमिंटन,0
"स्पिनर ने देर से रणनीति बदली, जिससे दल का आत्मविश्वास घटा।",नकारात्मक,क्रिकेट,0
"आज सर्विस करने वाले खिलाड़ी ने सही समय पर आक्रमण किया, और प्रतिद्वंद्वी दबाव में आया।",सकारात्मक,बैडमिंटन,2
"मुकाबले के इस चरण में दल ने निर्देश दिया, जिसके बाद अगली रेड शुरू हुई।",तटस्थ,कबड्डी,1
"आज युगल जोड़ी ने कठिन शटल लौटा दी, और दर्शकों ने तालियां बजाईं 👏।",सकारात्मक,बैडमिंटन,2
"निर्णायक समय पर रेडर ने मैदान पर आते ही असर डाला, और मुकाबला अपने पक्ष में झुका।",सकारात्मक,कबड्डी,2
"मुकाबले के इस चरण में कप्तान ने मैदान पर आते ही असर डाला, और विपक्षी दबाव में आया।",सकारात्मक,कबड्डी,2
"आज दल ने सफल रेड की, जिससे बढ़त मजबूत हुई।",सकारात्मक,कबड्डी,2
"निर्णायक समय पर स्पिनर ने अगली गेंद का सामना किया, और पारी अपने क्रम में आगे बढ़ी।",तटस्थ,क्रिकेट,1
"आज टीम प्रबंधन ने तेज सेवा दी, और दल का मनोबल ऊंचा हुआ।",सकारात्मक,फॉर्मूला वन,2
"मुकाबले के इस चरण में कप्तान ने घेरा टूटने दिया, और रणनीति विफल रही।",नकारात्मक,कबड्डी,0
"मुकाबले के इस चरण में कप्तान ने सही समय पर आक्रमण किया, और दर्शकों ने तालियां बजाईं 👏।",सकारात्मक,बैडमिंटन,2
"आज हमलावर ने विपक्षी हमले को रोका, और अगला आक्रमण शुरू हुआ।",तटस्थ,फुटबॉल,1
"निर्णायक समय पर रक्षात्मक खिलाड़ी ने शटल आगे भेजी, और अगला अंक खेला गया।",तटस्थ,बैडमिंटन,1
"मुकाबले के इस चरण में चालक ने दबाव में धैर्य रखा, जिससे जीत की उम्मीद बढ़ी।",सकारात्मक,फॉर्मूला वन,2
"निर्णायक समय पर कप्तान ने गेंद पकड़ी, जिसके बाद खेल आगे बढ़ा।",तटस्थ,फुटबॉल,1
"निर्णायक समय पर स्थानापन्न खिलाड़ी ने निर्णायक अंक नहीं ले सका, और मुकाबला हाथ से निकलने लगा।",नकारात्मक,कबड्डी,0
"निर्णायक समय पर कार ने दबाव में गलती की, जिससे समय का नुकसान हुआ।",नकारात्मक,फॉर्मूला वन,0
"आज स्थानापन्न खिलाड़ी ने मजबूत घेरा बनाया, और विपक्षी दबाव में आया।",सकारात्मक,कबड्डी,2
"मुकाबले के इस चरण में रक्षा पंक्ति ने तालमेल खो बैठा, और मुकाबला हाथ से निकलने लगा।",नकारात्मक,कबड्डी,0
"आज विकेटकीपर ने अपनी जगह बदली, जिसके बाद खेल आगे बढ़ा।",तटस्थ,क्रिकेट,1
"इंजीनियर ने टायरों का सही उपयोग किया, और दल का मनोबल ऊंचा हुआ।",सकारात्मक,फॉर्मूला वन,2
"आज पिछली पंक्ति का खिलाड़ी ने सटीक स्मैश लगाया, और मुकाबला अपने पक्ष में झुका।",सकारात्मक,बैडमिंटन,2
"दबाव के बीच निर्णायक अंक पर खिलाड़ी ने तेज प्रतिक्रिया दिखाई, जिससे जीत की उम्मीद बढ़ी।",सकारात्मक,बैडमिंटन,2
"निचला क्रम ने संयम से पारी संभाली, और विपक्षी दबाव में आ गया।",सकारात्मक,क्रिकेट,2
"दबाव के बीच पिछली पंक्ति का खिलाड़ी ने लंबी रैली गंवा बैठा, और वापसी का मौका कम हुआ।",नकारात्मक,बैडमिंटन,0
"पिछली पंक्ति का खिलाड़ी ने देर से प्रतिक्रिया दी, जिससे जीत कठिन हुई।",नकारात्मक,बैडमिंटन,0
"आज स्थानापन्न खिलाड़ी ने तालमेल खो दिया, जिससे आत्मविश्वास घटा।",नकारात्मक,फुटबॉल,0
"दबाव के बीच कार ने ओवरटेक का मौका गंवाया, और दल का मनोबल गिरा।",नकारात्मक,फॉर्मूला वन,0
"दबाव के बीच सहायक रक्षक ने घेरा टूटने दिया, जिससे दल का आत्मविश्वास घटा।",नकारात्मक,कबड्डी,0
"पिछली पंक्ति का खिलाड़ी ने सर्विस पर नियंत्रण खो बैठा, जिससे बढ़त कमजोर हुई।",नकारात्मक,बैडमिंटन,0
"आज कार ने मोड़ पार किया, और चालक ने अपनी स्थिति बनाए रखी।",तटस्थ,फॉर्मूला वन,1
"दबाव के बीच खिलाड़ी ने नेट के पास दबाव बनाया, जिससे आत्मविश्वास बढ़ा।",सकारात्मक,बैडमिंटन,2
"आज मुख्य रेडर ने तालमेल बनाया, जिसके बाद अगली रेड शुरू हुई।",तटस्थ,कबड्डी,1
"दबाव के बीच टीम प्रबंधन ने टायर बदलने में देरी की, जिससे पोडियम की संभावना घटी।",नकारात्मक,फॉर्मूला वन,0
"निर्णायक समय पर रेडर ने लगातार अंक गंवाता रहा, और रणनीति विफल रही।",नकारात्मक,कबड्डी,0
"निर्णायक समय पर पिछली पंक्ति का खिलाड़ी ने स्मैश बाहर मार बैठा, जिससे आत्मविश्वास घटा।",नकारात्मक,बैडमिंटन,0
"दबाव के बीच रेडर ने सही समय पर बोनस लिया, जिससे जरूरी अंक मिला।",सकारात्मक,कबड्डी,2
"निर्णायक समय पर कप्तान ने लगातार दबाव बनाया, और जीत की उम्मीद बढ़ी।",सकारात्मक,फुटबॉल,2
"निर्णायक समय पर टीम प्रबंधन ने सही रणनीति चुनी, और दौड़ का रुख बदला।",सकारात्मक,फॉर्मूला वन,2
"मुकाबले के इस चरण में रणनीति दल ने टायर बदले, जिसके बाद अगला चक्कर शुरू हुआ।",तटस्थ,फॉर्मूला वन,1
"कप्तान ने घेरा टूटने दिया, और मुकाबला हाथ से निकलने लगा।",नकारात्मक,कबड्डी,0
"दबाव के बीच अंतिम रेडर ने सफल रेड की, और विपक्षी दबाव में आया।",सकारात्मक,कबड्डी,2
"कप्तान ने अपनी जगह छोड़ दी, और मुकाबला हाथ से निकलने लगा।",नकारात्मक,फुटबॉल,0
"आज रक्षात्मक खिलाड़ी ने रणनीति में अच्छा बदलाव किया, जिससे निर्णायक अंक मिला।",सकारात्मक,बैडमिंटन,2
"निर्णायक समय पर आक्रामक दल ने आक्रमण को रोक दिया, जिससे वापसी सफल हुई।",सकारात्मक,फुटबॉल,2
"युगल जोड़ी ने तेज प्रतिक्रिया दिखाई, जिससे जीत की उम्मीद बढ़ी।",सकारात्मक,बैडमिंटन,2
"आज गोलकीपर ने दबाव नहीं बना सका, जिससे वापसी कठिन हुई।",नकारात्मक,फुटबॉल,0
"आज स्थानापन्न खिलाड़ी ने गेंद पकड़ी, जिसके बाद गेंद फिर मध्य क्षेत्र में गई।",तटस्थ,फुटबॉल,1
"दबाव के बीच टीम प्रबंधन ने एक चक्कर पूरा किया, जिसके बाद कार फिर ट्रैक पर आई।",तटस्थ,फॉर्मूला वन,1
"आज आक्रामक खिलाड़ी ने देर से प्रतिक्रिया दी, और वापसी का मौका कम हुआ।",नकारात्मक,बैडमिंटन,0
"निर्णायक समय पर स्थानापन्न खिलाड़ी ने मैदान में प्रवेश किया, जिसके बाद अगली रेड शुरू हुई।",तटस्थ,कबड्डी,1
"दबाव के बीच टायर दल ने ओवरटेक का मौका गंवाया, जिससे समय का नुकसान हुआ।",नकारात्मक,फॉर्मूला वन,0
"आज पिछली पंक्ति का खिलाड़ी ने नेट पर शटल रोकी, जिसके बाद अगली रैली शुरू हुई।",तटस्थ,बैडमिंटन,1
"दल ने रेड शुरू की, और दोनों दल अगली चाल की तैयारी करने लगे।",तटस्थ,कबड्डी,1
"आज टीम प्रबंधन ने बदलाव में समय गंवाया, जिससे स्थान गिरा।",नकारात्मक,फॉर्मूला वन,0
"कप्तान ने रणनीति पर चर्चा की, और अगला अंक खेला गया।",तटस्थ,बैडमिंटन,1
"मुकाबले के इस चरण में चालक ने देर से निर्णय लिया, और दौड़ का रुख बिगड़ा।",नकारात्मक,फॉर्मूला वन,0
"निर्णायक समय पर रेडर ने शानदार टैकल किया, जिससे वापसी सफल हुई।",सकारात्मक,कबड्डी,2
"खिलाड़ी ने शटल आगे भेजी, और मुकाबला सामान्य गति से चला।",तटस्थ,बैडमिंटन,1
"कप्तान ने बीच के ओवरों में दबाव बनाए रखा, जिससे दल का आत्मविश्वास बढ़ा।",सकारात्मक,क्रिकेट,2
"विंगर ने लगातार दबाव बनाया, और मुकाबला अपने पक्ष में झुक गया।",सकारात्मक,फुटबॉल,2
"आज टायर दल ने अंतिम चरण में गति बढ़ाई, जिससे समय का लाभ मिला।",सकारात्मक,फॉर्मूला वन,2
"निर्णायक समय पर मध्यक्रम ने अंतिम ओवरों में नियंत्रण खो बैठा, जिससे रन गति गिर गई।",नकारात्मक,क्रिकेट,0
"मुकाबले के इस चरण में मध्य खिलाड़ी ने मैदान में प्रवेश किया, जिसके बाद अगला अंक खेला गया।",तटस्थ,कबड्डी,1
"दबाव के बीच गेंदबाज ने अगली गेंद का सामना किया, जिसके बाद अगला ओवर शुरू हुआ।",तटस्थ,क्रिकेट,1
"निर्णायक समय पर गोलकीपर ने कठिन बचाव किया, जिससे वापसी सफल हुई।",सकारात्मक,फुटबॉल,2
"मुकाबले के इस चरण में बल्लेबाज ने अपनी जगह बदली, जिसके बाद खेल आगे बढ़ा।",तटस्थ,क्रिकेट,1
"सलामी जोड़ी ने महत्वपूर्ण विकेट लिया, जिससे दल का आत्मविश्वास बढ़ा।",सकारात्मक,क्रिकेट,2
"निर्णायक समय पर आक्रामक खिलाड़ी ने खाली जगह पहचानी, और प्रतिद्वंद्वी दबाव में आया।",सकारात्मक,बैडमिंटन,2
"आज पिछली पंक्ति का खिलाड़ी ने खाली जगह पहचानी, और दर्शकों ने तालियां बजाईं 👏।",सकारात्मक,बैडमिंटन,2
"निर्णायक समय पर सर्विस करने वाले खिलाड़ी ने मजबूत बचाव किया, जिससे निर्णायक अंक मिला।",सकारात्मक,बैडमिंटन,2
"निर्णायक समय पर स्थानापन्न खिलाड़ी ने मैदान पर आने के बाद असर नहीं डाल सका, और दर्शकों में निराशा फैल गई 😞।",नकारात्मक,फुटबॉल,0
"कप्तान ने लंबी रैली जीती, और प्रतिद्वंद्वी दबाव में आया।",सकारात्मक,बैडमिंटन,2
"दबाव के बीच कप्तान ने रणनीति में अच्छा बदलाव किया, जिससे निर्णायक अंक मिला।",सकारात्मक,बैडमिंटन,2
"अंतिम रेडर ने देर से बदलाव किया, और रणनीति विफल रही।",नकारात्मक,कबड्डी,0
"निर्णायक समय पर विकेटकीपर ने आसान मौका गंवा बैठा, और रणनीति विफल रही।",नकारात्मक,क्रिकेट,0
"आज सहायक रक्षक ने देर से बदलाव किया, और रणनीति विफल रही।",नकारात्मक,कबड्डी,0
"पिछली पंक्ति का खिलाड़ी ने तेज प्रतिक्रिया दिखाई, जिससे आत्मविश्वास बढ़ा।",सकारात्मक,बैडमिंटन,2
"आज एकल खिलाड़ी ने खाली जगह नहीं पहचान पाया, जिससे बढ़त कमजोर हुई।",नकारात्मक,बैडमिंटन,0
"मुख्य चालक ने तालमेल नहीं बना पाया, जिससे समय का नुकसान हुआ।",नकारात्मक,फॉर्मूला वन,0
"दबाव के बीच रेडर ने अगला अंक खेला, और मुकाबला सामान्य गति से चला।",तटस्थ,कबड्डी,1
"दबाव के बीच दल ने मैदान पर आते ही असर डाला, और विपक्षी दबाव में आया।",सकारात्मक,कबड्डी,2
"मुकाबले के इस चरण में खिलाड़ी ने गलत समय पर आक्रमण किया, और दर्शकों में निराशा फैल गई 😞।",नकारात्मक,बैडमिंटन,0
"निर्णायक समय पर रेडर ने मैदान में प्रवेश किया, जिसके बाद खिलाड़ी अपनी जगह लौटे।",तटस्थ,कबड्डी,1
"मुकाबले के इस चरण में मध्य खिलाड़ी ने बोनस का मौका गंवाया, और रणनीति विफल रही।",नकारात्मक,कबड्डी,0
"तेज गेंदबाज ने पारी शुरू की, और पारी अपने क्रम में आगे बढ़ी।",तटस्थ,क्रिकेट,1
"रक्षा पंक्ति ने घेरा टूटने दिया, और विपक्षी दबाव में नहीं आया।",नकारात्मक,कबड्डी,0
"मुकाबले के इस चरण में युगल जोड़ी ने कठिन शटल नहीं लौटा सका, जिससे निर्णायक अंक हाथ से गया।",नकारात्मक,बैडमिंटन,0
"निर्णायक समय पर निचला क्रम ने समय पर रणनीति बदली, और रणनीति कामयाब रही।",सकारात्मक,क्रिकेट,2
"दबाव के बीच कार ने मोड़ पर नियंत्रण रखा, और प्रतिद्वंद्वी दबाव में आया।",सकारात्मक,फॉर्मूला वन,2
"निर्णायक समय पर कप्तान ने रैली जारी रखी, जिसके बाद सर्विस बदली गई।",तटस्थ,बैडमिंटन,1
"निर्णायक समय पर चालक ने टायर बदले, जिसके बाद कार फिर ट्रैक पर आई।",तटस्थ,फॉर्मूला वन,1
"मुकाबले के इस चरण में कप्तान ने टैकल में चूक गया, और दर्शकों में निराशा फैल गई 😞।",नकारात्मक,कबड्डी,0
"निर्णायक समय पर एकल खिलाड़ी ने तेज प्रतिक्रिया दिखाई, और मुकाबला अपने पक्ष में झुका।",सकारात्मक,बैडमिंटन,2
"मुकाबले के इस चरण में कार ने दौड़ की योजना पर काम किया, जिसके बाद अगला चरण शुरू हुआ।",तटस्थ,फॉर्मूला वन,1
"निर्णायक समय पर सर्विस करने वाला खिलाड़ी ने खाली जगह की ओर शटल भेजी, जिसके बाद अगली रैली शुरू हुई।",तटस्थ,बैडमिंटन,1
"तेज गेंदबाज ने आसान मौका गंवा बैठा, जिससे दल का आत्मविश्वास घटा।",नकारात्मक,क्रिकेट,0
"मुकाबले के इस चरण में कार ने टायर बदलने में देरी की, और दौड़ का रुख बिगड़ा।",नकारात्मक,फॉर्मूला वन,0
"निर्णायक समय पर गोलकीपर ने आक्रमण शुरू किया, जिसके बाद गेंद फिर मध्य क्षेत्र में गई।",तटस्थ,फुटबॉल,1
"निर्णायक समय पर खिलाड़ी ने खाली जगह पहचानी, और दर्शकों ने तालियां बजाईं 👏।",सकारात्मक,बैडमिंटन,2
"नेट खिलाड़ी ने अगले अंक की तैयारी की, और मुकाबला सामान्य गति से चला।",तटस्थ,बैडमिंटन,1
"दबाव के बीच अंतिम रेडर ने अपनी जगह संभाली, और खेल आगे बढ़ा।",तटस्थ,कबड्डी,1
"निर्णायक समय पर सर्विस करने वाले खिलाड़ी ने सही समय पर आक्रमण किया, और वापसी सफल हुई।",सकारात्मक,बैडमिंटन,2
"निर्णायक समय पर मध्य खिलाड़ी ने तालमेल खो बैठा, और दर्शकों में निराशा फैल गई 😞।",नकारात्मक,कबड्डी,0
"मुकाबले के इस चरण में रणनीति दल ने सही रणनीति चुनी, जिससे स्थान सुधरा।",सकारात्मक,फॉर्मूला वन,2
"निचला क्रम ने जरूरी विकेट नहीं ले सका, जिससे जीत की संभावना कमजोर हुई।",नकारात्मक,क्रिकेट,0
"मध्यक्रम ने दबाव में गलत शॉट चुना, जिससे वापसी कठिन हुई।",नकारात्मक,क्रिकेट,0
"मुकाबले के इस चरण में खिलाड़ी ने देर से प्रतिक्रिया दी, जिससे निर्णायक अंक हाथ से गया।",नकारात्मक,बैडमिंटन,0
"दबाव के बीच रक्षक ने सफल रेड की, और विपक्षी दबाव में आया।",सकारात्मक,कबड्डी,2
"निर्णायक समय पर अंतिम रेडर ने मिलकर रेडर को रोका, जिससे जरूरी अंक मिला।",सकारात्मक,कबड्डी,2
"निर्णायक समय पर रक्षक ने लगातार दबाव बनाया, और दर्शक खुशी से झूम उठे 😀।",सकारात्मक,फुटबॉल,2
"निर्णायक समय पर दौड़ दल ने आंकड़ों की समीक्षा की, जिसके बाद अगला चरण शुरू हुआ।",तटस्थ,फॉर्मूला वन,1
"आज मध्य मैदान के खिलाड़ी ने मैदान पर आने के बाद असर नहीं डाल सका, जिससे गोल का अवसर चला गया।",नकारात्मक,फुटबॉल,0
"मुकाबले के इस चरण में इंजीनियर ने दौड़ की योजना देखी, और चालक ने अपनी स्थिति बनाए रखी।",तटस्थ,फॉर्मूला वन,1
"मुकाबले के इस चरण में एकल खिलाड़ी ने गलत समय पर आक्रमण किया, और मुकाबला विपक्षी की ओर झुका।",नकारात्मक,बैडमिंटन,0
"टीम प्रबंधन ने ट्रैक की स्थिति देखी, और मुकाबला सामान्य गति से चला।",तटस्थ,फॉर्मूला वन,1
"अंतिम रेडर ने विपक्षी क्षेत्र की ओर बढ़ा, और खेल आगे बढ़ा।",तटस्थ,कबड्डी,1
"आज बल्लेबाज ने अपनी जगह बदली, और मुकाबला सामान्य गति से चलता रहा।",तटस्थ,क्रिकेट,1
"निर्णायक समय पर गोलकीपर ने देर से बदलाव किया, और दर्शकों में निराशा फैल गई 😞।",नकारात्मक,फुटबॉल,0
"मुकाबले के इस चरण में युगल जोड़ी ने सर्विस की, जिसके बाद सर्विस बदली गई।",तटस्थ,बैडमिंटन,1
"मुकाबले के इस चरण में गोलकीपर ने गेंद खो दी, जिससे बढ़त कमजोर हुई।",नकारात्मक,फुटबॉल,0
"दबाव के बीच कार ने टायर बदलने में देरी की, जिससे पोडियम की संभावना घटी।",नकारात्मक,फॉर्मूला वन,0
"मुकाबले के इस चरण में हमलावर ने सटीक पास दिया, और मुकाबला अपने पक्ष में झुक गया।",सकारात्मक,फुटबॉल,2
"मुकाबले के इस चरण में तेज गेंदबाज ने साझेदारी नहीं बना सका, और विपक्षी को बढ़त मिल गई।",नकारात्मक,क्रिकेट,0
"आज मुख्य रेडर ने रेड शुरू की, और दोनों दल अगली चाल की तैयारी करने लगे।",तटस्थ,कबड्डी,1
"दबाव के बीच टायर दल ने टायर बदलने में देरी की, जिससे समय का नुकसान हुआ।",नकारात्मक,फॉर्मूला वन,0
"टायर दल ने बदलाव में समय गंवाया, और प्रतिद्वंद्वी को फायदा मिला।",नकारात्मक,फॉर्मूला वन,0
"कप्तान ने मैदान पर आने के बाद असर नहीं डाल सका, और मुकाबला हाथ से निकलने लगा।",नकारात्मक,फुटबॉल,0
"मुकाबले के इस चरण में रक्षात्मक खिलाड़ी ने सही समय पर आक्रमण किया, जिससे आत्मविश्वास बढ़ा।",सकारात्मक,बैडमिंटन,2
"मुकाबले के इस चरण में रेस दल ने मोड़ पर नियंत्रण खोया, जिससे पोडियम की संभावना घटी।",नकारात्मक,फॉर्मूला वन,0
"दबाव के बीच रक्षा पंक्ति ने तालमेल बनाया, जिसके बाद खिलाड़ी अपनी जगह लौटे।",तटस्थ,कबड्डी,1
"निर्णायक समय पर रक्षापंक्ति ने आसान मौका गंवाया, जिससे बढ़त कमजोर हुई।",नकारात्मक,फुटबॉल,0
"मुकाबले के इस चरण में रेडर ने टैकल में चूक गया, और रणनीति विफल रही।",नकारात्मक,कबड्डी,0
"मुकाबले के इस चरण में रणनीति दल ने ट्रैक की स्थिति देखी, और दौड़ आगे बढ़ी।",तटस्थ,फॉर्मूला वन,1
"कप्तान ने लंबी रैली जीती, और दर्शकों ने तालियां बजाईं 👏।",सकारात्मक,बैडमिंटन,2
"मुकाबले के इस चरण में रक्षक ने सफल रेड की, और विपक्षी दबाव में आया।",सकारात्मक,कबड्डी,2
"आज कप्तान ने खिलाड़ियों के बीच गेंद घुमाई, जिसके बाद गेंद फिर मध्य क्षेत्र में गई।",तटस्थ,फुटबॉल,1
"दबाव के बीच तेज गेंदबाज ने पारी शुरू की, जिसके बाद खेल आगे बढ़ा।",तटस्थ,क्रिकेट,1
"दबाव के बीच मध्यक्रम ने अंतिम ओवरों में गति बढ़ाई, और दर्शकों में उत्साह फैल गया 😀।",सकारात्मक,क्रिकेट,2
"निर्णायक समय पर स्पिनर ने अंतिम ओवरों में गति बढ़ाई, जिससे रन गति सुधरी।",सकारात्मक,क्रिकेट,2
"मुकाबले के इस चरण में रेडर ने सही समय पर बोनस लिया, और विपक्षी दबाव में आया।",सकारात्मक,कबड्डी,2
"आज सर्विस करने वाला खिलाड़ी ने रणनीति में सुधार नहीं कर सका, जिससे बढ़त कमजोर हुई।",नकारात्मक,बैडमिंटन,0
"दबाव के बीच तेज गेंदबाज ने क्रीज पर आया, और अगली गेंद खेली गई।",तटस्थ,क्रिकेट,1
"दबाव के बीच कप्तान ने गेंद पर नियंत्रण रखा, जिससे दल का आत्मविश्वास बढ़ा।",सकारात्मक,फुटबॉल,2
"निर्णायक समय पर पिछली पंक्ति का खिलाड़ी ने अगला शॉट खेला, और मुकाबला सामान्य गति से चला।",तटस्थ,बैडमिंटन,1
"अंतिम रेडर ने अच्छा तालमेल दिखाया, जिससे दल का आत्मविश्वास बढ़ा।",सकारात्मक,कबड्डी,2
"आक्रामक दल ने शानदार गोल किया, और विपक्षी दबाव में आया।",सकारात्मक,फुटबॉल,2
"मुकाबले के इस चरण में टीम प्रबंधन ने टायरों का सही उपयोग किया, और दौड़ का रुख बदला।",सकारात्मक,फॉर्मूला वन,2
"खिलाड़ी ने खाली जगह नहीं पहचान पाया, जिससे आत्मविश्वास घटा।",नकारात्मक,बैडमिंटन,0
"आज रणनीति दल ने अपनी गति बनाए रखी, और मुकाबला सामान्य गति से चला।",तटस्थ,फॉर्मूला वन,1
"रणनीति दल ने दबाव में धैर्य रखा, और दौड़ का रुख बदला।",सकारात्मक,फॉर्मूला वन,2
"निर्णायक समय पर दौड़ दल ने मोड़ पर नियंत्रण रखा, जिससे समय का लाभ मिला।",सकारात्मक,फॉर्मूला वन,2
"निर्णायक समय पर मध्यक्रम ने तेज प्रतिक्रिया से मौका बनाया, और मुकाबला अपने पक्ष में झुक गया।",सकारात्मक,क्रिकेट,2
"निर्णायक समय पर कप्तान ने टैकल में चूक गया, जिससे दल का आत्मविश्वास घटा।",नकारात्मक,कबड्डी,0
"मुकाबले के इस चरण में नेट खिलाड़ी ने देर से प्रतिक्रिया दी, और वापसी का मौका कम हुआ।",नकारात्मक,बैडमिंटन,0
"आज रणनीति दल ने बदलाव में समय गंवाया, जिससे जीत की उम्मीद कमजोर हुई।",नकारात्मक,फॉर्मूला वन,0
"आज रक्षात्मक खिलाड़ी ने नेट के पास अंक गंवा दिया, और दर्शकों में निराशा फैल गई 😞।",नकारात्मक,बैडमिंटन,0
"आज दौड़ दल ने दौड़ की योजना पर काम किया, जिसके बाद अगला चरण शुरू हुआ।",तटस्थ,फॉर्मूला वन,1
"आज क्षेत्ररक्षक ने क्षेत्ररक्षण में बदलाव किया, और पारी अपने क्रम में आगे बढ़ी।",तटस्थ,क्रिकेट,1
"आज कार ने दौड़ की योजना पर काम किया, और दौड़ आगे बढ़ी।",तटस्थ,फॉर्मूला वन,1
"मुकाबले के इस चरण में कप्तान ने लंबी रैली जीती, और मुकाबला अपने पक्ष में झुका।",सकारात्मक,बैडमिंटन,2
"मुख्य रेडर ने लगातार अंक जुटाए, और विपक्षी दबाव में आया।",सकारात्मक,कबड्डी,2
"निर्णायक समय पर खिलाड़ी ने अगले अंक की तैयारी की, जिसके बाद सर्विस बदली गई।",तटस्थ,बैडमिंटन,1
"खिलाड़ी ने बचाव में चूक गया, और प्रतिद्वंद्वी दबाव में नहीं आया।",नकारात्मक,बैडमिंटन,0
"टीम प्रबंधन ने टायरों का सही उपयोग किया, और दौड़ का रुख बदला।",सकारात्मक,फॉर्मूला वन,2
"आज मध्य मैदान के खिलाड़ी ने अपनी जगह संभाली, जिसके बाद गेंद फिर मध्य क्षेत्र में गई।",तटस्थ,फुटबॉल,1
"निर्णायक समय पर दल ने निर्देश दिया, जिसके बाद खिलाड़ी अपनी जगह लौटे।",तटस्थ,कबड्डी,1
"आज मध्यक्रम ने साझेदारी नहीं बना सका, जिससे रन गति गिर गई।",नकारात्मक,क्रिकेट,0
"मुकाबले के इस चरण में बल्लेबाज ने क्षेत्ररक्षण में बदलाव किया, जिसके बाद अगला ओवर शुरू हुआ।",तटस्थ,क्रिकेट,1
"मुकाबले के इस चरण में कप्तान ने मजबूत बचाव किया, और मुकाबला अपने पक्ष में झुका।",सकारात्मक,बैडमिंटन,2
"निर्णायक समय पर निचला क्रम ने संयम से पारी संभाली, जिससे जीत की उम्मीद मजबूत हुई।",सकारात्मक,क्रिकेट,2
"दबाव के बीच आक्रामक दल ने मैदान पर आते ही असर डाला, और दर्शक खुशी से झूम उठे 😀।",सकारात्मक,फुटबॉल,2
"दबाव के बीच कप्तान ने जरूरी विकेट नहीं ले सका, और मुकाबला हाथ से निकलने लगा।",नकारात्मक,क्रिकेट,0
"आज मुख्य रेडर ने मैदान पर आते ही असर डाला, और विपक्षी दबाव में आया।",सकारात्मक,कबड्डी,2
"आज नेट खिलाड़ी ने तेज प्रतिक्रिया दिखाई, जिससे बढ़त मजबूत हुई।",सकारात्मक,बैडमिंटन,2
"दबाव के बीच रणनीति दल ने देर से निर्णय लिया, और प्रशंसकों में निराशा फैल गई 😞।",नकारात्मक,फॉर्मूला वन,0
"कप्तान ने निर्णायक अंक लिया, और दर्शक खुशी से झूम उठे 😀।",सकारात्मक,कबड्डी,2
"मुकाबले के इस चरण में कप्तान ने आक्रमण को रोक दिया, जिससे दल का आत्मविश्वास बढ़ा।",सकारात्मक,फुटबॉल,2
"आज कप्तान ने मिलकर रेडर को रोका, जिससे दल का आत्मविश्वास बढ़ा।",सकारात्मक,कबड्डी,2
"मुकाबले के इस चरण में रक्षा पंक्ति ने निर्णायक अंक नहीं ले सका, जिससे वापसी कठिन हुई।",नकारात्मक,कबड्डी,0
"कप्तान ने आक्रमण को रोक दिया, जिससे दल का आत्मविश्वास बढ़ा।",सकारात्मक,फुटबॉल,2
"निर्णायक समय पर तेज गेंदबाज ने संयम से पारी संभाली, और दर्शकों में उत्साह फैल गया 😀।",सकारात्मक,क्रिकेट,2
"मुकाबले के इस चरण में कप्तान ने मजबूत घेरा बनाया, जिससे दल का आत्मविश्वास बढ़ा।",सकारात्मक,कबड्डी,2
"आज अंतिम रेडर ने घेरा टूटने दिया, और विपक्षी दबाव में नहीं आया।",नकारात्मक,कबड्डी,0
"आज मुख्य चालक ने तेज सेवा दी, जिससे पोडियम की संभावना बढ़ी।",सकारात्मक,फॉर्मूला वन,2
"आज गेंदबाज ने बीच के ओवर में गेंदबाजी की, और पारी अपने क्रम में आगे बढ़ी।",तटस्थ,क्रिकेट,1
"दबाव के बीच विंगर ने कठिन बचाव किया, और दर्शक खुशी से झूम उठे 😀।",सकारात्मक,फुटबॉल,2
"पिट दल ने टायर बदले, और चालक ने अपनी स्थिति बनाए रखी।",तटस्थ,फॉर्मूला वन,1
"आज बल्लेबाज ने ढीली गेंदें डालता रहा, और रणनीति विफल रही।",नकारात्मक,क्रिकेट,0
"अंतिम रेडर ने रेड शुरू की, जिसके बाद अगला अंक खेला गया।",तटस्थ,कबड्डी,1
"आज मध्य खिलाड़ी ने रेडर को रोक नहीं पाया, और दर्शकों में निराशा फैल गई 😞।",नकारात्मक,कबड्डी,0
"मुकाबले के इस चरण में कप्तान ने आसान मौका गंवा बैठा, जिससे जीत की संभावना कमजोर हुई।",नकारात्मक,क्रिकेट,0
"आज कप्तान ने गेंद संभाली, जिसके बाद अगला ओवर शुरू हुआ।",तटस्थ,क्रिकेट,1
"निर्णायक समय पर मुख्य रेडर ने देर से बदलाव किया, और मुकाबला हाथ से निकलने लगा।",नकारात्मक,कबड्डी,0
"मुकाबले के इस चरण में बल्लेबाज ने क्रीज पर आया, और पारी अपने क्रम में आगे बढ़ी।",तटस्थ,क्रिकेट,1
"दबाव के बीच रणनीति दल ने लगातार अच्छा तालमेल रखा, और दौड़ का रुख बदला।",सकारात्मक,फॉर्मूला वन,2
"मुख्य रेडर ने मजबूत घेरा बनाया, जिससे जरूरी अंक मिला।",सकारात्मक,कबड्डी,2
"मुकाबले के इस चरण में मध्य खिलाड़ी ने मिलकर रेडर को रोका, और दर्शक खुशी से झूम उठे 😀।",सकारात्मक,कबड्डी,2
"दबाव के बीच रक्षक ने अपनी जगह संभाली, और मुकाबला सामान्य गति से चलता रहा।",तटस्थ,फुटबॉल,1
"दबाव के बीच मुख्य रेडर ने शानदार टैकल किया, जिससे दल का आत्मविश्वास बढ़ा।",सकारात्मक,कबड्डी,2
"दबाव के बीच अंतिम रेडर ने मैदान पर आते ही असर डाला, जिससे जरूरी अंक मिला।",सकारात्मक,कबड्डी,2
"निर्णायक समय पर स्थानापन्न खिलाड़ी ने घेरा टूटने दिया, और रणनीति विफल रही।",नकारात्मक,कबड्डी,0
"निर्णायक समय पर रेडर ने सफल रेड की, जिससे जरूरी अंक मिला।",सकारात्मक,कबड्डी,2
"मुकाबले के इस चरण में तेज गेंदबाज ने संयम से पारी संभाली, और मुकाबला अपने पक्ष में झुक गया।",सकारात्मक,क्रिकेट,2
"कप्तान ने लगातार दबाव बनाया, जिससे गोल का अवसर बना।",सकारात्मक,फुटबॉल,2
"आज रेडर ने देर से बदलाव किया, और दर्शकों में निराशा फैल गई 😞।",नकारात्मक,कबड्डी,0
"दबाव के बीच रणनीति दल ने गलत रणनीति चुनी, और दल का मनोबल गिरा।",नकारात्मक,फॉर्मूला वन,0
"निर्णायक समय पर खिलाड़ी ने कठिन शटल लौटा दी, और दर्शकों ने तालियां बजाईं 👏।",सकारात्मक,बैडमिंटन,2
"आज सलामी जोड़ी ने एक ओवर पूरा किया, जिसके बाद खेल आगे बढ़ा।",तटस्थ,क्रिकेट,1
"निर्णायक समय पर दौड़ दल ने टायर बदलने में देरी की, जिससे पोडियम की संभावना घटी।",नकारात्मक,फॉर्मूला वन,0
"निर्णायक समय पर आक्रामक दल ने अपनी जगह संभाली, और अगला आक्रमण शुरू हुआ।",तटस्थ,फुटबॉल,1
"सर्विस करने वाले खिलाड़ी ने सही समय पर आक्रमण किया, और मुकाबला अपने पक्ष में झुका।",सकारात्मक,बैडमिंटन,2
"दबाव के बीच मुख्य रेडर ने बोनस का मौका गंवाया, जिससे वापसी कठिन हुई।",नकारात्मक,कबड्डी,0
"रक्षक ने तालमेल बनाया, जिसके बाद अगला अंक खेला गया।",तटस्थ,कबड्डी,1
"दबाव के बीच मुख्य रेडर ने मिलकर रेडर को रोका, और जीत की उम्मीद बढ़ी।",सकारात्मक,कबड्डी,2
"मुकाबले के इस चरण में आक्रामक खिलाड़ी ने तेज प्रतिक्रिया दिखाई, जिससे आत्मविश्वास बढ़ा।",सकारात्मक,बैडमिंटन,2
"दबाव के बीच मुख्य चालक ने सही रणनीति चुनी, और दौड़ का रुख बदला।",सकारात्मक,फॉर्मूला वन,2
"मुकाबले के इस चरण में रक्षापंक्ति ने सटीक पास दिया, जिससे दल का आत्मविश्वास बढ़ा।",सकारात्मक,फुटबॉल,2
"मुकाबले के इस चरण में टायर दल ने बदलाव में समय गंवाया, जिससे जीत की उम्मीद कमजोर हुई।",नकारात्मक,फॉर्मूला वन,0
"मुकाबले के इस चरण में क्षेत्ररक्षक ने कठिन गेंदों पर नियंत्रण रखा, और दर्शकों में उत्साह फैल गया 😀।",सकारात्मक,क्रिकेट,2
"दबाव के बीच मुख्य चालक ने मोड़ पार किया, और चालक ने अपनी स्थिति बनाए रखी।",तटस्थ,फॉर्मूला वन,1
"दबाव के बीच रेस दल ने दौड़ की योजना देखी, और मुकाबला सामान्य गति से चला।",तटस्थ,फॉर्मूला वन,1
"मुकाबले के इस चरण में मुख्य चालक ने टायर बदले, जिसके बाद कार फिर ट्रैक पर आई।",तटस्थ,फॉर्मूला वन,1
"मुकाबले के इस चरण में हमलावर ने गेंद पकड़ी, और मुकाबला सामान्य गति से चलता रहा।",तटस्थ,फुटबॉल,1
"निर्णायक समय पर विंगर ने गेंद पर नियंत्रण रखा, जिससे दल का आत्मविश्वास बढ़ा।",सकारात्मक,फुटबॉल,2
"दबाव के बीच एकल खिलाड़ी ने नेट पर शटल रोकी, और खेल आगे बढ़ा।",तटस्थ,बैडमिंटन,1
"निर्णायक समय पर रणनीति दल ने दौड़ की योजना देखी, जिसके बाद अगला चरण शुरू हुआ।",तटस्थ,फॉर्मूला वन,1
"आज नेट खिलाड़ी ने तेज प्रतिक्रिया दिखाई, और वापसी सफल हुई।",सकारात्मक,बैडमिंटन,2
"दबाव के बीच स्थानापन्न खिलाड़ी ने देर से बदलाव किया, और दर्शकों में निराशा फैल गई 😞।",नकारात्मक,फुटबॉल,0
"दबाव के बीच आक्रामक खिलाड़ी ने मजबूत बचाव किया, जिससे आत्मविश्वास बढ़ा।",सकारात्मक,बैडमिंटन,2
"दबाव के बीच कप्तान ने रणनीति में अच्छा बदलाव किया, और वापसी सफल हुई।",सकारात्मक,बैडमिंटन,2
"दबाव के बीच हमलावर ने गेंद पर नियंत्रण रखा, जिससे बढ़त मजबूत हुई।",सकारात्मक,फुटबॉल,2
"मुकाबले के इस चरण में कप्तान ने मैदान पर आने के बाद असर नहीं डाल सका, जिससे जरूरी अंक गंवा।",नकारात्मक,कबड्डी,0
"मुकाबले के इस चरण में रेडर ने मैदान पर आते ही असर डाला, और विपक्षी दबाव में आया।",सकारात्मक,कबड्डी,2
"निर्णायक समय पर टायर दल ने मोड़ पार किया, जिसके बाद कार फिर ट्रैक पर आई।",तटस्थ,फॉर्मूला वन,1
"क्षेत्ररक्षक ने अंतिम ओवरों में गति बढ़ाई, जिससे रन गति सुधरी।",सकारात्मक,क्रिकेट,2
"आज कार ने आंकड़ों की समीक्षा की, जिसके बाद कार फिर ट्रैक पर आई।",तटस्थ,फॉर्मूला वन,1
"चालक ने तेज सेवा दी, और दौड़ का रुख बदला।",सकारात्मक,फॉर्मूला वन,2
"निर्णायक समय पर दल ने रक्षा की स्थिति बनाई, जिसके बाद अगली रेड शुरू हुई।",तटस्थ,कबड्डी,1
"निर्णायक समय पर चालक ने तेज बदलाव किया, जिससे पोडियम की संभावना बढ़ी।",सकारात्मक,फॉर्मूला वन,2
"आज कप्तान ने सही समय पर चुनौती दी, जिससे बढ़त मजबूत हुई।",सकारात्मक,फुटबॉल,2
"मुकाबले के इस चरण में रेस दल ने सही रणनीति चुनी, जिससे जीत की उम्मीद बढ़ी।",सकारात्मक,फॉर्मूला वन,2
"रेस दल ने दबाव में गलती की, जिससे समय का नुकसान हुआ।",नकारात्मक,फॉर्मूला वन,0
"मुकाबले के इस चरण में पिछली पंक्ति का खिलाड़ी ने बचाव में चूक गया, जिससे आत्मविश्वास घटा।",नकारात्मक,बैडमिंटन,0
"आज निचला क्रम ने बीच के ओवरों में दबाव बनाए रखा, और मुकाबला अपने पक्ष में झुक गया।",सकारात्मक,क्रिकेट,2
"मुकाबले के इस चरण में निचला क्रम ने क्रीज पर आया, जिसके बाद दोनों दल अपनी योजना पर लौटे।",तटस्थ,क्रिकेट,1
"रक्षापंक्ति ने अपनी जगह संभाली, और दोनों दल रणनीति पर काम करते रहे।",तटस्थ,फुटबॉल,1
"निचला क्रम ने अगली गेंद का सामना किया, और मुकाबला सामान्य गति से चलता रहा।",तटस्थ,क्रिकेट,1
"निर्णायक समय पर एकल खिलाड़ी ने शटल आगे भेजी, और अगला अंक खेला गया।",तटस्थ,बैडमिंटन,1
"निर्णायक समय पर निचला क्रम ने अंतिम ओवरों में गति बढ़ाई, जिससे दल का आत्मविश्वास बढ़ा।",सकारात्मक,क्रिकेट,2
"मध्य क्षेत्र ने आक्रमण को रोक दिया, और मुकाबला अपने पक्ष में झुक गया।",सकारात्मक,फुटबॉल,2
"दबाव के बीच नेट खिलाड़ी ने सर्विस पर नियंत्रण खो बैठा, जिससे जीत कठिन हुई।",नकारात्मक,बैडमिंटन,0
"निर्णायक समय पर क्षेत्ररक्षक ने तेज प्रतिक्रिया से मौका बनाया, जिससे रन गति सुधरी।",सकारात्मक,क्रिकेट,2
"दबाव के बीच रणनीति दल ने मोड़ पार किया, और दौड़ आगे बढ़ी।",तटस्थ,फॉर्मूला वन,1
"आज रक्षापंक्ति ने लगातार दबाव बनाया, जिससे दल का आत्मविश्वास बढ़ा।",सकारात्मक,फुटबॉल,2
"मुकाबले के इस चरण में मध्य खिलाड़ी ने टैकल में चूक गया, जिससे बढ़त कमजोर हुई।",नकारात्मक,कबड्डी,0
"मुकाबले के इस चरण में विंगर ने विपक्षी हमले को रोका, जिसके बाद खिलाड़ी अपनी जगह लौटे।",तटस्थ,फुटबॉल,1
"दबाव के बीच युगल जोड़ी ने लंबी रैली गंवा बैठा, जिससे जीत कठिन हुई।",नकारात्मक,बैडमिंटन,0
"आज निचला क्रम ने कुछ रन जोड़े, और मुकाबला सामान्य गति से चलता रहा।",तटस्थ,क्रिकेट,1
"मुकाबले के इस चरण में पिट दल ने सही रणनीति चुनी, जिससे स्थान सुधरा।",सकारात्मक,फॉर्मूला वन,2
"आज पिछली पंक्ति का खिलाड़ी ने खाली जगह की ओर शटल भेजी, जिसके बाद अगली रैली शुरू हुई।",तटस्थ,बैडमिंटन,1
"क्षेत्ररक्षक ने अगला ओवर शुरू किया, जिसके बाद अगला ओवर शुरू हुआ।",तटस्थ,क्रिकेट,1
"आज स्थानापन्न खिलाड़ी ने मैदान पर आते ही असर डाला, जिससे बढ़त मजबूत हुई।",सकारात्मक,कबड्डी,2
"मुकाबले के इस चरण में मध्य क्षेत्र ने आक्रमण को रोक दिया, जिससे बढ़त मजबूत हुई।",सकारात्मक,फुटबॉल,2
"रक्षात्मक खिलाड़ी ने देर से प्रतिक्रिया दी, और वापसी का मौका कम हुआ।",नकारात्मक,बैडमिंटन,0
"मुकाबले के इस चरण में रक्षक ने बिना अंक लौट आया, और विपक्षी दबाव में नहीं आया।",नकारात्मक,कबड्डी,0
"निर्णायक समय पर क्षेत्ररक्षक ने समय पर रणनीति बदली, जिससे दल का आत्मविश्वास बढ़ा।",सकारात्मक,क्रिकेट,2
"आज पिट दल ने मोड़ पर नियंत्रण रखा, और प्रतिद्वंद्वी दबाव में आया।",सकारात्मक,फॉर्मूला वन,2
"निर्णायक समय पर पिट दल ने मोड़ पार किया, जिसके बाद कार फिर ट्रैक पर आई।",तटस्थ,फॉर्मूला वन,1
"दबाव के बीच रक्षा पंक्ति ने रेड शुरू की, जिसके बाद अगली रेड शुरू हुई।",तटस्थ,कबड्डी,1
"दबाव के बीच दौड़ दल ने शानदार ओवरटेक किया, जिससे जीत की उम्मीद बढ़ी।",सकारात्मक,फॉर्मूला वन,2
"मुकाबले के इस चरण में रक्षा पंक्ति ने निर्णायक अंक लिया, जिससे बढ़त मजबूत हुई।",सकारात्मक,कबड्डी,2
"निर्णायक समय पर निर्णायक अंक पर खिलाड़ी ने सर्विस पर नियंत्रण खो बैठा, और प्रतिद्वंद्वी दबाव में नहीं आया।",नकारात्मक,बैडमिंटन,0
"निर्णायक समय पर रक्षात्मक खिलाड़ी ने तेज प्रतिक्रिया दिखाई, और दर्शकों ने तालियां बजाईं 👏।",सकारात्मक,बैडमिंटन,2
"मुकाबले के इस चरण में टीम प्रबंधन ने आंकड़ों की समीक्षा की, और दौड़ आगे बढ़ी।",तटस्थ,फॉर्मूला वन,1
"मुकाबले के इस चरण में अंतिम रेडर ने रेडर को रोक नहीं पाया, जिससे दल का आत्मविश्वास घटा।",नकारात्मक,कबड्डी,0
"दबाव के बीच कप्तान ने अगला अंक खेला, और दोनों दल अगली चाल की तैयारी करने लगे।",तटस्थ,कबड्डी,1
"दबाव के बीच स्थानापन्न खिलाड़ी ने समय पर बदलाव किया, और मुकाबला अपने पक्ष में झुक गया।",सकारात्मक,फुटबॉल,2
"रेडर ने टैकल में चूक गया, और मुकाबला हाथ से निकलने लगा।",नकारात्मक,कबड्डी,0
"स्थानापन्न खिलाड़ी ने मैदान में प्रवेश किया, और खेल आगे बढ़ा।",तटस्थ,कबड्डी,1
"दबाव के बीच निचला क्रम ने दबाव में गलत शॉट चुना, और रणनीति विफल रही।",नकारात्मक,क्रिकेट,0
"दबाव के बीच मध्य क्षेत्र ने तेज तालमेल दिखाया, और जीत की उम्मीद बढ़ी।",सकारात्मक,फुटबॉल,2
"निर्णायक समय पर रक्षक ने तालमेल खो दिया, जिससे आत्मविश्वास घटा।",नकारात्मक,फुटबॉल,0
"दबाव के बीच बल्लेबाज ने पारी शुरू की, और पारी अपने क्रम में आगे बढ़ी।",तटस्थ,क्रिकेट,1
"दबाव के बीच रक्षक ने रक्षा की स्थिति बनाई, और मुकाबला सामान्य गति से चला।",तटस्थ,कबड्डी,1
"निर्णायक समय पर गेंदबाज ने जरूरी विकेट नहीं ले सका, जिससे दल का आत्मविश्वास घटा।",नकारात्मक,क्रिकेट,0
"दबाव के बीच रक्षात्मक खिलाड़ी ने अगला शॉट खेला, जिसके बाद दोनों खिलाड़ी अपनी जगह लौटे।",तटस्थ,बैडमिंटन,1
"मुकाबले के इस चरण में गोलकीपर ने दबाव नहीं बना सका, जिससे वापसी कठिन हुई।",नकारात्मक,फुटबॉल,0
"निर्णायक समय पर क्षेत्ररक्षक ने अंतिम ओवरों में नियंत्रण खो बैठा, जिससे जीत की संभावना कमजोर हुई।",नकारात्मक,क्रिकेट,0
"निर्णायक समय पर सर्विस करने वाला खिलाड़ी ने शटल आगे भेजी, जिसके बाद अगली रैली शुरू हुई।",तटस्थ,बैडमिंटन,1
"मुकाबले के इस चरण में दौड़ दल ने मोड़ पार किया, जिसके बाद अगला चरण शुरू हुआ।",तटस्थ,फॉर्मूला वन,1
"स्थानापन्न खिलाड़ी ने मैदान में प्रवेश किया, जिसके बाद खेल आगे बढ़ा।",तटस्थ,फुटबॉल,1
"निर्णायक समय पर चालक ने देर से निर्णय लिया, जिससे पोडियम की संभावना घटी।",नकारात्मक,फॉर्मूला वन,0
"मुकाबले के इस चरण में नेट खिलाड़ी ने सर्विस पर नियंत्रण रखा, और प्रतिद्वंद्वी दबाव में आया।",सकारात्मक,बैडमिंटन,2
"मुकाबले के इस चरण में दल ने मैदान पर आने के बाद असर नहीं डाल सका, और दर्शकों में निराशा फैल गई 😞।",नकारात्मक,कबड्डी,0
"सहायक रक्षक ने देर से बदलाव किया, जिससे वापसी कठिन हुई।",नकारात्मक,कबड्डी,0
"मुकाबले के इस चरण में मध्य मैदान के खिलाड़ी ने दबाव नहीं बना सका, और योजना विफल रही।",नकारात्मक,फुटबॉल,0
"निर्णायक समय पर रेडर ने अगली रेड की तैयारी की, और दोनों दल अगली चाल की तैयारी करने लगे।",तटस्थ,कबड्डी,1
"निर्णायक समय पर पिट दल ने गलत रणनीति चुनी, जिससे पोडियम की संभावना घटी।",नकारात्मक,फॉर्मूला वन,0
"निर्णायक समय पर टायर दल ने एक चक्कर पूरा किया, जिसके बाद कार फिर ट्रैक पर आई।",तटस्थ,फॉर्मूला वन,1
"निर्णायक समय पर चालक ने दबाव में धैर्य रखा, जिससे समय का लाभ मिला।",सकारात्मक,फॉर्मूला वन,2
"रणनीति दल ने दौड़ की योजना देखी, जिसके बाद कार फिर ट्रैक पर आई।",तटस्थ,फॉर्मूला वन,1
"स्थानापन्न खिलाड़ी ने शानदार टैकल किया, और मुकाबला अपने पक्ष में झुका।",सकारात्मक,कबड्डी,2
"दबाव के बीच क्षेत्ररक्षक ने आसान मौका गंवा बैठा, और मुकाबला हाथ से निकलने लगा।",नकारात्मक,क्रिकेट,0
"आज क्षेत्ररक्षक ने क्षेत्ररक्षण में बदलाव किया, जिसके बाद अगला ओवर शुरू हुआ।",तटस्थ,क्रिकेट,1
"आज पिछली पंक्ति का खिलाड़ी ने नेट के पास अंक गंवा दिया, जिससे आत्मविश्वास घटा।",नकारात्मक,बैडमिंटन,0
"मुकाबले के इस चरण में कप्तान ने अंतिम ओवरों में गति बढ़ाई, जिससे दल का आत्मविश्वास बढ़ा।",सकारात्मक,क्रिकेट,2
"मुकाबले के इस चरण में कप्तान ने साझेदारी नहीं बना सका, जिससे जीत की संभावना कमजोर हुई।",नकारात्मक,क्रिकेट,0
"दबाव के बीच मध्यक्रम ने क्रीज पर आया, और अगली गेंद खेली गई।",तटस्थ,क्रिकेट,1
"आज रक्षक ने मैदान में प्रवेश किया, जिसके बाद खिलाड़ी अपनी जगह लौटे।",तटस्थ,फुटबॉल,1
"दबाव के बीच एकल खिलाड़ी ने मजबूत बचाव किया, और मुकाबला अपने पक्ष में झुका।",सकारात्मक,बैडमिंटन,2
"निर्णायक समय पर दल ने तालमेल खो बैठा, और विपक्षी दबाव में नहीं आया।",नकारात्मक,कबड्डी,0
"दबाव के बीच गोलकीपर ने सही समय पर चुनौती दी, जिससे दल का आत्मविश्वास बढ़ा।",सकारात्मक,फुटबॉल,2
"कप्तान ने बिना अंक लौट आया, और रणनीति विफल रही।",नकारात्मक,कबड्डी,0
"आज क्षेत्ररक्षक ने समय पर रणनीति बदली, जिससे वापसी सफल हुई।",सकारात्मक,क्रिकेट,2
"निर्णायक समय पर बल्लेबाज ने दबाव में गलत शॉट चुना, और दर्शकों में निराशा फैल गई 😞।",नकारात्मक,क्रिकेट,0
"निर्णायक समय पर आक्रामक खिलाड़ी ने बचाव की स्थिति ली, जिसके बाद दोनों खिलाड़ी अपनी जगह लौटे।",तटस्थ,बैडमिंटन,1
"आज क्षेत्ररक्षक ने क्रीज पर आया, और पारी अपने क्रम में आगे बढ़ी।",तटस्थ,क्रिकेट,1
"टीम प्रबंधन ने बदलाव में समय गंवाया, जिससे समय का नुकसान हुआ।",नकारात्मक,फॉर्मूला वन,0
"आज टीम प्रबंधन ने एक चक्कर पूरा किया, जिसके बाद अगला चरण शुरू हुआ।",तटस्थ,फॉर्मूला वन,1
"मुकाबले के इस चरण में रेडर ने टैकल में चूक गया, और विपक्षी दबाव में नहीं आया।",नकारात्मक,कबड्डी,0
"मुकाबले के इस चरण में कप्तान ने निर्णायक अंक लिया, जिससे वापसी सफल हुई।",सकारात्मक,कबड्डी,2
"निर्णायक समय पर मध्य मैदान के खिलाड़ी ने खिलाड़ियों के बीच गेंद घुमाई, जिसके बाद खिलाड़ी अपनी जगह लौटे।",तटस्थ,फुटबॉल,1
"आज टीम प्रबंधन ने दौड़ की योजना देखी, और मुकाबला सामान्य गति से चला।",तटस्थ,फॉर्मूला वन,1
"मुकाबले के इस चरण में दल ने शानदार टैकल किया, और दर्शक खुशी से झूम उठे 😀।",सकारात्मक,कबड्डी,2
"मुकाबले के इस चरण में कप्तान ने सही समय पर चुनौती नहीं दी, जिससे आत्मविश्वास घटा।",नकारात्मक,फुटबॉल,0
"आज मध्य क्षेत्र ने विपक्षी हमले को रोका, और अगला आक्रमण शुरू हुआ।",तटस्थ,फुटबॉल,1
"मुकाबले के इस चरण में सलामी जोड़ी ने देर से रणनीति बदली, जिससे दल का आत्मविश्वास घटा।",नकारात्मक,क्रिकेट,0
"निर्णायक समय पर रेस दल ने गलत रणनीति चुनी, जिससे जीत की उम्मीद कमजोर हुई।",नकारात्मक,फॉर्मूला वन,0
"आज कप्तान ने शानदार गोल किया, जिससे गोल का अवसर बना।",सकारात्मक,फुटबॉल,2
"निर्णायक समय पर स्पिनर ने क्षेत्ररक्षण में बदलाव किया, और पारी अपने क्रम में आगे बढ़ी।",तटस्थ,क्रिकेट,1
"रक्षात्मक खिलाड़ी ने नेट के पास दबाव बनाया, जिससे आत्मविश्वास बढ़ा।",सकारात्मक,बैडमिंटन,2
"आज विकेटकीपर ने दबाव में सही शॉट चुना, जिससे रन गति सुधरी।",सकारात्मक,क्रिकेट,2
"रक्षा पंक्ति ने घेरा टूटने दिया, जिससे जरूरी अंक गंवा।",नकारात्मक,कबड्डी,0
"मुकाबले के इस चरण में खिलाड़ी ने अगले अंक की तैयारी की, जिसके बाद दोनों खिलाड़ी अपनी जगह लौटे।",तटस्थ,बैडमिंटन,1
"मुकाबले के इस चरण में क्षेत्ररक्षक ने अंतिम ओवरों में नियंत्रण खो बैठा, और रणनीति विफल रही।",नकारात्मक,क्रिकेट,0
"चालक ने मोड़ पर नियंत्रण रखा, जिससे समय का लाभ मिला।",सकारात्मक,फॉर्मूला वन,2
"मुकाबले के इस चरण में क्षेत्ररक्षक ने ढीली गेंदें डालता रहा, जिससे जीत की संभावना कमजोर हुई।",नकारात्मक,क्रिकेट,0
"आज मध्यक्रम ने दबाव में गलत शॉट चुना, जिससे वापसी कठिन हुई।",नकारात्मक,क्रिकेट,0
"आज रक्षक ने मैदान में प्रवेश किया, और दोनों दल रणनीति पर काम करते रहे।",तटस्थ,फुटबॉल,1
"मुकाबले के इस चरण में रक्षा पंक्ति ने विपक्षी क्षेत्र की ओर बढ़ा, जिसके बाद अगली रेड शुरू हुई।",तटस्थ,कबड्डी,1
"निर्णायक समय पर क्षेत्ररक्षक ने एक ओवर पूरा किया, और पारी अपने क्रम में आगे बढ़ी।",तटस्थ,क्रिकेट,1
"मुख्य रेडर ने मिलकर रेडर को रोका, और मुकाबला अपने पक्ष में झुका।",सकारात्मक,कबड्डी,2
"आज रक्षापंक्ति ने मैदान पर आने के बाद असर नहीं डाल सका, और दर्शकों में निराशा फैल गई 😞।",नकारात्मक,फुटबॉल,0
"आज पिट दल ने रणनीति पर चर्चा की, और चालक ने अपनी स्थिति बनाए रखी।",तटस्थ,फॉर्मूला वन,1
"दबाव के बीच स्थानापन्न खिलाड़ी ने विपक्षी हमले को रोका, और मुकाबला सामान्य गति से चलता रहा।",तटस्थ,फुटबॉल,1
"निर्णायक समय पर गोलकीपर ने गेंद अपने पास रखी, और दोनों दल रणनीति पर काम करते रहे।",तटस्थ,फुटबॉल,1
"मुकाबले के इस चरण में विंगर ने अपनी जगह संभाली, और अगला आक्रमण शुरू हुआ।",तटस्थ,फुटबॉल,1
"आज रक्षा पंक्ति ने मजबूत घेरा बनाया, जिससे दल का आत्मविश्वास बढ़ा।",सकारात्मक,कबड्डी,2
"दबाव के बीच आक्रामक दल ने शानदार गोल किया, जिससे बढ़त मजबूत हुई।",सकारात्मक,फुटबॉल,2
"चालक ने एक चक्कर पूरा किया, जिसके बाद अगला चरण शुरू हुआ।",तटस्थ,फॉर्मूला वन,1
"मुकाबले के इस चरण में रक्षक ने बचाव में चूक गया, जिससे आत्मविश्वास घटा।",नकारात्मक,फुटबॉल,0
"दबाव के बीच चालक ने ट्रैक की स्थिति देखी, जिसके बाद अगला चक्कर शुरू हुआ।",तटस्थ,फॉर्मूला वन,1
"आज विकेटकीपर ने क्रीज पर आया, जिसके बाद अगला ओवर शुरू हुआ।",तटस्थ,क्रिकेट,1
"निर्णायक समय पर गोलकीपर ने मैदान में प्रवेश किया, और दोनों दल रणनीति पर काम करते रहे।",तटस्थ,फुटबॉल,1
"चालक ने मोड़ पार किया, जिसके बाद कार फिर ट्रैक पर आई।",तटस्थ,फॉर्मूला वन,1
"मुख्य चालक ने ओवरटेक का मौका गंवाया, जिससे पोडियम की संभावना घटी।",नकारात्मक,फॉर्मूला वन,0
"क्षेत्ररक्षक ने बीच के ओवरों में महंगा साबित हुआ, जिससे जीत की संभावना कमजोर हुई।",नकारात्मक,क्रिकेट,0
"निर्णायक समय पर नेट खिलाड़ी ने बचाव की स्थिति ली, जिसके बाद दोनों खिलाड़ी अपनी जगह लौटे।",तटस्थ,बैडमिंटन,1
"आज युगल जोड़ी ने कठिन शटल नहीं लौटा सका, और वापसी का मौका कम हुआ।",नकारात्मक,बैडमिंटन,0
"मुकाबले के इस चरण में स्थानापन्न खिलाड़ी ने रक्षा की स्थिति बनाई, और दोनों दल अगली चाल की तैयारी करने लगे।",तटस्थ,कबड्डी,1
"आज खिलाड़ी ने कठिन शटल लौटा दी, जिससे जीत की उम्मीद बढ़ी।",सकारात्मक,बैडमिंटन,2
"आज चालक ने शानदार ओवरटेक किया, और प्रशंसकों में उत्साह फैल गया 🏎️।",सकारात्मक,फॉर्मूला वन,2
"निर्णायक समय पर निर्णायक अंक पर खिलाड़ी ने खाली जगह पहचानी, जिससे निर्णायक अंक मिला।",सकारात्मक,बैडमिंटन,2
"आज क्षेत्ररक्षक ने एक ओवर पूरा किया, जिसके बाद दोनों दल अपनी योजना पर लौटे।",तटस्थ,क्रिकेट,1
"दबाव के बीच आक्रामक दल ने सही समय पर चुनौती नहीं दी, और विपक्षी को फायदा मिला।",नकारात्मक,फुटबॉल,0
"दबाव के बीच कार ने टायरों का सही उपयोग किया, और प्रशंसकों में उत्साह फैल गया 🏎️।",सकारात्मक,फॉर्मूला वन,2
"दबाव के बीच टायर दल ने अगले बदलाव की तैयारी की, जिसके बाद कार फिर ट्रैक पर आई।",तटस्थ,फॉर्मूला वन,1
"दल ने टैकल में चूक गया, जिससे जरूरी अंक गंवा।",नकारात्मक,कबड्डी,0
"निर्णायक समय पर आक्रामक खिलाड़ी ने स्मैश बाहर मार बैठा, और वापसी का मौका कम हुआ।",नकारात्मक,बैडमिंटन,0
"निर्णायक समय पर आक्रामक दल ने गोल की ओर गेंद भेजी, और अगला आक्रमण शुरू हुआ।",तटस्थ,फुटबॉल,1
"मुकाबले के इस चरण में रक्षात्मक खिलाड़ी ने देर से प्रतिक्रिया दी, जिससे आत्मविश्वास घटा।",नकारात्मक,बैडमिंटन,0
"दबाव के बीच मुख्य रेडर ने समय पर बदलाव किया, जिससे वापसी सफल हुई।",सकारात्मक,कबड्डी,2
"मुकाबले के इस चरण में मुख्य रेडर ने मजबूत घेरा बनाया, जिससे बढ़त मजबूत हुई।",सकारात्मक,कबड्डी,2
"आज क्षेत्ररक्षक ने पारी शुरू की, और पारी अपने क्रम में आगे बढ़ी।",तटस्थ,क्रिकेट,1
"स्थानापन्न खिलाड़ी ने बिना अंक लौट आया, और रणनीति विफल रही।",नकारात्मक,कबड्डी,0
"तेज गेंदबाज ने कुछ रन जोड़े, और अगली गेंद खेली गई।",तटस्थ,क्रिकेट,1
"आज आक्रामक खिलाड़ी ने रणनीति में सुधार नहीं कर सका, और मुकाबला विपक्षी की ओर झुका।",नकारात्मक,बैडमिंटन,0
"दबाव के बीच दौड़ दल ने लगातार अच्छा तालमेल रखा, और प्रशंसकों में उत्साह फैल गया 🏎️।",सकारात्मक,फॉर्मूला वन,2
"मुकाबले के इस चरण में टीम प्रबंधन ने दौड़ की योजना देखी, जिसके बाद कार फिर ट्रैक पर आई।",तटस्थ,फॉर्मूला वन,1
"सलामी जोड़ी ने संयम से पारी संभाली, और विपक्षी दबाव में आ गया।",सकारात्मक,क्रिकेट,2
"रणनीति दल ने अगले बदलाव की तैयारी की, जिसके बाद कार फिर ट्रैक पर आई।",तटस्थ,फॉर्मूला वन,1
"दबाव के बीच विकेटकीपर ने कठिन गेंदों पर नियंत्रण रखा, और दर्शकों में उत्साह फैल गया 😀।",सकारात्मक,क्रिकेट,2
"आज विंगर ने पास आगे बढ़ाया, जिसके बाद खेल आगे बढ़ा।",तटस्थ,फुटबॉल,1
"मुकाबले के इस चरण में निचला क्रम ने दबाव में गलत शॉट चुना, जिससे रन गति गिर गई।",नकारात्मक,क्रिकेट,0
"आक्रामक दल ने गलत पास दिया, जिससे आत्मविश्वास घटा।",नकारात्मक,फुटबॉल,0
"युगल जोड़ी ने बचाव में चूक गया, जिससे निर्णायक अंक हाथ से गया।",नकारात्मक,बैडमिंटन,0
"निर्णायक समय पर विकेटकीपर ने एक ओवर पूरा किया, जिसके बाद खेल आगे बढ़ा।",तटस्थ,क्रिकेट,1
"निर्णायक समय पर विकेटकीपर ने कुछ रन जोड़े, और मुकाबला सामान्य गति से चलता रहा।",तटस्थ,क्रिकेट,1
"निर्णायक समय पर युगल जोड़ी ने शटल आगे भेजी, जिसके बाद अगली रैली शुरू हुई।",तटस्थ,बैडमिंटन,1
"निर्णायक समय पर निचला क्रम ने ढीली गेंदें डालता रहा, जिससे दल का आत्मविश्वास घटा।",नकारात्मक,क्रिकेट,0
"निर्णायक समय पर रक्षक ने अपनी जगह संभाली, और दोनों दल अगली चाल की तैयारी करने लगे।",तटस्थ,कबड्डी,1
"एकल खिलाड़ी ने सर्विस पर नियंत्रण रखा, और वापसी सफल हुई।",सकारात्मक,बैडमिंटन,2
"निर्णायक समय पर विकेटकीपर ने महत्वपूर्ण गेंद रोक नहीं पाया, जिससे दल का आत्मविश्वास घटा।",नकारात्मक,क्रिकेट,0
"आज विकेटकीपर ने कठिन गेंदों पर नियंत्रण रखा, और दर्शकों में उत्साह फैल गया 😀।",सकारात्मक,क्रिकेट,2
"मुकाबले के इस चरण में कप्तान ने बीच के ओवरों में दबाव बनाए रखा, जिससे दल का आत्मविश्वास बढ़ा।",सकारात्मक,क्रिकेट,2
"निर्णायक समय पर गेंदबाज ने देर से रणनीति बदली, और मुकाबला हाथ से निकलने लगा।",नकारात्मक,क्रिकेट,0
"दबाव के बीच कप्तान ने तेज प्रतिक्रिया दिखाई, जिससे जीत की उम्मीद बढ़ी।",सकारात्मक,बैडमिंटन,2
"दबाव के बीच कप्तान ने सर्विस पर नियंत्रण रखा, और दर्शकों ने तालियां बजाईं 👏।",सकारात्मक,बैडमिंटन,2
"निर्णायक समय पर इंजीनियर ने अगले बदलाव की तैयारी की, जिसके बाद कार फिर ट्रैक पर आई।",तटस्थ,फॉर्मूला वन,1
"मुकाबले के इस चरण में निचला क्रम ने महत्वपूर्ण गेंद रोक नहीं पाया, और दर्शकों में निराशा फैल गई 😞।",नकारात्मक,क्रिकेट,0
"खिलाड़ी ने सही समय पर आक्रमण किया, जिससे बढ़त मजबूत हुई।",सकारात्मक,बैडमिंटन,2
"आज निचला क्रम ने क्रीज पर आया, और मुकाबला सामान्य गति से चलता रहा।",तटस्थ,क्रिकेट,1
"स्पिनर ने अपनी जगह बदली, जिसके बाद खेल आगे बढ़ा।",तटस्थ,क्रिकेट,1
"आज स्थानापन्न खिलाड़ी ने घेरा टूटने दिया, जिससे वापसी कठिन हुई।",नकारात्मक,कबड्डी,0
"मुख्य चालक ने अंतिम चरण में गति नहीं बढ़ा सका, जिससे समय का नुकसान हुआ।",नकारात्मक,फॉर्मूला वन,0
"मुकाबले के इस चरण में सहायक रक्षक ने तालमेल बनाया, जिसके बाद अगली रेड शुरू हुई।",तटस्थ,कबड्डी,1
"दबाव के बीच स्थानापन्न खिलाड़ी ने मजबूत घेरा बनाया, और दर्शक खुशी से झूम उठे 😀।",सकारात्मक,कबड्डी,2
"निर्णायक अंक पर खिलाड़ी ने बचाव में चूक गया, और मुकाबला विपक्षी की ओर झुका।",नकारात्मक,बैडमिंटन,0
"दबाव के बीच रक्षात्मक खिलाड़ी ने सर्विस पर नियंत्रण खो बैठा, और वापसी का मौका कम हुआ।",नकारात्मक,बैडमिंटन,0
"मुकाबले के इस चरण में सर्विस करने वाला खिलाड़ी ने कठिन शटल नहीं लौटा सका, और प्रतिद्वंद्वी दबाव में नहीं आया।",नकारात्मक,बैडमिंटन,0
"सर्विस करने वाला खिलाड़ी ने नेट के पास अंक गंवा दिया, और दर्शकों में निराशा फैल गई 😞।",नकारात्मक,बैडमिंटन,0
"दबाव के बीच मध्य खिलाड़ी ने मैदान पर आते ही असर डाला, और विपक्षी दबाव में आया।",सकारात्मक,कबड्डी,2
"मुकाबले के इस चरण में आक्रामक खिलाड़ी ने मजबूत बचाव किया, जिससे निर्णायक अंक मिला।",सकारात्मक,बैडमिंटन,2
"दबाव के बीच सर्विस करने वाला खिलाड़ी ने अगले अंक की तैयारी की, जिसके बाद अगली रैली शुरू हुई।",तटस्थ,बैडमिंटन,1
"निर्णायक समय पर युगल जोड़ी ने नेट के पास दबाव बनाया, और वापसी सफल हुई।",सकारात्मक,बैडमिंटन,2
"मध्य मैदान के खिलाड़ी ने पास आगे बढ़ाया, और मुकाबला सामान्य गति से चलता रहा।",तटस्थ,फुटबॉल,1
"चालक ने तेज बदलाव किया, जिससे पोडियम की संभावना बढ़ी।",सकारात्मक,फॉर्मूला वन,2
"निर्णायक समय पर निचला क्रम ने अंतिम ओवरों में गति बढ़ाई, और रणनीति कामयाब रही।",सकारात्मक,क्रिकेट,2
"आज स्पिनर ने देर से रणनीति बदली, और विपक्षी को बढ़त मिल गई।",नकारात्मक,क्रिकेट,0
"निर्णायक समय पर कप्तान ने आक्रमण शुरू किया, जिसके बाद खिलाड़ी अपनी जगह लौटे।",तटस्थ,फुटबॉल,1
"सर्विस करने वाला खिलाड़ी ने रैली जारी रखी, और अगला अंक खेला गया।",तटस्थ,बैडमिंटन,1
"मुकाबले के इस चरण में मध्य मैदान के खिलाड़ी ने आसान मौका गंवाया, और योजना विफल रही।",नकारात्मक,फुटबॉल,0
"निर्णायक समय पर दौड़ दल ने शानदार ओवरटेक किया, जिससे समय का लाभ मिला।",सकारात्मक,फॉर्मूला वन,2
"मुकाबले के इस चरण में विंगर ने सही समय पर चुनौती दी, जिससे गोल का अवसर बना।",सकारात्मक,फुटबॉल,2
"मुकाबले के इस चरण में निचला क्रम ने तेज प्रतिक्रिया से मौका बनाया, जिससे वापसी सफल हुई।",सकारात्मक,क्रिकेट,2
"निर्णायक समय पर नेट खिलाड़ी ने पीछे से प्रहार किया, और खेल आगे बढ़ा।",तटस्थ,बैडमिंटन,1
"मुख्य रेडर ने शानदार टैकल किया, जिससे वापसी सफल हुई।",सकारात्मक,कबड्डी,2
"मुकाबले के इस चरण में निचला क्रम ने अगला ओवर शुरू किया, और मुकाबला सामान्य गति से चलता रहा।",तटस्थ,क्रिकेट,1
"हमलावर ने आक्रमण शुरू किया, जिसके बाद खेल आगे बढ़ा।",तटस्थ,फुटबॉल,1
"निर्णायक समय पर स्थानापन्न खिलाड़ी ने देर से बदलाव किया, जिससे दल का आत्मविश्वास घटा।",नकारात्मक,कबड्डी,0
"मुख्य चालक ने टायरों का गलत उपयोग किया, जिससे स्थान गिरा।",नकारात्मक,फॉर्मूला वन,0
"मुकाबले के इस चरण में युगल जोड़ी ने देर से प्रतिक्रिया दी, और मुकाबला विपक्षी की ओर झुका।",नकारात्मक,बैडमिंटन,0
"आज स्पिनर ने बीच के ओवर में गेंदबाजी की, और मुकाबला सामान्य गति से चलता रहा।",तटस्थ,क्रिकेट,1
"निर्णायक समय पर टीम प्रबंधन ने लगातार अच्छा तालमेल रखा, और दौड़ का रुख बदला।",सकारात्मक,फॉर्मूला वन,2
"आज रक्षापंक्ति ने लगातार दबाव बनाया, और दर्शक खुशी से झूम उठे 😀।",सकारात्मक,फुटबॉल,2
"विकेटकीपर ने जरूरी विकेट नहीं ले सका, और रणनीति विफल रही।",नकारात्मक,क्रिकेट,0
"दबाव के बीच टीम प्रबंधन ने दबाव में धैर्य रखा, जिससे समय का लाभ मिला।",सकारात्मक,फॉर्मूला वन,2
"मुकाबले के इस चरण में नेट खिलाड़ी ने रणनीति में सुधार नहीं कर सका, और मुकाबला विपक्षी की ओर झुका।",नकारात्मक,बैडमिंटन,0
"निर्णायक समय पर खिलाड़ी ने खाली जगह की ओर शटल भेजी, जिसके बाद दोनों खिलाड़ी अपनी जगह लौटे।",तटस्थ,बैडमिंटन,1
"मुकाबले के इस चरण में रणनीति दल ने मोड़ पार किया, जिसके बाद कार फिर ट्रैक पर आई।",तटस्थ,फॉर्मूला वन,1
"मुकाबले के इस चरण में मुख्य चालक ने दौड़ की योजना देखी, जिसके बाद कार फिर ट्रैक पर आई।",तटस्थ,फॉर्मूला वन,1
"निर्णायक समय पर सलामी जोड़ी ने क्षेत्ररक्षण में बदलाव किया, और पारी अपने क्रम में आगे बढ़ी।",तटस्थ,क्रिकेट,1
"निर्णायक समय पर आक्रामक दल ने गोल की ओर गेंद भेजी, जिसके बाद खिलाड़ी अपनी जगह लौटे।",तटस्थ,फुटबॉल,1
"निर्णायक समय पर सर्विस करने वाला खिलाड़ी ने अगले अंक की तैयारी की, और खेल आगे बढ़ा।",तटस्थ,बैडमिंटन,1
"आज क्षेत्ररक्षक ने पारी शुरू की, जिसके बाद दोनों दल अपनी योजना पर लौटे।",तटस्थ,क्रिकेट,1
"नेट खिलाड़ी ने रणनीति में सुधार नहीं कर सका, जिससे जीत कठिन हुई।",नकारात्मक,बैडमिंटन,0
"मुकाबले के इस चरण में दल ने अच्छा तालमेल दिखाया, और विपक्षी दबाव में आया।",सकारात्मक,कबड्डी,2
"मुकाबले के इस चरण में आक्रामक खिलाड़ी ने देर से प्रतिक्रिया दी, जिससे बढ़त कमजोर हुई।",नकारात्मक,बैडमिंटन,0
"निर्णायक समय पर रणनीति दल ने गलत रणनीति चुनी, और दौड़ का रुख बिगड़ा।",नकारात्मक,फॉर्मूला वन,0
"दबाव के बीच विकेटकीपर ने दबाव में सही शॉट चुना, जिससे दल का आत्मविश्वास बढ़ा।",सकारात्मक,क्रिकेट,2
"निर्णायक समय पर सर्विस करने वाला खिलाड़ी ने बचाव की स्थिति ली, और खेल आगे बढ़ा।",तटस्थ,बैडमिंटन,1
"मुकाबले के इस चरण में रक्षापंक्ति ने खिलाड़ियों के बीच गेंद घुमाई, जिसके बाद गेंद फिर मध्य क्षेत्र में गई।",तटस्थ,फुटबॉल,1
"दबाव के बीच एकल खिलाड़ी ने सटीक स्मैश लगाया, और दर्शकों ने तालियां बजाईं 👏।",सकारात्मक,बैडमिंटन,2
"दबाव के बीच हमलावर ने सही समय पर चुनौती दी, और जीत की उम्मीद बढ़ी।",सकारात्मक,फुटबॉल,2
"दबाव के बीच रक्षक ने तालमेल खो बैठा, और रणनीति विफल रही।",नकारात्मक,कबड्डी,0
"रणनीति दल ने टायरों का सही उपयोग किया, और प्रतिद्वंद्वी दबाव में आया।",सकारात्मक,फॉर्मूला वन,2
"आज रक्षक ने शानदार टैकल किया, जिससे वापसी सफल हुई।",सकारात्मक,कबड्डी,2
"मुकाबले के इस चरण में आक्रामक खिलाड़ी ने रैली जारी रखी, जिसके बाद अगली रैली शुरू हुई।",तटस्थ,बैडमिंटन,1
"निर्णायक समय पर विंगर ने पास आगे बढ़ाया, जिसके बाद खेल आगे बढ़ा।",तटस्थ,फुटबॉल,1
"आज मध्य क्षेत्र ने गेंद पकड़ी, और अगला आक्रमण शुरू हुआ।",तटस्थ,फुटबॉल,1
"मुकाबले के इस चरण में तेज गेंदबाज ने बीच के ओवरों में महंगा साबित हुआ, और विपक्षी को बढ़त मिल गई।",नकारात्मक,क्रिकेट,0
"निर्णायक समय पर निचला क्रम ने अगली गेंद का सामना किया, जिसके बाद अगला ओवर शुरू हुआ।",तटस्थ,क्रिकेट,1
"आज टायर दल ने देर से निर्णय लिया, जिससे समय का नुकसान हुआ।",नकारात्मक,फॉर्मूला वन,0
"दबाव के बीच एकल खिलाड़ी ने शटल आगे भेजी, जिसके बाद सर्विस बदली गई।",तटस्थ,बैडमिंटन,1
"मुकाबले के इस चरण में निर्णायक अंक पर खिलाड़ी ने अगला शॉट खेला, जिसके बाद सर्विस बदली गई।",तटस्थ,बैडमिंटन,1
"मुकाबले के इस चरण में कप्तान ने टैकल में चूक गया, जिससे दल का आत्मविश्वास घटा।",नकारात्मक,कबड्डी,0
"निर्णायक समय पर अंतिम रेडर ने विपक्षी क्षेत्र की ओर बढ़ा, जिसके बाद खिलाड़ी अपनी जगह लौटे।",तटस्थ,कबड्डी,1
"दबाव के बीच एकल खिलाड़ी ने कठिन शटल नहीं लौटा सका, जिससे जीत कठिन हुई।",नकारात्मक,बैडमिंटन,0
"मुकाबले के इस चरण में मध्यक्रम ने अगली गेंद का सामना किया, जिसके बाद अगला ओवर शुरू हुआ।",तटस्थ,क्रिकेट,1
"निर्णायक समय पर कार ने दौड़ की योजना देखी, और चालक ने अपनी स्थिति बनाए रखी।",तटस्थ,फॉर्मूला वन,1
"मुकाबले के इस चरण में मुख्य चालक ने मोड़ पर नियंत्रण रखा, जिससे जीत की उम्मीद बढ़ी।",सकारात्मक,फॉर्मूला वन,2
"क्षेत्ररक्षक ने महत्वपूर्ण विकेट लिया, और विपक्षी दबाव में आ गया।",सकारात्मक,क्रिकेट,2
"आज कप्तान ने रैली जारी रखी, और खेल आगे बढ़ा।",तटस्थ,बैडमिंटन,1
"निर्णायक समय पर सहायक रक्षक ने मैदान में प्रवेश किया, जिसके बाद अगला अंक खेला गया।",तटस्थ,कबड्डी,1
"दबाव के बीच मुख्य रेडर ने देर से बदलाव किया, जिससे बढ़त कमजोर हुई।",नकारात्मक,कबड्डी,0
"पिट दल ने एक चक्कर पूरा किया, और मुकाबला सामान्य गति से चला।",तटस्थ,फॉर्मूला वन,1
"मुकाबले के इस चरण में इंजीनियर ने तेज सेवा दी, जिससे जीत की उम्मीद बढ़ी।",सकारात्मक,फॉर्मूला वन,2
"दबाव के बीच मध्य खिलाड़ी ने समय पर बदलाव किया, और जीत की उम्मीद बढ़ी।",सकारात्मक,कबड्डी,2
"मुकाबले के इस चरण में निर्णायक अंक पर खिलाड़ी ने मजबूत बचाव किया, जिससे आत्मविश्वास बढ़ा।",सकारात्मक,बैडमिंटन,2
"आज दौड़ दल ने एक चक्कर पूरा किया, जिसके बाद अगला चक्कर शुरू हुआ।",तटस्थ,फॉर्मूला वन,1
"आज रक्षापंक्ति ने आक्रमण शुरू किया, और अगला आक्रमण शुरू हुआ।",तटस्थ,फुटबॉल,1
"आज रक्षात्मक खिलाड़ी ने शटल आगे भेजी, जिसके बाद दोनों खिलाड़ी अपनी जगह लौटे।",तटस्थ,बैडमिंटन,1
"आज क्षेत्ररक्षक ने महत्वपूर्ण गेंद रोक नहीं पाया, और मुकाबला हाथ से निकलने लगा।",नकारात्मक,क्रिकेट,0
"आज सलामी जोड़ी ने दबाव में सही शॉट चुना, और विपक्षी दबाव में आ गया।",सकारात्मक,क्रिकेट,2
"सहायक रक्षक ने मिलकर रेडर को रोका, जिससे दल का आत्मविश्वास बढ़ा।",सकारात्मक,कबड्डी,2
"दबाव के बीच सहायक रक्षक ने मैदान पर आने के बाद असर नहीं डाल सका, और रणनीति विफल रही।",नकारात्मक,कबड्डी,0
"मुकाबले के इस चरण में विकेटकीपर ने बीच के ओवरों में दबाव बनाए रखा, जिससे दल का आत्मविश्वास बढ़ा।",सकारात्मक,क्रिकेट,2
"निर्णायक समय पर इंजीनियर ने टायर बदलने में देरी की, जिससे पोडियम की संभावना घटी।",नकारात्मक,फॉर्मूला वन,0
"आज कप्तान ने लंबी रैली जीती, जिससे आत्मविश्वास बढ़ा।",सकारात्मक,बैडमिंटन,2
"मुकाबले के इस चरण में मध्य मैदान के खिलाड़ी ने मैदान पर आते ही असर डाला, और जीत की उम्मीद बढ़ी।",सकारात्मक,फुटबॉल,2
"कप्तान ने गलत समय पर आक्रमण किया, जिससे आत्मविश्वास घटा।",नकारात्मक,बैडमिंटन,0
"आज आक्रामक खिलाड़ी ने अगला शॉट खेला, जिसके बाद दोनों खिलाड़ी अपनी जगह लौटे।",तटस्थ,बैडमिंटन,1
"दबाव के बीच कप्तान ने संयम से पारी संभाली, और मुकाबला अपने पक्ष में झुक गया।",सकारात्मक,क्रिकेट,2
"मुकाबले के इस चरण में हमलावर ने आक्रमण शुरू किया, और अगला आक्रमण शुरू हुआ।",तटस्थ,फुटबॉल,1
"मुकाबले के इस चरण में नेट खिलाड़ी ने सर्विस की, और खेल आगे बढ़ा।",तटस्थ,बैडमिंटन,1
"निर्णायक समय पर खिलाड़ी ने सर्विस की, जिसके बाद दोनों खिलाड़ी अपनी जगह लौटे।",तटस्थ,बैडमिंटन,1
"मुकाबले के इस चरण में खिलाड़ी ने खाली जगह की ओर शटल भेजी, जिसके बाद अगली रैली शुरू हुई।",तटस्थ,बैडमिंटन,1
"मुकाबले के इस चरण में रणनीति दल ने टायरों का सही उपयोग किया, जिससे समय का लाभ मिला।",सकारात्मक,फॉर्मूला वन,2
"टीम प्रबंधन ने आंकड़ों की समीक्षा की, जिसके बाद अगला चक्कर शुरू हुआ।",तटस्थ,फॉर्मूला वन,1
"दबाव के बीच स्थानापन्न खिलाड़ी ने खिलाड़ियों के बीच गेंद घुमाई, जिसके बाद खिलाड़ी अपनी जगह लौटे।",तटस्थ,फुटबॉल,1
"मुकाबले के इस चरण में मध्य मैदान के खिलाड़ी ने तेज तालमेल दिखाया, जिससे दल का आत्मविश्वास बढ़ा।",सकारात्मक,फुटबॉल,2
"निर्णायक समय पर दौड़ दल ने देर से निर्णय लिया, और प्रतिद्वंद्वी को फायदा मिला।",नकारात्मक,फॉर्मूला वन,0
"आज स्पिनर ने कठिन गेंदों पर नियंत्रण रखा, जिससे रन गति सुधरी।",सकारात्मक,क्रिकेट,2
"मुकाबले के इस चरण में मध्यक्रम ने पारी शुरू की, और अगली गेंद खेली गई।",तटस्थ,क्रिकेट,1
"निर्णायक समय पर रेडर ने बिना अंक लौट आया, जिससे दल का आत्मविश्वास घटा।",नकारात्मक,कबड्डी,0
"दबाव के बीच युगल जोड़ी ने सर्विस पर नियंत्रण खो बैठा, और वापसी का मौका कम हुआ।",नकारात्मक,बैडमिंटन,0
"आज विंगर ने सही समय पर चुनौती नहीं दी, और दर्शकों में निराशा फैल गई 😞।",नकारात्मक,फुटबॉल,0
"रक्षात्मक खिलाड़ी ने खाली जगह पहचानी, जिससे बढ़त मजबूत हुई।",सकारात्मक,बैडमिंटन,2
"रक्षक ने लगातार दबाव बनाया, और दर्शक खुशी से झूम उठे 😀।",सकारात्मक,फुटबॉल,2
"दबाव के बीच नेट खिलाड़ी ने नेट पर शटल रोकी, और मुकाबला सामान्य गति से चला।",तटस्थ,बैडमिंटन,1
"मुकाबले के इस चरण में रणनीति दल ने सही रणनीति चुनी, जिससे जीत की उम्मीद बढ़ी।",सकारात्मक,फॉर्मूला वन,2
"रक्षक ने बचाव में चूक गया, जिससे वापसी कठिन हुई।",नकारात्मक,फुटबॉल,0
"आज स्थानापन्न खिलाड़ी ने रेड शुरू की, और दोनों दल अगली चाल की तैयारी करने लगे।",तटस्थ,कबड्डी,1
"कार ने सही रणनीति चुनी, जिससे जीत की उम्मीद बढ़ी।",सकारात्मक,फॉर्मूला वन,2
"हमलावर ने मैदान पर आने के बाद असर नहीं डाल सका, और दर्शकों में निराशा फैल गई 😞।",नकारात्मक,फुटबॉल,0
"निर्णायक समय पर खिलाड़ी ने स्मैश बाहर मार बैठा, जिससे निर्णायक अंक हाथ से गया।",नकारात्मक,बैडमिंटन,0
"आज कप्तान ने गेंद संभाली, जिसके बाद दोनों दल अपनी योजना पर लौटे।",तटस्थ,क्रिकेट,1
"कप्तान ने विपक्षी क्षेत्र की ओर बढ़ा, और दोनों दल अगली चाल की तैयारी करने लगे।",तटस्थ,कबड्डी,1
"दबाव के बीच चालक ने अपनी गति बनाए रखी, जिसके बाद अगला चक्कर शुरू हुआ।",तटस्थ,फॉर्मूला वन,1
"मुकाबले के इस चरण में मध्य खिलाड़ी ने समय पर बदलाव किया, जिससे दल का आत्मविश्वास बढ़ा।",सकारात्मक,कबड्डी,2
"मुख्य रेडर ने अच्छा तालमेल दिखाया, और जीत की उम्मीद बढ़ी।",सकारात्मक,कबड्डी,2
"मुकाबले के इस चरण में दौड़ दल ने गलत रणनीति चुनी, और दल का मनोबल गिरा।",नकारात्मक,फॉर्मूला वन,0
"दबाव के बीच रेडर ने बिना अंक लौट आया, और दर्शकों में निराशा फैल गई 😞।",नकारात्मक,कबड्डी,0
"निर्णायक समय पर दल ने लगातार अंक जुटाए, जिससे बढ़त मजबूत हुई।",सकारात्मक,कबड्डी,2
"मुकाबले के इस चरण में गोलकीपर ने अपनी जगह छोड़ दी, जिससे बढ़त कमजोर हुई।",नकारात्मक,फुटबॉल,0
"दबाव के बीच चालक ने देर से निर्णय लिया, जिससे जीत की उम्मीद कमजोर हुई।",नकारात्मक,फॉर्मूला वन,0
"आज एकल खिलाड़ी ने स्मैश बाहर मार बैठा, और मुकाबला विपक्षी की ओर झुका।",नकारात्मक,बैडमिंटन,0
"मुकाबले के इस चरण में आक्रामक खिलाड़ी ने सर्विस पर नियंत्रण खो बैठा, जिससे आत्मविश्वास घटा।",नकारात्मक,बैडमिंटन,0
"रक्षात्मक खिलाड़ी ने सर्विस पर नियंत्रण रखा, जिससे जीत की उम्मीद बढ़ी।",सकारात्मक,बैडमिंटन,2
"दबाव के बीच कप्तान ने अगला शॉट खेला, जिसके बाद दोनों खिलाड़ी अपनी जगह लौटे।",तटस्थ,बैडमिंटन,1
"दबाव के बीच रणनीति दल ने सही समय पर निर्णय लिया, जिससे स्थान सुधरा।",सकारात्मक,फॉर्मूला वन,2
"आज रेडर ने बोनस का मौका गंवाया, जिससे बढ़त कमजोर हुई।",नकारात्मक,कबड्डी,0
"आज सहायक रक्षक ने मजबूत घेरा बनाया, और मुकाबला अपने पक्ष में झुका।",सकारात्मक,कबड्डी,2
"कार ने मोड़ पार किया, जिसके बाद कार फिर ट्रैक पर आई।",तटस्थ,फॉर्मूला वन,1
"मुकाबले के इस चरण में रक्षक ने आक्रमण को रोक दिया, और मुकाबला अपने पक्ष में झुक गया।",सकारात्मक,फुटबॉल,2
"आज सहायक रक्षक ने निर्णायक अंक लिया, जिससे बढ़त मजबूत हुई।",सकारात्मक,कबड्डी,2
"निर्णायक समय पर एकल खिलाड़ी ने नेट के पास अंक गंवा दिया, जिससे निर्णायक अंक हाथ से गया।",नकारात्मक,बैडमिंटन,0
"मुकाबले के इस चरण में कप्तान ने मैदान पर आने के बाद असर नहीं डाल सका, और दर्शकों में निराशा फैल गई 😞।",नकारात्मक,फुटबॉल,0
"आज कप्तान ने देर से प्रतिक्रिया दी, और दर्शकों में निराशा फैल गई 😞।",नकारात्मक,बैडमिंटन,0
"दबाव के बीच रक्षापंक्ति ने अपनी जगह छोड़ दी, जिससे गोल का अवसर चला गया।",नकारात्मक,फुटबॉल,0
"निर्णायक समय पर दौड़ दल ने सही समय पर निर्णय लिया, और प्रतिद्वंद्वी दबाव में आया।",सकारात्मक,फॉर्मूला वन,2
"मुकाबले के इस चरण में बल्लेबाज ने बीच के ओवर में गेंदबाजी की, जिसके बाद दोनों दल अपनी योजना पर लौटे।",तटस्थ,क्रिकेट,1
"दबाव के बीच रक्षक ने देर से बदलाव किया, जिससे वापसी कठिन हुई।",नकारात्मक,कबड्डी,0
"आज टीम प्रबंधन ने दौड़ की योजना पर काम किया, जिसके बाद अगला चरण शुरू हुआ।",तटस्थ,फॉर्मूला वन,1
"मुकाबले के इस चरण में मुख्य चालक ने अंतिम चरण में गति बढ़ाई, और प्रतिद्वंद्वी दबाव में आया।",सकारात्मक,फॉर्मूला वन,2
"आज नेट खिलाड़ी ने पीछे से प्रहार किया, जिसके बाद अगली रैली शुरू हुई।",तटस्थ,बैडमिंटन,1
"आक्रामक खिलाड़ी ने नेट पर शटल रोकी, जिसके बाद दोनों खिलाड़ी अपनी जगह लौटे।",तटस्थ,बैडमिंटन,1
"मुकाबले के इस चरण में रक्षापंक्ति ने अपनी जगह छोड़ दी, जिससे आत्मविश्वास घटा।",नकारात्मक,फुटबॉल,0
"दबाव के बीच टायर दल ने मोड़ पर नियंत्रण खोया, और प्रतिद्वंद्वी को फायदा मिला।",नकारात्मक,फॉर्मूला वन,0
"मुकाबले के इस चरण में नेट खिलाड़ी ने स्मैश बाहर मार बैठा, और दर्शकों में निराशा फैल गई 😞।",नकारात्मक,बैडमिंटन,0
"दबाव के बीच पिट दल ने अपनी गति बनाए रखी, जिसके बाद कार फिर ट्रैक पर आई।",तटस्थ,फॉर्मूला वन,1
"दबाव के बीच इंजीनियर ने मोड़ पार किया, जिसके बाद अगला चक्कर शुरू हुआ।",तटस्थ,फॉर्मूला वन,1
"निर्णायक समय पर कार ने टायरों का गलत उपयोग किया, जिससे समय का नुकसान हुआ।",नकारात्मक,फॉर्मूला वन,0
"मुकाबले के इस चरण में कप्तान ने समय पर बदलाव किया, जिससे दल का आत्मविश्वास बढ़ा।",सकारात्मक,फुटबॉल,2
"निर्णायक समय पर टीम प्रबंधन ने मोड़ पर नियंत्रण खोया, और दौड़ का रुख बिगड़ा।",नकारात्मक,फॉर्मूला वन,0
"आज आक्रामक खिलाड़ी ने नेट पर शटल रोकी, और मुकाबला सामान्य गति से चला।",तटस्थ,बैडमिंटन,1
"कप्तान ने सर्विस पर नियंत्रण रखा, और प्रतिद्वंद्वी दबाव में आया।",सकारात्मक,बैडमिंटन,2
"निर्णायक समय पर रेस दल ने लगातार अच्छा तालमेल रखा, जिससे स्थान सुधरा।",सकारात्मक,फॉर्मूला वन,2
"आज मुख्य रेडर ने लगातार अंक जुटाए, और मुकाबला अपने पक्ष में झुका।",सकारात्मक,कबड्डी,2
"मुकाबले के इस चरण में रणनीति दल ने गलत रणनीति चुनी, और प्रशंसकों में निराशा फैल गई 😞।",नकारात्मक,फॉर्मूला वन,0
"आज अंतिम रेडर ने लगातार अंक गंवाता रहा, और दर्शकों में निराशा फैल गई 😞।",नकारात्मक,कबड्डी,0
"मुकाबले के इस चरण में मध्य क्षेत्र ने देर से बदलाव किया, और मुकाबला हाथ से निकलने लगा।",नकारात्मक,फुटबॉल,0
"दबाव के बीच निर्णायक अंक पर खिलाड़ी ने रणनीति में सुधार नहीं कर सका, जिससे बढ़त कमजोर हुई।",नकारात्मक,बैडमिंटन,0
"दल ने अच्छा तालमेल दिखाया, जिससे वापसी सफल हुई।",सकारात्मक,कबड्डी,2
"मध्यक्रम ने गेंद संभाली, और अगली गेंद खेली गई।",तटस्थ,क्रिकेट,1
"मुकाबले के इस चरण में दल ने लगातार अंक जुटाए, और जीत की उम्मीद बढ़ी।",सकारात्मक,कबड्डी,2
"निर्णायक समय पर गोलकीपर ने दबाव नहीं बना सका, और विपक्षी को फायदा मिला।",नकारात्मक,फुटबॉल,0
"दबाव के बीच पिछली पंक्ति का खिलाड़ी ने नेट के पास अंक गंवा दिया, और प्रतिद्वंद्वी दबाव में नहीं आया।",नकारात्मक,बैडमिंटन,0
"दौड़ दल ने टायर बदलने में देरी की, और दौड़ का रुख बिगड़ा।",नकारात्मक,फॉर्मूला वन,0
"आज दौड़ दल ने दबाव में गलती की, और दौड़ का रुख बिगड़ा।",नकारात्मक,फॉर्मूला वन,0
"आज क्षेत्ररक्षक ने बीच के ओवरों में दबाव बनाए रखा, और रणनीति कामयाब रही।",सकारात्मक,क्रिकेट,2
"आज स्पिनर ने साझेदारी नहीं बना सका, और दर्शकों में निराशा फैल गई 😞।",नकारात्मक,क्रिकेट,0
"मुकाबले के इस चरण में हमलावर ने विपक्षी हमले को रोका, जिसके बाद गेंद फिर मध्य क्षेत्र में गई।",तटस्थ,फुटबॉल,1
"रक्षात्मक खिलाड़ी ने बचाव की स्थिति ली, और खेल आगे बढ़ा।",तटस्थ,बैडमिंटन,1
"दबाव के बीच रक्षा पंक्ति ने लगातार अंक गंवाता रहा, जिससे जरूरी अंक गंवा।",नकारात्मक,कबड्डी,0
"दबाव के बीच गेंदबाज ने ढीली गेंदें डालता रहा, जिससे रन गति गिर गई।",नकारात्मक,क्रिकेट,0
"निर्णायक समय पर नेट खिलाड़ी ने कठिन शटल नहीं लौटा सका, जिससे निर्णायक अंक हाथ से गया।",नकारात्मक,बैडमिंटन,0
"आज रेडर ने अच्छा तालमेल दिखाया, और विपक्षी दबाव में आया।",सकारात्मक,कबड्डी,2
"आज कप्तान ने देर से बदलाव किया, और मुकाबला हाथ से निकलने लगा।",नकारात्मक,फुटबॉल,0
"दबाव के बीच पिछली पंक्ति का खिलाड़ी ने नेट के पास दबाव बनाया, और प्रतिद्वंद्वी दबाव में आया।",सकारात्मक,बैडमिंटन,2
"दबाव के बीच मध्य मैदान के खिलाड़ी ने मैदान पर आने के बाद असर नहीं डाल सका, जिससे बढ़त कमजोर हुई।",नकारात्मक,फुटबॉल,0
"एकल खिलाड़ी ने कठिन शटल लौटा दी, जिससे निर्णायक अंक मिला।",सकारात्मक,बैडमिंटन,2
"दबाव के बीच मुख्य रेडर ने अच्छा तालमेल दिखाया, और मुकाबला अपने पक्ष में झुका।",सकारात्मक,कबड्डी,2
"दबाव के बीच सहायक रक्षक ने रक्षा की स्थिति बनाई, जिसके बाद खिलाड़ी अपनी जगह लौटे।",तटस्थ,कबड्डी,1
"निर्णायक समय पर रक्षापंक्ति ने पास आगे बढ़ाया, जिसके बाद गेंद फिर मध्य क्षेत्र में गई।",तटस्थ,फुटबॉल,1
"निर्णायक समय पर स्थानापन्न खिलाड़ी ने विपक्षी हमले को रोका, और अगला आक्रमण शुरू हुआ।",तटस्थ,फुटबॉल,1
"दबाव के बीच निर्णायक अंक पर खिलाड़ी ने खाली जगह नहीं पहचान पाया, और वापसी का मौका कम हुआ।",नकारात्मक,बैडमिंटन,0
"इंजीनियर ने अंतिम चरण में गति बढ़ाई, जिससे स्थान सुधरा।",सकारात्मक,फॉर्मूला वन,2
"मुकाबले के इस चरण में मुख्य रेडर ने निर्णायक अंक नहीं ले सका, जिससे दल का आत्मविश्वास घटा।",नकारात्मक,कबड्डी,0
"मुकाबले के इस चरण में पिट दल ने अंतिम चरण में गति नहीं बढ़ा सका, और दल का मनोबल गिरा।",नकारात्मक,फॉर्मूला वन,0
"गेंदबाज ने जल्दी विकेट गंवा बैठा, और रणनीति विफल रही।",नकारात्मक,क्रिकेट,0
"आज मध्य खिलाड़ी ने निर्णायक अंक लिया, और मुकाबला अपने पक्ष में झुका।",सकारात्मक,कबड्डी,2
"निर्णायक समय पर कप्तान ने गलत पास दिया, और योजना विफल रही।",नकारात्मक,फुटबॉल,0
"आज क्षेत्ररक्षक ने दबाव में सही शॉट चुना, जिससे दल का आत्मविश्वास बढ़ा।",सकारात्मक,क्रिकेट,2
"एकल खिलाड़ी ने स्मैश बाहर मार बैठा, जिससे जीत कठिन हुई।",नकारात्मक,बैडमिंटन,0
"मुकाबले के इस चरण में रक्षक ने देर से बदलाव किया, और मुकाबला हाथ से निकलने लगा।",नकारात्मक,फुटबॉल,0
"दबाव के बीच निर्णायक अंक पर खिलाड़ी ने सर्विस पर नियंत्रण रखा, और प्रतिद्वंद्वी दबाव में आया।",सकारात्मक,बैडमिंटन,2
"मुकाबले के इस चरण में आक्रामक दल ने समय पर बदलाव किया, और विपक्षी दबाव में आया।",सकारात्मक,फुटबॉल,2
"मुकाबले के इस चरण में रेडर ने बोनस का मौका गंवाया, और रणनीति विफल रही।",नकारात्मक,कबड्डी,0
"दबाव के बीच रणनीति दल ने देर से निर्णय लिया, और दल का मनोबल गिरा।",नकारात्मक,फॉर्मूला वन,0
"हमलावर ने सटीक पास दिया, जिससे गोल का अवसर बना।",सकारात्मक,फुटबॉल,2
"आज मुख्य चालक ने मोड़ पर नियंत्रण रखा, जिससे जीत की उम्मीद बढ़ी।",सकारात्मक,फॉर्मूला वन,2
"स्थानापन्न खिलाड़ी ने बोनस का मौका गंवाया, और मुकाबला हाथ से निकलने लगा।",नकारात्मक,कबड्डी,0
"आज क्षेत्ररक्षक ने बीच के ओवरों में दबाव बनाए रखा, जिससे दल का आत्मविश्वास बढ़ा।",सकारात्मक,क्रिकेट,2
"दबाव के बीच युगल जोड़ी ने नेट के पास अंक गंवा दिया, जिससे जीत कठिन हुई।",नकारात्मक,बैडमिंटन,0
"दबाव के बीच एकल खिलाड़ी ने पीछे से प्रहार किया, और खेल आगे बढ़ा।",तटस्थ,बैडमिंटन,1
"निर्णायक समय पर एकल खिलाड़ी ने सर्विस पर नियंत्रण रखा, और दर्शकों ने तालियां बजाईं 👏।",सकारात्मक,बैडमिंटन,2
"मुकाबले के इस चरण में युगल जोड़ी ने नेट पर शटल रोकी, जिसके बाद सर्विस बदली गई।",तटस्थ,बैडमिंटन,1
"दबाव के बीच गेंदबाज ने बीच के ओवरों में दबाव बनाए रखा, जिससे रन गति सुधरी।",सकारात्मक,क्रिकेट,2
"आज विकेटकीपर ने तेज प्रतिक्रिया से मौका बनाया, जिससे दल का आत्मविश्वास बढ़ा।",सकारात्मक,क्रिकेट,2
"आज सहायक रक्षक ने रक्षा की स्थिति बनाई, जिसके बाद खिलाड़ी अपनी जगह लौटे।",तटस्थ,कबड्डी,1
"आज स्पिनर ने कुछ रन जोड़े, जिसके बाद अगला ओवर शुरू हुआ।",तटस्थ,क्रिकेट,1
"मुकाबले के इस चरण में दल ने निर्देश दिया, और खेल आगे बढ़ा।",तटस्थ,कबड्डी,1
"निर्णायक समय पर तेज गेंदबाज ने जल्दी विकेट गंवा बैठा, और रणनीति विफल रही।",नकारात्मक,क्रिकेट,0
"दबाव के बीच मुख्य रेडर ने सफल रेड की, और मुकाबला अपने पक्ष में झुका।",सकारात्मक,कबड्डी,2
"दबाव के बीच युगल जोड़ी ने रणनीति में सुधार नहीं कर सका, जिससे जीत कठिन हुई।",नकारात्मक,बैडमिंटन,0
"निर्णायक समय पर निचला क्रम ने संयम से पारी संभाली, और विपक्षी दबाव में आ गया।",सकारात्मक,क्रिकेट,2
"मुकाबले के इस चरण में मुख्य चालक ने शानदार ओवरटेक किया, जिससे समय का लाभ मिला।",सकारात्मक,फॉर्मूला वन,2
"मुकाबले के इस चरण में चालक ने टायरों का सही उपयोग किया, और प्रतिद्वंद्वी दबाव में आया।",सकारात्मक,फॉर्मूला वन,2
"दबाव के बीच गोलकीपर ने सही समय पर चुनौती दी, और दर्शक खुशी से झूम उठे 😀।",सकारात्मक,फुटबॉल,2
"मुकाबले के इस चरण में हमलावर ने मैदान पर आते ही असर डाला, जिससे गोल का अवसर बना।",सकारात्मक,फुटबॉल,2
"दबाव के बीच कप्तान ने समय पर रणनीति बदली, जिससे दल का आत्मविश्वास बढ़ा।",सकारात्मक,क्रिकेट,2
"मुकाबले के इस चरण में मध्य क्षेत्र ने मैदान पर आने के बाद असर नहीं डाल सका, जिससे बढ़त कमजोर हुई।",नकारात्मक,फुटबॉल,0
"निर्णायक समय पर मध्य मैदान के खिलाड़ी ने आक्रमण शुरू किया, जिसके बाद गेंद फिर मध्य क्षेत्र में गई।",तटस्थ,फुटबॉल,1
"स्पिनर ने तेज प्रतिक्रिया से मौका बनाया, और रणनीति कामयाब रही।",सकारात्मक,क्रिकेट,2
"दबाव के बीच दल ने विपक्षी क्षेत्र की ओर बढ़ा, और मुकाबला सामान्य गति से चला।",तटस्थ,कबड्डी,1
"मुकाबले के इस चरण में टीम प्रबंधन ने अपनी गति बनाए रखी, जिसके बाद अगला चक्कर शुरू हुआ।",तटस्थ,फॉर्मूला वन,1
"गोलकीपर ने विपक्षी हमले को रोका, और अगला आक्रमण शुरू हुआ।",तटस्थ,फुटबॉल,1
"मुकाबले के इस चरण में युगल जोड़ी ने सर्विस पर नियंत्रण खो बैठा, और मुकाबला विपक्षी की ओर झुका।",नकारात्मक,बैडमिंटन,0
"आज मध्य मैदान के खिलाड़ी ने गेंद अपने पास रखी, और अगला आक्रमण शुरू हुआ।",तटस्थ,फुटबॉल,1
"मुकाबले के इस चरण में कप्तान ने समय पर बदलाव किया, जिससे वापसी सफल हुई।",सकारात्मक,फुटबॉल,2
"आज गोलकीपर ने सही समय पर चुनौती नहीं दी, और दर्शकों में निराशा फैल गई 😞।",नकारात्मक,फुटबॉल,0
"आज स्पिनर ने सटीक गेंदबाजी की, और दर्शकों में उत्साह फैल गया 😀।",सकारात्मक,क्रिकेट,2
"आज रेस दल ने मोड़ पार किया, जिसके बाद अगला चक्कर शुरू हुआ।",तटस्थ,फॉर्मूला वन,1
"आज गेंदबाज ने महत्वपूर्ण विकेट लिया, जिससे जीत की उम्मीद मजबूत हुई।",सकारात्मक,क्रिकेट,2
"दबाव के बीच युगल जोड़ी ने स्मैश बाहर मार बैठा, जिससे जीत कठिन हुई।",नकारात्मक,बैडमिंटन,0
"दबाव के बीच मध्य मैदान के खिलाड़ी ने समय पर बदलाव किया, जिससे गोल का अवसर बना।",सकारात्मक,फुटबॉल,2
"मुकाबले के इस चरण में गेंदबाज ने संयम से पारी संभाली, और विपक्षी दबाव में आ गया।",सकारात्मक,क्रिकेट,2
"मुकाबले के इस चरण में दौड़ दल ने रणनीति पर चर्चा की, जिसके बाद कार फिर ट्रैक पर आई।",तटस्थ,फॉर्मूला वन,1
"क्षेत्ररक्षक ने साझेदारी नहीं बना सका, और दर्शकों में निराशा फैल गई 😞।",नकारात्मक,क्रिकेट,0
"आज मध्य मैदान के खिलाड़ी ने लगातार दबाव बनाया, और दर्शक खुशी से झूम उठे 😀।",सकारात्मक,फुटबॉल,2
"आज स्थानापन्न खिलाड़ी ने बिना अंक लौट आया, जिससे जरूरी अंक गंवा।",नकारात्मक,कबड्डी,0
"दबाव के बीच मध्य क्षेत्र ने तालमेल खो दिया, जिससे गोल का अवसर चला गया।",नकारात्मक,फुटबॉल,0
"पिट दल ने सही रणनीति चुनी, जिससे समय का लाभ मिला।",सकारात्मक,फॉर्मूला वन,2
"दबाव के बीच टायर दल ने ट्रैक की स्थिति देखी, जिसके बाद अगला चक्कर शुरू हुआ।",तटस्थ,फॉर्मूला वन,1
"मुकाबले के इस चरण में रक्षक ने लगातार दबाव बनाया, और जीत की उम्मीद बढ़ी।",सकारात्मक,फुटबॉल,2
"आज निर्णायक अंक पर खिलाड़ी ने शटल आगे भेजी, और अगला अंक खेला गया।",तटस्थ,बैडमिंटन,1
"आज स्पिनर ने अगला ओवर शुरू किया, और पारी अपने क्रम में आगे बढ़ी।",तटस्थ,क्रिकेट,1
"दबाव के बीच पिछली पंक्ति का खिलाड़ी ने बचाव में चूक गया, और दर्शकों में निराशा फैल गई 😞।",नकारात्मक,बैडमिंटन,0
"दबाव के बीच स्पिनर ने आसान मौका गंवा बैठा, जिससे जीत की संभावना कमजोर हुई।",नकारात्मक,क्रिकेट,0
"निर्णायक समय पर मुख्य चालक ने टायर बदले, और मुकाबला सामान्य गति से चला।",तटस्थ,फॉर्मूला वन,1
"मुकाबले के इस चरण में रणनीति दल ने दौड़ की योजना देखी, और मुकाबला सामान्य गति से चला।",तटस्थ,फॉर्मूला वन,1
"दबाव के बीच विकेटकीपर ने एक ओवर पूरा किया, जिसके बाद दोनों दल अपनी योजना पर लौटे।",तटस्थ,क्रिकेट,1
"दबाव के बीच गोलकीपर ने लगातार दबाव बनाया, और विपक्षी दबाव में आया।",सकारात्मक,फुटबॉल,2
"निर्णायक समय पर गेंदबाज ने सटीक गेंदबाजी की, जिससे जीत की उम्मीद मजबूत हुई।",सकारात्मक,क्रिकेट,2
"आज रक्षा पंक्ति ने निर्णायक अंक लिया, और दर्शक खुशी से झूम उठे 😀।",सकारात्मक,कबड्डी,2
"दबाव के बीच आक्रामक खिलाड़ी ने बचाव की स्थिति ली, और अगला अंक खेला गया।",तटस्थ,बैडमिंटन,1
"आज मुख्य रेडर ने मैदान पर आने के बाद असर नहीं डाल सका, जिससे बढ़त कमजोर हुई।",नकारात्मक,कबड्डी,0
"दबाव के बीच कार ने तेज सेवा दी, जिससे समय का लाभ मिला।",सकारात्मक,फॉर्मूला वन,2
"आज सर्विस करने वाला खिलाड़ी ने लंबी रैली गंवा बैठा, और वापसी का मौका कम हुआ।",नकारात्मक,बैडमिंटन,0
"टीम प्रबंधन ने अंतिम चरण में गति बढ़ाई, और दल का मनोबल ऊंचा हुआ।",सकारात्मक,फॉर्मूला वन,2
"निर्णायक समय पर गोलकीपर ने सटीक पास दिया, जिससे दल का आत्मविश्वास बढ़ा।",सकारात्मक,फुटबॉल,2
"निर्णायक समय पर चालक ने रणनीति पर चर्चा की, जिसके बाद अगला चक्कर शुरू हुआ।",तटस्थ,फॉर्मूला वन,1
"आज गोलकीपर ने गेंद पर नियंत्रण रखा, जिससे गोल का अवसर बना।",सकारात्मक,फुटबॉल,2
"तेज गेंदबाज ने मजबूत साझेदारी बनाई, और दर्शकों में उत्साह फैल गया 😀।",सकारात्मक,क्रिकेट,2
"मुकाबले के इस चरण में स्थानापन्न खिलाड़ी ने अपनी जगह संभाली, और अगला आक्रमण शुरू हुआ।",तटस्थ,फुटबॉल,1
"निर्णायक समय पर मध्य खिलाड़ी ने मैदान पर आते ही असर डाला, जिससे जरूरी अंक मिला।",सकारात्मक,कबड्डी,2
"निर्णायक समय पर विकेटकीपर ने बीच के ओवरों में दबाव बनाए रखा, जिससे जीत की उम्मीद मजबूत हुई।",सकारात्मक,क्रिकेट,2
"आज टीम प्रबंधन ने सही समय पर निर्णय लिया, जिससे समय का लाभ मिला।",सकारात्मक,फॉर्मूला वन,2
"हमलावर ने गलत पास दिया, और दर्शकों में निराशा फैल गई 😞।",नकारात्मक,फुटबॉल,0
"दबाव के बीच हमलावर ने एक बदलाव किया, जिसके बाद खेल आगे बढ़ा।",तटस्थ,फुटबॉल,1
"निर्णायक समय पर रक्षक ने मैदान पर आने के बाद असर नहीं डाल सका, जिससे बढ़त कमजोर हुई।",नकारात्मक,कबड्डी,0
"आज अंतिम रेडर ने रेडर को घेरने की कोशिश की, और खेल आगे बढ़ा।",तटस्थ,कबड्डी,1
"निर्णायक समय पर युगल जोड़ी ने सर्विस पर नियंत्रण खो बैठा, और दर्शकों में निराशा फैल गई 😞।",नकारात्मक,बैडमिंटन,0
"आज रक्षक ने निर्देश दिया, और मुकाबला सामान्य गति से चला।",तटस्थ,कबड्डी,1
"निर्णायक समय पर पिट दल ने रणनीति पर चर्चा की, जिसके बाद कार फिर ट्रैक पर आई।",तटस्थ,फॉर्मूला वन,1
"मुकाबले के इस चरण में मध्यक्रम ने पारी शुरू की, जिसके बाद खेल आगे बढ़ा।",तटस्थ,क्रिकेट,1
"मुकाबले के इस चरण में पिट दल ने बदलाव में समय गंवाया, जिससे पोडियम की संभावना घटी।",नकारात्मक,फॉर्मूला वन,0
"मुकाबले के इस चरण में अंतिम रेडर ने सफल रेड की, जिससे वापसी सफल हुई।",सकारात्मक,कबड्डी,2
"मुकाबले के इस चरण में रेडर ने घेरा टूटने दिया, जिससे बढ़त कमजोर हुई।",नकारात्मक,कबड्डी,0
"दबाव के बीच विंगर ने गोल की ओर गेंद भेजी, और दोनों दल रणनीति पर काम करते रहे।",तटस्थ,फुटबॉल,1
"निर्णायक समय पर रक्षात्मक खिलाड़ी ने स्मैश बाहर मार बैठा, जिससे निर्णायक अंक हाथ से गया।",नकारात्मक,बैडमिंटन,0
"क्षेत्ररक्षक ने अपनी जगह बदली, और अगली गेंद खेली गई।",तटस्थ,क्रिकेट,1
"आक्रामक खिलाड़ी ने लंबी रैली जीती, जिससे आत्मविश्वास बढ़ा।",सकारात्मक,बैडमिंटन,2
"मुकाबले के इस चरण में खिलाड़ी ने खाली जगह की ओर शटल भेजी, जिसके बाद दोनों खिलाड़ी अपनी जगह लौटे।",तटस्थ,बैडमिंटन,1
"आज चालक ने ओवरटेक का मौका गंवाया, जिससे स्थान गिरा।",नकारात्मक,फॉर्मूला वन,0
"मुकाबले के इस चरण में हमलावर ने सही समय पर चुनौती नहीं दी, जिससे गोल का अवसर चला गया।",नकारात्मक,फुटबॉल,0
"मुकाबले के इस चरण में मुख्य चालक ने टायरों का गलत उपयोग किया, जिससे पोडियम की संभावना घटी।",नकारात्मक,फॉर्मूला वन,0
"आज कप्तान ने बीच के ओवर में गेंदबाजी की, और अगली गेंद खेली गई।",तटस्थ,क्रिकेट,1
"नेट खिलाड़ी ने शटल आगे भेजी, और अगला अंक खेला गया।",तटस्थ,बैडमिंटन,1
"आज मुख्य रेडर ने लगातार अंक जुटाए, जिससे वापसी सफल हुई।",सकारात्मक,कबड्डी,2
"निर्णायक समय पर सर्विस करने वाले खिलाड़ी ने कठिन शटल लौटा दी, और दर्शकों ने तालियां बजाईं 👏।",सकारात्मक,बैडमिंटन,2
"निर्णायक समय पर बल्लेबाज ने बीच के ओवरों में दबाव बनाए रखा, जिससे जीत की उम्मीद मजबूत हुई।",सकारात्मक,क्रिकेट,2
"निर्णायक समय पर पिट दल ने ट्रैक की स्थिति देखी, और मुकाबला सामान्य गति से चला।",तटस्थ,फॉर्मूला वन,1
"दबाव के बीच आक्रामक खिलाड़ी ने कठिन शटल लौटा दी, जिससे बढ़त मजबूत हुई।",सकारात्मक,बैडमिंटन,2
"दबाव के बीच रणनीति दल ने देर से निर्णय लिया, और प्रतिद्वंद्वी को फायदा मिला।",नकारात्मक,फॉर्मूला वन,0
"युगल जोड़ी ने अगला शॉट खेला, जिसके बाद सर्विस बदली गई।",तटस्थ,बैडमिंटन,1
"आज गेंदबाज ने बीच के ओवरों में दबाव बनाए रखा, जिससे जीत की उम्मीद मजबूत हुई।",सकारात्मक,क्रिकेट,2
"निर्णायक समय पर मध्य खिलाड़ी ने मैदान पर आते ही असर डाला, और जीत की उम्मीद बढ़ी।",सकारात्मक,कबड्डी,2
"आज स्थानापन्न खिलाड़ी ने लगातार अंक जुटाए, जिससे दल का आत्मविश्वास बढ़ा।",सकारात्मक,कबड्डी,2
"निर्णायक समय पर सलामी जोड़ी ने अपनी जगह बदली, जिसके बाद अगला ओवर शुरू हुआ।",तटस्थ,क्रिकेट,1
"मुकाबले के इस चरण में पिछली पंक्ति का खिलाड़ी ने नेट के पास दबाव बनाया, और प्रतिद्वंद्वी दबाव में आया।",सकारात्मक,बैडमिंटन,2
"दौड़ दल ने मोड़ पार किया, जिसके बाद अगला चक्कर शुरू हुआ।",तटस्थ,फॉर्मूला वन,1
"निर्णायक समय पर रक्षक ने तालमेल बनाया, जिसके बाद अगला अंक खेला गया।",तटस्थ,कबड्डी,1
"मुकाबले के इस चरण में नेट खिलाड़ी ने तेज प्रतिक्रिया दिखाई, जिससे बढ़त मजबूत हुई।",सकारात्मक,बैडमिंटन,2
"आज कार ने अंतिम चरण में गति नहीं बढ़ा सका, जिससे पोडियम की संभावना घटी।",नकारात्मक,फॉर्मूला वन,0
"आज विकेटकीपर ने महत्वपूर्ण गेंद रोक नहीं पाया, और रणनीति विफल रही।",नकारात्मक,क्रिकेट,0
"कप्तान ने रणनीति पर चर्चा की, जिसके बाद सर्विस बदली गई।",तटस्थ,बैडमिंटन,1
"निर्णायक समय पर रेस दल ने दबाव में गलती की, और प्रतिद्वंद्वी को फायदा मिला।",नकारात्मक,फॉर्मूला वन,0
"निर्णायक समय पर कप्तान ने सटीक पास दिया, और विपक्षी दबाव में आया।",सकारात्मक,फुटबॉल,2
"मुकाबले के इस चरण में स्पिनर ने मजबूत साझेदारी बनाई, जिससे रन गति सुधरी।",सकारात्मक,क्रिकेट,2
"अंतिम रेडर ने रेडर को रोक नहीं पाया, और रणनीति विफल रही।",नकारात्मक,कबड्डी,0
"दबाव के बीच कप्तान ने टैकल में चूक गया, जिससे दल का आत्मविश्वास घटा।",नकारात्मक,कबड्डी,0
"मुकाबले के इस चरण में दौड़ दल ने ट्रैक की स्थिति देखी, जिसके बाद कार फिर ट्रैक पर आई।",तटस्थ,फॉर्मूला वन,1
"दबाव के बीच रक्षात्मक खिलाड़ी ने खाली जगह की ओर शटल भेजी, जिसके बाद सर्विस बदली गई।",तटस्थ,बैडमिंटन,1
"मुकाबले के इस चरण में कप्तान ने खाली जगह की ओर शटल भेजी, जिसके बाद दोनों खिलाड़ी अपनी जगह लौटे।",तटस्थ,बैडमिंटन,1
"पिछली पंक्ति का खिलाड़ी ने खाली जगह पहचानी, और प्रतिद्वंद्वी दबाव में आया।",सकारात्मक,बैडमिंटन,2
"निर्णायक समय पर रक्षापंक्ति ने सटीक पास दिया, और जीत की उम्मीद बढ़ी।",सकारात्मक,फुटबॉल,2
"मुकाबले के इस चरण में निर्णायक अंक पर खिलाड़ी ने तेज प्रतिक्रिया दिखाई, जिससे जीत की उम्मीद बढ़ी।",सकारात्मक,बैडमिंटन,2
"दबाव के बीच रक्षक ने रेडर को रोक नहीं पाया, जिससे दल का आत्मविश्वास घटा।",नकारात्मक,कबड्डी,0
"मुकाबले के इस चरण में आक्रामक दल ने कठिन बचाव किया, और विपक्षी दबाव में आया।",सकारात्मक,फुटबॉल,2
"रक्षक ने तालमेल बनाया, और मुकाबला सामान्य गति से चला।",तटस्थ,कबड्डी,1
"मुकाबले के इस चरण में स्पिनर ने कठिन गेंदों पर नियंत्रण रखा, जिससे दल का आत्मविश्वास बढ़ा।",सकारात्मक,क्रिकेट,2
"दबाव के बीच स्थानापन्न खिलाड़ी ने अगली रेड की तैयारी की, जिसके बाद अगला अंक खेला गया।",तटस्थ,कबड्डी,1
"आज हमलावर ने खिलाड़ियों के बीच गेंद घुमाई, और अगला आक्रमण शुरू हुआ।",तटस्थ,फुटबॉल,1
"निर्णायक समय पर सलामी जोड़ी ने अगला ओवर शुरू किया, और पारी अपने क्रम में आगे बढ़ी।",तटस्थ,क्रिकेट,1
"निर्णायक समय पर गेंदबाज ने अंतिम ओवरों में नियंत्रण खो बैठा, जिससे जीत की संभावना कमजोर हुई।",नकारात्मक,क्रिकेट,0
"मुकाबले के इस चरण में मध्य मैदान के खिलाड़ी ने गेंद खो दी, जिससे वापसी कठिन हुई।",नकारात्मक,फुटबॉल,0
"दबाव के बीच दौड़ दल ने आंकड़ों की समीक्षा की, जिसके बाद कार फिर ट्रैक पर आई।",तटस्थ,फॉर्मूला वन,1
"आज आक्रामक खिलाड़ी ने मजबूत बचाव किया, जिससे जीत की उम्मीद बढ़ी।",सकारात्मक,बैडमिंटन,2
"मुकाबले के इस चरण में विंगर ने विपक्षी हमले को रोका, और मुकाबला सामान्य गति से चलता रहा।",तटस्थ,फुटबॉल,1
"दबाव के बीच रेस दल ने अंतिम चरण में गति बढ़ाई, जिससे जीत की उम्मीद बढ़ी।",सकारात्मक,फॉर्मूला वन,2
"आज रेडर ने सफल रेड की, जिससे वापसी सफल हुई।",सकारात्मक,कबड्डी,2
"दौड़ दल ने आंकड़ों की समीक्षा की, और चालक ने अपनी स्थिति बनाए रखी।",तटस्थ,फॉर्मूला वन,1
"दबाव के बीच रेस दल ने ट्रैक की स्थिति देखी, और चालक ने अपनी स्थिति बनाए रखी।",तटस्थ,फॉर्मूला वन,1
"निर्णायक समय पर टायर दल ने टायर बदले, जिसके बाद अगला चक्कर शुरू हुआ।",तटस्थ,फॉर्मूला वन,1
"निर्णायक समय पर रक्षापंक्ति ने सटीक पास दिया, जिससे बढ़त मजबूत हुई।",सकारात्मक,फुटबॉल,2
"दबाव के बीच मध्यक्रम ने गेंद संभाली, जिसके बाद खेल आगे बढ़ा।",तटस्थ,क्रिकेट,1
"मुकाबले के इस चरण में विंगर ने समय पर बदलाव किया, जिससे गोल का अवसर बना।",सकारात्मक,फुटबॉल,2
"निर्णायक समय पर दौड़ दल ने तालमेल नहीं बना पाया, और प्रतिद्वंद्वी को फायदा मिला।",नकारात्मक,फॉर्मूला वन,0
"मुकाबले के इस चरण में विंगर ने गेंद पर नियंत्रण रखा, और विपक्षी दबाव में आया।",सकारात्मक,फुटबॉल,2
"निर्णायक समय पर रक्षात्मक खिलाड़ी ने सर्विस पर नियंत्रण रखा, और वापसी सफल हुई।",सकारात्मक,बैडमिंटन,2
"दबाव के बीच रणनीति दल ने देर से निर्णय लिया, जिससे जीत की उम्मीद कमजोर हुई।",नकारात्मक,फॉर्मूला वन,0
"निर्णायक समय पर रेस दल ने सही रणनीति चुनी, और दल का मनोबल ऊंचा हुआ।",सकारात्मक,फॉर्मूला वन,2
"निर्णायक समय पर रक्षात्मक खिलाड़ी ने बचाव में चूक गया, और मुकाबला विपक्षी की ओर झुका।",नकारात्मक,बैडमिंटन,0
"आज दौड़ दल ने दबाव में धैर्य रखा, जिससे समय का लाभ मिला।",सकारात्मक,फॉर्मूला वन,2
"आज अंतिम रेडर ने देर से बदलाव किया, और रणनीति विफल रही।",नकारात्मक,कबड्डी,0
"टीम प्रबंधन ने मोड़ पर नियंत्रण रखा, और दौड़ का रुख बदला।",सकारात्मक,फॉर्मूला वन,2
"दौड़ दल ने तेज सेवा दी, जिससे समय का लाभ मिला।",सकारात्मक,फॉर्मूला वन,2
"आज सलामी जोड़ी ने एक ओवर पूरा किया, और पारी अपने क्रम में आगे बढ़ी।",तटस्थ,क्रिकेट,1
"दबाव के बीच बल्लेबाज ने तेज प्रतिक्रिया से मौका बनाया, और मुकाबला अपने पक्ष में झुक गया।",सकारात्मक,क्रिकेट,2
"निर्णायक समय पर मुख्य चालक ने तेज सेवा दी, और प्रतिद्वंद्वी दबाव में आया।",सकारात्मक,फॉर्मूला वन,2
"आज गेंदबाज ने एक ओवर पूरा किया, जिसके बाद दोनों दल अपनी योजना पर लौटे।",तटस्थ,क्रिकेट,1
"निर्णायक समय पर मुख्य रेडर ने अच्छा तालमेल दिखाया, जिससे वापसी सफल हुई।",सकारात्मक,कबड्डी,2
"दबाव के बीच तेज गेंदबाज ने एक ओवर पूरा किया, और पारी अपने क्रम में आगे बढ़ी।",तटस्थ,क्रिकेट,1
"पिछली पंक्ति का खिलाड़ी ने सटीक स्मैश लगाया, और दर्शकों ने तालियां बजाईं 👏।",सकारात्मक,बैडमिंटन,2
"मुकाबले के इस चरण में चालक ने तेज बदलाव किया, जिससे पोडियम की संभावना बढ़ी।",सकारात्मक,फॉर्मूला वन,2
"निर्णायक समय पर रक्षापंक्ति ने गोल की ओर गेंद भेजी, जिसके बाद खिलाड़ी अपनी जगह लौटे।",तटस्थ,फुटबॉल,1
"आज पिछली पंक्ति का खिलाड़ी ने अगले अंक की तैयारी की, जिसके बाद सर्विस बदली गई।",तटस्थ,बैडमिंटन,1
"निर्णायक समय पर स्पिनर ने पारी शुरू की, जिसके बाद खेल आगे बढ़ा।",तटस्थ,क्रिकेट,1
"निर्णायक समय पर गोलकीपर ने सही समय पर चुनौती दी, जिससे बढ़त मजबूत हुई।",सकारात्मक,फुटबॉल,2
"मुकाबले के इस चरण में बल्लेबाज ने गेंद संभाली, और मुकाबला सामान्य गति से चलता रहा।",तटस्थ,क्रिकेट,1
"रेडर ने टैकल में चूक गया, और दर्शकों में निराशा फैल गई 😞।",नकारात्मक,कबड्डी,0
"कप्तान ने तेज तालमेल दिखाया, और मुकाबला अपने पक्ष में झुक गया।",सकारात्मक,फुटबॉल,2
"निर्णायक समय पर सलामी जोड़ी ने एक ओवर पूरा किया, जिसके बाद अगला ओवर शुरू हुआ।",तटस्थ,क्रिकेट,1
"निर्णायक समय पर रणनीति दल ने तालमेल नहीं बना पाया, और दौड़ का रुख बिगड़ा।",नकारात्मक,फॉर्मूला वन,0
"मुकाबले के इस चरण में अंतिम रेडर ने टैकल में चूक गया, और विपक्षी दबाव में नहीं आया।",नकारात्मक,कबड्डी,0
"आज निर्णायक अंक पर खिलाड़ी ने सर्विस पर नियंत्रण रखा, जिससे बढ़त मजबूत हुई।",सकारात्मक,बैडमिंटन,2
"आज टीम प्रबंधन ने अपनी गति बनाए रखी, और दौड़ आगे बढ़ी।",तटस्थ,फॉर्मूला वन,1
"आज रेस दल ने टायर बदलने में देरी की, और प्रतिद्वंद्वी को फायदा मिला।",नकारात्मक,फॉर्मूला वन,0
"आक्रामक दल ने मैदान में प्रवेश किया, जिसके बाद गेंद फिर मध्य क्षेत्र में गई।",तटस्थ,फुटबॉल,1
"निर्णायक समय पर खिलाड़ी ने कठिन शटल नहीं लौटा सका, जिससे आत्मविश्वास घटा।",नकारात्मक,बैडमिंटन,0
"दबाव के बीच आक्रामक खिलाड़ी ने लंबी रैली जीती, और वापसी सफल हुई।",सकारात्मक,बैडमिंटन,2
"निर्णायक समय पर दौड़ दल ने अंतिम चरण में गति नहीं बढ़ा सका, और दल का मनोबल गिरा।",नकारात्मक,फॉर्मूला वन,0
"निर्णायक समय पर दौड़ दल ने ओवरटेक का मौका गंवाया, और दौड़ का रुख बिगड़ा।",नकारात्मक,फॉर्मूला वन,0
"दबाव के बीच आक्रामक दल ने खिलाड़ियों के बीच गेंद घुमाई, और मुकाबला सामान्य गति से चलता रहा।",तटस्थ,फुटबॉल,1
"मुकाबले के इस चरण में रक्षक ने मैदान पर आते ही असर डाला, जिससे बढ़त मजबूत हुई।",सकारात्मक,फुटबॉल,2
"आज कप्तान ने तेज प्रतिक्रिया दिखाई, और वापसी सफल हुई।",सकारात्मक,बैडमिंटन,2
"निर्णायक समय पर पिछली पंक्ति का खिलाड़ी ने लंबी रैली जीती, और प्रतिद्वंद्वी दबाव में आया।",सकारात्मक,बैडमिंटन,2
"रक्षक ने देर से बदलाव किया, जिससे वापसी कठिन हुई।",नकारात्मक,फुटबॉल,0
"दबाव के बीच अंतिम रेडर ने तालमेल खो बैठा, और दर्शकों में निराशा फैल गई 😞।",नकारात्मक,कबड्डी,0
"दबाव के बीच सलामी जोड़ी ने अपनी जगह बदली, जिसके बाद दोनों दल अपनी योजना पर लौटे।",तटस्थ,क्रिकेट,1
"आज टायर दल ने तेज सेवा दी, जिससे स्थान सुधरा।",सकारात्मक,फॉर्मूला वन,2
"दबाव के बीच सलामी जोड़ी ने महत्वपूर्ण गेंद रोक नहीं पाया, और दर्शकों में निराशा फैल गई 😞।",नकारात्मक,क्रिकेट,0
"दबाव के बीच तेज गेंदबाज ने अगली गेंद का सामना किया, और अगली गेंद खेली गई।",तटस्थ,क्रिकेट,1
"मुकाबले के इस चरण में कार ने मोड़ पर नियंत्रण खोया, और दल का मनोबल गिरा।",नकारात्मक,फॉर्मूला वन,0
"आज मध्य मैदान के खिलाड़ी ने सटीक पास दिया, जिससे बढ़त मजबूत हुई।",सकारात्मक,फुटबॉल,2
"आज रक्षक ने बचाव में चूक गया, जिससे वापसी कठिन हुई।",नकारात्मक,फुटबॉल,0
"निर्णायक समय पर अंतिम रेडर ने निर्देश दिया, जिसके बाद खिलाड़ी अपनी जगह लौटे।",तटस्थ,कबड्डी,1
"मुकाबले के इस चरण में मध्य खिलाड़ी ने निर्देश दिया, और खेल आगे बढ़ा।",तटस्थ,कबड्डी,1
"दबाव के बीच तेज गेंदबाज ने दबाव में सही शॉट चुना, और दर्शकों में उत्साह फैल गया 😀।",सकारात्मक,क्रिकेट,2
"दबाव के बीच पिट दल ने ट्रैक की स्थिति देखी, और दौड़ आगे बढ़ी।",तटस्थ,फॉर्मूला वन,1
"आज युगल जोड़ी ने कठिन शटल लौटा दी, और प्रतिद्वंद्वी दबाव में आया।",सकारात्मक,बैडमिंटन,2
"निर्णायक समय पर रेडर ने तालमेल बनाया, और खेल आगे बढ़ा।",तटस्थ,कबड्डी,1
"दबाव के बीच टीम प्रबंधन ने अगले बदलाव की तैयारी की, और चालक ने अपनी स्थिति बनाए रखी।",तटस्थ,फॉर्मूला वन,1
"मुकाबले के इस चरण में दल ने देर से बदलाव किया, और मुकाबला हाथ से निकलने लगा।",नकारात्मक,कबड्डी,0
"आज सर्विस करने वाला खिलाड़ी ने अगला शॉट खेला, जिसके बाद अगली रैली शुरू हुई।",तटस्थ,बैडमिंटन,1
"मुकाबले के इस चरण में कार ने अपनी गति बनाए रखी, जिसके बाद अगला चक्कर शुरू हुआ।",तटस्थ,फॉर्मूला वन,1
"निर्णायक समय पर मध्य मैदान के खिलाड़ी ने आक्रमण को रोक दिया, जिससे गोल का अवसर बना।",सकारात्मक,फुटबॉल,2
"निर्णायक समय पर पिछली पंक्ति का खिलाड़ी ने रणनीति में अच्छा बदलाव किया, जिससे बढ़त मजबूत हुई।",सकारात्मक,बैडमिंटन,2
"निर्णायक समय पर कप्तान ने एक ओवर पूरा किया, और मुकाबला सामान्य गति से चलता रहा।",तटस्थ,क्रिकेट,1
"दबाव के बीच नेट खिलाड़ी ने सटीक स्मैश लगाया, और प्रतिद्वंद्वी दबाव में आया।",सकारात्मक,बैडमिंटन,2
"हमलावर ने देर से बदलाव किया, और दर्शकों में निराशा फैल गई 😞।",नकारात्मक,फुटबॉल,0
"निर्णायक समय पर गेंदबाज ने महत्वपूर्ण गेंद रोक नहीं पाया, और विपक्षी को बढ़त मिल गई।",नकारात्मक,क्रिकेट,0
"दबाव के बीच गोलकीपर ने कठिन बचाव किया, जिससे वापसी सफल हुई।",सकारात्मक,फुटबॉल,2
"आज रक्षात्मक खिलाड़ी ने गलत समय पर आक्रमण किया, जिससे आत्मविश्वास घटा।",नकारात्मक,बैडमिंटन,0
"टीम प्रबंधन ने मोड़ पर नियंत्रण रखा, जिससे पोडियम की संभावना बढ़ी।",सकारात्मक,फॉर्मूला वन,2
"दबाव के बीच कप्तान ने अपनी जगह बदली, जिसके बाद अगला ओवर शुरू हुआ।",तटस्थ,क्रिकेट,1
"मुकाबले के इस चरण में खिलाड़ी ने रैली जारी रखी, और मुकाबला सामान्य गति से चला।",तटस्थ,बैडमिंटन,1
"आज बल्लेबाज ने अगला ओवर शुरू किया, और अगली गेंद खेली गई।",तटस्थ,क्रिकेट,1
"खिलाड़ी ने कठिन शटल लौटा दी, और मुकाबला अपने पक्ष में झुका।",सकारात्मक,बैडमिंटन,2
"दबाव के बीच रक्षात्मक खिलाड़ी ने रैली जारी रखी, जिसके बाद अगली रैली शुरू हुई।",तटस्थ,बैडमिंटन,1
"मुकाबले के इस चरण में नेट खिलाड़ी ने नेट के पास दबाव बनाया, और मुकाबला अपने पक्ष में झुका।",सकारात्मक,बैडमिंटन,2
"चालक ने बदलाव में समय गंवाया, और दल का मनोबल गिरा।",नकारात्मक,फॉर्मूला वन,0
"रेस दल ने टायर बदले, और मुकाबला सामान्य गति से चला।",तटस्थ,फॉर्मूला वन,1
"मुकाबले के इस चरण में रक्षक ने मिलकर रेडर को रोका, जिससे बढ़त मजबूत हुई।",सकारात्मक,कबड्डी,2
"मुकाबले के इस चरण में दल ने बिना अंक लौट आया, जिससे वापसी कठिन हुई।",नकारात्मक,कबड्डी,0
"सर्विस करने वाला खिलाड़ी ने कठिन शटल नहीं लौटा सका, और दर्शकों में निराशा फैल गई 😞।",नकारात्मक,बैडमिंटन,0
"आज हमलावर ने लगातार दबाव बनाया, और मुकाबला अपने पक्ष में झुक गया।",सकारात्मक,फुटबॉल,2
"मुकाबले के इस चरण में कप्तान ने बचाव में चूक गया, जिससे वापसी कठिन हुई।",नकारात्मक,फुटबॉल,0
"आज सहायक रक्षक ने विपक्षी क्षेत्र की ओर बढ़ा, और दोनों दल अगली चाल की तैयारी करने लगे।",तटस्थ,कबड्डी,1
"मुकाबले के इस चरण में निर्णायक अंक पर खिलाड़ी ने कठिन शटल नहीं लौटा सका, जिससे निर्णायक अंक हाथ से गया।",नकारात्मक,बैडमिंटन,0
"निर्णायक समय पर सर्विस करने वाला खिलाड़ी ने पीछे से प्रहार किया, जिसके बाद अगली रैली शुरू हुई।",तटस्थ,बैडमिंटन,1
"निर्णायक अंक पर खिलाड़ी ने पीछे से प्रहार किया, जिसके बाद अगली रैली शुरू हुई।",तटस्थ,बैडमिंटन,1
"मध्यक्रम ने महत्वपूर्ण गेंद रोक नहीं पाया, जिससे दल का आत्मविश्वास घटा।",नकारात्मक,क्रिकेट,0
"दबाव के बीच पिट दल ने टायरों का गलत उपयोग किया, और दल का मनोबल गिरा।",नकारात्मक,फॉर्मूला वन,0
"निर्णायक समय पर स्थानापन्न खिलाड़ी ने शानदार टैकल किया, जिससे वापसी सफल हुई।",सकारात्मक,कबड्डी,2
"आज युगल जोड़ी ने खाली जगह नहीं पहचान पाया, और मुकाबला विपक्षी की ओर झुका।",नकारात्मक,बैडमिंटन,0
"आज सर्विस करने वाला खिलाड़ी ने अगले अंक की तैयारी की, जिसके बाद दोनों खिलाड़ी अपनी जगह लौटे।",तटस्थ,बैडमिंटन,1
"आज चालक ने अपनी गति बनाए रखी, और चालक ने अपनी स्थिति बनाए रखी।",तटस्थ,फॉर्मूला वन,1
"दबाव के बीच बल्लेबाज ने मजबूत साझेदारी बनाई, जिससे रन गति सुधरी।",सकारात्मक,क्रिकेट,2
"निर्णायक समय पर रक्षात्मक खिलाड़ी ने तेज प्रतिक्रिया दिखाई, और प्रतिद्वंद्वी दबाव में आया।",सकारात्मक,बैडमिंटन,2
"स्पिनर ने अंतिम ओवरों में गति बढ़ाई, और दर्शकों में उत्साह फैल गया 😀।",सकारात्मक,क्रिकेट,2
"आज पिट दल ने ट्रैक की स्थिति देखी, और मुकाबला सामान्य गति से चला।",तटस्थ,फॉर्मूला वन,1
"युगल जोड़ी ने शटल आगे भेजी, जिसके बाद दोनों खिलाड़ी अपनी जगह लौटे।",तटस्थ,बैडमिंटन,1
"आज कप्तान ने टैकल में चूक गया, जिससे वापसी कठिन हुई।",नकारात्मक,कबड्डी,0
"मुकाबले के इस चरण में आक्रामक दल ने अपनी जगह संभाली, और दोनों दल रणनीति पर काम करते रहे।",तटस्थ,फुटबॉल,1
"निर्णायक समय पर इंजीनियर ने देर से निर्णय लिया, और दल का मनोबल गिरा।",नकारात्मक,फॉर्मूला वन,0
"दबाव के बीच विंगर ने देर से बदलाव किया, जिससे गोल का अवसर चला गया।",नकारात्मक,फुटबॉल,0
"मुकाबले के इस चरण में सलामी जोड़ी ने एक ओवर पूरा किया, और मुकाबला सामान्य गति से चलता रहा।",तटस्थ,क्रिकेट,1
"दबाव के बीच टायर दल ने तेज बदलाव किया, जिससे जीत की उम्मीद बढ़ी।",सकारात्मक,फॉर्मूला वन,2
"दबाव के बीच निर्णायक अंक पर खिलाड़ी ने कठिन शटल नहीं लौटा सका, जिससे बढ़त कमजोर हुई।",नकारात्मक,बैडमिंटन,0
"आज सर्विस करने वाला खिलाड़ी ने बचाव की स्थिति ली, जिसके बाद सर्विस बदली गई।",तटस्थ,बैडमिंटन,1
"मुकाबले के इस चरण में रेडर ने लगातार अंक जुटाए, जिससे दल का आत्मविश्वास बढ़ा।",सकारात्मक,कबड्डी,2
"मुकाबले के इस चरण में सहायक रक्षक ने निर्णायक अंक लिया, और जीत की उम्मीद बढ़ी।",सकारात्मक,कबड्डी,2
"निर्णायक समय पर मध्य मैदान के खिलाड़ी ने देर से बदलाव किया, जिससे आत्मविश्वास घटा।",नकारात्मक,फुटबॉल,0
"निर्णायक समय पर विंगर ने गेंद पकड़ी, और दोनों दल रणनीति पर काम करते रहे।",तटस्थ,फुटबॉल,1
"दबाव के बीच कप्तान ने शानदार गोल किया, और दर्शक खुशी से झूम उठे 😀।",सकारात्मक,फुटबॉल,2
"दल ने मैदान में प्रवेश किया, और मुकाबला सामान्य गति से चला।",तटस्थ,कबड्डी,1
"मुकाबले के इस चरण में क्षेत्ररक्षक ने महत्वपूर्ण विकेट लिया, जिससे जीत की उम्मीद मजबूत हुई।",सकारात्मक,क्रिकेट,2
"आज मध्यक्रम ने महत्वपूर्ण गेंद रोक नहीं पाया, जिससे दल का आत्मविश्वास घटा।",नकारात्मक,क्रिकेट,0
"मुकाबले के इस चरण में मध्यक्रम ने मजबूत साझेदारी बनाई, और विपक्षी दबाव में आ गया।",सकारात्मक,क्रिकेट,2
"दबाव के बीच मध्य मैदान के खिलाड़ी ने सही समय पर चुनौती नहीं दी, और योजना विफल रही।",नकारात्मक,फुटबॉल,0
"आज विकेटकीपर ने जल्दी विकेट गंवा बैठा, जिससे जीत की संभावना कमजोर हुई।",नकारात्मक,क्रिकेट,0
"निर्णायक समय पर मध्यक्रम ने जरूरी विकेट नहीं ले सका, जिससे वापसी कठिन हुई।",नकारात्मक,क्रिकेट,0
"मुकाबले के इस चरण में कप्तान ने समय पर रणनीति बदली, और दर्शकों में उत्साह फैल गया 😀।",सकारात्मक,क्रिकेट,2
"दौड़ दल ने लगातार अच्छा तालमेल रखा, जिससे पोडियम की संभावना बढ़ी।",सकारात्मक,फॉर्मूला वन,2
"मुकाबले के इस चरण में पिछली पंक्ति का खिलाड़ी ने नेट के पास दबाव बनाया, जिससे जीत की उम्मीद बढ़ी।",सकारात्मक,बैडमिंटन,2
"आज स्पिनर ने क्षेत्ररक्षण में बदलाव किया, और पारी अपने क्रम में आगे बढ़ी।",तटस्थ,क्रिकेट,1
"निर्णायक समय पर स्थानापन्न खिलाड़ी ने गेंद पकड़ी, और अगला आक्रमण शुरू हुआ।",तटस्थ,फुटबॉल,1
"मुख्य रेडर ने मिलकर रेडर को रोका, और जीत की उम्मीद बढ़ी।",सकारात्मक,कबड्डी,2
"दबाव के बीच रेडर ने अगली रेड की तैयारी की, जिसके बाद खिलाड़ी अपनी जगह लौटे।",तटस्थ,कबड्डी,1
"दबाव के बीच निर्णायक अंक पर खिलाड़ी ने सर्विस की, और अगला अंक खेला गया।",तटस्थ,बैडमिंटन,1
"दबाव के बीच मध्यक्रम ने अंतिम ओवरों में गति बढ़ाई, और रणनीति कामयाब रही।",सकारात्मक,क्रिकेट,2
"आज चालक ने दबाव में गलती की, और दल का मनोबल गिरा।",नकारात्मक,फॉर्मूला वन,0
"आज अंतिम रेडर ने मैदान पर आने के बाद असर नहीं डाल सका, जिससे वापसी कठिन हुई।",नकारात्मक,कबड्डी,0
"आज रक्षा पंक्ति ने विपक्षी क्षेत्र की ओर बढ़ा, और खेल आगे बढ़ा।",तटस्थ,कबड्डी,1
"आज निर्णायक अंक पर खिलाड़ी ने सही समय पर आक्रमण किया, जिससे निर्णायक अंक मिला।",सकारात्मक,बैडमिंटन,2
"आज विंगर ने खिलाड़ियों के बीच गेंद घुमाई, जिसके बाद खिलाड़ी अपनी जगह लौटे।",तटस्थ,फुटबॉल,1
"निर्णायक समय पर रक्षापंक्ति ने कठिन बचाव किया, और दर्शक खुशी से झूम उठे 😀।",सकारात्मक,फुटबॉल,2
"दबाव के बीच चालक ने दबाव में गलती की, जिससे समय का नुकसान हुआ।",नकारात्मक,फॉर्मूला वन,0
"निर्णायक समय पर रेडर ने अपनी जगह संभाली, और खेल आगे बढ़ा।",तटस्थ,कबड्डी,1
"दबाव के बीच बल्लेबाज ने समय पर रणनीति बदली, जिससे जीत की उम्मीद मजबूत हुई।",सकारात्मक,क्रिकेट,2
"निर्णायक समय पर अंतिम रेडर ने तालमेल बनाया, जिसके बाद खिलाड़ी अपनी जगह लौटे।",तटस्थ,कबड्डी,1
"आज अंतिम रेडर ने रेडर को रोक नहीं पाया, और मुकाबला हाथ से निकलने लगा।",नकारात्मक,कबड्डी,0
"दबाव के बीच कप्तान ने मैदान पर आते ही असर डाला, और विपक्षी दबाव में आया।",सकारात्मक,फुटबॉल,2
"आज रणनीति दल ने ओवरटेक का मौका गंवाया, और दल का मनोबल गिरा।",नकारात्मक,फॉर्मूला वन,0
"निर्णायक समय पर अंतिम रेडर ने तालमेल खो बैठा, और रणनीति विफल रही।",नकारात्मक,कबड्डी,0
"मुकाबले के इस चरण में रक्षात्मक खिलाड़ी ने लंबी रैली गंवा बैठा, जिससे जीत कठिन हुई।",नकारात्मक,बैडमिंटन,0
"मुकाबले के इस चरण में सर्विस करने वाले खिलाड़ी ने मजबूत बचाव किया, और दर्शकों ने तालियां बजाईं 👏।",सकारात्मक,बैडमिंटन,2
"दल ने रेडर को रोक नहीं पाया, जिससे दल का आत्मविश्वास घटा।",नकारात्मक,कबड्डी,0
"आज हमलावर ने तेज तालमेल दिखाया, और दर्शक खुशी से झूम उठे 😀।",सकारात्मक,फुटबॉल,2
"रक्षा पंक्ति ने निर्देश दिया, जिसके बाद खिलाड़ी अपनी जगह लौटे।",तटस्थ,कबड्डी,1
"मुकाबले के इस चरण में सलामी जोड़ी ने सटीक गेंदबाजी की, जिससे रन गति सुधरी।",सकारात्मक,क्रिकेट,2
"मुकाबले के इस चरण में मुख्य चालक ने अंतिम चरण में गति बढ़ाई, जिससे जीत की उम्मीद बढ़ी।",सकारात्मक,फॉर्मूला वन,2
"मुकाबले के इस चरण में क्षेत्ररक्षक ने मजबूत साझेदारी बनाई, जिससे दल का आत्मविश्वास बढ़ा।",सकारात्मक,क्रिकेट,2
"रक्षक ने मैदान पर आने के बाद असर नहीं डाल सका, जिससे वापसी कठिन हुई।",नकारात्मक,कबड्डी,0
"निर्णायक समय पर स्थानापन्न खिलाड़ी ने गेंद पकड़ी, जिसके बाद खिलाड़ी अपनी जगह लौटे।",तटस्थ,फुटबॉल,1
"मुकाबले के इस चरण में टायर दल ने सही समय पर निर्णय लिया, जिससे पोडियम की संभावना बढ़ी।",सकारात्मक,फॉर्मूला वन,2
"पिट दल ने मोड़ पार किया, जिसके बाद अगला चरण शुरू हुआ।",तटस्थ,फॉर्मूला वन,1
"मुकाबले के इस चरण में रक्षात्मक खिलाड़ी ने पीछे से प्रहार किया, और मुकाबला सामान्य गति से चला।",तटस्थ,बैडमिंटन,1
"दबाव के बीच कार ने गलत रणनीति चुनी, जिससे जीत की उम्मीद कमजोर हुई।",नकारात्मक,फॉर्मूला वन,0
"मध्य खिलाड़ी ने अच्छा तालमेल दिखाया, और मुकाबला अपने पक्ष में झुका।",सकारात्मक,कबड्डी,2
"आज नेट खिलाड़ी ने खाली जगह पहचानी, जिससे बढ़त मजबूत हुई।",सकारात्मक,बैडमिंटन,2
"निर्णायक समय पर कप्तान ने बिना अंक लौट आया, और दर्शकों में निराशा फैल गई 😞।",नकारात्मक,कबड्डी,0
"निर्णायक समय पर नेट खिलाड़ी ने मजबूत बचाव किया, जिससे आत्मविश्वास बढ़ा।",सकारात्मक,बैडमिंटन,2
"निर्णायक समय पर विंगर ने मैदान पर आने के बाद असर नहीं डाल सका, और मुकाबला हाथ से निकलने लगा।",नकारात्मक,फुटबॉल,0
"दबाव के बीच मध्यक्रम ने क्षेत्ररक्षण में बदलाव किया, और अगली गेंद खेली गई।",तटस्थ,क्रिकेट,1
"मुकाबले के इस चरण में रक्षा पंक्ति ने सफल रेड की, और विपक्षी दबाव में आया।",सकारात्मक,कबड्डी,2
"आज स्पिनर ने एक ओवर पूरा किया, जिसके बाद अगला ओवर शुरू हुआ।",तटस्थ,क्रिकेट,1
"मध्य मैदान के खिलाड़ी ने आक्रमण शुरू किया, और दोनों दल रणनीति पर काम करते रहे।",तटस्थ,फुटबॉल,1
"मुकाबले के इस चरण में नेट खिलाड़ी ने नेट के पास अंक गंवा दिया, जिससे बढ़त कमजोर हुई।",नकारात्मक,बैडमिंटन,0
"मुकाबले के इस चरण में निचला क्रम ने बीच के ओवरों में दबाव बनाए रखा, और मुकाबला अपने पक्ष में झुक गया।",सकारात्मक,क्रिकेट,2
"दबाव के बीच रेस दल ने सही समय पर निर्णय लिया, और प्रशंसकों में उत्साह फैल गया 🏎️।",सकारात्मक,फॉर्मूला वन,2
"निर्णायक समय पर क्षेत्ररक्षक ने अगली गेंद का सामना किया, और मुकाबला सामान्य गति से चलता रहा।",तटस्थ,क्रिकेट,1
"आज मध्यक्रम ने समय पर रणनीति बदली, और विपक्षी दबाव में आ गया।",सकारात्मक,क्रिकेट,2
"आज नेट खिलाड़ी ने रैली जारी रखी, जिसके बाद अगली रैली शुरू हुई।",तटस्थ,बैडमिंटन,1
"निर्णायक समय पर कप्तान ने विपक्षी हमले को रोका, और दोनों दल रणनीति पर काम करते रहे।",तटस्थ,फुटबॉल,1
"निर्णायक समय पर रक्षापंक्ति ने सटीक पास दिया, और दर्शक खुशी से झूम उठे 😀।",सकारात्मक,फुटबॉल,2
"पिट दल ने टायर बदले, और दौड़ आगे बढ़ी।",तटस्थ,फॉर्मूला वन,1
"निर्णायक समय पर रक्षा पंक्ति ने निर्णायक अंक लिया, और जीत की उम्मीद बढ़ी।",सकारात्मक,कबड्डी,2
"स्थानापन्न खिलाड़ी ने पास आगे बढ़ाया, जिसके बाद खेल आगे बढ़ा।",तटस्थ,फुटबॉल,1
"गेंदबाज ने देर से रणनीति बदली, और रणनीति विफल रही।",नकारात्मक,क्रिकेट,0
"निर्णायक समय पर हमलावर ने गेंद पकड़ी, और मुकाबला सामान्य गति से चलता रहा।",तटस्थ,फुटबॉल,1
"निर्णायक समय पर मध्य मैदान के खिलाड़ी ने गोल की ओर गेंद भेजी, और अगला आक्रमण शुरू हुआ।",तटस्थ,फुटबॉल,1
"मुकाबले के इस चरण में टायर दल ने दौड़ की योजना देखी, जिसके बाद अगला चरण शुरू हुआ।",तटस्थ,फॉर्मूला वन,1
"दबाव के बीच निचला क्रम ने बीच के ओवरों में महंगा साबित हुआ, जिससे जीत की संभावना कमजोर हुई।",नकारात्मक,क्रिकेट,0
"मुकाबले के इस चरण में विंगर ने तेज तालमेल दिखाया, जिससे वापसी सफल हुई।",सकारात्मक,फुटबॉल,2
"मुकाबले के इस चरण में गोलकीपर ने पास आगे बढ़ाया, जिसके बाद गेंद फिर मध्य क्षेत्र में गई।",तटस्थ,फुटबॉल,1
"निर्णायक समय पर स्पिनर ने कुछ रन जोड़े, और अगली गेंद खेली गई।",तटस्थ,क्रिकेट,1
"दबाव के बीच मध्यक्रम ने ढीली गेंदें डालता रहा, और विपक्षी को बढ़त मिल गई।",नकारात्मक,क्रिकेट,0
"निर्णायक समय पर एकल खिलाड़ी ने रणनीति में अच्छा बदलाव किया, जिससे जीत की उम्मीद बढ़ी।",सकारात्मक,बैडमिंटन,2
"मुकाबले के इस चरण में दौड़ दल ने ट्रैक की स्थिति देखी, जिसके बाद अगला चक्कर शुरू हुआ।",तटस्थ,फॉर्मूला वन,1
"निर्णायक समय पर कप्तान ने तालमेल खो बैठा, और विपक्षी दबाव में नहीं आया।",नकारात्मक,कबड्डी,0
"मुकाबले के इस चरण में स्पिनर ने गेंद संभाली, जिसके बाद खेल आगे बढ़ा।",तटस्थ,क्रिकेट,1
"मुकाबले के इस चरण में पिछली पंक्ति का खिलाड़ी ने सही समय पर आक्रमण किया, जिससे बढ़त मजबूत हुई।",सकारात्मक,बैडमिंटन,2
"रक्षापंक्ति ने सही समय पर चुनौती नहीं दी, जिससे गोल का अवसर चला गया।",नकारात्मक,फुटबॉल,0
"निर्णायक समय पर तेज गेंदबाज ने दबाव में सही शॉट चुना, जिससे दल का आत्मविश्वास बढ़ा।",सकारात्मक,क्रिकेट,2
"मुकाबले के इस चरण में रेडर ने अच्छा तालमेल दिखाया, और जीत की उम्मीद बढ़ी।",सकारात्मक,कबड्डी,2
"निर्णायक समय पर कार ने दबाव में गलती की, जिससे पोडियम की संभावना घटी।",नकारात्मक,फॉर्मूला वन,0
"निर्णायक समय पर मुख्य रेडर ने रेड शुरू की, जिसके बाद खिलाड़ी अपनी जगह लौटे।",तटस्थ,कबड्डी,1
"दबाव के बीच कप्तान ने खाली जगह की ओर शटल भेजी, और अगला अंक खेला गया।",तटस्थ,बैडमिंटन,1
"कप्तान ने गेंद पर नियंत्रण रखा, और जीत की उम्मीद बढ़ी।",सकारात्मक,फुटबॉल,2
"मुकाबले के इस चरण में टायर दल ने लगातार अच्छा तालमेल रखा, और प्रशंसकों में उत्साह फैल गया 🏎️।",सकारात्मक,फॉर्मूला वन,2
"दबाव के बीच रक्षा पंक्ति ने रेडर को रोक नहीं पाया, और मुकाबला हाथ से निकलने लगा।",नकारात्मक,कबड्डी,0
"दबाव के बीच स्थानापन्न खिलाड़ी ने अगली रेड की तैयारी की, और मुकाबला सामान्य गति से चला।",तटस्थ,कबड्डी,1
"मुकाबले के इस चरण में एकल खिलाड़ी ने नेट के पास अंक गंवा दिया, जिससे बढ़त कमजोर हुई।",नकारात्मक,बैडमिंटन,0
"दबाव के बीच सहायक रक्षक ने तालमेल बनाया, और दोनों दल अगली चाल की तैयारी करने लगे।",तटस्थ,कबड्डी,1
"दबाव के बीच रक्षक ने मैदान में प्रवेश किया, जिसके बाद खेल आगे बढ़ा।",तटस्थ,फुटबॉल,1
"विकेटकीपर ने आसान मौका गंवा बैठा, जिससे दल का आत्मविश्वास घटा।",नकारात्मक,क्रिकेट,0
"मुख्य रेडर ने मजबूत घेरा बनाया, और दर्शक खुशी से झूम उठे 😀।",सकारात्मक,कबड्डी,2
"मुख्य रेडर ने निर्देश दिया, जिसके बाद अगली रेड शुरू हुई।",तटस्थ,कबड्डी,1
"दबाव के बीच आक्रामक दल ने मैदान में प्रवेश किया, जिसके बाद गेंद फिर मध्य क्षेत्र में गई।",तटस्थ,फुटबॉल,1
"दबाव के बीच रक्षा पंक्ति ने मैदान पर आने के बाद असर नहीं डाल सका, और दर्शकों में निराशा फैल गई 😞।",नकारात्मक,कबड्डी,0
"रेडर ने निर्णायक अंक नहीं ले सका, और रणनीति विफल रही।",नकारात्मक,कबड्डी,0
"आज बल्लेबाज ने जल्दी विकेट गंवा बैठा, जिससे जीत की संभावना कमजोर हुई।",नकारात्मक,क्रिकेट,0
"दबाव के बीच इंजीनियर ने ओवरटेक का मौका गंवाया, जिससे समय का नुकसान हुआ।",नकारात्मक,फॉर्मूला वन,0
"मुकाबले के इस चरण में रणनीति दल ने सही रणनीति चुनी, जिससे समय का लाभ मिला।",सकारात्मक,फॉर्मूला वन,2
"रक्षक ने बोनस का मौका गंवाया, और रणनीति विफल रही।",नकारात्मक,कबड्डी,0
"आज मुख्य रेडर ने सफल रेड की, जिससे जरूरी अंक मिला।",सकारात्मक,कबड्डी,2
"मुकाबले के इस चरण में टायर दल ने टायरों का सही उपयोग किया, जिससे स्थान सुधरा।",सकारात्मक,फॉर्मूला वन,2
"रेस दल ने दबाव में धैर्य रखा, जिससे समय का लाभ मिला।",सकारात्मक,फॉर्मूला वन,2
"दबाव के बीच एकल खिलाड़ी ने रणनीति में अच्छा बदलाव किया, और प्रतिद्वंद्वी दबाव में आया।",सकारात्मक,बैडमिंटन,2
"आज कार ने टायरों का गलत उपयोग किया, जिससे पोडियम की संभावना घटी।",नकारात्मक,फॉर्मूला वन,0
"निर्णायक समय पर रक्षक ने बोनस का मौका गंवाया, जिससे बढ़त कमजोर हुई।",नकारात्मक,कबड्डी,0
"निर्णायक समय पर मध्य खिलाड़ी ने रेडर को घेरने की कोशिश की, और खेल आगे बढ़ा।",तटस्थ,कबड्डी,1
"इंजीनियर ने शानदार ओवरटेक किया, जिससे समय का लाभ मिला।",सकारात्मक,फॉर्मूला वन,2
"निर्णायक समय पर पिछली पंक्ति का खिलाड़ी ने कठिन शटल नहीं लौटा सका, और प्रतिद्वंद्वी दबाव में नहीं आया।",नकारात्मक,बैडमिंटन,0
"मुकाबले के इस चरण में पिट दल ने देर से निर्णय लिया, और प्रशंसकों में निराशा फैल गई 😞।",नकारात्मक,फॉर्मूला वन,0
"निर्णायक समय पर पिछली पंक्ति का खिलाड़ी ने सर्विस पर नियंत्रण रखा, और वापसी सफल हुई।",सकारात्मक,बैडमिंटन,2
"मध्यक्रम ने महत्वपूर्ण विकेट लिया, और दर्शकों में उत्साह फैल गया 😀।",सकारात्मक,क्रिकेट,2
"गेंदबाज ने आसान मौका गंवा बैठा, और दर्शकों में निराशा फैल गई 😞।",नकारात्मक,क्रिकेट,0
"निर्णायक समय पर क्षेत्ररक्षक ने साझेदारी नहीं बना सका, और रणनीति विफल रही।",नकारात्मक,क्रिकेट,0
"आज चालक ने अपनी गति बनाए रखी, और दौड़ आगे बढ़ी।",तटस्थ,फॉर्मूला वन,1
"दबाव के बीच सलामी जोड़ी ने दबाव में सही शॉट चुना, और रणनीति कामयाब रही।",सकारात्मक,क्रिकेट,2
"गोलकीपर ने कठिन बचाव किया, जिससे गोल का अवसर बना।",सकारात्मक,फुटबॉल,2
"मुकाबले के इस चरण में पिछली पंक्ति का खिलाड़ी ने नेट के पास अंक गंवा दिया, और मुकाबला विपक्षी की ओर झुका।",नकारात्मक,बैडमिंटन,0
"निर्णायक समय पर नेट खिलाड़ी ने बचाव में चूक गया, जिससे बढ़त कमजोर हुई।",नकारात्मक,बैडमिंटन,0
"मुकाबले के इस चरण में गेंदबाज ने देर से रणनीति बदली, और विपक्षी को बढ़त मिल गई।",नकारात्मक,क्रिकेट,0
"निर्णायक समय पर रक्षा पंक्ति ने बिना अंक लौट आया, और मुकाबला हाथ से निकलने लगा।",नकारात्मक,कबड्डी,0
"दबाव के बीच कप्तान ने मैदान पर आने के बाद असर नहीं डाल सका, जिससे जरूरी अंक गंवा।",नकारात्मक,कबड्डी,0
"आज बल्लेबाज ने अंतिम ओवरों में नियंत्रण खो बैठा, और दर्शकों में निराशा फैल गई 😞।",नकारात्मक,क्रिकेट,0
"एकल खिलाड़ी ने बचाव की स्थिति ली, जिसके बाद अगली रैली शुरू हुई।",तटस्थ,बैडमिंटन,1
"रक्षापंक्ति ने गेंद खो दी, जिससे आत्मविश्वास घटा।",नकारात्मक,फुटबॉल,0
"आज क्षेत्ररक्षक ने तेज प्रतिक्रिया से मौका बनाया, और रणनीति कामयाब रही।",सकारात्मक,क्रिकेट,2
"आज एकल खिलाड़ी ने तेज प्रतिक्रिया दिखाई, जिससे जीत की उम्मीद बढ़ी।",सकारात्मक,बैडमिंटन,2
"दबाव के बीच रक्षात्मक खिलाड़ी ने रणनीति पर चर्चा की, और मुकाबला सामान्य गति से चला।",तटस्थ,बैडमिंटन,1
"युगल जोड़ी ने अगले अंक की तैयारी की, जिसके बाद अगली रैली शुरू हुई।",तटस्थ,बैडमिंटन,1
"निर्णायक समय पर विकेटकीपर ने कुछ रन जोड़े, जिसके बाद दोनों दल अपनी योजना पर लौटे।",तटस्थ,क्रिकेट,1
"सहायक रक्षक ने बिना अंक लौट आया, और विपक्षी दबाव में नहीं आया।",नकारात्मक,कबड्डी,0
"रक्षक ने आसान मौका गंवाया, जिससे बढ़त कमजोर हुई।",नकारात्मक,फुटबॉल,0
"क्षेत्ररक्षक ने तेज प्रतिक्रिया से मौका बनाया, जिससे दल का आत्मविश्वास बढ़ा।",सकारात्मक,क्रिकेट,2
"मुकाबले के इस चरण में इंजीनियर ने टायर बदले, और दौड़ आगे बढ़ी।",तटस्थ,फॉर्मूला वन,1
"दबाव के बीच बल्लेबाज ने बीच के ओवर में गेंदबाजी की, और मुकाबला सामान्य गति से चलता रहा।",तटस्थ,क्रिकेट,1
"मुकाबले के इस चरण में कप्तान ने सर्विस की, और मुकाबला सामान्य गति से चला।",तटस्थ,बैडमिंटन,1
"दबाव के बीच युगल जोड़ी ने अगले अंक की तैयारी की, जिसके बाद सर्विस बदली गई।",तटस्थ,बैडमिंटन,1
"निर्णायक समय पर रक्षक ने मैदान पर आते ही असर डाला, और दर्शक खुशी से झूम उठे 😀।",सकारात्मक,कबड्डी,2
"रक्षापंक्ति ने अपनी जगह संभाली, जिसके बाद गेंद फिर मध्य क्षेत्र में गई।",तटस्थ,फुटबॉल,1
"आज आक्रामक खिलाड़ी ने स्मैश बाहर मार बैठा, जिससे बढ़त कमजोर हुई।",नकारात्मक,बैडमिंटन,0
"निर्णायक समय पर अंतिम रेडर ने अच्छा तालमेल दिखाया, जिससे जरूरी अंक मिला।",सकारात्मक,कबड्डी,2
"मुकाबले के इस चरण में मध्य क्षेत्र ने सटीक पास दिया, और मुकाबला अपने पक्ष में झुक गया।",सकारात्मक,फुटबॉल,2
"टीम प्रबंधन ने ट्रैक की स्थिति देखी, जिसके बाद अगला चरण शुरू हुआ।",तटस्थ,फॉर्मूला वन,1
"आज हमलावर ने गेंद पर नियंत्रण रखा, जिससे दल का आत्मविश्वास बढ़ा।",सकारात्मक,फुटबॉल,2
"आज मध्य मैदान के खिलाड़ी ने अपनी जगह छोड़ दी, जिससे आत्मविश्वास घटा।",नकारात्मक,फुटबॉल,0
"एकल खिलाड़ी ने सही समय पर आक्रमण किया, और दर्शकों ने तालियां बजाईं 👏।",सकारात्मक,बैडमिंटन,2
"आज अंतिम रेडर ने अच्छा तालमेल दिखाया, और जीत की उम्मीद बढ़ी।",सकारात्मक,कबड्डी,2
"दौड़ दल ने तेज सेवा दी, और प्रशंसकों में उत्साह फैल गया 🏎️।",सकारात्मक,फॉर्मूला वन,2
"निर्णायक समय पर मध्य मैदान के खिलाड़ी ने सही समय पर चुनौती नहीं दी, जिससे बढ़त कमजोर हुई।",नकारात्मक,फुटबॉल,0
"दबाव के बीच रक्षा पंक्ति ने अच्छा तालमेल दिखाया, जिससे वापसी सफल हुई।",सकारात्मक,कबड्डी,2
"आज क्षेत्ररक्षक ने साझेदारी नहीं बना सका, और रणनीति विफल रही।",नकारात्मक,क्रिकेट,0
"दबाव के बीच मध्य मैदान के खिलाड़ी ने अपनी जगह संभाली, और अगला आक्रमण शुरू हुआ।",तटस्थ,फुटबॉल,1
"कार ने तेज बदलाव किया, जिससे समय का लाभ मिला।",सकारात्मक,फॉर्मूला वन,2
"निर्णायक समय पर हमलावर ने पास आगे बढ़ाया, और दोनों दल रणनीति पर काम करते रहे।",तटस्थ,फुटबॉल,1
"आज रक्षक ने निर्णायक अंक लिया, जिससे दल का आत्मविश्वास बढ़ा।",सकारात्मक,कबड्डी,2
"दबाव के बीच आक्रामक दल ने तेज तालमेल दिखाया, जिससे गोल का अवसर बना।",सकारात्मक,फुटबॉल,2
"निर्णायक समय पर टायर दल ने दौड़ की योजना देखी, जिसके बाद अगला चक्कर शुरू हुआ।",तटस्थ,फॉर्मूला वन,1
"मुकाबले के इस चरण में मध्य क्षेत्र ने मैदान पर आते ही असर डाला, और मुकाबला अपने पक्ष में झुक गया।",सकारात्मक,फुटबॉल,2
"दबाव के बीच आक्रामक दल ने तालमेल खो दिया, और विपक्षी को फायदा मिला।",नकारात्मक,फुटबॉल,0
"दबाव के बीच रक्षात्मक खिलाड़ी ने स्मैश बाहर मार बैठा, जिससे जीत कठिन हुई।",नकारात्मक,बैडमिंटन,0
"मुकाबले के इस चरण में सलामी जोड़ी ने एक ओवर पूरा किया, और अगली गेंद खेली गई।",तटस्थ,क्रिकेट,1
"मुकाबले के इस चरण में मध्यक्रम ने पारी शुरू की, जिसके बाद अगला ओवर शुरू हुआ।",तटस्थ,क्रिकेट,1
"दबाव के बीच कार ने मोड़ पर नियंत्रण खोया, जिससे स्थान गिरा।",नकारात्मक,फॉर्मूला वन,0
"मुकाबले के इस चरण में टायर दल ने आंकड़ों की समीक्षा की, और दौड़ आगे बढ़ी।",तटस्थ,फॉर्मूला वन,1
"आज मुख्य रेडर ने घेरा टूटने दिया, जिससे दल का आत्मविश्वास घटा।",नकारात्मक,कबड्डी,0
"मुकाबले के इस चरण में पिट दल ने टायर बदलने में देरी की, जिससे समय का नुकसान हुआ।",नकारात्मक,फॉर्मूला वन,0
"निर्णायक समय पर कप्तान ने रेडर को रोक नहीं पाया, जिससे जरूरी अंक गंवा।",नकारात्मक,कबड्डी,0
"दबाव के बीच दल ने सही समय पर बोनस लिया, जिससे जरूरी अंक मिला।",सकारात्मक,कबड्डी,2
"मुकाबले के इस चरण में निर्णायक अंक पर खिलाड़ी ने सर्विस की, और मुकाबला सामान्य गति से चला।",तटस्थ,बैडमिंटन,1
"आक्रामक दल ने देर से बदलाव किया, और मुकाबला हाथ से निकलने लगा।",नकारात्मक,फुटबॉल,0
"मुकाबले के इस चरण में रक्षक ने अगली रेड की तैयारी की, और मुकाबला सामान्य गति से चला।",तटस्थ,कबड्डी,1
"निर्णायक समय पर रक्षात्मक खिलाड़ी ने खाली जगह की ओर शटल भेजी, और मुकाबला सामान्य गति से चला।",तटस्थ,बैडमिंटन,1
"दबाव के बीच टायर दल ने सही समय पर निर्णय लिया, और दौड़ का रुख बदला।",सकारात्मक,फॉर्मूला वन,2
"सर्विस करने वाला खिलाड़ी ने बचाव में चूक गया, जिससे जीत कठिन हुई।",नकारात्मक,बैडमिंटन,0
"दबाव के बीच कप्तान ने ढीली गेंदें डालता रहा, जिससे वापसी कठिन हुई।",नकारात्मक,क्रिकेट,0
"निर्णायक समय पर तेज गेंदबाज ने जरूरी विकेट नहीं ले सका, और दर्शकों में निराशा फैल गई 😞।",नकारात्मक,क्रिकेट,0
"मुकाबले के इस चरण में स्थानापन्न खिलाड़ी ने तेज तालमेल दिखाया, और विपक्षी दबाव में आया।",सकारात्मक,फुटबॉल,2
"दबाव के बीच कप्तान ने सटीक पास दिया, और जीत की उम्मीद बढ़ी।",सकारात्मक,फुटबॉल,2
"आज कप्तान ने रैली जारी रखी, जिसके बाद अगली रैली शुरू हुई।",तटस्थ,बैडमिंटन,1
"पिछली पंक्ति का खिलाड़ी ने शटल आगे भेजी, और खेल आगे बढ़ा।",तटस्थ,बैडमिंटन,1
"निर्णायक समय पर विकेटकीपर ने दबाव में सही शॉट चुना, और दर्शकों में उत्साह फैल गया 😀।",सकारात्मक,क्रिकेट,2
"कप्तान ने जरूरी विकेट नहीं ले सका, जिससे जीत की संभावना कमजोर हुई।",नकारात्मक,क्रिकेट,0
"निर्णायक समय पर सहायक रक्षक ने निर्णायक अंक नहीं ले सका, और विपक्षी दबाव में नहीं आया।",नकारात्मक,कबड्डी,0
"दबाव के बीच कप्तान ने सटीक स्मैश लगाया, जिससे जीत की उम्मीद बढ़ी।",सकारात्मक,बैडमिंटन,2
"निर्णायक समय पर मध्यक्रम ने गेंद संभाली, जिसके बाद अगला ओवर शुरू हुआ।",तटस्थ,क्रिकेट,1
"आज खिलाड़ी ने देर से प्रतिक्रिया दी, जिससे आत्मविश्वास घटा।",नकारात्मक,बैडमिंटन,0
"आज आक्रामक खिलाड़ी ने बचाव में चूक गया, जिससे बढ़त कमजोर हुई।",नकारात्मक,बैडमिंटन,0
"रणनीति दल ने देर से निर्णय लिया, जिससे समय का नुकसान हुआ।",नकारात्मक,फॉर्मूला वन,0
"दबाव के बीच रक्षापंक्ति ने मैदान पर आते ही असर डाला, जिससे बढ़त मजबूत हुई।",सकारात्मक,फुटबॉल,2
"दबाव के बीच रेडर ने रेड शुरू की, और खेल आगे बढ़ा।",तटस्थ,कबड्डी,1
"दबाव के बीच टीम प्रबंधन ने अंतिम चरण में गति बढ़ाई, और दौड़ का रुख बदला।",सकारात्मक,फॉर्मूला वन,2
"दबाव के बीच कार ने दबाव में गलती की, और प्रतिद्वंद्वी को फायदा मिला।",नकारात्मक,फॉर्मूला वन,0
"आज पिछली पंक्ति का खिलाड़ी ने सही समय पर आक्रमण किया, और मुकाबला अपने पक्ष में झुका।",सकारात्मक,बैडमिंटन,2
"आज विकेटकीपर ने जल्दी विकेट गंवा बैठा, और दर्शकों में निराशा फैल गई 😞।",नकारात्मक,क्रिकेट,0
"स्थानापन्न खिलाड़ी ने सफल रेड की, और मुकाबला अपने पक्ष में झुका।",सकारात्मक,कबड्डी,2
"निर्णायक समय पर मध्य क्षेत्र ने गेंद खो दी, जिससे आत्मविश्वास घटा।",नकारात्मक,फुटबॉल,0
"दबाव के बीच पिछली पंक्ति का खिलाड़ी ने सही समय पर आक्रमण किया, जिससे जीत की उम्मीद बढ़ी।",सकारात्मक,बैडमिंटन,2
"दबाव के बीच कप्तान ने कठिन बचाव किया, और मुकाबला अपने पक्ष में झुक गया।",सकारात्मक,फुटबॉल,2
"दबाव के बीच एकल खिलाड़ी ने लंबी रैली जीती, जिससे जीत की उम्मीद बढ़ी।",सकारात्मक,बैडमिंटन,2
"दबाव के बीच सलामी जोड़ी ने अपनी जगह बदली, और पारी अपने क्रम में आगे बढ़ी।",तटस्थ,क्रिकेट,1
"निर्णायक समय पर कप्तान ने बचाव में चूक गया, जिससे जीत कठिन हुई।",नकारात्मक,बैडमिंटन,0
"निर्णायक समय पर मुख्य रेडर ने मैदान में प्रवेश किया, जिसके बाद खिलाड़ी अपनी जगह लौटे।",तटस्थ,कबड्डी,1
"मुकाबले के इस चरण में विकेटकीपर ने क्षेत्ररक्षण में बदलाव किया, जिसके बाद अगला ओवर शुरू हुआ।",तटस्थ,क्रिकेट,1
"आज मुख्य रेडर ने रक्षा की स्थिति बनाई, और दोनों दल अगली चाल की तैयारी करने लगे।",तटस्थ,कबड्डी,1
"निर्णायक समय पर मध्य क्षेत्र ने बचाव में चूक गया, जिससे आत्मविश्वास घटा।",नकारात्मक,फुटबॉल,0
"निर्णायक समय पर सर्विस करने वाला खिलाड़ी ने गलत समय पर आक्रमण किया, और मुकाबला विपक्षी की ओर झुका।",नकारात्मक,बैडमिंटन,0
"आज निर्णायक अंक पर खिलाड़ी ने नेट पर शटल रोकी, और मुकाबला सामान्य गति से चला।",तटस्थ,बैडमिंटन,1
"मुकाबले के इस चरण में क्षेत्ररक्षक ने बीच के ओवर में गेंदबाजी की, जिसके बाद दोनों दल अपनी योजना पर लौटे।",तटस्थ,क्रिकेट,1
"दबाव के बीच रेडर ने बोनस का मौका गंवाया, और विपक्षी दबाव में नहीं आया।",नकारात्मक,कबड्डी,0
"मुकाबले के इस चरण में मध्य क्षेत्र ने तेज तालमेल दिखाया, और जीत की उम्मीद बढ़ी।",सकारात्मक,फुटबॉल,2
"दबाव के बीच पिट दल ने एक चक्कर पूरा किया, जिसके बाद कार फिर ट्रैक पर आई।",तटस्थ,फॉर्मूला वन,1
"आज दौड़ दल ने बदलाव में समय गंवाया, और प्रतिद्वंद्वी को फायदा मिला।",नकारात्मक,फॉर्मूला वन,0
"दबाव के बीच रेस दल ने देर से निर्णय लिया, और दौड़ का रुख बिगड़ा।",नकारात्मक,फॉर्मूला वन,0
"आज मध्यक्रम ने अगला ओवर शुरू किया, जिसके बाद अगला ओवर शुरू हुआ।",तटस्थ,क्रिकेट,1
"मुकाबले के इस चरण में कप्तान ने सही समय पर चुनौती नहीं दी, जिससे बढ़त कमजोर हुई।",नकारात्मक,फुटबॉल,0
"आज सर्विस करने वाले खिलाड़ी ने लंबी रैली जीती, और दर्शकों ने तालियां बजाईं 👏।",सकारात्मक,बैडमिंटन,2
"आज सहायक रक्षक ने समय पर बदलाव किया, और दर्शक खुशी से झूम उठे 😀।",सकारात्मक,कबड्डी,2
"दबाव के बीच हमलावर ने दबाव नहीं बना सका, और विपक्षी को फायदा मिला।",नकारात्मक,फुटबॉल,0
"निर्णायक समय पर इंजीनियर ने सही रणनीति चुनी, और दौड़ का रुख बदला।",सकारात्मक,फॉर्मूला वन,2
"मुकाबले के इस चरण में आक्रामक दल ने शानदार गोल किया, जिससे गोल का अवसर बना।",सकारात्मक,फुटबॉल,2
"निर्णायक समय पर कप्तान ने कठिन शटल नहीं लौटा सका, जिससे निर्णायक अंक हाथ से गया।",नकारात्मक,बैडमिंटन,0
"मुकाबले के इस चरण में रक्षा पंक्ति ने बोनस का मौका गंवाया, और रणनीति विफल रही।",नकारात्मक,कबड्डी,0
"स्थानापन्न खिलाड़ी ने गेंद पर नियंत्रण रखा, और जीत की उम्मीद बढ़ी।",सकारात्मक,फुटबॉल,2
"निर्णायक समय पर कप्तान ने तेज तालमेल दिखाया, और मुकाबला अपने पक्ष में झुक गया।",सकारात्मक,फुटबॉल,2
"दबाव के बीच दल ने रेडर को रोक नहीं पाया, और रणनीति विफल रही।",नकारात्मक,कबड्डी,0
"सर्विस करने वाला खिलाड़ी ने बचाव की स्थिति ली, और अगला अंक खेला गया।",तटस्थ,बैडमिंटन,1
"मुकाबले के इस चरण में रणनीति दल ने लगातार अच्छा तालमेल रखा, जिससे स्थान सुधरा।",सकारात्मक,फॉर्मूला वन,2
"मुकाबले के इस चरण में रक्षात्मक खिलाड़ी ने रणनीति पर चर्चा की, और अगला अंक खेला गया।",तटस्थ,बैडमिंटन,1
"दबाव के बीच गेंदबाज ने पारी शुरू की, और पारी अपने क्रम में आगे बढ़ी।",तटस्थ,क्रिकेट,1
"पिछली पंक्ति का खिलाड़ी ने कठिन शटल लौटा दी, जिससे निर्णायक अंक मिला।",सकारात्मक,बैडमिंटन,2
"निर्णायक समय पर मुख्य रेडर ने रेडर को रोक नहीं पाया, और मुकाबला हाथ से निकलने लगा।",नकारात्मक,कबड्डी,0
"दबाव के बीच रक्षक ने तालमेल खो दिया, और योजना विफल रही।",नकारात्मक,फुटबॉल,0
"मुकाबले के इस चरण में मुख्य चालक ने अंतिम चरण में गति नहीं बढ़ा सका, जिससे जीत की उम्मीद कमजोर हुई।",नकारात्मक,फॉर्मूला वन,0
"मुकाबले के इस चरण में कप्तान ने अपनी जगह संभाली, और मुकाबला सामान्य गति से चला।",तटस्थ,कबड्डी,1
"निर्णायक समय पर रक्षा पंक्ति ने देर से बदलाव किया, और मुकाबला हाथ से निकलने लगा।",नकारात्मक,कबड्डी,0
"आज रेस दल ने ट्रैक की स्थिति देखी, जिसके बाद अगला चरण शुरू हुआ।",तटस्थ,फॉर्मूला वन,1
"दबाव के बीच कार ने मोड़ पार किया, जिसके बाद कार फिर ट्रैक पर आई।",तटस्थ,फॉर्मूला वन,1
"हमलावर ने गेंद पर नियंत्रण रखा, जिससे दल का आत्मविश्वास बढ़ा।",सकारात्मक,फुटबॉल,2
"आज सहायक रक्षक ने शानदार टैकल किया, जिससे बढ़त मजबूत हुई।",सकारात्मक,कबड्डी,2
"आज दौड़ दल ने ओवरटेक का मौका गंवाया, और दल का मनोबल गिरा।",नकारात्मक,फॉर्मूला वन,0
"सलामी जोड़ी ने बीच के ओवरों में महंगा साबित हुआ, और रणनीति विफल रही।",नकारात्मक,क्रिकेट,0
"निर्णायक समय पर मुख्य चालक ने अंतिम चरण में गति बढ़ाई, और प्रतिद्वंद्वी दबाव में आया।",सकारात्मक,फॉर्मूला वन,2
"मुख्य चालक ने दबाव में गलती की, जिससे पोडियम की संभावना घटी।",नकारात्मक,फॉर्मूला वन,0
"आक्रामक खिलाड़ी ने लंबी रैली गंवा बैठा, जिससे निर्णायक अंक हाथ से गया।",नकारात्मक,बैडमिंटन,0
"मुकाबले के इस चरण में कप्तान ने अपनी जगह बदली, और पारी अपने क्रम में आगे बढ़ी।",तटस्थ,क्रिकेट,1
"दबाव के बीच तेज गेंदबाज ने संयम से पारी संभाली, जिससे रन गति सुधरी।",सकारात्मक,क्रिकेट,2
"दबाव के बीच निर्णायक अंक पर खिलाड़ी ने नेट के पास अंक गंवा दिया, जिससे बढ़त कमजोर हुई।",नकारात्मक,बैडमिंटन,0
"आज सर्विस करने वाला खिलाड़ी ने अगले अंक की तैयारी की, और मुकाबला सामान्य गति से चला।",तटस्थ,बैडमिंटन,1
"आज पिछली पंक्ति का खिलाड़ी ने कठिन शटल नहीं लौटा सका, जिससे जीत कठिन हुई।",नकारात्मक,बैडमिंटन,0
"आज मध्यक्रम ने महत्वपूर्ण गेंद रोक नहीं पाया, और दर्शकों में निराशा फैल गई 😞।",नकारात्मक,क्रिकेट,0
"दबाव के बीच कप्तान ने दबाव में गलत शॉट चुना, जिससे दल का आत्मविश्वास घटा।",नकारात्मक,क्रिकेट,0
"दबाव के बीच टीम प्रबंधन ने मोड़ पर नियंत्रण रखा, और दल का मनोबल ऊंचा हुआ।",सकारात्मक,फॉर्मूला वन,2
"मुकाबले के इस चरण में हमलावर ने पास आगे बढ़ाया, जिसके बाद खिलाड़ी अपनी जगह लौटे।",तटस्थ,फुटबॉल,1
"निर्णायक समय पर नेट खिलाड़ी ने लंबी रैली जीती, और प्रतिद्वंद्वी दबाव में आया।",सकारात्मक,बैडमिंटन,2
"दबाव के बीच रक्षक ने मिलकर रेडर को रोका, जिससे जरूरी अंक मिला।",सकारात्मक,कबड्डी,2
"दबाव के बीच हमलावर ने गेंद खो दी, जिससे आत्मविश्वास घटा।",नकारात्मक,फुटबॉल,0
"आज एकल खिलाड़ी ने बचाव की स्थिति ली, और मुकाबला सामान्य गति से चला।",तटस्थ,बैडमिंटन,1
"निर्णायक समय पर कार ने सही समय पर निर्णय लिया, जिससे स्थान सुधरा।",सकारात्मक,फॉर्मूला वन,2
"दबाव के बीच खिलाड़ी ने कठिन शटल लौटा दी, और दर्शकों ने तालियां बजाईं 👏।",सकारात्मक,बैडमिंटन,2
"आज क्षेत्ररक्षक ने अपनी जगह बदली, और मुकाबला सामान्य गति से चलता रहा।",तटस्थ,क्रिकेट,1
"आज रक्षापंक्ति ने गेंद पर नियंत्रण रखा, और मुकाबला अपने पक्ष में झुक गया।",सकारात्मक,फुटबॉल,2
"आज मध्यक्रम ने जरूरी विकेट नहीं ले सका, जिससे वापसी कठिन हुई।",नकारात्मक,क्रिकेट,0
"दबाव के बीच खिलाड़ी ने खाली जगह पहचानी, जिससे जीत की उम्मीद बढ़ी।",सकारात्मक,बैडमिंटन,2
"आज निर्णायक अंक पर खिलाड़ी ने रणनीति पर चर्चा की, जिसके बाद दोनों खिलाड़ी अपनी जगह लौटे।",तटस्थ,बैडमिंटन,1
"आज क्षेत्ररक्षक ने बीच के ओवर में गेंदबाजी की, और मुकाबला सामान्य गति से चलता रहा।",तटस्थ,क्रिकेट,1
"आज तेज गेंदबाज ने अपनी जगह बदली, जिसके बाद खेल आगे बढ़ा।",तटस्थ,क्रिकेट,1
"टायर दल ने दबाव में धैर्य रखा, जिससे स्थान सुधरा।",सकारात्मक,फॉर्मूला वन,2
"आज रक्षक ने गेंद अपने पास रखी, और दोनों दल रणनीति पर काम करते रहे।",तटस्थ,फुटबॉल,1
"आज विंगर ने मैदान में प्रवेश किया, और दोनों दल रणनीति पर काम करते रहे।",तटस्थ,फुटबॉल,1
"आज रक्षक ने अच्छा तालमेल दिखाया, जिससे जरूरी अंक मिला।",सकारात्मक,कबड्डी,2
"मुकाबले के इस चरण में मध्य मैदान के खिलाड़ी ने गेंद पर नियंत्रण रखा, और विपक्षी दबाव में आया।",सकारात्मक,फुटबॉल,2
"दल ने लगातार अंक गंवाता रहा, जिससे बढ़त कमजोर हुई।",नकारात्मक,कबड्डी,0
"गेंदबाज ने महत्वपूर्ण गेंद रोक नहीं पाया, और रणनीति विफल रही।",नकारात्मक,क्रिकेट,0
"रक्षक ने अपनी जगह संभाली, जिसके बाद अगली रेड शुरू हुई।",तटस्थ,कबड्डी,1
"दबाव के बीच मध्यक्रम ने महत्वपूर्ण विकेट लिया, और विपक्षी दबाव में आ गया।",सकारात्मक,क्रिकेट,2
"युगल जोड़ी ने खाली जगह नहीं पहचान पाया, जिससे बढ़त कमजोर हुई।",नकारात्मक,बैडमिंटन,0
"निर्णायक समय पर कप्तान ने आक्रमण शुरू किया, और दोनों दल रणनीति पर काम करते रहे।",तटस्थ,फुटबॉल,1
"निर्णायक समय पर आक्रामक दल ने बचाव में चूक गया, जिससे बढ़त कमजोर हुई।",नकारात्मक,फुटबॉल,0
"आज रक्षा पंक्ति ने रक्षा की स्थिति बनाई, जिसके बाद खिलाड़ी अपनी जगह लौटे।",तटस्थ,कबड्डी,1
"आज एकल खिलाड़ी ने नेट पर शटल रोकी, जिसके बाद दोनों खिलाड़ी अपनी जगह लौटे।",तटस्थ,बैडमिंटन,1
"मुकाबले के इस चरण में मध्यक्रम ने समय पर रणनीति बदली, जिससे जीत की उम्मीद मजबूत हुई।",सकारात्मक,क्रिकेट,2
"निर्णायक समय पर दौड़ दल ने मोड़ पार किया, जिसके बाद कार फिर ट्रैक पर आई।",तटस्थ,फॉर्मूला वन,1
"मुकाबले के इस चरण में रक्षापंक्ति ने आक्रमण शुरू किया, और मुकाबला सामान्य गति से चलता रहा।",तटस्थ,फुटबॉल,1
"पिछली पंक्ति का खिलाड़ी ने तेज प्रतिक्रिया दिखाई, और प्रतिद्वंद्वी दबाव में आया।",सकारात्मक,बैडमिंटन,2
"मुकाबले के इस चरण में विंगर ने अपनी जगह संभाली, और मुकाबला सामान्य गति से चलता रहा।",तटस्थ,फुटबॉल,1
"दबाव के बीच क्षेत्ररक्षक ने एक ओवर पूरा किया, जिसके बाद अगला ओवर शुरू हुआ।",तटस्थ,क्रिकेट,1
"निर्णायक समय पर रेस दल ने दबाव में गलती की, और दौड़ का रुख बिगड़ा।",नकारात्मक,फॉर्मूला वन,0
"स्पिनर ने सटीक गेंदबाजी की, जिससे दल का आत्मविश्वास बढ़ा।",सकारात्मक,क्रिकेट,2
"विंगर ने गलत पास दिया, जिससे बढ़त कमजोर हुई।",नकारात्मक,फुटबॉल,0
"दौड़ दल ने मोड़ पार किया, और चालक ने अपनी स्थिति बनाए रखी।",तटस्थ,फॉर्मूला वन,1
"आज तेज गेंदबाज ने कुछ रन जोड़े, जिसके बाद अगला ओवर शुरू हुआ।",तटस्थ,क्रिकेट,1
"दबाव के बीच मध्य खिलाड़ी ने सफल रेड की, जिससे बढ़त मजबूत हुई।",सकारात्मक,कबड्डी,2
"मुकाबले के इस चरण में तेज गेंदबाज ने एक ओवर पूरा किया, जिसके बाद दोनों दल अपनी योजना पर लौटे।",तटस्थ,क्रिकेट,1
"रेस दल ने तेज बदलाव किया, जिससे जीत की उम्मीद बढ़ी।",सकारात्मक,फॉर्मूला वन,2
"निर्णायक समय पर कप्तान ने जरूरी विकेट नहीं ले सका, और मुकाबला हाथ से निकलने लगा।",नकारात्मक,क्रिकेट,0
"निर्णायक समय पर नेट खिलाड़ी ने रणनीति पर चर्चा की, और अगला अंक खेला गया।",तटस्थ,बैडमिंटन,1
"दबाव के बीच कप्तान ने तेज तालमेल दिखाया, और मुकाबला अपने पक्ष में झुक गया।",सकारात्मक,फुटबॉल,2
"मुकाबले के इस चरण में अंतिम रेडर ने अच्छा तालमेल दिखाया, जिससे बढ़त मजबूत हुई।",सकारात्मक,कबड्डी,2
"निर्णायक समय पर निर्णायक अंक पर खिलाड़ी ने खाली जगह पहचानी, और प्रतिद्वंद्वी दबाव में आया।",सकारात्मक,बैडमिंटन,2
"निर्णायक समय पर स्थानापन्न खिलाड़ी ने सफल रेड की, जिससे बढ़त मजबूत हुई।",सकारात्मक,कबड्डी,2
"मुकाबले के इस चरण में हमलावर ने मैदान पर आने के बाद असर नहीं डाल सका, और योजना विफल रही।",नकारात्मक,फुटबॉल,0
"विकेटकीपर ने कठिन गेंदों पर नियंत्रण रखा, और दर्शकों में उत्साह फैल गया 😀।",सकारात्मक,क्रिकेट,2
"आज स्थानापन्न खिलाड़ी ने मैदान पर आने के बाद असर नहीं डाल सका, जिससे वापसी कठिन हुई।",नकारात्मक,फुटबॉल,0
"दबाव के बीच रक्षापंक्ति ने सही समय पर चुनौती दी, और जीत की उम्मीद बढ़ी।",सकारात्मक,फुटबॉल,2
"विंगर ने एक बदलाव किया, और अगला आक्रमण शुरू हुआ।",तटस्थ,फुटबॉल,1
"मुकाबले के इस चरण में रक्षापंक्ति ने कठिन बचाव किया, और विपक्षी दबाव में आया।",सकारात्मक,फुटबॉल,2
"निर्णायक समय पर सर्विस करने वाला खिलाड़ी ने गलत समय पर आक्रमण किया, जिससे जीत कठिन हुई।",नकारात्मक,बैडमिंटन,0
"आज मुख्य रेडर ने बिना अंक लौट आया, जिससे जरूरी अंक गंवा।",नकारात्मक,कबड्डी,0
"मुकाबले के इस चरण में एकल खिलाड़ी ने मजबूत बचाव किया, और मुकाबला अपने पक्ष में झुका।",सकारात्मक,बैडमिंटन,2
"मुकाबले के इस चरण में विकेटकीपर ने महत्वपूर्ण विकेट लिया, जिससे रन गति सुधरी।",सकारात्मक,क्रिकेट,2
"निर्णायक समय पर रेस दल ने गलत रणनीति चुनी, जिससे समय का नुकसान हुआ।",नकारात्मक,फॉर्मूला वन,0
"दबाव के बीच कार ने टायर बदलने में देरी की, जिससे समय का नुकसान हुआ।",नकारात्मक,फॉर्मूला वन,0
"आक्रामक दल ने सही समय पर चुनौती नहीं दी, और मुकाबला हाथ से निकलने लगा।",नकारात्मक,फुटबॉल,0
"कप्तान ने अपनी जगह बदली, और मुकाबला सामान्य गति से चलता रहा।",तटस्थ,क्रिकेट,1
"आज तेज गेंदबाज ने जल्दी विकेट गंवा बैठा, और रणनीति विफल रही।",नकारात्मक,क्रिकेट,0
"दबाव के बीच निर्णायक अंक पर खिलाड़ी ने खाली जगह पहचानी, जिससे जीत की उम्मीद बढ़ी।",सकारात्मक,बैडमिंटन,2
"आज मुख्य चालक ने रणनीति पर चर्चा की, जिसके बाद अगला चरण शुरू हुआ।",तटस्थ,फॉर्मूला वन,1
"तेज गेंदबाज ने जल्दी विकेट गंवा बैठा, और मुकाबला हाथ से निकलने लगा।",नकारात्मक,क्रिकेट,0
"मुकाबले के इस चरण में रक्षक ने शानदार गोल किया, और जीत की उम्मीद बढ़ी।",सकारात्मक,फुटबॉल,2
"मुकाबले के इस चरण में सलामी जोड़ी ने आसान मौका गंवा बैठा, जिससे दल का आत्मविश्वास घटा।",नकारात्मक,क्रिकेट,0
"दबाव के बीच स्पिनर ने महत्वपूर्ण विकेट लिया, जिससे रन गति सुधरी।",सकारात्मक,क्रिकेट,2
"निर्णायक समय पर दल ने घेरा टूटने दिया, और विपक्षी दबाव में नहीं आया।",नकारात्मक,कबड्डी,0
"दबाव के बीच दौड़ दल ने देर से निर्णय लिया, और प्रतिद्वंद्वी को फायदा मिला।",नकारात्मक,फॉर्मूला वन,0
"मुकाबले के इस चरण में सहायक रक्षक ने विपक्षी क्षेत्र की ओर बढ़ा, जिसके बाद अगली रेड शुरू हुई।",तटस्थ,कबड्डी,1
"मुकाबले के इस चरण में टायर दल ने दौड़ की योजना पर काम किया, जिसके बाद अगला चरण शुरू हुआ।",तटस्थ,फॉर्मूला वन,1
"दबाव के बीच रक्षापंक्ति ने खिलाड़ियों के बीच गेंद घुमाई, और दोनों दल रणनीति पर काम करते रहे।",तटस्थ,फुटबॉल,1
"दबाव के बीच रक्षात्मक खिलाड़ी ने तेज प्रतिक्रिया दिखाई, और प्रतिद्वंद्वी दबाव में आया।",सकारात्मक,बैडमिंटन,2
"निर्णायक समय पर मुख्य रेडर ने रेडर को घेरने की कोशिश की, जिसके बाद खिलाड़ी अपनी जगह लौटे।",तटस्थ,कबड्डी,1
"सलामी जोड़ी ने दबाव में सही शॉट चुना, जिससे जीत की उम्मीद मजबूत हुई।",सकारात्मक,क्रिकेट,2
"मुकाबले के इस चरण में कप्तान ने साझेदारी नहीं बना सका, और रणनीति विफल रही।",नकारात्मक,क्रिकेट,0
"दबाव के बीच निचला क्रम ने आसान मौका गंवा बैठा, और दर्शकों में निराशा फैल गई 😞।",नकारात्मक,क्रिकेट,0
"दबाव के बीच निर्णायक अंक पर खिलाड़ी ने खाली जगह पहचानी, और मुकाबला अपने पक्ष में झुका।",सकारात्मक,बैडमिंटन,2
"निर्णायक समय पर खिलाड़ी ने अगले अंक की तैयारी की, जिसके बाद अगली रैली शुरू हुई।",तटस्थ,बैडमिंटन,1
"रक्षापंक्ति ने अपनी जगह छोड़ दी, जिससे बढ़त कमजोर हुई।",नकारात्मक,फुटबॉल,0
"निर्णायक समय पर नेट खिलाड़ी ने सर्विस पर नियंत्रण रखा, और दर्शकों ने तालियां बजाईं 👏।",सकारात्मक,बैडमिंटन,2
"मुकाबले के इस चरण में आक्रामक दल ने आसान मौका गंवाया, और विपक्षी को फायदा मिला।",नकारात्मक,फुटबॉल,0
"निर्णायक समय पर स्पिनर ने कुछ रन जोड़े, जिसके बाद खेल आगे बढ़ा।",तटस्थ,क्रिकेट,1
"मुकाबले के इस चरण में चालक ने मोड़ पर नियंत्रण रखा, जिससे जीत की उम्मीद बढ़ी।",सकारात्मक,फॉर्मूला वन,2
"दबाव के बीच रक्षा पंक्ति ने सही समय पर बोनस लिया, जिससे दल का आत्मविश्वास बढ़ा।",सकारात्मक,कबड्डी,2
"निर्णायक समय पर सर्विस करने वाला खिलाड़ी ने अगले अंक की तैयारी की, जिसके बाद दोनों खिलाड़ी अपनी जगह लौटे।",तटस्थ,बैडमिंटन,1
"रेडर ने तालमेल खो बैठा, जिससे बढ़त कमजोर हुई।",नकारात्मक,कबड्डी,0
"निर्णायक समय पर खिलाड़ी ने खाली जगह की ओर शटल भेजी, और मुकाबला सामान्य गति से चला।",तटस्थ,बैडमिंटन,1
"गोलकीपर ने समय पर बदलाव किया, जिससे बढ़त मजबूत हुई।",सकारात्मक,फुटबॉल,2
"निर्णायक समय पर रेडर ने अच्छा तालमेल दिखाया, जिससे वापसी सफल हुई।",सकारात्मक,कबड्डी,2
"आज पिछली पंक्ति का खिलाड़ी ने बचाव की स्थिति ली, और मुकाबला सामान्य गति से चला।",तटस्थ,बैडमिंटन,1
"निर्णायक समय पर रक्षापंक्ति ने सही समय पर चुनौती दी, और मुकाबला अपने पक्ष में झुक गया।",सकारात्मक,फुटबॉल,2
"दबाव के बीच तेज गेंदबाज ने मजबूत साझेदारी बनाई, जिससे दल का आत्मविश्वास बढ़ा।",सकारात्मक,क्रिकेट,2
"मुकाबले के इस चरण में पिट दल ने टायरों का सही उपयोग किया, और प्रतिद्वंद्वी दबाव में आया।",सकारात्मक,फॉर्मूला वन,2
"दबाव के बीच टायर दल ने आंकड़ों की समीक्षा की, और चालक ने अपनी स्थिति बनाए रखी।",तटस्थ,फॉर्मूला वन,1
"आज हमलावर ने सही समय पर चुनौती नहीं दी, जिससे बढ़त कमजोर हुई।",नकारात्मक,फुटबॉल,0
"मुकाबले के इस चरण में रेस दल ने अगले बदलाव की तैयारी की, और मुकाबला सामान्य गति से चला।",तटस्थ,फॉर्मूला वन,1
"मुकाबले के इस चरण में गेंदबाज ने संयम से पारी संभाली, और दर्शकों में उत्साह फैल गया 😀।",सकारात्मक,क्रिकेट,2
"दबाव के बीच मध्य मैदान के खिलाड़ी ने आक्रमण को रोक दिया, जिससे दल का आत्मविश्वास बढ़ा।",सकारात्मक,फुटबॉल,2
"आज विंगर ने गेंद अपने पास रखी, जिसके बाद गेंद फिर मध्य क्षेत्र में गई।",तटस्थ,फुटबॉल,1
"निर्णायक समय पर आक्रामक खिलाड़ी ने खाली जगह पहचानी, जिससे जीत की उम्मीद बढ़ी।",सकारात्मक,बैडमिंटन,2
"पिट दल ने टायरों का सही उपयोग किया, जिससे समय का लाभ मिला।",सकारात्मक,फॉर्मूला वन,2
"मुकाबले के इस चरण में हमलावर ने एक बदलाव किया, जिसके बाद खिलाड़ी अपनी जगह लौटे।",तटस्थ,फुटबॉल,1
"मुकाबले के इस चरण में कप्तान ने क्षेत्ररक्षण में बदलाव किया, और अगली गेंद खेली गई।",तटस्थ,क्रिकेट,1
"निर्णायक समय पर आक्रामक खिलाड़ी ने खाली जगह पहचानी, जिससे आत्मविश्वास बढ़ा।",सकारात्मक,बैडमिंटन,2
"निर्णायक समय पर कप्तान ने बीच के ओवरों में दबाव बनाए रखा, और रणनीति कामयाब रही।",सकारात्मक,क्रिकेट,2
"निर्णायक समय पर रक्षात्मक खिलाड़ी ने सही समय पर आक्रमण किया, और प्रतिद्वंद्वी दबाव में आया।",सकारात्मक,बैडमिंटन,2
"एकल खिलाड़ी ने स्मैश बाहर मार बैठा, और वापसी का मौका कम हुआ।",नकारात्मक,बैडमिंटन,0
"दबाव के बीच स्पिनर ने महत्वपूर्ण विकेट लिया, और विपक्षी दबाव में आ गया।",सकारात्मक,क्रिकेट,2
"निर्णायक समय पर कप्तान ने अपनी जगह संभाली, और मुकाबला सामान्य गति से चलता रहा।",तटस्थ,फुटबॉल,1
"आज आक्रामक दल ने एक बदलाव किया, जिसके बाद गेंद फिर मध्य क्षेत्र में गई।",तटस्थ,फुटबॉल,1
"कप्तान ने लंबी रैली गंवा बैठा, और मुकाबला विपक्षी की ओर झुका।",नकारात्मक,बैडमिंटन,0
"दबाव के बीच मध्य खिलाड़ी ने देर से बदलाव किया, और विपक्षी दबाव में नहीं आया।",नकारात्मक,कबड्डी,0
"मुकाबले के इस चरण में चालक ने मोड़ पार किया, और मुकाबला सामान्य गति से चला।",तटस्थ,फॉर्मूला वन,1
"दबाव के बीच आक्रामक खिलाड़ी ने पीछे से प्रहार किया, जिसके बाद अगली रैली शुरू हुई।",तटस्थ,बैडमिंटन,1
"निर्णायक समय पर गोलकीपर ने तेज तालमेल दिखाया, जिससे वापसी सफल हुई।",सकारात्मक,फुटबॉल,2
"आज विंगर ने तालमेल खो दिया, और दर्शकों में निराशा फैल गई 😞।",नकारात्मक,फुटबॉल,0
"आज रक्षात्मक खिलाड़ी ने शटल आगे भेजी, और मुकाबला सामान्य गति से चला।",तटस्थ,बैडमिंटन,1
"दबाव के बीच रक्षक ने निर्णायक अंक नहीं ले सका, और रणनीति विफल रही।",नकारात्मक,कबड्डी,0
"दबाव के बीच रक्षक ने देर से बदलाव किया, और रणनीति विफल रही।",नकारात्मक,कबड्डी,0
"मुकाबले के इस चरण में दल ने रेडर को रोक नहीं पाया, और मुकाबला हाथ से निकलने लगा।",नकारात्मक,कबड्डी,0
"आज दल ने मजबूत घेरा बनाया, जिससे जरूरी अंक मिला।",सकारात्मक,कबड्डी,2
"दबाव के बीच खिलाड़ी ने रणनीति में सुधार नहीं कर सका, और मुकाबला विपक्षी की ओर झुका।",नकारात्मक,बैडमिंटन,0
"आज क्षेत्ररक्षक ने बीच के ओवरों में महंगा साबित हुआ, जिससे जीत की संभावना कमजोर हुई।",नकारात्मक,क्रिकेट,0
"मुकाबले के इस चरण में कप्तान ने सर्विस पर नियंत्रण रखा, जिससे निर्णायक अंक मिला।",सकारात्मक,बैडमिंटन,2
"रक्षक ने मैदान पर आते ही असर डाला, जिससे बढ़त मजबूत हुई।",सकारात्मक,कबड्डी,2
"मुकाबले के इस चरण में रक्षापंक्ति ने गेंद पर नियंत्रण रखा, जिससे गोल का अवसर बना।",सकारात्मक,फुटबॉल,2
"निर्णायक समय पर स्थानापन्न खिलाड़ी ने मैदान पर आते ही असर डाला, और दर्शक खुशी से झूम उठे 😀।",सकारात्मक,कबड्डी,2
"मुकाबले के इस चरण में बल्लेबाज ने अगला ओवर शुरू किया, जिसके बाद अगला ओवर शुरू हुआ।",तटस्थ,क्रिकेट,1
"मुकाबले के इस चरण में बल्लेबाज ने पारी शुरू की, और पारी अपने क्रम में आगे बढ़ी।",तटस्थ,क्रिकेट,1
"टीम प्रबंधन ने दबाव में गलती की, जिससे पोडियम की संभावना घटी।",नकारात्मक,फॉर्मूला वन,0
"मुकाबले के इस चरण में विंगर ने पास आगे बढ़ाया, और अगला आक्रमण शुरू हुआ।",तटस्थ,फुटबॉल,1
"निर्णायक समय पर हमलावर ने मैदान पर आते ही असर डाला, जिससे वापसी सफल हुई।",सकारात्मक,फुटबॉल,2
"आज रेडर ने लगातार अंक जुटाए, जिससे दल का आत्मविश्वास बढ़ा।",सकारात्मक,कबड्डी,2
"मुकाबले के इस चरण में सलामी जोड़ी ने मजबूत साझेदारी बनाई, जिससे दल का आत्मविश्वास बढ़ा।",सकारात्मक,क्रिकेट,2
"दबाव के बीच मुख्य चालक ने रणनीति पर चर्चा की, और दौड़ आगे बढ़ी।",तटस्थ,फॉर्मूला वन,1
"दबाव के बीच मुख्य चालक ने दबाव में धैर्य रखा, और प्रशंसकों में उत्साह फैल गया 🏎️।",सकारात्मक,फॉर्मूला वन,2
"रक्षक ने रेड शुरू की, और मुकाबला सामान्य गति से चला।",तटस्थ,कबड्डी,1
"निर्णायक समय पर रक्षक ने गेंद पकड़ी, और दोनों दल रणनीति पर काम करते रहे।",तटस्थ,फुटबॉल,1
"कप्तान ने शटल आगे भेजी, और मुकाबला सामान्य गति से चला।",तटस्थ,बैडमिंटन,1
"दबाव के बीच अंतिम रेडर ने मैदान में प्रवेश किया, और दोनों दल अगली चाल की तैयारी करने लगे।",तटस्थ,कबड्डी,1
"निर्णायक अंक पर खिलाड़ी ने सर्विस पर नियंत्रण खो बैठा, जिससे बढ़त कमजोर हुई।",नकारात्मक,बैडमिंटन,0
"मध्य मैदान के खिलाड़ी ने लगातार दबाव बनाया, और दर्शक खुशी से झूम उठे 😀।",सकारात्मक,फुटबॉल,2
"मुकाबले के इस चरण में तेज गेंदबाज ने क्षेत्ररक्षण में बदलाव किया, जिसके बाद अगला ओवर शुरू हुआ।",तटस्थ,क्रिकेट,1
"निर्णायक समय पर खिलाड़ी ने सर्विस की, और अगला अंक खेला गया।",तटस्थ,बैडमिंटन,1
"निर्णायक अंक पर खिलाड़ी ने नेट पर शटल रोकी, जिसके बाद दोनों खिलाड़ी अपनी जगह लौटे।",तटस्थ,बैडमिंटन,1
"आज निचला क्रम ने अगली गेंद का सामना किया, जिसके बाद अगला ओवर शुरू हुआ।",तटस्थ,क्रिकेट,1
"दबाव के बीच रक्षक ने सही समय पर चुनौती नहीं दी, जिससे गोल का अवसर चला गया।",नकारात्मक,फुटबॉल,0
"दबाव के बीच इंजीनियर ने तालमेल नहीं बना पाया, और प्रशंसकों में निराशा फैल गई 😞।",नकारात्मक,फॉर्मूला वन,0
"मुकाबले के इस चरण में विकेटकीपर ने देर से रणनीति बदली, और मुकाबला हाथ से निकलने लगा।",नकारात्मक,क्रिकेट,0
"मुकाबले के इस चरण में दल ने तालमेल खो बैठा, और दर्शकों में निराशा फैल गई 😞।",नकारात्मक,कबड्डी,0
"आज मध्यक्रम ने महत्वपूर्ण विकेट लिया, जिससे वापसी सफल हुई।",सकारात्मक,क्रिकेट,2
"मुकाबले के इस चरण में दल ने घेरा टूटने दिया, जिससे बढ़त कमजोर हुई।",नकारात्मक,कबड्डी,0
"मुकाबले के इस चरण में रक्षात्मक खिलाड़ी ने कठिन शटल लौटा दी, जिससे जीत की उम्मीद बढ़ी।",सकारात्मक,बैडमिंटन,2
"निर्णायक समय पर टीम प्रबंधन ने टायरों का गलत उपयोग किया, और प्रशंसकों में निराशा फैल गई 😞।",नकारात्मक,फॉर्मूला वन,0
"आज विंगर ने दबाव नहीं बना सका, और दर्शकों में निराशा फैल गई 😞।",नकारात्मक,फुटबॉल,0
"दबाव के बीच खिलाड़ी ने नेट के पास अंक गंवा दिया, जिससे आत्मविश्वास घटा।",नकारात्मक,बैडमिंटन,0
"मुकाबले के इस चरण में सर्विस करने वाला खिलाड़ी ने अगले अंक की तैयारी की, जिसके बाद अगली रैली शुरू हुई।",तटस्थ,बैडमिंटन,1
"मुकाबले के इस चरण में इंजीनियर ने टायर बदले, जिसके बाद कार फिर ट्रैक पर आई।",तटस्थ,फॉर्मूला वन,1
"दबाव के बीच युगल जोड़ी ने लंबी रैली जीती, और प्रतिद्वंद्वी दबाव में आया।",सकारात्मक,बैडमिंटन,2
"मुकाबले के इस चरण में मुख्य रेडर ने निर्णायक अंक लिया, जिससे वापसी सफल हुई।",सकारात्मक,कबड्डी,2
"निर्णायक समय पर क्षेत्ररक्षक ने बीच के ओवर में गेंदबाजी की, जिसके बाद अगला ओवर शुरू हुआ।",तटस्थ,क्रिकेट,1
"निर्णायक समय पर आक्रामक दल ने एक बदलाव किया, और अगला आक्रमण शुरू हुआ।",तटस्थ,फुटबॉल,1
"मुकाबले के इस चरण में मध्यक्रम ने आसान मौका गंवा बैठा, जिससे वापसी कठिन हुई।",नकारात्मक,क्रिकेट,0
"आज युगल जोड़ी ने खाली जगह की ओर शटल भेजी, और मुकाबला सामान्य गति से चला।",तटस्थ,बैडमिंटन,1
"आज मुख्य चालक ने सही समय पर निर्णय लिया, जिससे जीत की उम्मीद बढ़ी।",सकारात्मक,फॉर्मूला वन,2
"आज रक्षात्मक खिलाड़ी ने लंबी रैली जीती, और प्रतिद्वंद्वी दबाव में आया।",सकारात्मक,बैडमिंटन,2
"निर्णायक समय पर मध्य क्षेत्र ने मैदान पर आते ही असर डाला, जिससे गोल का अवसर बना।",सकारात्मक,फुटबॉल,2
"आज रक्षक ने देर से बदलाव किया, और मुकाबला हाथ से निकलने लगा।",नकारात्मक,कबड्डी,0
"निर्णायक समय पर विंगर ने समय पर बदलाव किया, और जीत की उम्मीद बढ़ी।",सकारात्मक,फुटबॉल,2
"दबाव के बीच रणनीति दल ने दबाव में धैर्य रखा, और दल का मनोबल ऊंचा हुआ।",सकारात्मक,फॉर्मूला वन,2
"निर्णायक समय पर गोलकीपर ने गेंद खो दी, और मुकाबला हाथ से निकलने लगा।",नकारात्मक,फुटबॉल,0
"निर्णायक समय पर कप्तान ने गेंद संभाली, जिसके बाद अगला ओवर शुरू हुआ।",तटस्थ,क्रिकेट,1
"निर्णायक समय पर विंगर ने देर से बदलाव किया, जिससे गोल का अवसर चला गया।",नकारात्मक,फुटबॉल,0
"आज टीम प्रबंधन ने अगले बदलाव की तैयारी की, जिसके बाद अगला चरण शुरू हुआ।",तटस्थ,फॉर्मूला वन,1
"निर्णायक समय पर सर्विस करने वाला खिलाड़ी ने अगला शॉट खेला, जिसके बाद अगली रैली शुरू हुई।",तटस्थ,बैडमिंटन,1
"निर्णायक समय पर बल्लेबाज ने अगला ओवर शुरू किया, जिसके बाद खेल आगे बढ़ा।",तटस्थ,क्रिकेट,1
"आज नेट खिलाड़ी ने सर्विस पर नियंत्रण खो बैठा, और वापसी का मौका कम हुआ।",नकारात्मक,बैडमिंटन,0
"आज रणनीति दल ने टायरों का गलत उपयोग किया, जिससे जीत की उम्मीद कमजोर हुई।",नकारात्मक,फॉर्मूला वन,0
"दबाव के बीच रक्षात्मक खिलाड़ी ने तेज प्रतिक्रिया दिखाई, जिससे आत्मविश्वास बढ़ा।",सकारात्मक,बैडमिंटन,2
"निर्णायक समय पर मध्य खिलाड़ी ने सफल रेड की, और दर्शक खुशी से झूम उठे 😀।",सकारात्मक,कबड्डी,2
"बल्लेबाज ने अपनी जगह बदली, जिसके बाद अगला ओवर शुरू हुआ।",तटस्थ,क्रिकेट,1
"आज पिट दल ने ओवरटेक का मौका गंवाया, जिससे जीत की उम्मीद कमजोर हुई।",नकारात्मक,फॉर्मूला वन,0
"मुकाबले के इस चरण में रक्षक ने अगली रेड की तैयारी की, जिसके बाद अगला अंक खेला गया।",तटस्थ,कबड्डी,1
"मुकाबले के इस चरण में गेंदबाज ने ढीली गेंदें डालता रहा, जिससे रन गति गिर गई।",नकारात्मक,क्रिकेट,0
"निर्णायक समय पर एकल खिलाड़ी ने देर से प्रतिक्रिया दी, जिससे बढ़त कमजोर हुई।",नकारात्मक,बैडमिंटन,0
"मुख्य रेडर ने सही समय पर बोनस लिया, जिससे बढ़त मजबूत हुई।",सकारात्मक,कबड्डी,2
"मुकाबले के इस चरण में रक्षक ने निर्णायक अंक नहीं ले सका, और दर्शकों में निराशा फैल गई 😞।",नकारात्मक,कबड्डी,0
"दबाव के बीच खिलाड़ी ने गलत समय पर आक्रमण किया, जिससे बढ़त कमजोर हुई।",नकारात्मक,बैडमिंटन,0
"निर्णायक समय पर आक्रामक दल ने देर से बदलाव किया, और विपक्षी को फायदा मिला।",नकारात्मक,फुटबॉल,0
"निर्णायक समय पर मुख्य चालक ने देर से निर्णय लिया, जिससे समय का नुकसान हुआ।",नकारात्मक,फॉर्मूला वन,0
"आज मध्यक्रम ने क्रीज पर आया, जिसके बाद अगला ओवर शुरू हुआ।",तटस्थ,क्रिकेट,1
"दबाव के बीच पिछली पंक्ति का खिलाड़ी ने देर से प्रतिक्रिया दी, जिससे बढ़त कमजोर हुई।",नकारात्मक,बैडमिंटन,0
"स्पिनर ने आसान मौका गंवा बैठा, जिससे रन गति गिर गई।",नकारात्मक,क्रिकेट,0
"दबाव के बीच निचला क्रम ने अगली गेंद का सामना किया, जिसके बाद दोनों दल अपनी योजना पर लौटे।",तटस्थ,क्रिकेट,1
"आज स्थानापन्न खिलाड़ी ने गलत पास दिया, जिससे गोल का अवसर चला गया।",नकारात्मक,फुटबॉल,0
"आज पिछली पंक्ति का खिलाड़ी ने खाली जगह की ओर शटल भेजी, और खेल आगे बढ़ा।",तटस्थ,बैडमिंटन,1
"आज गोलकीपर ने पास आगे बढ़ाया, जिसके बाद गेंद फिर मध्य क्षेत्र में गई।",तटस्थ,फुटबॉल,1
"दबाव के बीच रणनीति दल ने तालमेल नहीं बना पाया, और प्रतिद्वंद्वी को फायदा मिला।",नकारात्मक,फॉर्मूला वन,0
"मुकाबले के इस चरण में अंतिम रेडर ने सफल रेड की, जिससे दल का आत्मविश्वास बढ़ा।",सकारात्मक,कबड्डी,2
"निर्णायक समय पर पिट दल ने आंकड़ों की समीक्षा की, जिसके बाद अगला चक्कर शुरू हुआ।",तटस्थ,फॉर्मूला वन,1
"दबाव के बीच कप्तान ने दबाव में गलत शॉट चुना, और रणनीति विफल रही।",नकारात्मक,क्रिकेट,0
"दबाव के बीच आक्रामक खिलाड़ी ने अगला शॉट खेला, जिसके बाद सर्विस बदली गई।",तटस्थ,बैडमिंटन,1
"दबाव के बीच रक्षात्मक खिलाड़ी ने रणनीति में अच्छा बदलाव किया, जिससे आत्मविश्वास बढ़ा।",सकारात्मक,बैडमिंटन,2
"रक्षापंक्ति ने आक्रमण को रोक दिया, जिससे गोल का अवसर बना।",सकारात्मक,फुटबॉल,2
"मुकाबले के इस चरण में युगल जोड़ी ने देर से प्रतिक्रिया दी, जिससे निर्णायक अंक हाथ से गया।",नकारात्मक,बैडमिंटन,0
"निर्णायक समय पर स्थानापन्न खिलाड़ी ने विपक्षी हमले को रोका, और मुकाबला सामान्य गति से चलता रहा।",तटस्थ,फुटबॉल,1
"निर्णायक समय पर स्पिनर ने समय पर रणनीति बदली, और दर्शकों में उत्साह फैल गया 😀।",सकारात्मक,क्रिकेट,2
"आज युगल जोड़ी ने खाली जगह नहीं पहचान पाया, और वापसी का मौका कम हुआ।",नकारात्मक,बैडमिंटन,0
"आज क्षेत्ररक्षक ने अंतिम ओवरों में गति बढ़ाई, जिससे रन गति सुधरी।",सकारात्मक,क्रिकेट,2
"निर्णायक समय पर सलामी जोड़ी ने दबाव में सही शॉट चुना, और रणनीति कामयाब रही।",सकारात्मक,क्रिकेट,2
"निर्णायक समय पर सर्विस करने वाले खिलाड़ी ने लंबी रैली जीती, जिससे आत्मविश्वास बढ़ा।",सकारात्मक,बैडमिंटन,2
"मुकाबले के इस चरण में रक्षात्मक खिलाड़ी ने गलत समय पर आक्रमण किया, जिससे निर्णायक अंक हाथ से गया।",नकारात्मक,बैडमिंटन,0
"दबाव के बीच पिट दल ने शानदार ओवरटेक किया, जिससे समय का लाभ मिला।",सकारात्मक,फॉर्मूला वन,2
"पिछली पंक्ति का खिलाड़ी ने पीछे से प्रहार किया, और अगला अंक खेला गया।",तटस्थ,बैडमिंटन,1
"आक्रामक खिलाड़ी ने सर्विस पर नियंत्रण खो बैठा, जिससे निर्णायक अंक हाथ से गया।",नकारात्मक,बैडमिंटन,0
"आक्रामक खिलाड़ी ने गलत समय पर आक्रमण किया, जिससे निर्णायक अंक हाथ से गया।",नकारात्मक,बैडमिंटन,0
"दबाव के बीच रक्षक ने एक बदलाव किया, और अगला आक्रमण शुरू हुआ।",तटस्थ,फुटबॉल,1
"मुकाबले के इस चरण में क्षेत्ररक्षक ने मजबूत साझेदारी बनाई, और विपक्षी दबाव में आ गया।",सकारात्मक,क्रिकेट,2
"आज सहायक रक्षक ने लगातार अंक जुटाए, और दर्शक खुशी से झूम उठे 😀।",सकारात्मक,कबड्डी,2
"मुकाबले के इस चरण में पिट दल ने सही समय पर निर्णय लिया, और दौड़ का रुख बदला।",सकारात्मक,फॉर्मूला वन,2
"युगल जोड़ी ने नेट के पास अंक गंवा दिया, और दर्शकों में निराशा फैल गई 😞।",नकारात्मक,बैडमिंटन,0
"मुकाबले के इस चरण में पिट दल ने मोड़ पर नियंत्रण खोया, जिससे समय का नुकसान हुआ।",नकारात्मक,फॉर्मूला वन,0
"निर्णायक समय पर युगल जोड़ी ने अगले अंक की तैयारी की, और अगला अंक खेला गया।",तटस्थ,बैडमिंटन,1
"आज स्पिनर ने बीच के ओवरों में दबाव बनाए रखा, जिससे जीत की उम्मीद मजबूत हुई।",सकारात्मक,क्रिकेट,2
"मुकाबले के इस चरण में मध्यक्रम ने देर से रणनीति बदली, जिससे जीत की संभावना कमजोर हुई।",नकारात्मक,क्रिकेट,0
"मुकाबले के इस चरण में टायर दल ने दौड़ की योजना पर काम किया, जिसके बाद अगला चक्कर शुरू हुआ।",तटस्थ,फॉर्मूला वन,1
"निर्णायक अंक पर खिलाड़ी ने देर से प्रतिक्रिया दी, और वापसी का मौका कम हुआ।",नकारात्मक,बैडमिंटन,0
"हमलावर ने बचाव में चूक गया, और योजना विफल रही।",नकारात्मक,फुटबॉल,0
"दबाव के बीच रक्षात्मक खिलाड़ी ने रणनीति में अच्छा बदलाव किया, और दर्शकों ने तालियां बजाईं 👏।",सकारात्मक,बैडमिंटन,2
"मुकाबले के इस चरण में खिलाड़ी ने सर्विस पर नियंत्रण खो बैठा, और दर्शकों में निराशा फैल गई 😞।",नकारात्मक,बैडमिंटन,0
"दबाव के बीच विंगर ने सही समय पर चुनौती नहीं दी, जिससे बढ़त कमजोर हुई।",नकारात्मक,फुटबॉल,0
"आज कप्तान ने नेट के पास दबाव बनाया, जिससे जीत की उम्मीद बढ़ी।",सकारात्मक,बैडमिंटन,2
"आज मुख्य चालक ने सही समय पर निर्णय लिया, जिससे स्थान सुधरा।",सकारात्मक,फॉर्मूला वन,2
"कार ने दबाव में धैर्य रखा, और दौड़ का रुख बदला।",सकारात्मक,फॉर्मूला वन,2
"रेडर ने अगली रेड की तैयारी की, जिसके बाद खिलाड़ी अपनी जगह लौटे।",तटस्थ,कबड्डी,1
"दबाव के बीच मध्य क्षेत्र ने आक्रमण को रोक दिया, और जीत की उम्मीद बढ़ी।",सकारात्मक,फुटबॉल,2
"मुकाबले के इस चरण में खिलाड़ी ने सर्विस पर नियंत्रण खो बैठा, जिससे निर्णायक अंक हाथ से गया।",नकारात्मक,बैडमिंटन,0
"मुकाबले के इस चरण में आक्रामक दल ने लगातार दबाव बनाया, जिससे दल का आत्मविश्वास बढ़ा।",सकारात्मक,फुटबॉल,2
"निर्णायक समय पर दौड़ दल ने दबाव में गलती की, जिससे स्थान गिरा।",नकारात्मक,फॉर्मूला वन,0
"निर्णायक समय पर रक्षक ने दबाव नहीं बना सका, और दर्शकों में निराशा फैल गई 😞।",नकारात्मक,फुटबॉल,0
"निर्णायक समय पर हमलावर ने समय पर बदलाव किया, जिससे दल का आत्मविश्वास बढ़ा।",सकारात्मक,फुटबॉल,2
"दबाव के बीच सलामी जोड़ी ने कठिन गेंदों पर नियंत्रण रखा, और मुकाबला अपने पक्ष में झुक गया।",सकारात्मक,क्रिकेट,2
"रणनीति दल ने अंतिम चरण में गति नहीं बढ़ा सका, जिससे पोडियम की संभावना घटी।",नकारात्मक,फॉर्मूला वन,0
"युगल जोड़ी ने स्मैश बाहर मार बैठा, जिससे बढ़त कमजोर हुई।",नकारात्मक,बैडमिंटन,0
"निर्णायक समय पर टायर दल ने सही समय पर निर्णय लिया, जिससे पोडियम की संभावना बढ़ी।",सकारात्मक,फॉर्मूला वन,2
"टायर दल ने आंकड़ों की समीक्षा की, और चालक ने अपनी स्थिति बनाए रखी।",तटस्थ,फॉर्मूला वन,1
"आज निर्णायक अंक पर खिलाड़ी ने सटीक स्मैश लगाया, और प्रतिद्वंद्वी दबाव में आया।",सकारात्मक,बैडमिंटन,2
"आज मध्यक्रम ने पारी शुरू की, जिसके बाद अगला ओवर शुरू हुआ।",तटस्थ,क्रिकेट,1
"निर्णायक समय पर कार ने दबाव में गलती की, और दल का मनोबल गिरा।",नकारात्मक,फॉर्मूला वन,0
"निर्णायक समय पर निचला क्रम ने क्षेत्ररक्षण में बदलाव किया, और मुकाबला सामान्य गति से चलता रहा।",तटस्थ,क्रिकेट,1
"आज स्थानापन्न खिलाड़ी ने लगातार दबाव बनाया, जिससे वापसी सफल हुई।",सकारात्मक,फुटबॉल,2
"दबाव के बीच कप्तान ने समय पर रणनीति बदली, और विपक्षी दबाव में आ गया।",सकारात्मक,क्रिकेट,2
"विकेटकीपर ने तेज प्रतिक्रिया से मौका बनाया, और मुकाबला अपने पक्ष में झुक गया।",सकारात्मक,क्रिकेट,2
"आज एकल खिलाड़ी ने कठिन शटल लौटा दी, जिससे बढ़त मजबूत हुई।",सकारात्मक,बैडमिंटन,2
"मुकाबले के इस चरण में कप्तान ने पीछे से प्रहार किया, और खेल आगे बढ़ा।",तटस्थ,बैडमिंटन,1
"निर्णायक समय पर आक्रामक दल ने खिलाड़ियों के बीच गेंद घुमाई, जिसके बाद खिलाड़ी अपनी जगह लौटे।",तटस्थ,फुटबॉल,1
"मुकाबले के इस चरण में क्षेत्ररक्षक ने ढीली गेंदें डालता रहा, जिससे दल का आत्मविश्वास घटा।",नकारात्मक,क्रिकेट,0
"चालक ने टायरों का गलत उपयोग किया, जिससे समय का नुकसान हुआ।",नकारात्मक,फॉर्मूला वन,0
"मुकाबले के इस चरण में मध्यक्रम ने बीच के ओवरों में दबाव बनाए रखा, जिससे वापसी सफल हुई।",सकारात्मक,क्रिकेट,2
"मुकाबले के इस चरण में कार ने दौड़ की योजना देखी, जिसके बाद अगला चरण शुरू हुआ।",तटस्थ,फॉर्मूला वन,1
"दबाव के बीच मध्य खिलाड़ी ने घेरा टूटने दिया, जिससे दल का आत्मविश्वास घटा।",नकारात्मक,कबड्डी,0
"दबाव के बीच निचला क्रम ने संयम से पारी संभाली, और दर्शकों में उत्साह फैल गया 😀।",सकारात्मक,क्रिकेट,2
"रक्षा पंक्ति ने निर्देश दिया, और खेल आगे बढ़ा।",तटस्थ,कबड्डी,1
"दबाव के बीच निचला क्रम ने ढीली गेंदें डालता रहा, और दर्शकों में निराशा फैल गई 😞।",नकारात्मक,क्रिकेट,0
"रक्षापंक्ति ने मैदान में प्रवेश किया, और अगला आक्रमण शुरू हुआ।",तटस्थ,फुटबॉल,1
"आज मध्य मैदान के खिलाड़ी ने लगातार दबाव बनाया, और मुकाबला अपने पक्ष में झुक गया।",सकारात्मक,फुटबॉल,2
"आज गोलकीपर ने आक्रमण शुरू किया, जिसके बाद गेंद फिर मध्य क्षेत्र में गई।",तटस्थ,फुटबॉल,1
"मुकाबले के इस चरण में सर्विस करने वाला खिलाड़ी ने खाली जगह नहीं पहचान पाया, जिससे जीत कठिन हुई।",नकारात्मक,बैडमिंटन,0
"आज मुख्य चालक ने मोड़ पर नियंत्रण रखा, और प्रतिद्वंद्वी दबाव में आया।",सकारात्मक,फॉर्मूला वन,2
"निर्णायक समय पर हमलावर ने लगातार दबाव बनाया, जिससे बढ़त मजबूत हुई।",सकारात्मक,फुटबॉल,2
"आज निर्णायक अंक पर खिलाड़ी ने रणनीति पर चर्चा की, और मुकाबला सामान्य गति से चला।",तटस्थ,बैडमिंटन,1
"मुकाबले के इस चरण में कप्तान ने सफल रेड की, जिससे वापसी सफल हुई।",सकारात्मक,कबड्डी,2
"मुख्य रेडर ने लगातार अंक जुटाए, जिससे जरूरी अंक मिला।",सकारात्मक,कबड्डी,2
"दबाव के बीच रक्षात्मक खिलाड़ी ने अगला शॉट खेला, जिसके बाद सर्विस बदली गई।",तटस्थ,बैडमिंटन,1
"कार ने अपनी गति बनाए रखी, और मुकाबला सामान्य गति से चला।",तटस्थ,फॉर्मूला वन,1
"मुकाबले के इस चरण में रक्षापंक्ति ने लगातार दबाव बनाया, और विपक्षी दबाव में आया।",सकारात्मक,फुटबॉल,2
"दौड़ दल ने दबाव में धैर्य रखा, और दल का मनोबल ऊंचा हुआ।",सकारात्मक,फॉर्मूला वन,2
"स्थानापन्न खिलाड़ी ने तेज तालमेल दिखाया, और विपक्षी दबाव में आया।",सकारात्मक,फुटबॉल,2
"आज स्थानापन्न खिलाड़ी ने लगातार अंक गंवाता रहा, जिससे दल का आत्मविश्वास घटा।",नकारात्मक,कबड्डी,0
"निर्णायक समय पर गोलकीपर ने गेंद पर नियंत्रण रखा, जिससे दल का आत्मविश्वास बढ़ा।",सकारात्मक,फुटबॉल,2
"निर्णायक समय पर मुख्य रेडर ने समय पर बदलाव किया, जिससे वापसी सफल हुई।",सकारात्मक,कबड्डी,2
"निर्णायक समय पर कप्तान ने सर्विस पर नियंत्रण खो बैठा, जिससे निर्णायक अंक हाथ से गया।",नकारात्मक,बैडमिंटन,0
"निर्णायक समय पर कप्तान ने आक्रमण को रोक दिया, जिससे बढ़त मजबूत हुई।",सकारात्मक,फुटबॉल,2
"आज बल्लेबाज ने महत्वपूर्ण विकेट लिया, और रणनीति कामयाब रही।",सकारात्मक,क्रिकेट,2
"पिट दल ने ओवरटेक का मौका गंवाया, और दौड़ का रुख बिगड़ा।",नकारात्मक,फॉर्मूला वन,0
"आज नेट खिलाड़ी ने रणनीति में सुधार नहीं कर सका, जिससे आत्मविश्वास घटा।",नकारात्मक,बैडमिंटन,0
"निर्णायक समय पर सलामी जोड़ी ने तेज प्रतिक्रिया से मौका बनाया, और रणनीति कामयाब रही।",सकारात्मक,क्रिकेट,2
"आज आक्रामक खिलाड़ी ने मजबूत बचाव किया, और प्रतिद्वंद्वी दबाव में आया।",सकारात्मक,बैडमिंटन,2
"निर्णायक समय पर रक्षात्मक खिलाड़ी ने रणनीति पर चर्चा की, और अगला अंक खेला गया।",तटस्थ,बैडमिंटन,1
"दबाव के बीच स्थानापन्न खिलाड़ी ने आक्रमण शुरू किया, और मुकाबला सामान्य गति से चलता रहा।",तटस्थ,फुटबॉल,1
"दबाव के बीच बल्लेबाज ने देर से रणनीति बदली, और रणनीति विफल रही।",नकारात्मक,क्रिकेट,0
"मुख्य रेडर ने सफल रेड की, जिससे बढ़त मजबूत हुई।",सकारात्मक,कबड्डी,2
"निर्णायक समय पर कार ने तेज बदलाव किया, जिससे स्थान सुधरा।",सकारात्मक,फॉर्मूला वन,2
"दबाव के बीच कप्तान ने खाली जगह नहीं पहचान पाया, जिससे बढ़त कमजोर हुई।",नकारात्मक,बैडमिंटन,0
"दबाव के बीच टायर दल ने तेज सेवा दी, और प्रशंसकों में उत्साह फैल गया 🏎️।",सकारात्मक,फॉर्मूला वन,2
"निर्णायक समय पर एकल खिलाड़ी ने नेट के पास अंक गंवा दिया, जिससे जीत कठिन हुई।",नकारात्मक,बैडमिंटन,0
"दबाव के बीच मध्य खिलाड़ी ने निर्देश दिया, और खेल आगे बढ़ा।",तटस्थ,कबड्डी,1
"दबाव के बीच एकल खिलाड़ी ने खाली जगह की ओर शटल भेजी, जिसके बाद अगली रैली शुरू हुई।",तटस्थ,बैडमिंटन,1
"मुकाबले के इस चरण में कप्तान ने रक्षा की स्थिति बनाई, और मुकाबला सामान्य गति से चला।",तटस्थ,कबड्डी,1
"निर्णायक समय पर कप्तान ने एक बदलाव किया, और अगला आक्रमण शुरू हुआ।",तटस्थ,फुटबॉल,1
"आज पिट दल ने दबाव में धैर्य रखा, और प्रतिद्वंद्वी दबाव में आया।",सकारात्मक,फॉर्मूला वन,2
"आज रक्षापंक्ति ने अपनी जगह संभाली, जिसके बाद खेल आगे बढ़ा।",तटस्थ,फुटबॉल,1
"आज कप्तान ने मैदान में प्रवेश किया, जिसके बाद अगला अंक खेला गया।",तटस्थ,कबड्डी,1
"मुकाबले के इस चरण में आक्रामक दल ने आसान मौका गंवाया, जिससे आत्मविश्वास घटा।",नकारात्मक,फुटबॉल,0
"नेट खिलाड़ी ने बचाव की स्थिति ली, और अगला अंक खेला गया।",तटस्थ,बैडमिंटन,1
"निर्णायक समय पर विकेटकीपर ने अगली गेंद का सामना किया, जिसके बाद दोनों दल अपनी योजना पर लौटे।",तटस्थ,क्रिकेट,1
"आक्रामक दल ने मैदान में प्रवेश किया, और मुकाबला सामान्य गति से चलता रहा।",तटस्थ,फुटबॉल,1
"निर्णायक समय पर रक्षा पंक्ति ने मजबूत घेरा बनाया, और मुकाबला अपने पक्ष में झुका।",सकारात्मक,कबड्डी,2
"मुकाबले के इस चरण में क्षेत्ररक्षक ने दबाव में सही शॉट चुना, जिससे जीत की उम्मीद मजबूत हुई।",सकारात्मक,क्रिकेट,2
"निर्णायक समय पर इंजीनियर ने मोड़ पार किया, जिसके बाद अगला चक्कर शुरू हुआ।",तटस्थ,फॉर्मूला वन,1
"मुकाबले के इस चरण में निचला क्रम ने दबाव में गलत शॉट चुना, और विपक्षी को बढ़त मिल गई।",नकारात्मक,क्रिकेट,0
"निर्णायक समय पर पिट दल ने अगले बदलाव की तैयारी की, और मुकाबला सामान्य गति से चला।",तटस्थ,फॉर्मूला वन,1
"निर्णायक समय पर बल्लेबाज ने सटीक गेंदबाजी की, जिससे दल का आत्मविश्वास बढ़ा।",सकारात्मक,क्रिकेट,2
"खिलाड़ी ने देर से प्रतिक्रिया दी, जिससे निर्णायक अंक हाथ से गया।",नकारात्मक,बैडमिंटन,0
"मध्य खिलाड़ी ने रेडर को रोक नहीं पाया, जिससे वापसी कठिन हुई।",नकारात्मक,कबड्डी,0
"दबाव के बीच कप्तान ने बीच के ओवरों में दबाव बनाए रखा, जिससे वापसी सफल हुई।",सकारात्मक,क्रिकेट,2
"आज कार ने अपनी गति बनाए रखी, और चालक ने अपनी स्थिति बनाए रखी।",तटस्थ,फॉर्मूला वन,1
"दबाव के बीच पिछली पंक्ति का खिलाड़ी ने कठिन शटल नहीं लौटा सका, जिससे आत्मविश्वास घटा।",नकारात्मक,बैडमिंटन,0
"निर्णायक समय पर तेज गेंदबाज ने दबाव में गलत शॉट चुना, और मुकाबला हाथ से निकलने लगा।",नकारात्मक,क्रिकेट,0
"मध्यक्रम ने सटीक गेंदबाजी की, जिससे दल का आत्मविश्वास बढ़ा।",सकारात्मक,क्रिकेट,2
"आक्रामक खिलाड़ी ने सही समय पर आक्रमण किया, जिससे जीत की उम्मीद बढ़ी।",सकारात्मक,बैडमिंटन,2
"आज दौड़ दल ने टायर बदलने में देरी की, जिससे समय का नुकसान हुआ।",नकारात्मक,फॉर्मूला वन,0
"निर्णायक समय पर रेस दल ने टायर बदले, और मुकाबला सामान्य गति से चला।",तटस्थ,फॉर्मूला वन,1
"आज रक्षा पंक्ति ने रेड शुरू की, जिसके बाद खिलाड़ी अपनी जगह लौटे।",तटस्थ,कबड्डी,1
"आज रेस दल ने तेज सेवा दी, जिससे समय का लाभ मिला।",सकारात्मक,फॉर्मूला वन,2
"मुकाबले के इस चरण में सर्विस करने वाला खिलाड़ी ने खाली जगह की ओर शटल भेजी, और मुकाबला सामान्य गति से चला।",तटस्थ,बैडमिंटन,1
"आज रेडर ने तालमेल खो बैठा, जिससे दल का आत्मविश्वास घटा।",नकारात्मक,कबड्डी,0
"दबाव के बीच तेज गेंदबाज ने अगली गेंद का सामना किया, जिसके बाद अगला ओवर शुरू हुआ।",तटस्थ,क्रिकेट,1
"निर्णायक समय पर गोलकीपर ने मैदान पर आते ही असर डाला, जिससे दल का आत्मविश्वास बढ़ा।",सकारात्मक,फुटबॉल,2
"आज टायर दल ने अगले बदलाव की तैयारी की, और दौड़ आगे बढ़ी।",तटस्थ,फॉर्मूला वन,1
"मध्यक्रम ने साझेदारी नहीं बना सका, जिससे वापसी कठिन हुई।",नकारात्मक,क्रिकेट,0
"मुकाबले के इस चरण में मध्य मैदान के खिलाड़ी ने लगातार दबाव बनाया, जिससे दल का आत्मविश्वास बढ़ा।",सकारात्मक,फुटबॉल,2
"निर्णायक समय पर निर्णायक अंक पर खिलाड़ी ने बचाव की स्थिति ली, जिसके बाद अगली रैली शुरू हुई।",तटस्थ,बैडमिंटन,1
"निर्णायक समय पर मध्य मैदान के खिलाड़ी ने एक बदलाव किया, और मुकाबला सामान्य गति से चलता रहा।",तटस्थ,फुटबॉल,1
"आज दल ने निर्णायक अंक लिया, जिससे दल का आत्मविश्वास बढ़ा।",सकारात्मक,कबड्डी,2
"निर्णायक समय पर स्थानापन्न खिलाड़ी ने बचाव में चूक गया, जिससे आत्मविश्वास घटा।",नकारात्मक,फुटबॉल,0
"मुकाबले के इस चरण में स्थानापन्न खिलाड़ी ने अपनी जगह संभाली, और दोनों दल अगली चाल की तैयारी करने लगे।",तटस्थ,कबड्डी,1
"आज रक्षक ने सफल रेड की, जिससे दल का आत्मविश्वास बढ़ा।",सकारात्मक,कबड्डी,2
"निर्णायक समय पर कप्तान ने बोनस का मौका गंवाया, जिससे बढ़त कमजोर हुई।",नकारात्मक,कबड्डी,0
"मुकाबले के इस चरण में क्षेत्ररक्षक ने बीच के ओवरों में महंगा साबित हुआ, जिससे दल का आत्मविश्वास घटा।",नकारात्मक,क्रिकेट,0
"दौड़ दल ने ओवरटेक का मौका गंवाया, और दौड़ का रुख बिगड़ा।",नकारात्मक,फॉर्मूला वन,0
"मुकाबले के इस चरण में स्थानापन्न खिलाड़ी ने मैदान पर आने के बाद असर नहीं डाल सका, और मुकाबला हाथ से निकलने लगा।",नकारात्मक,फुटबॉल,0
"मुकाबले के इस चरण में विकेटकीपर ने अंतिम ओवरों में नियंत्रण खो बैठा, और दर्शकों में निराशा फैल गई 😞।",नकारात्मक,क्रिकेट,0
"मुकाबले के इस चरण में कप्तान ने क्षेत्ररक्षण में बदलाव किया, और पारी अपने क्रम में आगे बढ़ी।",तटस्थ,क्रिकेट,1
"निर्णायक समय पर मध्यक्रम ने गेंद संभाली, और पारी अपने क्रम में आगे बढ़ी।",तटस्थ,क्रिकेट,1
"दबाव के बीच स्थानापन्न खिलाड़ी ने गलत पास दिया, और योजना विफल रही।",नकारात्मक,फुटबॉल,0
"गेंदबाज ने अगली गेंद का सामना किया, और अगली गेंद खेली गई।",तटस्थ,क्रिकेट,1
"आज रणनीति दल ने अंतिम चरण में गति नहीं बढ़ा सका, जिससे स्थान गिरा।",नकारात्मक,फॉर्मूला वन,0
"आज टीम प्रबंधन ने मोड़ पार किया, और मुकाबला सामान्य गति से चला।",तटस्थ,फॉर्मूला वन,1
"आज कप्तान ने बीच के ओवरों में दबाव बनाए रखा, जिससे वापसी सफल हुई।",सकारात्मक,क्रिकेट,2
"मुकाबले के इस चरण में युगल जोड़ी ने रणनीति पर चर्चा की, जिसके बाद सर्विस बदली गई।",तटस्थ,बैडमिंटन,1
"दबाव के बीच रणनीति दल ने लगातार अच्छा तालमेल रखा, और दल का मनोबल ऊंचा हुआ।",सकारात्मक,फॉर्मूला वन,2
"मध्य खिलाड़ी ने अगला अंक खेला, जिसके बाद अगला अंक खेला गया।",तटस्थ,कबड्डी,1
"मुकाबले के इस चरण में स्थानापन्न खिलाड़ी ने कठिन बचाव किया, और दर्शक खुशी से झूम उठे 😀।",सकारात्मक,फुटबॉल,2
"निर्णायक समय पर मध्य खिलाड़ी ने तालमेल बनाया, और दोनों दल अगली चाल की तैयारी करने लगे।",तटस्थ,कबड्डी,1
"मुकाबले के इस चरण में गेंदबाज ने अगली गेंद का सामना किया, जिसके बाद खेल आगे बढ़ा।",तटस्थ,क्रिकेट,1
"दबाव के बीच क्षेत्ररक्षक ने सटीक गेंदबाजी की, और दर्शकों में उत्साह फैल गया 😀।",सकारात्मक,क्रिकेट,2
"मध्यक्रम ने कठिन गेंदों पर नियंत्रण रखा, जिससे दल का आत्मविश्वास बढ़ा।",सकारात्मक,क्रिकेट,2
"निर्णायक समय पर कप्तान ने लगातार दबाव बनाया, जिससे वापसी सफल हुई।",सकारात्मक,फुटबॉल,2
"मुकाबले के इस चरण में नेट खिलाड़ी ने खाली जगह नहीं पहचान पाया, और वापसी का मौका कम हुआ।",नकारात्मक,बैडमिंटन,0
"मध्य क्षेत्र ने गेंद खो दी, जिससे वापसी कठिन हुई।",नकारात्मक,फुटबॉल,0
"दबाव के बीच चालक ने गलत रणनीति चुनी, जिससे स्थान गिरा।",नकारात्मक,फॉर्मूला वन,0
"आज मध्यक्रम ने दबाव में गलत शॉट चुना, जिससे जीत की संभावना कमजोर हुई।",नकारात्मक,क्रिकेट,0
"आज आक्रामक खिलाड़ी ने नेट पर शटल रोकी, और खेल आगे बढ़ा।",तटस्थ,बैडमिंटन,1
"दबाव के बीच विंगर ने मैदान पर आते ही असर डाला, और जीत की उम्मीद बढ़ी।",सकारात्मक,फुटबॉल,2
"निर्णायक समय पर रक्षक ने घेरा टूटने दिया, जिससे दल का आत्मविश्वास घटा।",नकारात्मक,कबड्डी,0
"मुकाबले के इस चरण में एकल खिलाड़ी ने कठिन शटल लौटा दी, और मुकाबला अपने पक्ष में झुका।",सकारात्मक,बैडमिंटन,2
"आज दल ने देर से बदलाव किया, और दर्शकों में निराशा फैल गई 😞।",नकारात्मक,कबड्डी,0
"सर्विस करने वाला खिलाड़ी ने कठिन शटल नहीं लौटा सका, जिससे आत्मविश्वास घटा।",नकारात्मक,बैडमिंटन,0
"एकल खिलाड़ी ने स्मैश बाहर मार बैठा, और प्रतिद्वंद्वी दबाव में नहीं आया।",नकारात्मक,बैडमिंटन,0
"दबाव के बीच मुख्य रेडर ने विपक्षी क्षेत्र की ओर बढ़ा, और दोनों दल अगली चाल की तैयारी करने लगे।",तटस्थ,कबड्डी,1
"मुकाबले के इस चरण में विंगर ने तेज तालमेल दिखाया, और विपक्षी दबाव में आया।",सकारात्मक,फुटबॉल,2
"निर्णायक समय पर पिछली पंक्ति का खिलाड़ी ने बचाव में चूक गया, जिससे बढ़त कमजोर हुई।",नकारात्मक,बैडमिंटन,0
"मुकाबले के इस चरण में रेडर ने रेडर को रोक नहीं पाया, जिससे दल का आत्मविश्वास घटा।",नकारात्मक,कबड्डी,0
"दबाव के बीच हमलावर ने आक्रमण शुरू किया, जिसके बाद गेंद फिर मध्य क्षेत्र में गई।",तटस्थ,फुटबॉल,1
"दबाव के बीच क्षेत्ररक्षक ने पारी शुरू की, जिसके बाद खेल आगे बढ़ा।",तटस्थ,क्रिकेट,1
"आज मध्य मैदान के खिलाड़ी ने गोल की ओर गेंद भेजी, और दोनों दल रणनीति पर काम करते रहे।",तटस्थ,फुटबॉल,1
"दबाव के बीच मध्य मैदान के खिलाड़ी ने अपनी जगह संभाली, जिसके बाद गेंद फिर मध्य क्षेत्र में गई।",तटस्थ,फुटबॉल,1
"स्पिनर ने दबाव में सही शॉट चुना, जिससे जीत की उम्मीद मजबूत हुई।",सकारात्मक,क्रिकेट,2
"आक्रामक खिलाड़ी ने नेट के पास अंक गंवा दिया, और दर्शकों में निराशा फैल गई 😞।",नकारात्मक,बैडमिंटन,0
"दबाव के बीच रक्षा पंक्ति ने टैकल में चूक गया, और दर्शकों में निराशा फैल गई 😞।",नकारात्मक,कबड्डी,0
"कप्तान ने नेट के पास दबाव बनाया, और वापसी सफल हुई।",सकारात्मक,बैडमिंटन,2
"दबाव के बीच अंतिम रेडर ने देर से बदलाव किया, जिससे वापसी कठिन हुई।",नकारात्मक,कबड्डी,0
"निर्णायक समय पर आक्रामक दल ने गेंद अपने पास रखी, जिसके बाद खिलाड़ी अपनी जगह लौटे।",तटस्थ,फुटबॉल,1
"निर्णायक समय पर क्षेत्ररक्षक ने अगला ओवर शुरू किया, और अगली गेंद खेली गई।",तटस्थ,क्रिकेट,1
"निर्णायक समय पर सहायक रक्षक ने बिना अंक लौट आया, और दर्शकों में निराशा फैल गई 😞।",नकारात्मक,कबड्डी,0
"चालक ने टायर बदले, और चालक ने अपनी स्थिति बनाए रखी।",तटस्थ,फॉर्मूला वन,1
"निर्णायक समय पर रेस दल ने बदलाव में समय गंवाया, जिससे स्थान गिरा।",नकारात्मक,फॉर्मूला वन,0
"निर्णायक समय पर बल्लेबाज ने संयम से पारी संभाली, और रणनीति कामयाब रही।",सकारात्मक,क्रिकेट,2
"रणनीति दल ने मोड़ पर नियंत्रण खोया, और दौड़ का रुख बिगड़ा।",नकारात्मक,फॉर्मूला वन,0
"मुकाबले के इस चरण में आक्रामक खिलाड़ी ने बचाव में चूक गया, जिससे जीत कठिन हुई।",नकारात्मक,बैडमिंटन,0
"गोलकीपर ने मैदान में प्रवेश किया, जिसके बाद गेंद फिर मध्य क्षेत्र में गई।",तटस्थ,फुटबॉल,1
"मुकाबले के इस चरण में सहायक रक्षक ने तालमेल बनाया, जिसके बाद अगला अंक खेला गया।",तटस्थ,कबड्डी,1
"निर्णायक समय पर रक्षक ने गोल की ओर गेंद भेजी, और अगला आक्रमण शुरू हुआ।",तटस्थ,फुटबॉल,1
"मुकाबले के इस चरण में कप्तान ने देर से रणनीति बदली, जिससे रन गति गिर गई।",नकारात्मक,क्रिकेट,0
"निर्णायक समय पर हमलावर ने सही समय पर चुनौती नहीं दी, जिससे आत्मविश्वास घटा।",नकारात्मक,फुटबॉल,0
"दबाव के बीच इंजीनियर ने अगले बदलाव की तैयारी की, जिसके बाद अगला चक्कर शुरू हुआ।",तटस्थ,फॉर्मूला वन,1
"रक्षा पंक्ति ने विपक्षी क्षेत्र की ओर बढ़ा, और खेल आगे बढ़ा।",तटस्थ,कबड्डी,1
"दबाव के बीच मध्य मैदान के खिलाड़ी ने लगातार दबाव बनाया, जिससे दल का आत्मविश्वास बढ़ा।",सकारात्मक,फुटबॉल,2
"निर्णायक समय पर हमलावर ने गोल की ओर गेंद भेजी, जिसके बाद खिलाड़ी अपनी जगह लौटे।",तटस्थ,फुटबॉल,1
"निर्णायक समय पर रक्षक ने सही समय पर चुनौती नहीं दी, और मुकाबला हाथ से निकलने लगा।",नकारात्मक,फुटबॉल,0
"आज अंतिम रेडर ने शानदार टैकल किया, जिससे वापसी सफल हुई।",सकारात्मक,कबड्डी,2
"सर्विस करने वाला खिलाड़ी ने नेट के पास अंक गंवा दिया, जिससे जीत कठिन हुई।",नकारात्मक,बैडमिंटन,0
"मुकाबले के इस चरण में तेज गेंदबाज ने पारी शुरू की, और पारी अपने क्रम में आगे बढ़ी।",तटस्थ,क्रिकेट,1
"विंगर ने तेज तालमेल दिखाया, जिससे बढ़त मजबूत हुई।",सकारात्मक,फुटबॉल,2
"आज क्षेत्ररक्षक ने अगला ओवर शुरू किया, और अगली गेंद खेली गई।",तटस्थ,क्रिकेट,1
"निर्णायक समय पर आक्रामक खिलाड़ी ने रणनीति में अच्छा बदलाव किया, जिससे बढ़त मजबूत हुई।",सकारात्मक,बैडमिंटन,2
"आज गेंदबाज ने संयम से पारी संभाली, और मुकाबला अपने पक्ष में झुक गया।",सकारात्मक,क्रिकेट,2
"कप्तान ने अपनी जगह संभाली, जिसके बाद खिलाड़ी अपनी जगह लौटे।",तटस्थ,फुटबॉल,1
"दबाव के बीच मध्य मैदान के खिलाड़ी ने विपक्षी हमले को रोका, जिसके बाद खिलाड़ी अपनी जगह लौटे।",तटस्थ,फुटबॉल,1
"हमलावर ने कठिन बचाव किया, जिससे गोल का अवसर बना।",सकारात्मक,फुटबॉल,2
"दबाव के बीच हमलावर ने लगातार दबाव बनाया, और मुकाबला अपने पक्ष में झुक गया।",सकारात्मक,फुटबॉल,2
"निर्णायक समय पर पिट दल ने टायर बदले, जिसके बाद कार फिर ट्रैक पर आई।",तटस्थ,फॉर्मूला वन,1
"मुकाबले के इस चरण में मध्यक्रम ने पारी शुरू की, और मुकाबला सामान्य गति से चलता रहा।",तटस्थ,क्रिकेट,1
"दबाव के बीच सर्विस करने वाले खिलाड़ी ने रणनीति में अच्छा बदलाव किया, जिससे जीत की उम्मीद बढ़ी।",सकारात्मक,बैडमिंटन,2
"पिछली पंक्ति का खिलाड़ी ने गलत समय पर आक्रमण किया, और वापसी का मौका कम हुआ।",नकारात्मक,बैडमिंटन,0
"दबाव के बीच रक्षक ने लगातार दबाव बनाया, और मुकाबला अपने पक्ष में झुक गया।",सकारात्मक,फुटबॉल,2
"सहायक रक्षक ने मिलकर रेडर को रोका, और विपक्षी दबाव में आया।",सकारात्मक,कबड्डी,2
"दबाव के बीच रेस दल ने बदलाव में समय गंवाया, जिससे जीत की उम्मीद कमजोर हुई।",नकारात्मक,फॉर्मूला वन,0
"मुकाबले के इस चरण में टायर दल ने देर से निर्णय लिया, जिससे समय का नुकसान हुआ।",नकारात्मक,फॉर्मूला वन,0
"आज गेंदबाज ने समय पर रणनीति बदली, और मुकाबला अपने पक्ष में झुक गया।",सकारात्मक,क्रिकेट,2
"निर्णायक समय पर खिलाड़ी ने सटीक स्मैश लगाया, और प्रतिद्वंद्वी दबाव में आया।",सकारात्मक,बैडमिंटन,2
"आज स्पिनर ने अगली गेंद का सामना किया, और पारी अपने क्रम में आगे बढ़ी।",तटस्थ,क्रिकेट,1
"आज रक्षक ने रेडर को रोक नहीं पाया, और दर्शकों में निराशा फैल गई 😞।",नकारात्मक,कबड्डी,0
"आज मध्य खिलाड़ी ने मैदान पर आने के बाद असर नहीं डाल सका, और दर्शकों में निराशा फैल गई 😞।",नकारात्मक,कबड्डी,0
"रणनीति दल ने दबाव में गलती की, जिससे जीत की उम्मीद कमजोर हुई।",नकारात्मक,फॉर्मूला वन,0
"दौड़ दल ने अंतिम चरण में गति नहीं बढ़ा सका, जिससे जीत की उम्मीद कमजोर हुई।",नकारात्मक,फॉर्मूला वन,0
"दबाव के बीच पिछली पंक्ति का खिलाड़ी ने बचाव की स्थिति ली, जिसके बाद अगली रैली शुरू हुई।",तटस्थ,बैडमिंटन,1
"निर्णायक समय पर सलामी जोड़ी ने समय पर रणनीति बदली, और रणनीति कामयाब रही।",सकारात्मक,क्रिकेट,2
"आज रक्षक ने समय पर बदलाव किया, जिससे वापसी सफल हुई।",सकारात्मक,कबड्डी,2
"आज पिट दल ने तेज सेवा दी, और प्रतिद्वंद्वी दबाव में आया।",सकारात्मक,फॉर्मूला वन,2
"दबाव के बीच रक्षक ने अगली रेड की तैयारी की, और खेल आगे बढ़ा।",तटस्थ,कबड्डी,1
"निर्णायक समय पर कप्तान ने गलत समय पर आक्रमण किया, और दर्शकों में निराशा फैल गई 😞।",नकारात्मक,बैडमिंटन,0
"आज आक्रामक दल ने समय पर बदलाव किया, जिससे बढ़त मजबूत हुई।",सकारात्मक,फुटबॉल,2
"निर्णायक समय पर कप्तान ने तालमेल खो दिया, जिससे गोल का अवसर चला गया।",नकारात्मक,फुटबॉल,0
"गोलकीपर ने मैदान पर आते ही असर डाला, जिससे दल का आत्मविश्वास बढ़ा।",सकारात्मक,फुटबॉल,2
"निर्णायक समय पर नेट खिलाड़ी ने अगला शॉट खेला, जिसके बाद दोनों खिलाड़ी अपनी जगह लौटे।",तटस्थ,बैडमिंटन,1
"मुकाबले के इस चरण में अंतिम रेडर ने अच्छा तालमेल दिखाया, जिससे जरूरी अंक मिला।",सकारात्मक,कबड्डी,2
"दबाव के बीच एकल खिलाड़ी ने नेट पर शटल रोकी, और मुकाबला सामान्य गति से चला।",तटस्थ,बैडमिंटन,1
"दबाव के बीच रक्षक ने गेंद पकड़ी, जिसके बाद खेल आगे बढ़ा।",तटस्थ,फुटबॉल,1
"मुकाबले के इस चरण में मुख्य चालक ने सही समय पर निर्णय लिया, जिससे पोडियम की संभावना बढ़ी।",सकारात्मक,फॉर्मूला वन,2
"दबाव के बीच हमलावर ने विपक्षी हमले को रोका, और मुकाबला सामान्य गति से चलता रहा।",तटस्थ,फुटबॉल,1
"आज तेज गेंदबाज ने देर से रणनीति बदली, और दर्शकों में निराशा फैल गई 😞।",नकारात्मक,क्रिकेट,0
"मुकाबले के इस चरण में बल्लेबाज ने संयम से पारी संभाली, जिससे रन गति सुधरी।",सकारात्मक,क्रिकेट,2
"स्थानापन्न खिलाड़ी ने खिलाड़ियों के बीच गेंद घुमाई, जिसके बाद गेंद फिर मध्य क्षेत्र में गई।",तटस्थ,फुटबॉल,1
"निर्णायक समय पर आक्रामक खिलाड़ी ने खाली जगह की ओर शटल भेजी, जिसके बाद सर्विस बदली गई।",तटस्थ,बैडमिंटन,1
"मुकाबले के इस चरण में कप्तान ने रणनीति में अच्छा बदलाव किया, जिससे आत्मविश्वास बढ़ा।",सकारात्मक,बैडमिंटन,2
"निर्णायक समय पर दौड़ दल ने तालमेल नहीं बना पाया, जिससे जीत की उम्मीद कमजोर हुई।",नकारात्मक,फॉर्मूला वन,0
"मुकाबले के इस चरण में मुख्य चालक ने देर से निर्णय लिया, और दौड़ का रुख बिगड़ा।",नकारात्मक,फॉर्मूला वन,0
"निर्णायक समय पर पिट दल ने तालमेल नहीं बना पाया, और दौड़ का रुख बिगड़ा।",नकारात्मक,फॉर्मूला वन,0
"आज स्थानापन्न खिलाड़ी ने सटीक पास दिया, जिससे वापसी सफल हुई।",सकारात्मक,फुटबॉल,2
"आज क्षेत्ररक्षक ने कुछ रन जोड़े, जिसके बाद अगला ओवर शुरू हुआ।",तटस्थ,क्रिकेट,1
"कप्तान ने गेंद खो दी, जिससे बढ़त कमजोर हुई।",नकारात्मक,फुटबॉल,0
"मुकाबले के इस चरण में पिछली पंक्ति का खिलाड़ी ने लंबी रैली जीती, जिससे निर्णायक अंक मिला।",सकारात्मक,बैडमिंटन,2
"रक्षात्मक खिलाड़ी ने स्मैश बाहर मार बैठा, जिससे जीत कठिन हुई।",नकारात्मक,बैडमिंटन,0
"आज इंजीनियर ने एक चक्कर पूरा किया, जिसके बाद अगला चक्कर शुरू हुआ।",तटस्थ,फॉर्मूला वन,1
"मुकाबले के इस चरण में कप्तान ने दबाव में सही शॉट चुना, और विपक्षी दबाव में आ गया।",सकारात्मक,क्रिकेट,2
"स्थानापन्न खिलाड़ी ने रेडर को रोक नहीं पाया, और विपक्षी दबाव में नहीं आया।",नकारात्मक,कबड्डी,0
"आज पिछली पंक्ति का खिलाड़ी ने कठिन शटल नहीं लौटा सका, और वापसी का मौका कम हुआ।",नकारात्मक,बैडमिंटन,0
"आज रेडर ने अगला अंक खेला, जिसके बाद अगली रेड शुरू हुई।",तटस्थ,कबड्डी,1
"दबाव के बीच मुख्य चालक ने बदलाव में समय गंवाया, जिससे समय का नुकसान हुआ।",नकारात्मक,फॉर्मूला वन,0
"निर्णायक समय पर रेडर ने रक्षा की स्थिति बनाई, जिसके बाद अगली रेड शुरू हुई।",तटस्थ,कबड्डी,1
"दबाव के बीच इंजीनियर ने देर से निर्णय लिया, और दल का मनोबल गिरा।",नकारात्मक,फॉर्मूला वन,0
"मुकाबले के इस चरण में सहायक रक्षक ने अपनी जगह संभाली, और मुकाबला सामान्य गति से चला।",तटस्थ,कबड्डी,1
"आज सलामी जोड़ी ने सटीक गेंदबाजी की, जिससे वापसी सफल हुई।",सकारात्मक,क्रिकेट,2
"आज रक्षापंक्ति ने कठिन बचाव किया, और दर्शक खुशी से झूम उठे 😀।",सकारात्मक,फुटबॉल,2
"मुकाबले के इस चरण में टायर दल ने अगले बदलाव की तैयारी की, और चालक ने अपनी स्थिति बनाए रखी।",तटस्थ,फॉर्मूला वन,1
"आज स्थानापन्न खिलाड़ी ने विपक्षी हमले को रोका, जिसके बाद खिलाड़ी अपनी जगह लौटे।",तटस्थ,फुटबॉल,1
"मुकाबले के इस चरण में आक्रामक दल ने मैदान में प्रवेश किया, जिसके बाद खेल आगे बढ़ा।",तटस्थ,फुटबॉल,1
"मुकाबले के इस चरण में अंतिम रेडर ने अगली रेड की तैयारी की, जिसके बाद खिलाड़ी अपनी जगह लौटे।",तटस्थ,कबड्डी,1
"गोलकीपर ने दबाव नहीं बना सका, और योजना विफल रही।",नकारात्मक,फुटबॉल,0
"निर्णायक समय पर मध्य मैदान के खिलाड़ी ने अपनी जगह संभाली, और मुकाबला सामान्य गति से चलता रहा।",तटस्थ,फुटबॉल,1
"दबाव के बीच गेंदबाज ने मजबूत साझेदारी बनाई, जिससे दल का आत्मविश्वास बढ़ा।",सकारात्मक,क्रिकेट,2
"मध्य खिलाड़ी ने घेरा टूटने दिया, जिससे वापसी कठिन हुई।",नकारात्मक,कबड्डी,0
"रेस दल ने अगले बदलाव की तैयारी की, और चालक ने अपनी स्थिति बनाए रखी।",तटस्थ,फॉर्मूला वन,1
"निर्णायक समय पर आक्रामक दल ने गेंद पकड़ी, और अगला आक्रमण शुरू हुआ।",तटस्थ,फुटबॉल,1
"दबाव के बीच गेंदबाज ने समय पर रणनीति बदली, और मुकाबला अपने पक्ष में झुक गया।",सकारात्मक,क्रिकेट,2
"स्थानापन्न खिलाड़ी ने तालमेल खो बैठा, और मुकाबला हाथ से निकलने लगा।",नकारात्मक,कबड्डी,0
"दबाव के बीच मध्य खिलाड़ी ने मैदान पर आते ही असर डाला, जिससे वापसी सफल हुई।",सकारात्मक,कबड्डी,2
"निर्णायक समय पर रेडर ने अपनी जगह संभाली, जिसके बाद अगला अंक खेला गया।",तटस्थ,कबड्डी,1
"दबाव के बीच रक्षा पंक्ति ने बिना अंक लौट आया, जिससे जरूरी अंक गंवा।",नकारात्मक,कबड्डी,0
"मुकाबले के इस चरण में कार ने सही रणनीति चुनी, और दल का मनोबल ऊंचा हुआ।",सकारात्मक,फॉर्मूला वन,2
"मुकाबले के इस चरण में अंतिम रेडर ने निर्देश दिया, और खेल आगे बढ़ा।",तटस्थ,कबड्डी,1
"आज दौड़ दल ने आंकड़ों की समीक्षा की, जिसके बाद अगला चरण शुरू हुआ।",तटस्थ,फॉर्मूला वन,1
"आज कार ने अंतिम चरण में गति बढ़ाई, और प्रतिद्वंद्वी दबाव में आया।",सकारात्मक,फॉर्मूला वन,2
"आज मध्यक्रम ने महत्वपूर्ण विकेट लिया, जिससे रन गति सुधरी।",सकारात्मक,क्रिकेट,2
"मुकाबले के इस चरण में गेंदबाज ने गेंद संभाली, और मुकाबला सामान्य गति से चलता रहा।",तटस्थ,क्रिकेट,1
"दबाव के बीच रक्षात्मक खिलाड़ी ने सही समय पर आक्रमण किया, जिससे निर्णायक अंक मिला।",सकारात्मक,बैडमिंटन,2
"निर्णायक समय पर दौड़ दल ने टायर बदलने में देरी की, और दल का मनोबल गिरा।",नकारात्मक,फॉर्मूला वन,0
"एकल खिलाड़ी ने कठिन शटल नहीं लौटा सका, जिससे जीत कठिन हुई।",नकारात्मक,बैडमिंटन,0
"मुकाबले के इस चरण में युगल जोड़ी ने कठिन शटल लौटा दी, जिससे बढ़त मजबूत हुई।",सकारात्मक,बैडमिंटन,2
"दबाव के बीच सहायक रक्षक ने अच्छा तालमेल दिखाया, जिससे जरूरी अंक मिला।",सकारात्मक,कबड्डी,2
"मुकाबले के इस चरण में मुख्य रेडर ने रक्षा की स्थिति बनाई, जिसके बाद खिलाड़ी अपनी जगह लौटे।",तटस्थ,कबड्डी,1
"आज स्थानापन्न खिलाड़ी ने देर से बदलाव किया, और रणनीति विफल रही।",नकारात्मक,कबड्डी,0
"आज स्थानापन्न खिलाड़ी ने रेड शुरू की, और मुकाबला सामान्य गति से चला।",तटस्थ,कबड्डी,1
"निर्णायक समय पर रणनीति दल ने मोड़ पर नियंत्रण रखा, जिससे पोडियम की संभावना बढ़ी।",सकारात्मक,फॉर्मूला वन,2
"दबाव के बीच दल ने रक्षा की स्थिति बनाई, और खेल आगे बढ़ा।",तटस्थ,कबड्डी,1
"मध्य क्षेत्र ने बचाव में चूक गया, जिससे गोल का अवसर चला गया।",नकारात्मक,फुटबॉल,0
"निर्णायक समय पर विंगर ने अपनी जगह छोड़ दी, जिससे बढ़त कमजोर हुई।",नकारात्मक,फुटबॉल,0
"मुकाबले के इस चरण में टायर दल ने एक चक्कर पूरा किया, जिसके बाद कार फिर ट्रैक पर आई।",तटस्थ,फॉर्मूला वन,1
"दबाव के बीच अंतिम रेडर ने अपनी जगह संभाली, और मुकाबला सामान्य गति से चला।",तटस्थ,कबड्डी,1
"गेंदबाज ने क्रीज पर आया, जिसके बाद अगला ओवर शुरू हुआ।",तटस्थ,क्रिकेट,1
"विंगर ने शानदार गोल किया, जिससे बढ़त मजबूत हुई।",सकारात्मक,फुटबॉल,2
"निर्णायक समय पर कप्तान ने अगली गेंद का सामना किया, और अगली गेंद खेली गई।",तटस्थ,क्रिकेट,1
"क्षेत्ररक्षक ने सटीक गेंदबाजी की, और मुकाबला अपने पक्ष में झुक गया।",सकारात्मक,क्रिकेट,2
"रक्षक ने सही समय पर बोनस लिया, जिससे दल का आत्मविश्वास बढ़ा।",सकारात्मक,कबड्डी,2
"आज खिलाड़ी ने रणनीति पर चर्चा की, जिसके बाद अगली रैली शुरू हुई।",तटस्थ,बैडमिंटन,1
"निर्णायक समय पर आक्रामक दल ने सही समय पर चुनौती दी, और विपक्षी दबाव में आया।",सकारात्मक,फुटबॉल,2
"आज इंजीनियर ने अंतिम चरण में गति नहीं बढ़ा सका, जिससे जीत की उम्मीद कमजोर हुई।",नकारात्मक,फॉर्मूला वन,0
"दबाव के बीच मध्य क्षेत्र ने गेंद पकड़ी, जिसके बाद खिलाड़ी अपनी जगह लौटे।",तटस्थ,फुटबॉल,1
"बल्लेबाज ने ढीली गेंदें डालता रहा, और रणनीति विफल रही।",नकारात्मक,क्रिकेट,0
"निर्णायक समय पर बल्लेबाज ने बीच के ओवरों में दबाव बनाए रखा, और दर्शकों में उत्साह फैल गया 😀।",सकारात्मक,क्रिकेट,2
"निर्णायक समय पर रक्षा पंक्ति ने मैदान पर आते ही असर डाला, और दर्शक खुशी से झूम उठे 😀।",सकारात्मक,कबड्डी,2
"दबाव के बीच कप्तान ने समय पर रणनीति बदली, और रणनीति कामयाब रही।",सकारात्मक,क्रिकेट,2
"आज क्षेत्ररक्षक ने मजबूत साझेदारी बनाई, जिससे दल का आत्मविश्वास बढ़ा।",सकारात्मक,क्रिकेट,2
"मध्य क्षेत्र ने बचाव में चूक गया, और योजना विफल रही।",नकारात्मक,फुटबॉल,0
"निर्णायक समय पर स्पिनर ने क्षेत्ररक्षण में बदलाव किया, और मुकाबला सामान्य गति से चलता रहा।",तटस्थ,क्रिकेट,1
"निर्णायक समय पर सलामी जोड़ी ने अगली गेंद का सामना किया, जिसके बाद खेल आगे बढ़ा।",तटस्थ,क्रिकेट,1
"आज पिट दल ने एक चक्कर पूरा किया, और मुकाबला सामान्य गति से चला।",तटस्थ,फॉर्मूला वन,1
"रक्षापंक्ति ने गलत पास दिया, जिससे आत्मविश्वास घटा।",नकारात्मक,फुटबॉल,0
"दबाव के बीच मुख्य चालक ने मोड़ पर नियंत्रण रखा, और दल का मनोबल ऊंचा हुआ।",सकारात्मक,फॉर्मूला वन,2
"मुकाबले के इस चरण में रक्षा पंक्ति ने देर से बदलाव किया, जिससे जरूरी अंक गंवा।",नकारात्मक,कबड्डी,0
"दौड़ दल ने दबाव में धैर्य रखा, जिससे समय का लाभ मिला।",सकारात्मक,फॉर्मूला वन,2
"मुकाबले के इस चरण में एकल खिलाड़ी ने स्मैश बाहर मार बैठा, जिससे निर्णायक अंक हाथ से गया।",नकारात्मक,बैडमिंटन,0
"दबाव के बीच रेडर ने सही समय पर बोनस लिया, और मुकाबला अपने पक्ष में झुका।",सकारात्मक,कबड्डी,2
"आज सहायक रक्षक ने मैदान पर आने के बाद असर नहीं डाल सका, जिससे बढ़त कमजोर हुई।",नकारात्मक,कबड्डी,0
"आज रेस दल ने दौड़ की योजना देखी, जिसके बाद कार फिर ट्रैक पर आई।",तटस्थ,फॉर्मूला वन,1
"मुख्य चालक ने तालमेल नहीं बना पाया, जिससे पोडियम की संभावना घटी।",नकारात्मक,फॉर्मूला वन,0
"गेंदबाज ने महत्वपूर्ण विकेट लिया, और विपक्षी दबाव में आ गया।",सकारात्मक,क्रिकेट,2
"मुकाबले के इस चरण में गोलकीपर ने तालमेल खो दिया, और योजना विफल रही।",नकारात्मक,फुटबॉल,0
"निर्णायक समय पर कप्तान ने लगातार अंक जुटाए, और जीत की उम्मीद बढ़ी।",सकारात्मक,कबड्डी,2
"दबाव के बीच स्थानापन्न खिलाड़ी ने खिलाड़ियों के बीच गेंद घुमाई, और मुकाबला सामान्य गति से चलता रहा।",तटस्थ,फुटबॉल,1
"मुकाबले के इस चरण में मध्य खिलाड़ी ने तालमेल खो बैठा, जिससे जरूरी अंक गंवा।",नकारात्मक,कबड्डी,0
"मुकाबले के इस चरण में कप्तान ने ढीली गेंदें डालता रहा, जिससे दल का आत्मविश्वास घटा।",नकारात्मक,क्रिकेट,0
"मुकाबले के इस चरण में रक्षा पंक्ति ने अच्छा तालमेल दिखाया, जिससे बढ़त मजबूत हुई।",सकारात्मक,कबड्डी,2
"आज गोलकीपर ने लगातार दबाव बनाया, और दर्शक खुशी से झूम उठे 😀।",सकारात्मक,फुटबॉल,2
"आज नेट खिलाड़ी ने खाली जगह की ओर शटल भेजी, जिसके बाद सर्विस बदली गई।",तटस्थ,बैडमिंटन,1
"मुकाबले के इस चरण में कप्तान ने सही समय पर बोनस लिया, जिससे दल का आत्मविश्वास बढ़ा।",सकारात्मक,कबड्डी,2
"एकल खिलाड़ी ने सर्विस की, जिसके बाद दोनों खिलाड़ी अपनी जगह लौटे।",तटस्थ,बैडमिंटन,1
"दबाव के बीच तेज गेंदबाज ने बीच के ओवरों में महंगा साबित हुआ, और विपक्षी को बढ़त मिल गई।",नकारात्मक,क्रिकेट,0
"मुकाबले के इस चरण में मध्य खिलाड़ी ने लगातार अंक जुटाए, जिससे जरूरी अंक मिला।",सकारात्मक,कबड्डी,2
"आज गेंदबाज ने आसान मौका गंवा बैठा, जिससे दल का आत्मविश्वास घटा।",नकारात्मक,क्रिकेट,0
"मुकाबले के इस चरण में क्षेत्ररक्षक ने आसान मौका गंवा बैठा, जिससे वापसी कठिन हुई।",नकारात्मक,क्रिकेट,0
"आज रक्षक ने गलत पास दिया, और योजना विफल रही।",नकारात्मक,फुटबॉल,0
"कार ने रणनीति पर चर्चा की, जिसके बाद अगला चक्कर शुरू हुआ।",तटस्थ,फॉर्मूला वन,1
"रक्षक ने निर्देश दिया, जिसके बाद खिलाड़ी अपनी जगह लौटे।",तटस्थ,कबड्डी,1
"हमलावर ने मैदान में प्रवेश किया, और मुकाबला सामान्य गति से चलता रहा।",तटस्थ,फुटबॉल,1
"मुकाबले के इस चरण में कार ने मोड़ पार किया, और चालक ने अपनी स्थिति बनाए रखी।",तटस्थ,फॉर्मूला वन,1
"आज सर्विस करने वाले खिलाड़ी ने तेज प्रतिक्रिया दिखाई, और दर्शकों ने तालियां बजाईं 👏।",सकारात्मक,बैडमिंटन,2
"दबाव के बीच कप्तान ने दबाव नहीं बना सका, और दर्शकों में निराशा फैल गई 😞।",नकारात्मक,फुटबॉल,0
"आज रेडर ने मिलकर रेडर को रोका, और विपक्षी दबाव में आया।",सकारात्मक,कबड्डी,2
"निर्णायक समय पर गोलकीपर ने विपक्षी हमले को रोका, जिसके बाद खिलाड़ी अपनी जगह लौटे।",तटस्थ,फुटबॉल,1
"निर्णायक अंक पर खिलाड़ी ने लंबी रैली जीती, जिससे बढ़त मजबूत हुई।",सकारात्मक,बैडमिंटन,2
"निर्णायक समय पर रक्षक ने रेडर को घेरने की कोशिश की, जिसके बाद अगला अंक खेला गया।",तटस्थ,कबड्डी,1
"दबाव के बीच हमलावर ने विपक्षी हमले को रोका, जिसके बाद खिलाड़ी अपनी जगह लौटे।",तटस्थ,फुटबॉल,1
"मुकाबले के इस चरण में कप्तान ने मजबूत साझेदारी बनाई, जिससे दल का आत्मविश्वास बढ़ा।",सकारात्मक,क्रिकेट,2
"निचला क्रम ने दबाव में गलत शॉट चुना, जिससे वापसी कठिन हुई।",नकारात्मक,क्रिकेट,0
"दबाव के बीच सलामी जोड़ी ने कुछ रन जोड़े, और पारी अपने क्रम में आगे बढ़ी।",तटस्थ,क्रिकेट,1
"निर्णायक समय पर इंजीनियर ने आंकड़ों की समीक्षा की, और चालक ने अपनी स्थिति बनाए रखी।",तटस्थ,फॉर्मूला वन,1
"निर्णायक समय पर बल्लेबाज ने बीच के ओवरों में महंगा साबित हुआ, और रणनीति विफल रही।",नकारात्मक,क्रिकेट,0
"मध्य खिलाड़ी ने अच्छा तालमेल दिखाया, जिससे दल का आत्मविश्वास बढ़ा।",सकारात्मक,कबड्डी,2
"मध्यक्रम ने कुछ रन जोड़े, जिसके बाद दोनों दल अपनी योजना पर लौटे।",तटस्थ,क्रिकेट,1
"निर्णायक समय पर स्थानापन्न खिलाड़ी ने लगातार अंक जुटाए, जिससे दल का आत्मविश्वास बढ़ा।",सकारात्मक,कबड्डी,2
"दबाव के बीच रक्षक ने बिना अंक लौट आया, जिससे जरूरी अंक गंवा।",नकारात्मक,कबड्डी,0
"निर्णायक समय पर बल्लेबाज ने क्रीज पर आया, जिसके बाद दोनों दल अपनी योजना पर लौटे।",तटस्थ,क्रिकेट,1
"युगल जोड़ी ने बचाव में चूक गया, और दर्शकों में निराशा फैल गई 😞।",नकारात्मक,बैडमिंटन,0
"निर्णायक समय पर कार ने टायर बदलने में देरी की, जिससे जीत की उम्मीद कमजोर हुई।",नकारात्मक,फॉर्मूला वन,0
"दबाव के बीच मध्य क्षेत्र ने गोल की ओर गेंद भेजी, और मुकाबला सामान्य गति से चलता रहा।",तटस्थ,फुटबॉल,1
"दबाव के बीच टायर दल ने रणनीति पर चर्चा की, जिसके बाद अगला चरण शुरू हुआ।",तटस्थ,फॉर्मूला वन,1
"मुकाबले के इस चरण में रेस दल ने मोड़ पर नियंत्रण खोया, और दौड़ का रुख बिगड़ा।",नकारात्मक,फॉर्मूला वन,0
"निर्णायक समय पर कार ने एक चक्कर पूरा किया, और दौड़ आगे बढ़ी।",तटस्थ,फॉर्मूला वन,1
"मुकाबले के इस चरण में मुख्य रेडर ने टैकल में चूक गया, और दर्शकों में निराशा फैल गई 😞।",नकारात्मक,कबड्डी,0
"निर्णायक समय पर स्पिनर ने क्रीज पर आया, जिसके बाद खेल आगे बढ़ा।",तटस्थ,क्रिकेट,1
"मुकाबले के इस चरण में रेडर ने सही समय पर बोनस लिया, और दर्शक खुशी से झूम उठे 😀।",सकारात्मक,कबड्डी,2
"दबाव के बीच रक्षक ने आक्रमण शुरू किया, जिसके बाद खेल आगे बढ़ा।",तटस्थ,फुटबॉल,1
"रक्षा पंक्ति ने अगला अंक खेला, और मुकाबला सामान्य गति से चला।",तटस्थ,कबड्डी,1
"आज आक्रामक दल ने अपनी जगह छोड़ दी, जिससे गोल का अवसर चला गया।",नकारात्मक,फुटबॉल,0
"निर्णायक समय पर सलामी जोड़ी ने बीच के ओवर में गेंदबाजी की, जिसके बाद दोनों दल अपनी योजना पर लौटे।",तटस्थ,क्रिकेट,1
"मुकाबले के इस चरण में स्थानापन्न खिलाड़ी ने मैदान में प्रवेश किया, जिसके बाद खेल आगे बढ़ा।",तटस्थ,फुटबॉल,1
"मुकाबले के इस चरण में मध्यक्रम ने ढीली गेंदें डालता रहा, और मुकाबला हाथ से निकलने लगा।",नकारात्मक,क्रिकेट,0
"चालक ने देर से निर्णय लिया, और दल का मनोबल गिरा।",नकारात्मक,फॉर्मूला वन,0
"निर्णायक समय पर रक्षात्मक खिलाड़ी ने खाली जगह की ओर शटल भेजी, और अगला अंक खेला गया।",तटस्थ,बैडमिंटन,1
"मुकाबले के इस चरण में आक्रामक दल ने कठिन बचाव किया, और मुकाबला अपने पक्ष में झुक गया।",सकारात्मक,फुटबॉल,2
"निर्णायक समय पर सहायक रक्षक ने देर से बदलाव किया, और रणनीति विफल रही।",नकारात्मक,कबड्डी,0
"चालक ने गलत रणनीति चुनी, और प्रतिद्वंद्वी को फायदा मिला।",नकारात्मक,फॉर्मूला वन,0
"आज सहायक रक्षक ने मिलकर रेडर को रोका, और जीत की उम्मीद बढ़ी।",सकारात्मक,कबड्डी,2
"निर्णायक अंक पर खिलाड़ी ने नेट के पास अंक गंवा दिया, जिससे आत्मविश्वास घटा।",नकारात्मक,बैडमिंटन,0
"दबाव के बीच कप्तान ने कुछ रन जोड़े, और अगली गेंद खेली गई।",तटस्थ,क्रिकेट,1
"स्थानापन्न खिलाड़ी ने मैदान में प्रवेश किया, जिसके बाद अगली रेड शुरू हुई।",तटस्थ,कबड्डी,1
"आज दल ने रेडर को घेरने की कोशिश की, और दोनों दल अगली चाल की तैयारी करने लगे।",तटस्थ,कबड्डी,1
"आज एकल खिलाड़ी ने कठिन शटल लौटा दी, जिससे जीत की उम्मीद बढ़ी।",सकारात्मक,बैडमिंटन,2
"आज आक्रामक दल ने सही समय पर चुनौती नहीं दी, और मुकाबला हाथ से निकलने लगा।",नकारात्मक,फुटबॉल,0
"दबाव के बीच बल्लेबाज ने संयम से पारी संभाली, जिससे वापसी सफल हुई।",सकारात्मक,क्रिकेट,2
"मुकाबले के इस चरण में रेडर ने बोनस का मौका गंवाया, और दर्शकों में निराशा फैल गई 😞।",नकारात्मक,कबड्डी,0
"विकेटकीपर ने अगला ओवर शुरू किया, और मुकाबला सामान्य गति से चलता रहा।",तटस्थ,क्रिकेट,1
"दबाव के बीच रक्षक ने विपक्षी हमले को रोका, जिसके बाद गेंद फिर मध्य क्षेत्र में गई।",तटस्थ,फुटबॉल,1
"आज टीम प्रबंधन ने मोड़ पार किया, और चालक ने अपनी स्थिति बनाए रखी।",तटस्थ,फॉर्मूला वन,1
"मुकाबले के इस चरण में पिट दल ने तेज सेवा दी, जिससे जीत की उम्मीद बढ़ी।",सकारात्मक,फॉर्मूला वन,2
"आज आक्रामक खिलाड़ी ने अगले अंक की तैयारी की, और मुकाबला सामान्य गति से चला।",तटस्थ,बैडमिंटन,1
"निर्णायक समय पर कप्तान ने आसान मौका गंवाया, और विपक्षी को फायदा मिला।",नकारात्मक,फुटबॉल,0
"मुकाबले के इस चरण में रक्षा पंक्ति ने रेडर को रोक नहीं पाया, और मुकाबला हाथ से निकलने लगा।",नकारात्मक,कबड्डी,0
"निर्णायक समय पर सर्विस करने वाला खिलाड़ी ने लंबी रैली गंवा बैठा, जिससे बढ़त कमजोर हुई।",नकारात्मक,बैडमिंटन,0
"स्पिनर ने बीच के ओवरों में महंगा साबित हुआ, जिससे जीत की संभावना कमजोर हुई।",नकारात्मक,क्रिकेट,0
"आज रेस दल ने तेज बदलाव किया, और प्रशंसकों में उत्साह फैल गया 🏎️।",सकारात्मक,फॉर्मूला वन,2
"दबाव के बीच मध्यक्रम ने तेज प्रतिक्रिया से मौका बनाया, जिससे रन गति सुधरी।",सकारात्मक,क्रिकेट,2
"दबाव के बीच हमलावर ने सही समय पर चुनौती दी, जिससे बढ़त मजबूत हुई।",सकारात्मक,फुटबॉल,2
"मध्य क्षेत्र ने गेंद पकड़ी, और मुकाबला सामान्य गति से चलता रहा।",तटस्थ,फुटबॉल,1
"विकेटकीपर ने क्रीज पर आया, जिसके बाद दोनों दल अपनी योजना पर लौटे।",तटस्थ,क्रिकेट,1
"रेडर ने लगातार अंक जुटाए, और विपक्षी दबाव में आया।",सकारात्मक,कबड्डी,2
"निर्णायक समय पर दल ने रेडर को रोक नहीं पाया, और रणनीति विफल रही।",नकारात्मक,कबड्डी,0
"दबाव के बीच मुख्य रेडर ने मैदान पर आने के बाद असर नहीं डाल सका, और विपक्षी दबाव में नहीं आया।",नकारात्मक,कबड्डी,0
"मुकाबले के इस चरण में मुख्य रेडर ने मजबूत घेरा बनाया, जिससे दल का आत्मविश्वास बढ़ा।",सकारात्मक,कबड्डी,2
"मुकाबले के इस चरण में रक्षात्मक खिलाड़ी ने सही समय पर आक्रमण किया, और प्रतिद्वंद्वी दबाव में आया।",सकारात्मक,बैडमिंटन,2
"कार ने दबाव में गलती की, और प्रशंसकों में निराशा फैल गई 😞।",नकारात्मक,फॉर्मूला वन,0
"मुकाबले के इस चरण में स्थानापन्न खिलाड़ी ने देर से बदलाव किया, और दर्शकों में निराशा फैल गई 😞।",नकारात्मक,फुटबॉल,0
"निर्णायक समय पर गेंदबाज ने बीच के ओवरों में दबाव बनाए रखा, जिससे वापसी सफल हुई।",सकारात्मक,क्रिकेट,2
"आज कप्तान ने अपनी जगह बदली, और पारी अपने क्रम में आगे बढ़ी।",तटस्थ,क्रिकेट,1
"आज हमलावर ने दबाव नहीं बना सका, जिससे आत्मविश्वास घटा।",नकारात्मक,फुटबॉल,0
"दबाव के बीच चालक ने टायर बदलने में देरी की, जिससे समय का नुकसान हुआ।",नकारात्मक,फॉर्मूला वन,0
"आज कप्तान ने दबाव नहीं बना सका, और दर्शकों में निराशा फैल गई 😞।",नकारात्मक,फुटबॉल,0
"दबाव के बीच एकल खिलाड़ी ने बचाव में चूक गया, जिससे निर्णायक अंक हाथ से गया।",नकारात्मक,बैडमिंटन,0
"रक्षक ने मैदान पर आते ही असर डाला, और विपक्षी दबाव में आया।",सकारात्मक,कबड्डी,2
"मुकाबले के इस चरण में कप्तान ने एक ओवर पूरा किया, और पारी अपने क्रम में आगे बढ़ी।",तटस्थ,क्रिकेट,1
"निर्णायक समय पर कार ने दौड़ की योजना पर काम किया, और दौड़ आगे बढ़ी।",तटस्थ,फॉर्मूला वन,1
"निर्णायक समय पर कप्तान ने अच्छा तालमेल दिखाया, जिससे दल का आत्मविश्वास बढ़ा।",सकारात्मक,कबड्डी,2
"निर्णायक समय पर टायर दल ने टायर बदलने में देरी की, और दल का मनोबल गिरा।",नकारात्मक,फॉर्मूला वन,0
"निर्णायक समय पर दल ने अगला अंक खेला, और दोनों दल अगली चाल की तैयारी करने लगे।",तटस्थ,कबड्डी,1
"आज सहायक रक्षक ने तालमेल खो बैठा, और रणनीति विफल रही।",नकारात्मक,कबड्डी,0
"निर्णायक समय पर टायर दल ने तालमेल नहीं बना पाया, और प्रतिद्वंद्वी को फायदा मिला।",नकारात्मक,फॉर्मूला वन,0
"आज दल ने मैदान पर आते ही असर डाला, और जीत की उम्मीद बढ़ी।",सकारात्मक,कबड्डी,2
"निर्णायक समय पर मुख्य चालक ने शानदार ओवरटेक किया, और दल का मनोबल ऊंचा हुआ।",सकारात्मक,फॉर्मूला वन,2
"निर्णायक समय पर मध्यक्रम ने समय पर रणनीति बदली, और विपक्षी दबाव में आ गया।",सकारात्मक,क्रिकेट,2
"दबाव के बीच हमलावर ने पास आगे बढ़ाया, और अगला आक्रमण शुरू हुआ।",तटस्थ,फुटबॉल,1
"आज निर्णायक अंक पर खिलाड़ी ने देर से प्रतिक्रिया दी, और वापसी का मौका कम हुआ।",नकारात्मक,बैडमिंटन,0
"आज टीम प्रबंधन ने तालमेल नहीं बना पाया, जिससे पोडियम की संभावना घटी।",नकारात्मक,फॉर्मूला वन,0
"कप्तान ने खाली जगह नहीं पहचान पाया, जिससे जीत कठिन हुई।",नकारात्मक,बैडमिंटन,0
"मुकाबले के इस चरण में कप्तान ने रणनीति में सुधार नहीं कर सका, और मुकाबला विपक्षी की ओर झुका।",नकारात्मक,बैडमिंटन,0
"सहायक रक्षक ने अपनी जगह संभाली, और मुकाबला सामान्य गति से चला।",तटस्थ,कबड्डी,1
"निर्णायक समय पर रक्षा पंक्ति ने विपक्षी क्षेत्र की ओर बढ़ा, जिसके बाद अगला अंक खेला गया।",तटस्थ,कबड्डी,1
"दबाव के बीच मध्यक्रम ने कठिन गेंदों पर नियंत्रण रखा, जिससे दल का आत्मविश्वास बढ़ा।",सकारात्मक,क्रिकेट,2
"आज सर्विस करने वाला खिलाड़ी ने रणनीति में सुधार नहीं कर सका, जिससे जीत कठिन हुई।",नकारात्मक,बैडमिंटन,0
"आज इंजीनियर ने देर से निर्णय लिया, जिससे समय का नुकसान हुआ।",नकारात्मक,फॉर्मूला वन,0
"निर्णायक समय पर गोलकीपर ने शानदार गोल किया, और जीत की उम्मीद बढ़ी।",सकारात्मक,फुटबॉल,2
"मुकाबले के इस चरण में मध्य खिलाड़ी ने मिलकर रेडर को रोका, और मुकाबला अपने पक्ष में झुका।",सकारात्मक,कबड्डी,2
"दबाव के बीच नेट खिलाड़ी ने अगला शॉट खेला, और मुकाबला सामान्य गति से चला।",तटस्थ,बैडमिंटन,1
"मुकाबले के इस चरण में स्थानापन्न खिलाड़ी ने सटीक पास दिया, और जीत की उम्मीद बढ़ी।",सकारात्मक,फुटबॉल,2
"दबाव के बीच आक्रामक दल ने समय पर बदलाव किया, और मुकाबला अपने पक्ष में झुक गया।",सकारात्मक,फुटबॉल,2
"मुकाबले के इस चरण में हमलावर ने शानदार गोल किया, और जीत की उम्मीद बढ़ी।",सकारात्मक,फुटबॉल,2
"निर्णायक समय पर रक्षापंक्ति ने खिलाड़ियों के बीच गेंद घुमाई, जिसके बाद खिलाड़ी अपनी जगह लौटे।",तटस्थ,फुटबॉल,1
"टायर दल ने मोड़ पार किया, और दौड़ आगे बढ़ी।",तटस्थ,फॉर्मूला वन,1
"आज मुख्य रेडर ने लगातार अंक गंवाता रहा, और रणनीति विफल रही।",नकारात्मक,कबड्डी,0
"आज बल्लेबाज ने आसान मौका गंवा बैठा, जिससे दल का आत्मविश्वास घटा।",नकारात्मक,क्रिकेट,0
"विकेटकीपर ने समय पर रणनीति बदली, जिससे दल का आत्मविश्वास बढ़ा।",सकारात्मक,क्रिकेट,2
"नेट खिलाड़ी ने अगला शॉट खेला, और खेल आगे बढ़ा।",तटस्थ,बैडमिंटन,1
"निर्णायक समय पर कप्तान ने बीच के ओवर में गेंदबाजी की, जिसके बाद अगला ओवर शुरू हुआ।",तटस्थ,क्रिकेट,1
"रक्षक ने समय पर बदलाव किया, और मुकाबला अपने पक्ष में झुका।",सकारात्मक,कबड्डी,2
"निर्णायक समय पर दल ने बोनस का मौका गंवाया, जिससे जरूरी अंक गंवा।",नकारात्मक,कबड्डी,0
"मुकाबले के इस चरण में कप्तान ने साझेदारी नहीं बना सका, जिससे रन गति गिर गई।",नकारात्मक,क्रिकेट,0
"सहायक रक्षक ने घेरा टूटने दिया, और दर्शकों में निराशा फैल गई 😞।",नकारात्मक,कबड्डी,0
"मुकाबले के इस चरण में कप्तान ने देर से बदलाव किया, जिससे आत्मविश्वास घटा।",नकारात्मक,फुटबॉल,0
"मुकाबले के इस चरण में स्थानापन्न खिलाड़ी ने विपक्षी हमले को रोका, और मुकाबला सामान्य गति से चलता रहा।",तटस्थ,फुटबॉल,1
"निर्णायक समय पर गोलकीपर ने एक बदलाव किया, और अगला आक्रमण शुरू हुआ।",तटस्थ,फुटबॉल,1
"आज विंगर ने गलत पास दिया, और मुकाबला हाथ से निकलने लगा।",नकारात्मक,फुटबॉल,0
"निर्णायक समय पर नेट खिलाड़ी ने सर्विस पर नियंत्रण रखा, और वापसी सफल हुई।",सकारात्मक,बैडमिंटन,2
"आज मध्यक्रम ने आसान मौका गंवा बैठा, और रणनीति विफल रही।",नकारात्मक,क्रिकेट,0
"रक्षा पंक्ति ने सफल रेड की, और दर्शक खुशी से झूम उठे 😀।",सकारात्मक,कबड्डी,2
"आज बल्लेबाज ने दबाव में सही शॉट चुना, और दर्शकों में उत्साह फैल गया 😀।",सकारात्मक,क्रिकेट,2
"आज कप्तान ने अच्छा तालमेल दिखाया, और दर्शक खुशी से झूम उठे 😀।",सकारात्मक,कबड्डी,2
"दबाव के बीच हमलावर ने तेज तालमेल दिखाया, जिससे दल का आत्मविश्वास बढ़ा।",सकारात्मक,फुटबॉल,2
"मुकाबले के इस चरण में स्थानापन्न खिलाड़ी ने विपक्षी क्षेत्र की ओर बढ़ा, जिसके बाद खिलाड़ी अपनी जगह लौटे।",तटस्थ,कबड्डी,1
"गोलकीपर ने खिलाड़ियों के बीच गेंद घुमाई, जिसके बाद गेंद फिर मध्य क्षेत्र में गई।",तटस्थ,फुटबॉल,1
"आज टायर दल ने एक चक्कर पूरा किया, और दौड़ आगे बढ़ी।",तटस्थ,फॉर्मूला वन,1
"आज विंगर ने खिलाड़ियों के बीच गेंद घुमाई, जिसके बाद खेल आगे बढ़ा।",तटस्थ,फुटबॉल,1
"मुकाबले के इस चरण में मध्य खिलाड़ी ने रेडर को घेरने की कोशिश की, और दोनों दल अगली चाल की तैयारी करने लगे।",तटस्थ,कबड्डी,1
"आज टीम प्रबंधन ने लगातार अच्छा तालमेल रखा, और प्रतिद्वंद्वी दबाव में आया।",सकारात्मक,फॉर्मूला वन,2
"आज मध्य खिलाड़ी ने बोनस का मौका गंवाया, और रणनीति विफल रही।",नकारात्मक,कबड्डी,0
"निर्णायक समय पर गोलकीपर ने गेंद खो दी, और दर्शकों में निराशा फैल गई 😞।",नकारात्मक,फुटबॉल,0
"दबाव के बीच आक्रामक खिलाड़ी ने खाली जगह की ओर शटल भेजी, जिसके बाद अगली रैली शुरू हुई।",तटस्थ,बैडमिंटन,1
"दबाव के बीच चालक ने शानदार ओवरटेक किया, और दौड़ का रुख बदला।",सकारात्मक,फॉर्मूला वन,2
"मुकाबले के इस चरण में इंजीनियर ने अगले बदलाव की तैयारी की, जिसके बाद कार फिर ट्रैक पर आई।",तटस्थ,फॉर्मूला वन,1
"मुकाबले के इस चरण में रक्षापंक्ति ने मैदान पर आने के बाद असर नहीं डाल सका, और विपक्षी को फायदा मिला।",नकारात्मक,फुटबॉल,0
"निर्णायक समय पर क्षेत्ररक्षक ने साझेदारी नहीं बना सका, जिससे जीत की संभावना कमजोर हुई।",नकारात्मक,क्रिकेट,0
"आज दौड़ दल ने दौड़ की योजना देखी, जिसके बाद अगला चरण शुरू हुआ।",तटस्थ,फॉर्मूला वन,1
"निर्णायक समय पर सर्विस करने वाला खिलाड़ी ने अगले अंक की तैयारी की, जिसके बाद सर्विस बदली गई।",तटस्थ,बैडमिंटन,1
"आज हमलावर ने मैदान पर आने के बाद असर नहीं डाल सका, और विपक्षी को फायदा मिला।",नकारात्मक,फुटबॉल,0
"दबाव के बीच रणनीति दल ने ओवरटेक का मौका गंवाया, और दल का मनोबल गिरा।",नकारात्मक,फॉर्मूला वन,0
"आज कप्तान ने मैदान पर आने के बाद असर नहीं डाल सका, जिससे वापसी कठिन हुई।",नकारात्मक,फुटबॉल,0
"मुकाबले के इस चरण में रणनीति दल ने अंतिम चरण में गति नहीं बढ़ा सका, और प्रतिद्वंद्वी को फायदा मिला।",नकारात्मक,फॉर्मूला वन,0
"मुकाबले के इस चरण में दल ने सही समय पर बोनस लिया, और जीत की उम्मीद बढ़ी।",सकारात्मक,कबड्डी,2
"आज विंगर ने तालमेल खो दिया, जिससे वापसी कठिन हुई।",नकारात्मक,फुटबॉल,0
"दबाव के बीच पिछली पंक्ति का खिलाड़ी ने लंबी रैली गंवा बैठा, जिससे जीत कठिन हुई।",नकारात्मक,बैडमिंटन,0
"निर्णायक समय पर टायर दल ने सही समय पर निर्णय लिया, और दल का मनोबल ऊंचा हुआ।",सकारात्मक,फॉर्मूला वन,2
"इंजीनियर ने सही समय पर निर्णय लिया, और दल का मनोबल ऊंचा हुआ।",सकारात्मक,फॉर्मूला वन,2
"दबाव के बीच मध्य खिलाड़ी ने तालमेल बनाया, जिसके बाद खिलाड़ी अपनी जगह लौटे।",तटस्थ,कबड्डी,1
"मुकाबले के इस चरण में विंगर ने गोल की ओर गेंद भेजी, और दोनों दल रणनीति पर काम करते रहे।",तटस्थ,फुटबॉल,1
"मध्य क्षेत्र ने पास आगे बढ़ाया, जिसके बाद खेल आगे बढ़ा।",तटस्थ,फुटबॉल,1
"मुकाबले के इस चरण में आक्रामक दल ने अपनी जगह संभाली, जिसके बाद खेल आगे बढ़ा।",तटस्थ,फुटबॉल,1
"आज स्पिनर ने साझेदारी नहीं बना सका, और रणनीति विफल रही।",नकारात्मक,क्रिकेट,0
"विकेटकीपर ने एक ओवर पूरा किया, जिसके बाद खेल आगे बढ़ा।",तटस्थ,क्रिकेट,1
"युगल जोड़ी ने तेज प्रतिक्रिया दिखाई, और दर्शकों ने तालियां बजाईं 👏।",सकारात्मक,बैडमिंटन,2
"निर्णायक समय पर टायर दल ने दौड़ की योजना पर काम किया, और मुकाबला सामान्य गति से चला।",तटस्थ,फॉर्मूला वन,1
"निर्णायक समय पर हमलावर ने शानदार गोल किया, और मुकाबला अपने पक्ष में झुक गया।",सकारात्मक,फुटबॉल,2
"दबाव के बीच पिट दल ने ओवरटेक का मौका गंवाया, और दौड़ का रुख बिगड़ा।",नकारात्मक,फॉर्मूला वन,0
"मुकाबले के इस चरण में कप्तान ने खिलाड़ियों के बीच गेंद घुमाई, और अगला आक्रमण शुरू हुआ।",तटस्थ,फुटबॉल,1
"दबाव के बीच रक्षक ने आक्रमण को रोक दिया, और विपक्षी दबाव में आया।",सकारात्मक,फुटबॉल,2
"रेस दल ने ओवरटेक का मौका गंवाया, और प्रतिद्वंद्वी को फायदा मिला।",नकारात्मक,फॉर्मूला वन,0
"रक्षात्मक खिलाड़ी ने रणनीति में सुधार नहीं कर सका, जिससे जीत कठिन हुई।",नकारात्मक,बैडमिंटन,0
"कप्तान ने कठिन शटल लौटा दी, और वापसी सफल हुई।",सकारात्मक,बैडमिंटन,2
"आज खिलाड़ी ने पीछे से प्रहार किया, और अगला अंक खेला गया।",तटस्थ,बैडमिंटन,1
"निर्णायक समय पर मध्य खिलाड़ी ने विपक्षी क्षेत्र की ओर बढ़ा, और दोनों दल अगली चाल की तैयारी करने लगे।",तटस्थ,कबड्डी,1
"आज दौड़ दल ने टायरों का सही उपयोग किया, और दल का मनोबल ऊंचा हुआ।",सकारात्मक,फॉर्मूला वन,2
"दबाव के बीच तेज गेंदबाज ने जरूरी विकेट नहीं ले सका, और विपक्षी को बढ़त मिल गई।",नकारात्मक,क्रिकेट,0
"रेडर ने सफल रेड की, जिससे दल का आत्मविश्वास बढ़ा।",सकारात्मक,कबड्डी,2
"मुकाबले के इस चरण में मुख्य रेडर ने मजबूत घेरा बनाया, और मुकाबला अपने पक्ष में झुका।",सकारात्मक,कबड्डी,2
"मुकाबले के इस चरण में गोलकीपर ने अपनी जगह छोड़ दी, जिससे गोल का अवसर चला गया।",नकारात्मक,फुटबॉल,0
"निर्णायक समय पर रेस दल ने दौड़ की योजना देखी, और चालक ने अपनी स्थिति बनाए रखी।",तटस्थ,फॉर्मूला वन,1
"मुकाबले के इस चरण में बल्लेबाज ने बीच के ओवरों में दबाव बनाए रखा, और दर्शकों में उत्साह फैल गया 😀।",सकारात्मक,क्रिकेट,2
"दबाव के बीच क्षेत्ररक्षक ने तेज प्रतिक्रिया से मौका बनाया, जिससे वापसी सफल हुई।",सकारात्मक,क्रिकेट,2
"रक्षा पंक्ति ने मैदान पर आने के बाद असर नहीं डाल सका, और रणनीति विफल रही।",नकारात्मक,कबड्डी,0
"दबाव के बीच गोलकीपर ने लगातार दबाव बनाया, जिससे दल का आत्मविश्वास बढ़ा।",सकारात्मक,फुटबॉल,2
"निर्णायक समय पर रक्षक ने गलत पास दिया, और मुकाबला हाथ से निकलने लगा।",नकारात्मक,फुटबॉल,0
"रेस दल ने एक चक्कर पूरा किया, जिसके बाद अगला चक्कर शुरू हुआ।",तटस्थ,फॉर्मूला वन,1
"आज स्पिनर ने अगली गेंद का सामना किया, और अगली गेंद खेली गई।",तटस्थ,क्रिकेट,1
"निर्णायक समय पर स्थानापन्न खिलाड़ी ने निर्णायक अंक लिया, और जीत की उम्मीद बढ़ी।",सकारात्मक,कबड्डी,2
"मुकाबले के इस चरण में गेंदबाज ने जल्दी विकेट गंवा बैठा, जिससे दल का आत्मविश्वास घटा।",नकारात्मक,क्रिकेट,0
"आज कप्तान ने सटीक पास दिया, जिससे बढ़त मजबूत हुई।",सकारात्मक,फुटबॉल,2
"आज सर्विस करने वाले खिलाड़ी ने लंबी रैली जीती, जिससे आत्मविश्वास बढ़ा।",सकारात्मक,बैडमिंटन,2
"मुकाबले के इस चरण में मध्यक्रम ने संयम से पारी संभाली, और दर्शकों में उत्साह फैल गया 😀।",सकारात्मक,क्रिकेट,2
"आज रक्षक ने एक बदलाव किया, और मुकाबला सामान्य गति से चलता रहा।",तटस्थ,फुटबॉल,1
"आज आक्रामक खिलाड़ी ने शटल आगे भेजी, जिसके बाद अगली रैली शुरू हुई।",तटस्थ,बैडमिंटन,1
"दबाव के बीच सर्विस करने वाला खिलाड़ी ने खाली जगह नहीं पहचान पाया, और दर्शकों में निराशा फैल गई 😞।",नकारात्मक,बैडमिंटन,0
"मुकाबले के इस चरण में रक्षापंक्ति ने सही समय पर चुनौती नहीं दी, और योजना विफल रही।",नकारात्मक,फुटबॉल,0
"मुकाबले के इस चरण में रक्षात्मक खिलाड़ी ने रणनीति में अच्छा बदलाव किया, जिससे बढ़त मजबूत हुई।",सकारात्मक,बैडमिंटन,2
"गेंदबाज ने देर से रणनीति बदली, और मुकाबला हाथ से निकलने लगा।",नकारात्मक,क्रिकेट,0
"आज स्थानापन्न खिलाड़ी ने मैदान में प्रवेश किया, और खेल आगे बढ़ा।",तटस्थ,कबड्डी,1
"दबाव के बीच मध्य क्षेत्र ने आक्रमण शुरू किया, और अगला आक्रमण शुरू हुआ।",तटस्थ,फुटबॉल,1
"दबाव के बीच युगल जोड़ी ने खाली जगह की ओर शटल भेजी, और खेल आगे बढ़ा।",तटस्थ,बैडमिंटन,1
"निर्णायक समय पर विंगर ने विपक्षी हमले को रोका, जिसके बाद खेल आगे बढ़ा।",तटस्थ,फुटबॉल,1
"दबाव के बीच चालक ने अगले बदलाव की तैयारी की, जिसके बाद अगला चक्कर शुरू हुआ।",तटस्थ,फॉर्मूला वन,1
"मुकाबले के इस चरण में हमलावर ने तालमेल खो दिया, और मुकाबला हाथ से निकलने लगा।",नकारात्मक,फुटबॉल,0
"दबाव के बीच रेडर ने रक्षा की स्थिति बनाई, और खेल आगे बढ़ा।",तटस्थ,कबड्डी,1
"आज मुख्य रेडर ने रेडर को रोक नहीं पाया, जिससे दल का आत्मविश्वास घटा।",नकारात्मक,कबड्डी,0
"दबाव के बीच खिलाड़ी ने शटल आगे भेजी, और मुकाबला सामान्य गति से चला।",तटस्थ,बैडमिंटन,1
"दबाव के बीच स्थानापन्न खिलाड़ी ने रेडर को रोक नहीं पाया, और दर्शकों में निराशा फैल गई 😞।",नकारात्मक,कबड्डी,0
"दबाव के बीच रक्षापंक्ति ने समय पर बदलाव किया, जिससे बढ़त मजबूत हुई।",सकारात्मक,फुटबॉल,2
"आज हमलावर ने कठिन बचाव किया, और विपक्षी दबाव में आया।",सकारात्मक,फुटबॉल,2
"खिलाड़ी ने सर्विस पर नियंत्रण खो बैठा, और प्रतिद्वंद्वी दबाव में नहीं आया।",नकारात्मक,बैडमिंटन,0
"मुकाबले के इस चरण में मुख्य चालक ने शानदार ओवरटेक किया, और दौड़ का रुख बदला।",सकारात्मक,फॉर्मूला वन,2
"निर्णायक समय पर खिलाड़ी ने मजबूत बचाव किया, जिससे निर्णायक अंक मिला।",सकारात्मक,बैडमिंटन,2
"कप्तान ने रेडर को रोक नहीं पाया, जिससे दल का आत्मविश्वास घटा।",नकारात्मक,कबड्डी,0
"एकल खिलाड़ी ने लंबी रैली जीती, और प्रतिद्वंद्वी दबाव में आया।",सकारात्मक,बैडमिंटन,2
"दबाव के बीच कप्तान ने मैदान पर आते ही असर डाला, जिससे बढ़त मजबूत हुई।",सकारात्मक,फुटबॉल,2
"निर्णायक समय पर टायर दल ने ट्रैक की स्थिति देखी, जिसके बाद अगला चक्कर शुरू हुआ।",तटस्थ,फॉर्मूला वन,1
"आज पिछली पंक्ति का खिलाड़ी ने मजबूत बचाव किया, जिससे आत्मविश्वास बढ़ा।",सकारात्मक,बैडमिंटन,2
"एकल खिलाड़ी ने शटल आगे भेजी, जिसके बाद दोनों खिलाड़ी अपनी जगह लौटे।",तटस्थ,बैडमिंटन,1
"मुकाबले के इस चरण में कप्तान ने संयम से पारी संभाली, जिससे रन गति सुधरी।",सकारात्मक,क्रिकेट,2
"मुकाबले के इस चरण में रक्षा पंक्ति ने शानदार टैकल किया, जिससे वापसी सफल हुई।",सकारात्मक,कबड्डी,2
"अंतिम रेडर ने समय पर बदलाव किया, और मुकाबला अपने पक्ष में झुका।",सकारात्मक,कबड्डी,2
"मुकाबले के इस चरण में हमलावर ने अपनी जगह संभाली, और दोनों दल रणनीति पर काम करते रहे।",तटस्थ,फुटबॉल,1
"मुकाबले के इस चरण में युगल जोड़ी ने नेट पर शटल रोकी, और मुकाबला सामान्य गति से चला।",तटस्थ,बैडमिंटन,1
"मुकाबले के इस चरण में कप्तान ने शानदार टैकल किया, और जीत की उम्मीद बढ़ी।",सकारात्मक,कबड्डी,2
"दबाव के बीच मध्य मैदान के खिलाड़ी ने मैदान पर आने के बाद असर नहीं डाल सका, और दर्शकों में निराशा फैल गई 😞।",नकारात्मक,फुटबॉल,0
"दबाव के बीच मध्य खिलाड़ी ने विपक्षी क्षेत्र की ओर बढ़ा, जिसके बाद अगली रेड शुरू हुई।",तटस्थ,कबड्डी,1
"मुकाबले के इस चरण में मध्य खिलाड़ी ने बोनस का मौका गंवाया, जिससे दल का आत्मविश्वास घटा।",नकारात्मक,कबड्डी,0
"आक्रामक दल ने अपनी जगह संभाली, और अगला आक्रमण शुरू हुआ।",तटस्थ,फुटबॉल,1
"दबाव के बीच एकल खिलाड़ी ने कठिन शटल नहीं लौटा सका, जिससे बढ़त कमजोर हुई।",नकारात्मक,बैडमिंटन,0
"आज रेडर ने निर्देश दिया, और मुकाबला सामान्य गति से चला।",तटस्थ,कबड्डी,1
"आज रक्षापंक्ति ने गोल की ओर गेंद भेजी, जिसके बाद खेल आगे बढ़ा।",तटस्थ,फुटबॉल,1
"मुकाबले के इस चरण में रेडर ने विपक्षी क्षेत्र की ओर बढ़ा, जिसके बाद अगली रेड शुरू हुई।",तटस्थ,कबड्डी,1
"दबाव के बीच मुख्य चालक ने आंकड़ों की समीक्षा की, जिसके बाद अगला चरण शुरू हुआ।",तटस्थ,फॉर्मूला वन,1
"निर्णायक समय पर मुख्य चालक ने सही रणनीति चुनी, जिससे पोडियम की संभावना बढ़ी।",सकारात्मक,फॉर्मूला वन,2
"निर्णायक समय पर रेडर ने लगातार अंक जुटाए, और जीत की उम्मीद बढ़ी।",सकारात्मक,कबड्डी,2
"इंजीनियर ने लगातार अच्छा तालमेल रखा, जिससे जीत की उम्मीद बढ़ी।",सकारात्मक,फॉर्मूला वन,2
"नेट खिलाड़ी ने खाली जगह पहचानी, जिससे बढ़त मजबूत हुई।",सकारात्मक,बैडमिंटन,2
"निर्णायक समय पर सलामी जोड़ी ने जल्दी विकेट गंवा बैठा, और विपक्षी को बढ़त मिल गई।",नकारात्मक,क्रिकेट,0
"मुकाबले के इस चरण में रणनीति दल ने दौड़ की योजना देखी, जिसके बाद कार फिर ट्रैक पर आई।",तटस्थ,फॉर्मूला वन,1
"आज आक्रामक दल ने अपनी जगह संभाली, और अगला आक्रमण शुरू हुआ।",तटस्थ,फुटबॉल,1
"गेंदबाज ने पारी शुरू की, जिसके बाद दोनों दल अपनी योजना पर लौटे।",तटस्थ,क्रिकेट,1
"आज रक्षात्मक खिलाड़ी ने शटल आगे भेजी, और अगला अंक खेला गया।",तटस्थ,बैडमिंटन,1
"रेस दल ने आंकड़ों की समीक्षा की, और चालक ने अपनी स्थिति बनाए रखी।",तटस्थ,फॉर्मूला वन,1
"मुकाबले के इस चरण में नेट खिलाड़ी ने अगला शॉट खेला, जिसके बाद दोनों खिलाड़ी अपनी जगह लौटे।",तटस्थ,बैडमिंटन,1
"आज सर्विस करने वाला खिलाड़ी ने बचाव में चूक गया, और दर्शकों में निराशा फैल गई 😞।",नकारात्मक,बैडमिंटन,0
"दबाव के बीच मध्य क्षेत्र ने खिलाड़ियों के बीच गेंद घुमाई, जिसके बाद खेल आगे बढ़ा।",तटस्थ,फुटबॉल,1
"दबाव के बीच सलामी जोड़ी ने महत्वपूर्ण विकेट लिया, और रणनीति कामयाब रही।",सकारात्मक,क्रिकेट,2
"निर्णायक समय पर नेट खिलाड़ी ने रणनीति में अच्छा बदलाव किया, जिससे जीत की उम्मीद बढ़ी।",सकारात्मक,बैडमिंटन,2
"निर्णायक समय पर स्थानापन्न खिलाड़ी ने तालमेल खो बैठा, जिससे जरूरी अंक गंवा।",नकारात्मक,कबड्डी,0
"आज युगल जोड़ी ने सर्विस पर नियंत्रण रखा, जिससे निर्णायक अंक मिला।",सकारात्मक,बैडमिंटन,2
"युगल जोड़ी ने गलत समय पर आक्रमण किया, जिससे आत्मविश्वास घटा।",नकारात्मक,बैडमिंटन,0
"मुकाबले के इस चरण में टीम प्रबंधन ने सही समय पर निर्णय लिया, और दल का मनोबल ऊंचा हुआ।",सकारात्मक,फॉर्मूला वन,2
"आज गेंदबाज ने पारी शुरू की, जिसके बाद खेल आगे बढ़ा।",तटस्थ,क्रिकेट,1
"मुख्य रेडर ने अपनी जगह संभाली, जिसके बाद खिलाड़ी अपनी जगह लौटे।",तटस्थ,कबड्डी,1
"दबाव के बीच इंजीनियर ने टायरों का सही उपयोग किया, और प्रतिद्वंद्वी दबाव में आया।",सकारात्मक,फॉर्मूला वन,2
"निर्णायक समय पर कप्तान ने सही समय पर बोनस लिया, जिससे जरूरी अंक मिला।",सकारात्मक,कबड्डी,2
"दबाव के बीच आक्रामक दल ने एक बदलाव किया, जिसके बाद गेंद फिर मध्य क्षेत्र में गई।",तटस्थ,फुटबॉल,1
"आज इंजीनियर ने अगले बदलाव की तैयारी की, और मुकाबला सामान्य गति से चला।",तटस्थ,फॉर्मूला वन,1
"आज निर्णायक अंक पर खिलाड़ी ने खाली जगह की ओर शटल भेजी, जिसके बाद अगली रैली शुरू हुई।",तटस्थ,बैडमिंटन,1
"विकेटकीपर ने अगला ओवर शुरू किया, जिसके बाद दोनों दल अपनी योजना पर लौटे।",तटस्थ,क्रिकेट,1
"दबाव के बीच रक्षक ने घेरा टूटने दिया, और रणनीति विफल रही।",नकारात्मक,कबड्डी,0
"मुकाबले के इस चरण में रक्षात्मक खिलाड़ी ने सटीक स्मैश लगाया, जिससे बढ़त मजबूत हुई।",सकारात्मक,बैडमिंटन,2
"टीम प्रबंधन ने दबाव में धैर्य रखा, जिससे पोडियम की संभावना बढ़ी।",सकारात्मक,फॉर्मूला वन,2
"टीम प्रबंधन ने ओवरटेक का मौका गंवाया, और प्रशंसकों में निराशा फैल गई 😞।",नकारात्मक,फॉर्मूला वन,0
"मुकाबले के इस चरण में आक्रामक दल ने गलत पास दिया, और दर्शकों में निराशा फैल गई 😞।",नकारात्मक,फुटबॉल,0
"मुकाबले के इस चरण में पिछली पंक्ति का खिलाड़ी ने कठिन शटल लौटा दी, और वापसी सफल हुई।",सकारात्मक,बैडमिंटन,2
"निर्णायक समय पर मुख्य चालक ने मोड़ पर नियंत्रण रखा, और दौड़ का रुख बदला।",सकारात्मक,फॉर्मूला वन,2
"दबाव के बीच रक्षक ने निर्णायक अंक नहीं ले सका, और मुकाबला हाथ से निकलने लगा।",नकारात्मक,कबड्डी,0
"निर्णायक समय पर मध्यक्रम ने दबाव में गलत शॉट चुना, जिससे दल का आत्मविश्वास घटा।",नकारात्मक,क्रिकेट,0
"दबाव के बीच पिट दल ने आंकड़ों की समीक्षा की, जिसके बाद कार फिर ट्रैक पर आई।",तटस्थ,फॉर्मूला वन,1
"सलामी जोड़ी ने साझेदारी नहीं बना सका, जिससे दल का आत्मविश्वास घटा।",नकारात्मक,क्रिकेट,0
"निर्णायक समय पर रक्षात्मक खिलाड़ी ने रणनीति में सुधार नहीं कर सका, जिससे जीत कठिन हुई।",नकारात्मक,बैडमिंटन,0
"दबाव के बीच युगल जोड़ी ने कठिन शटल नहीं लौटा सका, जिससे आत्मविश्वास घटा।",नकारात्मक,बैडमिंटन,0
"अंतिम रेडर ने लगातार अंक जुटाए, और विपक्षी दबाव में आया।",सकारात्मक,कबड्डी,2
"आज बल्लेबाज ने समय पर रणनीति बदली, और मुकाबला अपने पक्ष में झुक गया।",सकारात्मक,क्रिकेट,2
"आज रेस दल ने सही समय पर निर्णय लिया, और दौड़ का रुख बदला।",सकारात्मक,फॉर्मूला वन,2
"मध्य क्षेत्र ने गेंद पकड़ी, और अगला आक्रमण शुरू हुआ।",तटस्थ,फुटबॉल,1
"दबाव के बीच क्षेत्ररक्षक ने जल्दी विकेट गंवा बैठा, जिससे दल का आत्मविश्वास घटा।",नकारात्मक,क्रिकेट,0
"कप्तान ने शानदार गोल किया, जिससे दल का आत्मविश्वास बढ़ा।",सकारात्मक,फुटबॉल,2
"खिलाड़ी ने गलत समय पर आक्रमण किया, जिससे बढ़त कमजोर हुई।",नकारात्मक,बैडमिंटन,0
"निर्णायक समय पर क्षेत्ररक्षक ने एक ओवर पूरा किया, जिसके बाद दोनों दल अपनी योजना पर लौटे।",तटस्थ,क्रिकेट,1
"मुकाबले के इस चरण में पिट दल ने रणनीति पर चर्चा की, और दौड़ आगे बढ़ी।",तटस्थ,फॉर्मूला वन,1
"मुकाबले के इस चरण में रक्षापंक्ति ने आक्रमण को रोक दिया, और मुकाबला अपने पक्ष में झुक गया।",सकारात्मक,फुटबॉल,2
"दबाव के बीच रक्षक ने मैदान पर आने के बाद असर नहीं डाल सका, जिससे वापसी कठिन हुई।",नकारात्मक,फुटबॉल,0
"निर्णायक समय पर मुख्य रेडर ने लगातार अंक गंवाता रहा, और दर्शकों में निराशा फैल गई 😞।",नकारात्मक,कबड्डी,0
"मुकाबले के इस चरण में कप्तान ने कठिन बचाव किया, जिससे दल का आत्मविश्वास बढ़ा।",सकारात्मक,फुटबॉल,2
"मुकाबले के इस चरण में मध्य मैदान के खिलाड़ी ने लगातार दबाव बनाया, जिससे वापसी सफल हुई।",सकारात्मक,फुटबॉल,2
"मुकाबले के इस चरण में सहायक रक्षक ने अच्छा तालमेल दिखाया, और विपक्षी दबाव में आया।",सकारात्मक,कबड्डी,2
"आज सलामी जोड़ी ने क्रीज पर आया, और अगली गेंद खेली गई।",तटस्थ,क्रिकेट,1
"गोलकीपर ने गेंद खो दी, जिससे गोल का अवसर चला गया।",नकारात्मक,फुटबॉल,0
"दबाव के बीच रक्षात्मक खिलाड़ी ने नेट के पास दबाव बनाया, और मुकाबला अपने पक्ष में झुका।",सकारात्मक,बैडमिंटन,2
"दबाव के बीच कप्तान ने एक ओवर पूरा किया, जिसके बाद अगला ओवर शुरू हुआ।",तटस्थ,क्रिकेट,1
"आज क्षेत्ररक्षक ने देर से रणनीति बदली, जिससे जीत की संभावना कमजोर हुई।",नकारात्मक,क्रिकेट,0
"निर्णायक समय पर सलामी जोड़ी ने ढीली गेंदें डालता रहा, जिससे दल का आत्मविश्वास घटा।",नकारात्मक,क्रिकेट,0
"आज खिलाड़ी ने गलत समय पर आक्रमण किया, और वापसी का मौका कम हुआ।",नकारात्मक,बैडमिंटन,0
"आज रेडर ने तालमेल खो बैठा, जिससे बढ़त कमजोर हुई।",नकारात्मक,कबड्डी,0
"दबाव के बीच निर्णायक अंक पर खिलाड़ी ने रणनीति में सुधार नहीं कर सका, और वापसी का मौका कम हुआ।",नकारात्मक,बैडमिंटन,0
"मुख्य रेडर ने टैकल में चूक गया, जिससे जरूरी अंक गंवा।",नकारात्मक,कबड्डी,0
"निर्णायक समय पर पिछली पंक्ति का खिलाड़ी ने कठिन शटल लौटा दी, और मुकाबला अपने पक्ष में झुका।",सकारात्मक,बैडमिंटन,2
"आज रक्षक ने टैकल में चूक गया, जिससे जरूरी अंक गंवा।",नकारात्मक,कबड्डी,0
"दबाव के बीच रक्षापंक्ति ने अपनी जगह छोड़ दी, जिससे वापसी कठिन हुई।",नकारात्मक,फुटबॉल,0
"पिट दल ने अंतिम चरण में गति नहीं बढ़ा सका, जिससे स्थान गिरा।",नकारात्मक,फॉर्मूला वन,0
"निर्णायक समय पर रक्षापंक्ति ने आक्रमण को रोक दिया, जिससे बढ़त मजबूत हुई।",सकारात्मक,फुटबॉल,2
"आज चालक ने टायरों का सही उपयोग किया, जिससे समय का लाभ मिला।",सकारात्मक,फॉर्मूला वन,2
"मुकाबले के इस चरण में रक्षापंक्ति ने विपक्षी हमले को रोका, जिसके बाद खिलाड़ी अपनी जगह लौटे।",तटस्थ,फुटबॉल,1
"दबाव के बीच क्षेत्ररक्षक ने बीच के ओवरों में महंगा साबित हुआ, जिससे रन गति गिर गई।",नकारात्मक,क्रिकेट,0
"दबाव के बीच कप्तान ने अपनी जगह छोड़ दी, और विपक्षी को फायदा मिला।",नकारात्मक,फुटबॉल,0
"युगल जोड़ी ने गलत समय पर आक्रमण किया, जिससे निर्णायक अंक हाथ से गया।",नकारात्मक,बैडमिंटन,0
"मुकाबले के इस चरण में मध्य क्षेत्र ने समय पर बदलाव किया, और जीत की उम्मीद बढ़ी।",सकारात्मक,फुटबॉल,2
"पिट दल ने टायरों का सही उपयोग किया, और प्रशंसकों में उत्साह फैल गया 🏎️।",सकारात्मक,फॉर्मूला वन,2
"चालक ने दबाव में धैर्य रखा, जिससे पोडियम की संभावना बढ़ी।",सकारात्मक,फॉर्मूला वन,2
"दबाव के बीच युगल जोड़ी ने रैली जारी रखी, जिसके बाद अगली रैली शुरू हुई।",तटस्थ,बैडमिंटन,1
"मुकाबले के इस चरण में सलामी जोड़ी ने ढीली गेंदें डालता रहा, और रणनीति विफल रही।",नकारात्मक,क्रिकेट,0
"दबाव के बीच रक्षात्मक खिलाड़ी ने खाली जगह की ओर शटल भेजी, जिसके बाद दोनों खिलाड़ी अपनी जगह लौटे।",तटस्थ,बैडमिंटन,1
"दबाव के बीच रेडर ने बोनस का मौका गंवाया, और रणनीति विफल रही।",नकारात्मक,कबड्डी,0
"मुकाबले के इस चरण में मध्य खिलाड़ी ने विपक्षी क्षेत्र की ओर बढ़ा, और मुकाबला सामान्य गति से चला।",तटस्थ,कबड्डी,1
"दबाव के बीच आक्रामक दल ने अपनी जगह छोड़ दी, और विपक्षी को फायदा मिला।",नकारात्मक,फुटबॉल,0
"आज तेज गेंदबाज ने समय पर रणनीति बदली, जिससे रन गति सुधरी।",सकारात्मक,क्रिकेट,2
"आज रक्षा पंक्ति ने मैदान पर आते ही असर डाला, जिससे वापसी सफल हुई।",सकारात्मक,कबड्डी,2
"सलामी जोड़ी ने संयम से पारी संभाली, और दर्शकों में उत्साह फैल गया 😀।",सकारात्मक,क्रिकेट,2
"आज पिट दल ने रणनीति पर चर्चा की, जिसके बाद कार फिर ट्रैक पर आई।",तटस्थ,फॉर्मूला वन,1
"निर्णायक समय पर मध्य मैदान के खिलाड़ी ने मैदान में प्रवेश किया, और अगला आक्रमण शुरू हुआ।",तटस्थ,फुटबॉल,1
"दल ने रेडर को रोक नहीं पाया, जिससे बढ़त कमजोर हुई।",नकारात्मक,कबड्डी,0
"निर्णायक समय पर सलामी जोड़ी ने बीच के ओवरों में महंगा साबित हुआ, जिससे वापसी कठिन हुई।",नकारात्मक,क्रिकेट,0
"आज दौड़ दल ने टायरों का गलत उपयोग किया, जिससे पोडियम की संभावना घटी।",नकारात्मक,फॉर्मूला वन,0
"निर्णायक समय पर मध्य क्षेत्र ने आक्रमण को रोक दिया, और दर्शक खुशी से झूम उठे 😀।",सकारात्मक,फुटबॉल,2
"दबाव के बीच रक्षक ने तालमेल खो बैठा, जिससे बढ़त कमजोर हुई।",नकारात्मक,कबड्डी,0
"दबाव के बीच रक्षा पंक्ति ने तालमेल खो बैठा, जिससे जरूरी अंक गंवा।",नकारात्मक,कबड्डी,0
"दबाव के बीच दल ने विपक्षी क्षेत्र की ओर बढ़ा, जिसके बाद अगला अंक खेला गया।",तटस्थ,कबड्डी,1
"निर्णायक समय पर पिट दल ने अंतिम चरण में गति नहीं बढ़ा सका, जिससे समय का नुकसान हुआ।",नकारात्मक,फॉर्मूला वन,0
"आज विंगर ने गोल की ओर गेंद भेजी, और अगला आक्रमण शुरू हुआ।",तटस्थ,फुटबॉल,1
"मुकाबले के इस चरण में विकेटकीपर ने दबाव में सही शॉट चुना, जिससे रन गति सुधरी।",सकारात्मक,क्रिकेट,2
"निर्णायक समय पर मुख्य रेडर ने देर से बदलाव किया, जिससे जरूरी अंक गंवा।",नकारात्मक,कबड्डी,0
"दबाव के बीच दल ने विपक्षी क्षेत्र की ओर बढ़ा, जिसके बाद खिलाड़ी अपनी जगह लौटे।",तटस्थ,कबड्डी,1
"निर्णायक समय पर निचला क्रम ने दबाव में गलत शॉट चुना, जिससे रन गति गिर गई।",नकारात्मक,क्रिकेट,0
"दबाव के बीच कप्तान ने सटीक गेंदबाजी की, जिससे दल का आत्मविश्वास बढ़ा।",सकारात्मक,क्रिकेट,2
"निर्णायक समय पर चालक ने अपनी गति बनाए रखी, और दौड़ आगे बढ़ी।",तटस्थ,फॉर्मूला वन,1
"आज कार ने ट्रैक की स्थिति देखी, जिसके बाद अगला चरण शुरू हुआ।",तटस्थ,फॉर्मूला वन,1
"दबाव के बीच मुख्य रेडर ने रक्षा की स्थिति बनाई, और दोनों दल अगली चाल की तैयारी करने लगे।",तटस्थ,कबड्डी,1
"दबाव के बीच रक्षक ने मैदान पर आते ही असर डाला, और विपक्षी दबाव में आया।",सकारात्मक,कबड्डी,2
"गेंदबाज ने दबाव में गलत शॉट चुना, जिससे वापसी कठिन हुई।",नकारात्मक,क्रिकेट,0
"सर्विस करने वाले खिलाड़ी ने लंबी रैली जीती, जिससे बढ़त मजबूत हुई।",सकारात्मक,बैडमिंटन,2
"दबाव के बीच पिट दल ने तालमेल नहीं बना पाया, जिससे स्थान गिरा।",नकारात्मक,फॉर्मूला वन,0
"निर्णायक समय पर अंतिम रेडर ने देर से बदलाव किया, और मुकाबला हाथ से निकलने लगा।",नकारात्मक,कबड्डी,0
"आज रक्षात्मक खिलाड़ी ने कठिन शटल नहीं लौटा सका, और मुकाबला विपक्षी की ओर झुका।",नकारात्मक,बैडमिंटन,0
"तेज गेंदबाज ने अंतिम ओवरों में गति बढ़ाई, और रणनीति कामयाब रही।",सकारात्मक,क्रिकेट,2
"दबाव के बीच नेट खिलाड़ी ने लंबी रैली जीती, और दर्शकों ने तालियां बजाईं 👏।",सकारात्मक,बैडमिंटन,2
"मुकाबले के इस चरण में कप्तान ने टैकल में चूक गया, और रणनीति विफल रही।",नकारात्मक,कबड्डी,0
"चालक ने दौड़ की योजना पर काम किया, और मुकाबला सामान्य गति से चला।",तटस्थ,फॉर्मूला वन,1
"मुख्य रेडर ने मजबूत घेरा बनाया, और जीत की उम्मीद बढ़ी।",सकारात्मक,कबड्डी,2
"दबाव के बीच कप्तान ने देर से प्रतिक्रिया दी, जिससे आत्मविश्वास घटा।",नकारात्मक,बैडमिंटन,0
"निर्णायक समय पर तेज गेंदबाज ने अंतिम ओवरों में गति बढ़ाई, जिससे रन गति सुधरी।",सकारात्मक,क्रिकेट,2
"मुकाबले के इस चरण में कप्तान ने खाली जगह पहचानी, और वापसी सफल हुई।",सकारात्मक,बैडमिंटन,2
"रेस दल ने अंतिम चरण में गति नहीं बढ़ा सका, और दल का मनोबल गिरा।",नकारात्मक,फॉर्मूला वन,0
"आज स्पिनर ने क्षेत्ररक्षण में बदलाव किया, जिसके बाद दोनों दल अपनी योजना पर लौटे।",तटस्थ,क्रिकेट,1
"मुकाबले के इस चरण में कप्तान ने तालमेल खो दिया, और दर्शकों में निराशा फैल गई 😞।",नकारात्मक,फुटबॉल,0
"दबाव के बीच रक्षापंक्ति ने दबाव नहीं बना सका, और योजना विफल रही।",नकारात्मक,फुटबॉल,0
"मुकाबले के इस चरण में रक्षात्मक खिलाड़ी ने लंबी रैली जीती, और वापसी सफल हुई।",सकारात्मक,बैडमिंटन,2
"निर्णायक समय पर रक्षक ने मैदान में प्रवेश किया, जिसके बाद अगला अंक खेला गया।",तटस्थ,कबड्डी,1
"निर्णायक समय पर विंगर ने शानदार गोल किया, और विपक्षी दबाव में आया।",सकारात्मक,फुटबॉल,2
"मध्य मैदान के खिलाड़ी ने गलत पास दिया, और विपक्षी को फायदा मिला।",नकारात्मक,फुटबॉल,0
"आज गोलकीपर ने सही समय पर चुनौती नहीं दी, जिससे गोल का अवसर चला गया।",नकारात्मक,फुटबॉल,0
"आज स्थानापन्न खिलाड़ी ने तालमेल खो दिया, और मुकाबला हाथ से निकलने लगा।",नकारात्मक,फुटबॉल,0
"मुकाबले के इस चरण में कप्तान ने सफल रेड की, जिससे बढ़त मजबूत हुई।",सकारात्मक,कबड्डी,2
"निर्णायक समय पर मुख्य रेडर ने अगला अंक खेला, जिसके बाद अगला अंक खेला गया।",तटस्थ,कबड्डी,1
"मुकाबले के इस चरण में रणनीति दल ने दौड़ की योजना देखी, और दौड़ आगे बढ़ी।",तटस्थ,फॉर्मूला वन,1
"दबाव के बीच रक्षापंक्ति ने अपनी जगह छोड़ दी, और मुकाबला हाथ से निकलने लगा।",नकारात्मक,फुटबॉल,0
"निर्णायक अंक पर खिलाड़ी ने शटल आगे भेजी, और मुकाबला सामान्य गति से चला।",तटस्थ,बैडमिंटन,1
"टीम प्रबंधन ने दौड़ की योजना पर काम किया, और चालक ने अपनी स्थिति बनाए रखी।",तटस्थ,फॉर्मूला वन,1
"निर्णायक समय पर टायर दल ने अंतिम चरण में गति बढ़ाई, जिससे स्थान सुधरा।",सकारात्मक,फॉर्मूला वन,2
"मुकाबले के इस चरण में रक्षा पंक्ति ने निर्णायक अंक नहीं ले सका, जिससे बढ़त कमजोर हुई।",नकारात्मक,कबड्डी,0
"दबाव के बीच क्षेत्ररक्षक ने गेंद संभाली, और अगली गेंद खेली गई।",तटस्थ,क्रिकेट,1
"मुकाबले के इस चरण में अंतिम रेडर ने देर से बदलाव किया, और दर्शकों में निराशा फैल गई 😞।",नकारात्मक,कबड्डी,0
"दबाव के बीच रक्षक ने निर्णायक अंक लिया, जिससे बढ़त मजबूत हुई।",सकारात्मक,कबड्डी,2
"निर्णायक समय पर स्पिनर ने अंतिम ओवरों में गति बढ़ाई, और रणनीति कामयाब रही।",सकारात्मक,क्रिकेट,2
"मध्य खिलाड़ी ने रेडर को घेरने की कोशिश की, जिसके बाद अगला अंक खेला गया।",तटस्थ,कबड्डी,1
"आज मध्य मैदान के खिलाड़ी ने गलत पास दिया, और योजना विफल रही।",नकारात्मक,फुटबॉल,0
"आज क्षेत्ररक्षक ने गेंद संभाली, जिसके बाद दोनों दल अपनी योजना पर लौटे।",तटस्थ,क्रिकेट,1
"रेस दल ने लगातार अच्छा तालमेल रखा, जिससे जीत की उम्मीद बढ़ी।",सकारात्मक,फॉर्मूला वन,2
"मुकाबले के इस चरण में सर्विस करने वाले खिलाड़ी ने लंबी रैली जीती, जिससे आत्मविश्वास बढ़ा।",सकारात्मक,बैडमिंटन,2
"टायर दल ने तालमेल नहीं बना पाया, जिससे स्थान गिरा।",नकारात्मक,फॉर्मूला वन,0
"आज दौड़ दल ने शानदार ओवरटेक किया, और दल का मनोबल ऊंचा हुआ।",सकारात्मक,फॉर्मूला वन,2
"मुकाबले के इस चरण में मध्य मैदान के खिलाड़ी ने गेंद अपने पास रखी, जिसके बाद खिलाड़ी अपनी जगह लौटे।",तटस्थ,फुटबॉल,1
"मुकाबले के इस चरण में आक्रामक खिलाड़ी ने गलत समय पर आक्रमण किया, जिससे निर्णायक अंक हाथ से गया।",नकारात्मक,बैडमिंटन,0
"निर्णायक समय पर विकेटकीपर ने आसान मौका गंवा बैठा, और विपक्षी को बढ़त मिल गई।",नकारात्मक,क्रिकेट,0
"आक्रामक दल ने गेंद पर नियंत्रण रखा, और विपक्षी दबाव में आया।",सकारात्मक,फुटबॉल,2
"स्पिनर ने एक ओवर पूरा किया, जिसके बाद खेल आगे बढ़ा।",तटस्थ,क्रिकेट,1
"आज सलामी जोड़ी ने तेज प्रतिक्रिया से मौका बनाया, और मुकाबला अपने पक्ष में झुक गया।",सकारात्मक,क्रिकेट,2
"निर्णायक समय पर आक्रामक दल ने देर से बदलाव किया, जिससे आत्मविश्वास घटा।",नकारात्मक,फुटबॉल,0
"मुकाबले के इस चरण में रक्षात्मक खिलाड़ी ने सर्विस की, जिसके बाद अगली रैली शुरू हुई।",तटस्थ,बैडमिंटन,1
"खिलाड़ी ने लंबी रैली गंवा बैठा, जिससे बढ़त कमजोर हुई।",नकारात्मक,बैडमिंटन,0
"निर्णायक समय पर नेट खिलाड़ी ने अगला शॉट खेला, और खेल आगे बढ़ा।",तटस्थ,बैडमिंटन,1
"आज मध्य क्षेत्र ने देर से बदलाव किया, और विपक्षी को फायदा मिला।",नकारात्मक,फुटबॉल,0
"आज नेट खिलाड़ी ने अगले अंक की तैयारी की, जिसके बाद दोनों खिलाड़ी अपनी जगह लौटे।",तटस्थ,बैडमिंटन,1
"दबाव के बीच पिछली पंक्ति का खिलाड़ी ने बचाव की स्थिति ली, जिसके बाद सर्विस बदली गई।",तटस्थ,बैडमिंटन,1
"आज रेडर ने मैदान में प्रवेश किया, जिसके बाद अगला अंक खेला गया।",तटस्थ,कबड्डी,1
"तेज गेंदबाज ने महत्वपूर्ण विकेट लिया, और मुकाबला अपने पक्ष में झुक गया।",सकारात्मक,क्रिकेट,2
"खिलाड़ी ने नेट के पास दबाव बनाया, और प्रतिद्वंद्वी दबाव में आया।",सकारात्मक,बैडमिंटन,2
"मुकाबले के इस चरण में कार ने टायर बदलने में देरी की, और प्रतिद्वंद्वी को फायदा मिला।",नकारात्मक,फॉर्मूला वन,0
"दबाव के बीच गेंदबाज ने बीच के ओवरों में महंगा साबित हुआ, और रणनीति विफल रही।",नकारात्मक,क्रिकेट,0
"निर्णायक समय पर एकल खिलाड़ी ने गलत समय पर आक्रमण किया, जिससे बढ़त कमजोर हुई।",नकारात्मक,बैडमिंटन,0
"आज मध्य क्षेत्र ने कठिन बचाव किया, और विपक्षी दबाव में आया।",सकारात्मक,फुटबॉल,2
"निर्णायक समय पर निर्णायक अंक पर खिलाड़ी ने सटीक स्मैश लगाया, और प्रतिद्वंद्वी दबाव में आया।",सकारात्मक,बैडमिंटन,2
"दबाव के बीच इंजीनियर ने ट्रैक की स्थिति देखी, और चालक ने अपनी स्थिति बनाए रखी।",तटस्थ,फॉर्मूला वन,1
"मुकाबले के इस चरण में मध्य खिलाड़ी ने मैदान पर आते ही असर डाला, और मुकाबला अपने पक्ष में झुका।",सकारात्मक,कबड्डी,2
"दबाव के बीच पिछली पंक्ति का खिलाड़ी ने कठिन शटल नहीं लौटा सका, जिससे निर्णायक अंक हाथ से गया।",नकारात्मक,बैडमिंटन,0
"दबाव के बीच मध्यक्रम ने साझेदारी नहीं बना सका, और दर्शकों में निराशा फैल गई 😞।",नकारात्मक,क्रिकेट,0
"निर्णायक समय पर रक्षक ने आक्रमण को रोक दिया, और विपक्षी दबाव में आया।",सकारात्मक,फुटबॉल,2
"आज मध्य खिलाड़ी ने बोनस का मौका गंवाया, जिससे वापसी कठिन हुई।",नकारात्मक,कबड्डी,0
"निर्णायक समय पर मध्यक्रम ने कठिन गेंदों पर नियंत्रण रखा, जिससे रन गति सुधरी।",सकारात्मक,क्रिकेट,2
"मुकाबले के इस चरण में निर्णायक अंक पर खिलाड़ी ने गलत समय पर आक्रमण किया, और प्रतिद्वंद्वी दबाव में नहीं आया।",नकारात्मक,बैडमिंटन,0
"निर्णायक समय पर खिलाड़ी ने खाली जगह की ओर शटल भेजी, और अगला अंक खेला गया।",तटस्थ,बैडमिंटन,1
"दबाव के बीच विकेटकीपर ने आसान मौका गंवा बैठा, और रणनीति विफल रही।",नकारात्मक,क्रिकेट,0
"दबाव के बीच अंतिम रेडर ने रेडर को रोक नहीं पाया, और रणनीति विफल रही।",नकारात्मक,कबड्डी,0
"मुकाबले के इस चरण में आक्रामक दल ने सही समय पर चुनौती दी, जिससे दल का आत्मविश्वास बढ़ा।",सकारात्मक,फुटबॉल,2
"दबाव के बीच बल्लेबाज ने अंतिम ओवरों में गति बढ़ाई, जिससे वापसी सफल हुई।",सकारात्मक,क्रिकेट,2
"मुकाबले के इस चरण में स्थानापन्न खिलाड़ी ने मैदान पर आते ही असर डाला, और मुकाबला अपने पक्ष में झुका।",सकारात्मक,कबड्डी,2
"दबाव के बीच गेंदबाज ने तेज प्रतिक्रिया से मौका बनाया, जिससे रन गति सुधरी।",सकारात्मक,क्रिकेट,2
"मुकाबले के इस चरण में स्पिनर ने साझेदारी नहीं बना सका, और विपक्षी को बढ़त मिल गई।",नकारात्मक,क्रिकेट,0
"दबाव के बीच विंगर ने शानदार गोल किया, और विपक्षी दबाव में आया।",सकारात्मक,फुटबॉल,2
"निर्णायक समय पर गोलकीपर ने आसान मौका गंवाया, और विपक्षी को फायदा मिला।",नकारात्मक,फुटबॉल,0
"आज युगल जोड़ी ने नेट के पास अंक गंवा दिया, और मुकाबला विपक्षी की ओर झुका।",नकारात्मक,बैडमिंटन,0
"दबाव के बीच रक्षा पंक्ति ने मैदान में प्रवेश किया, और दोनों दल अगली चाल की तैयारी करने लगे।",तटस्थ,कबड्डी,1
"युगल जोड़ी ने लंबी रैली जीती, और वापसी सफल हुई।",सकारात्मक,बैडमिंटन,2
"दबाव के बीच स्थानापन्न खिलाड़ी ने निर्देश दिया, और खेल आगे बढ़ा।",तटस्थ,कबड्डी,1
"आज कप्तान ने सर्विस पर नियंत्रण खो बैठा, जिससे जीत कठिन हुई।",नकारात्मक,बैडमिंटन,0
"मुकाबले के इस चरण में दल ने लगातार अंक गंवाता रहा, और दर्शकों में निराशा फैल गई 😞।",नकारात्मक,कबड्डी,0
"कप्तान ने अगला अंक खेला, जिसके बाद अगला अंक खेला गया।",तटस्थ,कबड्डी,1
"दबाव के बीच सहायक रक्षक ने मिलकर रेडर को रोका, और दर्शक खुशी से झूम उठे 😀।",सकारात्मक,कबड्डी,2
"आज टीम प्रबंधन ने अगले बदलाव की तैयारी की, और दौड़ आगे बढ़ी।",तटस्थ,फॉर्मूला वन,1
"निर्णायक समय पर युगल जोड़ी ने रणनीति में सुधार नहीं कर सका, और प्रतिद्वंद्वी दबाव में नहीं आया।",नकारात्मक,बैडमिंटन,0
"रेस दल ने अपनी गति बनाए रखी, जिसके बाद अगला चक्कर शुरू हुआ।",तटस्थ,फॉर्मूला वन,1
"निर्णायक समय पर स्थानापन्न खिलाड़ी ने मैदान पर आते ही असर डाला, जिससे बढ़त मजबूत हुई।",सकारात्मक,फुटबॉल,2
"चालक ने अगले बदलाव की तैयारी की, जिसके बाद कार फिर ट्रैक पर आई।",तटस्थ,फॉर्मूला वन,1
"मुकाबले के इस चरण में स्थानापन्न खिलाड़ी ने घेरा टूटने दिया, और रणनीति विफल रही।",नकारात्मक,कबड्डी,0
"मुकाबले के इस चरण में इंजीनियर ने एक चक्कर पूरा किया, जिसके बाद अगला चक्कर शुरू हुआ।",तटस्थ,फॉर्मूला वन,1
"मुकाबले के इस चरण में मध्य खिलाड़ी ने अगला अंक खेला, और दोनों दल अगली चाल की तैयारी करने लगे।",तटस्थ,कबड्डी,1
"मुकाबले के इस चरण में निचला क्रम ने अगला ओवर शुरू किया, जिसके बाद खेल आगे बढ़ा।",तटस्थ,क्रिकेट,1
"युगल जोड़ी ने नेट पर शटल रोकी, और खेल आगे बढ़ा।",तटस्थ,बैडमिंटन,1
"निर्णायक समय पर टायर दल ने अगले बदलाव की तैयारी की, और मुकाबला सामान्य गति से चला।",तटस्थ,फॉर्मूला वन,1
"निर्णायक समय पर कप्तान ने सर्विस की, जिसके बाद दोनों खिलाड़ी अपनी जगह लौटे।",तटस्थ,बैडमिंटन,1
"मुकाबले के इस चरण में सर्विस करने वाला खिलाड़ी ने रणनीति में सुधार नहीं कर सका, और दर्शकों में निराशा फैल गई 😞।",नकारात्मक,बैडमिंटन,0
"रणनीति दल ने टायर बदले, और चालक ने अपनी स्थिति बनाए रखी।",तटस्थ,फॉर्मूला वन,1
"मुकाबले के इस चरण में मुख्य रेडर ने लगातार अंक जुटाए, जिससे जरूरी अंक मिला।",सकारात्मक,कबड्डी,2
"आज कप्तान ने कठिन शटल नहीं लौटा सका, और मुकाबला विपक्षी की ओर झुका।",नकारात्मक,बैडमिंटन,0
"आज तेज गेंदबाज ने तेज प्रतिक्रिया से मौका बनाया, जिससे वापसी सफल हुई।",सकारात्मक,क्रिकेट,2
"दबाव के बीच रक्षक ने घेरा टूटने दिया, जिससे दल का आत्मविश्वास घटा।",नकारात्मक,कबड्डी,0
"आज युगल जोड़ी ने मजबूत बचाव किया, और प्रतिद्वंद्वी दबाव में आया।",सकारात्मक,बैडमिंटन,2
"दबाव के बीच रेडर ने देर से बदलाव किया, और विपक्षी दबाव में नहीं आया।",नकारात्मक,कबड्डी,0
"आज एकल खिलाड़ी ने खाली जगह नहीं पहचान पाया, जिससे आत्मविश्वास घटा।",नकारात्मक,बैडमिंटन,0
"दबाव के बीच रक्षात्मक खिलाड़ी ने बचाव में चूक गया, जिससे जीत कठिन हुई।",नकारात्मक,बैडमिंटन,0
"दबाव के बीच विंगर ने एक बदलाव किया, और दोनों दल रणनीति पर काम करते रहे।",तटस्थ,फुटबॉल,1
"मुकाबले के इस चरण में निचला क्रम ने बीच के ओवरों में दबाव बनाए रखा, जिससे दल का आत्मविश्वास बढ़ा।",सकारात्मक,क्रिकेट,2
"मुकाबले के इस चरण में रक्षक ने आसान मौका गंवाया, और दर्शकों में निराशा फैल गई 😞।",नकारात्मक,फुटबॉल,0
"आज गोलकीपर ने आसान मौका गंवाया, जिससे बढ़त कमजोर हुई।",नकारात्मक,फुटबॉल,0
"दबाव के बीच रक्षा पंक्ति ने सही समय पर बोनस लिया, और दर्शक खुशी से झूम उठे 😀।",सकारात्मक,कबड्डी,2
"दबाव के बीच अंतिम रेडर ने मजबूत घेरा बनाया, और मुकाबला अपने पक्ष में झुका।",सकारात्मक,कबड्डी,2
"निर्णायक समय पर सलामी जोड़ी ने समय पर रणनीति बदली, और मुकाबला अपने पक्ष में झुक गया।",सकारात्मक,क्रिकेट,2
"आज आक्रामक खिलाड़ी ने रणनीति पर चर्चा की, और अगला अंक खेला गया।",तटस्थ,बैडमिंटन,1
"आज मुख्य चालक ने दौड़ की योजना देखी, जिसके बाद अगला चक्कर शुरू हुआ।",तटस्थ,फॉर्मूला वन,1
"दबाव के बीच कप्तान ने तालमेल खो बैठा, और दर्शकों में निराशा फैल गई 😞।",नकारात्मक,कबड्डी,0
"निर्णायक समय पर मध्यक्रम ने मजबूत साझेदारी बनाई, जिससे दल का आत्मविश्वास बढ़ा।",सकारात्मक,क्रिकेट,2
"दबाव के बीच एकल खिलाड़ी ने नेट के पास अंक गंवा दिया, और दर्शकों में निराशा फैल गई 😞।",नकारात्मक,बैडमिंटन,0
"आक्रामक दल ने गेंद पकड़ी, और दोनों दल रणनीति पर काम करते रहे।",तटस्थ,फुटबॉल,1
"आज कप्तान ने बीच के ओवर में गेंदबाजी की, जिसके बाद दोनों दल अपनी योजना पर लौटे।",तटस्थ,क्रिकेट,1
"एकल खिलाड़ी ने रैली जारी रखी, जिसके बाद अगली रैली शुरू हुई।",तटस्थ,बैडमिंटन,1
"निर्णायक समय पर आक्रामक दल ने गेंद पकड़ी, और दोनों दल रणनीति पर काम करते रहे।",तटस्थ,फुटबॉल,1
"दबाव के बीच इंजीनियर ने अंतिम चरण में गति बढ़ाई, और प्रशंसकों में उत्साह फैल गया 🏎️।",सकारात्मक,फॉर्मूला वन,2
"आज निचला क्रम ने बीच के ओवर में गेंदबाजी की, जिसके बाद दोनों दल अपनी योजना पर लौटे।",तटस्थ,क्रिकेट,1
"आज रेस दल ने टायरों का सही उपयोग किया, जिससे पोडियम की संभावना बढ़ी।",सकारात्मक,फॉर्मूला वन,2
"निर्णायक समय पर हमलावर ने अपनी जगह संभाली, जिसके बाद खिलाड़ी अपनी जगह लौटे।",तटस्थ,फुटबॉल,1
"मुकाबले के इस चरण में आक्रामक दल ने आक्रमण शुरू किया, जिसके बाद गेंद फिर मध्य क्षेत्र में गई।",तटस्थ,फुटबॉल,1
"मुकाबले के इस चरण में सहायक रक्षक ने रेडर को घेरने की कोशिश की, जिसके बाद खिलाड़ी अपनी जगह लौटे।",तटस्थ,कबड्डी,1
"आज सहायक रक्षक ने मजबूत घेरा बनाया, और दर्शक खुशी से झूम उठे 😀।",सकारात्मक,कबड्डी,2
"मुकाबले के इस चरण में कप्तान ने मजबूत घेरा बनाया, और जीत की उम्मीद बढ़ी।",सकारात्मक,कबड्डी,2
"टायर दल ने अंतिम चरण में गति नहीं बढ़ा सका, जिससे स्थान गिरा।",नकारात्मक,फॉर्मूला वन,0
"आज रक्षक ने अपनी जगह संभाली, जिसके बाद खिलाड़ी अपनी जगह लौटे।",तटस्थ,फुटबॉल,1
"निर्णायक समय पर आक्रामक दल ने गोल की ओर गेंद भेजी, जिसके बाद खेल आगे बढ़ा।",तटस्थ,फुटबॉल,1
"मुकाबले के इस चरण में रणनीति दल ने एक चक्कर पूरा किया, जिसके बाद अगला चरण शुरू हुआ।",तटस्थ,फॉर्मूला वन,1
"मुकाबले के इस चरण में इंजीनियर ने आंकड़ों की समीक्षा की, और दौड़ आगे बढ़ी।",तटस्थ,फॉर्मूला वन,1
"इंजीनियर ने ट्रैक की स्थिति देखी, जिसके बाद अगला चक्कर शुरू हुआ।",तटस्थ,फॉर्मूला वन,1
"मुकाबले के इस चरण में कार ने अगले बदलाव की तैयारी की, जिसके बाद अगला चक्कर शुरू हुआ।",तटस्थ,फॉर्मूला वन,1
"दौड़ दल ने सही समय पर निर्णय लिया, जिससे समय का लाभ मिला।",सकारात्मक,फॉर्मूला वन,2
"आज रक्षक ने मैदान में प्रवेश किया, जिसके बाद खेल आगे बढ़ा।",तटस्थ,फुटबॉल,1
"कार ने लगातार अच्छा तालमेल रखा, और प्रतिद्वंद्वी दबाव में आया।",सकारात्मक,फॉर्मूला वन,2
"अंतिम रेडर ने निर्णायक अंक नहीं ले सका, और रणनीति विफल रही।",नकारात्मक,कबड्डी,0
"निर्णायक समय पर स्थानापन्न खिलाड़ी ने बिना अंक लौट आया, और रणनीति विफल रही।",नकारात्मक,कबड्डी,0
"दबाव के बीच आक्रामक दल ने गेंद अपने पास रखी, और दोनों दल रणनीति पर काम करते रहे।",तटस्थ,फुटबॉल,1
"मुकाबले के इस चरण में क्षेत्ररक्षक ने अगली गेंद का सामना किया, जिसके बाद खेल आगे बढ़ा।",तटस्थ,क्रिकेट,1
"मुकाबले के इस चरण में स्पिनर ने दबाव में गलत शॉट चुना, और दर्शकों में निराशा फैल गई 😞।",नकारात्मक,क्रिकेट,0
"दबाव के बीच कप्तान ने समय पर बदलाव किया, जिससे दल का आत्मविश्वास बढ़ा।",सकारात्मक,कबड्डी,2
"आज गोलकीपर ने आक्रमण शुरू किया, और दोनों दल रणनीति पर काम करते रहे।",तटस्थ,फुटबॉल,1
"मुकाबले के इस चरण में तेज गेंदबाज ने देर से रणनीति बदली, जिससे वापसी कठिन हुई।",नकारात्मक,क्रिकेट,0
"मुकाबले के इस चरण में बल्लेबाज ने गेंद संभाली, और अगली गेंद खेली गई।",तटस्थ,क्रिकेट,1
"निर्णायक समय पर रक्षक ने मिलकर रेडर को रोका, जिससे वापसी सफल हुई।",सकारात्मक,कबड्डी,2
"मुकाबले के इस चरण में क्षेत्ररक्षक ने गेंद संभाली, और मुकाबला सामान्य गति से चलता रहा।",तटस्थ,क्रिकेट,1
"निर्णायक समय पर तेज गेंदबाज ने कठिन गेंदों पर नियंत्रण रखा, और दर्शकों में उत्साह फैल गया 😀।",सकारात्मक,क्रिकेट,2
"आज टीम प्रबंधन ने टायर बदले, जिसके बाद अगला चक्कर शुरू हुआ।",तटस्थ,फॉर्मूला वन,1
"मुकाबले के इस चरण में तेज गेंदबाज ने अंतिम ओवरों में गति बढ़ाई, जिससे रन गति सुधरी।",सकारात्मक,क्रिकेट,2
"रक्षात्मक खिलाड़ी ने कठिन शटल लौटा दी, जिससे आत्मविश्वास बढ़ा।",सकारात्मक,बैडमिंटन,2
"मुकाबले के इस चरण में कप्तान ने पारी शुरू की, जिसके बाद दोनों दल अपनी योजना पर लौटे।",तटस्थ,क्रिकेट,1
"आज आक्रामक खिलाड़ी ने रणनीति में अच्छा बदलाव किया, जिससे आत्मविश्वास बढ़ा।",सकारात्मक,बैडमिंटन,2
"आज गोलकीपर ने गेंद खो दी, और विपक्षी को फायदा मिला।",नकारात्मक,फुटबॉल,0
"मुकाबले के इस चरण में दौड़ दल ने आंकड़ों की समीक्षा की, और चालक ने अपनी स्थिति बनाए रखी।",तटस्थ,फॉर्मूला वन,1
"मुकाबले के इस चरण में अंतिम रेडर ने रेडर को घेरने की कोशिश की, और खेल आगे बढ़ा।",तटस्थ,कबड्डी,1
"दबाव के बीच हमलावर ने बचाव में चूक गया, और मुकाबला हाथ से निकलने लगा।",नकारात्मक,फुटबॉल,0
"दबाव के बीच युगल जोड़ी ने सर्विस की, जिसके बाद अगली रैली शुरू हुई।",तटस्थ,बैडमिंटन,1
"आज इंजीनियर ने तेज बदलाव किया, जिससे समय का लाभ मिला।",सकारात्मक,फॉर्मूला वन,2
"आज मध्य क्षेत्र ने सटीक पास दिया, और जीत की उम्मीद बढ़ी।",सकारात्मक,फुटबॉल,2
"मुकाबले के इस चरण में सर्विस करने वाला खिलाड़ी ने कठिन शटल नहीं लौटा सका, जिससे जीत कठिन हुई।",नकारात्मक,बैडमिंटन,0
"चालक ने दौड़ की योजना देखी, जिसके बाद अगला चरण शुरू हुआ।",तटस्थ,फॉर्मूला वन,1
"दबाव के बीच कप्तान ने लगातार अंक गंवाता रहा, और मुकाबला हाथ से निकलने लगा।",नकारात्मक,कबड्डी,0
"मुकाबले के इस चरण में स्थानापन्न खिलाड़ी ने टैकल में चूक गया, जिससे दल का आत्मविश्वास घटा।",नकारात्मक,कबड्डी,0
"मुकाबले के इस चरण में निर्णायक अंक पर खिलाड़ी ने नेट पर शटल रोकी, और अगला अंक खेला गया।",तटस्थ,बैडमिंटन,1
"रक्षक ने अपनी जगह संभाली, और दोनों दल अगली चाल की तैयारी करने लगे।",तटस्थ,कबड्डी,1
"रक्षापंक्ति ने सही समय पर चुनौती नहीं दी, और मुकाबला हाथ से निकलने लगा।",नकारात्मक,फुटबॉल,0
"मुकाबले के इस चरण में रेस दल ने अंतिम चरण में गति बढ़ाई, और प्रशंसकों में उत्साह फैल गया 🏎️।",सकारात्मक,फॉर्मूला वन,2
"दबाव के बीच विंगर ने आक्रमण शुरू किया, जिसके बाद खेल आगे बढ़ा।",तटस्थ,फुटबॉल,1
"मुकाबले के इस चरण में चालक ने आंकड़ों की समीक्षा की, जिसके बाद अगला चक्कर शुरू हुआ।",तटस्थ,फॉर्मूला वन,1
"दबाव के बीच अंतिम रेडर ने रक्षा की स्थिति बनाई, और मुकाबला सामान्य गति से चला।",तटस्थ,कबड्डी,1
"विंगर ने बचाव में चूक गया, और विपक्षी को फायदा मिला।",नकारात्मक,फुटबॉल,0
"निर्णायक समय पर कप्तान ने बिना अंक लौट आया, और मुकाबला हाथ से निकलने लगा।",नकारात्मक,कबड्डी,0
"दबाव के बीच रेडर ने मैदान में प्रवेश किया, और दोनों दल अगली चाल की तैयारी करने लगे।",तटस्थ,कबड्डी,1
"कप्तान ने सर्विस पर नियंत्रण रखा, जिससे आत्मविश्वास बढ़ा।",सकारात्मक,बैडमिंटन,2
"आज मध्यक्रम ने साझेदारी नहीं बना सका, और मुकाबला हाथ से निकलने लगा।",नकारात्मक,क्रिकेट,0
"मुकाबले के इस चरण में इंजीनियर ने मोड़ पार किया, और चालक ने अपनी स्थिति बनाए रखी।",तटस्थ,फॉर्मूला वन,1
"निचला क्रम ने अंतिम ओवरों में गति बढ़ाई, और मुकाबला अपने पक्ष में झुक गया।",सकारात्मक,क्रिकेट,2
"दबाव के बीच मुख्य रेडर ने अच्छा तालमेल दिखाया, और दर्शक खुशी से झूम उठे 😀।",सकारात्मक,कबड्डी,2
"रेस दल ने लगातार अच्छा तालमेल रखा, और प्रशंसकों में उत्साह फैल गया 🏎️।",सकारात्मक,फॉर्मूला वन,2
"निर्णायक समय पर रेडर ने मिलकर रेडर को रोका, जिससे जरूरी अंक मिला।",सकारात्मक,कबड्डी,2
"मुकाबले के इस चरण में क्षेत्ररक्षक ने दबाव में सही शॉट चुना, जिससे वापसी सफल हुई।",सकारात्मक,क्रिकेट,2
"मुकाबले के इस चरण में रेस दल ने रणनीति पर चर्चा की, जिसके बाद कार फिर ट्रैक पर आई।",तटस्थ,फॉर्मूला वन,1
"निर्णायक समय पर विकेटकीपर ने मजबूत साझेदारी बनाई, और विपक्षी दबाव में आ गया।",सकारात्मक,क्रिकेट,2
"निर्णायक समय पर टायर दल ने टायर बदले, और चालक ने अपनी स्थिति बनाए रखी।",तटस्थ,फॉर्मूला वन,1
"कप्तान ने गलत समय पर आक्रमण किया, और प्रतिद्वंद्वी दबाव में नहीं आया।",नकारात्मक,बैडमिंटन,0
"दबाव के बीच कप्तान ने बचाव की स्थिति ली, जिसके बाद सर्विस बदली गई।",तटस्थ,बैडमिंटन,1
"मुकाबले के इस चरण में तेज गेंदबाज ने बीच के ओवरों में दबाव बनाए रखा, जिससे दल का आत्मविश्वास बढ़ा।",सकारात्मक,क्रिकेट,2
"बल्लेबाज ने एक ओवर पूरा किया, और अगली गेंद खेली गई।",तटस्थ,क्रिकेट,1
"दबाव के बीच मध्य खिलाड़ी ने लगातार अंक गंवाता रहा, और मुकाबला हाथ से निकलने लगा।",नकारात्मक,कबड्डी,0
"मुकाबले के इस चरण में बल्लेबाज ने बीच के ओवरों में दबाव बनाए रखा, जिससे दल का आत्मविश्वास बढ़ा।",सकारात्मक,क्रिकेट,2
"दबाव के बीच बल्लेबाज ने पारी शुरू की, जिसके बाद अगला ओवर शुरू हुआ।",तटस्थ,क्रिकेट,1
"दबाव के बीच कप्तान ने जल्दी विकेट गंवा बैठा, और दर्शकों में निराशा फैल गई 😞।",नकारात्मक,क्रिकेट,0
"रणनीति दल ने एक चक्कर पूरा किया, जिसके बाद अगला चरण शुरू हुआ।",तटस्थ,फॉर्मूला वन,1
"मुकाबले के इस चरण में रक्षापंक्ति ने एक बदलाव किया, और अगला आक्रमण शुरू हुआ।",तटस्थ,फुटबॉल,1
"दबाव के बीच टीम प्रबंधन ने मोड़ पार किया, जिसके बाद अगला चरण शुरू हुआ।",तटस्थ,फॉर्मूला वन,1
"निर्णायक समय पर मुख्य चालक ने ओवरटेक का मौका गंवाया, जिससे स्थान गिरा।",नकारात्मक,फॉर्मूला वन,0
"दबाव के बीच सर्विस करने वाला खिलाड़ी ने सर्विस की, और खेल आगे बढ़ा।",तटस्थ,बैडमिंटन,1
"आज इंजीनियर ने अंतिम चरण में गति नहीं बढ़ा सका, और दौड़ का रुख बिगड़ा।",नकारात्मक,फॉर्मूला वन,0
"निर्णायक समय पर कप्तान ने रेडर को रोक नहीं पाया, जिससे वापसी कठिन हुई।",नकारात्मक,कबड्डी,0
"विंगर ने मैदान में प्रवेश किया, और दोनों दल रणनीति पर काम करते रहे।",तटस्थ,फुटबॉल,1
"दबाव के बीच तेज गेंदबाज ने संयम से पारी संभाली, और विपक्षी दबाव में आ गया।",सकारात्मक,क्रिकेट,2
"दबाव के बीच गोलकीपर ने अपनी जगह छोड़ दी, और योजना विफल रही।",नकारात्मक,फुटबॉल,0
"आज सहायक रक्षक ने रेडर को रोक नहीं पाया, और दर्शकों में निराशा फैल गई 😞।",नकारात्मक,कबड्डी,0
"निर्णायक समय पर क्षेत्ररक्षक ने बीच के ओवरों में दबाव बनाए रखा, जिससे वापसी सफल हुई।",सकारात्मक,क्रिकेट,2
"दबाव के बीच रक्षात्मक खिलाड़ी ने पीछे से प्रहार किया, जिसके बाद अगली रैली शुरू हुई।",तटस्थ,बैडमिंटन,1
"मुकाबले के इस चरण में सर्विस करने वाले खिलाड़ी ने रणनीति में अच्छा बदलाव किया, जिससे निर्णायक अंक मिला।",सकारात्मक,बैडमिंटन,2
"निर्णायक समय पर कार ने मोड़ पर नियंत्रण रखा, और दल का मनोबल ऊंचा हुआ।",सकारात्मक,फॉर्मूला वन,2
"मुकाबले के इस चरण में पिछली पंक्ति का खिलाड़ी ने रणनीति पर चर्चा की, और अगला अंक खेला गया।",तटस्थ,बैडमिंटन,1
"निर्णायक समय पर कप्तान ने लंबी रैली गंवा बैठा, और दर्शकों में निराशा फैल गई 😞।",नकारात्मक,बैडमिंटन,0
"मुकाबले के इस चरण में स्पिनर ने जरूरी विकेट नहीं ले सका, जिससे रन गति गिर गई।",नकारात्मक,क्रिकेट,0
"दबाव के बीच कप्तान ने लगातार अंक जुटाए, और मुकाबला अपने पक्ष में झुका।",सकारात्मक,कबड्डी,2
"निर्णायक समय पर रक्षक ने मैदान पर आते ही असर डाला, जिससे बढ़त मजबूत हुई।",सकारात्मक,कबड्डी,2
"निर्णायक समय पर रेस दल ने अंतिम चरण में गति बढ़ाई, और दौड़ का रुख बदला।",सकारात्मक,फॉर्मूला वन,2
"आज मध्यक्रम ने अगला ओवर शुरू किया, और अगली गेंद खेली गई।",तटस्थ,क्रिकेट,1
"दबाव के बीच कप्तान ने दबाव में सही शॉट चुना, जिससे वापसी सफल हुई।",सकारात्मक,क्रिकेट,2
"निर्णायक समय पर कप्तान ने जल्दी विकेट गंवा बैठा, जिससे रन गति गिर गई।",नकारात्मक,क्रिकेट,0
"हमलावर ने अपनी जगह संभाली, जिसके बाद खेल आगे बढ़ा।",तटस्थ,फुटबॉल,1
"निर्णायक समय पर आक्रामक खिलाड़ी ने शटल आगे भेजी, और खेल आगे बढ़ा।",तटस्थ,बैडमिंटन,1
"निर्णायक समय पर निचला क्रम ने संयम से पारी संभाली, जिससे रन गति सुधरी।",सकारात्मक,क्रिकेट,2
"दबाव के बीच दल ने विपक्षी क्षेत्र की ओर बढ़ा, और दोनों दल अगली चाल की तैयारी करने लगे।",तटस्थ,कबड्डी,1
"दबाव के बीच दल ने निर्णायक अंक लिया, और विपक्षी दबाव में आया।",सकारात्मक,कबड्डी,2
"मुकाबले के इस चरण में पिछली पंक्ति का खिलाड़ी ने लंबी रैली गंवा बैठा, जिससे बढ़त कमजोर हुई।",नकारात्मक,बैडमिंटन,0
"कप्तान ने तालमेल बनाया, जिसके बाद अगली रेड शुरू हुई।",तटस्थ,कबड्डी,1
"निर्णायक समय पर दौड़ दल ने सही रणनीति चुनी, जिससे जीत की उम्मीद बढ़ी।",सकारात्मक,फॉर्मूला वन,2
"दबाव के बीच गेंदबाज ने अंतिम ओवरों में नियंत्रण खो बैठा, जिससे जीत की संभावना कमजोर हुई।",नकारात्मक,क्रिकेट,0
"दबाव के बीच कप्तान ने सफल रेड की, जिससे दल का आत्मविश्वास बढ़ा।",सकारात्मक,कबड्डी,2
"आज एकल खिलाड़ी ने कठिन शटल लौटा दी, और मुकाबला अपने पक्ष में झुका।",सकारात्मक,बैडमिंटन,2
"दबाव के बीच कप्तान ने मैदान पर आने के बाद असर नहीं डाल सका, और रणनीति विफल रही।",नकारात्मक,कबड्डी,0
"इंजीनियर ने अगले बदलाव की तैयारी की, जिसके बाद अगला चक्कर शुरू हुआ।",तटस्थ,फॉर्मूला वन,1
"निर्णायक समय पर मुख्य रेडर ने देर से बदलाव किया, और विपक्षी दबाव में नहीं आया।",नकारात्मक,कबड्डी,0
"निर्णायक समय पर रक्षात्मक खिलाड़ी ने कठिन शटल नहीं लौटा सका, जिससे निर्णायक अंक हाथ से गया।",नकारात्मक,बैडमिंटन,0
"मुकाबले के इस चरण में युगल जोड़ी ने खाली जगह पहचानी, और वापसी सफल हुई।",सकारात्मक,बैडमिंटन,2
"निर्णायक समय पर चालक ने शानदार ओवरटेक किया, जिससे स्थान सुधरा।",सकारात्मक,फॉर्मूला वन,2
"दबाव के बीच कार ने देर से निर्णय लिया, और प्रतिद्वंद्वी को फायदा मिला।",नकारात्मक,फॉर्मूला वन,0
"दबाव के बीच स्पिनर ने दबाव में गलत शॉट चुना, जिससे वापसी कठिन हुई।",नकारात्मक,क्रिकेट,0
"दबाव के बीच सहायक रक्षक ने सही समय पर बोनस लिया, और जीत की उम्मीद बढ़ी।",सकारात्मक,कबड्डी,2
"युगल जोड़ी ने मजबूत बचाव किया, जिससे आत्मविश्वास बढ़ा।",सकारात्मक,बैडमिंटन,2
"मुकाबले के इस चरण में कप्तान ने गेंद संभाली, और पारी अपने क्रम में आगे बढ़ी।",तटस्थ,क्रिकेट,1
"मुकाबले के इस चरण में एकल खिलाड़ी ने नेट के पास दबाव बनाया, जिससे बढ़त मजबूत हुई।",सकारात्मक,बैडमिंटन,2
"मुकाबले के इस चरण में पिट दल ने तेज सेवा दी, जिससे स्थान सुधरा।",सकारात्मक,फॉर्मूला वन,2
"आज युगल जोड़ी ने पीछे से प्रहार किया, और अगला अंक खेला गया।",तटस्थ,बैडमिंटन,1
"इंजीनियर ने देर से निर्णय लिया, और दल का मनोबल गिरा।",नकारात्मक,फॉर्मूला वन,0
"निर्णायक समय पर कप्तान ने नेट के पास अंक गंवा दिया, जिससे निर्णायक अंक हाथ से गया।",नकारात्मक,बैडमिंटन,0
"दबाव के बीच स्थानापन्न खिलाड़ी ने रक्षा की स्थिति बनाई, जिसके बाद खिलाड़ी अपनी जगह लौटे।",तटस्थ,कबड्डी,1
"निर्णायक समय पर कप्तान ने गेंद अपने पास रखी, जिसके बाद खेल आगे बढ़ा।",तटस्थ,फुटबॉल,1
