id,sentence,sentiment,sport,variation
1,महत्वपूर्ण मौके पर टेनिस स्टार ने मुकाबला में कमाल का खेल दिखाकर जीत दर्ज की।,positive,tennis,contextual
2,महत्वपूर्ण मौके पर युवा खिलाड़ी का फाइनल में असंगत खेल टीम पर भारी पड़ा।,negative,tennis,contextual
3,लंबे ब्रेक के बाद फॉरवर्ड का फाइनल में बेअसर खेल टीम पर भारी पड़ा।,negative,hockey,contextual
4,खिलाड़ी गेम के लिए मैच के लिए रवाना हुई।,neutral,badminton,neutral
5,लगातार तीसरे मैच में बल्लेबाज ने मैच में यादगार खेल दिखाकर शानदार वापसी की।,positive,cricket,contextual
6,इस मुकाबले में चैंपियन ने गेम में यादगार खेल दिखाकर शानदार वापसी की।,positive,badminton,contextual
7,महत्वपूर्ण मौके पर युवा खिलाड़ी फाइनल से पहले प्रशिक्षण कर रहा है।,neutral,tennis,factual
8,महत्वपूर्ण मौके पर कप्तान ने फाइनल में लाजवाब खेल दिखाकर लगातार अच्छा प्रदर्शन किया।,positive,tennis,contextual
9,निर्णायक मैच में खिलाड़ी फाइनल से पहले प्रशिक्षण कर रहा है।,neutral,tennis,factual
10,इस मुकाबले में भारतीय टीम मुकाबला से पहले प्रशिक्षण कर रहा है।,neutral,football,factual
11,ओवर प्रशंसकों के सामने आयोजित होगा और भारतीय टीम इसमें हिस्सा लेगा।,neutral,cricket,factual
12,इस मुकाबले में भारतीय धावक ने फाइनल से पहले प्रशिक्षण पूरा किया।,neutral,athletics,domain_context
13,गेंदबाज की टीम रन चेज के लिए अपनी अंतिम सूची तैयार कर रही है।,neutral,cricket,domain_context
14,दबाव वाले मुकाबले में कप्तान ने प्लेऑफ में लाजवाब खेल दिखाकर मुश्किल स्थिति से बाहर निकली।,positive,kabaddi,contextual
15,दबाव वाले मुकाबले में एथलीट ने प्रतियोगिता में लाजवाब खेल दिखाकर मुश्किल स्थिति से बाहर निकली।,positive,athletics,contextual
16,मुकाबला दबाव वाले मुकाबले में आयोजित होगा और युवा शटलर इसमें हिस्सा लेगा।,neutral,badminton,factual
17,गेंदबाज सीरीज के लिए प्रशिक्षण जारी रखे हुए है।,neutral,cricket,neutral
18,फॉरवर्ड ने मैच में उत्कृष्ट प्रदर्शन करते हुए शानदार वापसी की।,positive,football,paraphrase
19,इस मुकाबले में टेनिस स्टार ने मैच में कमाल का खेल दिखाकर लगातार अच्छा प्रदर्शन किया।,positive,tennis,contextual
20,दबाव वाले मुकाबले में फॉरवर्ड ने फाइनल में यादगार खेल दिखाकर शानदार वापसी की।,positive,football,contextual
21,इस मुकाबले में गोलकीपर ने फाइनल में शानदार खेल दिखाकर मुश्किल स्थिति से बाहर निकली।,positive,hockey,contextual
22,दबाव वाले मुकाबले में जोड़ी मैच से पहले प्रशिक्षण कर रहा है।,neutral,badminton,factual
23,लगातार तीसरे मैच में बल्लेबाज ने रन चेज में यादगार खेल दिखाकर लगातार अच्छा प्रदर्शन किया।,positive,cricket,contextual
24,प्रशंसकों के सामने खिलाड़ी ने फाइनल में कमाल का खेल दिखाकर शानदार वापसी की।,positive,kabaddi,contextual
25,सेट लंबे ब्रेक के बाद आयोजित होगा और युवा शटलर इसमें हिस्सा लेगा।,neutral,badminton,factual
26,निर्णायक मैच में भारतीय टीम का सेमीफाइनल में खराब खेल टीम पर भारी पड़ा।,negative,hockey,contextual
27,इस मुकाबले में हॉकी टीम ने मैच में बेहतरीन खेल दिखाकर महत्वपूर्ण योगदान दिया।,positive,hockey,contextual
28,लगातार तीसरे मैच में कप्तान ने सेट में कमाल का खेल दिखाकर मुकाबला अपने नाम कर लिया।,positive,tennis,contextual
29,प्रशंसकों के सामने भारतीय टीम का लीग मैच में फीका खेल टीम पर भारी पड़ा।,negative,kabaddi,contextual
30,दबाव वाले मुकाबले में कप्तान ने मैच से पहले प्रशिक्षण पूरा किया।,neutral,cricket,domain_context
31,लंबे ब्रेक के बाद कप्तान का मैच में खराब खेल टीम पर भारी पड़ा।,negative,tennis,contextual
32,आज भारतीय टीम ने फाइनल में धमाकेदार खेल दिखाकर शानदार वापसी की।,positive,kabaddi,contextual
33,युवा खिलाड़ी ने मैच में खराब प्रदर्शन किया और बढ़त गंवा दी।,negative,tennis,paraphrase
34,इस मुकाबले में डिफेंडर का लीग मैच में खराब खेल टीम पर भारी पड़ा।,negative,kabaddi,contextual
35,गोलकीपर का कमजोर प्रदर्शन मैच में हार का कारण बना।,negative,football,domain_context
36,गोलकीपर ने सेमीफाइनल में बेअसर प्रदर्शन किया और उम्मीदों पर खरी नहीं उतरी।,negative,hockey,paraphrase
37,महत्वपूर्ण मौके पर डिफेंडर ने प्लेऑफ में उत्कृष्ट खेल दिखाकर जीत दर्ज की।,positive,kabaddi,contextual
38,फाइनल प्रशंसकों के सामने आयोजित होगा और एथलीट इसमें हिस्सा लेगा।,neutral,athletics,factual
39,गोलकीपर ने सेमीफाइनल में निराश करने वाला प्रदर्शन किया और मुकाबला गंवा दिया।,negative,hockey,paraphrase
40,आज युवा शटलर का मैच में निराश करने वाला खेल टीम पर भारी पड़ा।,negative,badminton,contextual
41,गेंदबाज ने मैच में असंगत प्रदर्शन किया और लगातार गलतियां कीं।,negative,cricket,paraphrase
42,प्रशंसकों के सामने चैंपियन का सेट में फीका खेल टीम पर भारी पड़ा।,negative,badminton,contextual
43,लंबे ब्रेक के बाद कप्तान का फाइनल में निराशाजनक खेल टीम पर भारी पड़ा।,negative,tennis,contextual
44,गोलकीपर ने मैच में खराब प्रदर्शन किया और अपनी लय खो दी।,negative,football,paraphrase
45,लगातार तीसरे मैच में गोलकीपर ने फाइनल में उत्कृष्ट खेल दिखाकर लगातार अच्छा प्रदर्शन किया।,positive,hockey,contextual
46,घरेलू मैदान पर डिफेंडर का प्लेऑफ में असंगत खेल टीम पर भारी पड़ा।,negative,kabaddi,contextual
47,महत्वपूर्ण मौके पर युवा खिलाड़ी का मुकाबला में खराब खेल टीम पर भारी पड़ा।,negative,tennis,contextual
48,प्रशंसकों के सामने टेनिस स्टार का फाइनल में असंगत खेल टीम पर भारी पड़ा।,negative,tennis,contextual
49,भारतीय टीम ने लीग मैच में लचर प्रदर्शन किया और उम्मीदों पर खरी नहीं उतरी।,negative,football,paraphrase
50,लगातार तीसरे मैच में कप्तान का सेमीफाइनल में फीका खेल टीम पर भारी पड़ा।,negative,football,contextual
51,दबाव वाले मुकाबले में कप्तान ने लीग मैच में लाजवाब खेल दिखाकर दबदबा कायम रखा।,positive,football,contextual
52,घरेलू मैदान पर खिलाड़ी का मैच में लचर खेल टीम पर भारी पड़ा।,negative,kabaddi,contextual
53,युवा खिलाड़ी ने क्वार्टरफाइनल के लिए तैयारी शुरू कर दी।,neutral,tennis,factual
54,दबाव वाले मुकाबले में हॉकी टीम ने फाइनल में कमाल का खेल दिखाकर महत्वपूर्ण योगदान दिया।,positive,hockey,contextual
55,फॉरवर्ड मैच के लिए अगले मुकाबले की तैयारी कर रही है।,neutral,football,neutral
56,निर्णायक मैच में भारतीय धावक ने इवेंट से पहले प्रशिक्षण पूरा किया।,neutral,athletics,domain_context
57,खिलाड़ी ने फाइनल में असंगत प्रदर्शन किया और अपनी लय खो दी।,negative,tennis,paraphrase
58,लंबे ब्रेक के बाद युवा शटलर मुकाबला से पहले प्रशिक्षण कर रहा है।,neutral,badminton,factual
59,दबाव वाले मुकाबले में भारतीय धावक ने प्रतियोगिता में धमाकेदार खेल दिखाकर महत्वपूर्ण योगदान दिया।,positive,athletics,contextual
60,दबाव वाले मुकाबले में बल्लेबाज ने ओवर में धमाकेदार खेल दिखाकर जीत दर्ज की।,positive,cricket,contextual
61,टूर्नामेंट के अहम चरण में डिफेंडर ने मुकाबला में बेहतरीन खेल दिखाकर महत्वपूर्ण योगदान दिया।,positive,football,contextual
62,प्रशंसकों के सामने डिफेंडर ने मैच में धमाकेदार खेल दिखाकर मुकाबला अपने नाम कर लिया।,positive,kabaddi,contextual
63,लीग मैच महत्वपूर्ण मौके पर आयोजित होगा और रेडर इसमें हिस्सा लेगा।,neutral,kabaddi,factual
64,कप्तान ने मैच में उत्कृष्ट प्रदर्शन करते हुए महत्वपूर्ण योगदान दिया।,positive,tennis,paraphrase
65,महत्वपूर्ण मौके पर कप्तान का मैच में खराब खेल टीम पर भारी पड़ा।,negative,tennis,contextual
66,क्लब लीग मैच के लिए अगले मुकाबले की तैयारी कर रही है।,neutral,football,neutral
67,टूर्नामेंट के अहम चरण में भारतीय टीम ने ओवर में लाजवाब खेल दिखाकर दबदबा कायम रखा।,positive,cricket,contextual
68,"Kal, Players ne morning practice session attend kiya.",neutral,multi-sport,code_mixed
69,क्वार्टरफाइनल टूर्नामेंट के अहम चरण में आयोजित होगा और भारतीय खिलाड़ी इसमें हिस्सा लेगा।,neutral,tennis,factual
70,हॉकी टीम ने लीग मैच में निराश करने वाला प्रदर्शन किया और लगातार गलतियां कीं।,negative,hockey,paraphrase
71,प्रशंसकों के सामने कप्तान ने मुकाबला में उत्कृष्ट खेल दिखाकर जीत दर्ज की।,positive,tennis,contextual
72,युवा खिलाड़ी की फाइनल में फीका रणनीति काम नहीं आई।,negative,tennis,contextual
73,निर्णायक मैच में भारतीय टीम ने मुकाबला में उत्कृष्ट खेल दिखाकर मुश्किल स्थिति से बाहर निकली।,positive,football,contextual
74,युवा शटलर ने फाइनल में खराब प्रदर्शन किया और मुकाबला गंवा दिया।,negative,badminton,paraphrase
75,इस मुकाबले में युवा शटलर ने मैच में लाजवाब खेल दिखाकर लगातार अच्छा प्रदर्शन किया।,positive,badminton,contextual
76,भारतीय टीम ने मैच में निराश करने वाला प्रदर्शन किया और बढ़त गंवा दी।,negative,hockey,paraphrase
77,डिफेंडर ने मुकाबला में बेअसर प्रदर्शन किया और मुकाबला गंवा दिया।,negative,football,paraphrase
78,क्लब ने लीग मैच में निराशाजनक प्रदर्शन किया और दबाव में बिखर गई।,negative,football,paraphrase
79,कप्तान अगले मुकाबला से पहले कोच के साथ बैठक करेगा।,neutral,cricket,domain_context
80,खिलाड़ी ने गेम में बेअसर प्रदर्शन किया और मुकाबला गंवा दिया।,negative,badminton,paraphrase
81,आज भारतीय धावक का रेस में कमजोर खेल टीम पर भारी पड़ा।,negative,athletics,contextual
82,मुकाबला महत्वपूर्ण मौके पर आयोजित होगा और बल्लेबाज इसमें हिस्सा लेगा।,neutral,cricket,factual
83,भारतीय शटलर की मुकाबला में कमजोर रणनीति काम नहीं आई।,negative,badminton,contextual
84,लंबे ब्रेक के बाद डिफेंडर का मुकाबला में कमजोर खेल टीम पर भारी पड़ा।,negative,football,contextual
85,आज चैंपियन ने फाइनल से पहले प्रशिक्षण पूरा किया।,neutral,badminton,domain_context
86,डिफेंडर ने फाइनल में असंगत प्रदर्शन किया और बढ़त गंवा दी।,negative,football,paraphrase
87,लंबे ब्रेक के बाद धाविका ने इवेंट में उत्कृष्ट खेल दिखाकर मुश्किल स्थिति से बाहर निकली।,positive,athletics,contextual
88,लगातार तीसरे मैच में जोड़ी ने मुकाबला में बेहतरीन खेल दिखाकर मुकाबला अपने नाम कर लिया।,positive,badminton,contextual
89,निर्णायक मैच में खिलाड़ी ने लीग मैच में शानदार खेल दिखाकर दबदबा कायम रखा।,positive,kabaddi,contextual
90,"युवा एथलीट ने मेहनत तो की, लेकिन इवेंट में अपनी बढ़त गंवा दी।",negative,athletics,negation
91,टेनिस स्टार ने सेट में असंगत प्रदर्शन किया और लगातार गलतियां कीं।,negative,tennis,paraphrase
92,महत्वपूर्ण मौके पर खिलाड़ी ने फाइनल में शानदार खेल दिखाकर दबदबा कायम रखा।,positive,tennis,contextual
93,युवा शटलर ने मुकाबला में लचर प्रदर्शन किया और अपनी लय खो दी।,negative,badminton,paraphrase
94,महत्वपूर्ण मौके पर खिलाड़ी ने प्रतियोगिता में कमाल का खेल दिखाकर लगातार अच्छा प्रदर्शन किया।,positive,athletics,contextual
95,घरेलू मैदान पर भारतीय टीम ने सेमीफाइनल में उत्कृष्ट खेल दिखाकर मुकाबला अपने नाम कर लिया।,positive,football,contextual
96,लंबे ब्रेक के बाद एथलीट फाइनल से पहले प्रशिक्षण कर रहा है।,neutral,athletics,factual
97,क्लब ने सेमीफाइनल में खराब प्रदर्शन किया और दबाव में बिखर गई।,negative,football,paraphrase
98,क्लब ने मैच में जबरदस्त प्रदर्शन करते हुए लगातार अच्छा प्रदर्शन किया।,positive,football,paraphrase
99,निर्णायक मैच में फॉरवर्ड का लीग मैच में लचर खेल टीम पर भारी पड़ा।,negative,football,contextual
100,घरेलू मैदान पर भारतीय टीम का लीग मैच में निराशाजनक खेल टीम पर भारी पड़ा।,negative,football,contextual
101,टूर्नामेंट के अहम चरण में गोलकीपर का सेमीफाइनल में कमजोर खेल टीम पर भारी पड़ा।,negative,hockey,contextual
102,एथलीट इवेंट के लिए रणनीति पर चर्चा कर रही है।,neutral,athletics,neutral
103,महत्वपूर्ण मौके पर डिफेंडर सेमीफाइनल से पहले प्रशिक्षण कर रहा है।,neutral,football,factual
104,टूर्नामेंट के अहम चरण में युवा शटलर ने सेट में कमाल का खेल दिखाकर लगातार अच्छा प्रदर्शन किया।,positive,badminton,contextual
105,युवा एथलीट ने फाइनल में कमजोर प्रदर्शन किया और मुकाबला गंवा दिया।,negative,athletics,paraphrase
106,लगातार तीसरे मैच में डिफेंडर ने मुकाबला में शानदार खेल दिखाकर जीत दर्ज की।,positive,hockey,contextual
107,इस मुकाबले में खिलाड़ी ने मुकाबला में शानदार खेल दिखाकर दबदबा कायम रखा।,positive,kabaddi,contextual
108,लंबे ब्रेक के बाद युवा शटलर ने गेम में बेहतरीन खेल दिखाकर मुश्किल स्थिति से बाहर निकली।,positive,badminton,contextual
109,गेंदबाज अगले ओवर से पहले कोच के साथ बैठक करेगा।,neutral,cricket,domain_context
110,टूर्नामेंट के अहम चरण में विकेटकीपर ने सीरीज में यादगार खेल दिखाकर महत्वपूर्ण योगदान दिया।,positive,cricket,contextual
111,टूर्नामेंट के अहम चरण में रेडर का मुकाबला में कमजोर खेल टीम पर भारी पड़ा।,negative,kabaddi,contextual
112,प्रशंसकों के सामने डिफेंडर ने फाइनल में बेहतरीन खेल दिखाकर दबदबा कायम रखा।,positive,kabaddi,contextual
113,डिफेंडर ने लीग मैच में फीका प्रदर्शन किया और महत्वपूर्ण मौका गंवाया।,negative,football,paraphrase
114,रेडर ने लीग मैच में खराब प्रदर्शन किया और महत्वपूर्ण मौका गंवाया।,negative,kabaddi,paraphrase
115,प्रशंसकों के सामने टेनिस स्टार ने मैच में शानदार खेल दिखाकर शानदार वापसी की।,positive,tennis,contextual
116,लंबे ब्रेक के बाद टेनिस स्टार ने मुकाबला में जबरदस्त खेल दिखाकर जीत दर्ज की।,positive,tennis,contextual
117,युवा खिलाड़ी ने सेट में निराशाजनक खेल दिखाया और टीम को नुकसान हुआ।,negative,tennis,domain_context
118,कप्तान ने लीग मैच में असंगत प्रदर्शन किया और बढ़त गंवा दी।,negative,football,paraphrase
119,लगातार तीसरे मैच में हॉकी टीम ने फाइनल में कमाल का खेल दिखाकर महत्वपूर्ण योगदान दिया।,positive,hockey,contextual
120,इस मुकाबले में युवा शटलर मुकाबला से पहले प्रशिक्षण कर रहा है।,neutral,badminton,factual
121,भारतीय टीम ने लीग मैच में जबरदस्त प्रदर्शन करते हुए दबदबा कायम रखा।,positive,football,paraphrase
122,युवा एथलीट ने प्रतियोगिता में फीका प्रदर्शन किया और मुकाबला गंवा दिया।,negative,athletics,paraphrase
123,क्वार्टरफाइनल लगातार तीसरे मैच में आयोजित होगा और खिलाड़ी इसमें हिस्सा लेगा।,neutral,tennis,factual
124,निर्णायक मैच में गेंदबाज ने सीरीज से पहले प्रशिक्षण पूरा किया।,neutral,cricket,domain_context
125,रन चेज निर्णायक मैच में आयोजित होगा और भारत इसमें हिस्सा लेगा।,neutral,cricket,factual
126,लंबे ब्रेक के बाद कप्तान ने पारी में लाजवाब खेल दिखाकर शानदार वापसी की।,positive,cricket,contextual
127,महत्वपूर्ण मौके पर डिफेंडर का मैच में खराब खेल टीम पर भारी पड़ा।,negative,hockey,contextual
128,इस मुकाबले में रेडर का प्लेऑफ में लचर खेल टीम पर भारी पड़ा।,negative,kabaddi,contextual
129,दबाव वाले मुकाबले में बल्लेबाज रन चेज से पहले प्रशिक्षण कर रहा है।,neutral,cricket,factual
130,खिलाड़ी ने फाइनल में निराश करने वाला प्रदर्शन किया और बढ़त गंवा दी।,negative,kabaddi,paraphrase
131,कप्तान लीग मैच के लिए रणनीति पर चर्चा कर रही है।,neutral,football,neutral
132,फाइनल घरेलू मैदान पर आयोजित होगा और भारतीय टीम इसमें हिस्सा लेगा।,neutral,football,factual
133,प्रशंसकों के सामने खिलाड़ी का फाइनल में लचर खेल टीम पर भारी पड़ा।,negative,badminton,contextual
134,टूर्नामेंट के अहम चरण में खिलाड़ी ने मैच में कमाल का खेल दिखाकर महत्वपूर्ण योगदान दिया।,positive,tennis,contextual
135,इस मुकाबले में खिलाड़ी मुकाबला से पहले प्रशिक्षण कर रहा है।,neutral,badminton,factual
136,भारतीय टीम पारी के लिए अभ्यास सत्र में शामिल हुई।,neutral,cricket,neutral
137,रेडर मैच के लिए अगले दौर के लिए पहुंची।,neutral,kabaddi,neutral
138,घरेलू मैदान पर खिलाड़ी ने गेम में शानदार खेल दिखाकर दबदबा कायम रखा।,positive,badminton,contextual
139,खिलाड़ी फाइनल के लिए प्रशिक्षण जारी रखे हुए है।,neutral,tennis,neutral
140,भारतीय धावक ने इवेंट में फीका प्रदर्शन किया और बढ़त गंवा दी।,negative,athletics,paraphrase
141,प्रशंसकों के सामने बल्लेबाज ने रन चेज में बेहतरीन खेल दिखाकर मुकाबला अपने नाम कर लिया।,positive,cricket,contextual
142,दबाव वाले मुकाबले में डिफेंडर ने मुकाबला में बेहतरीन खेल दिखाकर मुश्किल स्थिति से बाहर निकली।,positive,hockey,contextual
143,घरेलू मैदान पर खिलाड़ी ने सेट में जबरदस्त खेल दिखाकर लगातार अच्छा प्रदर्शन किया।,positive,badminton,contextual
144,निर्णायक मैच में एथलीट ने इवेंट में लाजवाब खेल दिखाकर जीत दर्ज की।,positive,athletics,contextual
145,महत्वपूर्ण मौके पर बल्लेबाज का ओवर में कमजोर खेल टीम पर भारी पड़ा।,negative,cricket,contextual
146,खिलाड़ी ने मैच में धमाकेदार प्रदर्शन करते हुए मुश्किल स्थिति से बाहर निकली।,positive,kabaddi,paraphrase
147,महत्वपूर्ण मौके पर कप्तान ने मुकाबला में यादगार खेल दिखाकर मुकाबला अपने नाम कर लिया।,positive,football,contextual
148,घरेलू मैदान पर भारतीय टीम का मैच में फीका खेल टीम पर भारी पड़ा।,negative,hockey,contextual
149,लंबे ब्रेक के बाद डिफेंडर फाइनल से पहले प्रशिक्षण कर रहा है।,neutral,football,factual
150,घरेलू मैदान पर एथलीट ने प्रतियोगिता में यादगार खेल दिखाकर मुकाबला अपने नाम कर लिया।,positive,athletics,contextual
151,खिलाड़ी ने मुकाबला में फीका प्रदर्शन किया और बढ़त गंवा दी।,negative,tennis,paraphrase
152,महत्वपूर्ण मौके पर रेडर ने लीग मैच में लाजवाब खेल दिखाकर लगातार अच्छा प्रदर्शन किया।,positive,kabaddi,contextual
153,"Kal, Team aaj ke match ke liye ready hai.",neutral,multi-sport,code_mixed
154,इस मुकाबले में भारतीय टीम ने रन चेज में उत्कृष्ट खेल दिखाकर दबदबा कायम रखा।,positive,cricket,contextual
155,प्रशंसकों के सामने एथलीट का इवेंट में असंगत खेल टीम पर भारी पड़ा।,negative,athletics,contextual
156,आज कप्तान ने मैच में शानदार खेल दिखाकर दबदबा कायम रखा।,positive,football,contextual
157,महत्वपूर्ण मौके पर क्लब ने मुकाबला में शानदार खेल दिखाकर मुकाबला अपने नाम कर लिया।,positive,football,contextual
158,इस मुकाबले में गोलकीपर ने मैच में धमाकेदार खेल दिखाकर मुश्किल स्थिति से बाहर निकली।,positive,football,contextual
159,युवा खिलाड़ी मुकाबला के लिए अगले दौर के लिए पहुंची।,neutral,tennis,neutral
160,महत्वपूर्ण मौके पर भारत का रन चेज में असंगत खेल टीम पर भारी पड़ा।,negative,cricket,contextual
161,घरेलू मैदान पर कप्तान का मुकाबला में कमजोर खेल टीम पर भारी पड़ा।,negative,kabaddi,contextual
162,क्लब ने लीग मैच में निराशाजनक खेल दिखाया और टीम को नुकसान हुआ।,negative,football,domain_context
163,टूर्नामेंट के अहम चरण में कप्तान ने सीरीज में शानदार खेल दिखाकर लगातार अच्छा प्रदर्शन किया।,positive,cricket,contextual
164,कप्तान ने मैच में निराश करने वाला प्रदर्शन किया और मुकाबला गंवा दिया।,negative,kabaddi,paraphrase
165,प्रशंसकों के सामने डिफेंडर का मैच में निराश करने वाला खेल टीम पर भारी पड़ा।,negative,football,contextual
166,निर्णायक मैच में क्लब का मुकाबला में निराशाजनक खेल टीम पर भारी पड़ा।,negative,football,contextual
167,खिलाड़ी ने मैच में निराश करने वाला खेल दिखाया और टीम को नुकसान हुआ।,negative,kabaddi,domain_context
168,"Pressure ke beech, Match evening mein start hoga.",neutral,multi-sport,code_mixed
169,भारतीय शटलर ने मुकाबला के लिए तैयारी शुरू कर दी।,neutral,badminton,factual
170,इस मुकाबले में कप्तान ने मुकाबला में धमाकेदार खेल दिखाकर दबदबा कायम रखा।,positive,tennis,contextual
171,दबाव वाले मुकाबले में भारतीय टीम ने मुकाबला में लाजवाब खेल दिखाकर लगातार अच्छा प्रदर्शन किया।,positive,cricket,contextual
172,आज युवा शटलर ने मैच में लाजवाब खेल दिखाकर मुश्किल स्थिति से बाहर निकली।,positive,badminton,contextual
173,आज चैंपियन का सेट में लचर खेल टीम पर भारी पड़ा।,negative,badminton,contextual
174,निर्णायक मैच में खिलाड़ी ने सेट में लाजवाब खेल दिखाकर जीत दर्ज की।,positive,tennis,contextual
175,प्रशंसकों के सामने हॉकी टीम का मुकाबला में फीका खेल टीम पर भारी पड़ा।,negative,hockey,contextual
176,घरेलू मैदान पर डिफेंडर ने लीग मैच से पहले प्रशिक्षण पूरा किया।,neutral,hockey,domain_context
177,आज चैंपियन का फाइनल में फीका खेल टीम पर भारी पड़ा।,negative,badminton,contextual
178,लगातार तीसरे मैच में खिलाड़ी फाइनल से पहले प्रशिक्षण कर रहा है।,neutral,tennis,factual
179,महत्वपूर्ण मौके पर भारतीय टीम ने फाइनल में कमाल का खेल दिखाकर महत्वपूर्ण योगदान दिया।,positive,football,contextual
180,भारतीय खिलाड़ी ने मैच में खराब प्रदर्शन किया और उम्मीदों पर खरी नहीं उतरी।,negative,tennis,paraphrase
181,क्लब फाइनल के लिए मैच के लिए रवाना हुई।,neutral,football,neutral
182,दौड़ प्रशंसकों के सामने आयोजित होगा और खिलाड़ी इसमें हिस्सा लेगा।,neutral,athletics,factual
183,मैच महत्वपूर्ण मौके पर आयोजित होगा और युवा खिलाड़ी इसमें हिस्सा लेगा।,neutral,tennis,factual
184,आज कप्तान का फाइनल में लचर खेल टीम पर भारी पड़ा।,negative,tennis,contextual
185,लंबे ब्रेक के बाद विकेटकीपर का रन चेज में लचर खेल टीम पर भारी पड़ा।,negative,cricket,contextual
186,भारतीय टीम ने फाइनल के लिए तैयारी शुरू कर दी।,neutral,football,factual
187,महत्वपूर्ण मौके पर धाविका फाइनल से पहले प्रशिक्षण कर रहा है।,neutral,athletics,factual
188,मुकाबला प्रशंसकों के सामने आयोजित होगा और क्लब इसमें हिस्सा लेगा।,neutral,football,factual
189,फाइनल इस मुकाबले में आयोजित होगा और चैंपियन इसमें हिस्सा लेगा।,neutral,badminton,factual
190,इस मुकाबले में कप्तान ने मुकाबला में लाजवाब खेल दिखाकर मुश्किल स्थिति से बाहर निकली।,positive,tennis,contextual
191,लगातार तीसरे मैच में गोलकीपर का फाइनल में निराश करने वाला खेल टीम पर भारी पड़ा।,negative,football,contextual
192,लंबे ब्रेक के बाद हॉकी टीम का फाइनल में बेअसर खेल टीम पर भारी पड़ा।,negative,hockey,contextual
193,लंबे ब्रेक के बाद डिफेंडर ने लीग मैच में धमाकेदार खेल दिखाकर मुकाबला अपने नाम कर लिया।,positive,kabaddi,contextual
194,लगातार तीसरे मैच में कप्तान ने लीग मैच में बेहतरीन खेल दिखाकर महत्वपूर्ण योगदान दिया।,positive,kabaddi,contextual
195,दबाव वाले मुकाबले में विकेटकीपर ने पारी से पहले प्रशिक्षण पूरा किया।,neutral,cricket,domain_context
196,एथलीट ने दौड़ में निराश करने वाला प्रदर्शन किया और महत्वपूर्ण मौका गंवाया।,negative,athletics,paraphrase
197,लंबे ब्रेक के बाद बल्लेबाज का मैच में बेअसर खेल टीम पर भारी पड़ा।,negative,cricket,contextual
198,लगातार तीसरे मैच में भारतीय खिलाड़ी फाइनल से पहले प्रशिक्षण कर रहा है।,neutral,tennis,factual
199,इस मुकाबले में युवा एथलीट का इवेंट में खराब खेल टीम पर भारी पड़ा।,negative,athletics,contextual
200,घरेलू मैदान पर बल्लेबाज ने मुकाबला से पहले प्रशिक्षण पूरा किया।,neutral,cricket,domain_context
201,लंबे ब्रेक के बाद हॉकी टीम ने फाइनल में यादगार खेल दिखाकर मुश्किल स्थिति से बाहर निकली।,positive,hockey,contextual
202,लीग मैच प्रशंसकों के सामने आयोजित होगा और कप्तान इसमें हिस्सा लेगा।,neutral,football,factual
203,लगातार तीसरे मैच में गेंदबाज ने ओवर में कमाल का खेल दिखाकर जीत दर्ज की।,positive,cricket,contextual
204,लंबे ब्रेक के बाद भारत ने मैच में उत्कृष्ट खेल दिखाकर महत्वपूर्ण योगदान दिया।,positive,cricket,contextual
205,एथलीट ने इवेंट के लिए तैयारी शुरू कर दी।,neutral,athletics,factual
206,दबाव वाले मुकाबले में चैंपियन ने फाइनल में यादगार खेल दिखाकर मुश्किल स्थिति से बाहर निकली।,positive,badminton,contextual
207,मैच महत्वपूर्ण मौके पर आयोजित होगा और क्लब इसमें हिस्सा लेगा।,neutral,football,factual
208,घरेलू मैदान पर जोड़ी ने सेट में शानदार खेल दिखाकर मुश्किल स्थिति से बाहर निकली।,positive,badminton,contextual
209,भारतीय धावक ने फाइनल में लाजवाब प्रदर्शन करते हुए शानदार वापसी की।,positive,athletics,paraphrase
210,खिलाड़ी सेट के लिए टूर्नामेंट में हिस्सा ले रही है।,neutral,badminton,neutral
211,प्रशंसकों के सामने बल्लेबाज ने सीरीज से पहले प्रशिक्षण पूरा किया।,neutral,cricket,domain_context
212,फॉरवर्ड ने मैच में शानदार प्रदर्शन करते हुए महत्वपूर्ण योगदान दिया।,positive,hockey,paraphrase
213,निर्णायक मैच में कप्तान का लीग मैच में कमजोर खेल टीम पर भारी पड़ा।,negative,kabaddi,contextual
214,लंबे ब्रेक के बाद कप्तान का रन चेज में असंगत खेल टीम पर भारी पड़ा।,negative,cricket,contextual
215,लगातार तीसरे मैच में भारतीय शटलर ने फाइनल से पहले प्रशिक्षण पूरा किया।,neutral,badminton,domain_context
216,निर्णायक मैच में भारतीय धावक ने रेस से पहले प्रशिक्षण पूरा किया।,neutral,athletics,domain_context
217,लीग मैच लगातार तीसरे मैच में आयोजित होगा और डिफेंडर इसमें हिस्सा लेगा।,neutral,hockey,factual
218,युवा खिलाड़ी क्वार्टरफाइनल के लिए अगले दौर के लिए पहुंची।,neutral,tennis,neutral
219,घरेलू मैदान पर गोलकीपर ने सेमीफाइनल में जबरदस्त खेल दिखाकर मुकाबला अपने नाम कर लिया।,positive,football,contextual
220,आज विकेटकीपर का सीरीज में निराशाजनक खेल टीम पर भारी पड़ा।,negative,cricket,contextual
221,हॉकी टीम ने लीग मैच में खराब प्रदर्शन किया और बढ़त गंवा दी।,negative,hockey,paraphrase
222,दबाव वाले मुकाबले में कप्तान ने सेट में जबरदस्त खेल दिखाकर लगातार अच्छा प्रदर्शन किया।,positive,tennis,contextual
223,टूर्नामेंट के अहम चरण में युवा खिलाड़ी का सेट में कमजोर खेल टीम पर भारी पड़ा।,negative,tennis,contextual
224,टूर्नामेंट के अहम चरण में युवा शटलर का मुकाबला में कमजोर खेल टीम पर भारी पड़ा।,negative,badminton,contextual
225,महत्वपूर्ण मौके पर धाविका ने फाइनल से पहले प्रशिक्षण पूरा किया।,neutral,athletics,domain_context
226,फॉरवर्ड की टीम लीग मैच के लिए अपनी अंतिम सूची तैयार कर रही है।,neutral,football,domain_context
227,इस मुकाबले में खिलाड़ी ने रेस में जबरदस्त खेल दिखाकर मुकाबला अपने नाम कर लिया।,positive,athletics,contextual
228,निर्णायक मैच में भारतीय टीम ने मुकाबला में शानदार खेल दिखाकर शानदार वापसी की।,positive,cricket,contextual
229,कप्तान ने लीग मैच में खराब प्रदर्शन किया और बढ़त गंवा दी।,negative,football,paraphrase
230,आज बल्लेबाज ने ओवर में शानदार खेल दिखाकर शानदार वापसी की।,positive,cricket,contextual
231,लगातार तीसरे मैच में रेडर का प्लेऑफ में खराब खेल टीम पर भारी पड़ा।,negative,kabaddi,contextual
232,लंबे ब्रेक के बाद युवा शटलर का मुकाबला में फीका खेल टीम पर भारी पड़ा।,negative,badminton,contextual
233,गोलकीपर ने मुकाबला में असंगत प्रदर्शन किया और उम्मीदों पर खरी नहीं उतरी।,negative,hockey,paraphrase
234,धाविका ने प्रतियोगिता में लचर प्रदर्शन किया और दबाव में बिखर गई।,negative,athletics,paraphrase
235,आज धाविका ने रेस में कमाल का खेल दिखाकर लगातार अच्छा प्रदर्शन किया।,positive,athletics,contextual
236,इस मुकाबले में जोड़ी का मुकाबला में बेअसर खेल टीम पर भारी पड़ा।,negative,badminton,contextual
237,पारी इस मुकाबले में आयोजित होगा और भारत इसमें हिस्सा लेगा।,neutral,cricket,factual
238,लगातार तीसरे मैच में रेडर ने मुकाबला से पहले प्रशिक्षण पूरा किया।,neutral,kabaddi,domain_context
239,दौड़ लंबे ब्रेक के बाद आयोजित होगा और खिलाड़ी इसमें हिस्सा लेगा।,neutral,athletics,factual
240,फॉरवर्ड ने लीग मैच में निराश करने वाला प्रदर्शन किया और लगातार गलतियां कीं।,negative,football,paraphrase
241,निर्णायक मैच में जोड़ी ने सेट में लाजवाब खेल दिखाकर महत्वपूर्ण योगदान दिया।,positive,badminton,contextual
242,गोलकीपर मुकाबला के लिए टूर्नामेंट में हिस्सा ले रही है।,neutral,football,neutral
243,प्रशंसकों के सामने खिलाड़ी ने सेट में यादगार खेल दिखाकर जीत दर्ज की।,positive,badminton,contextual
244,सेट निर्णायक मैच में आयोजित होगा और खिलाड़ी इसमें हिस्सा लेगा।,neutral,tennis,factual
245,भारतीय धावक ने दौड़ में धमाकेदार प्रदर्शन करते हुए महत्वपूर्ण योगदान दिया।,positive,athletics,paraphrase
246,"Is tournament mein, Defence ne aaj bahut mistakes ki.",negative,multi-sport,code_mixed
247,इस मुकाबले में डिफेंडर सेमीफाइनल से पहले प्रशिक्षण कर रहा है।,neutral,football,factual
248,प्रशंसकों के सामने विकेटकीपर रन चेज से पहले प्रशिक्षण कर रहा है।,neutral,cricket,factual
249,खिलाड़ी मुकाबला के लिए प्रशिक्षण जारी रखे हुए है।,neutral,tennis,neutral
250,भारतीय शटलर ने सेट में खराब प्रदर्शन किया और महत्वपूर्ण मौका गंवाया।,negative,badminton,paraphrase
251,"Match se pehle, Team ne easy chance miss karke match gawa diya.",negative,multi-sport,code_mixed
252,टूर्नामेंट के अहम चरण में हॉकी टीम का मुकाबला में असंगत खेल टीम पर भारी पड़ा।,negative,hockey,contextual
253,फॉरवर्ड ने सेमीफाइनल के लिए यात्रा कार्यक्रम साझा किया।,neutral,hockey,domain_context
254,निर्णायक मैच में कप्तान ने पारी में जबरदस्त खेल दिखाकर महत्वपूर्ण योगदान दिया।,positive,cricket,contextual
255,घरेलू मैदान पर चैंपियन का फाइनल में बेअसर खेल टीम पर भारी पड़ा।,negative,badminton,contextual
256,घरेलू मैदान पर खिलाड़ी का फाइनल में बेअसर खेल टीम पर भारी पड़ा।,negative,kabaddi,contextual
257,घरेलू मैदान पर रेडर ने मैच में यादगार खेल दिखाकर शानदार वापसी की।,positive,kabaddi,contextual
258,भारतीय शटलर मुकाबला के लिए प्रशिक्षण जारी रखे हुए है।,neutral,badminton,neutral
259,आज भारतीय टीम का रन चेज में फीका खेल टीम पर भारी पड़ा।,negative,cricket,contextual
260,मैच टूर्नामेंट के अहम चरण में आयोजित होगा और बल्लेबाज इसमें हिस्सा लेगा।,neutral,cricket,factual
261,महत्वपूर्ण मौके पर गोलकीपर का फाइनल में निराश करने वाला खेल टीम पर भारी पड़ा।,negative,hockey,contextual
262,इस मुकाबले में युवा खिलाड़ी ने मैच में उत्कृष्ट खेल दिखाकर दबदबा कायम रखा।,positive,tennis,contextual
263,दबाव वाले मुकाबले में खिलाड़ी ने फाइनल में बेहतरीन खेल दिखाकर महत्वपूर्ण योगदान दिया।,positive,tennis,contextual
264,रेस आज आयोजित होगा और खिलाड़ी इसमें हिस्सा लेगा।,neutral,athletics,factual
265,भारतीय शटलर ने गेम में कमजोर प्रदर्शन किया और लगातार गलतियां कीं।,negative,badminton,paraphrase
266,टूर्नामेंट के अहम चरण में गोलकीपर ने लीग मैच में धमाकेदार खेल दिखाकर शानदार वापसी की।,positive,football,contextual
267,आज जोड़ी का मैच में निराश करने वाला खेल टीम पर भारी पड़ा।,negative,badminton,contextual
268,खिलाड़ी ने मैच के लिए तैयारी शुरू कर दी।,neutral,tennis,factual
269,गोलकीपर ने मुकाबला में लाजवाब खेल दिखाया और टीम को जीत दिलाई।,positive,hockey,domain_context
270,लंबे ब्रेक के बाद बल्लेबाज ने सीरीज में कई आसान मौके गंवाए।,negative,cricket,domain_context
271,महत्वपूर्ण मौके पर गेंदबाज ने मैच में जबरदस्त खेल दिखाकर मुश्किल स्थिति से बाहर निकली।,positive,cricket,contextual
272,लंबे ब्रेक के बाद डिफेंडर ने मैच में कई आसान मौके गंवाए।,negative,football,domain_context
273,भारतीय शटलर ने फाइनल में कमजोर प्रदर्शन किया और बढ़त गंवा दी।,negative,badminton,paraphrase
274,टूर्नामेंट के अहम चरण में हॉकी टीम ने लीग मैच में बेहतरीन खेल दिखाकर मुकाबला अपने नाम कर लिया।,positive,hockey,contextual
275,टूर्नामेंट के अहम चरण में बल्लेबाज का मुकाबला में कमजोर खेल टीम पर भारी पड़ा।,negative,cricket,contextual
276,सेट महत्वपूर्ण मौके पर आयोजित होगा और खिलाड़ी इसमें हिस्सा लेगा।,neutral,tennis,factual
277,महत्वपूर्ण मौके पर खिलाड़ी ने मैच में जबरदस्त खेल दिखाकर महत्वपूर्ण योगदान दिया।,positive,badminton,contextual
278,डिफेंडर ने फाइनल में जबरदस्त खेल दिखाया और टीम को जीत दिलाई।,positive,football,domain_context
279,भारतीय खिलाड़ी ने सेट के लिए तैयारी शुरू कर दी।,neutral,tennis,factual
280,मैच दबाव वाले मुकाबले में आयोजित होगा और भारतीय खिलाड़ी इसमें हिस्सा लेगा।,neutral,tennis,factual
281,फॉरवर्ड लीग मैच के लिए अगले मुकाबले की तैयारी कर रही है।,neutral,hockey,neutral
282,फाइनल टूर्नामेंट के अहम चरण में आयोजित होगा और जोड़ी इसमें हिस्सा लेगा।,neutral,badminton,factual
283,टूर्नामेंट के अहम चरण में फॉरवर्ड ने लीग मैच में जबरदस्त खेल दिखाकर महत्वपूर्ण योगदान दिया।,positive,hockey,contextual
284,इस मुकाबले में कप्तान ने मैच में धमाकेदार खेल दिखाकर मुश्किल स्थिति से बाहर निकली।,positive,cricket,contextual
285,लगातार तीसरे मैच में भारतीय खिलाड़ी ने मैच में यादगार खेल दिखाकर लगातार अच्छा प्रदर्शन किया।,positive,tennis,contextual
286,युवा शटलर सेट के लिए टूर्नामेंट में हिस्सा ले रही है।,neutral,badminton,neutral
287,आज दोनों टीमों ने मैच से पहले प्रशिक्षण किया।,neutral,multi-sport,domain_context
288,आज धाविका ने इवेंट में उत्कृष्ट खेल दिखाकर जीत दर्ज की।,positive,athletics,contextual
289,लगातार तीसरे मैच में भारतीय टीम ने मैच में कमाल का खेल दिखाकर मुश्किल स्थिति से बाहर निकली।,positive,hockey,contextual
290,भारतीय शटलर की मुकाबला में लचर रणनीति काम नहीं आई।,negative,badminton,contextual
291,इस मुकाबले में गोलकीपर का फाइनल में असंगत खेल टीम पर भारी पड़ा।,negative,hockey,contextual
292,मैच महत्वपूर्ण मौके पर आयोजित होगा और रेडर इसमें हिस्सा लेगा।,neutral,kabaddi,factual
293,निर्णायक मैच में गोलकीपर लीग मैच से पहले प्रशिक्षण कर रहा है।,neutral,football,factual
294,लगातार तीसरे मैच में भारतीय टीम का फाइनल में फीका खेल टीम पर भारी पड़ा।,negative,kabaddi,contextual
295,लंबे ब्रेक के बाद डिफेंडर लीग मैच से पहले प्रशिक्षण कर रहा है।,neutral,hockey,factual
296,इस मुकाबले में एथलीट ने प्रतियोगिता में कई आसान मौके गंवाए।,negative,athletics,domain_context
297,महत्वपूर्ण मौके पर एथलीट ने फाइनल में जबरदस्त खेल दिखाकर मुकाबला अपने नाम कर लिया।,positive,athletics,contextual
298,दबाव वाले मुकाबले में युवा खिलाड़ी ने मैच में जबरदस्त खेल दिखाकर जीत दर्ज की।,positive,tennis,contextual
299,घरेलू मैदान पर भारतीय टीम का मुकाबला में खराब खेल टीम पर भारी पड़ा।,negative,football,contextual
300,दबाव वाले मुकाबले में भारतीय टीम ने लीग मैच में कमाल का खेल दिखाकर जीत दर्ज की।,positive,hockey,contextual
301,भारतीय धावक को इवेंट के लिए टीम में शामिल किया गया है।,neutral,athletics,domain_context
302,सेट लंबे ब्रेक के बाद आयोजित होगा और युवा खिलाड़ी इसमें हिस्सा लेगा।,neutral,tennis,factual
303,दबाव वाले मुकाबले में गेंदबाज का मैच में फीका खेल टीम पर भारी पड़ा।,negative,cricket,contextual
304,निर्णायक मैच में रेडर ने मैच में उत्कृष्ट खेल दिखाकर महत्वपूर्ण योगदान दिया।,positive,kabaddi,contextual
305,आज भारतीय खिलाड़ी का सेट में निराशाजनक खेल टीम पर भारी पड़ा।,negative,tennis,contextual
306,भारतीय शटलर ने मैच में निराशाजनक प्रदर्शन किया और उम्मीदों पर खरी नहीं उतरी।,negative,badminton,paraphrase
307,महत्वपूर्ण मौके पर बल्लेबाज ने रन चेज में शानदार खेल दिखाकर जीत दर्ज की।,positive,cricket,contextual
308,टूर्नामेंट के अहम चरण में खिलाड़ी फाइनल से पहले प्रशिक्षण कर रहा है।,neutral,tennis,factual
309,प्रशंसकों के सामने डिफेंडर का लीग मैच में असंगत खेल टीम पर भारी पड़ा।,negative,kabaddi,contextual
310,लगातार तीसरे मैच में खिलाड़ी का मैच में असंगत खेल टीम पर भारी पड़ा।,negative,tennis,contextual
311,लगातार तीसरे मैच में युवा एथलीट दौड़ से पहले प्रशिक्षण कर रहा है।,neutral,athletics,factual
312,गोलकीपर ने मैच में खराब प्रदर्शन किया और मुकाबला गंवा दिया।,negative,football,paraphrase
313,लंबे ब्रेक के बाद टेनिस स्टार ने मैच में धमाकेदार खेल दिखाकर जीत दर्ज की।,positive,tennis,contextual
314,इस मुकाबले में भारतीय टीम का मैच में असंगत खेल टीम पर भारी पड़ा।,negative,cricket,contextual
315,प्रशंसकों के सामने डिफेंडर ने लीग मैच में यादगार खेल दिखाकर शानदार वापसी की।,positive,football,contextual
316,भारतीय टीम फाइनल के लिए प्रशिक्षण जारी रखे हुए है।,neutral,football,neutral
317,प्रशंसकों के सामने कप्तान का पारी में कमजोर खेल टीम पर भारी पड़ा।,negative,cricket,contextual
318,लंबे ब्रेक के बाद चैंपियन ने गेम में जबरदस्त खेल दिखाकर मुकाबला अपने नाम कर लिया।,positive,badminton,contextual
319,टूर्नामेंट के अहम चरण में गोलकीपर लीग मैच से पहले प्रशिक्षण कर रहा है।,neutral,football,factual
320,सीरीज इस मुकाबले में आयोजित होगा और गेंदबाज इसमें हिस्सा लेगा।,neutral,cricket,factual
321,घरेलू मैदान पर टेनिस स्टार ने मैच में बेहतरीन खेल दिखाकर दबदबा कायम रखा।,positive,tennis,contextual
322,फॉरवर्ड लीग मैच के लिए टूर्नामेंट में हिस्सा ले रही है।,neutral,football,neutral
323,आज भारतीय शटलर का मैच में खराब खेल टीम पर भारी पड़ा।,negative,badminton,contextual
324,खिलाड़ी ने फाइनल में बेअसर प्रदर्शन किया और उम्मीदों पर खरी नहीं उतरी।,negative,athletics,paraphrase
325,इस मुकाबले में गेंदबाज ने रन चेज में बेहतरीन खेल दिखाकर शानदार वापसी की।,positive,cricket,contextual
326,आज भारतीय शटलर मैच से पहले प्रशिक्षण कर रहा है।,neutral,badminton,factual
327,घरेलू मैदान पर गोलकीपर ने मैच में धमाकेदार खेल दिखाकर शानदार वापसी की।,positive,hockey,contextual
328,भारतीय खिलाड़ी ने मैच में कमजोर प्रदर्शन किया और मुकाबला गंवा दिया।,negative,tennis,paraphrase
329,भारतीय टीम की टीम मैच के लिए अपनी अंतिम सूची तैयार कर रही है।,neutral,kabaddi,domain_context
330,घरेलू मैदान पर विकेटकीपर ने ओवर में धमाकेदार खेल दिखाकर मुकाबला अपने नाम कर लिया।,positive,cricket,contextual
331,कप्तान लीग मैच के लिए टूर्नामेंट में हिस्सा ले रही है।,neutral,football,neutral
332,प्रशंसकों के सामने खिलाड़ी ने मैच में कमाल का खेल दिखाकर जीत दर्ज की।,positive,tennis,contextual
333,प्रशंसकों के सामने गोलकीपर ने मैच में लाजवाब खेल दिखाकर मुश्किल स्थिति से बाहर निकली।,positive,football,contextual
334,प्लेऑफ महत्वपूर्ण मौके पर आयोजित होगा और रेडर इसमें हिस्सा लेगा।,neutral,kabaddi,factual
335,घरेलू मैदान पर गोलकीपर फाइनल से पहले प्रशिक्षण कर रहा है।,neutral,hockey,factual
336,लंबे ब्रेक के बाद एथलीट ने प्रतियोगिता में कमाल का खेल दिखाकर दबदबा कायम रखा।,positive,athletics,contextual
337,बल्लेबाज ने सीरीज में खराब प्रदर्शन किया और लगातार गलतियां कीं।,negative,cricket,paraphrase
338,हॉकी टीम लीग मैच के लिए अगले दौर के लिए पहुंची।,neutral,hockey,neutral
339,महत्वपूर्ण मौके पर गेंदबाज ने रन चेज में बेहतरीन खेल दिखाकर जीत दर्ज की।,positive,cricket,contextual
340,खिलाड़ी ने सेट में खराब प्रदर्शन किया और दबाव में बिखर गई।,negative,tennis,paraphrase
341,महत्वपूर्ण मौके पर फॉरवर्ड ने मुकाबला में बेहतरीन खेल दिखाकर महत्वपूर्ण योगदान दिया।,positive,hockey,contextual
342,मैच आज आयोजित होगा और भारतीय शटलर इसमें हिस्सा लेगा।,neutral,badminton,factual
343,कप्तान ने मुकाबला में असंगत प्रदर्शन किया और दबाव में बिखर गई।,negative,kabaddi,paraphrase
344,टूर्नामेंट के अहम चरण में चैंपियन मैच से पहले प्रशिक्षण कर रहा है।,neutral,badminton,factual
345,निर्णायक मैच में जोड़ी ने सेट में कमाल का खेल दिखाकर लगातार अच्छा प्रदर्शन किया।,positive,badminton,contextual
346,मैच प्रशंसकों के सामने आयोजित होगा और डिफेंडर इसमें हिस्सा लेगा।,neutral,football,factual
347,घरेलू मैदान पर भारतीय शटलर सेट से पहले प्रशिक्षण कर रहा है।,neutral,badminton,factual
348,प्रशंसकों के सामने युवा एथलीट का इवेंट में निराश करने वाला खेल टीम पर भारी पड़ा।,negative,athletics,contextual
349,आज विकेटकीपर ने मैच में शानदार खेल दिखाकर लगातार अच्छा प्रदर्शन किया।,positive,cricket,contextual
350,लंबे ब्रेक के बाद गेंदबाज मैच से पहले प्रशिक्षण कर रहा है।,neutral,cricket,factual
351,भारतीय टीम ने फाइनल में निराश करने वाला प्रदर्शन किया और उम्मीदों पर खरी नहीं उतरी।,negative,football,paraphrase
352,महत्वपूर्ण मौके पर विकेटकीपर का पारी में कमजोर खेल टीम पर भारी पड़ा।,negative,cricket,contextual
353,डिफेंडर ने लीग मैच में यादगार प्रदर्शन करते हुए शानदार वापसी की।,positive,hockey,paraphrase
354,प्रशंसकों के सामने कप्तान ने मुकाबला में जबरदस्त खेल दिखाकर दबदबा कायम रखा।,positive,cricket,contextual
355,निर्णायक मैच में बल्लेबाज का रन चेज में लचर खेल टीम पर भारी पड़ा।,negative,cricket,contextual
356,युवा खिलाड़ी ने मैच में फीका प्रदर्शन किया और मुकाबला गंवा दिया।,negative,tennis,paraphrase
357,टूर्नामेंट के अहम चरण में रेडर ने लीग मैच में कई आसान मौके गंवाए।,negative,kabaddi,domain_context
358,इस मुकाबले में रेडर का मुकाबला में असंगत खेल टीम पर भारी पड़ा।,negative,kabaddi,contextual
359,महत्वपूर्ण मौके पर कप्तान ने फाइनल में यादगार खेल दिखाकर जीत दर्ज की।,positive,kabaddi,contextual
360,घरेलू मैदान पर फॉरवर्ड ने मैच में कई आसान मौके गंवाए।,negative,football,domain_context
361,धाविका ने इवेंट के लिए तैयारी शुरू कर दी।,neutral,athletics,factual
362,प्रतियोगिता दबाव वाले मुकाबले में आयोजित होगा और युवा एथलीट इसमें हिस्सा लेगा।,neutral,athletics,factual
363,गोलकीपर ने मैच में बेअसर प्रदर्शन किया और महत्वपूर्ण मौका गंवाया।,negative,football,paraphrase
364,निर्णायक मैच में खिलाड़ी ने गेम में लाजवाब खेल दिखाकर मुश्किल स्थिति से बाहर निकली।,positive,badminton,contextual
365,लंबे अंतराल के बाद टूर्नामेंट का अगला चरण अगले सप्ताह शुरू होगा।,neutral,multi-sport,domain_context
366,प्रशंसकों के सामने एथलीट ने इवेंट से पहले प्रशिक्षण पूरा किया।,neutral,athletics,domain_context
367,घरेलू मैदान पर हॉकी टीम ने मुकाबला में शानदार खेल दिखाकर दबदबा कायम रखा।,positive,hockey,contextual
368,डिफेंडर ने फाइनल में लचर खेल दिखाया और टीम को नुकसान हुआ।,negative,football,domain_context
369,महत्वपूर्ण मौके पर कप्तान ने रन चेज में उत्कृष्ट खेल दिखाकर जीत दर्ज की।,positive,cricket,contextual
370,भारतीय टीम फाइनल के लिए मैच के लिए रवाना हुई।,neutral,football,neutral
371,निर्णायक मैच में युवा खिलाड़ी का फाइनल में निराश करने वाला खेल टीम पर भारी पड़ा।,negative,tennis,contextual
372,इवेंट घरेलू मैदान पर आयोजित होगा और युवा एथलीट इसमें हिस्सा लेगा।,neutral,athletics,factual
373,टूर्नामेंट के अहम चरण में कप्तान ने लीग मैच में बेहतरीन तालमेल के साथ जीत हासिल की।,positive,kabaddi,domain_context
374,प्रशंसकों के सामने खिलाड़ी का प्रतियोगिता में निराश करने वाला खेल टीम पर भारी पड़ा।,negative,athletics,contextual
375,बल्लेबाज सीरीज के लिए अगले दौर के लिए पहुंची।,neutral,cricket,neutral
376,फॉरवर्ड मुकाबला के लिए रणनीति पर चर्चा कर रही है।,neutral,football,neutral
377,लंबे ब्रेक के बाद कप्तान ने मुकाबला से पहले प्रशिक्षण पूरा किया।,neutral,kabaddi,domain_context
378,दबाव वाले मुकाबले में गोलकीपर ने लीग मैच में शानदार खेल दिखाकर महत्वपूर्ण योगदान दिया।,positive,hockey,contextual
379,टूर्नामेंट के अहम चरण में भारतीय टीम ने मुकाबला में जबरदस्त खेल दिखाकर लगातार अच्छा प्रदर्शन किया।,positive,football,contextual
380,लंबे ब्रेक के बाद युवा शटलर ने मुकाबला में शानदार खेल दिखाकर दबदबा कायम रखा।,positive,badminton,contextual
381,प्रशंसकों के सामने डिफेंडर ने प्लेऑफ में यादगार खेल दिखाकर जीत दर्ज की।,positive,kabaddi,contextual
382,भारतीय टीम रन चेज के लिए अभ्यास सत्र में शामिल हुई।,neutral,cricket,neutral
383,कप्तान ने ओवर में असंगत प्रदर्शन किया और दबाव में बिखर गई।,negative,cricket,paraphrase
384,फॉरवर्ड ने मुकाबला में खराब प्रदर्शन किया और बढ़त गंवा दी।,negative,hockey,paraphrase
385,गेम टूर्नामेंट के अहम चरण में आयोजित होगा और युवा शटलर इसमें हिस्सा लेगा।,neutral,badminton,factual
386,घरेलू मैदान पर भारतीय खिलाड़ी का फाइनल में खराब खेल टीम पर भारी पड़ा।,negative,tennis,contextual
387,आज गेंदबाज ने सीरीज में कमाल का खेल दिखाकर लगातार अच्छा प्रदर्शन किया।,positive,cricket,contextual
388,टूर्नामेंट के अहम चरण में हॉकी टीम ने मैच में लाजवाब खेल दिखाकर महत्वपूर्ण योगदान दिया।,positive,hockey,contextual
389,घरेलू मैदान पर फॉरवर्ड का फाइनल में निराशाजनक खेल टीम पर भारी पड़ा।,negative,hockey,contextual
390,लीग मैच लगातार तीसरे मैच में आयोजित होगा और भारतीय टीम इसमें हिस्सा लेगा।,neutral,kabaddi,factual
391,लगातार तीसरे मैच में गोलकीपर का फाइनल में असंगत खेल टीम पर भारी पड़ा।,negative,football,contextual
392,लंबे ब्रेक के बाद कप्तान का मैच में लचर खेल टीम पर भारी पड़ा।,negative,football,contextual
393,लगातार तीसरे मैच में भारत का मैच में असंगत खेल टीम पर भारी पड़ा।,negative,cricket,contextual
394,इस मुकाबले में खिलाड़ी ने प्रतियोगिता में उत्कृष्ट खेल दिखाकर शानदार वापसी की।,positive,athletics,contextual
395,टूर्नामेंट के अहम चरण में फॉरवर्ड ने सेमीफाइनल में कमाल का खेल दिखाकर मुश्किल स्थिति से बाहर निकली।,positive,hockey,contextual
396,इस मुकाबले में भारतीय टीम ने रन चेज में जबरदस्त खेल दिखाकर शानदार वापसी की।,positive,cricket,contextual
397,प्रशंसकों के सामने खिलाड़ी लगातार अपनी लय खोते रहे।,negative,multi-sport,domain_context
398,दबाव वाले मुकाबले में भारतीय टीम ने मैच में शानदार खेल दिखाकर लगातार अच्छा प्रदर्शन किया।,positive,hockey,contextual
399,निर्णायक मैच में भारतीय शटलर ने सेट में यादगार खेल दिखाकर दबदबा कायम रखा।,positive,badminton,contextual
400,घरेलू मैदान पर भारतीय धावक का प्रतियोगिता में खराब खेल टीम पर भारी पड़ा।,negative,athletics,contextual
401,रेडर की टीम मुकाबला के लिए अपनी अंतिम सूची तैयार कर रही है।,neutral,kabaddi,domain_context
402,लगातार तीसरे मैच में खिलाड़ी ने दौड़ में शानदार खेल दिखाकर लगातार अच्छा प्रदर्शन किया।,positive,athletics,contextual
403,फाइनल दबाव वाले मुकाबले में आयोजित होगा और भारतीय धावक इसमें हिस्सा लेगा।,neutral,athletics,factual
404,मैच निर्णायक मैच में आयोजित होगा और भारतीय टीम इसमें हिस्सा लेगा।,neutral,football,factual
405,महत्वपूर्ण मौके पर रेडर का मुकाबला में निराश करने वाला खेल टीम पर भारी पड़ा।,negative,kabaddi,contextual
406,आज भारतीय शटलर ने मुकाबला में यादगार खेल दिखाकर दबदबा कायम रखा।,positive,badminton,contextual
407,धाविका ने इवेंट में बेअसर प्रदर्शन किया और बढ़त गंवा दी।,negative,athletics,paraphrase
408,हॉकी टीम ने मुकाबला में असंगत प्रदर्शन किया और लगातार गलतियां कीं।,negative,hockey,paraphrase
409,प्रशंसकों के सामने बल्लेबाज ने पारी में धमाकेदार खेल दिखाकर जीत दर्ज की।,positive,cricket,contextual
410,मैच इस मुकाबले में आयोजित होगा और खिलाड़ी इसमें हिस्सा लेगा।,neutral,tennis,factual
411,ओवर इस मुकाबले में आयोजित होगा और विकेटकीपर इसमें हिस्सा लेगा।,neutral,cricket,factual
412,घरेलू मैदान पर भारत ने मुकाबला में लाजवाब खेल दिखाकर शानदार वापसी की।,positive,cricket,contextual
413,दबाव वाले मुकाबले में चैंपियन ने फाइनल में कई आसान मौके गंवाए।,negative,badminton,domain_context
414,निर्णायक मैच में खिलाड़ी प्लेऑफ से पहले प्रशिक्षण कर रहा है।,neutral,kabaddi,factual
415,दबाव वाले मुकाबले में कप्तान ने मैच में धमाकेदार खेल दिखाकर शानदार वापसी की।,positive,football,contextual
416,निर्णायक मैच में टेनिस स्टार का मुकाबला में बेअसर खेल टीम पर भारी पड़ा।,negative,tennis,contextual
417,गेंदबाज ने ओवर में बेअसर प्रदर्शन किया और दबाव में बिखर गई।,negative,cricket,paraphrase
418,लगातार तीसरे मैच में भारतीय खिलाड़ी का सेट में लचर खेल टीम पर भारी पड़ा।,negative,tennis,contextual
419,मैच टूर्नामेंट के अहम चरण में आयोजित होगा और भारतीय खिलाड़ी इसमें हिस्सा लेगा।,neutral,tennis,factual
420,युवा खिलाड़ी ने फाइनल में बेहतरीन प्रदर्शन करते हुए मुकाबला अपने नाम कर लिया।,positive,tennis,paraphrase
421,घरेलू मैदान पर फॉरवर्ड ने फाइनल में शानदार खेल दिखाकर लगातार अच्छा प्रदर्शन किया।,positive,hockey,contextual
422,निर्णायक मैच में भारतीय टीम सीरीज से पहले प्रशिक्षण कर रहा है।,neutral,cricket,factual
423,इस मुकाबले में क्लब का लीग मैच में खराब खेल टीम पर भारी पड़ा।,negative,football,contextual
424,लंबे ब्रेक के बाद भारत का सीरीज में असंगत खेल टीम पर भारी पड़ा।,negative,cricket,contextual
425,इस मुकाबले में कप्तान ने मैच में उत्कृष्ट खेल दिखाकर शानदार वापसी की।,positive,football,contextual
426,लगातार तीसरे मैच में एथलीट ने रेस में लाजवाब खेल दिखाकर महत्वपूर्ण योगदान दिया।,positive,athletics,contextual
427,आज गोलकीपर ने लीग मैच में शानदार खेल दिखाकर मुकाबला अपने नाम कर लिया।,positive,football,contextual
428,लंबे ब्रेक के बाद युवा एथलीट ने फाइनल में लाजवाब खेल दिखाकर मुकाबला अपने नाम कर लिया।,positive,athletics,contextual
429,टूर्नामेंट के अहम चरण में कप्तान ने फाइनल से पहले प्रशिक्षण पूरा किया।,neutral,tennis,domain_context
430,लगातार तीसरे मैच में विकेटकीपर ने मुकाबला में कई आसान मौके गंवाए।,negative,cricket,domain_context
431,लगातार तीसरे मैच में कप्तान ने फाइनल में धमाकेदार खेल दिखाकर लगातार अच्छा प्रदर्शन किया।,positive,football,contextual
432,आज फॉरवर्ड ने मैच में शानदार खेल दिखाकर शानदार वापसी की।,positive,football,contextual
433,कप्तान की टीम पारी के लिए अपनी अंतिम सूची तैयार कर रही है।,neutral,cricket,domain_context
434,इस मुकाबले में हॉकी टीम का फाइनल में फीका खेल टीम पर भारी पड़ा।,negative,hockey,contextual
435,लगातार तीसरे मैच में युवा खिलाड़ी ने फाइनल में धमाकेदार खेल दिखाकर जीत दर्ज की।,positive,tennis,contextual
436,सेमीफाइनल इस मुकाबले में आयोजित होगा और क्लब इसमें हिस्सा लेगा।,neutral,football,factual
437,दबाव वाले मुकाबले में विकेटकीपर ने रन चेज से पहले प्रशिक्षण पूरा किया।,neutral,cricket,domain_context
438,टूर्नामेंट के अहम चरण में कप्तान का लीग मैच में बेअसर खेल टीम पर भारी पड़ा।,negative,football,contextual
439,महत्वपूर्ण मौके पर भारतीय टीम लीग मैच से पहले प्रशिक्षण कर रहा है।,neutral,hockey,factual
440,महत्वपूर्ण मौके पर खिलाड़ी ने प्रतियोगिता में जबरदस्त खेल दिखाकर जीत दर्ज की।,positive,athletics,contextual
441,क्लब की लीग मैच में फीका रणनीति काम नहीं आई।,negative,football,contextual
442,युवा खिलाड़ी ने मुकाबला में बेअसर प्रदर्शन किया और दबाव में बिखर गई।,negative,tennis,paraphrase
443,कप्तान फाइनल के लिए अगले दौर के लिए पहुंची।,neutral,football,neutral
444,लंबे ब्रेक के बाद डिफेंडर ने लीग मैच में बेहतरीन खेल दिखाकर लगातार अच्छा प्रदर्शन किया।,positive,hockey,contextual
445,इस मुकाबले में युवा शटलर का मैच में बेअसर खेल टीम पर भारी पड़ा।,negative,badminton,contextual
446,प्रशंसकों के सामने खिलाड़ी सेट से पहले प्रशिक्षण कर रहा है।,neutral,tennis,factual
447,प्रशंसकों के सामने खिलाड़ी का दौड़ में लचर खेल टीम पर भारी पड़ा।,negative,athletics,contextual
448,चैंपियन ने सेट में फीका प्रदर्शन किया और मुकाबला गंवा दिया।,negative,badminton,paraphrase
449,भारतीय टीम ने ओवर में बेअसर प्रदर्शन किया और मुकाबला गंवा दिया।,negative,cricket,paraphrase
450,मैच प्रशंसकों के सामने आयोजित होगा और कप्तान इसमें हिस्सा लेगा।,neutral,cricket,factual
451,महत्वपूर्ण मौके पर गोलकीपर का मुकाबला में लचर खेल टीम पर भारी पड़ा।,negative,football,contextual
452,टूर्नामेंट के अहम चरण में युवा खिलाड़ी ने मुकाबला से पहले प्रशिक्षण पूरा किया।,neutral,tennis,domain_context
453,निर्णायक मैच में रेडर ने लीग मैच में शानदार खेल दिखाकर जीत दर्ज की।,positive,kabaddi,contextual
454,भारतीय शटलर मैच के लिए अभ्यास सत्र में शामिल हुई।,neutral,badminton,neutral
455,प्रशंसकों के सामने खिलाड़ी ने गेम में उत्कृष्ट खेल दिखाकर मुकाबला अपने नाम कर लिया।,positive,badminton,contextual
456,घरेलू मैदान पर भारतीय खिलाड़ी का फाइनल में लचर खेल टीम पर भारी पड़ा।,negative,tennis,contextual
457,लंबे ब्रेक के बाद कप्तान पारी से पहले प्रशिक्षण कर रहा है।,neutral,cricket,factual
458,फॉरवर्ड मैच के लिए टूर्नामेंट में हिस्सा ले रही है।,neutral,football,neutral
459,लंबे ब्रेक के बाद गेंदबाज ने मुकाबला में कई आसान मौके गंवाए।,negative,cricket,domain_context
460,भारत ने पारी में कमजोर प्रदर्शन किया और मुकाबला गंवा दिया।,negative,cricket,paraphrase
461,खिलाड़ी की मुकाबला में बेअसर रणनीति काम नहीं आई।,negative,kabaddi,contextual
462,प्रशंसकों के सामने खिलाड़ी ने लीग मैच में शानदार खेल दिखाकर महत्वपूर्ण योगदान दिया।,positive,kabaddi,contextual
463,युवा एथलीट ने दौड़ में बेअसर प्रदर्शन किया और दबाव में बिखर गई।,negative,athletics,paraphrase
464,घरेलू मैदान पर भारतीय खिलाड़ी सेट से पहले प्रशिक्षण कर रहा है।,neutral,tennis,factual
465,गोलकीपर ने सेमीफाइनल में असंगत प्रदर्शन किया और मुकाबला गंवा दिया।,negative,hockey,paraphrase
466,दबाव वाले मुकाबले में फॉरवर्ड ने मुकाबला में यादगार खेल दिखाकर शानदार वापसी की।,positive,football,contextual
467,इस मुकाबले में डिफेंडर का सेमीफाइनल में लचर खेल टीम पर भारी पड़ा।,negative,hockey,contextual
468,टूर्नामेंट के अहम चरण में भारतीय टीम का सीरीज में निराशाजनक खेल टीम पर भारी पड़ा।,negative,cricket,contextual
469,निर्णायक मैच में विकेटकीपर ने सीरीज में कई आसान मौके गंवाए।,negative,cricket,domain_context
470,भारतीय धावक ने फाइनल में यादगार प्रदर्शन करते हुए शानदार वापसी की।,positive,athletics,paraphrase
471,भारतीय टीम ने मुकाबला में खराब प्रदर्शन किया और मुकाबला गंवा दिया।,negative,hockey,paraphrase
472,लगातार तीसरे मैच में धाविका ने फाइनल से पहले प्रशिक्षण पूरा किया।,neutral,athletics,domain_context
473,दबाव वाले मुकाबले में भारतीय शटलर ने मुकाबला में यादगार खेल दिखाकर शानदार वापसी की।,positive,badminton,contextual
474,लंबे ब्रेक के बाद फॉरवर्ड ने फाइनल में बेहतरीन खेल दिखाकर जीत दर्ज की।,positive,football,contextual
475,महत्वपूर्ण मौके पर भारतीय शटलर ने मुकाबला में बेहतरीन खेल दिखाकर दबदबा कायम रखा।,positive,badminton,contextual
476,मुकाबला आज आयोजित होगा और डिफेंडर इसमें हिस्सा लेगा।,neutral,football,factual
477,दबाव वाले मुकाबले में डिफेंडर ने मुकाबला में जबरदस्त खेल दिखाकर जीत दर्ज की।,positive,kabaddi,contextual
478,भारतीय टीम मुकाबला के लिए अगले मुकाबले की तैयारी कर रही है।,neutral,cricket,neutral
479,शाम के मुकाबले में टीम ने मुश्किल हालात में शानदार जीत हासिल की।,positive,multi-sport,domain_context
480,दबाव वाले मुकाबले में गेंदबाज ने रन चेज में शानदार खेल दिखाकर महत्वपूर्ण योगदान दिया।,positive,cricket,contextual
481,कप्तान की टीम प्लेऑफ के लिए अपनी अंतिम सूची तैयार कर रही है।,neutral,kabaddi,domain_context
482,प्रशंसकों के सामने खिलाड़ी का प्रतियोगिता में खराब खेल टीम पर भारी पड़ा।,negative,athletics,contextual
483,चैंपियन फाइनल के लिए अगले दौर के लिए पहुंची।,neutral,badminton,neutral
484,आज धाविका प्रतियोगिता से पहले प्रशिक्षण कर रहा है।,neutral,athletics,factual
485,टूर्नामेंट के अहम चरण में हॉकी टीम का मैच में असंगत खेल टीम पर भारी पड़ा।,negative,hockey,contextual
486,फाइनल लंबे ब्रेक के बाद आयोजित होगा और एथलीट इसमें हिस्सा लेगा।,neutral,athletics,factual
487,भारतीय टीम सेमीफाइनल के लिए प्रशिक्षण जारी रखे हुए है।,neutral,hockey,neutral
488,टेनिस स्टार ने क्वार्टरफाइनल में लचर खेल दिखाया और टीम को नुकसान हुआ।,negative,tennis,domain_context
489,टूर्नामेंट के अहम चरण में डिफेंडर का मैच में लचर खेल टीम पर भारी पड़ा।,negative,hockey,contextual
490,महत्वपूर्ण मौके पर फॉरवर्ड मैच से पहले प्रशिक्षण कर रहा है।,neutral,football,factual
491,रेडर ने मैच में फीका प्रदर्शन किया और दबाव में बिखर गई।,negative,kabaddi,paraphrase
492,डिफेंडर फाइनल के लिए अभ्यास सत्र में शामिल हुई।,neutral,football,neutral
493,भारतीय खिलाड़ी मैच के लिए अगले मुकाबले की तैयारी कर रही है।,neutral,tennis,neutral
494,दबाव वाले मुकाबले में विकेटकीपर ने मुकाबला में बेहतरीन खेल दिखाकर जीत दर्ज की।,positive,cricket,contextual
495,लगातार तीसरे मैच में भारतीय टीम ने मैच से पहले प्रशिक्षण पूरा किया।,neutral,football,domain_context
496,युवा शटलर ने सेट में बेहतरीन प्रदर्शन करते हुए महत्वपूर्ण योगदान दिया।,positive,badminton,paraphrase
497,आज खिलाड़ी प्रतियोगिता से पहले प्रशिक्षण कर रहा है।,neutral,athletics,factual
498,लगातार तीसरे मैच में भारतीय टीम का मुकाबला में निराश करने वाला खेल टीम पर भारी पड़ा।,negative,hockey,contextual
499,महत्वपूर्ण मौके पर युवा खिलाड़ी ने मैच में उत्कृष्ट खेल दिखाकर लगातार अच्छा प्रदर्शन किया।,positive,tennis,contextual
500,आज क्लब का सेमीफाइनल में फीका खेल टीम पर भारी पड़ा।,negative,football,contextual
501,लगातार तीसरे मैच में खिलाड़ी सेट से पहले प्रशिक्षण कर रहा है।,neutral,tennis,factual
502,युवा शटलर ने सेट में बेहतरीन प्रदर्शन करते हुए लगातार अच्छा प्रदर्शन किया।,positive,badminton,paraphrase
503,महत्वपूर्ण मौके पर क्लब ने सेमीफाइनल से पहले प्रशिक्षण पूरा किया।,neutral,football,domain_context
504,प्रशंसकों के सामने भारतीय टीम ने मुकाबला में उत्कृष्ट खेल दिखाकर शानदार वापसी की।,positive,football,contextual
505,प्रशंसकों के सामने हॉकी टीम ने लीग मैच में यादगार खेल दिखाकर जीत दर्ज की।,positive,hockey,contextual
506,इस मुकाबले में युवा खिलाड़ी ने मुकाबला में जबरदस्त खेल दिखाकर जीत दर्ज की।,positive,tennis,contextual
507,इस मुकाबले में भारतीय खिलाड़ी ने क्वार्टरफाइनल में यादगार खेल दिखाकर मुश्किल स्थिति से बाहर निकली।,positive,tennis,contextual
508,युवा एथलीट ने फाइनल में बेअसर प्रदर्शन किया और अपनी लय खो दी।,negative,athletics,paraphrase
509,इस मुकाबले में क्लब का फाइनल में बेअसर खेल टीम पर भारी पड़ा।,negative,football,contextual
510,युवा खिलाड़ी ने मैच में शानदार प्रदर्शन करते हुए दबदबा कायम रखा।,positive,tennis,paraphrase
511,गोलकीपर लीग मैच के लिए अगले दौर के लिए पहुंची।,neutral,football,neutral
512,जोड़ी ने गेम में निराशाजनक प्रदर्शन किया और महत्वपूर्ण मौका गंवाया।,negative,badminton,paraphrase
513,इस मुकाबले में चैंपियन गेम से पहले प्रशिक्षण कर रहा है।,neutral,badminton,factual
514,गोलकीपर की मैच में निराशाजनक रणनीति काम नहीं आई।,negative,hockey,contextual
515,लंबे ब्रेक के बाद कप्तान का प्लेऑफ में निराशाजनक खेल टीम पर भारी पड़ा।,negative,kabaddi,contextual
516,इस मुकाबले में फॉरवर्ड मुकाबला से पहले प्रशिक्षण कर रहा है।,neutral,hockey,factual
517,कप्तान ने मुकाबला में धमाकेदार प्रदर्शन करते हुए जीत दर्ज की।,positive,football,paraphrase
518,लंबे ब्रेक के बाद भारतीय धावक ने प्रतियोगिता में लाजवाब खेल दिखाकर लगातार अच्छा प्रदर्शन किया।,positive,athletics,contextual
519,आज रेडर फाइनल से पहले प्रशिक्षण कर रहा है।,neutral,kabaddi,factual
520,निर्णायक मैच में भारतीय टीम ने रन चेज में धमाकेदार खेल दिखाकर शानदार वापसी की।,positive,cricket,contextual
521,आज भारतीय धावक का दौड़ में लचर खेल टीम पर भारी पड़ा।,negative,athletics,contextual
522,फाइनल घरेलू मैदान पर आयोजित होगा और फॉरवर्ड इसमें हिस्सा लेगा।,neutral,football,factual
523,लगातार तीसरे मैच में युवा शटलर ने फाइनल में लाजवाब खेल दिखाकर शानदार वापसी की।,positive,badminton,contextual
524,प्रतियोगिता निर्णायक मैच में आयोजित होगा और एथलीट इसमें हिस्सा लेगा।,neutral,athletics,factual
525,लंबे ब्रेक के बाद जोड़ी मुकाबला से पहले प्रशिक्षण कर रहा है।,neutral,badminton,factual
526,मुकाबला लगातार तीसरे मैच में आयोजित होगा और युवा शटलर इसमें हिस्सा लेगा।,neutral,badminton,factual
527,मुकाबला निर्णायक मैच में आयोजित होगा और युवा खिलाड़ी इसमें हिस्सा लेगा।,neutral,tennis,factual
528,खिलाड़ी ने रेस में लचर प्रदर्शन किया और लगातार गलतियां कीं।,negative,athletics,paraphrase
529,घरेलू मैदान पर एथलीट ने फाइनल में बेहतरीन खेल दिखाकर महत्वपूर्ण योगदान दिया।,positive,athletics,contextual
530,सीरीज टूर्नामेंट के अहम चरण में आयोजित होगा और बल्लेबाज इसमें हिस्सा लेगा।,neutral,cricket,factual
531,आज भारतीय टीम ने मुकाबला में लाजवाब खेल दिखाकर दबदबा कायम रखा।,positive,hockey,contextual
532,लगातार तीसरे मैच में टेनिस स्टार क्वार्टरफाइनल से पहले प्रशिक्षण कर रहा है।,neutral,tennis,factual
533,कप्तान को मुकाबला के लिए टीम में शामिल किया गया है।,neutral,football,domain_context
534,इस मुकाबले में टेनिस स्टार का फाइनल में लचर खेल टीम पर भारी पड़ा।,negative,tennis,contextual
535,क्लब के सेमीफाइनल में लाजवाब प्रदर्शन से टीम को फायदा हुआ।,positive,football,contextual
536,टूर्नामेंट के अहम चरण में कप्तान लीग मैच से पहले प्रशिक्षण कर रहा है।,neutral,football,factual
537,लगातार तीसरे मैच में टेनिस स्टार ने सेट में कई आसान मौके गंवाए।,negative,tennis,domain_context
538,खिलाड़ी रेस के लिए अगले मुकाबले की तैयारी कर रही है।,neutral,athletics,neutral
539,निर्णायक मैच में जोड़ी मुकाबला से पहले प्रशिक्षण कर रहा है।,neutral,badminton,factual
540,टूर्नामेंट के अहम चरण में खिलाड़ी ने फाइनल में बेहतरीन तालमेल के साथ जीत हासिल की।,positive,badminton,domain_context
541,कप्तान ने मुकाबला में फीका प्रदर्शन किया और मुकाबला गंवा दिया।,negative,tennis,paraphrase
542,ओवर टूर्नामेंट के अहम चरण में आयोजित होगा और बल्लेबाज इसमें हिस्सा लेगा।,neutral,cricket,factual
543,लंबे ब्रेक के बाद कप्तान ने फाइनल में बेहतरीन खेल दिखाकर महत्वपूर्ण योगदान दिया।,positive,kabaddi,contextual
544,आज डिफेंडर ने मैच में धमाकेदार खेल दिखाकर मुश्किल स्थिति से बाहर निकली।,positive,kabaddi,contextual
545,प्रशंसकों के सामने भारतीय धावक का फाइनल में खराब खेल टीम पर भारी पड़ा।,negative,athletics,contextual
546,कप्तान लीग मैच के लिए मैच के लिए रवाना हुई।,neutral,football,neutral
547,टूर्नामेंट के अहम चरण में खिलाड़ी सेट से पहले प्रशिक्षण कर रहा है।,neutral,tennis,factual
548,घरेलू मैदान पर टेनिस स्टार ने सेट में उत्कृष्ट खेल दिखाकर लगातार अच्छा प्रदर्शन किया।,positive,tennis,contextual
549,चैंपियन फाइनल के लिए मैच के लिए रवाना हुई।,neutral,badminton,neutral
550,खिलाड़ी क्वार्टरफाइनल के लिए रणनीति पर चर्चा कर रही है।,neutral,tennis,neutral
551,खिलाड़ी ने सेट में खराब प्रदर्शन किया और बढ़त गंवा दी।,negative,badminton,paraphrase
552,आज गेंदबाज पारी से पहले प्रशिक्षण कर रहा है।,neutral,cricket,factual
553,आज गोलकीपर ने मुकाबला में जबरदस्त खेल दिखाकर दबदबा कायम रखा।,positive,hockey,contextual
554,टूर्नामेंट के अहम चरण में एथलीट का दौड़ में कमजोर खेल टीम पर भारी पड़ा।,negative,athletics,contextual
555,लगातार तीसरे मैच में खिलाड़ी ने मैच में उत्कृष्ट खेल दिखाकर दबदबा कायम रखा।,positive,kabaddi,contextual
556,इस मुकाबले में टेनिस स्टार ने फाइनल में बेहतरीन तालमेल के साथ जीत हासिल की।,positive,tennis,domain_context
557,जोड़ी ने सेट में निराश करने वाला प्रदर्शन किया और लगातार गलतियां कीं।,negative,badminton,paraphrase
558,प्रशंसकों के सामने फॉरवर्ड ने मैच से पहले प्रशिक्षण पूरा किया।,neutral,hockey,domain_context
559,लगातार तीसरे मैच में धाविका फाइनल से पहले प्रशिक्षण कर रहा है।,neutral,athletics,factual
560,आज भारतीय शटलर ने मुकाबला में जबरदस्त खेल दिखाकर मुश्किल स्थिति से बाहर निकली।,positive,badminton,contextual
561,दबाव वाले मुकाबले में कप्तान ने सेमीफाइनल से पहले प्रशिक्षण पूरा किया।,neutral,football,domain_context
562,महत्वपूर्ण मौके पर टेनिस स्टार ने मुकाबला में लाजवाब खेल दिखाकर मुकाबला अपने नाम कर लिया।,positive,tennis,contextual
563,प्रशंसकों के सामने भारतीय टीम ने रन चेज में लाजवाब खेल दिखाकर लगातार अच्छा प्रदर्शन किया।,positive,cricket,contextual
564,भारतीय खिलाड़ी ने मुकाबला में बेअसर प्रदर्शन किया और अपनी लय खो दी।,negative,tennis,paraphrase
565,टूर्नामेंट के अहम चरण में खिलाड़ी रेस से पहले प्रशिक्षण कर रहा है।,neutral,athletics,factual
566,घरेलू मैदान पर फॉरवर्ड ने मुकाबला में बेहतरीन खेल दिखाकर मुकाबला अपने नाम कर लिया।,positive,football,contextual
567,घरेलू मैदान पर जोड़ी ने मैच में यादगार खेल दिखाकर लगातार अच्छा प्रदर्शन किया।,positive,badminton,contextual
568,दबाव वाले मुकाबले में विकेटकीपर ने सीरीज से पहले प्रशिक्षण पूरा किया।,neutral,cricket,domain_context
569,फॉरवर्ड मुकाबला के लिए मैच के लिए रवाना हुई।,neutral,football,neutral
570,आज डिफेंडर ने लीग मैच से पहले प्रशिक्षण पूरा किया।,neutral,hockey,domain_context
571,एथलीट फाइनल के लिए मैच के लिए रवाना हुई।,neutral,athletics,neutral
572,हॉकी टीम के फाइनल में बेहतरीन प्रदर्शन से टीम को फायदा हुआ।,positive,hockey,contextual
573,आज कप्तान ने मुकाबला में कमाल का खेल दिखाकर जीत दर्ज की।,positive,cricket,contextual
574,प्रशंसकों के सामने खिलाड़ी का मैच में बेअसर खेल टीम पर भारी पड़ा।,negative,kabaddi,contextual
575,इस मुकाबले में टेनिस स्टार ने क्वार्टरफाइनल में जबरदस्त खेल दिखाकर लगातार अच्छा प्रदर्शन किया।,positive,tennis,contextual
576,भारतीय धावक ने इवेंट में असंगत प्रदर्शन किया और मुकाबला गंवा दिया।,negative,athletics,paraphrase
577,रेडर ने फाइनल में निराशाजनक प्रदर्शन किया और मुकाबला गंवा दिया।,negative,kabaddi,paraphrase
578,दबाव वाले मुकाबले में भारतीय टीम का लीग मैच में निराशाजनक खेल टीम पर भारी पड़ा।,negative,hockey,contextual
579,लंबे ब्रेक के बाद डिफेंडर ने मुकाबला से पहले प्रशिक्षण पूरा किया।,neutral,hockey,domain_context
580,टूर्नामेंट के अहम चरण में फॉरवर्ड ने लीग मैच में उत्कृष्ट खेल दिखाकर दबदबा कायम रखा।,positive,hockey,contextual
581,टेनिस स्टार ने फाइनल में लाजवाब प्रदर्शन करते हुए मुश्किल स्थिति से बाहर निकली।,positive,tennis,paraphrase
582,निर्णायक मैच में युवा एथलीट ने दौड़ में शानदार खेल दिखाकर शानदार वापसी की।,positive,athletics,contextual
583,लगातार तीसरे मैच में भारतीय धावक ने फाइनल में कमाल का खेल दिखाकर शानदार वापसी की।,positive,athletics,contextual
584,इस मुकाबले में भारतीय टीम का फाइनल में निराश करने वाला खेल टीम पर भारी पड़ा।,negative,football,contextual
585,दबाव वाले मुकाबले में कप्तान ने रन चेज में बेहतरीन खेल दिखाकर लगातार अच्छा प्रदर्शन किया।,positive,cricket,contextual
586,घरेलू मैदान पर क्लब ने फाइनल में शानदार खेल दिखाकर दबदबा कायम रखा।,positive,football,contextual
587,महत्वपूर्ण मौके पर क्लब मुकाबला से पहले प्रशिक्षण कर रहा है।,neutral,football,factual
588,आज भारतीय शटलर ने फाइनल में बेहतरीन खेल दिखाकर मुश्किल स्थिति से बाहर निकली।,positive,badminton,contextual
589,इस मुकाबले में विकेटकीपर ने सीरीज में बेहतरीन खेल दिखाकर लगातार अच्छा प्रदर्शन किया।,positive,cricket,contextual
590,लगातार तीसरे मैच में युवा शटलर ने फाइनल में यादगार खेल दिखाकर लगातार अच्छा प्रदर्शन किया।,positive,badminton,contextual
591,मैच दबाव वाले मुकाबले में आयोजित होगा और क्लब इसमें हिस्सा लेगा।,neutral,football,factual
592,दबाव वाले मुकाबले में कप्तान का सेमीफाइनल में असंगत खेल टीम पर भारी पड़ा।,negative,football,contextual
593,दबाव वाले मुकाबले में डिफेंडर ने फाइनल में शानदार खेल दिखाकर मुकाबला अपने नाम कर लिया।,positive,kabaddi,contextual
594,लगातार तीसरे मैच में कप्तान प्लेऑफ से पहले प्रशिक्षण कर रहा है।,neutral,kabaddi,factual
595,लंबे ब्रेक के बाद एथलीट ने इवेंट में यादगार खेल दिखाकर शानदार वापसी की।,positive,athletics,contextual
596,भारतीय टीम ने फाइनल में फीका प्रदर्शन किया और अपनी लय खो दी।,negative,football,paraphrase
597,निर्णायक मैच में हॉकी टीम ने लीग मैच में शानदार खेल दिखाकर दबदबा कायम रखा।,positive,hockey,contextual
598,ओवर प्रशंसकों के सामने आयोजित होगा और विकेटकीपर इसमें हिस्सा लेगा।,neutral,cricket,factual
599,भारतीय खिलाड़ी ने मुकाबला में खराब प्रदर्शन किया और लगातार गलतियां कीं।,negative,tennis,paraphrase
600,घरेलू मैदान पर युवा खिलाड़ी ने सेट में जबरदस्त खेल दिखाकर मुकाबला अपने नाम कर लिया।,positive,tennis,contextual
601,डिफेंडर मुकाबला के लिए टूर्नामेंट में हिस्सा ले रही है।,neutral,football,neutral
602,गेम महत्वपूर्ण मौके पर आयोजित होगा और जोड़ी इसमें हिस्सा लेगा।,neutral,badminton,factual
603,कप्तान क्वार्टरफाइनल के लिए अभ्यास सत्र में शामिल हुई।,neutral,tennis,neutral
604,भारतीय खिलाड़ी ने क्वार्टरफाइनल में यादगार प्रदर्शन करते हुए मुश्किल स्थिति से बाहर निकली।,positive,tennis,paraphrase
605,महत्वपूर्ण मौके पर जोड़ी का गेम में असंगत खेल टीम पर भारी पड़ा।,negative,badminton,contextual
606,महत्वपूर्ण मौके पर चैंपियन ने फाइनल से पहले प्रशिक्षण पूरा किया।,neutral,badminton,domain_context
607,घरेलू मैदान पर बल्लेबाज ने ओवर में यादगार खेल दिखाकर शानदार वापसी की।,positive,cricket,contextual
608,डिफेंडर ने फाइनल में फीका प्रदर्शन किया और लगातार गलतियां कीं।,negative,football,paraphrase
609,प्रशंसकों के सामने गोलकीपर ने मुकाबला में धमाकेदार खेल दिखाकर महत्वपूर्ण योगदान दिया।,positive,hockey,contextual
610,क्लब मुकाबला के लिए अभ्यास सत्र में शामिल हुई।,neutral,football,neutral
611,लीग मैच दबाव वाले मुकाबले में आयोजित होगा और भारतीय टीम इसमें हिस्सा लेगा।,neutral,football,factual
612,दबाव वाले मुकाबले में युवा शटलर ने सेट में कमाल का खेल दिखाकर दबदबा कायम रखा।,positive,badminton,contextual
613,महत्वपूर्ण मौके पर हॉकी टीम का फाइनल में कमजोर खेल टीम पर भारी पड़ा।,negative,hockey,contextual
614,टेनिस स्टार सेट के लिए अगले दौर के लिए पहुंची।,neutral,tennis,neutral
615,भारतीय धावक ने रेस में असंगत प्रदर्शन किया और उम्मीदों पर खरी नहीं उतरी।,negative,athletics,paraphrase
616,लंबे ब्रेक के बाद भारतीय टीम का पारी में कमजोर खेल टीम पर भारी पड़ा।,negative,cricket,contextual
617,भारतीय शटलर मुकाबला के लिए अगले मुकाबले की तैयारी कर रही है।,neutral,badminton,neutral
618,टेनिस स्टार सेट के लिए अगले मुकाबले की तैयारी कर रही है।,neutral,tennis,neutral
619,टूर्नामेंट के अहम चरण में गेंदबाज ने सीरीज में उत्कृष्ट खेल दिखाकर महत्वपूर्ण योगदान दिया।,positive,cricket,contextual
620,निर्णायक मैच में गोलकीपर मुकाबला से पहले प्रशिक्षण कर रहा है।,neutral,football,factual
621,लंबे ब्रेक के बाद जोड़ी ने मैच में उत्कृष्ट खेल दिखाकर लगातार अच्छा प्रदर्शन किया।,positive,badminton,contextual
622,लगातार तीसरे मैच में डिफेंडर का प्लेऑफ में खराब खेल टीम पर भारी पड़ा।,negative,kabaddi,contextual
623,टूर्नामेंट के अहम चरण में खिलाड़ी का सेट में खराब खेल टीम पर भारी पड़ा।,negative,tennis,contextual
624,महत्वपूर्ण मौके पर भारतीय टीम ने रन चेज में बेहतरीन खेल दिखाकर दबदबा कायम रखा।,positive,cricket,contextual
625,घरेलू मैदान पर भारतीय खिलाड़ी ने क्वार्टरफाइनल में यादगार खेल दिखाकर मुश्किल स्थिति से बाहर निकली।,positive,tennis,contextual
626,युवा एथलीट ने इवेंट में निराशाजनक प्रदर्शन किया और महत्वपूर्ण मौका गंवाया।,negative,athletics,paraphrase
627,रेस लगातार तीसरे मैच में आयोजित होगा और भारतीय धावक इसमें हिस्सा लेगा।,neutral,athletics,factual
628,निर्णायक मैच में खिलाड़ी ने लीग मैच में जबरदस्त खेल दिखाकर दबदबा कायम रखा।,positive,kabaddi,contextual
629,निर्णायक मैच में भारतीय टीम का लीग मैच में असंगत खेल टीम पर भारी पड़ा।,negative,kabaddi,contextual
630,लंबे ब्रेक के बाद हॉकी टीम सेमीफाइनल से पहले प्रशिक्षण कर रहा है।,neutral,hockey,factual
631,टूर्नामेंट के अहम चरण में टेनिस स्टार का सेट में असंगत खेल टीम पर भारी पड़ा।,negative,tennis,contextual
632,फाइनल लंबे ब्रेक के बाद आयोजित होगा और खिलाड़ी इसमें हिस्सा लेगा।,neutral,badminton,factual
633,खिलाड़ी दौड़ के लिए अभ्यास सत्र में शामिल हुई।,neutral,athletics,neutral
634,युवा एथलीट अगले रेस से पहले कोच के साथ बैठक करेगा।,neutral,athletics,domain_context
635,लंबे ब्रेक के बाद रेडर प्लेऑफ से पहले प्रशिक्षण कर रहा है।,neutral,kabaddi,factual
636,आज क्लब ने लीग मैच में बेहतरीन खेल दिखाकर दबदबा कायम रखा।,positive,football,contextual
637,प्रशंसकों के सामने भारतीय टीम ने सीरीज में धमाकेदार खेल दिखाकर लगातार अच्छा प्रदर्शन किया।,positive,cricket,contextual
638,दबाव वाले मुकाबले में युवा खिलाड़ी ने सेट से पहले प्रशिक्षण पूरा किया।,neutral,tennis,domain_context
639,डिफेंडर प्लेऑफ के लिए अगले दौर के लिए पहुंची।,neutral,kabaddi,neutral
640,फॉरवर्ड अगले लीग मैच से पहले कोच के साथ बैठक करेगा।,neutral,football,domain_context
641,निर्णायक मैच में भारत ने सीरीज में धमाकेदार खेल दिखाकर लगातार अच्छा प्रदर्शन किया।,positive,cricket,contextual
642,डिफेंडर ने मैच में निराश करने वाला प्रदर्शन किया और महत्वपूर्ण मौका गंवाया।,negative,football,paraphrase
643,घरेलू मैदान पर कप्तान ने मैच में धमाकेदार खेल दिखाकर दबदबा कायम रखा।,positive,football,contextual
644,इस मुकाबले में भारतीय टीम ने लीग मैच में कमाल का खेल दिखाकर महत्वपूर्ण योगदान दिया।,positive,football,contextual
645,टूर्नामेंट के अहम चरण में खिलाड़ी का इवेंट में लचर खेल टीम पर भारी पड़ा।,negative,athletics,contextual
646,फाइनल लगातार तीसरे मैच में आयोजित होगा और कप्तान इसमें हिस्सा लेगा।,neutral,football,factual
647,फॉरवर्ड ने मैच में बेअसर खेल दिखाया और टीम को नुकसान हुआ।,negative,hockey,domain_context
648,टेनिस स्टार की मुकाबला में असंगत रणनीति काम नहीं आई।,negative,tennis,contextual
649,इस मुकाबले में विकेटकीपर का मुकाबला में बेअसर खेल टीम पर भारी पड़ा।,negative,cricket,contextual
650,आज रेडर ने मैच में कई आसान मौके गंवाए।,negative,kabaddi,domain_context
651,लगातार तीसरे मैच में भारत ने सीरीज में शानदार खेल दिखाकर लगातार अच्छा प्रदर्शन किया।,positive,cricket,contextual
652,फाइनल लंबे ब्रेक के बाद आयोजित होगा और हॉकी टीम इसमें हिस्सा लेगा।,neutral,hockey,factual
653,लगातार तीसरे मैच में कप्तान ने मुकाबला में जबरदस्त खेल दिखाकर मुकाबला अपने नाम कर लिया।,positive,kabaddi,contextual
654,दबाव वाले मुकाबले में खिलाड़ी ने मुकाबला में कई आसान मौके गंवाए।,negative,tennis,domain_context
655,क्लब फाइनल के लिए टूर्नामेंट में हिस्सा ले रही है।,neutral,football,neutral
656,डिफेंडर ने मुकाबला में खराब प्रदर्शन किया और दबाव में बिखर गई।,negative,kabaddi,paraphrase
657,इस मुकाबले में रेडर का प्लेऑफ में निराशाजनक खेल टीम पर भारी पड़ा।,negative,kabaddi,contextual
658,घरेलू मैदान पर जोड़ी ने मुकाबला में कमाल का खेल दिखाकर जीत दर्ज की।,positive,badminton,contextual
659,घरेलू मैदान पर डिफेंडर ने लीग मैच में बेहतरीन खेल दिखाकर मुकाबला अपने नाम कर लिया।,positive,hockey,contextual
660,लीग मैच लगातार तीसरे मैच में आयोजित होगा और गोलकीपर इसमें हिस्सा लेगा।,neutral,football,factual
661,टूर्नामेंट के अहम चरण में एथलीट ने इवेंट में लाजवाब खेल दिखाकर जीत दर्ज की।,positive,athletics,contextual
662,महत्वपूर्ण मौके पर जोड़ी का गेम में लचर खेल टीम पर भारी पड़ा।,negative,badminton,contextual
663,टूर्नामेंट के अहम चरण में युवा एथलीट ने रेस में यादगार खेल दिखाकर जीत दर्ज की।,positive,athletics,contextual
664,दबाव वाले मुकाबले में भारतीय धावक दौड़ से पहले प्रशिक्षण कर रहा है।,neutral,athletics,factual
665,लंबे ब्रेक के बाद भारत का सीरीज में निराश करने वाला खेल टीम पर भारी पड़ा।,negative,cricket,contextual
666,एथलीट ने इवेंट में धमाकेदार प्रदर्शन करते हुए दबदबा कायम रखा।,positive,athletics,paraphrase
667,भारतीय शटलर मैच के लिए प्रशिक्षण जारी रखे हुए है।,neutral,badminton,neutral
668,टूर्नामेंट के अहम चरण में रेडर फाइनल से पहले प्रशिक्षण कर रहा है।,neutral,kabaddi,factual
669,लंबे ब्रेक के बाद भारतीय टीम लीग मैच से पहले प्रशिक्षण कर रहा है।,neutral,kabaddi,factual
670,आज भारतीय धावक का रेस में असंगत खेल टीम पर भारी पड़ा।,negative,athletics,contextual
671,टूर्नामेंट के अहम चरण में भारतीय टीम ने पारी में बेहतरीन खेल दिखाकर जीत दर्ज की।,positive,cricket,contextual
672,टेनिस स्टार ने फाइनल में कमजोर प्रदर्शन किया और बढ़त गंवा दी।,negative,tennis,paraphrase
673,एथलीट की इवेंट में निराश करने वाला रणनीति काम नहीं आई।,negative,athletics,contextual
674,महत्वपूर्ण मौके पर भारतीय टीम का लीग मैच में लचर खेल टीम पर भारी पड़ा।,negative,kabaddi,contextual
675,एथलीट ने फाइनल में कमजोर प्रदर्शन किया और बढ़त गंवा दी।,negative,athletics,paraphrase
676,लगातार तीसरे मैच में विकेटकीपर का मुकाबला में निराशाजनक खेल टीम पर भारी पड़ा।,negative,cricket,contextual
677,कप्तान ने क्वार्टरफाइनल में लचर प्रदर्शन किया और उम्मीदों पर खरी नहीं उतरी।,negative,tennis,paraphrase
678,युवा खिलाड़ी ने फाइनल में निराशाजनक प्रदर्शन किया और महत्वपूर्ण मौका गंवाया।,negative,tennis,paraphrase
679,आज गेंदबाज ने ओवर में यादगार खेल दिखाकर महत्वपूर्ण योगदान दिया।,positive,cricket,contextual
680,इस मुकाबले में डिफेंडर मुकाबला से पहले प्रशिक्षण कर रहा है।,neutral,hockey,factual
681,खिलाड़ी अगले मैच से पहले कोच के साथ बैठक करेगा।,neutral,tennis,domain_context
682,आज खिलाड़ी ने प्रतियोगिता में उत्कृष्ट खेल दिखाकर जीत दर्ज की।,positive,athletics,contextual
683,लगातार तीसरे मैच में भारत ने रन चेज में यादगार खेल दिखाकर लगातार अच्छा प्रदर्शन किया।,positive,cricket,contextual
684,हॉकी टीम को मैच के लिए टीम में शामिल किया गया है।,neutral,hockey,domain_context
685,इस मुकाबले में युवा एथलीट रेस से पहले प्रशिक्षण कर रहा है।,neutral,athletics,factual
686,भारतीय शटलर मुकाबला के लिए अगले दौर के लिए पहुंची।,neutral,badminton,neutral
687,आज विकेटकीपर ने रन चेज में धमाकेदार खेल दिखाकर लगातार अच्छा प्रदर्शन किया।,positive,cricket,contextual
688,लंबे ब्रेक के बाद कप्तान ने सेमीफाइनल में लाजवाब खेल दिखाकर दबदबा कायम रखा।,positive,football,contextual
689,दबाव वाले मुकाबले में भारतीय खिलाड़ी सेट से पहले प्रशिक्षण कर रहा है।,neutral,tennis,factual
690,फॉरवर्ड ने मैच में फीका प्रदर्शन किया और मुकाबला गंवा दिया।,negative,football,paraphrase
691,पारी निर्णायक मैच में आयोजित होगा और भारत इसमें हिस्सा लेगा।,neutral,cricket,factual
692,युवा एथलीट ने दौड़ में कमाल का प्रदर्शन करते हुए शानदार वापसी की।,positive,athletics,paraphrase
693,घरेलू मैदान पर फॉरवर्ड का मैच में फीका खेल टीम पर भारी पड़ा।,negative,hockey,contextual
694,गोलकीपर ने सेमीफाइनल में यादगार प्रदर्शन करते हुए लगातार अच्छा प्रदर्शन किया।,positive,football,paraphrase
695,दबाव वाले मुकाबले में गोलकीपर का मुकाबला में कमजोर खेल टीम पर भारी पड़ा।,negative,hockey,contextual
696,लगातार तीसरे मैच में भारतीय टीम का फाइनल में असंगत खेल टीम पर भारी पड़ा।,negative,kabaddi,contextual
697,महत्वपूर्ण मौके पर कप्तान ने सेट में शानदार खेल दिखाकर दबदबा कायम रखा।,positive,tennis,contextual
698,निर्णायक मैच में टेनिस स्टार का मैच में निराश करने वाला खेल टीम पर भारी पड़ा।,negative,tennis,contextual
699,रन चेज प्रशंसकों के सामने आयोजित होगा और भारत इसमें हिस्सा लेगा।,neutral,cricket,factual
700,दबाव वाले मुकाबले में कप्तान ने फाइनल में जबरदस्त खेल दिखाकर मुकाबला अपने नाम कर लिया।,positive,tennis,contextual
701,खिलाड़ी प्लेऑफ के लिए अगले दौर के लिए पहुंची।,neutral,kabaddi,neutral
702,इस मुकाबले में खिलाड़ी लीग मैच से पहले प्रशिक्षण कर रहा है।,neutral,kabaddi,factual
703,डिफेंडर ने सेमीफाइनल में कमजोर प्रदर्शन किया और दबाव में बिखर गई।,negative,hockey,paraphrase
704,टूर्नामेंट के अहम चरण में युवा एथलीट का रेस में फीका खेल टीम पर भारी पड़ा।,negative,athletics,contextual
705,जोड़ी ने गेम के लिए तैयारी शुरू कर दी।,neutral,badminton,factual
706,मैच लंबे ब्रेक के बाद आयोजित होगा और डिफेंडर इसमें हिस्सा लेगा।,neutral,football,factual
707,मुकाबला महत्वपूर्ण मौके पर आयोजित होगा और भारतीय टीम इसमें हिस्सा लेगा।,neutral,cricket,factual
708,धाविका दौड़ के लिए अगले दौर के लिए पहुंची।,neutral,athletics,neutral
709,फाइनल आज आयोजित होगा और धाविका इसमें हिस्सा लेगा।,neutral,athletics,factual
710,घरेलू मैदान पर क्लब का सेमीफाइनल में असंगत खेल टीम पर भारी पड़ा।,negative,football,contextual
711,गेम इस मुकाबले में आयोजित होगा और जोड़ी इसमें हिस्सा लेगा।,neutral,badminton,factual
712,सेमीफाइनल टूर्नामेंट के अहम चरण में आयोजित होगा और हॉकी टीम इसमें हिस्सा लेगा।,neutral,hockey,factual
713,"खिलाड़ी ने मेहनत तो की, लेकिन प्लेऑफ में अपनी बढ़त गंवा दी।",negative,kabaddi,negation
714,बल्लेबाज की टीम मुकाबला के लिए अपनी अंतिम सूची तैयार कर रही है।,neutral,cricket,domain_context
715,गोलकीपर ने फाइनल में बेअसर प्रदर्शन किया और बढ़त गंवा दी।,negative,football,paraphrase
716,रन चेज निर्णायक मैच में आयोजित होगा और बल्लेबाज इसमें हिस्सा लेगा।,neutral,cricket,factual
717,निर्णायक मैच में कप्तान ने मैच से पहले प्रशिक्षण पूरा किया।,neutral,tennis,domain_context
718,लंबे ब्रेक के बाद युवा खिलाड़ी ने क्वार्टरफाइनल में उत्कृष्ट खेल दिखाकर मुश्किल स्थिति से बाहर निकली।,positive,tennis,contextual
719,डिफेंडर ने मैच में कमाल का खेल दिखाया और टीम को जीत दिलाई।,positive,football,domain_context
720,फॉरवर्ड ने मैच में खराब प्रदर्शन किया और अपनी लय खो दी।,negative,hockey,paraphrase
721,लंबे ब्रेक के बाद रेडर ने लीग मैच में यादगार खेल दिखाकर मुश्किल स्थिति से बाहर निकली।,positive,kabaddi,contextual
722,प्रशंसकों के सामने डिफेंडर ने मुकाबला में कमाल का खेल दिखाकर मुकाबला अपने नाम कर लिया।,positive,football,contextual
723,निर्णायक मैच में कप्तान ने सीरीज में कई आसान मौके गंवाए।,negative,cricket,domain_context
724,एथलीट रेस के लिए अगले मुकाबले की तैयारी कर रही है।,neutral,athletics,neutral
725,कप्तान ने फाइनल में निराशाजनक प्रदर्शन किया और उम्मीदों पर खरी नहीं उतरी।,negative,football,paraphrase
726,युवा खिलाड़ी ने सेट में निराश करने वाला प्रदर्शन किया और अपनी लय खो दी।,negative,tennis,paraphrase
727,खिलाड़ी ने मैच में फीका प्रदर्शन किया और दबाव में बिखर गई।,negative,badminton,paraphrase
728,टूर्नामेंट के अहम चरण में डिफेंडर का प्लेऑफ में फीका खेल टीम पर भारी पड़ा।,negative,kabaddi,contextual
729,महत्वपूर्ण मौके पर भारत ने पारी में यादगार खेल दिखाकर जीत दर्ज की।,positive,cricket,contextual
730,दबाव वाले मुकाबले में खिलाड़ी का लीग मैच में खराब खेल टीम पर भारी पड़ा।,negative,kabaddi,contextual
731,निर्णायक मैच में खिलाड़ी ने दौड़ में धमाकेदार खेल दिखाकर दबदबा कायम रखा।,positive,athletics,contextual
732,युवा खिलाड़ी ने मुकाबला में खराब प्रदर्शन किया और मुकाबला गंवा दिया।,negative,tennis,paraphrase
733,खिलाड़ी ने फाइनल में लचर प्रदर्शन किया और महत्वपूर्ण मौका गंवाया।,negative,badminton,paraphrase
734,मुकाबला लंबे ब्रेक के बाद आयोजित होगा और भारतीय खिलाड़ी इसमें हिस्सा लेगा।,neutral,tennis,factual
735,प्रशंसकों के सामने गोलकीपर का लीग मैच में खराब खेल टीम पर भारी पड़ा।,negative,hockey,contextual
736,सेट लगातार तीसरे मैच में आयोजित होगा और खिलाड़ी इसमें हिस्सा लेगा।,neutral,tennis,factual
737,भारतीय टीम ने ओवर में असंगत प्रदर्शन किया और मुकाबला गंवा दिया।,negative,cricket,paraphrase
738,भारतीय टीम ने सेमीफाइनल में खराब प्रदर्शन किया और दबाव में बिखर गई।,negative,football,paraphrase
739,महत्वपूर्ण मौके पर कप्तान ने सेट में बेहतरीन खेल दिखाकर मुकाबला अपने नाम कर लिया।,positive,tennis,contextual
740,लंबे ब्रेक के बाद खिलाड़ी गेम से पहले प्रशिक्षण कर रहा है।,neutral,badminton,factual
741,इस मुकाबले में युवा शटलर ने मुकाबला में जबरदस्त खेल दिखाकर मुकाबला अपने नाम कर लिया।,positive,badminton,contextual
742,लगातार तीसरे मैच में खिलाड़ी का मुकाबला में खराब खेल टीम पर भारी पड़ा।,negative,badminton,contextual
743,दबाव वाले मुकाबले में युवा शटलर का गेम में असंगत खेल टीम पर भारी पड़ा।,negative,badminton,contextual
744,चैंपियन ने गेम में असंगत प्रदर्शन किया और मुकाबला गंवा दिया।,negative,badminton,paraphrase
745,टूर्नामेंट के अहम चरण में खिलाड़ी ने फाइनल में बेहतरीन खेल दिखाकर महत्वपूर्ण योगदान दिया।,positive,badminton,contextual
746,लगातार तीसरे मैच में टेनिस स्टार का फाइनल में बेअसर खेल टीम पर भारी पड़ा।,negative,tennis,contextual
747,फॉरवर्ड ने लीग मैच के लिए नया अभ्यास कार्यक्रम शुरू किया।,neutral,football,domain_context
748,युवा खिलाड़ी मुकाबला के लिए टूर्नामेंट में हिस्सा ले रही है।,neutral,tennis,neutral
749,टूर्नामेंट के अहम चरण में भारतीय धावक ने प्रतियोगिता में धमाकेदार खेल दिखाकर जीत दर्ज की।,positive,athletics,contextual
750,आज कप्तान का फाइनल में निराशाजनक खेल टीम पर भारी पड़ा।,negative,tennis,contextual
751,खिलाड़ी ने मुकाबला में कमजोर प्रदर्शन किया और दबाव में बिखर गई।,negative,badminton,paraphrase
752,धाविका ने रेस में यादगार प्रदर्शन करते हुए मुकाबला अपने नाम कर लिया।,positive,athletics,paraphrase
753,दबाव वाले मुकाबले में डिफेंडर ने फाइनल में यादगार खेल दिखाकर मुश्किल स्थिति से बाहर निकली।,positive,hockey,contextual
754,युवा एथलीट को फाइनल के लिए टीम में शामिल किया गया है।,neutral,athletics,domain_context
755,जोड़ी ने मैच में बेअसर प्रदर्शन किया और अपनी लय खो दी।,negative,badminton,paraphrase
756,लंबे ब्रेक के बाद कप्तान ने फाइनल में धमाकेदार खेल दिखाकर मुश्किल स्थिति से बाहर निकली।,positive,tennis,contextual
757,आज भारतीय खिलाड़ी ने मैच में शानदार खेल दिखाकर महत्वपूर्ण योगदान दिया।,positive,tennis,contextual
758,कप्तान ने फाइनल में लचर प्रदर्शन किया और महत्वपूर्ण मौका गंवाया।,negative,tennis,paraphrase
759,प्रशंसकों के सामने भारतीय टीम ने मुकाबला में शानदार खेल दिखाकर लगातार अच्छा प्रदर्शन किया।,positive,hockey,contextual
760,घरेलू मैदान पर भारतीय टीम का फाइनल में निराशाजनक खेल टीम पर भारी पड़ा।,negative,kabaddi,contextual
761,कप्तान ने ओवर में लचर प्रदर्शन किया और लगातार गलतियां कीं।,negative,cricket,paraphrase
762,फॉरवर्ड ने सेमीफाइनल में जबरदस्त खेल दिखाया और टीम को जीत दिलाई।,positive,hockey,domain_context
763,भारतीय धावक दौड़ के लिए अगले दौर के लिए पहुंची।,neutral,athletics,neutral
764,भारतीय धावक ने प्रतियोगिता में लचर प्रदर्शन किया और मुकाबला गंवा दिया।,negative,athletics,paraphrase
765,घरेलू मैदान पर विकेटकीपर ने मुकाबला में कमाल का खेल दिखाकर मुकाबला अपने नाम कर लिया।,positive,cricket,contextual
766,हॉकी टीम ने मैच में खराब प्रदर्शन किया और लगातार गलतियां कीं।,negative,hockey,paraphrase
767,टूर्नामेंट के अहम चरण में युवा खिलाड़ी फाइनल से पहले प्रशिक्षण कर रहा है।,neutral,tennis,factual
768,लगातार तीसरे मैच में चैंपियन ने मैच में उत्कृष्ट खेल दिखाकर शानदार वापसी की।,positive,badminton,contextual
769,कप्तान ने मैच में लचर खेल दिखाया और टीम को नुकसान हुआ।,negative,cricket,domain_context
770,निर्णायक मैच में युवा खिलाड़ी का फाइनल में बेअसर खेल टीम पर भारी पड़ा।,negative,tennis,contextual
771,दबाव वाले मुकाबले में खिलाड़ी ने सेट में कई आसान मौके गंवाए।,negative,badminton,domain_context
772,महत्वपूर्ण मौके पर एथलीट ने दौड़ में बेहतरीन तालमेल के साथ जीत हासिल की।,positive,athletics,domain_context
773,घरेलू मैदान पर भारत ने ओवर में बेहतरीन तालमेल के साथ जीत हासिल की।,positive,cricket,domain_context
774,घरेलू मैदान पर भारतीय टीम ने मैच में शानदार खेल दिखाकर मुकाबला अपने नाम कर लिया।,positive,kabaddi,contextual
775,लगातार तीसरे मैच में भारत ने मुकाबला से पहले प्रशिक्षण पूरा किया।,neutral,cricket,domain_context
776,घरेलू मैदान पर युवा शटलर का मैच में कमजोर खेल टीम पर भारी पड़ा।,negative,badminton,contextual
777,महत्वपूर्ण मौके पर कप्तान रन चेज से पहले प्रशिक्षण कर रहा है।,neutral,cricket,factual
778,निर्णायक मैच में कप्तान ने फाइनल में जबरदस्त खेल दिखाकर जीत दर्ज की।,positive,tennis,contextual
779,इस मुकाबले में फॉरवर्ड ने मैच में उत्कृष्ट खेल दिखाकर शानदार वापसी की।,positive,hockey,contextual
780,दबाव वाले मुकाबले में भारतीय खिलाड़ी ने क्वार्टरफाइनल में लाजवाब खेल दिखाकर लगातार अच्छा प्रदर्शन किया।,positive,tennis,contextual
781,महत्वपूर्ण मौके पर युवा खिलाड़ी का फाइनल में निराश करने वाला खेल टीम पर भारी पड़ा।,negative,tennis,contextual
782,इस मुकाबले में कप्तान का लीग मैच में लचर खेल टीम पर भारी पड़ा।,negative,football,contextual
783,बल्लेबाज ने ओवर में खराब खेल दिखाया और टीम को नुकसान हुआ।,negative,cricket,domain_context
784,लगातार तीसरे मैच में फॉरवर्ड का सेमीफाइनल में बेअसर खेल टीम पर भारी पड़ा।,negative,hockey,contextual
785,"Match se pehle, Team aaj ke match ke liye ready hai.",neutral,multi-sport,code_mixed
786,फाइनल लगातार तीसरे मैच में आयोजित होगा और फॉरवर्ड इसमें हिस्सा लेगा।,neutral,hockey,factual
787,घरेलू मैदान पर खिलाड़ी ने मैच से पहले प्रशिक्षण पूरा किया।,neutral,tennis,domain_context
788,घरेलू मैदान पर फॉरवर्ड ने फाइनल में लाजवाब खेल दिखाकर दबदबा कायम रखा।,positive,hockey,contextual
789,लंबे ब्रेक के बाद विकेटकीपर ओवर से पहले प्रशिक्षण कर रहा है।,neutral,cricket,factual
790,कल हमारी टीम ने विरोधी को पूरी तरह दबा दिया।,positive,multi-sport,domain_context
791,निर्णायक मैच में डिफेंडर ने लीग मैच में धमाकेदार खेल दिखाकर महत्वपूर्ण योगदान दिया।,positive,kabaddi,contextual
792,फॉरवर्ड ने सेमीफाइनल में निराश करने वाला प्रदर्शन किया और महत्वपूर्ण मौका गंवाया।,negative,hockey,paraphrase
793,इवेंट टूर्नामेंट के अहम चरण में आयोजित होगा और भारतीय धावक इसमें हिस्सा लेगा।,neutral,athletics,factual
794,प्रशंसकों के सामने हॉकी टीम ने सेमीफाइनल में बेहतरीन खेल दिखाकर शानदार वापसी की।,positive,hockey,contextual
795,इस मुकाबले में गोलकीपर का मैच में कमजोर खेल टीम पर भारी पड़ा।,negative,football,contextual
796,फॉरवर्ड ने फाइनल में फीका प्रदर्शन किया और दबाव में बिखर गई।,negative,football,paraphrase
797,कप्तान ने मुकाबला में असंगत प्रदर्शन किया और मुकाबला गंवा दिया।,negative,cricket,paraphrase
798,युवा एथलीट दौड़ के लिए अभ्यास सत्र में शामिल हुई।,neutral,athletics,neutral
799,खिलाड़ी ने फाइनल के लिए नया अभ्यास कार्यक्रम शुरू किया।,neutral,badminton,domain_context
800,टूर्नामेंट के अहम चरण में कप्तान ने मुकाबला में यादगार खेल दिखाकर लगातार अच्छा प्रदर्शन किया।,positive,cricket,contextual
801,प्रशंसकों के सामने जोड़ी ने सेट में धमाकेदार खेल दिखाकर शानदार वापसी की।,positive,badminton,contextual
802,चैंपियन मुकाबला के लिए अगले मुकाबले की तैयारी कर रही है।,neutral,badminton,neutral
803,इस मुकाबले में फॉरवर्ड सेमीफाइनल से पहले प्रशिक्षण कर रहा है।,neutral,football,factual
804,खिलाड़ी ने फाइनल में फीका प्रदर्शन किया और दबाव में बिखर गई।,negative,kabaddi,paraphrase
805,भारतीय टीम ओवर के लिए टूर्नामेंट में हिस्सा ले रही है।,neutral,cricket,neutral
806,इस मुकाबले में भारतीय टीम का रन चेज में निराश करने वाला खेल टीम पर भारी पड़ा।,negative,cricket,contextual
807,कप्तान ने लीग मैच में बेअसर प्रदर्शन किया और उम्मीदों पर खरी नहीं उतरी।,negative,football,paraphrase
808,भारतीय टीम प्लेऑफ के लिए प्रशिक्षण जारी रखे हुए है।,neutral,kabaddi,neutral
809,लगातार तीसरे मैच में युवा एथलीट प्रतियोगिता से पहले प्रशिक्षण कर रहा है।,neutral,athletics,factual
810,निर्णायक मैच में भारतीय धावक ने फाइनल में शानदार खेल दिखाकर मुकाबला अपने नाम कर लिया।,positive,athletics,contextual
811,लंबे ब्रेक के बाद डिफेंडर का मैच में असंगत खेल टीम पर भारी पड़ा।,negative,hockey,contextual
812,महत्वपूर्ण मौके पर गोलकीपर का मैच में बेअसर खेल टीम पर भारी पड़ा।,negative,hockey,contextual
813,इस मुकाबले में गोलकीपर ने मैच में कमाल का खेल दिखाकर लगातार अच्छा प्रदर्शन किया।,positive,football,contextual
814,घरेलू मैदान पर भारतीय धावक का प्रतियोगिता में असंगत खेल टीम पर भारी पड़ा।,negative,athletics,contextual
815,आज कप्तान का मुकाबला में बेअसर खेल टीम पर भारी पड़ा।,negative,tennis,contextual
816,गोलकीपर ने लीग मैच में असंगत खेल दिखाया और टीम को नुकसान हुआ।,negative,hockey,domain_context
817,युवा खिलाड़ी की फाइनल में निराशाजनक रणनीति काम नहीं आई।,negative,tennis,contextual
818,युवा एथलीट ने रेस में बेअसर प्रदर्शन किया और बढ़त गंवा दी।,negative,athletics,paraphrase
819,दबाव वाले मुकाबले में कप्तान ने मुकाबला में कमाल का खेल दिखाकर मुश्किल स्थिति से बाहर निकली।,positive,tennis,contextual
820,युवा एथलीट रेस के लिए अगले दौर के लिए पहुंची।,neutral,athletics,neutral
821,लगातार तीसरे मैच में डिफेंडर ने मुकाबला में धमाकेदार खेल दिखाकर मुश्किल स्थिति से बाहर निकली।,positive,kabaddi,contextual
822,जोड़ी ने फाइनल में यादगार प्रदर्शन करते हुए जीत दर्ज की।,positive,badminton,paraphrase
823,फॉरवर्ड ने सेमीफाइनल में खराब प्रदर्शन किया और उम्मीदों पर खरी नहीं उतरी।,negative,hockey,paraphrase
824,महत्वपूर्ण मौके पर एथलीट ने फाइनल में कई आसान मौके गंवाए।,negative,athletics,domain_context
825,महत्वपूर्ण मौके पर डिफेंडर लीग मैच से पहले प्रशिक्षण कर रहा है।,neutral,kabaddi,factual
826,दबाव वाले मुकाबले में युवा खिलाड़ी मैच से पहले प्रशिक्षण कर रहा है।,neutral,tennis,factual
827,लगातार तीसरे मैच में गोलकीपर ने सेमीफाइनल में लाजवाब खेल दिखाकर मुकाबला अपने नाम कर लिया।,positive,football,contextual
828,गोलकीपर ने मुकाबला में जबरदस्त प्रदर्शन करते हुए मुकाबला अपने नाम कर लिया।,positive,hockey,paraphrase
829,प्रशंसकों के सामने हॉकी टीम ने सेमीफाइनल में शानदार खेल दिखाकर जीत दर्ज की।,positive,hockey,contextual
830,"Pressure ke beech, Player ne brilliant performance diya.",positive,multi-sport,code_mixed
831,मुकाबला प्रशंसकों के सामने आयोजित होगा और टेनिस स्टार इसमें हिस्सा लेगा।,neutral,tennis,factual
832,घरेलू मैदान पर डिफेंडर का मैच में निराश करने वाला खेल टीम पर भारी पड़ा।,negative,kabaddi,contextual
833,टूर्नामेंट के अहम चरण में डिफेंडर ने लीग मैच में यादगार खेल दिखाकर मुश्किल स्थिति से बाहर निकली।,positive,football,contextual
834,टूर्नामेंट के अहम चरण में हॉकी टीम ने सेमीफाइनल में धमाकेदार खेल दिखाकर जीत दर्ज की।,positive,hockey,contextual
835,इवेंट महत्वपूर्ण मौके पर आयोजित होगा और भारतीय धावक इसमें हिस्सा लेगा।,neutral,athletics,factual
836,मैच से पहले टीम दबाव में पूरी तरह बिखर गई।,negative,multi-sport,domain_context
837,टूर्नामेंट के अहम चरण में रेडर का मुकाबला में लचर खेल टीम पर भारी पड़ा।,negative,kabaddi,contextual
838,महत्वपूर्ण मौके पर भारतीय खिलाड़ी ने फाइनल में शानदार खेल दिखाकर जीत दर्ज की।,positive,tennis,contextual
839,आज भारतीय टीम का लीग मैच में निराश करने वाला खेल टीम पर भारी पड़ा।,negative,hockey,contextual
840,लगातार तीसरे मैच में युवा खिलाड़ी ने फाइनल में कमाल का खेल दिखाकर दबदबा कायम रखा।,positive,tennis,contextual
841,इस मुकाबले में युवा एथलीट ने प्रतियोगिता में बेहतरीन खेल दिखाकर मुश्किल स्थिति से बाहर निकली।,positive,athletics,contextual
842,विकेटकीपर ने मैच के लिए तैयारी शुरू कर दी।,neutral,cricket,factual
843,घरेलू मैदान पर कप्तान का मुकाबला में बेअसर खेल टीम पर भारी पड़ा।,negative,cricket,contextual
844,दबाव वाले मुकाबले में भारतीय खिलाड़ी ने मुकाबला में बेहतरीन खेल दिखाकर दबदबा कायम रखा।,positive,tennis,contextual
845,फॉरवर्ड अगले मैच से पहले कोच के साथ बैठक करेगा।,neutral,football,domain_context
846,प्रशंसकों के सामने खिलाड़ी का मुकाबला में बेअसर खेल टीम पर भारी पड़ा।,negative,tennis,contextual
847,फॉरवर्ड ने मुकाबला में खराब प्रदर्शन किया और महत्वपूर्ण मौका गंवाया।,negative,football,paraphrase
848,लगातार तीसरे मैच में भारतीय खिलाड़ी का सेट में बेअसर खेल टीम पर भारी पड़ा।,negative,tennis,contextual
849,इस मुकाबले में क्लब का फाइनल में निराश करने वाला खेल टीम पर भारी पड़ा।,negative,football,contextual
850,रेडर ने मैच में फीका प्रदर्शन किया और महत्वपूर्ण मौका गंवाया।,negative,kabaddi,paraphrase
851,खिलाड़ी ने मुकाबला में जबरदस्त प्रदर्शन करते हुए महत्वपूर्ण योगदान दिया।,positive,kabaddi,paraphrase
852,चैंपियन ने फाइनल में निराश करने वाला प्रदर्शन किया और उम्मीदों पर खरी नहीं उतरी।,negative,badminton,paraphrase
853,निर्णायक मैच में डिफेंडर ने सेमीफाइनल से पहले प्रशिक्षण पूरा किया।,neutral,football,domain_context
854,लंबे ब्रेक के बाद कप्तान का पारी में फीका खेल टीम पर भारी पड़ा।,negative,cricket,contextual
855,आज भारतीय शटलर का गेम में लचर खेल टीम पर भारी पड़ा।,negative,badminton,contextual
856,कप्तान मुकाबला के लिए प्रशिक्षण जारी रखे हुए है।,neutral,football,neutral
857,मुकाबला लंबे ब्रेक के बाद आयोजित होगा और विकेटकीपर इसमें हिस्सा लेगा।,neutral,cricket,factual
858,मुकाबला आज आयोजित होगा और क्लब इसमें हिस्सा लेगा।,neutral,football,factual
859,लीग मैच आज आयोजित होगा और गोलकीपर इसमें हिस्सा लेगा।,neutral,football,factual
860,जोड़ी की मैच में बेअसर रणनीति काम नहीं आई।,negative,badminton,contextual
861,प्रशंसकों के सामने फॉरवर्ड ने फाइनल में कमाल का खेल दिखाकर मुकाबला अपने नाम कर लिया।,positive,hockey,contextual
862,आज खिलाड़ी का सेट में कमजोर खेल टीम पर भारी पड़ा।,negative,tennis,contextual
863,भारतीय टीम ने पारी में बेअसर प्रदर्शन किया और मुकाबला गंवा दिया।,negative,cricket,paraphrase
864,इस मुकाबले में डिफेंडर ने सेमीफाइनल से पहले प्रशिक्षण पूरा किया।,neutral,football,domain_context
865,लगातार तीसरे मैच में डिफेंडर ने फाइनल में उत्कृष्ट खेल दिखाकर महत्वपूर्ण योगदान दिया।,positive,hockey,contextual
866,आज एथलीट ने दौड़ में बेहतरीन खेल दिखाकर मुश्किल स्थिति से बाहर निकली।,positive,athletics,contextual
867,प्रशंसकों के सामने गोलकीपर ने सेमीफाइनल में लाजवाब खेल दिखाकर शानदार वापसी की।,positive,hockey,contextual
868,खिलाड़ी ने फाइनल में धमाकेदार प्रदर्शन करते हुए मुश्किल स्थिति से बाहर निकली।,positive,tennis,paraphrase
869,खिलाड़ी की इवेंट में असंगत रणनीति काम नहीं आई।,negative,athletics,contextual
870,फॉरवर्ड ने फाइनल में कमजोर प्रदर्शन किया और लगातार गलतियां कीं।,negative,hockey,paraphrase
871,भारतीय धावक ने दौड़ में निराशाजनक प्रदर्शन किया और अपनी लय खो दी।,negative,athletics,paraphrase
872,दबाव वाले मुकाबले में भारत सीरीज से पहले प्रशिक्षण कर रहा है।,neutral,cricket,factual
873,भारतीय शटलर ने गेम में निराशाजनक प्रदर्शन किया और महत्वपूर्ण मौका गंवाया।,negative,badminton,paraphrase
874,महत्वपूर्ण मौके पर धाविका ने इवेंट में कमाल का खेल दिखाकर मुश्किल स्थिति से बाहर निकली।,positive,athletics,contextual
875,भारतीय टीम ने सेमीफाइनल में निराशाजनक प्रदर्शन किया और अपनी लय खो दी।,negative,football,paraphrase
876,भारतीय टीम की लीग मैच में निराशाजनक रणनीति काम नहीं आई।,negative,football,contextual
877,लंबे ब्रेक के बाद एथलीट ने रेस में उत्कृष्ट खेल दिखाकर मुश्किल स्थिति से बाहर निकली।,positive,athletics,contextual
878,डिफेंडर की मैच में कमजोर रणनीति काम नहीं आई।,negative,kabaddi,contextual
879,घरेलू मैदान पर बल्लेबाज ने पारी में बेहतरीन तालमेल के साथ जीत हासिल की।,positive,cricket,domain_context
880,टूर्नामेंट के अहम चरण में भारतीय शटलर ने मुकाबला में जबरदस्त खेल दिखाकर महत्वपूर्ण योगदान दिया।,positive,badminton,contextual
881,लंबे ब्रेक के बाद टेनिस स्टार का मैच में लचर खेल टीम पर भारी पड़ा।,negative,tennis,contextual
882,एथलीट ने फाइनल में फीका प्रदर्शन किया और उम्मीदों पर खरी नहीं उतरी।,negative,athletics,paraphrase
883,लंबे ब्रेक के बाद भारतीय टीम सेमीफाइनल से पहले प्रशिक्षण कर रहा है।,neutral,hockey,factual
884,घरेलू मैदान पर खिलाड़ी ने प्लेऑफ में लाजवाब खेल दिखाकर दबदबा कायम रखा।,positive,kabaddi,contextual
885,घरेलू मैदान पर भारतीय खिलाड़ी ने मैच में शानदार खेल दिखाकर जीत दर्ज की।,positive,tennis,contextual
886,घरेलू मैदान पर कप्तान ने मैच में जबरदस्त खेल दिखाकर मुकाबला अपने नाम कर लिया।,positive,football,contextual
887,महत्वपूर्ण मौके पर विकेटकीपर रन चेज से पहले प्रशिक्षण कर रहा है।,neutral,cricket,factual
888,महत्वपूर्ण मौके पर एथलीट फाइनल से पहले प्रशिक्षण कर रहा है।,neutral,athletics,factual
889,प्रशंसकों के सामने चैंपियन ने गेम में यादगार खेल दिखाकर मुश्किल स्थिति से बाहर निकली।,positive,badminton,contextual
890,टूर्नामेंट के अहम चरण में भारतीय धावक ने रेस में बेहतरीन खेल दिखाकर मुश्किल स्थिति से बाहर निकली।,positive,athletics,contextual
891,टूर्नामेंट के अहम चरण में एथलीट ने फाइनल में यादगार खेल दिखाकर शानदार वापसी की।,positive,athletics,contextual
892,लंबे ब्रेक के बाद भारत ने पारी से पहले प्रशिक्षण पूरा किया।,neutral,cricket,domain_context
893,इस मुकाबले में खिलाड़ी ने मुकाबला में कई आसान मौके गंवाए।,negative,kabaddi,domain_context
894,घरेलू मैदान पर फॉरवर्ड ने मुकाबला में जबरदस्त खेल दिखाकर महत्वपूर्ण योगदान दिया।,positive,football,contextual
895,लीग मैच लंबे ब्रेक के बाद आयोजित होगा और खिलाड़ी इसमें हिस्सा लेगा।,neutral,kabaddi,factual
896,टूर्नामेंट के अहम चरण में कप्तान ने प्लेऑफ में शानदार खेल दिखाकर मुकाबला अपने नाम कर लिया।,positive,kabaddi,contextual
897,टूर्नामेंट के अहम चरण में डिफेंडर ने सेमीफाइनल से पहले प्रशिक्षण पूरा किया।,neutral,football,domain_context
898,सुबह के सत्र में टीम की रक्षात्मक चूक भारी पड़ गई।,negative,multi-sport,domain_context
899,निर्णायक मैच में भारतीय खिलाड़ी का सेट में लचर खेल टीम पर भारी पड़ा।,negative,tennis,contextual
900,युवा खिलाड़ी की टीम मुकाबला के लिए अपनी अंतिम सूची तैयार कर रही है।,neutral,tennis,domain_context
901,दबाव वाले मुकाबले में भारतीय शटलर का सेट में निराश करने वाला खेल टीम पर भारी पड़ा।,negative,badminton,contextual
902,आज कप्तान ने मुकाबला में यादगार खेल दिखाकर मुकाबला अपने नाम कर लिया।,positive,football,contextual
903,युवा एथलीट ने प्रतियोगिता में बेअसर प्रदर्शन किया और लगातार गलतियां कीं।,negative,athletics,paraphrase
904,दबाव वाले मुकाबले में डिफेंडर मुकाबला से पहले प्रशिक्षण कर रहा है।,neutral,football,factual
905,रेडर ने फाइनल में असंगत प्रदर्शन किया और मुकाबला गंवा दिया।,negative,kabaddi,paraphrase
906,घरेलू मैदान पर फॉरवर्ड ने फाइनल में उत्कृष्ट खेल दिखाकर मुश्किल स्थिति से बाहर निकली।,positive,hockey,contextual
907,प्रशंसकों के सामने फॉरवर्ड का मुकाबला में बेअसर खेल टीम पर भारी पड़ा।,negative,hockey,contextual
908,सेट इस मुकाबले में आयोजित होगा और चैंपियन इसमें हिस्सा लेगा।,neutral,badminton,factual
909,खिलाड़ी ने मुकाबला में उत्कृष्ट प्रदर्शन करते हुए मुश्किल स्थिति से बाहर निकली।,positive,tennis,paraphrase
910,विकेटकीपर ने पारी में कमजोर प्रदर्शन किया और बढ़त गंवा दी।,negative,cricket,paraphrase
911,घरेलू मैदान पर भारत का रन चेज में असंगत खेल टीम पर भारी पड़ा।,negative,cricket,contextual
912,डिफेंडर ने लीग मैच में फीका प्रदर्शन किया और मुकाबला गंवा दिया।,negative,kabaddi,paraphrase
913,"Match se pehle, India ne aaj zabardast comeback kiya.",positive,multi-sport,code_mixed
914,प्लेऑफ इस मुकाबले में आयोजित होगा और डिफेंडर इसमें हिस्सा लेगा।,neutral,kabaddi,factual
915,घरेलू मैदान पर रेडर ने लीग मैच में कमाल का खेल दिखाकर महत्वपूर्ण योगदान दिया।,positive,kabaddi,contextual
916,निर्णायक मैच में भारतीय टीम फाइनल से पहले प्रशिक्षण कर रहा है।,neutral,hockey,factual
917,महत्वपूर्ण मौके पर भारतीय टीम का मैच में फीका खेल टीम पर भारी पड़ा।,negative,hockey,contextual
918,लंबे ब्रेक के बाद एथलीट रेस से पहले प्रशिक्षण कर रहा है।,neutral,athletics,factual
919,फाइनल निर्णायक मैच में आयोजित होगा और एथलीट इसमें हिस्सा लेगा।,neutral,athletics,factual
920,फॉरवर्ड ने मुकाबला के लिए नया अभ्यास कार्यक्रम शुरू किया।,neutral,football,domain_context
921,चैंपियन ने मुकाबला में असंगत प्रदर्शन किया और महत्वपूर्ण मौका गंवाया।,negative,badminton,paraphrase
922,"Aaj, Team ne match apne naam kar liya.",positive,multi-sport,code_mixed
923,युवा खिलाड़ी अगले मुकाबला से पहले कोच के साथ बैठक करेगा।,neutral,tennis,domain_context
924,आज क्लब ने फाइनल में लाजवाब खेल दिखाकर लगातार अच्छा प्रदर्शन किया।,positive,football,contextual
925,चैंपियन ने फाइनल के लिए तैयारी शुरू कर दी।,neutral,badminton,factual
926,गेंदबाज ने रन चेज के लिए तैयारी शुरू कर दी।,neutral,cricket,factual
927,फॉरवर्ड ने सेमीफाइनल में फीका प्रदर्शन किया और दबाव में बिखर गई।,negative,football,paraphrase
928,सेट प्रशंसकों के सामने आयोजित होगा और युवा खिलाड़ी इसमें हिस्सा लेगा।,neutral,tennis,factual
929,प्रशंसकों के सामने हॉकी टीम लीग मैच से पहले प्रशिक्षण कर रहा है।,neutral,hockey,factual
930,कप्तान ने क्वार्टरफाइनल में बेअसर प्रदर्शन किया और अपनी लय खो दी।,negative,tennis,paraphrase
931,खिलाड़ी ने गेम में असंगत प्रदर्शन किया और मुकाबला गंवा दिया।,negative,badminton,paraphrase
932,गोलकीपर ने लीग मैच में कमजोर प्रदर्शन किया और मुकाबला गंवा दिया।,negative,football,paraphrase
933,धाविका ने दौड़ में लाजवाब खेल दिखाया और टीम को जीत दिलाई।,positive,athletics,domain_context
934,आज भारतीय शटलर का सेट में खराब खेल टीम पर भारी पड़ा।,negative,badminton,contextual
935,क्लब ने लीग मैच के लिए तैयारी शुरू कर दी।,neutral,football,factual
936,लगातार तीसरे मैच में गेंदबाज ने सीरीज में बेहतरीन खेल दिखाकर मुकाबला अपने नाम कर लिया।,positive,cricket,contextual
937,दबाव वाले मुकाबले में युवा शटलर ने गेम में उत्कृष्ट खेल दिखाकर शानदार वापसी की।,positive,badminton,contextual
938,प्रशंसकों के सामने एथलीट ने प्रतियोगिता में उत्कृष्ट खेल दिखाकर दबदबा कायम रखा।,positive,athletics,contextual
939,लंबे ब्रेक के बाद भारतीय टीम ने ओवर में यादगार खेल दिखाकर शानदार वापसी की।,positive,cricket,contextual
940,कप्तान ने फाइनल में खराब खेल दिखाया और टीम को नुकसान हुआ।,negative,football,domain_context
941,टूर्नामेंट के अहम चरण में फॉरवर्ड का मैच में कमजोर खेल टीम पर भारी पड़ा।,negative,hockey,contextual
942,कप्तान ने मैच में कमाल का खेल दिखाया और टीम को जीत दिलाई।,positive,kabaddi,domain_context
943,प्रशंसकों के सामने डिफेंडर ने मुकाबला में शानदार खेल दिखाकर लगातार अच्छा प्रदर्शन किया।,positive,kabaddi,contextual
944,जोड़ी को फाइनल के लिए टीम में शामिल किया गया है।,neutral,badminton,domain_context
945,एथलीट ने रेस में फीका प्रदर्शन किया और मुकाबला गंवा दिया।,negative,athletics,paraphrase
946,निर्णायक मैच में फॉरवर्ड ने लीग मैच से पहले प्रशिक्षण पूरा किया।,neutral,hockey,domain_context
947,टूर्नामेंट के अहम चरण में क्लब ने मैच में उत्कृष्ट खेल दिखाकर लगातार अच्छा प्रदर्शन किया।,positive,football,contextual
948,टूर्नामेंट में टूर्नामेंट का अगला चरण अगले सप्ताह शुरू होगा।,neutral,multi-sport,domain_context
949,गेम निर्णायक मैच में आयोजित होगा और जोड़ी इसमें हिस्सा लेगा।,neutral,badminton,factual
950,टूर्नामेंट के अहम चरण में फॉरवर्ड ने मुकाबला में बेहतरीन खेल दिखाकर लगातार अच्छा प्रदर्शन किया।,positive,hockey,contextual
951,भारतीय शटलर गेम के लिए टूर्नामेंट में हिस्सा ले रही है।,neutral,badminton,neutral
952,महत्वपूर्ण मौके पर भारतीय टीम ने लीग मैच में शानदार खेल दिखाकर महत्वपूर्ण योगदान दिया।,positive,football,contextual
953,आज रेडर ने मैच में उत्कृष्ट खेल दिखाकर दबदबा कायम रखा।,positive,kabaddi,contextual
954,लगातार तीसरे मैच में विकेटकीपर ने मैच में उत्कृष्ट खेल दिखाकर शानदार वापसी की।,positive,cricket,contextual
955,धाविका दबाव के कारण कठिन इवेंट में लय नहीं बना सका।,negative,athletics,domain_context
956,टूर्नामेंट के अहम चरण में विकेटकीपर ने रन चेज में उत्कृष्ट खेल दिखाकर दबदबा कायम रखा।,positive,cricket,contextual
957,लंबे ब्रेक के बाद युवा शटलर का मुकाबला में निराशाजनक खेल टीम पर भारी पड़ा।,negative,badminton,contextual
958,भारतीय टीम ओवर के लिए अगले मुकाबले की तैयारी कर रही है।,neutral,cricket,neutral
959,लंबे ब्रेक के बाद गोलकीपर का लीग मैच में निराशाजनक खेल टीम पर भारी पड़ा।,negative,football,contextual
960,लगातार तीसरे मैच में डिफेंडर ने मैच में शानदार खेल दिखाकर मुकाबला अपने नाम कर लिया।,positive,hockey,contextual
961,टेनिस स्टार ने मुकाबला में बेअसर प्रदर्शन किया और उम्मीदों पर खरी नहीं उतरी।,negative,tennis,paraphrase
962,टूर्नामेंट के अहम चरण में फॉरवर्ड फाइनल से पहले प्रशिक्षण कर रहा है।,neutral,football,factual
963,दबाव वाले मुकाबले में विकेटकीपर का मैच में खराब खेल टीम पर भारी पड़ा।,negative,cricket,contextual
964,गोलकीपर मुकाबला के लिए अगले दौर के लिए पहुंची।,neutral,football,neutral
965,एथलीट ने दौड़ में निराश करने वाला खेल दिखाया और टीम को नुकसान हुआ।,negative,athletics,domain_context
966,दबाव वाले मुकाबले में कप्तान का फाइनल में फीका खेल टीम पर भारी पड़ा।,negative,football,contextual
967,निर्णायक मैच में गोलकीपर ने मुकाबला में कमाल का खेल दिखाकर महत्वपूर्ण योगदान दिया।,positive,football,contextual
968,प्रशंसकों के सामने रेडर ने मुकाबला में बेहतरीन खेल दिखाकर शानदार वापसी की।,positive,kabaddi,contextual
969,डिफेंडर ने लीग मैच में उत्कृष्ट प्रदर्शन करते हुए शानदार वापसी की।,positive,hockey,paraphrase
970,निर्णायक मैच में भारत ने रन चेज में यादगार खेल दिखाकर लगातार अच्छा प्रदर्शन किया।,positive,cricket,contextual
971,मैच इस मुकाबले में आयोजित होगा और जोड़ी इसमें हिस्सा लेगा।,neutral,badminton,factual
972,लगातार तीसरे मैच में टेनिस स्टार ने मैच में धमाकेदार खेल दिखाकर दबदबा कायम रखा।,positive,tennis,contextual
973,आज धाविका ने रेस में यादगार खेल दिखाकर मुश्किल स्थिति से बाहर निकली।,positive,athletics,contextual
974,घरेलू मैदान पर क्लब ने मैच में जबरदस्त खेल दिखाकर मुकाबला अपने नाम कर लिया।,positive,football,contextual
975,सेमीफाइनल प्रशंसकों के सामने आयोजित होगा और गोलकीपर इसमें हिस्सा लेगा।,neutral,football,factual
976,टूर्नामेंट के अहम चरण में खिलाड़ी ने मुकाबला से पहले प्रशिक्षण पूरा किया।,neutral,kabaddi,domain_context
977,निर्णायक मैच में गेंदबाज ने ओवर में जबरदस्त खेल दिखाकर लगातार अच्छा प्रदर्शन किया।,positive,cricket,contextual
978,भारतीय टीम सेमीफाइनल के लिए रणनीति पर चर्चा कर रही है।,neutral,football,neutral
979,डिफेंडर का कमजोर प्रदर्शन सेमीफाइनल में हार का कारण बना।,negative,hockey,domain_context
980,आज भारतीय धावक ने प्रतियोगिता में लाजवाब खेल दिखाकर मुश्किल स्थिति से बाहर निकली।,positive,athletics,contextual
981,इवेंट लगातार तीसरे मैच में आयोजित होगा और धाविका इसमें हिस्सा लेगा।,neutral,athletics,factual
982,टूर्नामेंट के अहम चरण में गोलकीपर ने फाइनल में उत्कृष्ट खेल दिखाकर जीत दर्ज की।,positive,football,contextual
983,सेमीफाइनल टूर्नामेंट के अहम चरण में आयोजित होगा और फॉरवर्ड इसमें हिस्सा लेगा।,neutral,hockey,factual
984,डिफेंडर ने फाइनल में निराशाजनक प्रदर्शन किया और उम्मीदों पर खरी नहीं उतरी।,negative,hockey,paraphrase
985,दबाव वाले मुकाबले में खिलाड़ी का मैच में कमजोर खेल टीम पर भारी पड़ा।,negative,tennis,contextual
986,आज युवा खिलाड़ी ने फाइनल में यादगार खेल दिखाकर दबदबा कायम रखा।,positive,tennis,contextual
987,आज चैंपियन ने फाइनल में धमाकेदार खेल दिखाकर दबदबा कायम रखा।,positive,badminton,contextual
988,दबाव वाले मुकाबले में कप्तान ने सेट में धमाकेदार खेल दिखाकर जीत दर्ज की।,positive,tennis,contextual
989,दबाव वाले मुकाबले में खिलाड़ी का इवेंट में कमजोर खेल टीम पर भारी पड़ा।,negative,athletics,contextual
990,लंबे ब्रेक के बाद भारतीय धावक ने फाइनल में जबरदस्त खेल दिखाकर महत्वपूर्ण योगदान दिया।,positive,athletics,contextual
991,निर्णायक मैच में चैंपियन ने फाइनल में यादगार खेल दिखाकर लगातार अच्छा प्रदर्शन किया।,positive,badminton,contextual
992,भारतीय धावक की इवेंट में खराब रणनीति काम नहीं आई।,negative,athletics,contextual
993,मैच लगातार तीसरे मैच में आयोजित होगा और फॉरवर्ड इसमें हिस्सा लेगा।,neutral,football,factual
994,महत्वपूर्ण मौके पर युवा शटलर ने सेट से पहले प्रशिक्षण पूरा किया।,neutral,badminton,domain_context
995,भारतीय टीम सीरीज के लिए अगले मुकाबले की तैयारी कर रही है।,neutral,cricket,neutral
996,लंबे ब्रेक के बाद भारतीय शटलर ने मुकाबला में जबरदस्त खेल दिखाकर शानदार वापसी की।,positive,badminton,contextual
997,मैच दबाव वाले मुकाबले में आयोजित होगा और गोलकीपर इसमें हिस्सा लेगा।,neutral,football,factual
998,निर्णायक मैच में विकेटकीपर ने रन चेज में बेहतरीन खेल दिखाकर लगातार अच्छा प्रदर्शन किया।,positive,cricket,contextual
999,युवा एथलीट इवेंट के लिए टूर्नामेंट में हिस्सा ले रही है।,neutral,athletics,neutral
1000,खिलाड़ी ने मुकाबला में निराशाजनक प्रदर्शन किया और लगातार गलतियां कीं।,negative,kabaddi,paraphrase
1001,इस मुकाबले में युवा शटलर ने मुकाबला में जबरदस्त खेल दिखाकर दबदबा कायम रखा।,positive,badminton,contextual
1002,महत्वपूर्ण मौके पर खिलाड़ी ने मैच में लाजवाब खेल दिखाकर महत्वपूर्ण योगदान दिया।,positive,kabaddi,contextual
1003,लंबे ब्रेक के बाद भारतीय शटलर ने मुकाबला से पहले प्रशिक्षण पूरा किया।,neutral,badminton,domain_context
1004,युवा खिलाड़ी ने क्वार्टरफाइनल में लचर खेल दिखाया और टीम को नुकसान हुआ।,negative,tennis,domain_context
1005,महत्वपूर्ण मौके पर गोलकीपर ने सेमीफाइनल में कमाल का खेल दिखाकर मुकाबला अपने नाम कर लिया।,positive,football,contextual
1006,आज भारतीय टीम का पारी में फीका खेल टीम पर भारी पड़ा।,negative,cricket,contextual
1007,महत्वपूर्ण मौके पर कप्तान का सीरीज में बेअसर खेल टीम पर भारी पड़ा।,negative,cricket,contextual
1008,प्रशंसकों के सामने डिफेंडर ने मुकाबला से पहले प्रशिक्षण पूरा किया।,neutral,kabaddi,domain_context
1009,युवा एथलीट ने प्रतियोगिता में लचर प्रदर्शन किया और महत्वपूर्ण मौका गंवाया।,negative,athletics,paraphrase
1010,गेम प्रशंसकों के सामने आयोजित होगा और भारतीय शटलर इसमें हिस्सा लेगा।,neutral,badminton,factual
1011,लगातार तीसरे मैच में युवा शटलर ने सेट में उत्कृष्ट खेल दिखाकर महत्वपूर्ण योगदान दिया।,positive,badminton,contextual
1012,दबाव वाले मुकाबले में भारतीय खिलाड़ी का मुकाबला में निराशाजनक खेल टीम पर भारी पड़ा।,negative,tennis,contextual
1013,गेंदबाज ने सीरीज में लाजवाब प्रदर्शन करते हुए मुश्किल स्थिति से बाहर निकली।,positive,cricket,paraphrase
1014,दबाव वाले मुकाबले में फॉरवर्ड ने मुकाबला में बेहतरीन खेल दिखाकर लगातार अच्छा प्रदर्शन किया।,positive,football,contextual
1015,इस मुकाबले में जोड़ी का मैच में बेअसर खेल टीम पर भारी पड़ा।,negative,badminton,contextual
1016,आज खिलाड़ी का प्रतियोगिता में कमजोर खेल टीम पर भारी पड़ा।,negative,athletics,contextual
1017,"Is tournament mein, Match evening mein start hoga.",neutral,multi-sport,code_mixed
1018,भारतीय टीम ने सेमीफाइनल में खराब प्रदर्शन किया और बढ़त गंवा दी।,negative,football,paraphrase
1019,खिलाड़ी गेम के लिए प्रशिक्षण जारी रखे हुए है।,neutral,badminton,neutral
1020,फाइनल महत्वपूर्ण मौके पर आयोजित होगा और भारतीय धावक इसमें हिस्सा लेगा।,neutral,athletics,factual
1021,टूर्नामेंट के अहम चरण में गोलकीपर का फाइनल में असंगत खेल टीम पर भारी पड़ा।,negative,football,contextual
1022,प्रशंसकों के सामने फॉरवर्ड ने मैच में कमाल का खेल दिखाकर लगातार अच्छा प्रदर्शन किया।,positive,hockey,contextual
1023,मुकाबला प्रशंसकों के सामने आयोजित होगा और जोड़ी इसमें हिस्सा लेगा।,neutral,badminton,factual
1024,इस मुकाबले में भारतीय टीम ने फाइनल में जबरदस्त खेल दिखाकर महत्वपूर्ण योगदान दिया।,positive,kabaddi,contextual
1025,गोलकीपर सेमीफाइनल के लिए अगले दौर के लिए पहुंची।,neutral,hockey,neutral
1026,भारतीय टीम फाइनल के लिए रणनीति पर चर्चा कर रही है।,neutral,hockey,neutral
1027,इस मुकाबले में खिलाड़ी ने दौड़ में कमाल का खेल दिखाकर जीत दर्ज की।,positive,athletics,contextual
1028,लगातार तीसरे मैच में कप्तान ने मैच में कमाल का खेल दिखाकर मुश्किल स्थिति से बाहर निकली।,positive,cricket,contextual
1029,आज खिलाड़ियों ने सुबह अभ्यास सत्र में हिस्सा लिया।,neutral,multi-sport,domain_context
1030,आज भारत का सीरीज में निराश करने वाला खेल टीम पर भारी पड़ा।,negative,cricket,contextual
1031,प्रशंसकों के सामने गेंदबाज पारी से पहले प्रशिक्षण कर रहा है।,neutral,cricket,factual
1032,लंबे ब्रेक के बाद गेंदबाज ने पारी में उत्कृष्ट खेल दिखाकर महत्वपूर्ण योगदान दिया।,positive,cricket,contextual
1033,बल्लेबाज मैच के लिए अभ्यास सत्र में शामिल हुई।,neutral,cricket,neutral
1034,धाविका ने इवेंट में खराब प्रदर्शन किया और बढ़त गंवा दी।,negative,athletics,paraphrase
1035,लगातार तीसरे मैच में डिफेंडर ने मुकाबला में कमाल का खेल दिखाकर मुश्किल स्थिति से बाहर निकली।,positive,hockey,contextual
1036,टेनिस स्टार क्वार्टरफाइनल के लिए अगले मुकाबले की तैयारी कर रही है।,neutral,tennis,neutral
1037,टूर्नामेंट के अहम चरण में चैंपियन फाइनल से पहले प्रशिक्षण कर रहा है।,neutral,badminton,factual
1038,टूर्नामेंट के अहम चरण में भारतीय खिलाड़ी ने मैच में लाजवाब खेल दिखाकर जीत दर्ज की।,positive,tennis,contextual
1039,रेडर ने मुकाबला में खराब प्रदर्शन किया और महत्वपूर्ण मौका गंवाया।,negative,kabaddi,paraphrase
1040,आज हॉकी टीम ने मैच में धमाकेदार खेल दिखाकर मुकाबला अपने नाम कर लिया।,positive,hockey,contextual
1041,खिलाड़ी ने मैच में निराशाजनक प्रदर्शन किया और बढ़त गंवा दी।,negative,tennis,paraphrase
1042,लंबे ब्रेक के बाद क्लब ने मुकाबला से पहले प्रशिक्षण पूरा किया।,neutral,football,domain_context
1043,घरेलू मैदान पर कप्तान का सीरीज में लचर खेल टीम पर भारी पड़ा।,negative,cricket,contextual
1044,फॉरवर्ड ने फाइनल के लिए नया अभ्यास कार्यक्रम शुरू किया।,neutral,football,domain_context
1045,आज कप्तान का रन चेज में निराश करने वाला खेल टीम पर भारी पड़ा।,negative,cricket,contextual
1046,फाइनल घरेलू मैदान पर आयोजित होगा और गोलकीपर इसमें हिस्सा लेगा।,neutral,hockey,factual
1047,लगातार तीसरे मैच में भारतीय टीम का फाइनल में निराश करने वाला खेल टीम पर भारी पड़ा।,negative,hockey,contextual
1048,महत्वपूर्ण मौके पर फॉरवर्ड का लीग मैच में असंगत खेल टीम पर भारी पड़ा।,negative,football,contextual
1049,लंबे ब्रेक के बाद भारतीय शटलर ने गेम में जबरदस्त खेल दिखाकर लगातार अच्छा प्रदर्शन किया।,positive,badminton,contextual
1050,गोलकीपर ने मुकाबला के दौरान लगातार गलत फैसले लिए।,negative,hockey,domain_context
1051,प्रशंसकों के सामने कप्तान ने मुकाबला से पहले प्रशिक्षण पूरा किया।,neutral,football,domain_context
1052,लंबे ब्रेक के बाद कप्तान ने मैच से पहले प्रशिक्षण पूरा किया।,neutral,football,domain_context
1053,लंबे ब्रेक के बाद हॉकी टीम का मुकाबला में कमजोर खेल टीम पर भारी पड़ा।,negative,hockey,contextual
1054,कप्तान ने सेट में कमजोर प्रदर्शन किया और उम्मीदों पर खरी नहीं उतरी।,negative,tennis,paraphrase
1055,विकेटकीपर ने ओवर में निराश करने वाला प्रदर्शन किया और बढ़त गंवा दी।,negative,cricket,paraphrase
1056,महत्वपूर्ण मौके पर गोलकीपर ने लीग मैच में उत्कृष्ट खेल दिखाकर महत्वपूर्ण योगदान दिया।,positive,hockey,contextual
1057,भारतीय टीम ने पारी में धमाकेदार प्रदर्शन करते हुए लगातार अच्छा प्रदर्शन किया।,positive,cricket,paraphrase
1058,आज खिलाड़ी मैच से पहले प्रशिक्षण कर रहा है।,neutral,kabaddi,factual
1059,लंबे ब्रेक के बाद खिलाड़ी प्लेऑफ से पहले प्रशिक्षण कर रहा है।,neutral,kabaddi,factual
1060,टूर्नामेंट के अहम चरण में क्लब ने लीग मैच से पहले प्रशिक्षण पूरा किया।,neutral,football,domain_context
1061,घरेलू मैदान पर खिलाड़ी का मैच में निराश करने वाला खेल टीम पर भारी पड़ा।,negative,kabaddi,contextual
1062,रन चेज दबाव वाले मुकाबले में आयोजित होगा और भारत इसमें हिस्सा लेगा।,neutral,cricket,factual
1063,दबाव वाले मुकाबले में धाविका प्रतियोगिता से पहले प्रशिक्षण कर रहा है।,neutral,athletics,factual
1064,फॉरवर्ड ने फाइनल में फीका प्रदर्शन किया और उम्मीदों पर खरी नहीं उतरी।,negative,hockey,paraphrase
1065,प्रशंसकों के सामने खिलाड़ी ने प्रतियोगिता में कमाल का खेल दिखाकर महत्वपूर्ण योगदान दिया।,positive,athletics,contextual
1066,प्रशंसकों के सामने भारतीय खिलाड़ी ने फाइनल में जबरदस्त खेल दिखाकर जीत दर्ज की।,positive,tennis,contextual
1067,खिलाड़ी लीग मैच के लिए अगले मुकाबले की तैयारी कर रही है।,neutral,kabaddi,neutral
1068,टूर्नामेंट के अहम चरण में कप्तान फाइनल से पहले प्रशिक्षण कर रहा है।,neutral,tennis,factual
1069,जोड़ी फाइनल के लिए अभ्यास सत्र में शामिल हुई।,neutral,badminton,neutral
1070,भारतीय धावक ने रेस में लचर प्रदर्शन किया और बढ़त गंवा दी।,negative,athletics,paraphrase
1071,"Pressure ke beech, Team ne pressure mein solid finish kiya.",positive,multi-sport,code_mixed
1072,धाविका फाइनल के लिए मैच के लिए रवाना हुई।,neutral,athletics,neutral
1073,आज जोड़ी मुकाबला से पहले प्रशिक्षण कर रहा है।,neutral,badminton,factual
1074,प्रशंसकों के सामने कप्तान ने मैच में शानदार खेल दिखाकर दबदबा कायम रखा।,positive,tennis,contextual
1075,प्रशंसकों के सामने भारतीय खिलाड़ी ने मुकाबला से पहले प्रशिक्षण पूरा किया।,neutral,tennis,domain_context
1076,महत्वपूर्ण मौके पर हॉकी टीम ने फाइनल में बेहतरीन खेल दिखाकर मुश्किल स्थिति से बाहर निकली।,positive,hockey,contextual
1077,महत्वपूर्ण मौके पर गोलकीपर का मुकाबला में फीका खेल टीम पर भारी पड़ा।,negative,football,contextual
1078,डिफेंडर ने मैच में फीका प्रदर्शन किया और लगातार गलतियां कीं।,negative,hockey,paraphrase
1079,दबाव वाले मुकाबले में एथलीट का इवेंट में निराश करने वाला खेल टीम पर भारी पड़ा।,negative,athletics,contextual
1080,जोड़ी ने मैच में खराब प्रदर्शन किया और दबाव में बिखर गई।,negative,badminton,paraphrase
1081,लगातार तीसरे मैच में खिलाड़ी का फाइनल में खराब खेल टीम पर भारी पड़ा।,negative,athletics,contextual
1082,लगातार तीसरे मैच में भारतीय टीम का मैच में असंगत खेल टीम पर भारी पड़ा।,negative,kabaddi,contextual
1083,इस मुकाबले में भारतीय टीम का मैच में खराब खेल टीम पर भारी पड़ा।,negative,cricket,contextual
1084,घरेलू मैदान पर फॉरवर्ड सेमीफाइनल से पहले प्रशिक्षण कर रहा है।,neutral,football,factual
1085,दबाव वाले मुकाबले में डिफेंडर का लीग मैच में असंगत खेल टीम पर भारी पड़ा।,negative,hockey,contextual
1086,खिलाड़ी ने सेट में बेअसर प्रदर्शन किया और उम्मीदों पर खरी नहीं उतरी।,negative,badminton,paraphrase
1087,घरेलू मैदान पर डिफेंडर लीग मैच से पहले प्रशिक्षण कर रहा है।,neutral,football,factual
1088,"Match se pehle, Match evening mein start hoga.",neutral,multi-sport,code_mixed
1089,खिलाड़ी ने रेस के लिए तैयारी शुरू कर दी।,neutral,athletics,factual
1090,भारतीय खिलाड़ी मैच के लिए मैच के लिए रवाना हुई।,neutral,tennis,neutral
1091,कप्तान ने मैच में बेअसर प्रदर्शन किया और बढ़त गंवा दी।,negative,tennis,paraphrase
1092,खिलाड़ी मैच के लिए अगले मुकाबले की तैयारी कर रही है।,neutral,tennis,neutral
1093,टूर्नामेंट के अहम चरण में क्लब ने मैच में जबरदस्त खेल दिखाकर शानदार वापसी की।,positive,football,contextual
1094,लंबे ब्रेक के बाद भारतीय शटलर ने मुकाबला में यादगार खेल दिखाकर मुश्किल स्थिति से बाहर निकली।,positive,badminton,contextual
1095,टूर्नामेंट के अहम चरण में कप्तान ने पारी में कमाल का खेल दिखाकर मुकाबला अपने नाम कर लिया।,positive,cricket,contextual
1096,पारी निर्णायक मैच में आयोजित होगा और गेंदबाज इसमें हिस्सा लेगा।,neutral,cricket,factual
1097,निर्णायक मैच में कप्तान फाइनल से पहले प्रशिक्षण कर रहा है।,neutral,kabaddi,factual
1098,टूर्नामेंट के अहम चरण में युवा एथलीट ने रेस में धमाकेदार खेल दिखाकर लगातार अच्छा प्रदर्शन किया।,positive,athletics,contextual
1099,प्रशंसकों के सामने भारतीय खिलाड़ी ने सेट में उत्कृष्ट खेल दिखाकर जीत दर्ज की।,positive,tennis,contextual
1100,निर्णायक मैच में चैंपियन ने मैच में लाजवाब खेल दिखाकर जीत दर्ज की।,positive,badminton,contextual
1101,निर्णायक मैच में रेडर ने प्लेऑफ में उत्कृष्ट खेल दिखाकर मुश्किल स्थिति से बाहर निकली।,positive,kabaddi,contextual
1102,फाइनल इस मुकाबले में आयोजित होगा और गोलकीपर इसमें हिस्सा लेगा।,neutral,football,factual
1103,गेंदबाज मुकाबला के लिए रणनीति पर चर्चा कर रही है।,neutral,cricket,neutral
1104,मैच टूर्नामेंट के अहम चरण में आयोजित होगा और कप्तान इसमें हिस्सा लेगा।,neutral,tennis,factual
1105,महत्वपूर्ण मौके पर हॉकी टीम मैच से पहले प्रशिक्षण कर रहा है।,neutral,hockey,factual
1106,विकेटकीपर की मेहनत से सीरीज में टीम का आत्मविश्वास बढ़ा।,positive,cricket,domain_context
1107,निर्णायक मैच में भारतीय शटलर ने सेट में जबरदस्त खेल दिखाकर शानदार वापसी की।,positive,badminton,contextual
1108,टूर्नामेंट के अहम चरण में भारतीय टीम ने प्लेऑफ में उत्कृष्ट खेल दिखाकर मुश्किल स्थिति से बाहर निकली।,positive,kabaddi,contextual
1109,भारतीय धावक फाइनल के लिए मैच के लिए रवाना हुई।,neutral,athletics,neutral
1110,भारतीय खिलाड़ी ने मुकाबला के लिए नया अभ्यास कार्यक्रम शुरू किया।,neutral,tennis,domain_context
1111,कप्तान की मुकाबला में कमजोर रणनीति काम नहीं आई।,negative,kabaddi,contextual
1112,भारतीय टीम ने सेमीफाइनल में बेअसर प्रदर्शन किया और बढ़त गंवा दी।,negative,football,paraphrase
1113,टूर्नामेंट के अहम चरण में भारतीय टीम मैच से पहले प्रशिक्षण कर रहा है।,neutral,hockey,factual
1114,दबाव वाले मुकाबले में भारतीय टीम ने फाइनल से पहले प्रशिक्षण पूरा किया।,neutral,hockey,domain_context
1115,दबाव वाले मुकाबले में कप्तान का प्लेऑफ में कमजोर खेल टीम पर भारी पड़ा।,negative,kabaddi,contextual
1116,निर्णायक मैच में खिलाड़ी ने मुकाबला में जबरदस्त खेल दिखाकर दबदबा कायम रखा।,positive,badminton,contextual
1117,रेस निर्णायक मैच में आयोजित होगा और धाविका इसमें हिस्सा लेगा।,neutral,athletics,factual
1118,प्रशंसकों के सामने कप्तान का क्वार्टरफाइनल में बेअसर खेल टीम पर भारी पड़ा।,negative,tennis,contextual
1119,दबाव वाले मुकाबले में फॉरवर्ड ने मुकाबला में धमाकेदार खेल दिखाकर शानदार वापसी की।,positive,hockey,contextual
1120,आज चैंपियन का मुकाबला में निराशाजनक खेल टीम पर भारी पड़ा।,negative,badminton,contextual
1121,टेनिस स्टार ने मुकाबला में खराब प्रदर्शन किया और अपनी लय खो दी।,negative,tennis,paraphrase
1122,रेस घरेलू मैदान पर आयोजित होगा और युवा एथलीट इसमें हिस्सा लेगा।,neutral,athletics,factual
1123,दबाव वाले मुकाबले में भारतीय टीम ने मुकाबला में जबरदस्त खेल दिखाकर शानदार वापसी की।,positive,kabaddi,contextual
1124,कप्तान मैच के लिए अभ्यास सत्र में शामिल हुई।,neutral,football,neutral
1125,युवा खिलाड़ी ने सेट में असंगत प्रदर्शन किया और महत्वपूर्ण मौका गंवाया।,negative,tennis,paraphrase
1126,भारतीय टीम ने प्लेऑफ में बेहतरीन प्रदर्शन करते हुए शानदार वापसी की।,positive,kabaddi,paraphrase
1127,फाइनल टूर्नामेंट के अहम चरण में आयोजित होगा और हॉकी टीम इसमें हिस्सा लेगा।,neutral,hockey,factual
1128,भारतीय शटलर ने गेम में बेअसर प्रदर्शन किया और बढ़त गंवा दी।,negative,badminton,paraphrase
1129,गेंदबाज के शानदार प्रदर्शन ने पारी का रुख बदल दिया।,positive,cricket,domain_context
1130,प्रशंसकों के सामने बल्लेबाज ने पारी में कमाल का खेल दिखाकर दबदबा कायम रखा।,positive,cricket,contextual
1131,आज भारतीय टीम ने रन चेज से पहले प्रशिक्षण पूरा किया।,neutral,cricket,domain_context
1132,प्रशंसकों के सामने धाविका ने रेस में लाजवाब खेल दिखाकर शानदार वापसी की।,positive,athletics,contextual
1133,आज भारतीय धावक ने प्रतियोगिता से पहले प्रशिक्षण पूरा किया।,neutral,athletics,domain_context
1134,ओवर दबाव वाले मुकाबले में आयोजित होगा और कप्तान इसमें हिस्सा लेगा।,neutral,cricket,factual
1135,भारतीय धावक की टीम फाइनल के लिए अपनी अंतिम सूची तैयार कर रही है।,neutral,athletics,domain_context
1136,इस मुकाबले में कप्तान ने सेट में धमाकेदार खेल दिखाकर जीत दर्ज की।,positive,tennis,contextual
1137,प्रशंसकों के सामने जोड़ी ने मैच में बेहतरीन खेल दिखाकर मुकाबला अपने नाम कर लिया।,positive,badminton,contextual
1138,मुकाबला टूर्नामेंट के अहम चरण में आयोजित होगा और डिफेंडर इसमें हिस्सा लेगा।,neutral,kabaddi,factual
1139,प्रशंसकों के सामने फॉरवर्ड ने मैच में बेहतरीन तालमेल के साथ जीत हासिल की।,positive,hockey,domain_context
1140,इस मुकाबले में युवा खिलाड़ी का फाइनल में फीका खेल टीम पर भारी पड़ा।,negative,tennis,contextual
1141,प्रशंसकों के सामने भारतीय टीम का ओवर में कमजोर खेल टीम पर भारी पड़ा।,negative,cricket,contextual
1142,लगातार तीसरे मैच में फॉरवर्ड ने सेमीफाइनल में जबरदस्त खेल दिखाकर मुश्किल स्थिति से बाहर निकली।,positive,hockey,contextual
1143,इस मुकाबले में हॉकी टीम ने सेमीफाइनल में यादगार खेल दिखाकर लगातार अच्छा प्रदर्शन किया।,positive,hockey,contextual
1144,घरेलू मैदान पर कप्तान ने मैच में यादगार खेल दिखाकर शानदार वापसी की।,positive,cricket,contextual
1145,युवा एथलीट ने फाइनल में निराश करने वाला प्रदर्शन किया और लगातार गलतियां कीं।,negative,athletics,paraphrase
1146,रन चेज आज आयोजित होगा और कप्तान इसमें हिस्सा लेगा।,neutral,cricket,factual
1147,घरेलू मैदान पर भारतीय टीम फाइनल से पहले प्रशिक्षण कर रहा है।,neutral,football,factual
1148,आज युवा एथलीट ने फाइनल में बेहतरीन तालमेल के साथ जीत हासिल की।,positive,athletics,domain_context
1149,भारतीय धावक ने प्रतियोगिता में खराब प्रदर्शन किया और बढ़त गंवा दी।,negative,athletics,paraphrase
1150,फाइनल दबाव वाले मुकाबले में आयोजित होगा और गोलकीपर इसमें हिस्सा लेगा।,neutral,hockey,factual
1151,टूर्नामेंट के अहम चरण में खिलाड़ी का फाइनल में निराश करने वाला खेल टीम पर भारी पड़ा।,negative,badminton,contextual
1152,भारतीय टीम ने मैच में लाजवाब प्रदर्शन करते हुए लगातार अच्छा प्रदर्शन किया।,positive,cricket,paraphrase
1153,युवा शटलर मुकाबला के लिए अगले मुकाबले की तैयारी कर रही है।,neutral,badminton,neutral
1154,लंबे ब्रेक के बाद युवा खिलाड़ी का फाइनल में कमजोर खेल टीम पर भारी पड़ा।,negative,tennis,contextual
1155,मुकाबला लंबे ब्रेक के बाद आयोजित होगा और भारतीय टीम इसमें हिस्सा लेगा।,neutral,football,factual
1156,लंबे ब्रेक के बाद बल्लेबाज ओवर से पहले प्रशिक्षण कर रहा है।,neutral,cricket,factual
1157,गोलकीपर फाइनल के लिए प्रशिक्षण जारी रखे हुए है।,neutral,football,neutral
1158,महत्वपूर्ण मौके पर खिलाड़ी का मुकाबला में फीका खेल टीम पर भारी पड़ा।,negative,tennis,contextual
1159,लंबे ब्रेक के बाद कप्तान ने फाइनल में लाजवाब खेल दिखाकर दबदबा कायम रखा।,positive,kabaddi,contextual
1160,निर्णायक मैच में एथलीट ने रेस में बेहतरीन खेल दिखाकर दबदबा कायम रखा।,positive,athletics,contextual
1161,प्रशंसकों के सामने चैंपियन ने फाइनल में शानदार खेल दिखाकर महत्वपूर्ण योगदान दिया।,positive,badminton,contextual
1162,महत्वपूर्ण मौके पर युवा एथलीट ने फाइनल में शानदार खेल दिखाकर जीत दर्ज की।,positive,athletics,contextual
1163,महत्वपूर्ण मौके पर कप्तान का प्लेऑफ में असंगत खेल टीम पर भारी पड़ा।,negative,kabaddi,contextual
1164,हॉकी टीम की मैच में लचर रणनीति काम नहीं आई।,negative,hockey,contextual
1165,भारतीय टीम के सेमीफाइनल में यादगार प्रदर्शन से टीम को फायदा हुआ।,positive,hockey,contextual
1166,मुकाबला महत्वपूर्ण मौके पर आयोजित होगा और टेनिस स्टार इसमें हिस्सा लेगा।,neutral,tennis,factual
1167,फाइनल लंबे ब्रेक के बाद आयोजित होगा और फॉरवर्ड इसमें हिस्सा लेगा।,neutral,football,factual
1168,खिलाड़ी ने मुकाबला में कमजोर प्रदर्शन किया और मुकाबला गंवा दिया।,negative,badminton,paraphrase
1169,महत्वपूर्ण मौके पर क्लब ने मैच में शानदार खेल दिखाकर लगातार अच्छा प्रदर्शन किया।,positive,football,contextual
1170,टूर्नामेंट के अहम चरण में भारतीय टीम ने मैच में लाजवाब खेल दिखाकर मुश्किल स्थिति से बाहर निकली।,positive,cricket,contextual
1171,आज गेंदबाज का मैच में लचर खेल टीम पर भारी पड़ा।,negative,cricket,contextual
1172,निर्णायक मैच में विकेटकीपर मुकाबला से पहले प्रशिक्षण कर रहा है।,neutral,cricket,factual
1173,इस मुकाबले में कप्तान ने क्वार्टरफाइनल में उत्कृष्ट खेल दिखाकर मुश्किल स्थिति से बाहर निकली।,positive,tennis,contextual
1174,गोलकीपर ने फाइनल के लिए तैयारी शुरू कर दी।,neutral,football,factual
1175,लगातार तीसरे मैच में कप्तान क्वार्टरफाइनल से पहले प्रशिक्षण कर रहा है।,neutral,tennis,factual
1176,निर्णायक मैच में फॉरवर्ड ने मुकाबला में धमाकेदार खेल दिखाकर महत्वपूर्ण योगदान दिया।,positive,football,contextual
1177,मुकाबला इस मुकाबले में आयोजित होगा और फॉरवर्ड इसमें हिस्सा लेगा।,neutral,football,factual
1178,गेम आज आयोजित होगा और चैंपियन इसमें हिस्सा लेगा।,neutral,badminton,factual
1179,आज भारतीय टीम मुकाबला से पहले प्रशिक्षण कर रहा है।,neutral,football,factual
1180,क्लब ने फाइनल में बेहतरीन प्रदर्शन करते हुए मुकाबला अपने नाम कर लिया।,positive,football,paraphrase
1181,कप्तान प्लेऑफ के लिए अगले मुकाबले की तैयारी कर रही है।,neutral,kabaddi,neutral
1182,लंबे अंतराल के बाद खिलाड़ियों ने निर्णायक मौके पर गलतियां कीं।,negative,multi-sport,domain_context
1183,खिलाड़ी ने फाइनल में बेअसर प्रदर्शन किया और अपनी लय खो दी।,negative,badminton,paraphrase
1184,गोलकीपर ने सेमीफाइनल में असंगत प्रदर्शन किया और अपनी लय खो दी।,negative,football,paraphrase
1185,टूर्नामेंट के अहम चरण में युवा शटलर फाइनल से पहले प्रशिक्षण कर रहा है।,neutral,badminton,factual
1186,महत्वपूर्ण मौके पर भारतीय धावक का रेस में लचर खेल टीम पर भारी पड़ा।,negative,athletics,contextual
1187,टूर्नामेंट के अहम चरण में धाविका ने फाइनल में यादगार खेल दिखाकर महत्वपूर्ण योगदान दिया।,positive,athletics,contextual
1188,सेमीफाइनल दबाव वाले मुकाबले में आयोजित होगा और डिफेंडर इसमें हिस्सा लेगा।,neutral,football,factual
1189,इस मुकाबले में भारतीय खिलाड़ी ने क्वार्टरफाइनल में धमाकेदार खेल दिखाकर शानदार वापसी की।,positive,tennis,contextual
1190,घरेलू मैदान पर डिफेंडर फाइनल से पहले प्रशिक्षण कर रहा है।,neutral,football,factual
1191,दबाव वाले मुकाबले में भारत मैच से पहले प्रशिक्षण कर रहा है।,neutral,cricket,factual
1192,लगातार तीसरे मैच में कप्तान ने पारी में बेहतरीन खेल दिखाकर शानदार वापसी की।,positive,cricket,contextual
1193,निर्णायक चरण में टीम की रक्षात्मक चूक भारी पड़ गई।,negative,multi-sport,domain_context
1194,दबाव वाले मुकाबले में फॉरवर्ड मैच से पहले प्रशिक्षण कर रहा है।,neutral,hockey,factual
1195,प्रशंसकों के सामने युवा शटलर ने मैच में शानदार खेल दिखाकर लगातार अच्छा प्रदर्शन किया।,positive,badminton,contextual
1196,आज धाविका का फाइनल में बेअसर खेल टीम पर भारी पड़ा।,negative,athletics,contextual
1197,गोलकीपर ने लीग मैच में लचर प्रदर्शन किया और अपनी लय खो दी।,negative,football,paraphrase
1198,लगातार तीसरे मैच में गोलकीपर ने फाइनल में यादगार खेल दिखाकर लगातार अच्छा प्रदर्शन किया।,positive,football,contextual
1199,लंबे ब्रेक के बाद भारतीय खिलाड़ी ने सेट में कई आसान मौके गंवाए।,negative,tennis,domain_context
1200,लगातार तीसरे मैच में खिलाड़ी ने मुकाबला में लाजवाब खेल दिखाकर मुकाबला अपने नाम कर लिया।,positive,tennis,contextual
1201,लगातार तीसरे मैच में धाविका ने इवेंट से पहले प्रशिक्षण पूरा किया।,neutral,athletics,domain_context
1202,घरेलू मैदान पर एथलीट का रेस में निराशाजनक खेल टीम पर भारी पड़ा।,negative,athletics,contextual
1203,कप्तान रन चेज के लिए प्रशिक्षण जारी रखे हुए है।,neutral,cricket,neutral
1204,लगातार तीसरे मैच में कप्तान ने फाइनल में यादगार खेल दिखाकर महत्वपूर्ण योगदान दिया।,positive,football,contextual
1205,भारत ने पारी में लचर प्रदर्शन किया और अपनी लय खो दी।,negative,cricket,paraphrase
1206,आज खिलाड़ी ने निर्णायक क्षण में बेहतरीन प्रदर्शन किया।,positive,multi-sport,domain_context
1207,कप्तान ने सेट में असंगत प्रदर्शन किया और दबाव में बिखर गई।,negative,tennis,paraphrase
1208,भारतीय टीम ने लीग मैच में खराब प्रदर्शन किया और महत्वपूर्ण मौका गंवाया।,negative,kabaddi,paraphrase
1209,खिलाड़ी ने मुकाबला में असंगत प्रदर्शन किया और महत्वपूर्ण मौका गंवाया।,negative,tennis,paraphrase
1210,लंबे ब्रेक के बाद खिलाड़ी का मुकाबला में निराशाजनक खेल टीम पर भारी पड़ा।,negative,tennis,contextual
1211,टूर्नामेंट के अहम चरण में खिलाड़ी ने इवेंट में कमाल का खेल दिखाकर दबदबा कायम रखा।,positive,athletics,contextual
1212,जोड़ी ने मैच के लिए तैयारी शुरू कर दी।,neutral,badminton,factual
1213,खिलाड़ी ने मुकाबला के लिए तैयारी शुरू कर दी।,neutral,tennis,factual
1214,दबाव वाले मुकाबले में हॉकी टीम ने मैच में बेहतरीन तालमेल के साथ जीत हासिल की।,positive,hockey,domain_context
1215,भारतीय टीम ने सेमीफाइनल में बेअसर प्रदर्शन किया और अपनी लय खो दी।,negative,football,paraphrase
1216,आज भारतीय टीम ने फाइनल में उत्कृष्ट खेल दिखाकर महत्वपूर्ण योगदान दिया।,positive,football,contextual
1217,इस मुकाबले में एथलीट का दौड़ में निराशाजनक खेल टीम पर भारी पड़ा।,negative,athletics,contextual
1218,निर्णायक मैच में डिफेंडर ने फाइनल से पहले प्रशिक्षण पूरा किया।,neutral,football,domain_context
1219,लंबे ब्रेक के बाद कप्तान ने फाइनल में जबरदस्त खेल दिखाकर महत्वपूर्ण योगदान दिया।,positive,kabaddi,contextual
1220,टूर्नामेंट के अहम चरण में हॉकी टीम मुकाबला से पहले प्रशिक्षण कर रहा है।,neutral,hockey,factual
1221,टूर्नामेंट के अहम चरण में विकेटकीपर का मैच में कमजोर खेल टीम पर भारी पड़ा।,negative,cricket,contextual
1222,चैंपियन गेम के लिए टूर्नामेंट में हिस्सा ले रही है।,neutral,badminton,neutral
1223,फाइनल लंबे ब्रेक के बाद आयोजित होगा और भारतीय टीम इसमें हिस्सा लेगा।,neutral,hockey,factual
1224,मुकाबला दबाव वाले मुकाबले में आयोजित होगा और फॉरवर्ड इसमें हिस्सा लेगा।,neutral,football,factual
1225,लंबे ब्रेक के बाद गेंदबाज पारी से पहले प्रशिक्षण कर रहा है।,neutral,cricket,factual
1226,महत्वपूर्ण मौके पर भारतीय धावक ने फाइनल में लाजवाब खेल दिखाकर महत्वपूर्ण योगदान दिया।,positive,athletics,contextual
1227,टूर्नामेंट के अहम चरण में टेनिस स्टार ने मुकाबला में शानदार खेल दिखाकर महत्वपूर्ण योगदान दिया।,positive,tennis,contextual
1228,लंबे ब्रेक के बाद भारतीय टीम का प्लेऑफ में कमजोर खेल टीम पर भारी पड़ा।,negative,kabaddi,contextual
1229,आज बल्लेबाज ने ओवर से पहले प्रशिक्षण पूरा किया।,neutral,cricket,domain_context
1230,भारतीय धावक ने रेस में कमजोर प्रदर्शन किया और बढ़त गंवा दी।,negative,athletics,paraphrase
1231,दबाव वाले मुकाबले में हॉकी टीम ने लीग मैच में जबरदस्त खेल दिखाकर लगातार अच्छा प्रदर्शन किया।,positive,hockey,contextual
1232,युवा खिलाड़ी ने फाइनल में फीका प्रदर्शन किया और लगातार गलतियां कीं।,negative,tennis,paraphrase
1233,निर्णायक मैच में खिलाड़ी का फाइनल में कमजोर खेल टीम पर भारी पड़ा।,negative,badminton,contextual
1234,खिलाड़ी दौड़ के लिए अगले दौर के लिए पहुंची।,neutral,athletics,neutral
1235,कप्तान ने मुकाबला में लचर प्रदर्शन किया और लगातार गलतियां कीं।,negative,football,paraphrase
1236,आज भारतीय टीम का प्लेऑफ में फीका खेल टीम पर भारी पड़ा।,negative,kabaddi,contextual
1237,निर्णायक मैच में टेनिस स्टार ने सेट में बेहतरीन खेल दिखाकर शानदार वापसी की।,positive,tennis,contextual
1238,दौड़ टूर्नामेंट के अहम चरण में आयोजित होगा और भारतीय धावक इसमें हिस्सा लेगा।,neutral,athletics,factual
1239,लंबे ब्रेक के बाद धाविका इवेंट से पहले प्रशिक्षण कर रहा है।,neutral,athletics,factual
1240,लगातार तीसरे मैच में फॉरवर्ड ने लीग मैच में उत्कृष्ट खेल दिखाकर शानदार वापसी की।,positive,football,contextual
1241,खिलाड़ी लीग मैच के लिए अगले दौर के लिए पहुंची।,neutral,kabaddi,neutral
1242,इवेंट महत्वपूर्ण मौके पर आयोजित होगा और युवा एथलीट इसमें हिस्सा लेगा।,neutral,athletics,factual
1243,निर्णायक मैच में भारत मुकाबला से पहले प्रशिक्षण कर रहा है।,neutral,cricket,factual
1244,कप्तान ने मुकाबला में बेअसर प्रदर्शन किया और मुकाबला गंवा दिया।,negative,cricket,paraphrase
1245,फाइनल लंबे ब्रेक के बाद आयोजित होगा और चैंपियन इसमें हिस्सा लेगा।,neutral,badminton,factual
1246,टूर्नामेंट के अहम चरण में रेडर का फाइनल में कमजोर खेल टीम पर भारी पड़ा।,negative,kabaddi,contextual
1247,क्वार्टरफाइनल दबाव वाले मुकाबले में आयोजित होगा और भारतीय खिलाड़ी इसमें हिस्सा लेगा।,neutral,tennis,factual
1248,महत्वपूर्ण मौके पर फॉरवर्ड ने लीग मैच में कमाल का खेल दिखाकर महत्वपूर्ण योगदान दिया।,positive,hockey,contextual
1249,लंबे ब्रेक के बाद कप्तान ने सीरीज में शानदार खेल दिखाकर मुकाबला अपने नाम कर लिया।,positive,cricket,contextual
1250,प्रशंसकों के सामने डिफेंडर ने लीग मैच में उत्कृष्ट खेल दिखाकर मुश्किल स्थिति से बाहर निकली।,positive,kabaddi,contextual
1251,टूर्नामेंट के अहम चरण में रेडर ने प्लेऑफ में कमाल का खेल दिखाकर जीत दर्ज की।,positive,kabaddi,contextual
1252,युवा खिलाड़ी सेट के लिए अभ्यास सत्र में शामिल हुई।,neutral,tennis,neutral
1253,प्लेऑफ लंबे ब्रेक के बाद आयोजित होगा और कप्तान इसमें हिस्सा लेगा।,neutral,kabaddi,factual
1254,घरेलू मैदान पर भारतीय टीम ने सेमीफाइनल में कई आसान मौके गंवाए।,negative,football,domain_context
1255,घरेलू मैदान पर दोनों टीमों ने मैच से पहले प्रशिक्षण किया।,neutral,multi-sport,domain_context
1256,शाम के मुकाबले में अगले दौर का कार्यक्रम आयोजकों ने जारी किया।,neutral,multi-sport,domain_context
1257,टूर्नामेंट के अहम चरण में क्लब ने मैच में बेहतरीन तालमेल के साथ जीत हासिल की।,positive,football,domain_context
1258,भारतीय टीम ने लीग मैच में फीका प्रदर्शन किया और महत्वपूर्ण मौका गंवाया।,negative,football,paraphrase
1259,लगातार तीसरे मैच में कप्तान फाइनल से पहले प्रशिक्षण कर रहा है।,neutral,football,factual
1260,दबाव वाले मुकाबले में खिलाड़ी का सेट में खराब खेल टीम पर भारी पड़ा।,negative,badminton,contextual
1261,आज खिलाड़ी का सेट में असंगत खेल टीम पर भारी पड़ा।,negative,badminton,contextual
1262,लंबे ब्रेक के बाद कप्तान का मुकाबला में लचर खेल टीम पर भारी पड़ा।,negative,tennis,contextual
1263,एथलीट ने इवेंट में खराब प्रदर्शन किया और बढ़त गंवा दी।,negative,athletics,paraphrase
1264,प्रशंसकों के सामने अगले दौर का कार्यक्रम आयोजकों ने जारी किया।,neutral,multi-sport,domain_context
1265,भारतीय खिलाड़ी ने सेट में लाजवाब प्रदर्शन करते हुए दबदबा कायम रखा।,positive,tennis,paraphrase
1266,भारतीय टीम ने मैच में फीका प्रदर्शन किया और दबाव में बिखर गई।,negative,football,paraphrase
1267,क्लब लीग मैच के लिए अगले दौर के लिए पहुंची।,neutral,football,neutral
1268,दबाव वाले मुकाबले में खिलाड़ी का मैच में बेअसर खेल टीम पर भारी पड़ा।,negative,tennis,contextual
1269,कप्तान ने मुकाबला में बेअसर प्रदर्शन किया और उम्मीदों पर खरी नहीं उतरी।,negative,kabaddi,paraphrase
1270,प्रशंसकों के सामने भारत ने मैच में बेहतरीन तालमेल के साथ जीत हासिल की।,positive,cricket,domain_context
1271,निर्णायक मैच में भारत ने मैच में यादगार खेल दिखाकर मुकाबला अपने नाम कर लिया।,positive,cricket,contextual
1272,महत्वपूर्ण मौके पर क्लब ने मैच में लाजवाब खेल दिखाकर जीत दर्ज की।,positive,football,contextual
1273,प्रशंसकों के सामने टेनिस स्टार मैच से पहले प्रशिक्षण कर रहा है।,neutral,tennis,factual
1274,हॉकी टीम ने मैच में फीका प्रदर्शन किया और महत्वपूर्ण मौका गंवाया।,negative,hockey,paraphrase
1275,इस मुकाबले में युवा खिलाड़ी ने फाइनल में कई आसान मौके गंवाए।,negative,tennis,domain_context
1276,बल्लेबाज ने ओवर में कमजोर प्रदर्शन किया और लगातार गलतियां कीं।,negative,cricket,paraphrase
1277,कप्तान ने मैच में खराब प्रदर्शन किया और अपनी लय खो दी।,negative,tennis,paraphrase
1278,निर्णायक चरण में खिलाड़ियों ने सुबह अभ्यास सत्र में हिस्सा लिया।,neutral,multi-sport,domain_context
1279,घरेलू मैदान पर एथलीट ने दौड़ में उत्कृष्ट खेल दिखाकर शानदार वापसी की।,positive,athletics,contextual
1280,भारतीय टीम रन चेज के लिए मैच के लिए रवाना हुई।,neutral,cricket,neutral
1281,कप्तान सेट के लिए अगले मुकाबले की तैयारी कर रही है।,neutral,tennis,neutral
1282,एथलीट ने प्रतियोगिता में खराब प्रदर्शन किया और बढ़त गंवा दी।,negative,athletics,paraphrase
1283,लंबे ब्रेक के बाद गोलकीपर का मैच में बेअसर खेल टीम पर भारी पड़ा।,negative,football,contextual
1284,निर्णायक मैच में गोलकीपर ने मैच में लाजवाब खेल दिखाकर लगातार अच्छा प्रदर्शन किया।,positive,hockey,contextual
1285,खिलाड़ी ने मुकाबला में लचर प्रदर्शन किया और महत्वपूर्ण मौका गंवाया।,negative,kabaddi,paraphrase
1286,लगातार तीसरे मैच में भारतीय टीम ने मुकाबला से पहले प्रशिक्षण पूरा किया।,neutral,cricket,domain_context
1287,लंबे ब्रेक के बाद खिलाड़ी का लीग मैच में लचर खेल टीम पर भारी पड़ा।,negative,kabaddi,contextual
1288,दबाव वाले मुकाबले में कप्तान ने क्वार्टरफाइनल में शानदार खेल दिखाकर शानदार वापसी की।,positive,tennis,contextual
1289,टूर्नामेंट के अहम चरण में खिलाड़ी ने रेस में जबरदस्त खेल दिखाकर शानदार वापसी की।,positive,athletics,contextual
1290,खिलाड़ी फाइनल के लिए मैच के लिए रवाना हुई।,neutral,badminton,neutral
1291,लंबे ब्रेक के बाद कप्तान का मुकाबला में कमजोर खेल टीम पर भारी पड़ा।,negative,kabaddi,contextual
1292,गोलकीपर अगले मैच से पहले कोच के साथ बैठक करेगा।,neutral,hockey,domain_context
1293,लंबे ब्रेक के बाद विकेटकीपर ने सीरीज से पहले प्रशिक्षण पूरा किया।,neutral,cricket,domain_context
1294,निर्णायक मैच में गेंदबाज मुकाबला से पहले प्रशिक्षण कर रहा है।,neutral,cricket,factual
1295,इस मुकाबले में एथलीट ने फाइनल में यादगार खेल दिखाकर महत्वपूर्ण योगदान दिया।,positive,athletics,contextual
1296,महत्वपूर्ण मौके पर भारतीय धावक ने दौड़ में यादगार खेल दिखाकर दबदबा कायम रखा।,positive,athletics,contextual
1297,रेडर ने प्लेऑफ में लचर प्रदर्शन किया और दबाव में बिखर गई।,negative,kabaddi,paraphrase
1298,महत्वपूर्ण मौके पर भारतीय टीम ने मुकाबला में धमाकेदार खेल दिखाकर मुकाबला अपने नाम कर लिया।,positive,hockey,contextual
1299,इस मुकाबले में भारतीय धावक ने फाइनल में बेहतरीन खेल दिखाकर जीत दर्ज की।,positive,athletics,contextual
1300,क्वार्टरफाइनल टूर्नामेंट के अहम चरण में आयोजित होगा और टेनिस स्टार इसमें हिस्सा लेगा।,neutral,tennis,factual
1301,महत्वपूर्ण मौके पर भारतीय धावक ने फाइनल में कमाल का खेल दिखाकर महत्वपूर्ण योगदान दिया।,positive,athletics,contextual
1302,निर्णायक मैच में फॉरवर्ड मैच से पहले प्रशिक्षण कर रहा है।,neutral,hockey,factual
1303,घरेलू मैदान पर भारतीय टीम ने पारी में यादगार खेल दिखाकर लगातार अच्छा प्रदर्शन किया।,positive,cricket,contextual
1304,घरेलू मैदान पर खिलाड़ी ने मैच में उत्कृष्ट खेल दिखाकर महत्वपूर्ण योगदान दिया।,positive,badminton,contextual
1305,घरेलू मैदान पर भारतीय शटलर ने मुकाबला में बेहतरीन खेल दिखाकर मुकाबला अपने नाम कर लिया।,positive,badminton,contextual
1306,आज कप्तान ने मुकाबला में यादगार खेल दिखाकर शानदार वापसी की।,positive,tennis,contextual
1307,टेनिस स्टार के सेट में शानदार प्रदर्शन से टीम को फायदा हुआ।,positive,tennis,contextual
1308,टूर्नामेंट के अहम चरण में जोड़ी ने फाइनल में लाजवाब खेल दिखाकर लगातार अच्छा प्रदर्शन किया।,positive,badminton,contextual
1309,चैंपियन ने मुकाबला में लचर प्रदर्शन किया और लगातार गलतियां कीं।,negative,badminton,paraphrase
1310,महत्वपूर्ण मौके पर भारतीय धावक ने दौड़ में बेहतरीन खेल दिखाकर शानदार वापसी की।,positive,athletics,contextual
1311,घरेलू मैदान पर विकेटकीपर ओवर से पहले प्रशिक्षण कर रहा है।,neutral,cricket,factual
1312,टूर्नामेंट के अहम चरण में चैंपियन ने मैच में जबरदस्त खेल दिखाकर जीत दर्ज की।,positive,badminton,contextual
1313,महत्वपूर्ण मौके पर खिलाड़ी मैच से पहले प्रशिक्षण कर रहा है।,neutral,tennis,factual
1314,टूर्नामेंट के अहम चरण में युवा एथलीट का फाइनल में निराशाजनक खेल टीम पर भारी पड़ा।,negative,athletics,contextual
1315,फाइनल घरेलू मैदान पर आयोजित होगा और टेनिस स्टार इसमें हिस्सा लेगा।,neutral,tennis,factual
1316,दबाव वाले मुकाबले में भारतीय खिलाड़ी ने क्वार्टरफाइनल में कमाल का खेल दिखाकर जीत दर्ज की।,positive,tennis,contextual
1317,क्लब फाइनल के लिए अगले दौर के लिए पहुंची।,neutral,football,neutral
1318,टूर्नामेंट के अहम चरण में धाविका का प्रतियोगिता में लचर खेल टीम पर भारी पड़ा।,negative,athletics,contextual
1319,डिफेंडर ने मुकाबला में उत्कृष्ट प्रदर्शन करते हुए जीत दर्ज की।,positive,football,paraphrase
1320,दौड़ निर्णायक मैच में आयोजित होगा और भारतीय धावक इसमें हिस्सा लेगा।,neutral,athletics,factual
1321,घरेलू मैदान पर डिफेंडर का फाइनल में खराब खेल टीम पर भारी पड़ा।,negative,hockey,contextual
1322,प्लेऑफ महत्वपूर्ण मौके पर आयोजित होगा और खिलाड़ी इसमें हिस्सा लेगा।,neutral,kabaddi,factual
1323,इस मुकाबले में डिफेंडर ने लीग मैच में धमाकेदार खेल दिखाकर लगातार अच्छा प्रदर्शन किया।,positive,kabaddi,contextual
1324,घरेलू मैदान पर कप्तान सीरीज से पहले प्रशिक्षण कर रहा है।,neutral,cricket,factual
1325,लंबे ब्रेक के बाद रेडर ने प्लेऑफ में कमाल का खेल दिखाकर मुश्किल स्थिति से बाहर निकली।,positive,kabaddi,contextual
1326,आज कप्तान का मैच में निराशाजनक खेल टीम पर भारी पड़ा।,negative,kabaddi,contextual
1327,विकेटकीपर ने ओवर में निराश करने वाला प्रदर्शन किया और मुकाबला गंवा दिया।,negative,cricket,paraphrase
1328,युवा शटलर ने गेम में लाजवाब प्रदर्शन करते हुए दबदबा कायम रखा।,positive,badminton,paraphrase
1329,युवा खिलाड़ी सेट के लिए मैच के लिए रवाना हुई।,neutral,tennis,neutral
1330,निर्णायक मैच में खिलाड़ी लीग मैच से पहले प्रशिक्षण कर रहा है।,neutral,kabaddi,factual
1331,भारतीय टीम की सेमीफाइनल में कमजोर रणनीति काम नहीं आई।,negative,football,contextual
1332,लंबे ब्रेक के बाद भारतीय धावक ने इवेंट में धमाकेदार खेल दिखाकर मुकाबला अपने नाम कर लिया।,positive,athletics,contextual
1333,घरेलू मैदान पर टेनिस स्टार ने क्वार्टरफाइनल में बेहतरीन तालमेल के साथ जीत हासिल की।,positive,tennis,domain_context
1334,दबाव वाले मुकाबले में फॉरवर्ड ने सेमीफाइनल में कमाल का खेल दिखाकर जीत दर्ज की।,positive,football,contextual
1335,लंबे ब्रेक के बाद रेडर का प्लेऑफ में फीका खेल टीम पर भारी पड़ा।,negative,kabaddi,contextual
1336,डिफेंडर ने लीग मैच में लाजवाब प्रदर्शन करते हुए दबदबा कायम रखा।,positive,football,paraphrase
1337,लंबे ब्रेक के बाद फॉरवर्ड ने फाइनल में जबरदस्त खेल दिखाकर जीत दर्ज की।,positive,hockey,contextual
1338,इस मुकाबले में खिलाड़ी ने इवेंट में जबरदस्त खेल दिखाकर महत्वपूर्ण योगदान दिया।,positive,athletics,contextual
1339,निर्णायक मैच में रेडर ने लीग मैच से पहले प्रशिक्षण पूरा किया।,neutral,kabaddi,domain_context
1340,घरेलू मैदान पर युवा एथलीट ने फाइनल में लाजवाब खेल दिखाकर मुश्किल स्थिति से बाहर निकली।,positive,athletics,contextual
1341,प्रशंसकों के सामने भारतीय टीम ने मुकाबला में उत्कृष्ट खेल दिखाकर महत्वपूर्ण योगदान दिया।,positive,kabaddi,contextual
1342,एथलीट ने रेस में असंगत प्रदर्शन किया और महत्वपूर्ण मौका गंवाया।,negative,athletics,paraphrase
1343,भारतीय शटलर ने सेट में धमाकेदार प्रदर्शन करते हुए महत्वपूर्ण योगदान दिया।,positive,badminton,paraphrase
1344,आज चैंपियन ने सेट में उत्कृष्ट खेल दिखाकर महत्वपूर्ण योगदान दिया।,positive,badminton,contextual
1345,युवा एथलीट रेस के लिए प्रशिक्षण जारी रखे हुए है।,neutral,athletics,neutral
1346,फाइनल इस मुकाबले में आयोजित होगा और खिलाड़ी इसमें हिस्सा लेगा।,neutral,athletics,factual
1347,खिलाड़ी ने प्लेऑफ में लचर प्रदर्शन किया और मुकाबला गंवा दिया।,negative,kabaddi,paraphrase
1348,प्रशंसकों के सामने धाविका फाइनल से पहले प्रशिक्षण कर रहा है।,neutral,athletics,factual
1349,निर्णायक मैच में युवा शटलर ने मुकाबला में शानदार खेल दिखाकर मुकाबला अपने नाम कर लिया।,positive,badminton,contextual
1350,निर्णायक मैच में जोड़ी का गेम में बेअसर खेल टीम पर भारी पड़ा।,negative,badminton,contextual
1351,आज डिफेंडर का फाइनल में निराश करने वाला खेल टीम पर भारी पड़ा।,negative,hockey,contextual
1352,गोलकीपर ने सेमीफाइनल में निराश करने वाला प्रदर्शन किया और बढ़त गंवा दी।,negative,football,paraphrase
1353,लंबे ब्रेक के बाद गोलकीपर का सेमीफाइनल में निराशाजनक खेल टीम पर भारी पड़ा।,negative,football,contextual
1354,लगातार तीसरे मैच में खिलाड़ी का मैच में निराशाजनक खेल टीम पर भारी पड़ा।,negative,kabaddi,contextual
1355,विकेटकीपर ने ओवर में लाजवाब प्रदर्शन करते हुए मुश्किल स्थिति से बाहर निकली।,positive,cricket,paraphrase
1356,निर्णायक मैच में खिलाड़ी मैच से पहले प्रशिक्षण कर रहा है।,neutral,tennis,factual
1357,लंबे ब्रेक के बाद युवा एथलीट का रेस में कमजोर खेल टीम पर भारी पड़ा।,negative,athletics,contextual
1358,दबाव वाले मुकाबले में कप्तान क्वार्टरफाइनल से पहले प्रशिक्षण कर रहा है।,neutral,tennis,factual
1359,इस मुकाबले में फॉरवर्ड का मैच में कमजोर खेल टीम पर भारी पड़ा।,negative,football,contextual
1360,घरेलू मैदान पर भारतीय शटलर ने सेट में धमाकेदार खेल दिखाकर महत्वपूर्ण योगदान दिया।,positive,badminton,contextual
1361,क्लब ने लीग मैच में निराशाजनक प्रदर्शन किया और बढ़त गंवा दी।,negative,football,paraphrase
1362,विकेटकीपर ने मैच में निराश करने वाला प्रदर्शन किया और उम्मीदों पर खरी नहीं उतरी।,negative,cricket,paraphrase
1363,धाविका ने प्रतियोगिता के लिए नया अभ्यास कार्यक्रम शुरू किया।,neutral,athletics,domain_context
1364,धाविका प्रतियोगिता के लिए मैच के लिए रवाना हुई।,neutral,athletics,neutral
1365,फाइनल आज आयोजित होगा और युवा शटलर इसमें हिस्सा लेगा।,neutral,badminton,factual
1366,टूर्नामेंट के अहम चरण में खिलाड़ी का मुकाबला में निराश करने वाला खेल टीम पर भारी पड़ा।,negative,badminton,contextual
1367,जोड़ी की गेम में निराशाजनक रणनीति काम नहीं आई।,negative,badminton,contextual
1368,इवेंट दबाव वाले मुकाबले में आयोजित होगा और खिलाड़ी इसमें हिस्सा लेगा।,neutral,athletics,factual
1369,गेंदबाज अगले मैच से पहले कोच के साथ बैठक करेगा।,neutral,cricket,domain_context
1370,लगातार तीसरे मैच में खिलाड़ी ने सेट में जबरदस्त खेल दिखाकर जीत दर्ज की।,positive,tennis,contextual
1371,फाइनल लगातार तीसरे मैच में आयोजित होगा और भारतीय शटलर इसमें हिस्सा लेगा।,neutral,badminton,factual
1372,युवा खिलाड़ी मुकाबला के लिए प्रशिक्षण जारी रखे हुए है।,neutral,tennis,neutral
1373,लंबे ब्रेक के बाद युवा शटलर फाइनल से पहले प्रशिक्षण कर रहा है।,neutral,badminton,factual
1374,प्रशंसकों के सामने क्लब लीग मैच से पहले प्रशिक्षण कर रहा है।,neutral,football,factual
1375,लंबे ब्रेक के बाद युवा खिलाड़ी ने फाइनल से पहले प्रशिक्षण पूरा किया।,neutral,tennis,domain_context
1376,महत्वपूर्ण मौके पर युवा शटलर का सेट में असंगत खेल टीम पर भारी पड़ा।,negative,badminton,contextual
1377,निर्णायक मैच में युवा शटलर फाइनल से पहले प्रशिक्षण कर रहा है।,neutral,badminton,factual
1378,लंबे ब्रेक के बाद युवा शटलर का मुकाबला में असंगत खेल टीम पर भारी पड़ा।,negative,badminton,contextual
1379,आज भारतीय टीम ने प्लेऑफ में धमाकेदार खेल दिखाकर लगातार अच्छा प्रदर्शन किया।,positive,kabaddi,contextual
1380,मुकाबला आज आयोजित होगा और फॉरवर्ड इसमें हिस्सा लेगा।,neutral,football,factual
1381,लगातार तीसरे मैच में विकेटकीपर पारी से पहले प्रशिक्षण कर रहा है।,neutral,cricket,factual
1382,आज डिफेंडर का लीग मैच में कमजोर खेल टीम पर भारी पड़ा।,negative,kabaddi,contextual
1383,लगातार तीसरे मैच में टेनिस स्टार ने फाइनल में शानदार खेल दिखाकर महत्वपूर्ण योगदान दिया।,positive,tennis,contextual
1384,निर्णायक मैच में रेडर मुकाबला से पहले प्रशिक्षण कर रहा है।,neutral,kabaddi,factual
1385,एथलीट की मेहनत से दौड़ में टीम का आत्मविश्वास बढ़ा।,positive,athletics,domain_context
1386,घरेलू मैदान पर हॉकी टीम ने मैच से पहले प्रशिक्षण पूरा किया।,neutral,hockey,domain_context
1387,महत्वपूर्ण मौके पर कप्तान का मुकाबला में फीका खेल टीम पर भारी पड़ा।,negative,cricket,contextual
1388,धाविका इवेंट के लिए टूर्नामेंट में हिस्सा ले रही है।,neutral,athletics,neutral
1389,भारतीय धावक इवेंट के लिए अगले मुकाबले की तैयारी कर रही है।,neutral,athletics,neutral
1390,लगातार तीसरे मैच में भारतीय शटलर ने मुकाबला से पहले प्रशिक्षण पूरा किया।,neutral,badminton,domain_context
1391,इस मुकाबले में युवा एथलीट ने इवेंट में बेहतरीन तालमेल के साथ जीत हासिल की।,positive,athletics,domain_context
1392,लगातार तीसरे मैच में एथलीट का दौड़ में निराशाजनक खेल टीम पर भारी पड़ा।,negative,athletics,contextual
1393,निर्णायक मैच में बल्लेबाज ने सीरीज में कमाल का खेल दिखाकर लगातार अच्छा प्रदर्शन किया।,positive,cricket,contextual
1394,भारतीय धावक रेस के लिए अगले दौर के लिए पहुंची।,neutral,athletics,neutral
1395,चैंपियन ने मैच में जबरदस्त प्रदर्शन करते हुए मुकाबला अपने नाम कर लिया।,positive,badminton,paraphrase
1396,खिलाड़ी ने दौड़ में बेअसर प्रदर्शन किया और बढ़त गंवा दी।,negative,athletics,paraphrase
1397,प्रशंसकों के सामने हॉकी टीम ने सेमीफाइनल में कमाल का खेल दिखाकर मुकाबला अपने नाम कर लिया।,positive,hockey,contextual
1398,लगातार तीसरे मैच में युवा खिलाड़ी ने मुकाबला में कमाल का खेल दिखाकर मुश्किल स्थिति से बाहर निकली।,positive,tennis,contextual
1399,लगातार तीसरे मैच में खिलाड़ी गेम से पहले प्रशिक्षण कर रहा है।,neutral,badminton,factual
1400,टूर्नामेंट के अहम चरण में डिफेंडर ने सेमीफाइनल में यादगार खेल दिखाकर जीत दर्ज की।,positive,hockey,contextual
1401,हॉकी टीम की मुकाबला में असंगत रणनीति काम नहीं आई।,negative,hockey,contextual
1402,आज भारतीय शटलर ने मैच में बेहतरीन खेल दिखाकर शानदार वापसी की।,positive,badminton,contextual
1403,ओवर लंबे ब्रेक के बाद आयोजित होगा और कप्तान इसमें हिस्सा लेगा।,neutral,cricket,factual
1404,घरेलू मैदान पर विकेटकीपर ने मैच में बेहतरीन तालमेल के साथ जीत हासिल की।,positive,cricket,domain_context
1405,महत्वपूर्ण मौके पर एथलीट ने दौड़ में जबरदस्त खेल दिखाकर जीत दर्ज की।,positive,athletics,contextual
1406,प्रशंसकों के सामने भारत ने रन चेज में शानदार खेल दिखाकर शानदार वापसी की।,positive,cricket,contextual
1407,टूर्नामेंट के अहम चरण में भारतीय टीम ने मैच में कमाल का खेल दिखाकर लगातार अच्छा प्रदर्शन किया।,positive,cricket,contextual
1408,महत्वपूर्ण मौके पर खिलाड़ी ने लीग मैच से पहले प्रशिक्षण पूरा किया।,neutral,kabaddi,domain_context
1409,युवा एथलीट ने प्रतियोगिता के लिए तैयारी शुरू कर दी।,neutral,athletics,factual
1410,दबाव वाले मुकाबले में खिलाड़ी ने लीग मैच में धमाकेदार खेल दिखाकर महत्वपूर्ण योगदान दिया।,positive,kabaddi,contextual
1411,आज फॉरवर्ड ने सेमीफाइनल में उत्कृष्ट खेल दिखाकर महत्वपूर्ण योगदान दिया।,positive,hockey,contextual
1412,इस मुकाबले में डिफेंडर ने मैच से पहले प्रशिक्षण पूरा किया।,neutral,kabaddi,domain_context
1413,महत्वपूर्ण मौके पर कप्तान मुकाबला से पहले प्रशिक्षण कर रहा है।,neutral,football,factual
1414,निर्णायक मैच में खिलाड़ी का लीग मैच में असंगत खेल टीम पर भारी पड़ा।,negative,kabaddi,contextual
1415,भारतीय टीम ने सेमीफाइनल के लिए यात्रा कार्यक्रम साझा किया।,neutral,football,domain_context
1416,निर्णायक मैच में गोलकीपर ने लीग मैच से पहले प्रशिक्षण पूरा किया।,neutral,football,domain_context
1417,सेमीफाइनल लगातार तीसरे मैच में आयोजित होगा और गोलकीपर इसमें हिस्सा लेगा।,neutral,football,factual
1418,लंबे ब्रेक के बाद भारतीय टीम ने मैच में लाजवाब खेल दिखाकर दबदबा कायम रखा।,positive,football,contextual
1419,प्रशंसकों के सामने युवा खिलाड़ी ने फाइनल में उत्कृष्ट खेल दिखाकर महत्वपूर्ण योगदान दिया।,positive,tennis,contextual
1420,दबाव वाले मुकाबले में भारतीय टीम ने फाइनल में धमाकेदार खेल दिखाकर महत्वपूर्ण योगदान दिया।,positive,football,contextual
1421,भारतीय धावक को रेस के लिए टीम में शामिल किया गया है।,neutral,athletics,domain_context
1422,भारत ने रन चेज में बेअसर प्रदर्शन किया और मुकाबला गंवा दिया।,negative,cricket,paraphrase
1423,एथलीट ने दौड़ में खराब प्रदर्शन किया और मुकाबला गंवा दिया।,negative,athletics,paraphrase
1424,मुकाबला प्रशंसकों के सामने आयोजित होगा और चैंपियन इसमें हिस्सा लेगा।,neutral,badminton,factual
1425,महत्वपूर्ण मौके पर गेंदबाज ने पारी में यादगार खेल दिखाकर मुकाबला अपने नाम कर लिया।,positive,cricket,contextual
1426,महत्वपूर्ण मौके पर युवा एथलीट ने रेस में जबरदस्त खेल दिखाकर मुश्किल स्थिति से बाहर निकली।,positive,athletics,contextual
1427,टूर्नामेंट के अहम चरण में एथलीट का रेस में खराब खेल टीम पर भारी पड़ा।,negative,athletics,contextual
1428,दबाव वाले मुकाबले में भारतीय शटलर गेम से पहले प्रशिक्षण कर रहा है।,neutral,badminton,factual
1429,घरेलू मैदान पर भारतीय खिलाड़ी ने सेट में जबरदस्त खेल दिखाकर मुश्किल स्थिति से बाहर निकली।,positive,tennis,contextual
1430,इस मुकाबले में एथलीट ने रेस में लाजवाब खेल दिखाकर शानदार वापसी की।,positive,athletics,contextual
1431,महत्वपूर्ण मौके पर खिलाड़ी का फाइनल में असंगत खेल टीम पर भारी पड़ा।,negative,tennis,contextual
1432,विकेटकीपर पारी के लिए प्रशिक्षण जारी रखे हुए है।,neutral,cricket,neutral
1433,दबाव वाले मुकाबले में फॉरवर्ड लीग मैच से पहले प्रशिक्षण कर रहा है।,neutral,hockey,factual
1434,घरेलू मैदान पर युवा एथलीट ने प्रतियोगिता में लाजवाब खेल दिखाकर लगातार अच्छा प्रदर्शन किया।,positive,athletics,contextual
1435,लगातार तीसरे मैच में कप्तान ने मैच में कमाल का खेल दिखाकर लगातार अच्छा प्रदर्शन किया।,positive,cricket,contextual
1436,गोलकीपर ने फाइनल में लचर खेल दिखाया और टीम को नुकसान हुआ।,negative,football,domain_context
1437,भारत रन चेज के लिए अगले दौर के लिए पहुंची।,neutral,cricket,neutral
1438,निर्णायक मैच में गेंदबाज का सीरीज में निराशाजनक खेल टीम पर भारी पड़ा।,negative,cricket,contextual
1439,पारी निर्णायक मैच में आयोजित होगा और कप्तान इसमें हिस्सा लेगा।,neutral,cricket,factual
1440,भारतीय टीम मुकाबला के लिए मैच के लिए रवाना हुई।,neutral,cricket,neutral
1441,भारत मुकाबला के लिए रणनीति पर चर्चा कर रही है।,neutral,cricket,neutral
1442,घरेलू मैदान पर भारत रन चेज से पहले प्रशिक्षण कर रहा है।,neutral,cricket,factual
1443,दबाव वाले मुकाबले में डिफेंडर का मैच में बेअसर खेल टीम पर भारी पड़ा।,negative,hockey,contextual
1444,घरेलू मैदान पर फॉरवर्ड ने मुकाबला में धमाकेदार खेल दिखाकर महत्वपूर्ण योगदान दिया।,positive,football,contextual
1445,घरेलू मैदान पर गोलकीपर मैच से पहले प्रशिक्षण कर रहा है।,neutral,football,factual
1446,हॉकी टीम की टीम मैच के लिए अपनी अंतिम सूची तैयार कर रही है।,neutral,hockey,domain_context
1447,दबाव वाले मुकाबले में खिलाड़ी सेट से पहले प्रशिक्षण कर रहा है।,neutral,badminton,factual
1448,घरेलू मैदान पर भारतीय टीम ने प्लेऑफ में धमाकेदार खेल दिखाकर दबदबा कायम रखा।,positive,kabaddi,contextual
1449,टूर्नामेंट के अहम चरण में जोड़ी फाइनल से पहले प्रशिक्षण कर रहा है।,neutral,badminton,factual
1450,इस मुकाबले में टेनिस स्टार का क्वार्टरफाइनल में असंगत खेल टीम पर भारी पड़ा।,negative,tennis,contextual
1451,लगातार तीसरे मैच में धाविका ने प्रतियोगिता में लाजवाब खेल दिखाकर मुकाबला अपने नाम कर लिया।,positive,athletics,contextual
1452,कप्तान ने फाइनल में बेअसर प्रदर्शन किया और लगातार गलतियां कीं।,negative,tennis,paraphrase
1453,घरेलू मैदान पर भारतीय टीम का मैच में खराब खेल टीम पर भारी पड़ा।,negative,hockey,contextual
1454,निर्णायक मैच में डिफेंडर ने मैच में उत्कृष्ट खेल दिखाकर दबदबा कायम रखा।,positive,football,contextual
1455,खिलाड़ी ने दौड़ में असंगत प्रदर्शन किया और अपनी लय खो दी।,negative,athletics,paraphrase
1456,कप्तान ने सीरीज में लचर प्रदर्शन किया और अपनी लय खो दी।,negative,cricket,paraphrase
1457,लीग मैच लगातार तीसरे मैच में आयोजित होगा और फॉरवर्ड इसमें हिस्सा लेगा।,neutral,hockey,factual
1458,लगातार तीसरे मैच में भारतीय टीम ने सीरीज में कई आसान मौके गंवाए।,negative,cricket,domain_context
1459,प्रशंसकों के सामने कप्तान ने मुकाबला में बेहतरीन खेल दिखाकर शानदार वापसी की।,positive,tennis,contextual
1460,निर्णायक मैच में एथलीट ने रेस में लाजवाब खेल दिखाकर महत्वपूर्ण योगदान दिया।,positive,athletics,contextual
1461,फाइनल दबाव वाले मुकाबले में आयोजित होगा और फॉरवर्ड इसमें हिस्सा लेगा।,neutral,hockey,factual
1462,क्लब ने लीग मैच में जबरदस्त खेल दिखाया और टीम को जीत दिलाई।,positive,football,domain_context
1463,टूर्नामेंट के अहम चरण में भारत का मैच में बेअसर खेल टीम पर भारी पड़ा।,negative,cricket,contextual
1464,महत्वपूर्ण मौके पर भारतीय टीम ने सेमीफाइनल में जबरदस्त खेल दिखाकर दबदबा कायम रखा।,positive,football,contextual
1465,टूर्नामेंट के अहम चरण में बल्लेबाज ने ओवर में शानदार खेल दिखाकर दबदबा कायम रखा।,positive,cricket,contextual
1466,दबाव वाले मुकाबले में कप्तान का प्लेऑफ में लचर खेल टीम पर भारी पड़ा।,negative,kabaddi,contextual
1467,महत्वपूर्ण मौके पर भारतीय टीम ने फाइनल में यादगार खेल दिखाकर मुकाबला अपने नाम कर लिया।,positive,football,contextual
1468,इस मुकाबले में भारतीय धावक ने इवेंट में शानदार खेल दिखाकर लगातार अच्छा प्रदर्शन किया।,positive,athletics,contextual
1469,लंबे ब्रेक के बाद डिफेंडर ने प्लेऑफ में बेहतरीन खेल दिखाकर महत्वपूर्ण योगदान दिया।,positive,kabaddi,contextual
1470,भारतीय टीम ने कठिन फाइनल में धैर्य रखते हुए सफलता हासिल की।,positive,football,domain_context
1471,घरेलू मैदान पर कप्तान का सेमीफाइनल में असंगत खेल टीम पर भारी पड़ा।,negative,football,contextual
1472,घरेलू मैदान पर खिलाड़ी का लीग मैच में खराब खेल टीम पर भारी पड़ा।,negative,kabaddi,contextual
1473,लंबे ब्रेक के बाद भारत ने मुकाबला में धमाकेदार खेल दिखाकर शानदार वापसी की।,positive,cricket,contextual
1474,कप्तान क्वार्टरफाइनल के लिए अगले दौर के लिए पहुंची।,neutral,tennis,neutral
1475,बल्लेबाज ने सीरीज में कमजोर प्रदर्शन किया और बढ़त गंवा दी।,negative,cricket,paraphrase
1476,इस मुकाबले में एथलीट ने फाइनल से पहले प्रशिक्षण पूरा किया।,neutral,athletics,domain_context
1477,एथलीट ने प्रतियोगिता में खराब प्रदर्शन किया और महत्वपूर्ण मौका गंवाया।,negative,athletics,paraphrase
1478,लंबे ब्रेक के बाद डिफेंडर ने प्लेऑफ से पहले प्रशिक्षण पूरा किया।,neutral,kabaddi,domain_context
1479,दबाव वाले मुकाबले में युवा शटलर फाइनल से पहले प्रशिक्षण कर रहा है।,neutral,badminton,factual
1480,लगातार तीसरे मैच में खिलाड़ी ने दौड़ में लाजवाब खेल दिखाकर जीत दर्ज की।,positive,athletics,contextual
1481,प्रशंसकों के सामने युवा शटलर मुकाबला से पहले प्रशिक्षण कर रहा है।,neutral,badminton,factual
1482,प्रशंसकों के सामने खिलाड़ी क्वार्टरफाइनल से पहले प्रशिक्षण कर रहा है।,neutral,tennis,factual
1483,सुबह के सत्र में भारत ने आज मैदान में धूम मचा दी।,positive,multi-sport,domain_context
1484,लंबे ब्रेक के बाद गोलकीपर ने सेमीफाइनल में उत्कृष्ट खेल दिखाकर शानदार वापसी की।,positive,football,contextual
1485,फाइनल घरेलू मैदान पर आयोजित होगा और खिलाड़ी इसमें हिस्सा लेगा।,neutral,tennis,factual
1486,निर्णायक मैच में खिलाड़ी ने मुकाबला में उत्कृष्ट खेल दिखाकर महत्वपूर्ण योगदान दिया।,positive,kabaddi,contextual
1487,भारतीय टीम की मुकाबला में कमजोर रणनीति काम नहीं आई।,negative,football,contextual
1488,घरेलू मैदान पर बल्लेबाज का सीरीज में फीका खेल टीम पर भारी पड़ा।,negative,cricket,contextual
1489,प्रशंसकों के सामने गेंदबाज मैच से पहले प्रशिक्षण कर रहा है।,neutral,cricket,factual
1490,रेडर प्लेऑफ के लिए मैच के लिए रवाना हुई।,neutral,kabaddi,neutral
1491,गेंदबाज ने मुकाबला में यादगार खेल दिखाया और टीम को जीत दिलाई।,positive,cricket,domain_context
1492,दबाव वाले मुकाबले में खिलाड़ी ने फाइनल में लाजवाब खेल दिखाकर शानदार वापसी की।,positive,athletics,contextual
1493,इस मुकाबले में युवा एथलीट ने प्रतियोगिता में यादगार खेल दिखाकर लगातार अच्छा प्रदर्शन किया।,positive,athletics,contextual
1494,टूर्नामेंट के अहम चरण में एथलीट इवेंट से पहले प्रशिक्षण कर रहा है।,neutral,athletics,factual
1495,घरेलू मैदान पर भारतीय शटलर ने सेट में बेहतरीन खेल दिखाकर जीत दर्ज की।,positive,badminton,contextual
1496,लगातार तीसरे मैच में कप्तान मैच से पहले प्रशिक्षण कर रहा है।,neutral,cricket,factual
1497,युवा एथलीट ने फाइनल में कमजोर प्रदर्शन किया और महत्वपूर्ण मौका गंवाया।,negative,athletics,paraphrase
1498,लगातार तीसरे मैच में भारत ने ओवर में यादगार खेल दिखाकर मुश्किल स्थिति से बाहर निकली।,positive,cricket,contextual
1499,महत्वपूर्ण मौके पर एथलीट ने प्रतियोगिता में धमाकेदार खेल दिखाकर जीत दर्ज की।,positive,athletics,contextual
1500,लगातार तीसरे मैच में भारतीय टीम का मुकाबला में खराब खेल टीम पर भारी पड़ा।,negative,football,contextual
1501,लगातार तीसरे मैच में भारत ने रन चेज में यादगार खेल दिखाकर महत्वपूर्ण योगदान दिया।,positive,cricket,contextual
1502,निर्णायक मैच में भारतीय शटलर का मैच में लचर खेल टीम पर भारी पड़ा।,negative,badminton,contextual
1503,युवा शटलर ने मुकाबला में फीका प्रदर्शन किया और दबाव में बिखर गई।,negative,badminton,paraphrase
1504,प्रशंसकों के सामने भारतीय टीम ने फाइनल में बेहतरीन खेल दिखाकर मुकाबला अपने नाम कर लिया।,positive,football,contextual
1505,दबाव वाले मुकाबले में हॉकी टीम ने मैच में धमाकेदार खेल दिखाकर महत्वपूर्ण योगदान दिया।,positive,hockey,contextual
1506,युवा शटलर गेम के लिए प्रशिक्षण जारी रखे हुए है।,neutral,badminton,neutral
1507,प्रशंसकों के सामने फॉरवर्ड ने मैच में धमाकेदार खेल दिखाकर मुश्किल स्थिति से बाहर निकली।,positive,hockey,contextual
1508,आज खिलाड़ी ने फाइनल में जबरदस्त खेल दिखाकर मुकाबला अपने नाम कर लिया।,positive,athletics,contextual
1509,घरेलू मैदान पर युवा खिलाड़ी मैच से पहले प्रशिक्षण कर रहा है।,neutral,tennis,factual
1510,महत्वपूर्ण मौके पर विकेटकीपर ने पारी में शानदार खेल दिखाकर दबदबा कायम रखा।,positive,cricket,contextual
1511,प्लेऑफ लगातार तीसरे मैच में आयोजित होगा और भारतीय टीम इसमें हिस्सा लेगा।,neutral,kabaddi,factual
1512,डिफेंडर लीग मैच के लिए अगले मुकाबले की तैयारी कर रही है।,neutral,hockey,neutral
1513,गोलकीपर ने लीग मैच में निराश करने वाला प्रदर्शन किया और लगातार गलतियां कीं।,negative,football,paraphrase
1514,टूर्नामेंट के अहम चरण में गोलकीपर मुकाबला से पहले प्रशिक्षण कर रहा है।,neutral,hockey,factual
1515,भारतीय खिलाड़ी की क्वार्टरफाइनल में फीका रणनीति काम नहीं आई।,negative,tennis,contextual
1516,निर्णायक मैच में भारतीय धावक ने फाइनल में यादगार खेल दिखाकर मुश्किल स्थिति से बाहर निकली।,positive,athletics,contextual
1517,भारत ने सीरीज में लचर प्रदर्शन किया और अपनी लय खो दी।,negative,cricket,paraphrase
1518,युवा एथलीट ने दौड़ में खराब प्रदर्शन किया और अपनी लय खो दी।,negative,athletics,paraphrase
1519,टूर्नामेंट के अहम चरण में एथलीट का प्रतियोगिता में निराशाजनक खेल टीम पर भारी पड़ा।,negative,athletics,contextual
1520,भारतीय धावक प्रतियोगिता के लिए अगले मुकाबले की तैयारी कर रही है।,neutral,athletics,neutral
1521,घरेलू मैदान पर गोलकीपर ने मैच में बेहतरीन खेल दिखाकर लगातार अच्छा प्रदर्शन किया।,positive,football,contextual
1522,दबाव वाले मुकाबले में कप्तान ने क्वार्टरफाइनल में लाजवाब खेल दिखाकर मुकाबला अपने नाम कर लिया।,positive,tennis,contextual
1523,प्रशंसकों के सामने खिलाड़ी ने फाइनल में कई आसान मौके गंवाए।,negative,tennis,domain_context
1524,युवा शटलर ने गेम में फीका प्रदर्शन किया और महत्वपूर्ण मौका गंवाया।,negative,badminton,paraphrase
1525,टूर्नामेंट के अहम चरण में युवा खिलाड़ी ने फाइनल से पहले प्रशिक्षण पूरा किया।,neutral,tennis,domain_context
1526,लंबे ब्रेक के बाद डिफेंडर ने मैच में धमाकेदार खेल दिखाकर मुश्किल स्थिति से बाहर निकली।,positive,kabaddi,contextual
1527,लगातार तीसरे मैच में खिलाड़ी ने रेस में लाजवाब खेल दिखाकर मुकाबला अपने नाम कर लिया।,positive,athletics,contextual
1528,लंबे ब्रेक के बाद चैंपियन ने फाइनल में उत्कृष्ट खेल दिखाकर मुश्किल स्थिति से बाहर निकली।,positive,badminton,contextual
1529,टूर्नामेंट के अहम चरण में खिलाड़ी का लीग मैच में खराब खेल टीम पर भारी पड़ा।,negative,kabaddi,contextual
1530,आज युवा एथलीट ने इवेंट में शानदार खेल दिखाकर दबदबा कायम रखा।,positive,athletics,contextual
1531,क्लब सेमीफाइनल के लिए टूर्नामेंट में हिस्सा ले रही है।,neutral,football,neutral
1532,आज हॉकी टीम का फाइनल में बेअसर खेल टीम पर भारी पड़ा।,negative,hockey,contextual
1533,भारतीय धावक ने प्रतियोगिता में लचर प्रदर्शन किया और अपनी लय खो दी।,negative,athletics,paraphrase
1534,टूर्नामेंट के अहम चरण में क्लब ने फाइनल में लाजवाब खेल दिखाकर शानदार वापसी की।,positive,football,contextual
1535,घरेलू मैदान पर युवा एथलीट इवेंट से पहले प्रशिक्षण कर रहा है।,neutral,athletics,factual
1536,प्रशंसकों के सामने कप्तान का पारी में असंगत खेल टीम पर भारी पड़ा।,negative,cricket,contextual
1537,लंबे ब्रेक के बाद धाविका दौड़ से पहले प्रशिक्षण कर रहा है।,neutral,athletics,factual
1538,भारतीय टीम के सेमीफाइनल में जबरदस्त प्रदर्शन से टीम को फायदा हुआ।,positive,football,contextual
1539,लंबे ब्रेक के बाद गोलकीपर ने सेमीफाइनल में शानदार खेल दिखाकर जीत दर्ज की।,positive,hockey,contextual
1540,महत्वपूर्ण मौके पर युवा एथलीट ने दौड़ में कमाल का खेल दिखाकर महत्वपूर्ण योगदान दिया।,positive,athletics,contextual
1541,धाविका ने फाइनल में निराशाजनक प्रदर्शन किया और लगातार गलतियां कीं।,negative,athletics,paraphrase
1542,युवा शटलर ने मुकाबला में फीका प्रदर्शन किया और महत्वपूर्ण मौका गंवाया।,negative,badminton,paraphrase
1543,गेंदबाज ने ओवर में धमाकेदार प्रदर्शन करते हुए शानदार वापसी की।,positive,cricket,paraphrase
1544,टूर्नामेंट के अहम चरण में रेडर का मैच में निराशाजनक खेल टीम पर भारी पड़ा।,negative,kabaddi,contextual
1545,युवा एथलीट ने प्रतियोगिता में निराश करने वाला प्रदर्शन किया और लगातार गलतियां कीं।,negative,athletics,paraphrase
1546,घरेलू मैदान पर खिलाड़ी ने गेम में यादगार खेल दिखाकर लगातार अच्छा प्रदर्शन किया।,positive,badminton,contextual
1547,निर्णायक मैच में जोड़ी ने मुकाबला में जबरदस्त खेल दिखाकर दबदबा कायम रखा।,positive,badminton,contextual
1548,प्रतियोगिता लगातार तीसरे मैच में आयोजित होगा और युवा एथलीट इसमें हिस्सा लेगा।,neutral,athletics,factual
1549,भारतीय टीम ने लीग मैच में कमजोर प्रदर्शन किया और महत्वपूर्ण मौका गंवाया।,negative,hockey,paraphrase
1550,एथलीट प्रतियोगिता के लिए अगले मुकाबले की तैयारी कर रही है।,neutral,athletics,neutral
1551,इवेंट टूर्नामेंट के अहम चरण में आयोजित होगा और खिलाड़ी इसमें हिस्सा लेगा।,neutral,athletics,factual
1552,महत्वपूर्ण मौके पर कप्तान ने मैच में बेहतरीन तालमेल के साथ जीत हासिल की।,positive,kabaddi,domain_context
1553,दबाव वाले मुकाबले में खिलाड़ी ने इवेंट में लाजवाब खेल दिखाकर दबदबा कायम रखा।,positive,athletics,contextual
1554,लंबे ब्रेक के बाद भारतीय टीम का ओवर में असंगत खेल टीम पर भारी पड़ा।,negative,cricket,contextual
1555,निर्णायक मैच में भारतीय टीम ने प्लेऑफ में बेहतरीन खेल दिखाकर मुश्किल स्थिति से बाहर निकली।,positive,kabaddi,contextual
1556,निर्णायक मैच में कप्तान ने सेट में उत्कृष्ट खेल दिखाकर जीत दर्ज की।,positive,tennis,contextual
1557,युवा शटलर के मैच में धमाकेदार प्रदर्शन से टीम को फायदा हुआ।,positive,badminton,contextual
1558,प्रशंसकों के सामने भारतीय टीम का रन चेज में लचर खेल टीम पर भारी पड़ा।,negative,cricket,contextual
1559,कप्तान अगले सेमीफाइनल से पहले कोच के साथ बैठक करेगा।,neutral,football,domain_context
1560,इस मुकाबले में विकेटकीपर ने मैच में उत्कृष्ट खेल दिखाकर शानदार वापसी की।,positive,cricket,contextual
1561,महत्वपूर्ण मौके पर युवा खिलाड़ी ने फाइनल में लाजवाब खेल दिखाकर दबदबा कायम रखा।,positive,tennis,contextual
1562,मुकाबला निर्णायक मैच में आयोजित होगा और क्लब इसमें हिस्सा लेगा।,neutral,football,factual
1563,दबाव वाले मुकाबले में गेंदबाज ने मुकाबला में लाजवाब खेल दिखाकर जीत दर्ज की।,positive,cricket,contextual
1564,महत्वपूर्ण मौके पर भारत ने मुकाबला से पहले प्रशिक्षण पूरा किया।,neutral,cricket,domain_context
1565,टूर्नामेंट के अहम चरण में हॉकी टीम मैच से पहले प्रशिक्षण कर रहा है।,neutral,hockey,factual
1566,आज भारतीय खिलाड़ी ने सेट से पहले प्रशिक्षण पूरा किया।,neutral,tennis,domain_context
1567,निर्णायक मैच में एथलीट रेस से पहले प्रशिक्षण कर रहा है।,neutral,athletics,factual
1568,गोलकीपर ने लीग मैच में असंगत प्रदर्शन किया और मुकाबला गंवा दिया।,negative,football,paraphrase
1569,मैच टूर्नामेंट के अहम चरण में आयोजित होगा और विकेटकीपर इसमें हिस्सा लेगा।,neutral,cricket,factual
1570,लंबे ब्रेक के बाद विकेटकीपर ने पारी में लाजवाब खेल दिखाकर मुश्किल स्थिति से बाहर निकली।,positive,cricket,contextual
1571,क्वार्टरफाइनल घरेलू मैदान पर आयोजित होगा और खिलाड़ी इसमें हिस्सा लेगा।,neutral,tennis,factual
1572,लगातार तीसरे मैच में गोलकीपर ने सेमीफाइनल में यादगार खेल दिखाकर महत्वपूर्ण योगदान दिया।,positive,hockey,contextual
1573,महत्वपूर्ण मौके पर डिफेंडर ने फाइनल में धमाकेदार खेल दिखाकर मुकाबला अपने नाम कर लिया।,positive,kabaddi,contextual
1574,खिलाड़ी ने मैच में असंगत प्रदर्शन किया और लगातार गलतियां कीं।,negative,tennis,paraphrase
1575,निर्णायक मैच में युवा खिलाड़ी ने क्वार्टरफाइनल से पहले प्रशिक्षण पूरा किया।,neutral,tennis,domain_context
1576,इस मुकाबले में युवा एथलीट ने इवेंट में कई आसान मौके गंवाए।,negative,athletics,domain_context
1577,भारत मुकाबला के लिए अभ्यास सत्र में शामिल हुई।,neutral,cricket,neutral
1578,लंबे ब्रेक के बाद गोलकीपर ने मुकाबला में जबरदस्त खेल दिखाकर जीत दर्ज की।,positive,football,contextual
1579,निर्णायक मैच में युवा शटलर ने मैच से पहले प्रशिक्षण पूरा किया।,neutral,badminton,domain_context
1580,प्रशंसकों के सामने चैंपियन का मुकाबला में बेअसर खेल टीम पर भारी पड़ा।,negative,badminton,contextual
1581,इस मुकाबले में डिफेंडर का फाइनल में बेअसर खेल टीम पर भारी पड़ा।,negative,hockey,contextual
1582,"Aaj, Defence ne aaj bahut mistakes ki.",negative,multi-sport,code_mixed
1583,एथलीट ने दौड़ में खराब प्रदर्शन किया और बढ़त गंवा दी।,negative,athletics,paraphrase
1584,भारतीय खिलाड़ी ने फाइनल में उत्कृष्ट प्रदर्शन करते हुए जीत दर्ज की।,positive,tennis,paraphrase
1585,निर्णायक मैच में युवा शटलर ने मैच में लाजवाब खेल दिखाकर मुकाबला अपने नाम कर लिया।,positive,badminton,contextual
1586,भारतीय टीम पारी के लिए अगले दौर के लिए पहुंची।,neutral,cricket,neutral
1587,घरेलू मैदान पर युवा खिलाड़ी ने सेट में शानदार खेल दिखाकर दबदबा कायम रखा।,positive,tennis,contextual
1588,लंबे ब्रेक के बाद भारतीय धावक ने इवेंट में लाजवाब खेल दिखाकर दबदबा कायम रखा।,positive,athletics,contextual
1589,घरेलू मैदान पर युवा शटलर ने फाइनल में धमाकेदार खेल दिखाकर शानदार वापसी की।,positive,badminton,contextual
1590,इस मुकाबले में भारतीय टीम ने रन चेज में उत्कृष्ट खेल दिखाकर मुकाबला अपने नाम कर लिया।,positive,cricket,contextual
1591,बल्लेबाज पारी के लिए टूर्नामेंट में हिस्सा ले रही है।,neutral,cricket,neutral
1592,भारतीय धावक ने प्रतियोगिता में लचर प्रदर्शन किया और लगातार गलतियां कीं।,negative,athletics,paraphrase
1593,मुकाबला निर्णायक मैच में आयोजित होगा और खिलाड़ी इसमें हिस्सा लेगा।,neutral,badminton,factual
1594,घरेलू मैदान पर कप्तान का सेट में कमजोर खेल टीम पर भारी पड़ा।,negative,tennis,contextual
1595,घरेलू मैदान पर भारतीय टीम ने फाइनल में लाजवाब खेल दिखाकर मुश्किल स्थिति से बाहर निकली।,positive,hockey,contextual
1596,महत्वपूर्ण मौके पर गेंदबाज पारी से पहले प्रशिक्षण कर रहा है।,neutral,cricket,factual
1597,मैच लगातार तीसरे मैच में आयोजित होगा और हॉकी टीम इसमें हिस्सा लेगा।,neutral,hockey,factual
1598,इस मुकाबले में कप्तान का फाइनल में लचर खेल टीम पर भारी पड़ा।,negative,tennis,contextual
1599,घरेलू मैदान पर धाविका का प्रतियोगिता में बेअसर खेल टीम पर भारी पड़ा।,negative,athletics,contextual
1600,निर्णायक मैच में गोलकीपर ने मैच में उत्कृष्ट खेल दिखाकर मुकाबला अपने नाम कर लिया।,positive,football,contextual
1601,टूर्नामेंट के अहम चरण में चैंपियन का फाइनल में लचर खेल टीम पर भारी पड़ा।,negative,badminton,contextual
1602,रेस इस मुकाबले में आयोजित होगा और खिलाड़ी इसमें हिस्सा लेगा।,neutral,athletics,factual
1603,इस मुकाबले में फॉरवर्ड ने फाइनल में बेहतरीन खेल दिखाकर दबदबा कायम रखा।,positive,football,contextual
1604,इस मुकाबले में युवा खिलाड़ी सेट से पहले प्रशिक्षण कर रहा है।,neutral,tennis,factual
1605,प्रशंसकों के सामने कप्तान ओवर से पहले प्रशिक्षण कर रहा है।,neutral,cricket,factual
1606,निर्णायक मैच में भारतीय टीम का सेमीफाइनल में असंगत खेल टीम पर भारी पड़ा।,negative,hockey,contextual
1607,आज भारतीय धावक इवेंट से पहले प्रशिक्षण कर रहा है।,neutral,athletics,factual
1608,इस मुकाबले में फॉरवर्ड ने सेमीफाइनल में बेहतरीन खेल दिखाकर दबदबा कायम रखा।,positive,football,contextual
1609,प्रशंसकों के सामने भारतीय टीम का मैच में खराब खेल टीम पर भारी पड़ा।,negative,hockey,contextual
1610,लगातार तीसरे मैच में बल्लेबाज का रन चेज में निराश करने वाला खेल टीम पर भारी पड़ा।,negative,cricket,contextual
1611,फॉरवर्ड सेमीफाइनल के लिए अभ्यास सत्र में शामिल हुई।,neutral,football,neutral
1612,प्रशंसकों के सामने फॉरवर्ड का मैच में असंगत खेल टीम पर भारी पड़ा।,negative,football,contextual
1613,लंबे ब्रेक के बाद कप्तान ने मैच में बेहतरीन खेल दिखाकर लगातार अच्छा प्रदर्शन किया।,positive,kabaddi,contextual
1614,निर्णायक मैच में विकेटकीपर ने ओवर में लाजवाब खेल दिखाकर महत्वपूर्ण योगदान दिया।,positive,cricket,contextual
1615,टूर्नामेंट के अहम चरण में कप्तान ने क्वार्टरफाइनल में यादगार खेल दिखाकर महत्वपूर्ण योगदान दिया।,positive,tennis,contextual
1616,इस मुकाबले में डिफेंडर ने लीग मैच में यादगार खेल दिखाकर लगातार अच्छा प्रदर्शन किया।,positive,kabaddi,contextual
1617,आज हॉकी टीम का फाइनल में फीका खेल टीम पर भारी पड़ा।,negative,hockey,contextual
1618,कप्तान ने मुकाबला में बेअसर प्रदर्शन किया और महत्वपूर्ण मौका गंवाया।,negative,tennis,paraphrase
1619,निर्णायक मैच में भारतीय धावक का इवेंट में फीका खेल टीम पर भारी पड़ा।,negative,athletics,contextual
1620,एथलीट ने रेस में लचर प्रदर्शन किया और अपनी लय खो दी।,negative,athletics,paraphrase
1621,लगातार तीसरे मैच में भारतीय खिलाड़ी ने सेट में उत्कृष्ट खेल दिखाकर दबदबा कायम रखा।,positive,tennis,contextual
1622,दौड़ प्रशंसकों के सामने आयोजित होगा और धाविका इसमें हिस्सा लेगा।,neutral,athletics,factual
1623,निर्णायक मैच में विकेटकीपर मैच से पहले प्रशिक्षण कर रहा है।,neutral,cricket,factual
1624,निर्णायक मैच में डिफेंडर ने फाइनल में कमाल का खेल दिखाकर मुश्किल स्थिति से बाहर निकली।,positive,hockey,contextual
1625,महत्वपूर्ण मौके पर चैंपियन फाइनल से पहले प्रशिक्षण कर रहा है।,neutral,badminton,factual
1626,आज भारतीय टीम ने सेमीफाइनल में कमाल का खेल दिखाकर मुकाबला अपने नाम कर लिया।,positive,hockey,contextual
1627,आज डिफेंडर का सेमीफाइनल में लचर खेल टीम पर भारी पड़ा।,negative,hockey,contextual
1628,घरेलू मैदान पर बल्लेबाज मुकाबला से पहले प्रशिक्षण कर रहा है।,neutral,cricket,factual
1629,घरेलू मैदान पर युवा खिलाड़ी मुकाबला से पहले प्रशिक्षण कर रहा है।,neutral,tennis,factual
1630,निर्णायक मैच में युवा खिलाड़ी ने फाइनल से पहले प्रशिक्षण पूरा किया।,neutral,tennis,domain_context
1631,प्रशंसकों के सामने टेनिस स्टार ने सेट में लाजवाब खेल दिखाकर दबदबा कायम रखा।,positive,tennis,contextual
1632,भारतीय शटलर ने सेट में निराश करने वाला प्रदर्शन किया और महत्वपूर्ण मौका गंवाया।,negative,badminton,paraphrase
1633,रन चेज लंबे ब्रेक के बाद आयोजित होगा और भारत इसमें हिस्सा लेगा।,neutral,cricket,factual
1634,भारतीय धावक ने प्रतियोगिता में बेअसर प्रदर्शन किया और लगातार गलतियां कीं।,negative,athletics,paraphrase
1635,मैच इस मुकाबले में आयोजित होगा और युवा खिलाड़ी इसमें हिस्सा लेगा।,neutral,tennis,factual
1636,टूर्नामेंट के अहम चरण में भारत ने मैच में कमाल का खेल दिखाकर दबदबा कायम रखा।,positive,cricket,contextual
1637,इस मुकाबले में कप्तान ने पारी में यादगार खेल दिखाकर जीत दर्ज की।,positive,cricket,contextual
1638,प्रशंसकों के सामने टेनिस स्टार ने मुकाबला से पहले प्रशिक्षण पूरा किया।,neutral,tennis,domain_context
1639,युवा एथलीट ने इवेंट में बेअसर खेल दिखाया और टीम को नुकसान हुआ।,negative,athletics,domain_context
1640,इस मुकाबले में क्लब ने फाइनल में शानदार खेल दिखाकर शानदार वापसी की।,positive,football,contextual
1641,लंबे ब्रेक के बाद विकेटकीपर ने सीरीज में बेहतरीन खेल दिखाकर शानदार वापसी की।,positive,cricket,contextual
1642,घरेलू मैदान पर डिफेंडर ने फाइनल में बेहतरीन खेल दिखाकर शानदार वापसी की।,positive,kabaddi,contextual
1643,घरेलू मैदान पर डिफेंडर ने सेमीफाइनल में बेहतरीन तालमेल के साथ जीत हासिल की।,positive,hockey,domain_context
1644,मुकाबला आज आयोजित होगा और युवा खिलाड़ी इसमें हिस्सा लेगा।,neutral,tennis,factual
1645,चैंपियन ने फाइनल में कमजोर प्रदर्शन किया और दबाव में बिखर गई।,negative,badminton,paraphrase
1646,भारतीय शटलर फाइनल के लिए टूर्नामेंट में हिस्सा ले रही है।,neutral,badminton,neutral
1647,टूर्नामेंट के अहम चरण में गेंदबाज का रन चेज में खराब खेल टीम पर भारी पड़ा।,negative,cricket,contextual
1648,दबाव वाले मुकाबले में खिलाड़ी ने प्रतियोगिता में शानदार खेल दिखाकर शानदार वापसी की।,positive,athletics,contextual
1649,धाविका ने फाइनल में खराब प्रदर्शन किया और दबाव में बिखर गई।,negative,athletics,paraphrase
1650,इस मुकाबले में गोलकीपर का लीग मैच में असंगत खेल टीम पर भारी पड़ा।,negative,hockey,contextual
1651,गोलकीपर लीग मैच के लिए रणनीति पर चर्चा कर रही है।,neutral,football,neutral
1652,भारतीय टीम के फाइनल में जबरदस्त प्रदर्शन से टीम को फायदा हुआ।,positive,kabaddi,contextual
1653,भारतीय टीम फाइनल के लिए अभ्यास सत्र में शामिल हुई।,neutral,football,neutral
1654,दबाव वाले मुकाबले में गोलकीपर का मुकाबला में निराशाजनक खेल टीम पर भारी पड़ा।,negative,football,contextual
1655,टूर्नामेंट के अहम चरण में डिफेंडर का फाइनल में निराश करने वाला खेल टीम पर भारी पड़ा।,negative,football,contextual
1656,दबाव वाले मुकाबले में टेनिस स्टार का क्वार्टरफाइनल में निराशाजनक खेल टीम पर भारी पड़ा।,negative,tennis,contextual
1657,गेम लंबे ब्रेक के बाद आयोजित होगा और चैंपियन इसमें हिस्सा लेगा।,neutral,badminton,factual
1658,प्रशंसकों के सामने खिलाड़ी ने दौड़ में जबरदस्त खेल दिखाकर मुकाबला अपने नाम कर लिया।,positive,athletics,contextual
1659,रेस लंबे ब्रेक के बाद आयोजित होगा और युवा एथलीट इसमें हिस्सा लेगा।,neutral,athletics,factual
1660,लंबे ब्रेक के बाद खिलाड़ी का फाइनल में असंगत खेल टीम पर भारी पड़ा।,negative,badminton,contextual
1661,क्लब ने सेमीफाइनल में लाजवाब प्रदर्शन करते हुए शानदार वापसी की।,positive,football,paraphrase
1662,मुकाबला दबाव वाले मुकाबले में आयोजित होगा और विकेटकीपर इसमें हिस्सा लेगा।,neutral,cricket,factual
1663,निर्णायक मैच में बल्लेबाज का मुकाबला में फीका खेल टीम पर भारी पड़ा।,negative,cricket,contextual
1664,टूर्नामेंट के अहम चरण में खिलाड़ी ने सेट में धमाकेदार खेल दिखाकर लगातार अच्छा प्रदर्शन किया।,positive,badminton,contextual
1665,इस मुकाबले में भारतीय धावक ने इवेंट में लाजवाब खेल दिखाकर जीत दर्ज की।,positive,athletics,contextual
1666,मुकाबला महत्वपूर्ण मौके पर आयोजित होगा और गेंदबाज इसमें हिस्सा लेगा।,neutral,cricket,factual
1667,कप्तान ने लीग मैच में कमाल का प्रदर्शन करते हुए मुकाबला अपने नाम कर लिया।,positive,kabaddi,paraphrase
1668,सेट घरेलू मैदान पर आयोजित होगा और युवा खिलाड़ी इसमें हिस्सा लेगा।,neutral,tennis,factual
1669,इस मुकाबले में भारतीय शटलर का गेम में फीका खेल टीम पर भारी पड़ा।,negative,badminton,contextual
1670,रेडर ने प्लेऑफ में निराशाजनक प्रदर्शन किया और उम्मीदों पर खरी नहीं उतरी।,negative,kabaddi,paraphrase
1671,बल्लेबाज पारी के लिए अगले दौर के लिए पहुंची।,neutral,cricket,neutral
1672,"Kal, Team ka performance bahut disappointing raha.",negative,multi-sport,code_mixed
1673,फाइनल इस मुकाबले में आयोजित होगा और भारतीय टीम इसमें हिस्सा लेगा।,neutral,football,factual
1674,प्रशंसकों के सामने डिफेंडर ने मुकाबला में बेहतरीन खेल दिखाकर शानदार वापसी की।,positive,kabaddi,contextual
1675,इस मुकाबले में गोलकीपर ने लीग मैच में शानदार खेल दिखाकर मुश्किल स्थिति से बाहर निकली।,positive,football,contextual
1676,घरेलू मैदान पर फॉरवर्ड ने मुकाबला में यादगार खेल दिखाकर दबदबा कायम रखा।,positive,football,contextual
1677,टूर्नामेंट के अहम चरण में भारतीय टीम ने मैच में उत्कृष्ट खेल दिखाकर मुश्किल स्थिति से बाहर निकली।,positive,cricket,contextual
1678,दबाव वाले मुकाबले में भारतीय टीम का मैच में लचर खेल टीम पर भारी पड़ा।,negative,football,contextual
1679,"Is tournament mein, Player ne brilliant performance diya.",positive,multi-sport,code_mixed
1680,खिलाड़ी प्रतियोगिता के लिए अगले मुकाबले की तैयारी कर रही है।,neutral,athletics,neutral
1681,फाइनल घरेलू मैदान पर आयोजित होगा और क्लब इसमें हिस्सा लेगा।,neutral,football,factual
1682,युवा एथलीट ने रेस में बेअसर प्रदर्शन किया और मुकाबला गंवा दिया।,negative,athletics,paraphrase
1683,फॉरवर्ड ने मुकाबला में निराशाजनक प्रदर्शन किया और लगातार गलतियां कीं।,negative,football,paraphrase
1684,महत्वपूर्ण मौके पर विकेटकीपर ने ओवर में बेहतरीन खेल दिखाकर शानदार वापसी की।,positive,cricket,contextual
1685,गेंदबाज ने सीरीज में धमाकेदार प्रदर्शन करते हुए दबदबा कायम रखा।,positive,cricket,paraphrase
1686,महत्वपूर्ण मौके पर भारतीय धावक ने फाइनल में कमाल का खेल दिखाकर लगातार अच्छा प्रदर्शन किया।,positive,athletics,contextual
1687,इस मुकाबले में कप्तान रन चेज से पहले प्रशिक्षण कर रहा है।,neutral,cricket,factual
1688,दबाव वाले मुकाबले में खिलाड़ी ने सेट में लाजवाब खेल दिखाकर महत्वपूर्ण योगदान दिया।,positive,badminton,contextual
1689,इस मुकाबले में टेनिस स्टार का क्वार्टरफाइनल में बेअसर खेल टीम पर भारी पड़ा।,negative,tennis,contextual
1690,दबाव वाले मुकाबले में जोड़ी ने गेम में उत्कृष्ट खेल दिखाकर जीत दर्ज की।,positive,badminton,contextual
1691,घरेलू मैदान पर गेंदबाज ने मुकाबला से पहले प्रशिक्षण पूरा किया।,neutral,cricket,domain_context
1692,भारतीय खिलाड़ी ने सेट में फीका प्रदर्शन किया और मुकाबला गंवा दिया।,negative,tennis,paraphrase
1693,आज विकेटकीपर ने पारी में बेहतरीन खेल दिखाकर जीत दर्ज की।,positive,cricket,contextual
1694,इस मुकाबले में विकेटकीपर ने पारी में बेहतरीन तालमेल के साथ जीत हासिल की।,positive,cricket,domain_context
1695,इस मुकाबले में भारतीय टीम ने मुकाबला में बेहतरीन खेल दिखाकर दबदबा कायम रखा।,positive,football,contextual
1696,महत्वपूर्ण मौके पर फॉरवर्ड ने सेमीफाइनल में लाजवाब खेल दिखाकर मुश्किल स्थिति से बाहर निकली।,positive,hockey,contextual
1697,युवा शटलर ने मुकाबला में कमाल का प्रदर्शन करते हुए मुकाबला अपने नाम कर लिया।,positive,badminton,paraphrase
1698,महत्वपूर्ण मौके पर भारतीय खिलाड़ी क्वार्टरफाइनल से पहले प्रशिक्षण कर रहा है।,neutral,tennis,factual
1699,डिफेंडर ने लीग मैच में असंगत प्रदर्शन किया और मुकाबला गंवा दिया।,negative,hockey,paraphrase
1700,सीरीज घरेलू मैदान पर आयोजित होगा और गेंदबाज इसमें हिस्सा लेगा।,neutral,cricket,factual
1701,सीरीज टूर्नामेंट के अहम चरण में आयोजित होगा और गेंदबाज इसमें हिस्सा लेगा।,neutral,cricket,factual
1702,इस मुकाबले में युवा शटलर ने फाइनल से पहले प्रशिक्षण पूरा किया।,neutral,badminton,domain_context
1703,आज डिफेंडर मुकाबला से पहले प्रशिक्षण कर रहा है।,neutral,football,factual
1704,युवा एथलीट ने इवेंट में बेअसर प्रदर्शन किया और महत्वपूर्ण मौका गंवाया।,negative,athletics,paraphrase
1705,इस मुकाबले में कप्तान ने फाइनल में बेहतरीन खेल दिखाकर दबदबा कायम रखा।,positive,football,contextual
1706,कप्तान ने मुकाबला में निराशाजनक प्रदर्शन किया और अपनी लय खो दी।,negative,tennis,paraphrase
1707,लगातार तीसरे मैच में जोड़ी का मैच में असंगत खेल टीम पर भारी पड़ा।,negative,badminton,contextual
1708,घरेलू मैदान पर रेडर ने मुकाबला में कमाल का खेल दिखाकर शानदार वापसी की।,positive,kabaddi,contextual
1709,लंबे ब्रेक के बाद कप्तान ने लीग मैच में उत्कृष्ट खेल दिखाकर मुकाबला अपने नाम कर लिया।,positive,football,contextual
1710,प्रशंसकों के सामने फॉरवर्ड मैच से पहले प्रशिक्षण कर रहा है।,neutral,football,factual
1711,निर्णायक मैच में खिलाड़ी का सेट में निराशाजनक खेल टीम पर भारी पड़ा।,negative,tennis,contextual
1712,टूर्नामेंट के अहम चरण में चैंपियन गेम से पहले प्रशिक्षण कर रहा है।,neutral,badminton,factual
1713,प्रशंसकों के सामने डिफेंडर ने मुकाबला में कई आसान मौके गंवाए।,negative,hockey,domain_context
1714,चैंपियन ने फाइनल में फीका प्रदर्शन किया और अपनी लय खो दी।,negative,badminton,paraphrase
1715,लंबे ब्रेक के बाद फॉरवर्ड लीग मैच से पहले प्रशिक्षण कर रहा है।,neutral,football,factual
1716,टूर्नामेंट के अहम चरण में जोड़ी ने मैच में धमाकेदार खेल दिखाकर दबदबा कायम रखा।,positive,badminton,contextual
1717,निर्णायक मैच में बल्लेबाज रन चेज से पहले प्रशिक्षण कर रहा है।,neutral,cricket,factual
1718,लंबे ब्रेक के बाद कप्तान ने मैच में बेहतरीन तालमेल के साथ जीत हासिल की।,positive,football,domain_context
1719,गोलकीपर की फाइनल में निराश करने वाला रणनीति काम नहीं आई।,negative,hockey,contextual
1720,मैच घरेलू मैदान पर आयोजित होगा और भारतीय खिलाड़ी इसमें हिस्सा लेगा।,neutral,tennis,factual
1721,फाइनल निर्णायक मैच में आयोजित होगा और भारतीय टीम इसमें हिस्सा लेगा।,neutral,kabaddi,factual
1722,लंबे ब्रेक के बाद रेडर ने लीग मैच से पहले प्रशिक्षण पूरा किया।,neutral,kabaddi,domain_context
1723,आज भारतीय धावक ने रेस में बेहतरीन खेल दिखाकर लगातार अच्छा प्रदर्शन किया।,positive,athletics,contextual
1724,फॉरवर्ड ने मुकाबला में असंगत प्रदर्शन किया और बढ़त गंवा दी।,negative,football,paraphrase
1725,आज रेडर ने फाइनल में धमाकेदार खेल दिखाकर शानदार वापसी की।,positive,kabaddi,contextual
1726,इस मुकाबले में जोड़ी ने मैच में जबरदस्त खेल दिखाकर महत्वपूर्ण योगदान दिया।,positive,badminton,contextual
1727,भारतीय टीम की मैच में निराशाजनक रणनीति काम नहीं आई।,negative,cricket,contextual
1728,लंबे ब्रेक के बाद टेनिस स्टार ने मुकाबला में बेहतरीन खेल दिखाकर लगातार अच्छा प्रदर्शन किया।,positive,tennis,contextual
1729,क्लब ने फाइनल में फीका प्रदर्शन किया और बढ़त गंवा दी।,negative,football,paraphrase
1730,लगातार तीसरे मैच में हॉकी टीम मैच से पहले प्रशिक्षण कर रहा है।,neutral,hockey,factual
1731,भारतीय टीम ने मैच में उत्कृष्ट खेल दिखाया और टीम को जीत दिलाई।,positive,cricket,domain_context
1732,प्रशंसकों के सामने युवा शटलर का फाइनल में खराब खेल टीम पर भारी पड़ा।,negative,badminton,contextual
1733,आज टेनिस स्टार सेट से पहले प्रशिक्षण कर रहा है।,neutral,tennis,factual
1734,इस मुकाबले में डिफेंडर ने मुकाबला में बेहतरीन खेल दिखाकर मुश्किल स्थिति से बाहर निकली।,positive,hockey,contextual
1735,मैच घरेलू मैदान पर आयोजित होगा और कप्तान इसमें हिस्सा लेगा।,neutral,football,factual
1736,खिलाड़ी ने फाइनल में निराशाजनक प्रदर्शन किया और अपनी लय खो दी।,negative,badminton,paraphrase
1737,कप्तान ने फाइनल में कमजोर खेल दिखाया और टीम को नुकसान हुआ।,negative,football,domain_context
1738,मैच निर्णायक मैच में आयोजित होगा और युवा शटलर इसमें हिस्सा लेगा।,neutral,badminton,factual
1739,प्रशंसकों के सामने भारतीय टीम ने प्लेऑफ में कई आसान मौके गंवाए।,negative,kabaddi,domain_context
1740,टेनिस स्टार मुकाबला के लिए अगले दौर के लिए पहुंची।,neutral,tennis,neutral
1741,निर्णायक मैच में गोलकीपर ने मैच में बेहतरीन खेल दिखाकर जीत दर्ज की।,positive,football,contextual
1742,प्रशंसकों के सामने विकेटकीपर का ओवर में निराशाजनक खेल टीम पर भारी पड़ा।,negative,cricket,contextual
1743,दबाव वाले मुकाबले में धाविका इवेंट से पहले प्रशिक्षण कर रहा है।,neutral,athletics,factual
1744,प्रशंसकों के सामने युवा शटलर ने मुकाबला से पहले प्रशिक्षण पूरा किया।,neutral,badminton,domain_context
1745,कप्तान अगले फाइनल से पहले कोच के साथ बैठक करेगा।,neutral,tennis,domain_context
1746,निर्णायक मैच में कप्तान प्लेऑफ से पहले प्रशिक्षण कर रहा है।,neutral,kabaddi,factual
1747,प्लेऑफ प्रशंसकों के सामने आयोजित होगा और रेडर इसमें हिस्सा लेगा।,neutral,kabaddi,factual
1748,प्रतियोगिता इस मुकाबले में आयोजित होगा और धाविका इसमें हिस्सा लेगा।,neutral,athletics,factual
1749,विकेटकीपर ने मैच में लचर प्रदर्शन किया और बढ़त गंवा दी।,negative,cricket,paraphrase
1750,फाइनल आज आयोजित होगा और खिलाड़ी इसमें हिस्सा लेगा।,neutral,badminton,factual
1751,इस मुकाबले में गोलकीपर का फाइनल में फीका खेल टीम पर भारी पड़ा।,negative,football,contextual
1752,प्लेऑफ टूर्नामेंट के अहम चरण में आयोजित होगा और डिफेंडर इसमें हिस्सा लेगा।,neutral,kabaddi,factual
1753,"Kal, Match evening mein start hoga.",neutral,multi-sport,code_mixed
1754,घरेलू मैदान पर क्लब ने मैच में यादगार खेल दिखाकर मुश्किल स्थिति से बाहर निकली।,positive,football,contextual
1755,निर्णायक मैच में कप्तान ने ओवर में कमाल का खेल दिखाकर जीत दर्ज की।,positive,cricket,contextual
1756,सेमीफाइनल घरेलू मैदान पर आयोजित होगा और डिफेंडर इसमें हिस्सा लेगा।,neutral,football,factual
1757,बल्लेबाज मैच के लिए अगले दौर के लिए पहुंची।,neutral,cricket,neutral
1758,घरेलू मैदान पर गेंदबाज का ओवर में बेअसर खेल टीम पर भारी पड़ा।,negative,cricket,contextual
1759,घरेलू मैदान पर भारतीय धावक का रेस में असंगत खेल टीम पर भारी पड़ा।,negative,athletics,contextual
1760,इस मुकाबले में टेनिस स्टार ने फाइनल में उत्कृष्ट खेल दिखाकर दबदबा कायम रखा।,positive,tennis,contextual
1761,निर्णायक मैच में भारतीय खिलाड़ी का फाइनल में लचर खेल टीम पर भारी पड़ा।,negative,tennis,contextual
1762,टूर्नामेंट के अहम चरण में धाविका इवेंट से पहले प्रशिक्षण कर रहा है।,neutral,athletics,factual
1763,प्रशंसकों के सामने भारतीय धावक का रेस में कमजोर खेल टीम पर भारी पड़ा।,negative,athletics,contextual
1764,मैच लंबे ब्रेक के बाद आयोजित होगा और टेनिस स्टार इसमें हिस्सा लेगा।,neutral,tennis,factual
1765,प्रशंसकों के सामने विकेटकीपर का ओवर में निराश करने वाला खेल टीम पर भारी पड़ा।,negative,cricket,contextual
1766,महत्वपूर्ण मौके पर खिलाड़ी ने लीग मैच में कमाल का खेल दिखाकर शानदार वापसी की।,positive,kabaddi,contextual
1767,महत्वपूर्ण मौके पर युवा शटलर ने फाइनल में बेहतरीन खेल दिखाकर मुश्किल स्थिति से बाहर निकली।,positive,badminton,contextual
1768,टूर्नामेंट के अहम चरण में गेंदबाज ने मैच से पहले प्रशिक्षण पूरा किया।,neutral,cricket,domain_context
1769,ओवर प्रशंसकों के सामने आयोजित होगा और कप्तान इसमें हिस्सा लेगा।,neutral,cricket,factual
1770,सुबह के सत्र में दोनों टीमों ने मैच से पहले प्रशिक्षण किया।,neutral,multi-sport,domain_context
1771,जोड़ी ने मैच में लचर प्रदर्शन किया और उम्मीदों पर खरी नहीं उतरी।,negative,badminton,paraphrase
1772,आज भारतीय टीम ने मुकाबला में जबरदस्त खेल दिखाकर मुश्किल स्थिति से बाहर निकली।,positive,hockey,contextual
1773,फाइनल आज आयोजित होगा और भारतीय टीम इसमें हिस्सा लेगा।,neutral,hockey,factual
1774,मुकाबला प्रशंसकों के सामने आयोजित होगा और भारतीय टीम इसमें हिस्सा लेगा।,neutral,cricket,factual
1775,लगातार तीसरे मैच में एथलीट प्रतियोगिता से पहले प्रशिक्षण कर रहा है।,neutral,athletics,factual
1776,आज खिलाड़ी ने आज मैदान पर आग लगा दी।,positive,multi-sport,domain_context
1777,खिलाड़ी लीग मैच के लिए प्रशिक्षण जारी रखे हुए है।,neutral,kabaddi,neutral
1778,मुकाबला महत्वपूर्ण मौके पर आयोजित होगा और रेडर इसमें हिस्सा लेगा।,neutral,kabaddi,factual
1779,गोलकीपर लीग मैच के लिए प्रशिक्षण जारी रखे हुए है।,neutral,football,neutral
1780,युवा एथलीट ने इवेंट में लचर प्रदर्शन किया और महत्वपूर्ण मौका गंवाया।,negative,athletics,paraphrase
1781,फाइनल लंबे ब्रेक के बाद आयोजित होगा और डिफेंडर इसमें हिस्सा लेगा।,neutral,hockey,factual
1782,टेनिस स्टार फाइनल के लिए अभ्यास सत्र में शामिल हुई।,neutral,tennis,neutral
1783,खिलाड़ी दौड़ के लिए टूर्नामेंट में हिस्सा ले रही है।,neutral,athletics,neutral
1784,फॉरवर्ड ने सेमीफाइनल में बेअसर प्रदर्शन किया और लगातार गलतियां कीं।,negative,football,paraphrase
1785,खिलाड़ी ने मुकाबला में कमजोर प्रदर्शन किया और अपनी लय खो दी।,negative,tennis,paraphrase
1786,महत्वपूर्ण मौके पर भारतीय शटलर ने मुकाबला में लाजवाब खेल दिखाकर मुश्किल स्थिति से बाहर निकली।,positive,badminton,contextual
1787,विकेटकीपर ने सीरीज में निराशाजनक प्रदर्शन किया और महत्वपूर्ण मौका गंवाया।,negative,cricket,paraphrase
1788,रेडर को लीग मैच के लिए टीम में शामिल किया गया है।,neutral,kabaddi,domain_context
1789,निर्णायक मैच में डिफेंडर ने प्लेऑफ में बेहतरीन खेल दिखाकर महत्वपूर्ण योगदान दिया।,positive,kabaddi,contextual
1790,प्रशंसकों के सामने गेंदबाज ने सीरीज में कमाल का खेल दिखाकर मुकाबला अपने नाम कर लिया।,positive,cricket,contextual
1791,भारतीय धावक रेस के लिए अगले मुकाबले की तैयारी कर रही है।,neutral,athletics,neutral
1792,घरेलू मैदान पर टेनिस स्टार ने क्वार्टरफाइनल में कमाल का खेल दिखाकर दबदबा कायम रखा।,positive,tennis,contextual
1793,निर्णायक मैच में फॉरवर्ड ने सेमीफाइनल में बेहतरीन खेल दिखाकर जीत दर्ज की।,positive,hockey,contextual
1794,आज भारतीय टीम ने मैच में कमाल का खेल दिखाकर महत्वपूर्ण योगदान दिया।,positive,football,contextual
1795,प्रशंसकों के सामने कप्तान ने मैच में कमाल का खेल दिखाकर शानदार वापसी की।,positive,football,contextual
1796,क्वार्टरफाइनल लगातार तीसरे मैच में आयोजित होगा और युवा खिलाड़ी इसमें हिस्सा लेगा।,neutral,tennis,factual
1797,टूर्नामेंट के अहम चरण में हॉकी टीम ने सेमीफाइनल में शानदार खेल दिखाकर दबदबा कायम रखा।,positive,hockey,contextual
1798,घरेलू मैदान पर धाविका ने प्रतियोगिता में कमाल का खेल दिखाकर मुकाबला अपने नाम कर लिया।,positive,athletics,contextual
1799,सेमीफाइनल टूर्नामेंट के अहम चरण में आयोजित होगा और भारतीय टीम इसमें हिस्सा लेगा।,neutral,hockey,factual
1800,लगातार तीसरे मैच में भारतीय टीम का सेमीफाइनल में निराश करने वाला खेल टीम पर भारी पड़ा।,negative,football,contextual
1801,इस मुकाबले में विकेटकीपर ने सीरीज में बेहतरीन तालमेल के साथ जीत हासिल की।,positive,cricket,domain_context
1802,डिफेंडर की सेमीफाइनल में निराश करने वाला रणनीति काम नहीं आई।,negative,football,contextual
1803,मुकाबला इस मुकाबले में आयोजित होगा और जोड़ी इसमें हिस्सा लेगा।,neutral,badminton,factual
1804,निर्णायक मैच में कप्तान ने सीरीज में यादगार खेल दिखाकर लगातार अच्छा प्रदर्शन किया।,positive,cricket,contextual
1805,लगातार तीसरे मैच में धाविका का रेस में निराश करने वाला खेल टीम पर भारी पड़ा।,negative,athletics,contextual
1806,महत्वपूर्ण मौके पर खिलाड़ी ने मैच में लाजवाब खेल दिखाकर मुकाबला अपने नाम कर लिया।,positive,tennis,contextual
1807,सेट निर्णायक मैच में आयोजित होगा और युवा खिलाड़ी इसमें हिस्सा लेगा।,neutral,tennis,factual
1808,कप्तान मैच के लिए अगले दौर के लिए पहुंची।,neutral,cricket,neutral
1809,मुकाबला महत्वपूर्ण मौके पर आयोजित होगा और भारतीय खिलाड़ी इसमें हिस्सा लेगा।,neutral,tennis,factual
1810,टूर्नामेंट के अहम चरण में गेंदबाज का ओवर में खराब खेल टीम पर भारी पड़ा।,negative,cricket,contextual
1811,प्रशंसकों के सामने भारतीय टीम ने मुकाबला से पहले प्रशिक्षण पूरा किया।,neutral,hockey,domain_context
1812,इस मुकाबले में भारतीय टीम ने लीग मैच से पहले प्रशिक्षण पूरा किया।,neutral,football,domain_context
1813,सेमीफाइनल घरेलू मैदान पर आयोजित होगा और गोलकीपर इसमें हिस्सा लेगा।,neutral,football,factual
1814,जोड़ी ने मुकाबला के लिए यात्रा कार्यक्रम साझा किया।,neutral,badminton,domain_context
1815,महत्वपूर्ण मौके पर फॉरवर्ड ने मुकाबला में कई आसान मौके गंवाए।,negative,hockey,domain_context
1816,प्रशंसकों के सामने खिलाड़ी का दौड़ में खराब खेल टीम पर भारी पड़ा।,negative,athletics,contextual
1817,लगातार तीसरे मैच में जोड़ी फाइनल से पहले प्रशिक्षण कर रहा है।,neutral,badminton,factual
1818,प्रतियोगिता लगातार तीसरे मैच में आयोजित होगा और एथलीट इसमें हिस्सा लेगा।,neutral,athletics,factual
1819,भारतीय टीम की मुकाबला में असंगत रणनीति काम नहीं आई।,negative,football,contextual
1820,प्रशंसकों के सामने भारत ने रन चेज में जबरदस्त खेल दिखाकर महत्वपूर्ण योगदान दिया।,positive,cricket,contextual
1821,लंबे ब्रेक के बाद युवा एथलीट ने रेस में जबरदस्त खेल दिखाकर शानदार वापसी की।,positive,athletics,contextual
1822,भारतीय खिलाड़ी क्वार्टरफाइनल के लिए रणनीति पर चर्चा कर रही है।,neutral,tennis,neutral
1823,खिलाड़ी ने प्लेऑफ में असंगत प्रदर्शन किया और महत्वपूर्ण मौका गंवाया।,negative,kabaddi,paraphrase
1824,लंबे ब्रेक के बाद खिलाड़ी इवेंट से पहले प्रशिक्षण कर रहा है।,neutral,athletics,factual
1825,टूर्नामेंट के अहम चरण में युवा शटलर का मैच में कमजोर खेल टीम पर भारी पड़ा।,negative,badminton,contextual
1826,खिलाड़ी ने प्रतियोगिता में बेअसर खेल दिखाया और टीम को नुकसान हुआ।,negative,athletics,domain_context
1827,टेनिस स्टार सेट के लिए अभ्यास सत्र में शामिल हुई।,neutral,tennis,neutral
1828,"युवा शटलर ने मेहनत तो की, लेकिन सेट में अपनी बढ़त गंवा दी।",negative,badminton,negation
1829,धाविका ने दौड़ में लचर प्रदर्शन किया और अपनी लय खो दी।,negative,athletics,paraphrase
1830,इस मुकाबले में डिफेंडर का मुकाबला में लचर खेल टीम पर भारी पड़ा।,negative,football,contextual
1831,लंबे ब्रेक के बाद क्लब ने सेमीफाइनल में धमाकेदार खेल दिखाकर मुकाबला अपने नाम कर लिया।,positive,football,contextual
1832,"Aaj, Players ne morning practice session attend kiya.",neutral,multi-sport,code_mixed
1833,दबाव वाले मुकाबले में डिफेंडर ने मुकाबला में धमाकेदार खेल दिखाकर मुकाबला अपने नाम कर लिया।,positive,hockey,contextual
1834,महत्वपूर्ण मौके पर युवा एथलीट ने दौड़ में धमाकेदार खेल दिखाकर मुकाबला अपने नाम कर लिया।,positive,athletics,contextual
1835,घरेलू मैदान पर खिलाड़ी ने मुकाबला में लाजवाब खेल दिखाकर मुकाबला अपने नाम कर लिया।,positive,tennis,contextual
1836,युवा शटलर ने सेट में लाजवाब प्रदर्शन करते हुए लगातार अच्छा प्रदर्शन किया।,positive,badminton,paraphrase
1837,"Pressure ke beech, Team ne match apne naam kar liya.",positive,multi-sport,code_mixed
1838,कप्तान ने रन चेज में फीका प्रदर्शन किया और मुकाबला गंवा दिया।,negative,cricket,paraphrase
1839,फाइनल आज आयोजित होगा और जोड़ी इसमें हिस्सा लेगा।,neutral,badminton,factual
1840,एथलीट ने रेस में फीका प्रदर्शन किया और दबाव में बिखर गई।,negative,athletics,paraphrase
1841,इस मुकाबले में डिफेंडर ने फाइनल में कमाल का खेल दिखाकर मुकाबला अपने नाम कर लिया।,positive,football,contextual
1842,इस मुकाबले में जोड़ी ने फाइनल में लाजवाब खेल दिखाकर मुकाबला अपने नाम कर लिया।,positive,badminton,contextual
1843,लगातार तीसरे मैच में गोलकीपर ने मुकाबला में लाजवाब खेल दिखाकर लगातार अच्छा प्रदर्शन किया।,positive,hockey,contextual
1844,गेम निर्णायक मैच में आयोजित होगा और भारतीय शटलर इसमें हिस्सा लेगा।,neutral,badminton,factual
1845,महत्वपूर्ण मौके पर खिलाड़ी ने प्रतियोगिता में बेहतरीन खेल दिखाकर मुकाबला अपने नाम कर लिया।,positive,athletics,contextual
1846,गोलकीपर सेमीफाइनल के लिए अभ्यास सत्र में शामिल हुई।,neutral,hockey,neutral
1847,डिफेंडर फाइनल के लिए टूर्नामेंट में हिस्सा ले रही है।,neutral,football,neutral
1848,घरेलू मैदान पर हॉकी टीम ने मुकाबला से पहले प्रशिक्षण पूरा किया।,neutral,hockey,domain_context
1849,लंबे ब्रेक के बाद भारतीय टीम ने मुकाबला में बेहतरीन खेल दिखाकर मुश्किल स्थिति से बाहर निकली।,positive,football,contextual
1850,एथलीट की रेस में निराशाजनक रणनीति काम नहीं आई।,negative,athletics,contextual
1851,रन चेज टूर्नामेंट के अहम चरण में आयोजित होगा और भारतीय टीम इसमें हिस्सा लेगा।,neutral,cricket,factual
1852,दबाव वाले मुकाबले में खिलाड़ी ने मैच में शानदार खेल दिखाकर जीत दर्ज की।,positive,kabaddi,contextual
1853,लगातार तीसरे मैच में धाविका दौड़ से पहले प्रशिक्षण कर रहा है।,neutral,athletics,factual
1854,गोलकीपर ने सेमीफाइनल में निराशाजनक प्रदर्शन किया और उम्मीदों पर खरी नहीं उतरी।,negative,football,paraphrase
1855,इस मुकाबले में खिलाड़ी ने मैच में बेहतरीन खेल दिखाकर लगातार अच्छा प्रदर्शन किया।,positive,tennis,contextual
1856,लंबे ब्रेक के बाद भारत का मुकाबला में निराश करने वाला खेल टीम पर भारी पड़ा।,negative,cricket,contextual
1857,सेट लगातार तीसरे मैच में आयोजित होगा और युवा खिलाड़ी इसमें हिस्सा लेगा।,neutral,tennis,factual
1858,दबाव वाले मुकाबले में क्लब ने लीग मैच में उत्कृष्ट खेल दिखाकर लगातार अच्छा प्रदर्शन किया।,positive,football,contextual
1859,भारतीय टीम प्लेऑफ के लिए टूर्नामेंट में हिस्सा ले रही है।,neutral,kabaddi,neutral
1860,इस मुकाबले में खिलाड़ी ने रेस से पहले प्रशिक्षण पूरा किया।,neutral,athletics,domain_context
1861,लगातार तीसरे मैच में गेंदबाज मुकाबला से पहले प्रशिक्षण कर रहा है।,neutral,cricket,factual
1862,घरेलू मैदान पर हॉकी टीम ने मुकाबला में बेहतरीन खेल दिखाकर शानदार वापसी की।,positive,hockey,contextual
1863,आज जोड़ी का गेम में असंगत खेल टीम पर भारी पड़ा।,negative,badminton,contextual
1864,लगातार तीसरे मैच में डिफेंडर का मुकाबला में फीका खेल टीम पर भारी पड़ा।,negative,kabaddi,contextual
1865,सीरीज आज आयोजित होगा और भारतीय टीम इसमें हिस्सा लेगा।,neutral,cricket,factual
1866,महत्वपूर्ण मौके पर भारतीय टीम का ओवर में लचर खेल टीम पर भारी पड़ा।,negative,cricket,contextual
1867,आज युवा शटलर ने फाइनल में कमाल का खेल दिखाकर जीत दर्ज की।,positive,badminton,contextual
1868,लंबे ब्रेक के बाद भारतीय खिलाड़ी का सेट में लचर खेल टीम पर भारी पड़ा।,negative,tennis,contextual
1869,विकेटकीपर ने सीरीज में फीका प्रदर्शन किया और दबाव में बिखर गई।,negative,cricket,paraphrase
1870,लंबे ब्रेक के बाद रेडर का मैच में निराश करने वाला खेल टीम पर भारी पड़ा।,negative,kabaddi,contextual
1871,घरेलू मैदान पर डिफेंडर ने सेमीफाइनल में कमाल का खेल दिखाकर मुकाबला अपने नाम कर लिया।,positive,football,contextual
1872,प्रशंसकों के सामने गोलकीपर का मुकाबला में खराब खेल टीम पर भारी पड़ा।,negative,hockey,contextual
1873,गेंदबाज ने मैच में खराब प्रदर्शन किया और महत्वपूर्ण मौका गंवाया।,negative,cricket,paraphrase
1874,टूर्नामेंट में खिलाड़ी लगातार अपनी लय खोते रहे।,negative,multi-sport,domain_context
1875,इस मुकाबले में कप्तान ने मुकाबला में जबरदस्त खेल दिखाकर दबदबा कायम रखा।,positive,football,contextual
1876,फॉरवर्ड ने फाइनल में खराब प्रदर्शन किया और उम्मीदों पर खरी नहीं उतरी।,negative,football,paraphrase
1877,टूर्नामेंट के अहम चरण में भारतीय धावक प्रतियोगिता से पहले प्रशिक्षण कर रहा है।,neutral,athletics,factual
1878,दबाव वाले मुकाबले में गेंदबाज का मुकाबला में निराश करने वाला खेल टीम पर भारी पड़ा।,negative,cricket,contextual
1879,घरेलू मैदान पर डिफेंडर का लीग मैच में निराशाजनक खेल टीम पर भारी पड़ा।,negative,hockey,contextual
1880,भारतीय धावक फाइनल के लिए अगले मुकाबले की तैयारी कर रही है।,neutral,athletics,neutral
1881,लंबे ब्रेक के बाद कप्तान का मैच में निराश करने वाला खेल टीम पर भारी पड़ा।,negative,kabaddi,contextual
1882,लगातार तीसरे मैच में रेडर फाइनल से पहले प्रशिक्षण कर रहा है।,neutral,kabaddi,factual
1883,रेडर ने प्लेऑफ में असंगत प्रदर्शन किया और बढ़त गंवा दी।,negative,kabaddi,paraphrase
1884,लंबे ब्रेक के बाद हॉकी टीम का लीग मैच में असंगत खेल टीम पर भारी पड़ा।,negative,hockey,contextual
1885,फाइनल घरेलू मैदान पर आयोजित होगा और युवा एथलीट इसमें हिस्सा लेगा।,neutral,athletics,factual
1886,प्रशंसकों के सामने भारतीय शटलर गेम से पहले प्रशिक्षण कर रहा है।,neutral,badminton,factual
1887,मुकाबला दबाव वाले मुकाबले में आयोजित होगा और टेनिस स्टार इसमें हिस्सा लेगा।,neutral,tennis,factual
1888,घरेलू मैदान पर धाविका ने प्रतियोगिता में यादगार खेल दिखाकर मुकाबला अपने नाम कर लिया।,positive,athletics,contextual
1889,आज डिफेंडर ने मुकाबला में जबरदस्त खेल दिखाकर शानदार वापसी की।,positive,football,contextual
1890,घरेलू मैदान पर युवा एथलीट का प्रतियोगिता में फीका खेल टीम पर भारी पड़ा।,negative,athletics,contextual
1891,भारतीय टीम की टीम प्लेऑफ के लिए अपनी अंतिम सूची तैयार कर रही है।,neutral,kabaddi,domain_context
1892,पारी आज आयोजित होगा और कप्तान इसमें हिस्सा लेगा।,neutral,cricket,factual
1893,प्रशंसकों के सामने कप्तान ने मैच में धमाकेदार खेल दिखाकर महत्वपूर्ण योगदान दिया।,positive,kabaddi,contextual
1894,टूर्नामेंट के अहम चरण में खिलाड़ी का मैच में फीका खेल टीम पर भारी पड़ा।,negative,kabaddi,contextual
1895,निर्णायक मैच में गोलकीपर ने मैच में धमाकेदार खेल दिखाकर शानदार वापसी की।,positive,hockey,contextual
1896,निर्णायक मैच में जोड़ी का गेम में निराशाजनक खेल टीम पर भारी पड़ा।,negative,badminton,contextual
1897,गोलकीपर के सेमीफाइनल में कमाल का प्रदर्शन से टीम को फायदा हुआ।,positive,football,contextual
1898,भारतीय टीम ने सीरीज में निराशाजनक खेल दिखाया और टीम को नुकसान हुआ।,negative,cricket,domain_context
1899,निर्णायक मैच में कप्तान ने सेट में शानदार खेल दिखाकर जीत दर्ज की।,positive,tennis,contextual
1900,लगातार तीसरे मैच में खिलाड़ी ने सेट से पहले प्रशिक्षण पूरा किया।,neutral,tennis,domain_context
1901,हॉकी टीम मुकाबला के लिए मैच के लिए रवाना हुई।,neutral,hockey,neutral
1902,रेस निर्णायक मैच में आयोजित होगा और एथलीट इसमें हिस्सा लेगा।,neutral,athletics,factual
1903,लंबे ब्रेक के बाद हॉकी टीम ने मैच में लाजवाब खेल दिखाकर महत्वपूर्ण योगदान दिया।,positive,hockey,contextual
1904,आज गोलकीपर ने मैच से पहले प्रशिक्षण पूरा किया।,neutral,football,domain_context
1905,प्रशंसकों के सामने जोड़ी ने सेट में जबरदस्त खेल दिखाकर मुकाबला अपने नाम कर लिया।,positive,badminton,contextual
1906,चैंपियन ने मैच में फीका प्रदर्शन किया और दबाव में बिखर गई।,negative,badminton,paraphrase
1907,प्रशंसकों के सामने युवा शटलर ने फाइनल में लाजवाब खेल दिखाकर मुकाबला अपने नाम कर लिया।,positive,badminton,contextual
1908,खिलाड़ी ने रेस में कमजोर प्रदर्शन किया और दबाव में बिखर गई।,negative,athletics,paraphrase
1909,निर्णायक मैच में भारतीय खिलाड़ी ने क्वार्टरफाइनल में धमाकेदार खेल दिखाकर मुश्किल स्थिति से बाहर निकली।,positive,tennis,contextual
1910,विकेटकीपर मैच के लिए रणनीति पर चर्चा कर रही है।,neutral,cricket,neutral
1911,घरेलू मैदान पर धाविका का प्रतियोगिता में निराशाजनक खेल टीम पर भारी पड़ा।,negative,athletics,contextual
1912,निर्णायक मैच में युवा शटलर का मुकाबला में कमजोर खेल टीम पर भारी पड़ा।,negative,badminton,contextual
1913,हॉकी टीम ने फाइनल में बेअसर प्रदर्शन किया और दबाव में बिखर गई।,negative,hockey,paraphrase
1914,गोलकीपर लीग मैच के लिए मैच के लिए रवाना हुई।,neutral,hockey,neutral
1915,गोलकीपर की टीम मुकाबला के लिए अपनी अंतिम सूची तैयार कर रही है।,neutral,football,domain_context
1916,पारी लंबे ब्रेक के बाद आयोजित होगा और भारत इसमें हिस्सा लेगा।,neutral,cricket,factual
1917,लगातार तीसरे मैच में चैंपियन मैच से पहले प्रशिक्षण कर रहा है।,neutral,badminton,factual
1918,लगातार तीसरे मैच में भारत का मैच में फीका खेल टीम पर भारी पड़ा।,negative,cricket,contextual
1919,महत्वपूर्ण मौके पर भारतीय टीम ने मैच में कमाल का खेल दिखाकर महत्वपूर्ण योगदान दिया।,positive,hockey,contextual
1920,सेमीफाइनल निर्णायक मैच में आयोजित होगा और भारतीय टीम इसमें हिस्सा लेगा।,neutral,football,factual
1921,लीग मैच महत्वपूर्ण मौके पर आयोजित होगा और फॉरवर्ड इसमें हिस्सा लेगा।,neutral,football,factual
1922,महत्वपूर्ण मौके पर गोलकीपर का सेमीफाइनल में निराश करने वाला खेल टीम पर भारी पड़ा।,negative,hockey,contextual
1923,विकेटकीपर ने मैच में फीका प्रदर्शन किया और दबाव में बिखर गई।,negative,cricket,paraphrase
1924,लंबे ब्रेक के बाद हॉकी टीम का सेमीफाइनल में निराशाजनक खेल टीम पर भारी पड़ा।,negative,hockey,contextual
1925,घरेलू मैदान पर कप्तान ने मैच में लाजवाब खेल दिखाकर मुकाबला अपने नाम कर लिया।,positive,cricket,contextual
1926,लगातार तीसरे मैच में विकेटकीपर ने ओवर में यादगार खेल दिखाकर लगातार अच्छा प्रदर्शन किया।,positive,cricket,contextual
1927,आज खिलाड़ी ने लीग मैच में बेहतरीन तालमेल के साथ जीत हासिल की।,positive,kabaddi,domain_context
1928,"Is tournament mein, Team ne pressure mein solid finish kiya.",positive,multi-sport,code_mixed
1929,फॉरवर्ड ने सेमीफाइनल में यादगार प्रदर्शन करते हुए मुकाबला अपने नाम कर लिया।,positive,football,paraphrase
1930,गोलकीपर फाइनल के लिए टूर्नामेंट में हिस्सा ले रही है।,neutral,football,neutral
1931,आज भारत का ओवर में असंगत खेल टीम पर भारी पड़ा।,negative,cricket,contextual
1932,आज कप्तान सीरीज से पहले प्रशिक्षण कर रहा है।,neutral,cricket,factual
1933,घरेलू मैदान पर भारत ने रन चेज में लाजवाब खेल दिखाकर लगातार अच्छा प्रदर्शन किया।,positive,cricket,contextual
1934,प्रशंसकों के सामने युवा एथलीट इवेंट से पहले प्रशिक्षण कर रहा है।,neutral,athletics,factual
1935,टूर्नामेंट के अहम चरण में जोड़ी ने सेट में जबरदस्त खेल दिखाकर लगातार अच्छा प्रदर्शन किया।,positive,badminton,contextual
1936,युवा एथलीट ने इवेंट में निराश करने वाला प्रदर्शन किया और दबाव में बिखर गई।,negative,athletics,paraphrase
1937,मैच से पहले खिलाड़ियों ने सुबह अभ्यास सत्र में हिस्सा लिया।,neutral,multi-sport,domain_context
1938,लंबे ब्रेक के बाद डिफेंडर ने फाइनल में बेहतरीन खेल दिखाकर शानदार वापसी की।,positive,hockey,contextual
1939,निर्णायक मैच में खिलाड़ी ने फाइनल में यादगार खेल दिखाकर मुकाबला अपने नाम कर लिया।,positive,tennis,contextual
1940,घरेलू मैदान पर युवा एथलीट ने इवेंट से पहले प्रशिक्षण पूरा किया।,neutral,athletics,domain_context
1941,आज भारतीय टीम का सेमीफाइनल में खराब खेल टीम पर भारी पड़ा।,negative,hockey,contextual
1942,युवा शटलर ने मैच में फीका प्रदर्शन किया और महत्वपूर्ण मौका गंवाया।,negative,badminton,paraphrase
1943,लगातार तीसरे मैच में विकेटकीपर का पारी में निराश करने वाला खेल टीम पर भारी पड़ा।,negative,cricket,contextual
1944,युवा एथलीट ने इवेंट में निराशाजनक प्रदर्शन किया और उम्मीदों पर खरी नहीं उतरी।,negative,athletics,paraphrase
1945,मुकाबला इस मुकाबले में आयोजित होगा और कप्तान इसमें हिस्सा लेगा।,neutral,cricket,factual
1946,आज टीम की रक्षात्मक चूक भारी पड़ गई।,negative,multi-sport,domain_context
1947,भारतीय टीम अगले फाइनल से पहले कोच के साथ बैठक करेगा।,neutral,kabaddi,domain_context
1948,महत्वपूर्ण मौके पर एथलीट का प्रतियोगिता में निराश करने वाला खेल टीम पर भारी पड़ा।,negative,athletics,contextual
1949,आज डिफेंडर ने लीग मैच में जबरदस्त खेल दिखाकर शानदार वापसी की।,positive,football,contextual
1950,इस मुकाबले में युवा शटलर का मुकाबला में लचर खेल टीम पर भारी पड़ा।,negative,badminton,contextual
1951,प्रशंसकों के सामने कप्तान का लीग मैच में निराशाजनक खेल टीम पर भारी पड़ा।,negative,kabaddi,contextual
1952,आज टेनिस स्टार ने फाइनल में कमाल का खेल दिखाकर महत्वपूर्ण योगदान दिया।,positive,tennis,contextual
1953,भारतीय टीम ने फाइनल में फीका प्रदर्शन किया और उम्मीदों पर खरी नहीं उतरी।,negative,kabaddi,paraphrase
1954,टूर्नामेंट के अहम चरण में खिलाड़ी ने मुकाबला में यादगार खेल दिखाकर मुश्किल स्थिति से बाहर निकली।,positive,kabaddi,contextual
1955,टूर्नामेंट के अहम चरण में भारतीय टीम ने पारी में यादगार खेल दिखाकर मुकाबला अपने नाम कर लिया।,positive,cricket,contextual
1956,लगातार तीसरे मैच में डिफेंडर का फाइनल में फीका खेल टीम पर भारी पड़ा।,negative,kabaddi,contextual
1957,दबाव वाले मुकाबले में डिफेंडर ने फाइनल में कमाल का खेल दिखाकर शानदार वापसी की।,positive,hockey,contextual
1958,भारतीय टीम ने रन चेज के लिए तैयारी शुरू कर दी।,neutral,cricket,factual
1959,महत्वपूर्ण मौके पर हॉकी टीम ने सेमीफाइनल से पहले प्रशिक्षण पूरा किया।,neutral,hockey,domain_context
1960,प्रशंसकों के सामने गेंदबाज का मुकाबला में कमजोर खेल टीम पर भारी पड़ा।,negative,cricket,contextual
1961,टूर्नामेंट के अहम चरण में चैंपियन ने मैच में यादगार खेल दिखाकर दबदबा कायम रखा।,positive,badminton,contextual
1962,सेमीफाइनल लंबे ब्रेक के बाद आयोजित होगा और डिफेंडर इसमें हिस्सा लेगा।,neutral,hockey,factual
1963,प्रशंसकों के सामने डिफेंडर का मुकाबला में लचर खेल टीम पर भारी पड़ा।,negative,kabaddi,contextual
1964,गोलकीपर की मैच में बेअसर रणनीति काम नहीं आई।,negative,football,contextual
1965,घरेलू मैदान पर गोलकीपर ने लीग मैच में धमाकेदार खेल दिखाकर शानदार वापसी की।,positive,hockey,contextual
1966,हॉकी टीम ने लीग मैच में असंगत प्रदर्शन किया और अपनी लय खो दी।,negative,hockey,paraphrase
1967,मुकाबला आज आयोजित होगा और गोलकीपर इसमें हिस्सा लेगा।,neutral,football,factual
1968,घरेलू मैदान पर कप्तान का सीरीज में बेअसर खेल टीम पर भारी पड़ा।,negative,cricket,contextual
1969,टूर्नामेंट के अहम चरण में भारतीय खिलाड़ी फाइनल से पहले प्रशिक्षण कर रहा है।,neutral,tennis,factual
1970,कप्तान ने लीग मैच में निराश करने वाला प्रदर्शन किया और मुकाबला गंवा दिया।,negative,kabaddi,paraphrase
1971,गेम निर्णायक मैच में आयोजित होगा और खिलाड़ी इसमें हिस्सा लेगा।,neutral,badminton,factual
1972,भारतीय टीम की मैच में बेअसर रणनीति काम नहीं आई।,negative,cricket,contextual
1973,टूर्नामेंट के अहम चरण में रेडर का प्लेऑफ में असंगत खेल टीम पर भारी पड़ा।,negative,kabaddi,contextual
1974,हॉकी टीम ने मैच में जबरदस्त प्रदर्शन करते हुए जीत दर्ज की।,positive,hockey,paraphrase
1975,प्रशंसकों के सामने भारतीय टीम ने मुकाबला में धमाकेदार खेल दिखाकर जीत दर्ज की।,positive,cricket,contextual
1976,भारत ने ओवर में धमाकेदार खेल दिखाया और टीम को जीत दिलाई।,positive,cricket,domain_context
1977,फाइनल लगातार तीसरे मैच में आयोजित होगा और भारतीय टीम इसमें हिस्सा लेगा।,neutral,football,factual
1978,चैंपियन सेट के लिए प्रशिक्षण जारी रखे हुए है।,neutral,badminton,neutral
1979,लंबे ब्रेक के बाद भारत ने ओवर में कमाल का खेल दिखाकर शानदार वापसी की।,positive,cricket,contextual
1980,महत्वपूर्ण मौके पर भारतीय टीम ने फाइनल से पहले प्रशिक्षण पूरा किया।,neutral,kabaddi,domain_context
1981,धाविका रेस के लिए मैच के लिए रवाना हुई।,neutral,athletics,neutral
1982,आज क्लब ने मुकाबला में लाजवाब खेल दिखाकर मुश्किल स्थिति से बाहर निकली।,positive,football,contextual
1983,लंबे ब्रेक के बाद खिलाड़ी ने मुकाबला में कमाल का खेल दिखाकर मुश्किल स्थिति से बाहर निकली।,positive,tennis,contextual
1984,कप्तान फाइनल के लिए प्रशिक्षण जारी रखे हुए है।,neutral,kabaddi,neutral
1985,एथलीट की प्रतियोगिता में निराशाजनक रणनीति काम नहीं आई।,negative,athletics,contextual
1986,युवा शटलर अगले फाइनल से पहले कोच के साथ बैठक करेगा।,neutral,badminton,domain_context
1987,इस मुकाबले में गेंदबाज ने ओवर से पहले प्रशिक्षण पूरा किया।,neutral,cricket,domain_context
1988,निर्णायक मैच में खिलाड़ी ने मुकाबला में कमाल का खेल दिखाकर जीत दर्ज की।,positive,tennis,contextual
1989,खिलाड़ी ने फाइनल में असंगत प्रदर्शन किया और महत्वपूर्ण मौका गंवाया।,negative,badminton,paraphrase
1990,भारतीय शटलर ने मुकाबला में निराशाजनक प्रदर्शन किया और बढ़त गंवा दी।,negative,badminton,paraphrase
1991,प्रशंसकों के सामने विकेटकीपर ने मुकाबला में उत्कृष्ट खेल दिखाकर मुश्किल स्थिति से बाहर निकली।,positive,cricket,contextual
1992,जोड़ी को मुकाबला के लिए टीम में शामिल किया गया है।,neutral,badminton,domain_context
1993,सेट इस मुकाबले में आयोजित होगा और युवा शटलर इसमें हिस्सा लेगा।,neutral,badminton,factual
1994,दबाव वाले मुकाबले में फॉरवर्ड ने मैच में जबरदस्त खेल दिखाकर जीत दर्ज की।,positive,football,contextual
1995,लगातार तीसरे मैच में हॉकी टीम ने सेमीफाइनल में जबरदस्त खेल दिखाकर महत्वपूर्ण योगदान दिया।,positive,hockey,contextual
1996,प्रशंसकों के सामने युवा शटलर का मुकाबला में फीका खेल टीम पर भारी पड़ा।,negative,badminton,contextual
1997,रेस इस मुकाबले में आयोजित होगा और भारतीय धावक इसमें हिस्सा लेगा।,neutral,athletics,factual
1998,खिलाड़ी इवेंट के लिए मैच के लिए रवाना हुई।,neutral,athletics,neutral
1999,दबाव वाले मुकाबले में युवा खिलाड़ी मुकाबला से पहले प्रशिक्षण कर रहा है।,neutral,tennis,factual
2000,युवा खिलाड़ी क्वार्टरफाइनल के लिए मैच के लिए रवाना हुई।,neutral,tennis,neutral
2001,खिलाड़ी इवेंट के लिए रणनीति पर चर्चा कर रही है।,neutral,athletics,neutral
2002,लगातार तीसरे मैच में खिलाड़ी का सेट में फीका खेल टीम पर भारी पड़ा।,negative,tennis,contextual
2003,महत्वपूर्ण मौके पर विकेटकीपर ने मुकाबला से पहले प्रशिक्षण पूरा किया।,neutral,cricket,domain_context
2004,लंबे ब्रेक के बाद विकेटकीपर ने पारी में बेहतरीन खेल दिखाकर शानदार वापसी की।,positive,cricket,contextual
2005,युवा शटलर ने फाइनल के लिए तैयारी शुरू कर दी।,neutral,badminton,factual
2006,निर्णायक मैच में टेनिस स्टार ने मैच में जबरदस्त खेल दिखाकर मुश्किल स्थिति से बाहर निकली।,positive,tennis,contextual
2007,निर्णायक मैच में चैंपियन ने गेम में लाजवाब खेल दिखाकर दबदबा कायम रखा।,positive,badminton,contextual
2008,लंबे ब्रेक के बाद खिलाड़ी ने रेस में जबरदस्त खेल दिखाकर लगातार अच्छा प्रदर्शन किया।,positive,athletics,contextual
2009,महत्वपूर्ण मौके पर खिलाड़ी ने क्वार्टरफाइनल में कमाल का खेल दिखाकर मुश्किल स्थिति से बाहर निकली।,positive,tennis,contextual
2010,महत्वपूर्ण मौके पर धाविका रेस से पहले प्रशिक्षण कर रहा है।,neutral,athletics,factual
2011,महत्वपूर्ण मौके पर टेनिस स्टार ने सेट में कमाल का खेल दिखाकर शानदार वापसी की।,positive,tennis,contextual
2012,भारतीय टीम ने फाइनल में खराब खेल दिखाया और टीम को नुकसान हुआ।,negative,football,domain_context
2013,दबाव वाले मुकाबले में कप्तान ने प्लेऑफ से पहले प्रशिक्षण पूरा किया।,neutral,kabaddi,domain_context
2014,हॉकी टीम ने सेमीफाइनल में कमजोर प्रदर्शन किया और मुकाबला गंवा दिया।,negative,hockey,paraphrase
2015,क्वार्टरफाइनल घरेलू मैदान पर आयोजित होगा और भारतीय खिलाड़ी इसमें हिस्सा लेगा।,neutral,tennis,factual
2016,फाइनल घरेलू मैदान पर आयोजित होगा और जोड़ी इसमें हिस्सा लेगा।,neutral,badminton,factual
2017,लगातार तीसरे मैच में क्लब मुकाबला से पहले प्रशिक्षण कर रहा है।,neutral,football,factual
2018,इस मुकाबले में भारतीय खिलाड़ी ने मैच में यादगार खेल दिखाकर मुकाबला अपने नाम कर लिया।,positive,tennis,contextual
2019,टूर्नामेंट के अहम चरण में फॉरवर्ड का मुकाबला में फीका खेल टीम पर भारी पड़ा।,negative,hockey,contextual
2020,फॉरवर्ड ने मैच में कमजोर प्रदर्शन किया और महत्वपूर्ण मौका गंवाया।,negative,football,paraphrase
2021,निर्णायक मैच में डिफेंडर का मुकाबला में निराशाजनक खेल टीम पर भारी पड़ा।,negative,hockey,contextual
2022,विकेटकीपर अगले रन चेज से पहले कोच के साथ बैठक करेगा।,neutral,cricket,domain_context
2023,प्रशंसकों के सामने डिफेंडर का मुकाबला में निराशाजनक खेल टीम पर भारी पड़ा।,negative,kabaddi,contextual
2024,गेंदबाज ने सीरीज में असंगत प्रदर्शन किया और मुकाबला गंवा दिया।,negative,cricket,paraphrase
2025,प्रशंसकों के सामने युवा एथलीट ने दौड़ में जबरदस्त खेल दिखाकर लगातार अच्छा प्रदर्शन किया।,positive,athletics,contextual
2026,मैच आज आयोजित होगा और डिफेंडर इसमें हिस्सा लेगा।,neutral,football,factual
2027,मैच लंबे ब्रेक के बाद आयोजित होगा और फॉरवर्ड इसमें हिस्सा लेगा।,neutral,hockey,factual
2028,फॉरवर्ड की सेमीफाइनल में असंगत रणनीति काम नहीं आई।,negative,football,contextual
2029,लंबे ब्रेक के बाद खिलाड़ी ने मैच में यादगार खेल दिखाकर लगातार अच्छा प्रदर्शन किया।,positive,badminton,contextual
2030,लगातार तीसरे मैच में डिफेंडर का मैच में कमजोर खेल टीम पर भारी पड़ा।,negative,hockey,contextual
2031,टेनिस स्टार मैच के लिए टूर्नामेंट में हिस्सा ले रही है।,neutral,tennis,neutral
2032,घरेलू मैदान पर जोड़ी ने फाइनल में उत्कृष्ट खेल दिखाकर जीत दर्ज की।,positive,badminton,contextual
2033,लंबे ब्रेक के बाद खिलाड़ी का दौड़ में खराब खेल टीम पर भारी पड़ा।,negative,athletics,contextual
2034,निर्णायक मैच में कप्तान ने सेट में जबरदस्त खेल दिखाकर लगातार अच्छा प्रदर्शन किया।,positive,tennis,contextual
2035,इस मुकाबले में विकेटकीपर का रन चेज में निराश करने वाला खेल टीम पर भारी पड़ा।,negative,cricket,contextual
2036,लंबे ब्रेक के बाद क्लब ने मैच में यादगार खेल दिखाकर मुकाबला अपने नाम कर लिया।,positive,football,contextual
2037,भारतीय खिलाड़ी ने क्वार्टरफाइनल के दौरान लगातार गलत फैसले लिए।,negative,tennis,domain_context
2038,महत्वपूर्ण मौके पर हॉकी टीम फाइनल से पहले प्रशिक्षण कर रहा है।,neutral,hockey,factual
2039,घरेलू मैदान पर गेंदबाज रन चेज से पहले प्रशिक्षण कर रहा है।,neutral,cricket,factual
2040,लंबे ब्रेक के बाद भारतीय टीम ने सीरीज में धमाकेदार खेल दिखाकर शानदार वापसी की।,positive,cricket,contextual
2041,लंबे ब्रेक के बाद फॉरवर्ड सेमीफाइनल से पहले प्रशिक्षण कर रहा है।,neutral,hockey,factual
2042,आज गेंदबाज ने ओवर में बेहतरीन खेल दिखाकर दबदबा कायम रखा।,positive,cricket,contextual
2043,निर्णायक मैच में चैंपियन का सेट में निराशाजनक खेल टीम पर भारी पड़ा।,negative,badminton,contextual
2044,लंबे ब्रेक के बाद खिलाड़ी का फाइनल में लचर खेल टीम पर भारी पड़ा।,negative,tennis,contextual
2045,खिलाड़ी ने गेम में बेअसर प्रदर्शन किया और उम्मीदों पर खरी नहीं उतरी।,negative,badminton,paraphrase
2046,दबाव वाले मुकाबले में कप्तान का मुकाबला में लचर खेल टीम पर भारी पड़ा।,negative,football,contextual
2047,आज गेंदबाज ने रन चेज में बेहतरीन तालमेल के साथ जीत हासिल की।,positive,cricket,domain_context
2048,प्रशंसकों के सामने गेंदबाज ने ओवर में धमाकेदार खेल दिखाकर जीत दर्ज की।,positive,cricket,contextual
2049,घरेलू मैदान पर खिलाड़ी ने फाइनल से पहले प्रशिक्षण पूरा किया।,neutral,badminton,domain_context
2050,निर्णायक मैच में विकेटकीपर ने पारी में धमाकेदार खेल दिखाकर मुकाबला अपने नाम कर लिया।,positive,cricket,contextual
2051,भारतीय खिलाड़ी मैच के लिए प्रशिक्षण जारी रखे हुए है।,neutral,tennis,neutral
2052,लगातार तीसरे मैच में एथलीट ने इवेंट में यादगार खेल दिखाकर लगातार अच्छा प्रदर्शन किया।,positive,athletics,contextual
2053,डिफेंडर ने प्लेऑफ में बेअसर प्रदर्शन किया और उम्मीदों पर खरी नहीं उतरी।,negative,kabaddi,paraphrase
2054,घरेलू मैदान पर युवा खिलाड़ी का मैच में कमजोर खेल टीम पर भारी पड़ा।,negative,tennis,contextual
2055,फाइनल लंबे ब्रेक के बाद आयोजित होगा और भारतीय खिलाड़ी इसमें हिस्सा लेगा।,neutral,tennis,factual
2056,लंबे ब्रेक के बाद भारतीय शटलर ने मैच में लाजवाब खेल दिखाकर मुकाबला अपने नाम कर लिया।,positive,badminton,contextual
2057,आज खिलाड़ी ने प्रतियोगिता में बेहतरीन खेल दिखाकर मुश्किल स्थिति से बाहर निकली।,positive,athletics,contextual
2058,निर्णायक मैच में फॉरवर्ड का फाइनल में कमजोर खेल टीम पर भारी पड़ा।,negative,hockey,contextual
2059,घरेलू मैदान पर भारतीय खिलाड़ी का क्वार्टरफाइनल में निराशाजनक खेल टीम पर भारी पड़ा।,negative,tennis,contextual
2060,खिलाड़ी ने सेट में धमाकेदार प्रदर्शन करते हुए लगातार अच्छा प्रदर्शन किया।,positive,tennis,paraphrase
2061,भारतीय शटलर का कमजोर प्रदर्शन मुकाबला में हार का कारण बना।,negative,badminton,domain_context
2062,खिलाड़ी ने सेट में निराश करने वाला प्रदर्शन किया और महत्वपूर्ण मौका गंवाया।,negative,tennis,paraphrase
2063,निर्णायक मैच में भारतीय टीम ने रन चेज में यादगार खेल दिखाकर मुश्किल स्थिति से बाहर निकली।,positive,cricket,contextual
2064,भारतीय खिलाड़ी क्वार्टरफाइनल के लिए अगले दौर के लिए पहुंची।,neutral,tennis,neutral
2065,लंबे ब्रेक के बाद क्लब ने मैच से पहले प्रशिक्षण पूरा किया।,neutral,football,domain_context
2066,घरेलू मैदान पर चैंपियन ने मैच में धमाकेदार खेल दिखाकर शानदार वापसी की।,positive,badminton,contextual
2067,रेडर फाइनल के लिए टूर्नामेंट में हिस्सा ले रही है।,neutral,kabaddi,neutral
2068,महत्वपूर्ण मौके पर डिफेंडर ने लीग मैच से पहले प्रशिक्षण पूरा किया।,neutral,hockey,domain_context
2069,निर्णायक मैच में हॉकी टीम का सेमीफाइनल में निराशाजनक खेल टीम पर भारी पड़ा।,negative,hockey,contextual
2070,इस मुकाबले में खिलाड़ी ने रेस में बेहतरीन खेल दिखाकर महत्वपूर्ण योगदान दिया।,positive,athletics,contextual
2071,जोड़ी ने मैच में निराश करने वाला प्रदर्शन किया और लगातार गलतियां कीं।,negative,badminton,paraphrase
2072,घरेलू मैदान पर क्लब ने लीग मैच में कमाल का खेल दिखाकर मुकाबला अपने नाम कर लिया।,positive,football,contextual
2073,आज बल्लेबाज का मैच में निराशाजनक खेल टीम पर भारी पड़ा।,negative,cricket,contextual
2074,भारतीय खिलाड़ी ने फाइनल में खराब प्रदर्शन किया और महत्वपूर्ण मौका गंवाया।,negative,tennis,paraphrase
2075,मुकाबला आज आयोजित होगा और कप्तान इसमें हिस्सा लेगा।,neutral,cricket,factual
2076,गोलकीपर ने फाइनल में कमाल का प्रदर्शन करते हुए मुश्किल स्थिति से बाहर निकली।,positive,hockey,paraphrase
2077,इस मुकाबले में युवा खिलाड़ी का क्वार्टरफाइनल में खराब खेल टीम पर भारी पड़ा।,negative,tennis,contextual
2078,लीग मैच महत्वपूर्ण मौके पर आयोजित होगा और गोलकीपर इसमें हिस्सा लेगा।,neutral,football,factual
2079,लगातार तीसरे मैच में भारत ओवर से पहले प्रशिक्षण कर रहा है।,neutral,cricket,factual
2080,बल्लेबाज ओवर के लिए रणनीति पर चर्चा कर रही है।,neutral,cricket,neutral
2081,निर्णायक मैच में डिफेंडर का लीग मैच में निराश करने वाला खेल टीम पर भारी पड़ा।,negative,kabaddi,contextual
2082,सेमीफाइनल निर्णायक मैच में आयोजित होगा और गोलकीपर इसमें हिस्सा लेगा।,neutral,football,factual
2083,लंबे ब्रेक के बाद कप्तान ने फाइनल में शानदार खेल दिखाकर मुश्किल स्थिति से बाहर निकली।,positive,football,contextual
2084,महत्वपूर्ण मौके पर युवा एथलीट का इवेंट में बेअसर खेल टीम पर भारी पड़ा।,negative,athletics,contextual
2085,दबाव वाले मुकाबले में भारतीय टीम मुकाबला से पहले प्रशिक्षण कर रहा है।,neutral,cricket,factual
2086,लगातार तीसरे मैच में युवा एथलीट ने दौड़ में जबरदस्त खेल दिखाकर जीत दर्ज की।,positive,athletics,contextual
2087,महत्वपूर्ण मौके पर कप्तान ने लीग मैच में धमाकेदार खेल दिखाकर मुश्किल स्थिति से बाहर निकली।,positive,football,contextual
2088,निर्णायक मैच में खिलाड़ी ने प्रतियोगिता में बेहतरीन खेल दिखाकर जीत दर्ज की।,positive,athletics,contextual
2089,इस मुकाबले में डिफेंडर ने फाइनल में उत्कृष्ट खेल दिखाकर मुश्किल स्थिति से बाहर निकली।,positive,kabaddi,contextual
2090,जोड़ी फाइनल के लिए टूर्नामेंट में हिस्सा ले रही है।,neutral,badminton,neutral
2091,भारत ने पारी में फीका प्रदर्शन किया और अपनी लय खो दी।,negative,cricket,paraphrase
2092,लंबे ब्रेक के बाद भारत का मुकाबला में असंगत खेल टीम पर भारी पड़ा।,negative,cricket,contextual
2093,बल्लेबाज के मैच में शानदार प्रदर्शन से टीम को फायदा हुआ।,positive,cricket,contextual
2094,गोलकीपर ने मुकाबला में बेअसर प्रदर्शन किया और अपनी लय खो दी।,negative,football,paraphrase
2095,कप्तान ने प्लेऑफ में खराब प्रदर्शन किया और दबाव में बिखर गई।,negative,kabaddi,paraphrase
2096,निर्णायक मैच में हॉकी टीम ने लीग मैच में जबरदस्त खेल दिखाकर मुश्किल स्थिति से बाहर निकली।,positive,hockey,contextual
2097,प्रशंसकों के सामने भारतीय टीम का मुकाबला में फीका खेल टीम पर भारी पड़ा।,negative,hockey,contextual
2098,फॉरवर्ड ने मैच में असंगत प्रदर्शन किया और उम्मीदों पर खरी नहीं उतरी।,negative,football,paraphrase
2099,आज डिफेंडर फाइनल से पहले प्रशिक्षण कर रहा है।,neutral,football,factual
2100,बल्लेबाज अगले ओवर से पहले कोच के साथ बैठक करेगा।,neutral,cricket,domain_context
2101,"Match se pehle, Players pressure mein bikhar gaye.",negative,multi-sport,code_mixed
2102,लगातार तीसरे मैच में क्लब का मुकाबला में बेअसर खेल टीम पर भारी पड़ा।,negative,football,contextual
2103,भारत पारी के लिए अगले दौर के लिए पहुंची।,neutral,cricket,neutral
2104,इस मुकाबले में युवा शटलर ने सेट में धमाकेदार खेल दिखाकर मुश्किल स्थिति से बाहर निकली।,positive,badminton,contextual
2105,युवा खिलाड़ी ने क्वार्टरफाइनल में जबरदस्त प्रदर्शन करते हुए लगातार अच्छा प्रदर्शन किया।,positive,tennis,paraphrase
2106,भारत ने रन चेज में फीका प्रदर्शन किया और महत्वपूर्ण मौका गंवाया।,negative,cricket,paraphrase
2107,टूर्नामेंट के अहम चरण में खिलाड़ी का इवेंट में फीका खेल टीम पर भारी पड़ा।,negative,athletics,contextual
2108,फॉरवर्ड ने मुकाबला में निराश करने वाला प्रदर्शन किया और उम्मीदों पर खरी नहीं उतरी।,negative,hockey,paraphrase
2109,डिफेंडर ने मैच के लिए तैयारी शुरू कर दी।,neutral,football,factual
2110,चैंपियन सेट के लिए टूर्नामेंट में हिस्सा ले रही है।,neutral,badminton,neutral
2111,दबाव वाले मुकाबले में चैंपियन का मुकाबला में कमजोर खेल टीम पर भारी पड़ा।,negative,badminton,contextual
2112,घरेलू मैदान पर गोलकीपर लीग मैच से पहले प्रशिक्षण कर रहा है।,neutral,football,factual
2113,भारतीय शटलर की गेम में असंगत रणनीति काम नहीं आई।,negative,badminton,contextual
2114,घरेलू मैदान पर भारतीय टीम का ओवर में लचर खेल टीम पर भारी पड़ा।,negative,cricket,contextual
2115,महत्वपूर्ण मौके पर डिफेंडर ने सेमीफाइनल से पहले प्रशिक्षण पूरा किया।,neutral,football,domain_context
2116,दबाव वाले मुकाबले में कप्तान ने रन चेज में शानदार खेल दिखाकर महत्वपूर्ण योगदान दिया।,positive,cricket,contextual
2117,दबाव वाले मुकाबले में रेडर ने प्लेऑफ में यादगार खेल दिखाकर मुकाबला अपने नाम कर लिया।,positive,kabaddi,contextual
2118,जोड़ी ने फाइनल के लिए नया अभ्यास कार्यक्रम शुरू किया।,neutral,badminton,domain_context
2119,हॉकी टीम ने लीग मैच में कमजोर खेल दिखाया और टीम को नुकसान हुआ।,negative,hockey,domain_context
2120,लगातार तीसरे मैच में विकेटकीपर ने मुकाबला में धमाकेदार खेल दिखाकर लगातार अच्छा प्रदर्शन किया।,positive,cricket,contextual
2121,महत्वपूर्ण मौके पर फॉरवर्ड फाइनल से पहले प्रशिक्षण कर रहा है।,neutral,football,factual
2122,दबाव वाले मुकाबले में विकेटकीपर का रन चेज में फीका खेल टीम पर भारी पड़ा।,negative,cricket,contextual
2123,दबाव वाले मुकाबले में हॉकी टीम ने मुकाबला में कई आसान मौके गंवाए।,negative,hockey,domain_context
2124,घरेलू मैदान पर कप्तान ने प्लेऑफ से पहले प्रशिक्षण पूरा किया।,neutral,kabaddi,domain_context
2125,कप्तान ने मुकाबला में निराश करने वाला प्रदर्शन किया और अपनी लय खो दी।,negative,football,paraphrase
2126,दबाव वाले मुकाबले में हॉकी टीम का मुकाबला में बेअसर खेल टीम पर भारी पड़ा।,negative,hockey,contextual
2127,प्लेऑफ महत्वपूर्ण मौके पर आयोजित होगा और भारतीय टीम इसमें हिस्सा लेगा।,neutral,kabaddi,factual
2128,इस मुकाबले में गोलकीपर ने सेमीफाइनल में कमाल का खेल दिखाकर दबदबा कायम रखा।,positive,hockey,contextual
2129,आज डिफेंडर ने सेमीफाइनल में कमाल का खेल दिखाकर महत्वपूर्ण योगदान दिया।,positive,hockey,contextual
2130,लीग मैच प्रशंसकों के सामने आयोजित होगा और खिलाड़ी इसमें हिस्सा लेगा।,neutral,kabaddi,factual
2131,निर्णायक मैच में युवा एथलीट प्रतियोगिता से पहले प्रशिक्षण कर रहा है।,neutral,athletics,factual
2132,टूर्नामेंट के अहम चरण में डिफेंडर का मैच में असंगत खेल टीम पर भारी पड़ा।,negative,hockey,contextual
2133,प्रशंसकों के सामने खिलाड़ी का प्रतियोगिता में फीका खेल टीम पर भारी पड़ा।,negative,athletics,contextual
2134,भारतीय टीम ने मुकाबला में बेहतरीन प्रदर्शन करते हुए महत्वपूर्ण योगदान दिया।,positive,football,paraphrase
2135,टूर्नामेंट के अहम चरण में फॉरवर्ड लीग मैच से पहले प्रशिक्षण कर रहा है।,neutral,football,factual
2136,इस मुकाबले में भारतीय धावक ने रेस में बेहतरीन खेल दिखाकर मुकाबला अपने नाम कर लिया।,positive,athletics,contextual
2137,इस मुकाबले में युवा शटलर का सेट में कमजोर खेल टीम पर भारी पड़ा।,negative,badminton,contextual
2138,भारतीय टीम के फाइनल में बेहतरीन प्रदर्शन से टीम को फायदा हुआ।,positive,kabaddi,contextual
2139,कप्तान ने मैच में निराशाजनक खेल दिखाया और टीम को नुकसान हुआ।,negative,kabaddi,domain_context
2140,भारतीय टीम ने सीरीज के दौरान लगातार बेहतर निर्णय लिए।,positive,cricket,domain_context
2141,महत्वपूर्ण मौके पर गेंदबाज ने पारी से पहले प्रशिक्षण पूरा किया।,neutral,cricket,domain_context
2142,गोलकीपर की मैच में निराश करने वाला रणनीति काम नहीं आई।,negative,hockey,contextual
2143,घरेलू मैदान पर भारतीय धावक दौड़ से पहले प्रशिक्षण कर रहा है।,neutral,athletics,factual
2144,घरेलू मैदान पर विकेटकीपर मैच से पहले प्रशिक्षण कर रहा है।,neutral,cricket,factual
2145,आज बल्लेबाज ने ओवर में धमाकेदार खेल दिखाकर महत्वपूर्ण योगदान दिया।,positive,cricket,contextual
2146,इस मुकाबले में फॉरवर्ड ने फाइनल में शानदार खेल दिखाकर दबदबा कायम रखा।,positive,football,contextual
2147,निर्णायक मैच में कप्तान ने रन चेज में कमाल का खेल दिखाकर दबदबा कायम रखा।,positive,cricket,contextual
2148,हॉकी टीम ने मैच में बेअसर प्रदर्शन किया और महत्वपूर्ण मौका गंवाया।,negative,hockey,paraphrase
2149,महत्वपूर्ण मौके पर भारतीय शटलर का मैच में कमजोर खेल टीम पर भारी पड़ा।,negative,badminton,contextual
2150,युवा शटलर ने गेम के लिए तैयारी शुरू कर दी।,neutral,badminton,factual
2151,निर्णायक मैच में खिलाड़ी का प्रतियोगिता में लचर खेल टीम पर भारी पड़ा।,negative,athletics,contextual
2152,दबाव वाले मुकाबले में युवा खिलाड़ी क्वार्टरफाइनल से पहले प्रशिक्षण कर रहा है।,neutral,tennis,factual
2153,घरेलू मैदान पर खिलाड़ी ने क्वार्टरफाइनल में शानदार खेल दिखाकर लगातार अच्छा प्रदर्शन किया।,positive,tennis,contextual
2154,चैंपियन को मैच के लिए टीम में शामिल किया गया है।,neutral,badminton,domain_context
2155,निर्णायक मैच में धाविका ने इवेंट में धमाकेदार खेल दिखाकर शानदार वापसी की।,positive,athletics,contextual
2156,टूर्नामेंट में टीम ने मुकाबला अपने नाम कर लिया।,positive,multi-sport,domain_context
2157,युवा एथलीट ने फाइनल में यादगार प्रदर्शन करते हुए लगातार अच्छा प्रदर्शन किया।,positive,athletics,paraphrase
2158,लगातार तीसरे मैच में गोलकीपर ने सेमीफाइनल में बेहतरीन खेल दिखाकर दबदबा कायम रखा।,positive,hockey,contextual
2159,घरेलू मैदान पर कप्तान पारी से पहले प्रशिक्षण कर रहा है।,neutral,cricket,factual
2160,युवा खिलाड़ी फाइनल के लिए अभ्यास सत्र में शामिल हुई।,neutral,tennis,neutral
2161,आज कप्तान ने सीरीज में जबरदस्त खेल दिखाकर जीत दर्ज की।,positive,cricket,contextual
2162,इस मुकाबले में युवा एथलीट का इवेंट में निराशाजनक खेल टीम पर भारी पड़ा।,negative,athletics,contextual
2163,आज गोलकीपर ने मुकाबला में शानदार खेल दिखाकर महत्वपूर्ण योगदान दिया।,positive,football,contextual
2164,खिलाड़ी ने गेम में उत्कृष्ट प्रदर्शन करते हुए मुकाबला अपने नाम कर लिया।,positive,badminton,paraphrase
2165,रन चेज लगातार तीसरे मैच में आयोजित होगा और भारतीय टीम इसमें हिस्सा लेगा।,neutral,cricket,factual
2166,आज गोलकीपर ने लीग मैच में लाजवाब खेल दिखाकर शानदार वापसी की।,positive,hockey,contextual
2167,प्रशंसकों के सामने भारतीय टीम ने प्लेऑफ में धमाकेदार खेल दिखाकर महत्वपूर्ण योगदान दिया।,positive,kabaddi,contextual
2168,खिलाड़ी ने मैच में निराशाजनक प्रदर्शन किया और अपनी लय खो दी।,negative,badminton,paraphrase
2169,दबाव वाले मुकाबले में भारतीय टीम ने प्लेऑफ में लाजवाब खेल दिखाकर शानदार वापसी की।,positive,kabaddi,contextual
2170,फॉरवर्ड की मुकाबला में निराश करने वाला रणनीति काम नहीं आई।,negative,football,contextual
2171,युवा शटलर सेट के लिए अगले दौर के लिए पहुंची।,neutral,badminton,neutral
2172,इवेंट टूर्नामेंट के अहम चरण में आयोजित होगा और धाविका इसमें हिस्सा लेगा।,neutral,athletics,factual
2173,टेनिस स्टार ने सेट में कमजोर प्रदर्शन किया और अपनी लय खो दी।,negative,tennis,paraphrase
2174,प्रशंसकों के सामने भारतीय टीम ने रन चेज में बेहतरीन तालमेल के साथ जीत हासिल की।,positive,cricket,domain_context
2175,घरेलू मैदान पर बल्लेबाज का पारी में कमजोर खेल टीम पर भारी पड़ा।,negative,cricket,contextual
2176,कप्तान प्लेऑफ के लिए मैच के लिए रवाना हुई।,neutral,kabaddi,neutral
2177,गेंदबाज ने मुकाबला में असंगत प्रदर्शन किया और मुकाबला गंवा दिया।,negative,cricket,paraphrase
2178,प्रशंसकों के सामने भारतीय टीम ने मुकाबला में जबरदस्त खेल दिखाकर लगातार अच्छा प्रदर्शन किया।,positive,kabaddi,contextual
2179,लंबे ब्रेक के बाद कप्तान का सेट में बेअसर खेल टीम पर भारी पड़ा।,negative,tennis,contextual
2180,घरेलू मैदान पर विकेटकीपर ने पारी में बेहतरीन खेल दिखाकर लगातार अच्छा प्रदर्शन किया।,positive,cricket,contextual
2181,महत्वपूर्ण मौके पर युवा एथलीट ने रेस में कमाल का खेल दिखाकर मुकाबला अपने नाम कर लिया।,positive,athletics,contextual
2182,दबाव वाले मुकाबले में कप्तान ने फाइनल से पहले प्रशिक्षण पूरा किया।,neutral,football,domain_context
2183,युवा खिलाड़ी ने क्वार्टरफाइनल में लचर प्रदर्शन किया और अपनी लय खो दी।,negative,tennis,paraphrase
2184,विकेटकीपर पारी के लिए अगले मुकाबले की तैयारी कर रही है।,neutral,cricket,neutral
2185,लगातार तीसरे मैच में चैंपियन गेम से पहले प्रशिक्षण कर रहा है।,neutral,badminton,factual
2186,दबाव वाले मुकाबले में विकेटकीपर का मुकाबला में निराश करने वाला खेल टीम पर भारी पड़ा।,negative,cricket,contextual
2187,फॉरवर्ड की फाइनल में निराश करने वाला रणनीति काम नहीं आई।,negative,hockey,contextual
2188,दबाव वाले मुकाबले में जोड़ी फाइनल से पहले प्रशिक्षण कर रहा है।,neutral,badminton,factual
2189,लगातार तीसरे मैच में धाविका का प्रतियोगिता में कमजोर खेल टीम पर भारी पड़ा।,negative,athletics,contextual
2190,निर्णायक मैच में रेडर ने मुकाबला से पहले प्रशिक्षण पूरा किया।,neutral,kabaddi,domain_context
2191,भारतीय टीम ने सेमीफाइनल में निराश करने वाला प्रदर्शन किया और लगातार गलतियां कीं।,negative,hockey,paraphrase
2192,एथलीट फाइनल के लिए टूर्नामेंट में हिस्सा ले रही है।,neutral,athletics,neutral
2193,घरेलू मैदान पर धाविका ने रेस में उत्कृष्ट खेल दिखाकर जीत दर्ज की।,positive,athletics,contextual
2194,"डिफेंडर ने मेहनत तो की, लेकिन मैच में अपनी बढ़त गंवा दी।",negative,hockey,negation
2195,इस मुकाबले में कप्तान ने फाइनल में लाजवाब खेल दिखाकर दबदबा कायम रखा।,positive,football,contextual
2196,आज हॉकी टीम का लीग मैच में लचर खेल टीम पर भारी पड़ा।,negative,hockey,contextual
2197,आज युवा शटलर ने मैच से पहले प्रशिक्षण पूरा किया।,neutral,badminton,domain_context
2198,फाइनल टूर्नामेंट के अहम चरण में आयोजित होगा और धाविका इसमें हिस्सा लेगा।,neutral,athletics,factual
2199,घरेलू मैदान पर रेडर ने मैच में शानदार खेल दिखाकर लगातार अच्छा प्रदर्शन किया।,positive,kabaddi,contextual
2200,लगातार तीसरे मैच में गेंदबाज ने रन चेज में यादगार खेल दिखाकर मुश्किल स्थिति से बाहर निकली।,positive,cricket,contextual
2201,बल्लेबाज को मैच के लिए टीम में शामिल किया गया है।,neutral,cricket,domain_context
2202,क्लब ने कठिन लीग मैच में धैर्य रखते हुए सफलता हासिल की।,positive,football,domain_context
2203,महत्वपूर्ण मौके पर एथलीट ने इवेंट में शानदार खेल दिखाकर दबदबा कायम रखा।,positive,athletics,contextual
2204,आज फॉरवर्ड ने सेमीफाइनल से पहले प्रशिक्षण पूरा किया।,neutral,football,domain_context
2205,आज भारत का मुकाबला में कमजोर खेल टीम पर भारी पड़ा।,negative,cricket,contextual
2206,लगातार तीसरे मैच में कप्तान का मुकाबला में फीका खेल टीम पर भारी पड़ा।,negative,cricket,contextual
2207,लीग मैच निर्णायक मैच में आयोजित होगा और रेडर इसमें हिस्सा लेगा।,neutral,kabaddi,factual
2208,दबाव वाले मुकाबले में धाविका ने फाइनल में यादगार खेल दिखाकर जीत दर्ज की।,positive,athletics,contextual
2209,प्रशंसकों के सामने युवा खिलाड़ी का मैच में बेअसर खेल टीम पर भारी पड़ा।,negative,tennis,contextual
2210,प्रशंसकों के सामने डिफेंडर ने लीग मैच से पहले प्रशिक्षण पूरा किया।,neutral,football,domain_context
2211,कप्तान ने मुकाबला में निराश करने वाला प्रदर्शन किया और बढ़त गंवा दी।,negative,football,paraphrase
2212,प्रशंसकों के सामने गोलकीपर ने फाइनल में बेहतरीन तालमेल के साथ जीत हासिल की।,positive,hockey,domain_context
2213,युवा शटलर ने फाइनल में कमजोर प्रदर्शन किया और लगातार गलतियां कीं।,negative,badminton,paraphrase
2214,आज कप्तान ने मुकाबला में कमाल का खेल दिखाकर दबदबा कायम रखा।,positive,kabaddi,contextual
2215,भारतीय टीम ने फाइनल में कमजोर प्रदर्शन किया और बढ़त गंवा दी।,negative,hockey,paraphrase
2216,प्रशंसकों के सामने खिलाड़ी ने क्वार्टरफाइनल में लाजवाब खेल दिखाकर शानदार वापसी की।,positive,tennis,contextual
2217,लंबे ब्रेक के बाद कप्तान मैच से पहले प्रशिक्षण कर रहा है।,neutral,cricket,factual
2218,टूर्नामेंट के अहम चरण में भारतीय टीम का मुकाबला में फीका खेल टीम पर भारी पड़ा।,negative,kabaddi,contextual
2219,आज रेडर प्लेऑफ से पहले प्रशिक्षण कर रहा है।,neutral,kabaddi,factual
2220,दबाव वाले मुकाबले में खिलाड़ी ने प्रतियोगिता में बेहतरीन खेल दिखाकर लगातार अच्छा प्रदर्शन किया।,positive,athletics,contextual
2221,लंबे ब्रेक के बाद खिलाड़ी मुकाबला से पहले प्रशिक्षण कर रहा है।,neutral,tennis,factual
2222,प्रशंसकों के सामने कप्तान रन चेज से पहले प्रशिक्षण कर रहा है।,neutral,cricket,factual
2223,फॉरवर्ड लीग मैच के लिए रणनीति पर चर्चा कर रही है।,neutral,football,neutral
2224,निर्णायक मैच में क्लब ने लीग मैच में यादगार खेल दिखाकर महत्वपूर्ण योगदान दिया।,positive,football,contextual
2225,निर्णायक मैच में चैंपियन का सेट में लचर खेल टीम पर भारी पड़ा।,negative,badminton,contextual
2226,गेंदबाज मैच के लिए मैच के लिए रवाना हुई।,neutral,cricket,neutral
2227,लगातार तीसरे मैच में रेडर ने लीग मैच में उत्कृष्ट खेल दिखाकर जीत दर्ज की।,positive,kabaddi,contextual
2228,आज एथलीट ने प्रतियोगिता में बेहतरीन खेल दिखाकर मुकाबला अपने नाम कर लिया।,positive,athletics,contextual
2229,दबाव वाले मुकाबले में खिलाड़ी मैच से पहले प्रशिक्षण कर रहा है।,neutral,badminton,factual
2230,डिफेंडर को मैच के लिए टीम में शामिल किया गया है।,neutral,kabaddi,domain_context
2231,आज भारतीय धावक ने प्रतियोगिता में धमाकेदार खेल दिखाकर मुश्किल स्थिति से बाहर निकली।,positive,athletics,contextual
2232,डिफेंडर ने फाइनल में निराशाजनक प्रदर्शन किया और अपनी लय खो दी।,negative,hockey,paraphrase
2233,निर्णायक मैच में एथलीट का दौड़ में लचर खेल टीम पर भारी पड़ा।,negative,athletics,contextual
2234,कप्तान मैच के लिए अगले मुकाबले की तैयारी कर रही है।,neutral,football,neutral
2235,कप्तान ने मैच में लचर प्रदर्शन किया और लगातार गलतियां कीं।,negative,kabaddi,paraphrase
2236,भारतीय शटलर ने मैच में बेअसर खेल दिखाया और टीम को नुकसान हुआ।,negative,badminton,domain_context
2237,फॉरवर्ड ने फाइनल में लचर खेल दिखाया और टीम को नुकसान हुआ।,negative,football,domain_context
2238,भारतीय धावक ने दौड़ में निराश करने वाला प्रदर्शन किया और उम्मीदों पर खरी नहीं उतरी।,negative,athletics,paraphrase
2239,खिलाड़ी प्लेऑफ के लिए टूर्नामेंट में हिस्सा ले रही है।,neutral,kabaddi,neutral
2240,लगातार तीसरे मैच में एथलीट का रेस में फीका खेल टीम पर भारी पड़ा।,negative,athletics,contextual
2241,टूर्नामेंट के अहम चरण में कप्तान ने क्वार्टरफाइनल में लाजवाब खेल दिखाकर मुश्किल स्थिति से बाहर निकली।,positive,tennis,contextual
2242,निर्णायक मैच में कप्तान ने सेट में उत्कृष्ट खेल दिखाकर दबदबा कायम रखा।,positive,tennis,contextual
2243,निर्णायक मैच में खिलाड़ी का रेस में लचर खेल टीम पर भारी पड़ा।,negative,athletics,contextual
2244,घरेलू मैदान पर धाविका ने इवेंट में धमाकेदार खेल दिखाकर जीत दर्ज की।,positive,athletics,contextual
2245,महत्वपूर्ण मौके पर हॉकी टीम ने सेमीफाइनल में कमाल का खेल दिखाकर लगातार अच्छा प्रदर्शन किया।,positive,hockey,contextual
2246,इस मुकाबले में युवा खिलाड़ी ने सेट में यादगार खेल दिखाकर महत्वपूर्ण योगदान दिया।,positive,tennis,contextual
2247,कप्तान मैच के लिए प्रशिक्षण जारी रखे हुए है।,neutral,football,neutral
2248,भारतीय धावक ने दौड़ में निराश करने वाला प्रदर्शन किया और मुकाबला गंवा दिया।,negative,athletics,paraphrase
2249,प्रशंसकों के सामने क्लब का सेमीफाइनल में असंगत खेल टीम पर भारी पड़ा।,negative,football,contextual
2250,इस मुकाबले में खिलाड़ी प्रतियोगिता से पहले प्रशिक्षण कर रहा है।,neutral,athletics,factual
2251,आज क्लब सेमीफाइनल से पहले प्रशिक्षण कर रहा है।,neutral,football,factual
2252,लंबे अंतराल के बाद खिलाड़ी लगातार अपनी लय खोते रहे।,negative,multi-sport,domain_context
2253,घरेलू मैदान पर भारतीय खिलाड़ी ने फाइनल में उत्कृष्ट खेल दिखाकर दबदबा कायम रखा।,positive,tennis,contextual
2254,युवा शटलर ने मैच में खराब प्रदर्शन किया और लगातार गलतियां कीं।,negative,badminton,paraphrase
2255,निर्णायक मैच में कप्तान का मैच में निराश करने वाला खेल टीम पर भारी पड़ा।,negative,football,contextual
2256,आज धाविका ने फाइनल में लाजवाब खेल दिखाकर जीत दर्ज की।,positive,athletics,contextual
2257,घरेलू मैदान पर भारतीय टीम ने मुकाबला में धमाकेदार खेल दिखाकर शानदार वापसी की।,positive,hockey,contextual
2258,लगातार तीसरे मैच में टेनिस स्टार का क्वार्टरफाइनल में फीका खेल टीम पर भारी पड़ा।,negative,tennis,contextual
2259,खिलाड़ी ने फाइनल में निराश करने वाला प्रदर्शन किया और दबाव में बिखर गई।,negative,kabaddi,paraphrase
2260,लीग मैच इस मुकाबले में आयोजित होगा और रेडर इसमें हिस्सा लेगा।,neutral,kabaddi,factual
2261,दबाव वाले मुकाबले में भारतीय टीम ने मैच में जबरदस्त खेल दिखाकर मुश्किल स्थिति से बाहर निकली।,positive,hockey,contextual
2262,लगातार तीसरे मैच में भारतीय खिलाड़ी का क्वार्टरफाइनल में असंगत खेल टीम पर भारी पड़ा।,negative,tennis,contextual
2263,मुकाबला दबाव वाले मुकाबले में आयोजित होगा और डिफेंडर इसमें हिस्सा लेगा।,neutral,kabaddi,factual
2264,महत्वपूर्ण मौके पर कप्तान ने मुकाबला से पहले प्रशिक्षण पूरा किया।,neutral,tennis,domain_context
2265,मैच निर्णायक मैच में आयोजित होगा और टेनिस स्टार इसमें हिस्सा लेगा।,neutral,tennis,factual
2266,हॉकी टीम ने फाइनल में बेअसर प्रदर्शन किया और लगातार गलतियां कीं।,negative,hockey,paraphrase
2267,बल्लेबाज ने मैच में खराब प्रदर्शन किया और महत्वपूर्ण मौका गंवाया।,negative,cricket,paraphrase
2268,"Match se pehle, Player ne brilliant performance diya.",positive,multi-sport,code_mixed
2269,घरेलू मैदान पर गोलकीपर का सेमीफाइनल में निराशाजनक खेल टीम पर भारी पड़ा।,negative,football,contextual
2270,भारतीय टीम ने मैच के लिए यात्रा कार्यक्रम साझा किया।,neutral,football,domain_context
2271,पारी टूर्नामेंट के अहम चरण में आयोजित होगा और भारतीय टीम इसमें हिस्सा लेगा।,neutral,cricket,factual
2272,कप्तान ने फाइनल में खराब प्रदर्शन किया और दबाव में बिखर गई।,negative,football,paraphrase
2273,टूर्नामेंट के अहम चरण में खिलाड़ी ने मैच में धमाकेदार खेल दिखाकर लगातार अच्छा प्रदर्शन किया।,positive,tennis,contextual
2274,डिफेंडर मुकाबला के लिए अभ्यास सत्र में शामिल हुई।,neutral,football,neutral
2275,दबाव वाले मुकाबले में क्लब का सेमीफाइनल में असंगत खेल टीम पर भारी पड़ा।,negative,football,contextual
2276,दबाव वाले मुकाबले में एथलीट का इवेंट में खराब खेल टीम पर भारी पड़ा।,negative,athletics,contextual
2277,लगातार तीसरे मैच में हॉकी टीम मुकाबला से पहले प्रशिक्षण कर रहा है।,neutral,hockey,factual
2278,जोड़ी ने मुकाबला के लिए तैयारी शुरू कर दी।,neutral,badminton,factual
2279,प्रशंसकों के सामने युवा एथलीट का फाइनल में खराब खेल टीम पर भारी पड़ा।,negative,athletics,contextual
2280,दबाव वाले मुकाबले में टेनिस स्टार का सेट में निराश करने वाला खेल टीम पर भारी पड़ा।,negative,tennis,contextual
2281,रेडर ने फाइनल में निराश करने वाला प्रदर्शन किया और अपनी लय खो दी।,negative,kabaddi,paraphrase
2282,डिफेंडर लीग मैच के लिए मैच के लिए रवाना हुई।,neutral,football,neutral
2283,फॉरवर्ड ने सेमीफाइनल में खराब प्रदर्शन किया और महत्वपूर्ण मौका गंवाया।,negative,football,paraphrase
2284,आज एथलीट ने दौड़ में जबरदस्त खेल दिखाकर मुश्किल स्थिति से बाहर निकली।,positive,athletics,contextual
2285,विकेटकीपर ने ओवर में कमजोर प्रदर्शन किया और अपनी लय खो दी।,negative,cricket,paraphrase
2286,इस मुकाबले में रेडर ने मैच में यादगार खेल दिखाकर महत्वपूर्ण योगदान दिया।,positive,kabaddi,contextual
2287,टूर्नामेंट में खिलाड़ियों ने निर्णायक मौके पर गलतियां कीं।,negative,multi-sport,domain_context
2288,दबाव वाले मुकाबले में भारतीय खिलाड़ी का फाइनल में लचर खेल टीम पर भारी पड़ा।,negative,tennis,contextual
2289,कप्तान ने मैच में लाजवाब प्रदर्शन करते हुए मुश्किल स्थिति से बाहर निकली।,positive,kabaddi,paraphrase
2290,प्रशंसकों के सामने खिलाड़ी का फाइनल में फीका खेल टीम पर भारी पड़ा।,negative,badminton,contextual
2291,निर्णायक मैच में भारतीय धावक ने दौड़ में लाजवाब खेल दिखाकर दबदबा कायम रखा।,positive,athletics,contextual
2292,लगातार तीसरे मैच में एथलीट का रेस में कमजोर खेल टीम पर भारी पड़ा।,negative,athletics,contextual
2293,आज खिलाड़ी प्लेऑफ से पहले प्रशिक्षण कर रहा है।,neutral,kabaddi,factual
2294,लगातार तीसरे मैच में चैंपियन ने फाइनल में उत्कृष्ट खेल दिखाकर मुकाबला अपने नाम कर लिया।,positive,badminton,contextual
2295,महत्वपूर्ण मौके पर हॉकी टीम मुकाबला से पहले प्रशिक्षण कर रहा है।,neutral,hockey,factual
2296,आज कप्तान पारी से पहले प्रशिक्षण कर रहा है।,neutral,cricket,factual
2297,धाविका फाइनल के लिए टूर्नामेंट में हिस्सा ले रही है।,neutral,athletics,neutral
2298,आज क्लब ने लीग मैच में धमाकेदार खेल दिखाकर दबदबा कायम रखा।,positive,football,contextual
2299,खिलाड़ी ने प्लेऑफ में निराशाजनक प्रदर्शन किया और मुकाबला गंवा दिया।,negative,kabaddi,paraphrase
2300,चैंपियन सेट के लिए अभ्यास सत्र में शामिल हुई।,neutral,badminton,neutral
2301,भारतीय टीम की मैच में कमजोर रणनीति काम नहीं आई।,negative,hockey,contextual
2302,टूर्नामेंट के अहम चरण में विकेटकीपर ने पारी में उत्कृष्ट खेल दिखाकर दबदबा कायम रखा।,positive,cricket,contextual
2303,भारतीय टीम मैच के लिए रणनीति पर चर्चा कर रही है।,neutral,hockey,neutral
2304,खिलाड़ी ने दौड़ में लचर प्रदर्शन किया और उम्मीदों पर खरी नहीं उतरी।,negative,athletics,paraphrase
2305,लंबे ब्रेक के बाद युवा शटलर का फाइनल में खराब खेल टीम पर भारी पड़ा।,negative,badminton,contextual
2306,लगातार तीसरे मैच में खिलाड़ी ने सेट में धमाकेदार खेल दिखाकर मुकाबला अपने नाम कर लिया।,positive,badminton,contextual
2307,घरेलू मैदान पर खिलाड़ी सेट से पहले प्रशिक्षण कर रहा है।,neutral,tennis,factual
2308,टूर्नामेंट के अहम चरण में धाविका का इवेंट में फीका खेल टीम पर भारी पड़ा।,negative,athletics,contextual
2309,कप्तान ने फाइनल के लिए नया अभ्यास कार्यक्रम शुरू किया।,neutral,kabaddi,domain_context
2310,घरेलू मैदान पर भारतीय शटलर फाइनल से पहले प्रशिक्षण कर रहा है।,neutral,badminton,factual
2311,सुबह के सत्र में खिलाड़ी ने आज मैदान पर आग लगा दी।,positive,multi-sport,domain_context
2312,महत्वपूर्ण मौके पर फॉरवर्ड ने लीग मैच में बेहतरीन खेल दिखाकर मुकाबला अपने नाम कर लिया।,positive,football,contextual
2313,लीग मैच घरेलू मैदान पर आयोजित होगा और फॉरवर्ड इसमें हिस्सा लेगा।,neutral,hockey,factual
2314,महत्वपूर्ण मौके पर खिलाड़ी ने फाइनल में कई आसान मौके गंवाए।,negative,tennis,domain_context
2315,मुकाबला टूर्नामेंट के अहम चरण में आयोजित होगा और टेनिस स्टार इसमें हिस्सा लेगा।,neutral,tennis,factual
2316,लगातार तीसरे मैच में जोड़ी मुकाबला से पहले प्रशिक्षण कर रहा है।,neutral,badminton,factual
2317,दबाव वाले मुकाबले में भारतीय धावक का रेस में निराश करने वाला खेल टीम पर भारी पड़ा।,negative,athletics,contextual
2318,पारी महत्वपूर्ण मौके पर आयोजित होगा और भारत इसमें हिस्सा लेगा।,neutral,cricket,factual
2319,इस मुकाबले में भारतीय शटलर ने गेम में कमाल का खेल दिखाकर शानदार वापसी की।,positive,badminton,contextual
2320,खिलाड़ी ने मुकाबला में निराशाजनक प्रदर्शन किया और बढ़त गंवा दी।,negative,badminton,paraphrase
2321,लंबे ब्रेक के बाद एथलीट ने इवेंट में जबरदस्त खेल दिखाकर लगातार अच्छा प्रदर्शन किया।,positive,athletics,contextual
2322,लगातार तीसरे मैच में भारतीय खिलाड़ी ने मैच में लाजवाब खेल दिखाकर महत्वपूर्ण योगदान दिया।,positive,tennis,contextual
2323,खिलाड़ी ने सेट में लचर प्रदर्शन किया और दबाव में बिखर गई।,negative,tennis,paraphrase
2324,टूर्नामेंट के अहम चरण में भारतीय टीम ने मैच में यादगार खेल दिखाकर मुश्किल स्थिति से बाहर निकली।,positive,kabaddi,contextual
2325,गोलकीपर की टीम लीग मैच के लिए अपनी अंतिम सूची तैयार कर रही है।,neutral,football,domain_context
2326,खिलाड़ी ने मैच में निराश करने वाला प्रदर्शन किया और मुकाबला गंवा दिया।,negative,badminton,paraphrase
2327,दबाव वाले मुकाबले में भारतीय खिलाड़ी ने क्वार्टरफाइनल में जबरदस्त खेल दिखाकर जीत दर्ज की।,positive,tennis,contextual
2328,निर्णायक मैच में भारतीय खिलाड़ी का सेट में खराब खेल टीम पर भारी पड़ा।,negative,tennis,contextual
2329,क्लब ने सेमीफाइनल में असंगत प्रदर्शन किया और अपनी लय खो दी।,negative,football,paraphrase
2330,आज भारतीय टीम ने लीग मैच में बेहतरीन खेल दिखाकर लगातार अच्छा प्रदर्शन किया।,positive,kabaddi,contextual
2331,लगातार तीसरे मैच में फॉरवर्ड ने सेमीफाइनल में शानदार खेल दिखाकर महत्वपूर्ण योगदान दिया।,positive,football,contextual
2332,इस मुकाबले में भारतीय टीम ने फाइनल में धमाकेदार खेल दिखाकर महत्वपूर्ण योगदान दिया।,positive,kabaddi,contextual
2333,डिफेंडर मुकाबला के लिए रणनीति पर चर्चा कर रही है।,neutral,hockey,neutral
2334,टूर्नामेंट के अहम चरण में गेंदबाज मुकाबला से पहले प्रशिक्षण कर रहा है।,neutral,cricket,factual
2335,दबाव वाले मुकाबले में भारतीय टीम का सेमीफाइनल में कमजोर खेल टीम पर भारी पड़ा।,negative,hockey,contextual
2336,दबाव वाले मुकाबले में भारतीय टीम ने सेमीफाइनल में उत्कृष्ट खेल दिखाकर जीत दर्ज की।,positive,hockey,contextual
2337,निर्णायक मैच में जोड़ी ने गेम से पहले प्रशिक्षण पूरा किया।,neutral,badminton,domain_context
2338,दबाव वाले मुकाबले में भारतीय शटलर ने फाइनल में शानदार खेल दिखाकर शानदार वापसी की।,positive,badminton,contextual
2339,गोलकीपर ने लीग मैच में निराशाजनक प्रदर्शन किया और लगातार गलतियां कीं।,negative,hockey,paraphrase
2340,डिफेंडर ने लीग मैच में असंगत प्रदर्शन किया और उम्मीदों पर खरी नहीं उतरी।,negative,football,paraphrase
2341,दबाव वाले मुकाबले में खिलाड़ी ने मैच से पहले प्रशिक्षण पूरा किया।,neutral,tennis,domain_context
2342,लगातार तीसरे मैच में कप्तान ने मैच से पहले प्रशिक्षण पूरा किया।,neutral,football,domain_context
2343,महत्वपूर्ण मौके पर गेंदबाज का ओवर में लचर खेल टीम पर भारी पड़ा।,negative,cricket,contextual
2344,आज क्लब ने लीग मैच में शानदार खेल दिखाकर शानदार वापसी की।,positive,football,contextual
2345,रेडर ने मैच में कमजोर प्रदर्शन किया और लगातार गलतियां कीं।,negative,kabaddi,paraphrase
2346,दबाव वाले मुकाबले में युवा शटलर का मैच में बेअसर खेल टीम पर भारी पड़ा।,negative,badminton,contextual
2347,महत्वपूर्ण मौके पर भारतीय टीम ने मैच में धमाकेदार खेल दिखाकर लगातार अच्छा प्रदर्शन किया।,positive,football,contextual
2348,दबाव वाले मुकाबले में खिलाड़ी इवेंट से पहले प्रशिक्षण कर रहा है।,neutral,athletics,factual
2349,घरेलू मैदान पर गेंदबाज ओवर से पहले प्रशिक्षण कर रहा है।,neutral,cricket,factual
2350,खिलाड़ी ने प्रतियोगिता में निराशाजनक प्रदर्शन किया और लगातार गलतियां कीं।,negative,athletics,paraphrase
2351,भारतीय खिलाड़ी ने मुकाबला में निराशाजनक प्रदर्शन किया और दबाव में बिखर गई।,negative,tennis,paraphrase
2352,घरेलू मैदान पर कप्तान लीग मैच से पहले प्रशिक्षण कर रहा है।,neutral,kabaddi,factual
2353,डिफेंडर की लीग मैच में असंगत रणनीति काम नहीं आई।,negative,hockey,contextual
2354,विकेटकीपर ने रन चेज में निराश करने वाला प्रदर्शन किया और महत्वपूर्ण मौका गंवाया।,negative,cricket,paraphrase
2355,युवा एथलीट ने फाइनल में खराब प्रदर्शन किया और अपनी लय खो दी।,negative,athletics,paraphrase
2356,दबाव वाले मुकाबले में धाविका ने प्रतियोगिता से पहले प्रशिक्षण पूरा किया।,neutral,athletics,domain_context
2357,प्रशंसकों के सामने युवा खिलाड़ी ने मुकाबला में बेहतरीन खेल दिखाकर महत्वपूर्ण योगदान दिया।,positive,tennis,contextual
2358,घरेलू मैदान पर युवा शटलर ने गेम में कमाल का खेल दिखाकर लगातार अच्छा प्रदर्शन किया।,positive,badminton,contextual
2359,कप्तान की फाइनल में खराब रणनीति काम नहीं आई।,negative,tennis,contextual
2360,महत्वपूर्ण मौके पर भारतीय खिलाड़ी का मुकाबला में निराशाजनक खेल टीम पर भारी पड़ा।,negative,tennis,contextual
2361,घरेलू मैदान पर खिलाड़ी ने मुकाबला में यादगार खेल दिखाकर शानदार वापसी की।,positive,kabaddi,contextual
2362,लगातार तीसरे मैच में डिफेंडर का फाइनल में निराशाजनक खेल टीम पर भारी पड़ा।,negative,kabaddi,contextual
2363,भारतीय शटलर मुकाबला के लिए मैच के लिए रवाना हुई।,neutral,badminton,neutral
2364,इस मुकाबले में भारतीय टीम ने लीग मैच में धमाकेदार खेल दिखाकर मुकाबला अपने नाम कर लिया।,positive,hockey,contextual
2365,गेम टूर्नामेंट के अहम चरण में आयोजित होगा और भारतीय शटलर इसमें हिस्सा लेगा।,neutral,badminton,factual
2366,दौड़ लगातार तीसरे मैच में आयोजित होगा और खिलाड़ी इसमें हिस्सा लेगा।,neutral,athletics,factual
2367,मुकाबला इस मुकाबले में आयोजित होगा और रेडर इसमें हिस्सा लेगा।,neutral,kabaddi,factual
2368,भारतीय खिलाड़ी ने मैच में असंगत प्रदर्शन किया और उम्मीदों पर खरी नहीं उतरी।,negative,tennis,paraphrase
2369,हॉकी टीम ने मैच में शानदार प्रदर्शन करते हुए दबदबा कायम रखा।,positive,hockey,paraphrase
2370,रेडर ने फाइनल के लिए यात्रा कार्यक्रम साझा किया।,neutral,kabaddi,domain_context
2371,लंबे अंतराल के बाद टीम ने मुकाबला अपने नाम कर लिया।,positive,multi-sport,domain_context
2372,इस मुकाबले में गोलकीपर ने मुकाबला में उत्कृष्ट खेल दिखाकर दबदबा कायम रखा।,positive,football,contextual
2373,महत्वपूर्ण मौके पर खिलाड़ी का मैच में कमजोर खेल टीम पर भारी पड़ा।,negative,badminton,contextual
2374,शाम के मुकाबले में खिलाड़ी लगातार अपनी लय खोते रहे।,negative,multi-sport,domain_context
2375,निर्णायक मैच में कप्तान ने मुकाबला में उत्कृष्ट खेल दिखाकर मुश्किल स्थिति से बाहर निकली।,positive,football,contextual
2376,प्रशंसकों के सामने युवा खिलाड़ी फाइनल से पहले प्रशिक्षण कर रहा है।,neutral,tennis,factual
2377,निर्णायक मैच में भारतीय टीम का मुकाबला में लचर खेल टीम पर भारी पड़ा।,negative,kabaddi,contextual
2378,टूर्नामेंट के अहम चरण में फॉरवर्ड का सेमीफाइनल में खराब खेल टीम पर भारी पड़ा।,negative,hockey,contextual
2379,पारी दबाव वाले मुकाबले में आयोजित होगा और कप्तान इसमें हिस्सा लेगा।,neutral,cricket,factual
2380,क्लब ने मैच में असंगत प्रदर्शन किया और महत्वपूर्ण मौका गंवाया।,negative,football,paraphrase
2381,इस मुकाबले में विकेटकीपर ने सीरीज में धमाकेदार खेल दिखाकर मुश्किल स्थिति से बाहर निकली।,positive,cricket,contextual
2382,प्रशंसकों के सामने भारतीय टीम ने लीग मैच में शानदार खेल दिखाकर महत्वपूर्ण योगदान दिया।,positive,hockey,contextual
2383,लंबे ब्रेक के बाद डिफेंडर का मुकाबला में खराब खेल टीम पर भारी पड़ा।,negative,hockey,contextual
2384,"Aaj, Team ne easy chance miss karke match gawa diya.",negative,multi-sport,code_mixed
2385,युवा खिलाड़ी ने मुकाबला में लचर प्रदर्शन किया और अपनी लय खो दी।,negative,tennis,paraphrase
2386,चैंपियन मुकाबला के लिए अभ्यास सत्र में शामिल हुई।,neutral,badminton,neutral
2387,घरेलू मैदान पर कप्तान ने सेमीफाइनल में बेहतरीन खेल दिखाकर महत्वपूर्ण योगदान दिया।,positive,football,contextual
2388,दबाव वाले मुकाबले में डिफेंडर का लीग मैच में निराशाजनक खेल टीम पर भारी पड़ा।,negative,hockey,contextual
2389,सेमीफाइनल इस मुकाबले में आयोजित होगा और डिफेंडर इसमें हिस्सा लेगा।,neutral,hockey,factual
2390,लगातार तीसरे मैच में डिफेंडर का फाइनल में बेअसर खेल टीम पर भारी पड़ा।,negative,hockey,contextual
2391,निर्णायक मैच में भारतीय खिलाड़ी ने सेट में जबरदस्त खेल दिखाकर शानदार वापसी की।,positive,tennis,contextual
2392,टूर्नामेंट के अहम चरण में खिलाड़ी ने गेम में उत्कृष्ट खेल दिखाकर जीत दर्ज की।,positive,badminton,contextual
2393,डिफेंडर के मैच में लाजवाब प्रदर्शन से टीम को फायदा हुआ।,positive,kabaddi,contextual
2394,निर्णायक मैच में टेनिस स्टार ने क्वार्टरफाइनल में लाजवाब खेल दिखाकर दबदबा कायम रखा।,positive,tennis,contextual
2395,हॉकी टीम मैच के लिए टूर्नामेंट में हिस्सा ले रही है।,neutral,hockey,neutral
2396,दबाव वाले मुकाबले में बल्लेबाज का पारी में खराब खेल टीम पर भारी पड़ा।,negative,cricket,contextual
2397,गोलकीपर ने सेमीफाइनल में बेहतरीन खेल दिखाया और टीम को जीत दिलाई।,positive,hockey,domain_context
2398,आज कप्तान का रन चेज में निराशाजनक खेल टीम पर भारी पड़ा।,negative,cricket,contextual
2399,भारतीय खिलाड़ी की फाइनल में लचर रणनीति काम नहीं आई।,negative,tennis,contextual
2400,इस मुकाबले में कप्तान ने लीग मैच में यादगार खेल दिखाकर शानदार वापसी की।,positive,kabaddi,contextual
2401,लगातार तीसरे मैच में भारतीय शटलर का मुकाबला में निराश करने वाला खेल टीम पर भारी पड़ा।,negative,badminton,contextual
2402,टूर्नामेंट के अहम चरण में धाविका फाइनल से पहले प्रशिक्षण कर रहा है।,neutral,athletics,factual
2403,आज खिलाड़ी ने इवेंट में जबरदस्त खेल दिखाकर मुकाबला अपने नाम कर लिया।,positive,athletics,contextual
2404,भारतीय टीम ने मैच में बेअसर प्रदर्शन किया और महत्वपूर्ण मौका गंवाया।,negative,football,paraphrase
2405,भारतीय टीम लीग मैच के लिए रणनीति पर चर्चा कर रही है।,neutral,football,neutral
2406,भारतीय खिलाड़ी मैच के लिए रणनीति पर चर्चा कर रही है।,neutral,tennis,neutral
2407,कप्तान सेट के लिए रणनीति पर चर्चा कर रही है।,neutral,tennis,neutral
2408,भारतीय शटलर ने फाइनल में बेअसर प्रदर्शन किया और लगातार गलतियां कीं।,negative,badminton,paraphrase
2409,टूर्नामेंट के अहम चरण में युवा एथलीट ने दौड़ से पहले प्रशिक्षण पूरा किया।,neutral,athletics,domain_context
2410,इस मुकाबले में कप्तान ने सेट से पहले प्रशिक्षण पूरा किया।,neutral,tennis,domain_context
2411,दबाव वाले मुकाबले में फॉरवर्ड मुकाबला से पहले प्रशिक्षण कर रहा है।,neutral,hockey,factual
2412,भारतीय शटलर सेट के लिए प्रशिक्षण जारी रखे हुए है।,neutral,badminton,neutral
2413,महत्वपूर्ण मौके पर युवा एथलीट ने दौड़ में शानदार खेल दिखाकर दबदबा कायम रखा।,positive,athletics,contextual
2414,टूर्नामेंट के अहम चरण में भारतीय शटलर मुकाबला से पहले प्रशिक्षण कर रहा है।,neutral,badminton,factual
2415,घरेलू मैदान पर कप्तान ने मुकाबला में कई आसान मौके गंवाए।,negative,kabaddi,domain_context
2416,महत्वपूर्ण मौके पर विकेटकीपर ने रन चेज में लाजवाब खेल दिखाकर मुकाबला अपने नाम कर लिया।,positive,cricket,contextual
2417,टेनिस स्टार ने मुकाबला में बेअसर प्रदर्शन किया और लगातार गलतियां कीं।,negative,tennis,paraphrase
2418,भारतीय धावक फाइनल के लिए रणनीति पर चर्चा कर रही है।,neutral,athletics,neutral
2419,मैच लंबे ब्रेक के बाद आयोजित होगा और गोलकीपर इसमें हिस्सा लेगा।,neutral,football,factual
2420,प्रशंसकों के सामने चैंपियन का गेम में फीका खेल टीम पर भारी पड़ा।,negative,badminton,contextual
2421,लगातार तीसरे मैच में कप्तान का मुकाबला में निराश करने वाला खेल टीम पर भारी पड़ा।,negative,cricket,contextual
2422,टूर्नामेंट के अहम चरण में फॉरवर्ड ने मुकाबला में लाजवाब खेल दिखाकर जीत दर्ज की।,positive,football,contextual
2423,घरेलू मैदान पर धाविका ने इवेंट में जबरदस्त खेल दिखाकर मुश्किल स्थिति से बाहर निकली।,positive,athletics,contextual
2424,निर्णायक मैच में भारतीय शटलर ने सेट में बेहतरीन खेल दिखाकर महत्वपूर्ण योगदान दिया।,positive,badminton,contextual
2425,लगातार तीसरे मैच में बल्लेबाज ने मैच में यादगार खेल दिखाकर मुश्किल स्थिति से बाहर निकली।,positive,cricket,contextual
2426,टूर्नामेंट के अहम चरण में गेंदबाज ने मुकाबला से पहले प्रशिक्षण पूरा किया।,neutral,cricket,domain_context
2427,पारी टूर्नामेंट के अहम चरण में आयोजित होगा और बल्लेबाज इसमें हिस्सा लेगा।,neutral,cricket,factual
2428,महत्वपूर्ण मौके पर गोलकीपर का सेमीफाइनल में बेअसर खेल टीम पर भारी पड़ा।,negative,hockey,contextual
2429,महत्वपूर्ण मौके पर गोलकीपर मैच से पहले प्रशिक्षण कर रहा है।,neutral,hockey,factual
2430,दबाव वाले मुकाबले में डिफेंडर ने फाइनल में यादगार खेल दिखाकर दबदबा कायम रखा।,positive,hockey,contextual
2431,निर्णायक मैच में विकेटकीपर ने मुकाबला से पहले प्रशिक्षण पूरा किया।,neutral,cricket,domain_context
2432,प्रशंसकों के सामने रेडर ने मैच में लाजवाब खेल दिखाकर लगातार अच्छा प्रदर्शन किया।,positive,kabaddi,contextual
2433,गोलकीपर ने सेमीफाइनल में फीका प्रदर्शन किया और बढ़त गंवा दी।,negative,football,paraphrase
2434,टूर्नामेंट के अहम चरण में धाविका ने फाइनल में कमाल का खेल दिखाकर महत्वपूर्ण योगदान दिया।,positive,athletics,contextual
2435,महत्वपूर्ण मौके पर कप्तान का लीग मैच में लचर खेल टीम पर भारी पड़ा।,negative,kabaddi,contextual
2436,लगातार तीसरे मैच में धाविका ने प्रतियोगिता में उत्कृष्ट खेल दिखाकर दबदबा कायम रखा।,positive,athletics,contextual
2437,जोड़ी ने फाइनल के लिए तैयारी शुरू कर दी।,neutral,badminton,factual
2438,आज डिफेंडर ने मुकाबला में उत्कृष्ट खेल दिखाकर मुश्किल स्थिति से बाहर निकली।,positive,kabaddi,contextual
2439,सेट लंबे ब्रेक के बाद आयोजित होगा और जोड़ी इसमें हिस्सा लेगा।,neutral,badminton,factual
2440,भारतीय शटलर फाइनल के लिए प्रशिक्षण जारी रखे हुए है।,neutral,badminton,neutral
2441,खिलाड़ी मुकाबला के लिए मैच के लिए रवाना हुई।,neutral,tennis,neutral
2442,कप्तान ने ओवर में फीका प्रदर्शन किया और दबाव में बिखर गई।,negative,cricket,paraphrase
2443,एथलीट दौड़ के लिए अगले मुकाबले की तैयारी कर रही है।,neutral,athletics,neutral
2444,लंबे ब्रेक के बाद भारतीय खिलाड़ी ने मैच में कई आसान मौके गंवाए।,negative,tennis,domain_context
2445,खिलाड़ी ने फाइनल में असंगत प्रदर्शन किया और बढ़त गंवा दी।,negative,badminton,paraphrase
2446,घरेलू मैदान पर एथलीट ने दौड़ में शानदार खेल दिखाकर शानदार वापसी की।,positive,athletics,contextual
2447,हॉकी टीम ने फाइनल में निराश करने वाला प्रदर्शन किया और अपनी लय खो दी।,negative,hockey,paraphrase
2448,घरेलू मैदान पर गोलकीपर ने मुकाबला में बेहतरीन खेल दिखाकर महत्वपूर्ण योगदान दिया।,positive,hockey,contextual
2449,टूर्नामेंट के अहम चरण में खिलाड़ी का मुकाबला में असंगत खेल टीम पर भारी पड़ा।,negative,tennis,contextual
2450,गेंदबाज सीरीज के लिए रणनीति पर चर्चा कर रही है।,neutral,cricket,neutral
2451,महत्वपूर्ण मौके पर भारत का ओवर में लचर खेल टीम पर भारी पड़ा।,negative,cricket,contextual
2452,टूर्नामेंट के अहम चरण में धाविका का प्रतियोगिता में खराब खेल टीम पर भारी पड़ा।,negative,athletics,contextual
2453,दबाव वाले मुकाबले में युवा शटलर का मुकाबला में खराब खेल टीम पर भारी पड़ा।,negative,badminton,contextual
2454,भारतीय खिलाड़ी ने फाइनल में शानदार प्रदर्शन करते हुए लगातार अच्छा प्रदर्शन किया।,positive,tennis,paraphrase
2455,निर्णायक मैच में भारतीय धावक ने इवेंट में जबरदस्त खेल दिखाकर लगातार अच्छा प्रदर्शन किया।,positive,athletics,contextual
2456,खिलाड़ी ने मैच में बेअसर प्रदर्शन किया और अपनी लय खो दी।,negative,badminton,paraphrase
2457,डिफेंडर ने फाइनल में असंगत प्रदर्शन किया और महत्वपूर्ण मौका गंवाया।,negative,kabaddi,paraphrase
2458,कप्तान सीरीज के लिए अगले मुकाबले की तैयारी कर रही है।,neutral,cricket,neutral
2459,दौड़ घरेलू मैदान पर आयोजित होगा और धाविका इसमें हिस्सा लेगा।,neutral,athletics,factual
2460,खिलाड़ी ने सेट में कमजोर प्रदर्शन किया और अपनी लय खो दी।,negative,badminton,paraphrase
2461,इस मुकाबले में युवा खिलाड़ी ने फाइनल में कमाल का खेल दिखाकर मुश्किल स्थिति से बाहर निकली।,positive,tennis,contextual
2462,आज कप्तान ने मैच में यादगार खेल दिखाकर मुकाबला अपने नाम कर लिया।,positive,football,contextual
2463,महत्वपूर्ण मौके पर खिलाड़ी ने गेम में बेहतरीन खेल दिखाकर शानदार वापसी की।,positive,badminton,contextual
2464,लगातार तीसरे मैच में क्लब का मैच में निराश करने वाला खेल टीम पर भारी पड़ा।,negative,football,contextual
2465,लगातार तीसरे मैच में युवा खिलाड़ी मुकाबला से पहले प्रशिक्षण कर रहा है।,neutral,tennis,factual
2466,खिलाड़ी की चूक से मुकाबला में टीम की स्थिति बिगड़ गई।,negative,badminton,domain_context
2467,निर्णायक मैच में भारतीय टीम ने फाइनल में यादगार खेल दिखाकर लगातार अच्छा प्रदर्शन किया।,positive,hockey,contextual
2468,एथलीट ने फाइनल में निराशाजनक प्रदर्शन किया और अपनी लय खो दी।,negative,athletics,paraphrase
2469,प्रशंसकों के सामने खिलाड़ियों ने निर्णायक मौके पर गलतियां कीं।,negative,multi-sport,domain_context
2470,डिफेंडर की लीग मैच में बेअसर रणनीति काम नहीं आई।,negative,football,contextual
2471,टूर्नामेंट के अहम चरण में भारतीय शटलर का फाइनल में फीका खेल टीम पर भारी पड़ा।,negative,badminton,contextual
2472,लगातार तीसरे मैच में गोलकीपर ने सेमीफाइनल में बेहतरीन खेल दिखाकर मुश्किल स्थिति से बाहर निकली।,positive,hockey,contextual
2473,खिलाड़ी ने गेम में बेहतरीन प्रदर्शन करते हुए मुकाबला अपने नाम कर लिया।,positive,badminton,paraphrase
2474,भारतीय धावक की चूक से इवेंट में टीम की स्थिति बिगड़ गई।,negative,athletics,domain_context
2475,घरेलू मैदान पर भारतीय खिलाड़ी ने मुकाबला में जबरदस्त खेल दिखाकर महत्वपूर्ण योगदान दिया।,positive,tennis,contextual
2476,महत्वपूर्ण मौके पर डिफेंडर ने मैच में लाजवाब खेल दिखाकर दबदबा कायम रखा।,positive,football,contextual
2477,आज खिलाड़ी ने मुकाबला में लाजवाब खेल दिखाकर मुकाबला अपने नाम कर लिया।,positive,kabaddi,contextual
2478,मुकाबला महत्वपूर्ण मौके पर आयोजित होगा और युवा शटलर इसमें हिस्सा लेगा।,neutral,badminton,factual
2479,युवा शटलर ने गेम में कमजोर प्रदर्शन किया और लगातार गलतियां कीं।,negative,badminton,paraphrase
2480,दौड़ टूर्नामेंट के अहम चरण में आयोजित होगा और एथलीट इसमें हिस्सा लेगा।,neutral,athletics,factual
2481,मुकाबला आज आयोजित होगा और हॉकी टीम इसमें हिस्सा लेगा।,neutral,hockey,factual
2482,खिलाड़ी ने मुकाबला में निराश करने वाला प्रदर्शन किया और लगातार गलतियां कीं।,negative,badminton,paraphrase
2483,निर्णायक मैच में क्लब का सेमीफाइनल में लचर खेल टीम पर भारी पड़ा।,negative,football,contextual
2484,इस मुकाबले में डिफेंडर का मुकाबला में खराब खेल टीम पर भारी पड़ा।,negative,football,contextual
2485,भारतीय टीम ने मैच में बेअसर प्रदर्शन किया और अपनी लय खो दी।,negative,hockey,paraphrase
2486,लंबे ब्रेक के बाद गोलकीपर ने फाइनल में लाजवाब खेल दिखाकर दबदबा कायम रखा।,positive,hockey,contextual
2487,युवा शटलर ने मैच में जबरदस्त खेल दिखाया और टीम को जीत दिलाई।,positive,badminton,domain_context
2488,युवा शटलर ने सेट में निराशाजनक प्रदर्शन किया और मुकाबला गंवा दिया।,negative,badminton,paraphrase
2489,मुकाबला आज आयोजित होगा और चैंपियन इसमें हिस्सा लेगा।,neutral,badminton,factual
2490,घरेलू मैदान पर कप्तान ने फाइनल में कमाल का खेल दिखाकर मुकाबला अपने नाम कर लिया।,positive,football,contextual
2491,दबाव वाले मुकाबले में खिलाड़ी ने रेस में जबरदस्त खेल दिखाकर लगातार अच्छा प्रदर्शन किया।,positive,athletics,contextual
2492,लंबे ब्रेक के बाद भारतीय टीम का पारी में बेअसर खेल टीम पर भारी पड़ा।,negative,cricket,contextual
2493,आज युवा खिलाड़ी ने सेट में लाजवाब खेल दिखाकर शानदार वापसी की।,positive,tennis,contextual
2494,टूर्नामेंट के अहम चरण में डिफेंडर ने लीग मैच में शानदार खेल दिखाकर मुकाबला अपने नाम कर लिया।,positive,kabaddi,contextual
2495,युवा खिलाड़ी ने मुकाबला में निराशाजनक प्रदर्शन किया और मुकाबला गंवा दिया।,negative,tennis,paraphrase
2496,निर्णायक मैच में भारतीय खिलाड़ी का सेट में फीका खेल टीम पर भारी पड़ा।,negative,tennis,contextual
2497,इस मुकाबले में डिफेंडर का सेमीफाइनल में कमजोर खेल टीम पर भारी पड़ा।,negative,football,contextual
2498,टेनिस स्टार ने सेट में कमजोर प्रदर्शन किया और महत्वपूर्ण मौका गंवाया।,negative,tennis,paraphrase
2499,घरेलू मैदान पर खिलाड़ी ने सेट में कमाल का खेल दिखाकर मुकाबला अपने नाम कर लिया।,positive,tennis,contextual
2500,निर्णायक मैच में गोलकीपर ने सेमीफाइनल में धमाकेदार खेल दिखाकर मुश्किल स्थिति से बाहर निकली।,positive,football,contextual
2501,रेस आज आयोजित होगा और भारतीय धावक इसमें हिस्सा लेगा।,neutral,athletics,factual
2502,घरेलू मैदान पर हॉकी टीम ने सेमीफाइनल में धमाकेदार खेल दिखाकर मुश्किल स्थिति से बाहर निकली।,positive,hockey,contextual
2503,इवेंट दबाव वाले मुकाबले में आयोजित होगा और भारतीय धावक इसमें हिस्सा लेगा।,neutral,athletics,factual
2504,प्रशंसकों के सामने भारतीय टीम का सेमीफाइनल में कमजोर खेल टीम पर भारी पड़ा।,negative,football,contextual
2505,जोड़ी ने सेट के लिए तैयारी शुरू कर दी।,neutral,badminton,factual
2506,दबाव वाले मुकाबले में युवा शटलर ने मुकाबला में लाजवाब खेल दिखाकर जीत दर्ज की।,positive,badminton,contextual
2507,भारतीय टीम सेमीफाइनल के लिए टूर्नामेंट में हिस्सा ले रही है।,neutral,football,neutral
2508,कप्तान ने मैच में बेअसर प्रदर्शन किया और लगातार गलतियां कीं।,negative,cricket,paraphrase
2509,खिलाड़ी ने गेम में निराश करने वाला प्रदर्शन किया और मुकाबला गंवा दिया।,negative,badminton,paraphrase
2510,घरेलू मैदान पर कप्तान ने मैच में यादगार खेल दिखाकर मुश्किल स्थिति से बाहर निकली।,positive,tennis,contextual
2511,खिलाड़ी के मैच में कमाल का प्रदर्शन से टीम को फायदा हुआ।,positive,tennis,contextual
2512,इस मुकाबले में भारतीय शटलर ने मैच में शानदार खेल दिखाकर मुश्किल स्थिति से बाहर निकली।,positive,badminton,contextual
2513,युवा शटलर ने मैच में जबरदस्त प्रदर्शन करते हुए महत्वपूर्ण योगदान दिया।,positive,badminton,paraphrase
2514,घरेलू मैदान पर धाविका का फाइनल में फीका खेल टीम पर भारी पड़ा।,negative,athletics,contextual
2515,लगातार तीसरे मैच में विकेटकीपर का सीरीज में निराश करने वाला खेल टीम पर भारी पड़ा।,negative,cricket,contextual
2516,प्रशंसकों के सामने कप्तान ने फाइनल में कमाल का खेल दिखाकर जीत दर्ज की।,positive,football,contextual
2517,दबाव वाले मुकाबले में कप्तान ने सीरीज में लाजवाब खेल दिखाकर महत्वपूर्ण योगदान दिया।,positive,cricket,contextual
2518,जोड़ी ने सेट में शानदार प्रदर्शन करते हुए शानदार वापसी की।,positive,badminton,paraphrase
2519,टूर्नामेंट के अहम चरण में खिलाड़ी ने प्रतियोगिता में कमाल का खेल दिखाकर जीत दर्ज की।,positive,athletics,contextual
2520,डिफेंडर सेमीफाइनल के लिए मैच के लिए रवाना हुई।,neutral,football,neutral
2521,लगातार तीसरे मैच में कप्तान का ओवर में कमजोर खेल टीम पर भारी पड़ा।,negative,cricket,contextual
2522,चैंपियन गेम के लिए अगले मुकाबले की तैयारी कर रही है।,neutral,badminton,neutral
2523,युवा शटलर ने मुकाबला के लिए तैयारी शुरू कर दी।,neutral,badminton,factual
2524,लंबे ब्रेक के बाद फॉरवर्ड मैच से पहले प्रशिक्षण कर रहा है।,neutral,football,factual
2525,गेंदबाज ओवर के लिए मैच के लिए रवाना हुई।,neutral,cricket,neutral
2526,इस मुकाबले में क्लब मैच से पहले प्रशिक्षण कर रहा है।,neutral,football,factual
2527,लगातार तीसरे मैच में फॉरवर्ड ने फाइनल में लाजवाब खेल दिखाकर मुश्किल स्थिति से बाहर निकली।,positive,hockey,contextual
2528,टूर्नामेंट के अहम चरण में कप्तान ने सेमीफाइनल में बेहतरीन खेल दिखाकर शानदार वापसी की।,positive,football,contextual
2529,महत्वपूर्ण मौके पर भारतीय धावक फाइनल से पहले प्रशिक्षण कर रहा है।,neutral,athletics,factual
2530,डिफेंडर ने सेमीफाइनल में लचर खेल दिखाया और टीम को नुकसान हुआ।,negative,football,domain_context
2531,बल्लेबाज ने ओवर में फीका प्रदर्शन किया और बढ़त गंवा दी।,negative,cricket,paraphrase
2532,टूर्नामेंट के अहम चरण में भारतीय टीम ने मुकाबला में यादगार खेल दिखाकर लगातार अच्छा प्रदर्शन किया।,positive,cricket,contextual
2533,कप्तान दबाव के कारण कठिन सेमीफाइनल में लय नहीं बना सका।,negative,football,domain_context
2534,गोलकीपर मुकाबला के लिए अभ्यास सत्र में शामिल हुई।,neutral,football,neutral
2535,दबाव वाले मुकाबले में एथलीट ने रेस में बेहतरीन खेल दिखाकर मुश्किल स्थिति से बाहर निकली।,positive,athletics,contextual
2536,इस मुकाबले में डिफेंडर ने सेमीफाइनल में बेहतरीन खेल दिखाकर मुश्किल स्थिति से बाहर निकली।,positive,hockey,contextual
2537,कप्तान ने मुकाबला में असंगत प्रदर्शन किया और उम्मीदों पर खरी नहीं उतरी।,negative,cricket,paraphrase
2538,प्रशंसकों के सामने रेडर ने लीग मैच में कमाल का खेल दिखाकर महत्वपूर्ण योगदान दिया।,positive,kabaddi,contextual
2539,निर्णायक मैच में गेंदबाज ने मुकाबला में बेहतरीन खेल दिखाकर मुकाबला अपने नाम कर लिया।,positive,cricket,contextual
2540,इस मुकाबले में जोड़ी ने फाइनल से पहले प्रशिक्षण पूरा किया।,neutral,badminton,domain_context
2541,दबाव वाले मुकाबले में भारतीय खिलाड़ी का क्वार्टरफाइनल में कमजोर खेल टीम पर भारी पड़ा।,negative,tennis,contextual
2542,"Aaj, Player ne brilliant performance diya.",positive,multi-sport,code_mixed
2543,घरेलू मैदान पर क्लब ने सेमीफाइनल में लाजवाब खेल दिखाकर मुकाबला अपने नाम कर लिया।,positive,football,contextual
2544,इस मुकाबले में एथलीट दौड़ से पहले प्रशिक्षण कर रहा है।,neutral,athletics,factual
2545,इस मुकाबले में युवा एथलीट का इवेंट में कमजोर खेल टीम पर भारी पड़ा।,negative,athletics,contextual
2546,टूर्नामेंट के अहम चरण में टेनिस स्टार का फाइनल में खराब खेल टीम पर भारी पड़ा।,negative,tennis,contextual
2547,इस मुकाबले में गोलकीपर ने लीग मैच में कमाल का खेल दिखाकर दबदबा कायम रखा।,positive,hockey,contextual
2548,"Pressure ke beech, India ne aaj zabardast comeback kiya.",positive,multi-sport,code_mixed
2549,इस मुकाबले में फॉरवर्ड फाइनल से पहले प्रशिक्षण कर रहा है।,neutral,football,factual
2550,महत्वपूर्ण मौके पर भारतीय टीम ने पारी में कमाल का खेल दिखाकर मुकाबला अपने नाम कर लिया।,positive,cricket,contextual
2551,भारतीय टीम ने लीग मैच में शानदार प्रदर्शन करते हुए महत्वपूर्ण योगदान दिया।,positive,kabaddi,paraphrase
2552,टूर्नामेंट के अहम चरण में भारतीय टीम ने लीग मैच में धमाकेदार खेल दिखाकर जीत दर्ज की।,positive,kabaddi,contextual
2553,इस मुकाबले में कप्तान का मुकाबला में बेअसर खेल टीम पर भारी पड़ा।,negative,tennis,contextual
2554,महत्वपूर्ण मौके पर युवा एथलीट ने रेस में कई आसान मौके गंवाए।,negative,athletics,domain_context
2555,इवेंट आज आयोजित होगा और भारतीय धावक इसमें हिस्सा लेगा।,neutral,athletics,factual
2556,खिलाड़ी ने मैच में निराशाजनक खेल दिखाया और टीम को नुकसान हुआ।,negative,badminton,domain_context
2557,टूर्नामेंट के अहम चरण में बल्लेबाज ने ओवर में जबरदस्त खेल दिखाकर महत्वपूर्ण योगदान दिया।,positive,cricket,contextual
2558,भारतीय खिलाड़ी ने मुकाबला में असंगत प्रदर्शन किया और महत्वपूर्ण मौका गंवाया।,negative,tennis,paraphrase
2559,घरेलू मैदान पर डिफेंडर ने फाइनल में धमाकेदार खेल दिखाकर महत्वपूर्ण योगदान दिया।,positive,football,contextual
2560,दबाव वाले मुकाबले में बल्लेबाज ने मैच से पहले प्रशिक्षण पूरा किया।,neutral,cricket,domain_context
2561,महत्वपूर्ण मौके पर युवा शटलर ने मुकाबला में जबरदस्त खेल दिखाकर मुश्किल स्थिति से बाहर निकली।,positive,badminton,contextual
2562,महत्वपूर्ण मौके पर विकेटकीपर ने मैच में धमाकेदार खेल दिखाकर महत्वपूर्ण योगदान दिया।,positive,cricket,contextual
2563,युवा शटलर ने मैच में निराशाजनक प्रदर्शन किया और अपनी लय खो दी।,negative,badminton,paraphrase
2564,महत्वपूर्ण मौके पर भारतीय टीम का लीग मैच में निराश करने वाला खेल टीम पर भारी पड़ा।,negative,football,contextual
2565,रेडर मुकाबला के लिए प्रशिक्षण जारी रखे हुए है।,neutral,kabaddi,neutral
2566,इस मुकाबले में खिलाड़ी फाइनल से पहले प्रशिक्षण कर रहा है।,neutral,tennis,factual
2567,भारत ने सीरीज में निराशाजनक प्रदर्शन किया और महत्वपूर्ण मौका गंवाया।,negative,cricket,paraphrase
2568,भारतीय टीम दबाव के कारण कठिन मैच में लय नहीं बना सका।,negative,cricket,domain_context
2569,प्रशंसकों के सामने युवा खिलाड़ी का मैच में खराब खेल टीम पर भारी पड़ा।,negative,tennis,contextual
2570,एथलीट की दौड़ में फीका रणनीति काम नहीं आई।,negative,athletics,contextual
2571,इस मुकाबले में भारतीय शटलर ने सेट में धमाकेदार खेल दिखाकर जीत दर्ज की।,positive,badminton,contextual
2572,दबाव वाले मुकाबले में भारतीय खिलाड़ी का क्वार्टरफाइनल में असंगत खेल टीम पर भारी पड़ा।,negative,tennis,contextual
2573,मुकाबला निर्णायक मैच में आयोजित होगा और युवा शटलर इसमें हिस्सा लेगा।,neutral,badminton,factual
2574,कप्तान ने क्वार्टरफाइनल के लिए तैयारी शुरू कर दी।,neutral,tennis,factual
2575,खिलाड़ी ने मुकाबला के दौरान लगातार बेहतर निर्णय लिए।,positive,tennis,domain_context
2576,युवा एथलीट इवेंट के लिए प्रशिक्षण जारी रखे हुए है।,neutral,athletics,neutral
2577,युवा एथलीट इवेंट के लिए अगले दौर के लिए पहुंची।,neutral,athletics,neutral
2578,फाइनल आज आयोजित होगा और डिफेंडर इसमें हिस्सा लेगा।,neutral,football,factual
2579,गोलकीपर ने फाइनल में खराब प्रदर्शन किया और अपनी लय खो दी।,negative,football,paraphrase
2580,दबाव वाले मुकाबले में जोड़ी ने मुकाबला में धमाकेदार खेल दिखाकर जीत दर्ज की।,positive,badminton,contextual
2581,"Is tournament mein, Players pressure mein bikhar gaye.",negative,multi-sport,code_mixed
2582,भारत की रन चेज में निराशाजनक रणनीति काम नहीं आई।,negative,cricket,contextual
2583,मैच लंबे ब्रेक के बाद आयोजित होगा और भारतीय टीम इसमें हिस्सा लेगा।,neutral,cricket,factual
2584,आज धाविका फाइनल से पहले प्रशिक्षण कर रहा है।,neutral,athletics,factual
2585,आज कप्तान का मुकाबला में कमजोर खेल टीम पर भारी पड़ा।,negative,cricket,contextual
2586,लंबे ब्रेक के बाद भारतीय खिलाड़ी का क्वार्टरफाइनल में निराश करने वाला खेल टीम पर भारी पड़ा।,negative,tennis,contextual
2587,मुकाबला लंबे ब्रेक के बाद आयोजित होगा और युवा खिलाड़ी इसमें हिस्सा लेगा।,neutral,tennis,factual
2588,फाइनल इस मुकाबले में आयोजित होगा और रेडर इसमें हिस्सा लेगा।,neutral,kabaddi,factual
2589,फॉरवर्ड मुकाबला के लिए अगले मुकाबले की तैयारी कर रही है।,neutral,football,neutral
2590,भारतीय शटलर सेट के लिए मैच के लिए रवाना हुई।,neutral,badminton,neutral
2591,क्वार्टरफाइनल टूर्नामेंट के अहम चरण में आयोजित होगा और खिलाड़ी इसमें हिस्सा लेगा।,neutral,tennis,factual
2592,भारतीय टीम ने सेमीफाइनल में कमजोर प्रदर्शन किया और बढ़त गंवा दी।,negative,hockey,paraphrase
2593,घरेलू मैदान पर जोड़ी का मैच में कमजोर खेल टीम पर भारी पड़ा।,negative,badminton,contextual
2594,खिलाड़ी लीग मैच के लिए मैच के लिए रवाना हुई।,neutral,kabaddi,neutral
2595,लंबे ब्रेक के बाद कप्तान मुकाबला से पहले प्रशिक्षण कर रहा है।,neutral,football,factual
2596,डिफेंडर ने मैच में बेअसर प्रदर्शन किया और अपनी लय खो दी।,negative,kabaddi,paraphrase
2597,खिलाड़ी ने रेस में निराश करने वाला प्रदर्शन किया और उम्मीदों पर खरी नहीं उतरी।,negative,athletics,paraphrase
2598,इस मुकाबले में क्लब ने लीग मैच में कई आसान मौके गंवाए।,negative,football,domain_context
2599,कल टीम ने मुश्किल हालात में शानदार जीत हासिल की।,positive,multi-sport,domain_context
2600,घरेलू मैदान पर भारतीय शटलर ने गेम में शानदार खेल दिखाकर मुकाबला अपने नाम कर लिया।,positive,badminton,contextual
2601,दबाव वाले मुकाबले में भारतीय टीम का मुकाबला में कमजोर खेल टीम पर भारी पड़ा।,negative,hockey,contextual
2602,प्रशंसकों के सामने डिफेंडर ने मैच से पहले प्रशिक्षण पूरा किया।,neutral,football,domain_context
2603,लगातार तीसरे मैच में फॉरवर्ड ने लीग मैच में उत्कृष्ट खेल दिखाकर दबदबा कायम रखा।,positive,hockey,contextual
2604,टूर्नामेंट के अहम चरण में भारतीय टीम फाइनल से पहले प्रशिक्षण कर रहा है।,neutral,hockey,factual
2605,महत्वपूर्ण मौके पर बल्लेबाज का पारी में असंगत खेल टीम पर भारी पड़ा।,negative,cricket,contextual
2606,टूर्नामेंट के अहम चरण में हॉकी टीम का मुकाबला में लचर खेल टीम पर भारी पड़ा।,negative,hockey,contextual
2607,घरेलू मैदान पर कप्तान ने सेट में धमाकेदार खेल दिखाकर मुश्किल स्थिति से बाहर निकली।,positive,tennis,contextual
2608,क्वार्टरफाइनल प्रशंसकों के सामने आयोजित होगा और टेनिस स्टार इसमें हिस्सा लेगा।,neutral,tennis,factual
2609,भारतीय धावक ने प्रतियोगिता में फीका प्रदर्शन किया और लगातार गलतियां कीं।,negative,athletics,paraphrase
2610,प्रशंसकों के सामने गेंदबाज ने ओवर में बेहतरीन खेल दिखाकर महत्वपूर्ण योगदान दिया।,positive,cricket,contextual
2611,लगातार तीसरे मैच में भारतीय खिलाड़ी का मुकाबला में निराशाजनक खेल टीम पर भारी पड़ा।,negative,tennis,contextual
2612,आज गोलकीपर का मुकाबला में फीका खेल टीम पर भारी पड़ा।,negative,football,contextual
2613,विकेटकीपर मैच के लिए अगले दौर के लिए पहुंची।,neutral,cricket,neutral
2614,भारतीय टीम ने फाइनल में निराशाजनक प्रदर्शन किया और लगातार गलतियां कीं।,negative,hockey,paraphrase
2615,टेनिस स्टार ने सेट के लिए तैयारी शुरू कर दी।,neutral,tennis,factual
2616,दबाव वाले मुकाबले में कप्तान का मैच में बेअसर खेल टीम पर भारी पड़ा।,negative,football,contextual
2617,लगातार तीसरे मैच में डिफेंडर लीग मैच से पहले प्रशिक्षण कर रहा है।,neutral,hockey,factual
2618,टूर्नामेंट के अहम चरण में खिलाड़ी मैच से पहले प्रशिक्षण कर रहा है।,neutral,badminton,factual
2619,कप्तान ने मुकाबला में लचर प्रदर्शन किया और महत्वपूर्ण मौका गंवाया।,negative,tennis,paraphrase
2620,गोलकीपर सेमीफाइनल के लिए अगले मुकाबले की तैयारी कर रही है।,neutral,hockey,neutral
2621,लंबे ब्रेक के बाद युवा खिलाड़ी ने फाइनल में कमाल का खेल दिखाकर महत्वपूर्ण योगदान दिया।,positive,tennis,contextual
2622,निर्णायक मैच में क्लब का फाइनल में लचर खेल टीम पर भारी पड़ा।,negative,football,contextual
2623,कप्तान ने मैच में शानदार प्रदर्शन करते हुए मुकाबला अपने नाम कर लिया।,positive,kabaddi,paraphrase
2624,दबाव वाले मुकाबले में गेंदबाज ने पारी में कमाल का खेल दिखाकर लगातार अच्छा प्रदर्शन किया।,positive,cricket,contextual
2625,दबाव वाले मुकाबले में डिफेंडर का लीग मैच में लचर खेल टीम पर भारी पड़ा।,negative,hockey,contextual
2626,टूर्नामेंट के अहम चरण में खिलाड़ी ने फाइनल में धमाकेदार खेल दिखाकर शानदार वापसी की।,positive,kabaddi,contextual
2627,आज खिलाड़ी का फाइनल में फीका खेल टीम पर भारी पड़ा।,negative,tennis,contextual
2628,घरेलू मैदान पर धाविका का इवेंट में बेअसर खेल टीम पर भारी पड़ा।,negative,athletics,contextual
2629,निर्णायक मैच में डिफेंडर ने फाइनल में जबरदस्त खेल दिखाकर जीत दर्ज की।,positive,football,contextual
2630,निर्णायक मैच में विकेटकीपर का मुकाबला में फीका खेल टीम पर भारी पड़ा।,negative,cricket,contextual
2631,प्रशंसकों के सामने खिलाड़ी ने रेस में उत्कृष्ट खेल दिखाकर मुकाबला अपने नाम कर लिया।,positive,athletics,contextual
2632,लगातार तीसरे मैच में गोलकीपर ने सेमीफाइनल में लाजवाब खेल दिखाकर लगातार अच्छा प्रदर्शन किया।,positive,hockey,contextual
2633,टूर्नामेंट के अहम चरण में कप्तान का प्लेऑफ में बेअसर खेल टीम पर भारी पड़ा।,negative,kabaddi,contextual
2634,रन चेज प्रशंसकों के सामने आयोजित होगा और कप्तान इसमें हिस्सा लेगा।,neutral,cricket,factual
2635,निर्णायक मैच में भारतीय टीम ने फाइनल में कमाल का खेल दिखाकर जीत दर्ज की।,positive,kabaddi,contextual
2636,गोलकीपर ने मुकाबला में लचर प्रदर्शन किया और मुकाबला गंवा दिया।,negative,football,paraphrase
2637,पारी घरेलू मैदान पर आयोजित होगा और कप्तान इसमें हिस्सा लेगा।,neutral,cricket,factual
2638,लंबे ब्रेक के बाद भारतीय धावक ने दौड़ में कई आसान मौके गंवाए।,negative,athletics,domain_context
2639,घरेलू मैदान पर युवा शटलर ने गेम में धमाकेदार खेल दिखाकर मुश्किल स्थिति से बाहर निकली।,positive,badminton,contextual
2640,मैच से पहले दोनों टीमों ने मैच से पहले प्रशिक्षण किया।,neutral,multi-sport,domain_context
2641,लगातार तीसरे मैच में युवा शटलर का सेट में निराश करने वाला खेल टीम पर भारी पड़ा।,negative,badminton,contextual
2642,खिलाड़ी ने दौड़ में असंगत प्रदर्शन किया और बढ़त गंवा दी।,negative,athletics,paraphrase
2643,चैंपियन ने सेट में फीका प्रदर्शन किया और अपनी लय खो दी।,negative,badminton,paraphrase
2644,टूर्नामेंट के अहम चरण में एथलीट ने प्रतियोगिता में बेहतरीन खेल दिखाकर महत्वपूर्ण योगदान दिया।,positive,athletics,contextual
2645,भारतीय खिलाड़ी सेट के लिए अभ्यास सत्र में शामिल हुई।,neutral,tennis,neutral
2646,लगातार तीसरे मैच में बल्लेबाज ने सीरीज में जबरदस्त खेल दिखाकर दबदबा कायम रखा।,positive,cricket,contextual
2647,घरेलू मैदान पर भारतीय शटलर ने मैच में लाजवाब खेल दिखाकर दबदबा कायम रखा।,positive,badminton,contextual
2648,क्लब ने मुकाबला में कमजोर प्रदर्शन किया और मुकाबला गंवा दिया।,negative,football,paraphrase
2649,"Pressure ke beech, Players ne morning practice session attend kiya.",neutral,multi-sport,code_mixed
2650,इस मुकाबले में कप्तान ने फाइनल में यादगार खेल दिखाकर मुश्किल स्थिति से बाहर निकली।,positive,kabaddi,contextual
2651,आज रेडर ने फाइनल में उत्कृष्ट खेल दिखाकर मुश्किल स्थिति से बाहर निकली।,positive,kabaddi,contextual
2652,कप्तान ने फाइनल में निराशाजनक प्रदर्शन किया और अपनी लय खो दी।,negative,football,paraphrase
2653,रेडर को फाइनल के लिए टीम में शामिल किया गया है।,neutral,kabaddi,domain_context
2654,महत्वपूर्ण मौके पर भारतीय टीम का मैच में खराब खेल टीम पर भारी पड़ा।,negative,hockey,contextual
2655,इस मुकाबले में धाविका ने प्रतियोगिता में बेहतरीन तालमेल के साथ जीत हासिल की।,positive,athletics,domain_context
2656,आज विकेटकीपर ने ओवर में उत्कृष्ट खेल दिखाकर शानदार वापसी की।,positive,cricket,contextual
2657,भारत ने ओवर में यादगार प्रदर्शन करते हुए लगातार अच्छा प्रदर्शन किया।,positive,cricket,paraphrase
2658,लंबे ब्रेक के बाद कप्तान ने फाइनल से पहले प्रशिक्षण पूरा किया।,neutral,tennis,domain_context
2659,भारतीय टीम ने लीग मैच में बेअसर प्रदर्शन किया और दबाव में बिखर गई।,negative,hockey,paraphrase
2660,निर्णायक मैच में एथलीट इवेंट से पहले प्रशिक्षण कर रहा है।,neutral,athletics,factual
2661,आज चैंपियन फाइनल से पहले प्रशिक्षण कर रहा है।,neutral,badminton,factual
2662,घरेलू मैदान पर डिफेंडर ने मुकाबला में शानदार खेल दिखाकर जीत दर्ज की।,positive,hockey,contextual
2663,लगातार तीसरे मैच में भारतीय टीम ने मैच में लाजवाब खेल दिखाकर दबदबा कायम रखा।,positive,hockey,contextual
2664,इस मुकाबले में रेडर लीग मैच से पहले प्रशिक्षण कर रहा है।,neutral,kabaddi,factual
2665,प्रशंसकों के सामने बल्लेबाज ने मैच से पहले प्रशिक्षण पूरा किया।,neutral,cricket,domain_context
2666,टूर्नामेंट के अहम चरण में भारतीय खिलाड़ी का सेट में लचर खेल टीम पर भारी पड़ा।,negative,tennis,contextual
2667,लीग मैच प्रशंसकों के सामने आयोजित होगा और गोलकीपर इसमें हिस्सा लेगा।,neutral,hockey,factual
2668,प्रशंसकों के सामने जोड़ी ने गेम में यादगार खेल दिखाकर मुश्किल स्थिति से बाहर निकली।,positive,badminton,contextual
2669,क्वार्टरफाइनल घरेलू मैदान पर आयोजित होगा और टेनिस स्टार इसमें हिस्सा लेगा।,neutral,tennis,factual
2670,टूर्नामेंट के अहम चरण में जोड़ी ने फाइनल में उत्कृष्ट खेल दिखाकर महत्वपूर्ण योगदान दिया।,positive,badminton,contextual
2671,टूर्नामेंट के अहम चरण में भारतीय शटलर गेम से पहले प्रशिक्षण कर रहा है।,neutral,badminton,factual
2672,लंबे ब्रेक के बाद युवा शटलर मैच से पहले प्रशिक्षण कर रहा है।,neutral,badminton,factual
2673,महत्वपूर्ण मौके पर भारतीय खिलाड़ी ने मैच में लाजवाब खेल दिखाकर महत्वपूर्ण योगदान दिया।,positive,tennis,contextual
2674,लगातार तीसरे मैच में कप्तान ने मैच में यादगार खेल दिखाकर लगातार अच्छा प्रदर्शन किया।,positive,football,contextual
2675,महत्वपूर्ण मौके पर धाविका का दौड़ में असंगत खेल टीम पर भारी पड़ा।,negative,athletics,contextual
2676,खिलाड़ी ने फाइनल में शानदार प्रदर्शन करते हुए जीत दर्ज की।,positive,athletics,paraphrase
2677,भारतीय धावक ने फाइनल में निराशाजनक प्रदर्शन किया और अपनी लय खो दी।,negative,athletics,paraphrase
2678,लगातार तीसरे मैच में खिलाड़ी का सेट में कमजोर खेल टीम पर भारी पड़ा।,negative,badminton,contextual
2679,भारत ने ओवर में फीका प्रदर्शन किया और मुकाबला गंवा दिया।,negative,cricket,paraphrase
2680,लगातार तीसरे मैच में फॉरवर्ड ने लीग मैच में धमाकेदार खेल दिखाकर मुश्किल स्थिति से बाहर निकली।,positive,hockey,contextual
2681,दबाव वाले मुकाबले में भारत ने मैच में बेहतरीन तालमेल के साथ जीत हासिल की।,positive,cricket,domain_context
2682,निर्णायक मैच में गोलकीपर ने सेमीफाइनल में धमाकेदार खेल दिखाकर महत्वपूर्ण योगदान दिया।,positive,football,contextual
2683,गेंदबाज सीरीज के लिए टूर्नामेंट में हिस्सा ले रही है।,neutral,cricket,neutral
2684,दबाव वाले मुकाबले में खिलाड़ी ने इवेंट में लाजवाब खेल दिखाकर जीत दर्ज की।,positive,athletics,contextual
2685,निर्णायक मैच में भारतीय टीम का फाइनल में निराशाजनक खेल टीम पर भारी पड़ा।,negative,hockey,contextual
2686,फॉरवर्ड ने सेमीफाइनल में असंगत खेल दिखाया और टीम को नुकसान हुआ।,negative,hockey,domain_context
2687,इस मुकाबले में टेनिस स्टार ने मुकाबला में बेहतरीन तालमेल के साथ जीत हासिल की।,positive,tennis,domain_context
2688,निर्णायक मैच में विकेटकीपर ने मुकाबला में उत्कृष्ट खेल दिखाकर शानदार वापसी की।,positive,cricket,contextual
2689,भारतीय खिलाड़ी की सेट में कमजोर रणनीति काम नहीं आई।,negative,tennis,contextual
2690,आज भारतीय टीम का ओवर में लचर खेल टीम पर भारी पड़ा।,negative,cricket,contextual
2691,आज कप्तान का मैच में कमजोर खेल टीम पर भारी पड़ा।,negative,tennis,contextual
2692,निर्णायक मैच में गेंदबाज ने पारी में कमाल का खेल दिखाकर शानदार वापसी की।,positive,cricket,contextual
2693,लंबे ब्रेक के बाद गेंदबाज रन चेज से पहले प्रशिक्षण कर रहा है।,neutral,cricket,factual
2694,घरेलू मैदान पर फॉरवर्ड ने मैच में कमाल का खेल दिखाकर मुकाबला अपने नाम कर लिया।,positive,hockey,contextual
2695,लंबे ब्रेक के बाद बल्लेबाज का पारी में खराब खेल टीम पर भारी पड़ा।,negative,cricket,contextual
2696,इस मुकाबले में खिलाड़ी ने मैच में कमाल का खेल दिखाकर लगातार अच्छा प्रदर्शन किया।,positive,kabaddi,contextual
2697,दबाव वाले मुकाबले में कप्तान का लीग मैच में बेअसर खेल टीम पर भारी पड़ा।,negative,kabaddi,contextual
2698,प्रशंसकों के सामने भारत ने रन चेज में शानदार खेल दिखाकर मुकाबला अपने नाम कर लिया।,positive,cricket,contextual
2699,महत्वपूर्ण मौके पर जोड़ी ने मुकाबला में कमाल का खेल दिखाकर मुकाबला अपने नाम कर लिया।,positive,badminton,contextual
2700,मैच महत्वपूर्ण मौके पर आयोजित होगा और भारतीय शटलर इसमें हिस्सा लेगा।,neutral,badminton,factual
2701,लंबे ब्रेक के बाद डिफेंडर ने सेमीफाइनल में धमाकेदार खेल दिखाकर शानदार वापसी की।,positive,football,contextual
2702,इस मुकाबले में विकेटकीपर ने सीरीज में यादगार खेल दिखाकर लगातार अच्छा प्रदर्शन किया।,positive,cricket,contextual
2703,भारतीय शटलर ने मुकाबला में उत्कृष्ट प्रदर्शन करते हुए शानदार वापसी की।,positive,badminton,paraphrase
2704,लंबे ब्रेक के बाद युवा शटलर ने सेट में शानदार खेल दिखाकर दबदबा कायम रखा।,positive,badminton,contextual
2705,इस मुकाबले में कप्तान मैच से पहले प्रशिक्षण कर रहा है।,neutral,football,factual
2706,प्रशंसकों के सामने भारत ने मैच में धमाकेदार खेल दिखाकर मुश्किल स्थिति से बाहर निकली।,positive,cricket,contextual
2707,युवा शटलर ने मुकाबला में लाजवाब प्रदर्शन करते हुए महत्वपूर्ण योगदान दिया।,positive,badminton,paraphrase
2708,लंबे ब्रेक के बाद क्लब फाइनल से पहले प्रशिक्षण कर रहा है।,neutral,football,factual
2709,इस मुकाबले में धाविका ने फाइनल में जबरदस्त खेल दिखाकर मुश्किल स्थिति से बाहर निकली।,positive,athletics,contextual
2710,निर्णायक मैच में गोलकीपर ने सेमीफाइनल में उत्कृष्ट खेल दिखाकर मुश्किल स्थिति से बाहर निकली।,positive,hockey,contextual
2711,लंबे ब्रेक के बाद खिलाड़ी का लीग मैच में असंगत खेल टीम पर भारी पड़ा।,negative,kabaddi,contextual
2712,लगातार तीसरे मैच में क्लब का मैच में असंगत खेल टीम पर भारी पड़ा।,negative,football,contextual
2713,लंबे ब्रेक के बाद चैंपियन ने सेट में यादगार खेल दिखाकर लगातार अच्छा प्रदर्शन किया।,positive,badminton,contextual
2714,गोलकीपर ने मैच में खराब खेल दिखाया और टीम को नुकसान हुआ।,negative,hockey,domain_context
2715,युवा शटलर ने सेट में खराब प्रदर्शन किया और महत्वपूर्ण मौका गंवाया।,negative,badminton,paraphrase
2716,घरेलू मैदान पर भारतीय खिलाड़ी फाइनल से पहले प्रशिक्षण कर रहा है।,neutral,tennis,factual
2717,दबाव वाले मुकाबले में फॉरवर्ड ने मैच में उत्कृष्ट खेल दिखाकर महत्वपूर्ण योगदान दिया।,positive,football,contextual
2718,महत्वपूर्ण मौके पर बल्लेबाज पारी से पहले प्रशिक्षण कर रहा है।,neutral,cricket,factual
2719,ओवर प्रशंसकों के सामने आयोजित होगा और बल्लेबाज इसमें हिस्सा लेगा।,neutral,cricket,factual
2720,निर्णायक मैच में डिफेंडर का मैच में फीका खेल टीम पर भारी पड़ा।,negative,hockey,contextual
2721,टूर्नामेंट के अहम चरण में एथलीट ने इवेंट में बेहतरीन खेल दिखाकर महत्वपूर्ण योगदान दिया।,positive,athletics,contextual
2722,फॉरवर्ड की फाइनल में लचर रणनीति काम नहीं आई।,negative,hockey,contextual
2723,धाविका इवेंट के लिए प्रशिक्षण जारी रखे हुए है।,neutral,athletics,neutral
2724,लगातार तीसरे मैच में एथलीट का इवेंट में बेअसर खेल टीम पर भारी पड़ा।,negative,athletics,contextual
2725,इस मुकाबले में गेंदबाज ने मैच में धमाकेदार खेल दिखाकर महत्वपूर्ण योगदान दिया।,positive,cricket,contextual
2726,टूर्नामेंट में कप्तान ने मैच से पहले रणनीति पर बात की।,neutral,multi-sport,domain_context
2727,दबाव वाले मुकाबले में क्लब ने फाइनल में यादगार खेल दिखाकर शानदार वापसी की।,positive,football,contextual
2728,लंबे ब्रेक के बाद एथलीट ने दौड़ में धमाकेदार खेल दिखाकर लगातार अच्छा प्रदर्शन किया।,positive,athletics,contextual
2729,लगातार तीसरे मैच में गोलकीपर ने लीग मैच में कई आसान मौके गंवाए।,negative,hockey,domain_context
2730,भारतीय टीम पारी के लिए अगले मुकाबले की तैयारी कर रही है।,neutral,cricket,neutral
2731,लगातार तीसरे मैच में कप्तान का लीग मैच में निराशाजनक खेल टीम पर भारी पड़ा।,negative,football,contextual
2732,ओवर महत्वपूर्ण मौके पर आयोजित होगा और गेंदबाज इसमें हिस्सा लेगा।,neutral,cricket,factual
2733,महत्वपूर्ण मौके पर भारतीय खिलाड़ी ने फाइनल से पहले प्रशिक्षण पूरा किया।,neutral,tennis,domain_context
2734,लगातार तीसरे मैच में कप्तान का सीरीज में लचर खेल टीम पर भारी पड़ा।,negative,cricket,contextual
2735,आज रेडर ने लीग मैच में जबरदस्त खेल दिखाकर महत्वपूर्ण योगदान दिया।,positive,kabaddi,contextual
2736,लंबे ब्रेक के बाद जोड़ी मैच से पहले प्रशिक्षण कर रहा है।,neutral,badminton,factual
2737,इवेंट लंबे ब्रेक के बाद आयोजित होगा और धाविका इसमें हिस्सा लेगा।,neutral,athletics,factual
2738,कप्तान ने लीग मैच में कमाल का खेल दिखाया और टीम को जीत दिलाई।,positive,kabaddi,domain_context
2739,कप्तान ने मुकाबला में कमजोर प्रदर्शन किया और मुकाबला गंवा दिया।,negative,cricket,paraphrase
2740,भारतीय टीम ने फाइनल में लचर प्रदर्शन किया और अपनी लय खो दी।,negative,football,paraphrase
2741,क्लब ने सेमीफाइनल में फीका प्रदर्शन किया और अपनी लय खो दी।,negative,football,paraphrase
2742,टूर्नामेंट के अहम चरण में खिलाड़ी ने फाइनल में शानदार खेल दिखाकर महत्वपूर्ण योगदान दिया।,positive,kabaddi,contextual
2743,गेंदबाज की टीम पारी के लिए अपनी अंतिम सूची तैयार कर रही है।,neutral,cricket,domain_context
2744,इस मुकाबले में कप्तान लीग मैच से पहले प्रशिक्षण कर रहा है।,neutral,football,factual
2745,निर्णायक मैच में भारत ने ओवर में कमाल का खेल दिखाकर मुश्किल स्थिति से बाहर निकली।,positive,cricket,contextual
2746,टूर्नामेंट के अहम चरण में भारतीय धावक का रेस में निराश करने वाला खेल टीम पर भारी पड़ा।,negative,athletics,contextual
2747,कप्तान मुकाबला के लिए टूर्नामेंट में हिस्सा ले रही है।,neutral,cricket,neutral
2748,इस मुकाबले में खिलाड़ी का क्वार्टरफाइनल में निराश करने वाला खेल टीम पर भारी पड़ा।,negative,tennis,contextual
2749,निर्णायक मैच में भारतीय टीम ने मैच में यादगार खेल दिखाकर महत्वपूर्ण योगदान दिया।,positive,kabaddi,contextual
2750,खिलाड़ी ने मैच में असंगत प्रदर्शन किया और उम्मीदों पर खरी नहीं उतरी।,negative,badminton,paraphrase
2751,इस मुकाबले में भारतीय शटलर ने फाइनल में लाजवाब खेल दिखाकर लगातार अच्छा प्रदर्शन किया।,positive,badminton,contextual
2752,युवा शटलर सेट के लिए रणनीति पर चर्चा कर रही है।,neutral,badminton,neutral
2753,कप्तान ने मुकाबला में शानदार प्रदर्शन करते हुए शानदार वापसी की।,positive,football,paraphrase
2754,टूर्नामेंट के अहम चरण में गोलकीपर का मैच में निराशाजनक खेल टीम पर भारी पड़ा।,negative,hockey,contextual
2755,प्रशंसकों के सामने भारतीय टीम लीग मैच से पहले प्रशिक्षण कर रहा है।,neutral,hockey,factual
2756,आज गोलकीपर ने मुकाबला में कमाल का खेल दिखाकर शानदार वापसी की।,positive,hockey,contextual
2757,महत्वपूर्ण मौके पर डिफेंडर ने सेमीफाइनल में धमाकेदार खेल दिखाकर मुश्किल स्थिति से बाहर निकली।,positive,hockey,contextual
2758,आज कप्तान ने प्लेऑफ से पहले प्रशिक्षण पूरा किया।,neutral,kabaddi,domain_context
2759,इस मुकाबले में युवा शटलर ने मुकाबला में कई आसान मौके गंवाए।,negative,badminton,domain_context
2760,कप्तान ने लीग मैच में बेअसर प्रदर्शन किया और बढ़त गंवा दी।,negative,football,paraphrase
2761,कप्तान ने सेमीफाइनल में निराशाजनक प्रदर्शन किया और अपनी लय खो दी।,negative,football,paraphrase
2762,युवा शटलर मुकाबला के लिए रणनीति पर चर्चा कर रही है।,neutral,badminton,neutral
2763,गेंदबाज ने रन चेज में जबरदस्त खेल दिखाया और टीम को जीत दिलाई।,positive,cricket,domain_context
2764,दबाव वाले मुकाबले में फॉरवर्ड ने मैच में बेहतरीन खेल दिखाकर शानदार वापसी की।,positive,football,contextual
2765,खिलाड़ी ने फाइनल में फीका प्रदर्शन किया और महत्वपूर्ण मौका गंवाया।,negative,badminton,paraphrase
2766,महत्वपूर्ण मौके पर भारतीय खिलाड़ी का क्वार्टरफाइनल में बेअसर खेल टीम पर भारी पड़ा।,negative,tennis,contextual
2767,लंबे ब्रेक के बाद खिलाड़ी ने प्लेऑफ में यादगार खेल दिखाकर महत्वपूर्ण योगदान दिया।,positive,kabaddi,contextual
2768,दबाव वाले मुकाबले में कप्तान का मैच में निराश करने वाला खेल टीम पर भारी पड़ा।,negative,football,contextual
2769,गेम इस मुकाबले में आयोजित होगा और खिलाड़ी इसमें हिस्सा लेगा।,neutral,badminton,factual
2770,प्रशंसकों के सामने डिफेंडर ने फाइनल में शानदार खेल दिखाकर महत्वपूर्ण योगदान दिया।,positive,hockey,contextual
2771,लंबे ब्रेक के बाद युवा खिलाड़ी सेट से पहले प्रशिक्षण कर रहा है।,neutral,tennis,factual
2772,चैंपियन ने फाइनल में असंगत प्रदर्शन किया और मुकाबला गंवा दिया।,negative,badminton,paraphrase
2773,इस मुकाबले में धाविका ने प्रतियोगिता में धमाकेदार खेल दिखाकर शानदार वापसी की।,positive,athletics,contextual
2774,दबाव वाले मुकाबले में युवा खिलाड़ी ने क्वार्टरफाइनल में यादगार खेल दिखाकर जीत दर्ज की।,positive,tennis,contextual
2775,युवा शटलर की फाइनल में खराब रणनीति काम नहीं आई।,negative,badminton,contextual
2776,प्रशंसकों के सामने भारतीय खिलाड़ी ने क्वार्टरफाइनल में बेहतरीन तालमेल के साथ जीत हासिल की।,positive,tennis,domain_context
2777,कप्तान फाइनल के लिए रणनीति पर चर्चा कर रही है।,neutral,football,neutral
2778,निर्णायक मैच में गेंदबाज ने सीरीज में लाजवाब खेल दिखाकर मुकाबला अपने नाम कर लिया।,positive,cricket,contextual
2779,खिलाड़ी ने गेम में असंगत खेल दिखाया और टीम को नुकसान हुआ।,negative,badminton,domain_context
2780,दबाव वाले मुकाबले में कप्तान मुकाबला से पहले प्रशिक्षण कर रहा है।,neutral,tennis,factual
2781,प्रशंसकों के सामने कप्तान ने फाइनल से पहले प्रशिक्षण पूरा किया।,neutral,tennis,domain_context
2782,लगातार तीसरे मैच में गोलकीपर ने सेमीफाइनल में यादगार खेल दिखाकर मुकाबला अपने नाम कर लिया।,positive,hockey,contextual
2783,लगातार तीसरे मैच में भारतीय खिलाड़ी ने मैच में जबरदस्त खेल दिखाकर मुकाबला अपने नाम कर लिया।,positive,tennis,contextual
2784,कप्तान ने मुकाबला के लिए तैयारी शुरू कर दी।,neutral,football,factual
2785,डिफेंडर लीग मैच के लिए अगले दौर के लिए पहुंची।,neutral,kabaddi,neutral
2786,भारतीय शटलर मुकाबला के लिए टूर्नामेंट में हिस्सा ले रही है।,neutral,badminton,neutral
2787,प्रशंसकों के सामने गोलकीपर का लीग मैच में बेअसर खेल टीम पर भारी पड़ा।,negative,football,contextual
2788,भारतीय खिलाड़ी ने फाइनल के लिए यात्रा कार्यक्रम साझा किया।,neutral,tennis,domain_context
2789,इस मुकाबले में भारत का पारी में कमजोर खेल टीम पर भारी पड़ा।,negative,cricket,contextual
2790,युवा शटलर ने गेम में खराब प्रदर्शन किया और अपनी लय खो दी।,negative,badminton,paraphrase
2791,लगातार तीसरे मैच में बल्लेबाज का सीरीज में कमजोर खेल टीम पर भारी पड़ा।,negative,cricket,contextual
2792,दबाव वाले मुकाबले में युवा शटलर ने गेम में लाजवाब खेल दिखाकर शानदार वापसी की।,positive,badminton,contextual
2793,इस मुकाबले में खिलाड़ी ने प्लेऑफ में कमाल का खेल दिखाकर लगातार अच्छा प्रदर्शन किया।,positive,kabaddi,contextual
2794,भारत अगले ओवर से पहले कोच के साथ बैठक करेगा।,neutral,cricket,domain_context
2795,महत्वपूर्ण मौके पर एथलीट ने रेस में शानदार खेल दिखाकर दबदबा कायम रखा।,positive,athletics,contextual
2796,आज खिलाड़ी ने फाइनल में उत्कृष्ट खेल दिखाकर लगातार अच्छा प्रदर्शन किया।,positive,tennis,contextual
2797,लगातार तीसरे मैच में डिफेंडर ने सेमीफाइनल में कमाल का खेल दिखाकर जीत दर्ज की।,positive,hockey,contextual
2798,भारतीय खिलाड़ी ने फाइनल में उत्कृष्ट खेल दिखाया और टीम को जीत दिलाई।,positive,tennis,domain_context
2799,टूर्नामेंट के अहम चरण में युवा शटलर ने फाइनल में उत्कृष्ट खेल दिखाकर मुश्किल स्थिति से बाहर निकली।,positive,badminton,contextual
2800,टूर्नामेंट के अहम चरण में कप्तान ने लीग मैच से पहले प्रशिक्षण पूरा किया।,neutral,kabaddi,domain_context
2801,"Kal, Players pressure mein bikhar gaye.",negative,multi-sport,code_mixed
2802,चैंपियन की गेम में फीका रणनीति काम नहीं आई।,negative,badminton,contextual
2803,लगातार तीसरे मैच में क्लब ने मुकाबला से पहले प्रशिक्षण पूरा किया।,neutral,football,domain_context
2804,लंबे ब्रेक के बाद फॉरवर्ड फाइनल से पहले प्रशिक्षण कर रहा है।,neutral,football,factual
2805,लंबे ब्रेक के बाद कप्तान सेट से पहले प्रशिक्षण कर रहा है।,neutral,tennis,factual
2806,लगातार तीसरे मैच में भारतीय टीम का लीग मैच में बेअसर खेल टीम पर भारी पड़ा।,negative,kabaddi,contextual
2807,लंबे ब्रेक के बाद भारतीय टीम ने फाइनल में यादगार खेल दिखाकर मुश्किल स्थिति से बाहर निकली।,positive,kabaddi,contextual
2808,प्रशंसकों के सामने खिलाड़ी ने फाइनल से पहले प्रशिक्षण पूरा किया।,neutral,badminton,domain_context
2809,महत्वपूर्ण मौके पर हॉकी टीम ने मैच में कमाल का खेल दिखाकर मुश्किल स्थिति से बाहर निकली।,positive,hockey,contextual
2810,दबाव वाले मुकाबले में गोलकीपर ने लीग मैच में बेहतरीन खेल दिखाकर शानदार वापसी की।,positive,hockey,contextual
2811,प्रशंसकों के सामने कप्तान का मुकाबला में निराश करने वाला खेल टीम पर भारी पड़ा।,negative,tennis,contextual
2812,लगातार तीसरे मैच में युवा खिलाड़ी का मुकाबला में बेअसर खेल टीम पर भारी पड़ा।,negative,tennis,contextual
2813,युवा एथलीट प्रतियोगिता के लिए रणनीति पर चर्चा कर रही है।,neutral,athletics,neutral
2814,कप्तान ने मुकाबला में यादगार प्रदर्शन करते हुए मुश्किल स्थिति से बाहर निकली।,positive,kabaddi,paraphrase
2815,टूर्नामेंट के अहम चरण में फॉरवर्ड मुकाबला से पहले प्रशिक्षण कर रहा है।,neutral,football,factual
2816,टूर्नामेंट के अहम चरण में गेंदबाज पारी से पहले प्रशिक्षण कर रहा है।,neutral,cricket,factual
2817,फाइनल लगातार तीसरे मैच में आयोजित होगा और धाविका इसमें हिस्सा लेगा।,neutral,athletics,factual
2818,प्रशंसकों के सामने कप्तान प्लेऑफ से पहले प्रशिक्षण कर रहा है।,neutral,kabaddi,factual
2819,लीग मैच प्रशंसकों के सामने आयोजित होगा और भारतीय टीम इसमें हिस्सा लेगा।,neutral,football,factual
2820,मैच लगातार तीसरे मैच में आयोजित होगा और भारतीय शटलर इसमें हिस्सा लेगा।,neutral,badminton,factual
2821,भारतीय टीम ने मैच में लचर प्रदर्शन किया और मुकाबला गंवा दिया।,negative,hockey,paraphrase
2822,महत्वपूर्ण मौके पर बल्लेबाज ने पारी में कई आसान मौके गंवाए।,negative,cricket,domain_context
2823,लगातार तीसरे मैच में खिलाड़ी ने मैच से पहले प्रशिक्षण पूरा किया।,neutral,badminton,domain_context
2824,सेमीफाइनल प्रशंसकों के सामने आयोजित होगा और भारतीय टीम इसमें हिस्सा लेगा।,neutral,hockey,factual
2825,घरेलू मैदान पर गोलकीपर ने सेमीफाइनल में शानदार खेल दिखाकर मुकाबला अपने नाम कर लिया।,positive,hockey,contextual
2826,लगातार तीसरे मैच में हॉकी टीम ने लीग मैच से पहले प्रशिक्षण पूरा किया।,neutral,hockey,domain_context
2827,आज कप्तान का मैच में लचर खेल टीम पर भारी पड़ा।,negative,kabaddi,contextual
2828,प्रशंसकों के सामने युवा एथलीट ने रेस में धमाकेदार खेल दिखाकर लगातार अच्छा प्रदर्शन किया।,positive,athletics,contextual
2829,आज युवा खिलाड़ी का सेट में कमजोर खेल टीम पर भारी पड़ा।,negative,tennis,contextual
2830,लंबे ब्रेक के बाद टेनिस स्टार ने सेट में जबरदस्त खेल दिखाकर दबदबा कायम रखा।,positive,tennis,contextual
2831,क्लब सेमीफाइनल के लिए अभ्यास सत्र में शामिल हुई।,neutral,football,neutral
2832,महत्वपूर्ण मौके पर युवा एथलीट दौड़ से पहले प्रशिक्षण कर रहा है।,neutral,athletics,factual
2833,महत्वपूर्ण मौके पर खिलाड़ी फाइनल से पहले प्रशिक्षण कर रहा है।,neutral,tennis,factual
2834,मैच निर्णायक मैच में आयोजित होगा और गेंदबाज इसमें हिस्सा लेगा।,neutral,cricket,factual
2835,महत्वपूर्ण मौके पर गोलकीपर ने मुकाबला में शानदार खेल दिखाकर दबदबा कायम रखा।,positive,football,contextual
2836,युवा खिलाड़ी ने मुकाबला में कमाल का प्रदर्शन करते हुए मुश्किल स्थिति से बाहर निकली।,positive,tennis,paraphrase
2837,सुबह के सत्र में खिलाड़ियों ने सुबह अभ्यास सत्र में हिस्सा लिया।,neutral,multi-sport,domain_context
2838,दबाव वाले मुकाबले में डिफेंडर का फाइनल में निराशाजनक खेल टीम पर भारी पड़ा।,negative,hockey,contextual
2839,आज खिलाड़ी ने मुकाबला में यादगार खेल दिखाकर शानदार वापसी की।,positive,kabaddi,contextual
2840,टूर्नामेंट के अहम चरण में खिलाड़ी का फाइनल में निराशाजनक खेल टीम पर भारी पड़ा।,negative,athletics,contextual
2841,एथलीट अगले इवेंट से पहले कोच के साथ बैठक करेगा।,neutral,athletics,domain_context
2842,विकेटकीपर सीरीज के लिए टूर्नामेंट में हिस्सा ले रही है।,neutral,cricket,neutral
2843,आज विकेटकीपर मुकाबला से पहले प्रशिक्षण कर रहा है।,neutral,cricket,factual
2844,दौड़ आज आयोजित होगा और एथलीट इसमें हिस्सा लेगा।,neutral,athletics,factual
2845,लंबे ब्रेक के बाद भारतीय टीम ने मैच से पहले प्रशिक्षण पूरा किया।,neutral,hockey,domain_context
2846,लंबे ब्रेक के बाद युवा एथलीट का फाइनल में लचर खेल टीम पर भारी पड़ा।,negative,athletics,contextual
2847,पारी प्रशंसकों के सामने आयोजित होगा और गेंदबाज इसमें हिस्सा लेगा।,neutral,cricket,factual
2848,इस मुकाबले में कप्तान ने सीरीज में उत्कृष्ट खेल दिखाकर लगातार अच्छा प्रदर्शन किया।,positive,cricket,contextual
2849,घरेलू मैदान पर विकेटकीपर का ओवर में बेअसर खेल टीम पर भारी पड़ा।,negative,cricket,contextual
2850,प्रशंसकों के सामने फॉरवर्ड का मुकाबला में निराश करने वाला खेल टीम पर भारी पड़ा।,negative,football,contextual
2851,निर्णायक मैच में चैंपियन ने मैच में यादगार खेल दिखाकर जीत दर्ज की।,positive,badminton,contextual
2852,निर्णायक मैच में भारतीय टीम ने फाइनल से पहले प्रशिक्षण पूरा किया।,neutral,football,domain_context
2853,दबाव वाले मुकाबले में युवा शटलर ने गेम में बेहतरीन खेल दिखाकर जीत दर्ज की।,positive,badminton,contextual
2854,टूर्नामेंट के अहम चरण में एथलीट का रेस में निराश करने वाला खेल टीम पर भारी पड़ा।,negative,athletics,contextual
2855,भारत ने सीरीज में खराब खेल दिखाया और टीम को नुकसान हुआ।,negative,cricket,domain_context
2856,आज हॉकी टीम ने मैच में शानदार खेल दिखाकर लगातार अच्छा प्रदर्शन किया।,positive,hockey,contextual
2857,इस मुकाबले में चैंपियन सेट से पहले प्रशिक्षण कर रहा है।,neutral,badminton,factual
2858,लगातार तीसरे मैच में गोलकीपर ने मुकाबला में शानदार खेल दिखाकर महत्वपूर्ण योगदान दिया।,positive,football,contextual
2859,जोड़ी का कमजोर प्रदर्शन मैच में हार का कारण बना।,negative,badminton,domain_context
2860,गोलकीपर ने मैच में फीका प्रदर्शन किया और उम्मीदों पर खरी नहीं उतरी।,negative,hockey,paraphrase
2861,क्वार्टरफाइनल टूर्नामेंट के अहम चरण में आयोजित होगा और युवा खिलाड़ी इसमें हिस्सा लेगा।,neutral,tennis,factual
2862,लंबे ब्रेक के बाद कप्तान ने फाइनल में कमाल का खेल दिखाकर लगातार अच्छा प्रदर्शन किया।,positive,kabaddi,contextual
2863,डिफेंडर की लीग मैच में कमजोर रणनीति काम नहीं आई।,negative,football,contextual
2864,महत्वपूर्ण मौके पर फॉरवर्ड ने मुकाबला में बेहतरीन खेल दिखाकर मुकाबला अपने नाम कर लिया।,positive,football,contextual
2865,इस मुकाबले में खिलाड़ी ने फाइनल में जबरदस्त खेल दिखाकर शानदार वापसी की।,positive,badminton,contextual
2866,खिलाड़ी की मैच में निराशाजनक रणनीति काम नहीं आई।,negative,badminton,contextual
2867,गोलकीपर ने सेमीफाइनल के लिए नया अभ्यास कार्यक्रम शुरू किया।,neutral,hockey,domain_context
2868,कप्तान को मैच के लिए टीम में शामिल किया गया है।,neutral,tennis,domain_context
2869,इस मुकाबले में युवा शटलर ने मैच में उत्कृष्ट खेल दिखाकर शानदार वापसी की।,positive,badminton,contextual
2870,निर्णायक मैच में युवा एथलीट का इवेंट में बेअसर खेल टीम पर भारी पड़ा।,negative,athletics,contextual
2871,लगातार तीसरे मैच में विकेटकीपर रन चेज से पहले प्रशिक्षण कर रहा है।,neutral,cricket,factual
2872,एथलीट की प्रतियोगिता में फीका रणनीति काम नहीं आई।,negative,athletics,contextual
2873,निर्णायक मैच में डिफेंडर ने सेमीफाइनल में शानदार खेल दिखाकर मुकाबला अपने नाम कर लिया।,positive,football,contextual
2874,निर्णायक चरण में भारत ने आज मैदान में धूम मचा दी।,positive,multi-sport,domain_context
2875,घरेलू मैदान पर फॉरवर्ड का सेमीफाइनल में निराशाजनक खेल टीम पर भारी पड़ा।,negative,football,contextual
2876,लंबे ब्रेक के बाद युवा एथलीट ने प्रतियोगिता में यादगार खेल दिखाकर दबदबा कायम रखा।,positive,athletics,contextual
2877,निर्णायक मैच में युवा एथलीट इवेंट से पहले प्रशिक्षण कर रहा है।,neutral,athletics,factual
2878,इस मुकाबले में टेनिस स्टार का मैच में निराश करने वाला खेल टीम पर भारी पड़ा।,negative,tennis,contextual
2879,धाविका दौड़ के लिए अगले मुकाबले की तैयारी कर रही है।,neutral,athletics,neutral
2880,प्रशंसकों के सामने गेंदबाज ओवर से पहले प्रशिक्षण कर रहा है।,neutral,cricket,factual
2881,दबाव वाले मुकाबले में डिफेंडर ने मुकाबला में लाजवाब खेल दिखाकर महत्वपूर्ण योगदान दिया।,positive,kabaddi,contextual
2882,निर्णायक मैच में बल्लेबाज का सीरीज में बेअसर खेल टीम पर भारी पड़ा।,negative,cricket,contextual
2883,खिलाड़ी इवेंट के लिए अभ्यास सत्र में शामिल हुई।,neutral,athletics,neutral
2884,लगातार तीसरे मैच में भारतीय शटलर ने मैच में शानदार खेल दिखाकर शानदार वापसी की।,positive,badminton,contextual
2885,प्रशंसकों के सामने गेंदबाज का मैच में असंगत खेल टीम पर भारी पड़ा।,negative,cricket,contextual
2886,पारी घरेलू मैदान पर आयोजित होगा और भारत इसमें हिस्सा लेगा।,neutral,cricket,factual
2887,लगातार तीसरे मैच में युवा खिलाड़ी का सेट में कमजोर खेल टीम पर भारी पड़ा।,negative,tennis,contextual
2888,महत्वपूर्ण मौके पर कप्तान का मैच में लचर खेल टीम पर भारी पड़ा।,negative,tennis,contextual
2889,कप्तान ने मैच में खराब प्रदर्शन किया और बढ़त गंवा दी।,negative,cricket,paraphrase
2890,लंबे ब्रेक के बाद भारतीय टीम ने पारी में बेहतरीन खेल दिखाकर लगातार अच्छा प्रदर्शन किया।,positive,cricket,contextual
2891,आज एथलीट का इवेंट में निराशाजनक खेल टीम पर भारी पड़ा।,negative,athletics,contextual
2892,फॉरवर्ड ने सेमीफाइनल में असंगत प्रदर्शन किया और मुकाबला गंवा दिया।,negative,hockey,paraphrase
2893,कप्तान ने फाइनल में लचर प्रदर्शन किया और दबाव में बिखर गई।,negative,tennis,paraphrase
2894,भारत ने सीरीज के लिए यात्रा कार्यक्रम साझा किया।,neutral,cricket,domain_context
2895,लगातार तीसरे मैच में भारतीय शटलर का सेट में कमजोर खेल टीम पर भारी पड़ा।,negative,badminton,contextual
2896,धाविका ने प्रतियोगिता में शानदार प्रदर्शन करते हुए मुश्किल स्थिति से बाहर निकली।,positive,athletics,paraphrase
2897,लगातार तीसरे मैच में कप्तान ने प्लेऑफ से पहले प्रशिक्षण पूरा किया।,neutral,kabaddi,domain_context
2898,लगातार तीसरे मैच में भारतीय टीम का लीग मैच में निराश करने वाला खेल टीम पर भारी पड़ा।,negative,hockey,contextual
2899,"Pressure ke beech, Team ka performance bahut disappointing raha.",negative,multi-sport,code_mixed
2900,घरेलू मैदान पर टेनिस स्टार ने मैच में कमाल का खेल दिखाकर मुश्किल स्थिति से बाहर निकली।,positive,tennis,contextual
2901,टेनिस स्टार मैच के लिए अगले मुकाबले की तैयारी कर रही है।,neutral,tennis,neutral
2902,महत्वपूर्ण मौके पर फॉरवर्ड ने मैच से पहले प्रशिक्षण पूरा किया।,neutral,hockey,domain_context
2903,गोलकीपर ने लीग मैच में कमजोर प्रदर्शन किया और दबाव में बिखर गई।,negative,football,paraphrase
2904,प्रशंसकों के सामने खिलाड़ी ने सेट में यादगार खेल दिखाकर महत्वपूर्ण योगदान दिया।,positive,badminton,contextual
2905,टूर्नामेंट के अहम चरण में गोलकीपर का मुकाबला में फीका खेल टीम पर भारी पड़ा।,negative,hockey,contextual
2906,गेंदबाज ने ओवर में निराश करने वाला प्रदर्शन किया और अपनी लय खो दी।,negative,cricket,paraphrase
2907,निर्णायक मैच में बल्लेबाज ने पारी में बेहतरीन खेल दिखाकर दबदबा कायम रखा।,positive,cricket,contextual
2908,खिलाड़ी ने मुकाबला में कमजोर प्रदर्शन किया और महत्वपूर्ण मौका गंवाया।,negative,kabaddi,paraphrase
2909,दबाव वाले मुकाबले में गेंदबाज ने सीरीज से पहले प्रशिक्षण पूरा किया।,neutral,cricket,domain_context
2910,लगातार तीसरे मैच में भारतीय टीम ने मुकाबला में धमाकेदार खेल दिखाकर महत्वपूर्ण योगदान दिया।,positive,football,contextual
2911,इस मुकाबले में युवा खिलाड़ी ने फाइनल में उत्कृष्ट खेल दिखाकर लगातार अच्छा प्रदर्शन किया।,positive,tennis,contextual
2912,प्रशंसकों के सामने टेनिस स्टार ने मुकाबला में शानदार खेल दिखाकर लगातार अच्छा प्रदर्शन किया।,positive,tennis,contextual
2913,महत्वपूर्ण मौके पर डिफेंडर का मुकाबला में निराश करने वाला खेल टीम पर भारी पड़ा।,negative,hockey,contextual
2914,गोलकीपर ने लीग मैच के लिए तैयारी शुरू कर दी।,neutral,football,factual
2915,टूर्नामेंट के अहम चरण में युवा शटलर का गेम में लचर खेल टीम पर भारी पड़ा।,negative,badminton,contextual
2916,चैंपियन ने फाइनल में खराब प्रदर्शन किया और बढ़त गंवा दी।,negative,badminton,paraphrase
2917,एथलीट की दौड़ में कमजोर रणनीति काम नहीं आई।,negative,athletics,contextual
2918,इस मुकाबले में कप्तान का मैच में लचर खेल टीम पर भारी पड़ा।,negative,kabaddi,contextual
2919,भारतीय धावक ने रेस में बेहतरीन प्रदर्शन करते हुए शानदार वापसी की।,positive,athletics,paraphrase
2920,घरेलू मैदान पर टेनिस स्टार का मैच में खराब खेल टीम पर भारी पड़ा।,negative,tennis,contextual
2921,प्रतियोगिता दबाव वाले मुकाबले में आयोजित होगा और भारतीय धावक इसमें हिस्सा लेगा।,neutral,athletics,factual
2922,आज गेंदबाज रन चेज से पहले प्रशिक्षण कर रहा है।,neutral,cricket,factual
2923,लंबे ब्रेक के बाद हॉकी टीम ने सेमीफाइनल में धमाकेदार खेल दिखाकर शानदार वापसी की।,positive,hockey,contextual
2924,डिफेंडर सेमीफाइनल के लिए अगले मुकाबले की तैयारी कर रही है।,neutral,football,neutral
2925,आज विकेटकीपर ने ओवर से पहले प्रशिक्षण पूरा किया।,neutral,cricket,domain_context
2926,फाइनल निर्णायक मैच में आयोजित होगा और खिलाड़ी इसमें हिस्सा लेगा।,neutral,tennis,factual
2927,भारतीय टीम ने मुकाबला में निराशाजनक प्रदर्शन किया और लगातार गलतियां कीं।,negative,football,paraphrase
2928,युवा खिलाड़ी ने फाइनल में असंगत प्रदर्शन किया और मुकाबला गंवा दिया।,negative,tennis,paraphrase
2929,टूर्नामेंट के अहम चरण में भारतीय टीम ने लीग मैच में यादगार खेल दिखाकर लगातार अच्छा प्रदर्शन किया।,positive,hockey,contextual
2930,कप्तान की क्वार्टरफाइनल में निराशाजनक रणनीति काम नहीं आई।,negative,tennis,contextual
2931,कप्तान मुकाबला के लिए अगले मुकाबले की तैयारी कर रही है।,neutral,football,neutral
2932,महत्वपूर्ण मौके पर एथलीट इवेंट से पहले प्रशिक्षण कर रहा है।,neutral,athletics,factual
2933,कप्तान ने फाइनल में कमजोर प्रदर्शन किया और उम्मीदों पर खरी नहीं उतरी।,negative,tennis,paraphrase
2934,प्रतियोगिता टूर्नामेंट के अहम चरण में आयोजित होगा और भारतीय धावक इसमें हिस्सा लेगा।,neutral,athletics,factual
2935,युवा एथलीट ने इवेंट में फीका प्रदर्शन किया और उम्मीदों पर खरी नहीं उतरी।,negative,athletics,paraphrase
2936,इस मुकाबले में भारत का मैच में बेअसर खेल टीम पर भारी पड़ा।,negative,cricket,contextual
2937,घरेलू मैदान पर जोड़ी का फाइनल में असंगत खेल टीम पर भारी पड़ा।,negative,badminton,contextual
2938,घरेलू मैदान पर युवा एथलीट का दौड़ में लचर खेल टीम पर भारी पड़ा।,negative,athletics,contextual
2939,टेनिस स्टार ने सेट में निराशाजनक प्रदर्शन किया और उम्मीदों पर खरी नहीं उतरी।,negative,tennis,paraphrase
2940,विकेटकीपर ने सीरीज में लाजवाब प्रदर्शन करते हुए महत्वपूर्ण योगदान दिया।,positive,cricket,paraphrase
2941,डिफेंडर ने मैच में लचर प्रदर्शन किया और मुकाबला गंवा दिया।,negative,hockey,paraphrase
2942,खिलाड़ी ने सेट में फीका प्रदर्शन किया और अपनी लय खो दी।,negative,tennis,paraphrase
2943,लगातार तीसरे मैच में जोड़ी का सेट में लचर खेल टीम पर भारी पड़ा।,negative,badminton,contextual
2944,रन चेज प्रशंसकों के सामने आयोजित होगा और भारतीय टीम इसमें हिस्सा लेगा।,neutral,cricket,factual
2945,आज डिफेंडर ने सेमीफाइनल में बेहतरीन तालमेल के साथ जीत हासिल की।,positive,hockey,domain_context
2946,प्रशंसकों के सामने डिफेंडर फाइनल से पहले प्रशिक्षण कर रहा है।,neutral,kabaddi,factual
2947,महत्वपूर्ण मौके पर युवा एथलीट का प्रतियोगिता में लचर खेल टीम पर भारी पड़ा।,negative,athletics,contextual
2948,टूर्नामेंट के अहम चरण में कप्तान मुकाबला से पहले प्रशिक्षण कर रहा है।,neutral,cricket,factual
2949,भारतीय धावक रेस के लिए रणनीति पर चर्चा कर रही है।,neutral,athletics,neutral
2950,युवा खिलाड़ी ने मुकाबला के लिए तैयारी शुरू कर दी।,neutral,tennis,factual
2951,लंबे ब्रेक के बाद एथलीट ने इवेंट से पहले प्रशिक्षण पूरा किया।,neutral,athletics,domain_context
2952,प्रशंसकों के सामने धाविका का फाइनल में निराश करने वाला खेल टीम पर भारी पड़ा।,negative,athletics,contextual
2953,दबाव वाले मुकाबले में भारतीय शटलर ने सेट में लाजवाब खेल दिखाकर महत्वपूर्ण योगदान दिया।,positive,badminton,contextual
2954,दबाव वाले मुकाबले में जोड़ी का मैच में असंगत खेल टीम पर भारी पड़ा।,negative,badminton,contextual
2955,पारी लगातार तीसरे मैच में आयोजित होगा और विकेटकीपर इसमें हिस्सा लेगा।,neutral,cricket,factual
2956,दबाव वाले मुकाबले में भारतीय शटलर फाइनल से पहले प्रशिक्षण कर रहा है।,neutral,badminton,factual
2957,रन चेज घरेलू मैदान पर आयोजित होगा और भारतीय टीम इसमें हिस्सा लेगा।,neutral,cricket,factual
2958,रन चेज घरेलू मैदान पर आयोजित होगा और कप्तान इसमें हिस्सा लेगा।,neutral,cricket,factual
2959,महत्वपूर्ण मौके पर गोलकीपर ने मैच में धमाकेदार खेल दिखाकर शानदार वापसी की।,positive,football,contextual
2960,गोलकीपर ने मुकाबला में फीका प्रदर्शन किया और बढ़त गंवा दी।,negative,hockey,paraphrase
2961,लगातार तीसरे मैच में भारतीय खिलाड़ी ने फाइनल में लाजवाब खेल दिखाकर लगातार अच्छा प्रदर्शन किया।,positive,tennis,contextual
2962,महत्वपूर्ण मौके पर क्लब ने लीग मैच में शानदार खेल दिखाकर मुश्किल स्थिति से बाहर निकली।,positive,football,contextual
2963,प्रशंसकों के सामने खिलाड़ी का मैच में फीका खेल टीम पर भारी पड़ा।,negative,tennis,contextual
2964,आज टेनिस स्टार ने सेट में बेहतरीन खेल दिखाकर मुश्किल स्थिति से बाहर निकली।,positive,tennis,contextual
2965,प्रशंसकों के सामने फॉरवर्ड ने लीग मैच में कमाल का खेल दिखाकर शानदार वापसी की।,positive,football,contextual
2966,पारी लंबे ब्रेक के बाद आयोजित होगा और भारतीय टीम इसमें हिस्सा लेगा।,neutral,cricket,factual
2967,धाविका ने रेस में कमजोर प्रदर्शन किया और अपनी लय खो दी।,negative,athletics,paraphrase
2968,कप्तान ने रन चेज में शानदार प्रदर्शन करते हुए महत्वपूर्ण योगदान दिया।,positive,cricket,paraphrase
2969,खिलाड़ी ने रेस में खराब प्रदर्शन किया और अपनी लय खो दी।,negative,athletics,paraphrase
2970,"Match se pehle, Captain ne next game ki strategy discuss ki.",neutral,multi-sport,code_mixed
2971,निर्णायक मैच में भारत ने मुकाबला में कमाल का खेल दिखाकर जीत दर्ज की।,positive,cricket,contextual
2972,प्रशंसकों के सामने भारतीय टीम ने मैच से पहले प्रशिक्षण पूरा किया।,neutral,cricket,domain_context
2973,दबाव वाले मुकाबले में भारत का पारी में निराश करने वाला खेल टीम पर भारी पड़ा।,negative,cricket,contextual
2974,चैंपियन ने फाइनल में लचर खेल दिखाया और टीम को नुकसान हुआ।,negative,badminton,domain_context
2975,दबाव वाले मुकाबले में कप्तान ने सेमीफाइनल में बेहतरीन खेल दिखाकर जीत दर्ज की।,positive,football,contextual
2976,महत्वपूर्ण मौके पर टेनिस स्टार मैच से पहले प्रशिक्षण कर रहा है।,neutral,tennis,factual
2977,फाइनल इस मुकाबले में आयोजित होगा और डिफेंडर इसमें हिस्सा लेगा।,neutral,football,factual
2978,भारतीय शटलर ने मुकाबला के दौरान लगातार बेहतर निर्णय लिए।,positive,badminton,domain_context
2979,लगातार तीसरे मैच में खिलाड़ी का इवेंट में बेअसर खेल टीम पर भारी पड़ा।,negative,athletics,contextual
2980,घरेलू मैदान पर भारतीय शटलर ने मुकाबला में धमाकेदार खेल दिखाकर मुश्किल स्थिति से बाहर निकली।,positive,badminton,contextual
2981,बल्लेबाज ने रन चेज के लिए नया अभ्यास कार्यक्रम शुरू किया।,neutral,cricket,domain_context
2982,महत्वपूर्ण मौके पर भारतीय टीम ने पारी में धमाकेदार खेल दिखाकर मुश्किल स्थिति से बाहर निकली।,positive,cricket,contextual
2983,लगातार तीसरे मैच में कप्तान मुकाबला से पहले प्रशिक्षण कर रहा है।,neutral,tennis,factual
2984,टूर्नामेंट के अहम चरण में खिलाड़ी ने क्वार्टरफाइनल में धमाकेदार खेल दिखाकर महत्वपूर्ण योगदान दिया।,positive,tennis,contextual
2985,गेम लगातार तीसरे मैच में आयोजित होगा और खिलाड़ी इसमें हिस्सा लेगा।,neutral,badminton,factual
2986,प्रशंसकों के सामने कप्तान का फाइनल में निराशाजनक खेल टीम पर भारी पड़ा।,negative,tennis,contextual
2987,इस मुकाबले में कप्तान ने रन चेज में उत्कृष्ट खेल दिखाकर शानदार वापसी की।,positive,cricket,contextual
2988,युवा शटलर ने सेट में लचर प्रदर्शन किया और अपनी लय खो दी।,negative,badminton,paraphrase
2989,लंबे ब्रेक के बाद डिफेंडर का लीग मैच में निराश करने वाला खेल टीम पर भारी पड़ा।,negative,football,contextual
2990,घरेलू मैदान पर युवा शटलर का फाइनल में बेअसर खेल टीम पर भारी पड़ा।,negative,badminton,contextual
2991,निर्णायक मैच में फॉरवर्ड सेमीफाइनल से पहले प्रशिक्षण कर रहा है।,neutral,football,factual
2992,टूर्नामेंट के अहम चरण में डिफेंडर लीग मैच से पहले प्रशिक्षण कर रहा है।,neutral,football,factual
2993,घरेलू मैदान पर युवा खिलाड़ी ने मैच में कई आसान मौके गंवाए।,negative,tennis,domain_context
2994,टूर्नामेंट के अहम चरण में खिलाड़ी ने गेम में उत्कृष्ट खेल दिखाकर लगातार अच्छा प्रदर्शन किया।,positive,badminton,contextual
2995,इस मुकाबले में हॉकी टीम का मैच में फीका खेल टीम पर भारी पड़ा।,negative,hockey,contextual
2996,लंबे ब्रेक के बाद भारतीय टीम का प्लेऑफ में निराशाजनक खेल टीम पर भारी पड़ा।,negative,kabaddi,contextual
2997,लंबे ब्रेक के बाद गोलकीपर का सेमीफाइनल में कमजोर खेल टीम पर भारी पड़ा।,negative,football,contextual
2998,महत्वपूर्ण मौके पर फॉरवर्ड का लीग मैच में खराब खेल टीम पर भारी पड़ा।,negative,football,contextual
2999,मैच घरेलू मैदान पर आयोजित होगा और युवा शटलर इसमें हिस्सा लेगा।,neutral,badminton,factual
3000,कप्तान फाइनल के लिए अभ्यास सत्र में शामिल हुई।,neutral,tennis,neutral
3001,खिलाड़ी रेस के लिए टूर्नामेंट में हिस्सा ले रही है।,neutral,athletics,neutral
3002,गेंदबाज ने मैच में फीका प्रदर्शन किया और महत्वपूर्ण मौका गंवाया।,negative,cricket,paraphrase
3003,लगातार तीसरे मैच में डिफेंडर का मुकाबला में असंगत खेल टीम पर भारी पड़ा।,negative,football,contextual
3004,इस मुकाबले में टेनिस स्टार मैच से पहले प्रशिक्षण कर रहा है।,neutral,tennis,factual
3005,लंबे ब्रेक के बाद विकेटकीपर ने रन चेज से पहले प्रशिक्षण पूरा किया।,neutral,cricket,domain_context
3006,कप्तान की पारी में खराब रणनीति काम नहीं आई।,negative,cricket,contextual
3007,निर्णायक मैच में कप्तान ने ओवर में शानदार खेल दिखाकर लगातार अच्छा प्रदर्शन किया।,positive,cricket,contextual
3008,आज युवा खिलाड़ी मैच से पहले प्रशिक्षण कर रहा है।,neutral,tennis,factual
3009,दबाव वाले मुकाबले में युवा एथलीट ने दौड़ में लाजवाब खेल दिखाकर शानदार वापसी की।,positive,athletics,contextual
3010,निर्णायक मैच में डिफेंडर लीग मैच से पहले प्रशिक्षण कर रहा है।,neutral,football,factual
3011,लगातार तीसरे मैच में खिलाड़ी ने सेट में यादगार खेल दिखाकर शानदार वापसी की।,positive,badminton,contextual
3012,घरेलू मैदान पर जोड़ी का गेम में निराश करने वाला खेल टीम पर भारी पड़ा।,negative,badminton,contextual
3013,भारतीय शटलर ने सेट में खराब प्रदर्शन किया और दबाव में बिखर गई।,negative,badminton,paraphrase
3014,मैच दबाव वाले मुकाबले में आयोजित होगा और डिफेंडर इसमें हिस्सा लेगा।,neutral,hockey,factual
3015,मुकाबला इस मुकाबले में आयोजित होगा और टेनिस स्टार इसमें हिस्सा लेगा।,neutral,tennis,factual
3016,लंबे ब्रेक के बाद भारतीय धावक रेस से पहले प्रशिक्षण कर रहा है।,neutral,athletics,factual
3017,मुकाबला महत्वपूर्ण मौके पर आयोजित होगा और खिलाड़ी इसमें हिस्सा लेगा।,neutral,tennis,factual
3018,घरेलू मैदान पर फॉरवर्ड ने सेमीफाइनल में शानदार खेल दिखाकर जीत दर्ज की।,positive,football,contextual
3019,लंबे ब्रेक के बाद बल्लेबाज ने सीरीज में लाजवाब खेल दिखाकर मुश्किल स्थिति से बाहर निकली।,positive,cricket,contextual
3020,रन चेज महत्वपूर्ण मौके पर आयोजित होगा और विकेटकीपर इसमें हिस्सा लेगा।,neutral,cricket,factual
3021,इस मुकाबले में कप्तान ने मैच में यादगार खेल दिखाकर शानदार वापसी की।,positive,kabaddi,contextual
3022,टेनिस स्टार फाइनल के लिए अगले मुकाबले की तैयारी कर रही है।,neutral,tennis,neutral
3023,आज डिफेंडर ने फाइनल में उत्कृष्ट खेल दिखाकर जीत दर्ज की।,positive,hockey,contextual
3024,इस मुकाबले में गेंदबाज का रन चेज में निराश करने वाला खेल टीम पर भारी पड़ा।,negative,cricket,contextual
3025,मुकाबला इस मुकाबले में आयोजित होगा और भारतीय टीम इसमें हिस्सा लेगा।,neutral,football,factual
3026,आज भारतीय टीम ने मैच में शानदार खेल दिखाकर दबदबा कायम रखा।,positive,football,contextual
3027,महत्वपूर्ण मौके पर फॉरवर्ड ने मैच में कमाल का खेल दिखाकर महत्वपूर्ण योगदान दिया।,positive,hockey,contextual
3028,टेनिस स्टार की फाइनल में असंगत रणनीति काम नहीं आई।,negative,tennis,contextual
3029,बल्लेबाज ने मुकाबला में बेअसर प्रदर्शन किया और उम्मीदों पर खरी नहीं उतरी।,negative,cricket,paraphrase
3030,लंबे ब्रेक के बाद खिलाड़ी ने सेट से पहले प्रशिक्षण पूरा किया।,neutral,badminton,domain_context
3031,लंबे ब्रेक के बाद विकेटकीपर ने ओवर में जबरदस्त खेल दिखाकर दबदबा कायम रखा।,positive,cricket,contextual
3032,दबाव वाले मुकाबले में युवा शटलर का मैच में फीका खेल टीम पर भारी पड़ा।,negative,badminton,contextual
3033,दबाव वाले मुकाबले में भारतीय खिलाड़ी का क्वार्टरफाइनल में बेअसर खेल टीम पर भारी पड़ा।,negative,tennis,contextual
3034,आज भारतीय टीम ने मुकाबला में बेहतरीन तालमेल के साथ जीत हासिल की।,positive,kabaddi,domain_context
3035,महत्वपूर्ण मौके पर एथलीट का इवेंट में कमजोर खेल टीम पर भारी पड़ा।,negative,athletics,contextual
3036,खिलाड़ी ने क्वार्टरफाइनल में शानदार खेल दिखाया और टीम को जीत दिलाई।,positive,tennis,domain_context
3037,हॉकी टीम ने सेमीफाइनल में खराब प्रदर्शन किया और बढ़त गंवा दी।,negative,hockey,paraphrase
3038,क्लब ने मैच में निराशाजनक प्रदर्शन किया और मुकाबला गंवा दिया।,negative,football,paraphrase
3039,प्रशंसकों के सामने भारतीय खिलाड़ी ने मुकाबला में लाजवाब खेल दिखाकर जीत दर्ज की।,positive,tennis,contextual
3040,टेनिस स्टार ने क्वार्टरफाइनल में असंगत खेल दिखाया और टीम को नुकसान हुआ।,negative,tennis,domain_context
3041,आज युवा शटलर फाइनल से पहले प्रशिक्षण कर रहा है।,neutral,badminton,factual
3042,प्रतियोगिता टूर्नामेंट के अहम चरण में आयोजित होगा और खिलाड़ी इसमें हिस्सा लेगा।,neutral,athletics,factual
3043,भारत सीरीज के लिए अगले मुकाबले की तैयारी कर रही है।,neutral,cricket,neutral
3044,भारतीय टीम ने लीग मैच में खराब प्रदर्शन किया और अपनी लय खो दी।,negative,hockey,paraphrase
3045,लंबे ब्रेक के बाद युवा खिलाड़ी ने सेट में धमाकेदार खेल दिखाकर जीत दर्ज की।,positive,tennis,contextual
3046,फाइनल टूर्नामेंट के अहम चरण में आयोजित होगा और भारतीय शटलर इसमें हिस्सा लेगा।,neutral,badminton,factual
3047,शाम के मुकाबले में हमारी टीम ने विरोधी को पूरी तरह दबा दिया।,positive,multi-sport,domain_context
3048,प्रशंसकों के सामने कप्तान ने क्वार्टरफाइनल में लाजवाब खेल दिखाकर दबदबा कायम रखा।,positive,tennis,contextual
3049,इस मुकाबले में कप्तान ने लीग मैच में यादगार खेल दिखाकर मुकाबला अपने नाम कर लिया।,positive,football,contextual
3050,निर्णायक मैच में डिफेंडर मुकाबला से पहले प्रशिक्षण कर रहा है।,neutral,hockey,factual
3051,प्रशंसकों के सामने टेनिस स्टार का क्वार्टरफाइनल में फीका खेल टीम पर भारी पड़ा।,negative,tennis,contextual
3052,आज कप्तान ने लीग मैच से पहले प्रशिक्षण पूरा किया।,neutral,kabaddi,domain_context
3053,लगातार तीसरे मैच में भारतीय टीम ने सेमीफाइनल में उत्कृष्ट खेल दिखाकर दबदबा कायम रखा।,positive,hockey,contextual
3054,घरेलू मैदान पर कप्तान मुकाबला से पहले प्रशिक्षण कर रहा है।,neutral,tennis,factual
3055,शाम के मुकाबले में टूर्नामेंट का अगला चरण अगले सप्ताह शुरू होगा।,neutral,multi-sport,domain_context
3056,गोलकीपर ने फाइनल में लचर प्रदर्शन किया और दबाव में बिखर गई।,negative,football,paraphrase
3057,लगातार तीसरे मैच में विकेटकीपर ने पारी में उत्कृष्ट खेल दिखाकर लगातार अच्छा प्रदर्शन किया।,positive,cricket,contextual
3058,लीग मैच घरेलू मैदान पर आयोजित होगा और गोलकीपर इसमें हिस्सा लेगा।,neutral,hockey,factual
3059,लंबे ब्रेक के बाद गोलकीपर का लीग मैच में कमजोर खेल टीम पर भारी पड़ा।,negative,hockey,contextual
3060,प्रतियोगिता महत्वपूर्ण मौके पर आयोजित होगा और खिलाड़ी इसमें हिस्सा लेगा।,neutral,athletics,factual
3061,दबाव वाले मुकाबले में विकेटकीपर रन चेज से पहले प्रशिक्षण कर रहा है।,neutral,cricket,factual
3062,टूर्नामेंट के अहम चरण में युवा शटलर ने गेम से पहले प्रशिक्षण पूरा किया।,neutral,badminton,domain_context
3063,दबाव वाले मुकाबले में युवा एथलीट का फाइनल में कमजोर खेल टीम पर भारी पड़ा।,negative,athletics,contextual
3064,महत्वपूर्ण मौके पर युवा खिलाड़ी ने मुकाबला में उत्कृष्ट खेल दिखाकर जीत दर्ज की।,positive,tennis,contextual
3065,भारतीय टीम रन चेज के लिए प्रशिक्षण जारी रखे हुए है।,neutral,cricket,neutral
3066,दबाव वाले मुकाबले में धाविका ने रेस में शानदार खेल दिखाकर मुकाबला अपने नाम कर लिया।,positive,athletics,contextual
3067,दबाव वाले मुकाबले में क्लब ने सेमीफाइनल में उत्कृष्ट खेल दिखाकर लगातार अच्छा प्रदर्शन किया।,positive,football,contextual
3068,टूर्नामेंट के अहम चरण में भारतीय धावक ने प्रतियोगिता में शानदार खेल दिखाकर मुश्किल स्थिति से बाहर निकली।,positive,athletics,contextual
3069,लंबे ब्रेक के बाद कप्तान का सेट में निराशाजनक खेल टीम पर भारी पड़ा।,negative,tennis,contextual
3070,फाइनल लगातार तीसरे मैच में आयोजित होगा और एथलीट इसमें हिस्सा लेगा।,neutral,athletics,factual
3071,आज खिलाड़ी का प्रतियोगिता में फीका खेल टीम पर भारी पड़ा।,negative,athletics,contextual
3072,निर्णायक मैच में खिलाड़ी का मुकाबला में निराशाजनक खेल टीम पर भारी पड़ा।,negative,tennis,contextual
3073,गोलकीपर ने मैच में शानदार प्रदर्शन करते हुए दबदबा कायम रखा।,positive,hockey,paraphrase
3074,जोड़ी ने मुकाबला में शानदार प्रदर्शन करते हुए मुकाबला अपने नाम कर लिया।,positive,badminton,paraphrase
3075,भारतीय टीम मैच के लिए टूर्नामेंट में हिस्सा ले रही है।,neutral,football,neutral
3076,घरेलू मैदान पर चैंपियन ने सेट में यादगार खेल दिखाकर मुश्किल स्थिति से बाहर निकली।,positive,badminton,contextual
3077,बल्लेबाज को रन चेज के लिए टीम में शामिल किया गया है।,neutral,cricket,domain_context
3078,इस मुकाबले में गोलकीपर ने लीग मैच में उत्कृष्ट खेल दिखाकर मुश्किल स्थिति से बाहर निकली।,positive,football,contextual
3079,चैंपियन ने मैच में बेअसर खेल दिखाया और टीम को नुकसान हुआ।,negative,badminton,domain_context
3080,निर्णायक मैच में गोलकीपर मैच से पहले प्रशिक्षण कर रहा है।,neutral,football,factual
3081,दबाव वाले मुकाबले में धाविका ने दौड़ में कई आसान मौके गंवाए।,negative,athletics,domain_context
3082,लगातार तीसरे मैच में गोलकीपर का सेमीफाइनल में कमजोर खेल टीम पर भारी पड़ा।,negative,hockey,contextual
3083,महत्वपूर्ण मौके पर भारतीय टीम का फाइनल में असंगत खेल टीम पर भारी पड़ा।,negative,football,contextual
3084,निर्णायक मैच में हॉकी टीम का मुकाबला में असंगत खेल टीम पर भारी पड़ा।,negative,hockey,contextual
3085,इस मुकाबले में जोड़ी ने गेम में जबरदस्त खेल दिखाकर मुश्किल स्थिति से बाहर निकली।,positive,badminton,contextual
3086,भारतीय टीम फाइनल के लिए अगले मुकाबले की तैयारी कर रही है।,neutral,hockey,neutral
3087,सेट लंबे ब्रेक के बाद आयोजित होगा और चैंपियन इसमें हिस्सा लेगा।,neutral,badminton,factual
3088,युवा शटलर ने मुकाबला में लाजवाब प्रदर्शन करते हुए जीत दर्ज की।,positive,badminton,paraphrase
3089,खिलाड़ी का कमजोर प्रदर्शन क्वार्टरफाइनल में हार का कारण बना।,negative,tennis,domain_context
3090,मुकाबला इस मुकाबले में आयोजित होगा और भारतीय शटलर इसमें हिस्सा लेगा।,neutral,badminton,factual
3091,खिलाड़ी ने दौड़ में असंगत प्रदर्शन किया और उम्मीदों पर खरी नहीं उतरी।,negative,athletics,paraphrase
3092,इस मुकाबले में बल्लेबाज का मुकाबला में खराब खेल टीम पर भारी पड़ा।,negative,cricket,contextual
3093,चैंपियन ने मैच में खराब प्रदर्शन किया और लगातार गलतियां कीं।,negative,badminton,paraphrase
3094,प्रशंसकों के सामने एथलीट ने फाइनल में बेहतरीन खेल दिखाकर शानदार वापसी की।,positive,athletics,contextual
3095,सेट टूर्नामेंट के अहम चरण में आयोजित होगा और टेनिस स्टार इसमें हिस्सा लेगा।,neutral,tennis,factual
3096,प्रशंसकों के सामने युवा शटलर ने सेट में धमाकेदार खेल दिखाकर मुश्किल स्थिति से बाहर निकली।,positive,badminton,contextual
3097,लंबे ब्रेक के बाद जोड़ी सेट से पहले प्रशिक्षण कर रहा है।,neutral,badminton,factual
3098,महत्वपूर्ण मौके पर रेडर का फाइनल में फीका खेल टीम पर भारी पड़ा।,negative,kabaddi,contextual
3099,मुकाबला लगातार तीसरे मैच में आयोजित होगा और फॉरवर्ड इसमें हिस्सा लेगा।,neutral,football,factual
3100,आज क्लब ने लीग मैच में कमाल का खेल दिखाकर शानदार वापसी की।,positive,football,contextual
3101,टेनिस स्टार ने मुकाबला में लचर प्रदर्शन किया और दबाव में बिखर गई।,negative,tennis,paraphrase
3102,भारतीय टीम ने मैच में खराब प्रदर्शन किया और महत्वपूर्ण मौका गंवाया।,negative,hockey,paraphrase
3103,फॉरवर्ड ने सेमीफाइनल में निराशाजनक प्रदर्शन किया और दबाव में बिखर गई।,negative,hockey,paraphrase
3104,बल्लेबाज ने मैच के लिए यात्रा कार्यक्रम साझा किया।,neutral,cricket,domain_context
3105,लगातार तीसरे मैच में रेडर ने लीग मैच में बेहतरीन खेल दिखाकर शानदार वापसी की।,positive,kabaddi,contextual
3106,इस मुकाबले में कप्तान ने मुकाबला में लाजवाब खेल दिखाकर जीत दर्ज की।,positive,cricket,contextual
3107,भारतीय टीम अगले मुकाबला से पहले कोच के साथ बैठक करेगा।,neutral,cricket,domain_context
3108,दबाव वाले मुकाबले में भारतीय टीम लीग मैच से पहले प्रशिक्षण कर रहा है।,neutral,football,factual
3109,निर्णायक मैच में फॉरवर्ड ने सेमीफाइनल में शानदार खेल दिखाकर महत्वपूर्ण योगदान दिया।,positive,hockey,contextual
3110,खिलाड़ी ने फाइनल में कमजोर प्रदर्शन किया और बढ़त गंवा दी।,negative,kabaddi,paraphrase
3111,आज धाविका ने प्रतियोगिता में कई आसान मौके गंवाए।,negative,athletics,domain_context
3112,निर्णायक मैच में टेनिस स्टार फाइनल से पहले प्रशिक्षण कर रहा है।,neutral,tennis,factual
3113,भारतीय शटलर ने गेम में लचर प्रदर्शन किया और महत्वपूर्ण मौका गंवाया।,negative,badminton,paraphrase
3114,टूर्नामेंट के अहम चरण में डिफेंडर ने मुकाबला में जबरदस्त खेल दिखाकर शानदार वापसी की।,positive,kabaddi,contextual
3115,टूर्नामेंट के अहम चरण में हॉकी टीम सेमीफाइनल से पहले प्रशिक्षण कर रहा है।,neutral,hockey,factual
3116,एथलीट फाइनल के लिए अभ्यास सत्र में शामिल हुई।,neutral,athletics,neutral
3117,क्लब ने मैच में फीका प्रदर्शन किया और बढ़त गंवा दी।,negative,football,paraphrase
3118,घरेलू मैदान पर भारत ने रन चेज में उत्कृष्ट खेल दिखाकर शानदार वापसी की।,positive,cricket,contextual
3119,खिलाड़ी ने सेट में खराब प्रदर्शन किया और अपनी लय खो दी।,negative,badminton,paraphrase
3120,महत्वपूर्ण मौके पर खिलाड़ी का दौड़ में असंगत खेल टीम पर भारी पड़ा।,negative,athletics,contextual
3121,टेनिस स्टार की क्वार्टरफाइनल में कमजोर रणनीति काम नहीं आई।,negative,tennis,contextual
3122,घरेलू मैदान पर भारतीय टीम मैच से पहले प्रशिक्षण कर रहा है।,neutral,kabaddi,factual
3123,लीग मैच महत्वपूर्ण मौके पर आयोजित होगा और भारतीय टीम इसमें हिस्सा लेगा।,neutral,football,factual
3124,भारत ने सीरीज के लिए तैयारी शुरू कर दी।,neutral,cricket,factual
3125,लगातार तीसरे मैच में भारतीय शटलर ने फाइनल में लाजवाब खेल दिखाकर दबदबा कायम रखा।,positive,badminton,contextual
3126,डिफेंडर लीग मैच के लिए टूर्नामेंट में हिस्सा ले रही है।,neutral,hockey,neutral
3127,दबाव वाले मुकाबले में युवा एथलीट का फाइनल में असंगत खेल टीम पर भारी पड़ा।,negative,athletics,contextual
3128,प्रशंसकों के सामने भारतीय टीम का लीग मैच में बेअसर खेल टीम पर भारी पड़ा।,negative,football,contextual
3129,टूर्नामेंट के अहम चरण में खिलाड़ी ने मुकाबला में कमाल का खेल दिखाकर लगातार अच्छा प्रदर्शन किया।,positive,kabaddi,contextual
3130,बल्लेबाज की ओवर में निराश करने वाला रणनीति काम नहीं आई।,negative,cricket,contextual
3131,लंबे ब्रेक के बाद भारतीय खिलाड़ी मैच से पहले प्रशिक्षण कर रहा है।,neutral,tennis,factual
3132,आज कप्तान ने पारी से पहले प्रशिक्षण पूरा किया।,neutral,cricket,domain_context
3133,आज विकेटकीपर ओवर से पहले प्रशिक्षण कर रहा है।,neutral,cricket,factual
3134,घरेलू मैदान पर एथलीट ने फाइनल में बेहतरीन तालमेल के साथ जीत हासिल की।,positive,athletics,domain_context
3135,घरेलू मैदान पर गेंदबाज सीरीज से पहले प्रशिक्षण कर रहा है।,neutral,cricket,factual
3136,निर्णायक मैच में खिलाड़ी ने मुकाबला से पहले प्रशिक्षण पूरा किया।,neutral,kabaddi,domain_context
3137,लंबे ब्रेक के बाद एथलीट ने प्रतियोगिता में शानदार खेल दिखाकर मुकाबला अपने नाम कर लिया।,positive,athletics,contextual
3138,लगातार तीसरे मैच में टेनिस स्टार ने क्वार्टरफाइनल से पहले प्रशिक्षण पूरा किया।,neutral,tennis,domain_context
3139,लगातार तीसरे मैच में बल्लेबाज रन चेज से पहले प्रशिक्षण कर रहा है।,neutral,cricket,factual
3140,दबाव वाले मुकाबले में कप्तान ने पारी में कमाल का खेल दिखाकर महत्वपूर्ण योगदान दिया।,positive,cricket,contextual
3141,सेमीफाइनल लगातार तीसरे मैच में आयोजित होगा और फॉरवर्ड इसमें हिस्सा लेगा।,neutral,hockey,factual
3142,भारतीय टीम ने सेमीफाइनल में बेअसर खेल दिखाया और टीम को नुकसान हुआ।,negative,football,domain_context
3143,भारत ने रन चेज में शानदार प्रदर्शन करते हुए दबदबा कायम रखा।,positive,cricket,paraphrase
3144,भारतीय टीम मैच के लिए मैच के लिए रवाना हुई।,neutral,hockey,neutral
3145,लगातार तीसरे मैच में कप्तान सेमीफाइनल से पहले प्रशिक्षण कर रहा है।,neutral,football,factual
3146,निर्णायक मैच में कप्तान मुकाबला से पहले प्रशिक्षण कर रहा है।,neutral,football,factual
3147,कप्तान ने प्लेऑफ में फीका प्रदर्शन किया और दबाव में बिखर गई।,negative,kabaddi,paraphrase
3148,दबाव वाले मुकाबले में खिलाड़ी का लीग मैच में निराश करने वाला खेल टीम पर भारी पड़ा।,negative,kabaddi,contextual
3149,मैच लगातार तीसरे मैच में आयोजित होगा और कप्तान इसमें हिस्सा लेगा।,neutral,football,factual
3150,लगातार तीसरे मैच में विकेटकीपर ओवर से पहले प्रशिक्षण कर रहा है।,neutral,cricket,factual
3151,निर्णायक मैच में डिफेंडर का फाइनल में असंगत खेल टीम पर भारी पड़ा।,negative,kabaddi,contextual
3152,युवा शटलर ने मुकाबला में खराब प्रदर्शन किया और बढ़त गंवा दी।,negative,badminton,paraphrase
3153,कप्तान ने लीग मैच में फीका प्रदर्शन किया और बढ़त गंवा दी।,negative,football,paraphrase
3154,विकेटकीपर ने मुकाबला में खराब प्रदर्शन किया और उम्मीदों पर खरी नहीं उतरी।,negative,cricket,paraphrase
3155,गेंदबाज ने मुकाबला में फीका खेल दिखाया और टीम को नुकसान हुआ।,negative,cricket,domain_context
3156,मुकाबला निर्णायक मैच में आयोजित होगा और गेंदबाज इसमें हिस्सा लेगा।,neutral,cricket,factual
3157,गोलकीपर फाइनल के लिए अगले मुकाबले की तैयारी कर रही है।,neutral,hockey,neutral
3158,लंबे ब्रेक के बाद भारतीय धावक का इवेंट में असंगत खेल टीम पर भारी पड़ा।,negative,athletics,contextual
3159,मुकाबला टूर्नामेंट के अहम चरण में आयोजित होगा और जोड़ी इसमें हिस्सा लेगा।,neutral,badminton,factual
3160,रेडर ने प्लेऑफ में निराश करने वाला प्रदर्शन किया और बढ़त गंवा दी।,negative,kabaddi,paraphrase
3161,डिफेंडर ने लीग मैच में निराश करने वाला प्रदर्शन किया और महत्वपूर्ण मौका गंवाया।,negative,football,paraphrase
3162,बल्लेबाज ने मुकाबला में निराश करने वाला प्रदर्शन किया और लगातार गलतियां कीं।,negative,cricket,paraphrase
3163,लगातार तीसरे मैच में कप्तान का मुकाबला में लचर खेल टीम पर भारी पड़ा।,negative,cricket,contextual
3164,लंबे ब्रेक के बाद हॉकी टीम ने मैच से पहले प्रशिक्षण पूरा किया।,neutral,hockey,domain_context
3165,दबाव वाले मुकाबले में टेनिस स्टार ने मुकाबला में लाजवाब खेल दिखाकर शानदार वापसी की।,positive,tennis,contextual
3166,दबाव वाले मुकाबले में भारतीय शटलर ने सेट में उत्कृष्ट खेल दिखाकर जीत दर्ज की।,positive,badminton,contextual
3167,लंबे ब्रेक के बाद डिफेंडर का मैच में फीका खेल टीम पर भारी पड़ा।,negative,hockey,contextual
3168,कप्तान ने सेमीफाइनल में असंगत प्रदर्शन किया और बढ़त गंवा दी।,negative,football,paraphrase
3169,महत्वपूर्ण मौके पर कप्तान ने सीरीज में बेहतरीन खेल दिखाकर जीत दर्ज की।,positive,cricket,contextual
3170,लंबे ब्रेक के बाद फॉरवर्ड का फाइनल में निराश करने वाला खेल टीम पर भारी पड़ा।,negative,hockey,contextual
3171,दबाव वाले मुकाबले में खिलाड़ी ने फाइनल में उत्कृष्ट खेल दिखाकर मुश्किल स्थिति से बाहर निकली।,positive,tennis,contextual
3172,खिलाड़ी ने रेस में निराश करने वाला प्रदर्शन किया और बढ़त गंवा दी।,negative,athletics,paraphrase
3173,आज युवा एथलीट ने रेस में कई आसान मौके गंवाए।,negative,athletics,domain_context
3174,लगातार तीसरे मैच में खिलाड़ी ने फाइनल में धमाकेदार खेल दिखाकर जीत दर्ज की।,positive,tennis,contextual
3175,निर्णायक मैच में भारतीय खिलाड़ी ने सेट में शानदार खेल दिखाकर लगातार अच्छा प्रदर्शन किया।,positive,tennis,contextual
3176,चैंपियन की फाइनल में बेअसर रणनीति काम नहीं आई।,negative,badminton,contextual
3177,फाइनल टूर्नामेंट के अहम चरण में आयोजित होगा और भारतीय खिलाड़ी इसमें हिस्सा लेगा।,neutral,tennis,factual
3178,निर्णायक चरण में दोनों टीमों ने मैच से पहले प्रशिक्षण किया।,neutral,multi-sport,domain_context
3179,प्रशंसकों के सामने भारतीय टीम का फाइनल में असंगत खेल टीम पर भारी पड़ा।,negative,football,contextual
3180,लंबे ब्रेक के बाद खिलाड़ी का सेट में असंगत खेल टीम पर भारी पड़ा।,negative,tennis,contextual
3181,बल्लेबाज ने सीरीज में धमाकेदार खेल दिखाया और टीम को जीत दिलाई।,positive,cricket,domain_context
3182,महत्वपूर्ण मौके पर डिफेंडर प्लेऑफ से पहले प्रशिक्षण कर रहा है।,neutral,kabaddi,factual
3183,इस मुकाबले में गोलकीपर ने फाइनल में उत्कृष्ट खेल दिखाकर मुकाबला अपने नाम कर लिया।,positive,football,contextual
3184,निर्णायक मैच में धाविका का फाइनल में खराब खेल टीम पर भारी पड़ा।,negative,athletics,contextual
3185,टूर्नामेंट के अहम चरण में खिलाड़ी ने फाइनल में शानदार खेल दिखाकर जीत दर्ज की।,positive,tennis,contextual
3186,फॉरवर्ड की टीम मैच के लिए अपनी अंतिम सूची तैयार कर रही है।,neutral,football,domain_context
3187,दबाव वाले मुकाबले में भारतीय धावक का इवेंट में निराश करने वाला खेल टीम पर भारी पड़ा।,negative,athletics,contextual
3188,भारतीय धावक ने दौड़ में असंगत प्रदर्शन किया और बढ़त गंवा दी।,negative,athletics,paraphrase
3189,लंबे ब्रेक के बाद भारतीय शटलर गेम से पहले प्रशिक्षण कर रहा है।,neutral,badminton,factual
3190,खिलाड़ी ने फाइनल में कमजोर प्रदर्शन किया और अपनी लय खो दी।,negative,badminton,paraphrase
3191,लंबे ब्रेक के बाद कप्तान ने मैच में उत्कृष्ट खेल दिखाकर शानदार वापसी की।,positive,kabaddi,contextual
3192,घरेलू मैदान पर क्लब का मैच में निराशाजनक खेल टीम पर भारी पड़ा।,negative,football,contextual
3193,फाइनल दबाव वाले मुकाबले में आयोजित होगा और टेनिस स्टार इसमें हिस्सा लेगा।,neutral,tennis,factual
3194,घरेलू मैदान पर डिफेंडर का सेमीफाइनल में खराब खेल टीम पर भारी पड़ा।,negative,hockey,contextual
3195,निर्णायक मैच में बल्लेबाज ने रन चेज में बेहतरीन खेल दिखाकर लगातार अच्छा प्रदर्शन किया।,positive,cricket,contextual
3196,घरेलू मैदान पर फॉरवर्ड लीग मैच से पहले प्रशिक्षण कर रहा है।,neutral,hockey,factual
3197,इस मुकाबले में खिलाड़ी ने मैच में कमाल का खेल दिखाकर मुश्किल स्थिति से बाहर निकली।,positive,badminton,contextual
3198,प्रशंसकों के सामने भारतीय टीम ने मुकाबला में यादगार खेल दिखाकर मुश्किल स्थिति से बाहर निकली।,positive,kabaddi,contextual
3199,घरेलू मैदान पर युवा शटलर ने गेम में कमाल का खेल दिखाकर दबदबा कायम रखा।,positive,badminton,contextual
3200,लंबे ब्रेक के बाद खिलाड़ी ने इवेंट से पहले प्रशिक्षण पूरा किया।,neutral,athletics,domain_context
3201,टूर्नामेंट के अहम चरण में खिलाड़ी ने लीग मैच में लाजवाब खेल दिखाकर मुकाबला अपने नाम कर लिया।,positive,kabaddi,contextual
3202,लगातार तीसरे मैच में विकेटकीपर का ओवर में कमजोर खेल टीम पर भारी पड़ा।,negative,cricket,contextual
3203,मैच घरेलू मैदान पर आयोजित होगा और चैंपियन इसमें हिस्सा लेगा।,neutral,badminton,factual
3204,निर्णायक मैच में युवा एथलीट का इवेंट में खराब खेल टीम पर भारी पड़ा।,negative,athletics,contextual
3205,आज एथलीट का दौड़ में बेअसर खेल टीम पर भारी पड़ा।,negative,athletics,contextual
3206,महत्वपूर्ण मौके पर भारतीय टीम ने सीरीज में कई आसान मौके गंवाए।,negative,cricket,domain_context
3207,टूर्नामेंट के अहम चरण में कप्तान ने मुकाबला में उत्कृष्ट खेल दिखाकर लगातार अच्छा प्रदर्शन किया।,positive,tennis,contextual
3208,डिफेंडर की सेमीफाइनल में असंगत रणनीति काम नहीं आई।,negative,football,contextual
3209,सेमीफाइनल लगातार तीसरे मैच में आयोजित होगा और डिफेंडर इसमें हिस्सा लेगा।,neutral,football,factual
3210,लगातार तीसरे मैच में भारत ने ओवर में धमाकेदार खेल दिखाकर लगातार अच्छा प्रदर्शन किया।,positive,cricket,contextual
3211,क्लब की सेमीफाइनल में बेअसर रणनीति काम नहीं आई।,negative,football,contextual
3212,खिलाड़ी मुकाबला के लिए रणनीति पर चर्चा कर रही है।,neutral,badminton,neutral
3213,भारत पारी के लिए अगले मुकाबले की तैयारी कर रही है।,neutral,cricket,neutral
3214,लीग मैच घरेलू मैदान पर आयोजित होगा और खिलाड़ी इसमें हिस्सा लेगा।,neutral,kabaddi,factual
3215,प्लेऑफ टूर्नामेंट के अहम चरण में आयोजित होगा और भारतीय टीम इसमें हिस्सा लेगा।,neutral,kabaddi,factual
3216,महत्वपूर्ण मौके पर एथलीट का प्रतियोगिता में असंगत खेल टीम पर भारी पड़ा।,negative,athletics,contextual
3217,महत्वपूर्ण मौके पर खिलाड़ी ने फाइनल में धमाकेदार खेल दिखाकर महत्वपूर्ण योगदान दिया।,positive,tennis,contextual
3218,आज खिलाड़ी का रेस में लचर खेल टीम पर भारी पड़ा।,negative,athletics,contextual
3219,आज टेनिस स्टार क्वार्टरफाइनल से पहले प्रशिक्षण कर रहा है।,neutral,tennis,factual
3220,लंबे ब्रेक के बाद चैंपियन का मैच में लचर खेल टीम पर भारी पड़ा।,negative,badminton,contextual
3221,दबाव वाले मुकाबले में भारतीय टीम का ओवर में लचर खेल टीम पर भारी पड़ा।,negative,cricket,contextual
3222,लगातार तीसरे मैच में भारतीय धावक ने रेस में उत्कृष्ट खेल दिखाकर शानदार वापसी की।,positive,athletics,contextual
3223,आज युवा एथलीट ने दौड़ में शानदार खेल दिखाकर लगातार अच्छा प्रदर्शन किया।,positive,athletics,contextual
3224,घरेलू मैदान पर खिलाड़ी ने सेट में कमाल का खेल दिखाकर शानदार वापसी की।,positive,badminton,contextual
3225,घरेलू मैदान पर फॉरवर्ड ने फाइनल में यादगार खेल दिखाकर मुश्किल स्थिति से बाहर निकली।,positive,football,contextual
3226,महत्वपूर्ण मौके पर भारतीय टीम ने मैच में जबरदस्त खेल दिखाकर महत्वपूर्ण योगदान दिया।,positive,cricket,contextual
3227,दबाव वाले मुकाबले में जोड़ी ने मुकाबला में शानदार खेल दिखाकर मुकाबला अपने नाम कर लिया।,positive,badminton,contextual
3228,प्रशंसकों के सामने कप्तान ने सेट में कई आसान मौके गंवाए।,negative,tennis,domain_context
3229,चैंपियन ने मुकाबला में निराश करने वाला प्रदर्शन किया और महत्वपूर्ण मौका गंवाया।,negative,badminton,paraphrase
3230,निर्णायक मैच में कप्तान का सेमीफाइनल में खराब खेल टीम पर भारी पड़ा।,negative,football,contextual
3231,मुकाबला निर्णायक मैच में आयोजित होगा और चैंपियन इसमें हिस्सा लेगा।,neutral,badminton,factual
3232,निर्णायक मैच में भारतीय टीम ने मुकाबला से पहले प्रशिक्षण पूरा किया।,neutral,hockey,domain_context
3233,टूर्नामेंट के अहम चरण में भारतीय टीम ने सेमीफाइनल से पहले प्रशिक्षण पूरा किया।,neutral,football,domain_context
3234,आज बल्लेबाज का मैच में फीका खेल टीम पर भारी पड़ा।,negative,cricket,contextual
3235,हॉकी टीम ने मैच में लाजवाब प्रदर्शन करते हुए शानदार वापसी की।,positive,hockey,paraphrase
3236,गेंदबाज ने रन चेज में बेअसर प्रदर्शन किया और मुकाबला गंवा दिया।,negative,cricket,paraphrase
3237,लगातार तीसरे मैच में कप्तान ने रन चेज में धमाकेदार खेल दिखाकर मुश्किल स्थिति से बाहर निकली।,positive,cricket,contextual
3238,धाविका ने इवेंट में फीका प्रदर्शन किया और मुकाबला गंवा दिया।,negative,athletics,paraphrase
3239,महत्वपूर्ण मौके पर भारतीय टीम मुकाबला से पहले प्रशिक्षण कर रहा है।,neutral,hockey,factual
3240,इस मुकाबले में भारतीय टीम ने रन चेज से पहले प्रशिक्षण पूरा किया।,neutral,cricket,domain_context
3241,दबाव वाले मुकाबले में भारत का मैच में निराश करने वाला खेल टीम पर भारी पड़ा।,negative,cricket,contextual
3242,खिलाड़ी रेस के लिए अभ्यास सत्र में शामिल हुई।,neutral,athletics,neutral
3243,प्रशंसकों के सामने एथलीट दौड़ से पहले प्रशिक्षण कर रहा है।,neutral,athletics,factual
3244,दबाव वाले मुकाबले में क्लब मुकाबला से पहले प्रशिक्षण कर रहा है।,neutral,football,factual
3245,सीरीज आज आयोजित होगा और कप्तान इसमें हिस्सा लेगा।,neutral,cricket,factual
3246,प्रशंसकों के सामने चैंपियन का मैच में फीका खेल टीम पर भारी पड़ा।,negative,badminton,contextual
3247,टूर्नामेंट के अहम चरण में भारतीय शटलर ने मैच में लाजवाब खेल दिखाकर महत्वपूर्ण योगदान दिया।,positive,badminton,contextual
3248,डिफेंडर ने मुकाबला में खराब प्रदर्शन किया और बढ़त गंवा दी।,negative,football,paraphrase
3249,इस मुकाबले में जोड़ी ने मुकाबला में शानदार खेल दिखाकर जीत दर्ज की।,positive,badminton,contextual
3250,महत्वपूर्ण मौके पर क्लब का मुकाबला में बेअसर खेल टीम पर भारी पड़ा।,negative,football,contextual
3251,दबाव वाले मुकाबले में युवा खिलाड़ी का मुकाबला में बेअसर खेल टीम पर भारी पड़ा।,negative,tennis,contextual
3252,इस मुकाबले में धाविका प्रतियोगिता से पहले प्रशिक्षण कर रहा है।,neutral,athletics,factual
3253,आज भारतीय टीम का लीग मैच में खराब खेल टीम पर भारी पड़ा।,negative,kabaddi,contextual
3254,आज भारतीय खिलाड़ी फाइनल से पहले प्रशिक्षण कर रहा है।,neutral,tennis,factual
3255,दबाव वाले मुकाबले में भारतीय टीम ने लीग मैच में जबरदस्त खेल दिखाकर मुश्किल स्थिति से बाहर निकली।,positive,hockey,contextual
3256,घरेलू मैदान पर भारतीय टीम ने मैच से पहले प्रशिक्षण पूरा किया।,neutral,cricket,domain_context
3257,दबाव वाले मुकाबले में डिफेंडर ने सेमीफाइनल से पहले प्रशिक्षण पूरा किया।,neutral,football,domain_context
3258,आज गोलकीपर का सेमीफाइनल में लचर खेल टीम पर भारी पड़ा।,negative,football,contextual
3259,दबाव वाले मुकाबले में युवा शटलर ने मुकाबला में शानदार खेल दिखाकर मुश्किल स्थिति से बाहर निकली।,positive,badminton,contextual
3260,आज विकेटकीपर का रन चेज में लचर खेल टीम पर भारी पड़ा।,negative,cricket,contextual
3261,घरेलू मैदान पर गोलकीपर ने मुकाबला में यादगार खेल दिखाकर मुकाबला अपने नाम कर लिया।,positive,football,contextual
3262,भारतीय शटलर की सेट में लचर रणनीति काम नहीं आई।,negative,badminton,contextual
3263,टूर्नामेंट के अहम चरण में फॉरवर्ड का सेमीफाइनल में असंगत खेल टीम पर भारी पड़ा।,negative,hockey,contextual
3264,दबाव वाले मुकाबले में एथलीट इवेंट से पहले प्रशिक्षण कर रहा है।,neutral,athletics,factual
3265,लंबे ब्रेक के बाद रेडर का लीग मैच में निराशाजनक खेल टीम पर भारी पड़ा।,negative,kabaddi,contextual
3266,फॉरवर्ड फाइनल के लिए प्रशिक्षण जारी रखे हुए है।,neutral,football,neutral
3267,भारतीय टीम ने प्लेऑफ में धमाकेदार खेल दिखाया और टीम को जीत दिलाई।,positive,kabaddi,domain_context
3268,घरेलू मैदान पर क्लब मैच से पहले प्रशिक्षण कर रहा है।,neutral,football,factual
3269,भारतीय धावक ने दौड़ में शानदार प्रदर्शन करते हुए जीत दर्ज की।,positive,athletics,paraphrase
3270,धाविका ने दौड़ में असंगत प्रदर्शन किया और मुकाबला गंवा दिया।,negative,athletics,paraphrase
3271,विकेटकीपर ओवर के लिए मैच के लिए रवाना हुई।,neutral,cricket,neutral
3272,महत्वपूर्ण मौके पर खिलाड़ी ने फाइनल से पहले प्रशिक्षण पूरा किया।,neutral,badminton,domain_context
3273,बल्लेबाज सीरीज के लिए रणनीति पर चर्चा कर रही है।,neutral,cricket,neutral
3274,लंबे ब्रेक के बाद हॉकी टीम फाइनल से पहले प्रशिक्षण कर रहा है।,neutral,hockey,factual
3275,सेट लगातार तीसरे मैच में आयोजित होगा और कप्तान इसमें हिस्सा लेगा।,neutral,tennis,factual
3276,लंबे ब्रेक के बाद कप्तान ने सीरीज में कई आसान मौके गंवाए।,negative,cricket,domain_context
3277,टूर्नामेंट के अहम चरण में भारतीय टीम का लीग मैच में फीका खेल टीम पर भारी पड़ा।,negative,football,contextual
3278,इस मुकाबले में डिफेंडर का लीग मैच में फीका खेल टीम पर भारी पड़ा।,negative,hockey,contextual
3279,टूर्नामेंट के अहम चरण में डिफेंडर ने मैच में लाजवाब खेल दिखाकर मुश्किल स्थिति से बाहर निकली।,positive,hockey,contextual
3280,महत्वपूर्ण मौके पर गोलकीपर का मुकाबला में निराश करने वाला खेल टीम पर भारी पड़ा।,negative,hockey,contextual
3281,लंबे ब्रेक के बाद भारतीय टीम फाइनल से पहले प्रशिक्षण कर रहा है।,neutral,football,factual
3282,इस मुकाबले में खिलाड़ी का फाइनल में बेअसर खेल टीम पर भारी पड़ा।,negative,badminton,contextual
3283,इस मुकाबले में भारतीय टीम ने प्लेऑफ में धमाकेदार खेल दिखाकर लगातार अच्छा प्रदर्शन किया।,positive,kabaddi,contextual
3284,सेट लगातार तीसरे मैच में आयोजित होगा और युवा शटलर इसमें हिस्सा लेगा।,neutral,badminton,factual
3285,डिफेंडर ने मुकाबला में जबरदस्त प्रदर्शन करते हुए मुश्किल स्थिति से बाहर निकली।,positive,football,paraphrase
3286,लगातार तीसरे मैच में डिफेंडर ने लीग मैच में उत्कृष्ट खेल दिखाकर लगातार अच्छा प्रदर्शन किया।,positive,hockey,contextual
3287,युवा शटलर ने गेम में खराब प्रदर्शन किया और लगातार गलतियां कीं।,negative,badminton,paraphrase
3288,दबाव वाले मुकाबले में गोलकीपर ने फाइनल से पहले प्रशिक्षण पूरा किया।,neutral,hockey,domain_context
3289,लंबे ब्रेक के बाद गोलकीपर का मुकाबला में खराब खेल टीम पर भारी पड़ा।,negative,football,contextual
3290,लीग मैच टूर्नामेंट के अहम चरण में आयोजित होगा और खिलाड़ी इसमें हिस्सा लेगा।,neutral,kabaddi,factual
3291,निर्णायक मैच में भारतीय टीम ने फाइनल में बेहतरीन खेल दिखाकर शानदार वापसी की।,positive,football,contextual
3292,आज भारतीय धावक का फाइनल में असंगत खेल टीम पर भारी पड़ा।,negative,athletics,contextual
3293,आज भारतीय शटलर मुकाबला से पहले प्रशिक्षण कर रहा है।,neutral,badminton,factual
3294,दबाव वाले मुकाबले में डिफेंडर ने मैच में कमाल का खेल दिखाकर लगातार अच्छा प्रदर्शन किया।,positive,football,contextual
3295,आज खिलाड़ी ने फाइनल में कमाल का खेल दिखाकर दबदबा कायम रखा।,positive,kabaddi,contextual
3296,लंबे ब्रेक के बाद टेनिस स्टार ने मैच से पहले प्रशिक्षण पूरा किया।,neutral,tennis,domain_context
3297,टूर्नामेंट के अहम चरण में भारतीय शटलर ने गेम में यादगार खेल दिखाकर मुश्किल स्थिति से बाहर निकली।,positive,badminton,contextual
3298,फॉरवर्ड मैच के लिए मैच के लिए रवाना हुई।,neutral,football,neutral
3299,भारतीय टीम मैच के लिए अगले मुकाबले की तैयारी कर रही है।,neutral,cricket,neutral
3300,महत्वपूर्ण मौके पर फॉरवर्ड का मुकाबला में निराशाजनक खेल टीम पर भारी पड़ा।,negative,hockey,contextual
3301,टूर्नामेंट के अहम चरण में युवा एथलीट का इवेंट में निराश करने वाला खेल टीम पर भारी पड़ा।,negative,athletics,contextual
3302,टूर्नामेंट के अहम चरण में खिलाड़ी का मैच में निराश करने वाला खेल टीम पर भारी पड़ा।,negative,tennis,contextual
3303,आज कप्तान का ओवर में निराशाजनक खेल टीम पर भारी पड़ा।,negative,cricket,contextual
3304,घरेलू मैदान पर डिफेंडर ने सेमीफाइनल में लाजवाब खेल दिखाकर मुकाबला अपने नाम कर लिया।,positive,football,contextual
3305,फॉरवर्ड फाइनल के लिए अगले दौर के लिए पहुंची।,neutral,football,neutral
3306,खिलाड़ी को लीग मैच के लिए टीम में शामिल किया गया है।,neutral,kabaddi,domain_context
3307,डिफेंडर ने मुकाबला में बेहतरीन खेल दिखाया और टीम को जीत दिलाई।,positive,kabaddi,domain_context
3308,महत्वपूर्ण मौके पर कप्तान ने लीग मैच से पहले प्रशिक्षण पूरा किया।,neutral,football,domain_context
3309,हॉकी टीम ने सेमीफाइनल में खराब प्रदर्शन किया और अपनी लय खो दी।,negative,hockey,paraphrase
3310,टूर्नामेंट के अहम चरण में रेडर ने फाइनल में शानदार खेल दिखाकर महत्वपूर्ण योगदान दिया।,positive,kabaddi,contextual
3311,मुकाबला घरेलू मैदान पर आयोजित होगा और डिफेंडर इसमें हिस्सा लेगा।,neutral,hockey,factual
3312,डिफेंडर ने मैच में लचर प्रदर्शन किया और उम्मीदों पर खरी नहीं उतरी।,negative,kabaddi,paraphrase
3313,प्लेऑफ इस मुकाबले में आयोजित होगा और खिलाड़ी इसमें हिस्सा लेगा।,neutral,kabaddi,factual
3314,घरेलू मैदान पर भारतीय टीम लीग मैच से पहले प्रशिक्षण कर रहा है।,neutral,kabaddi,factual
3315,महत्वपूर्ण मौके पर डिफेंडर ने लीग मैच में कमाल का खेल दिखाकर मुकाबला अपने नाम कर लिया।,positive,hockey,contextual
3316,निर्णायक मैच में भारतीय टीम ने फाइनल में उत्कृष्ट खेल दिखाकर दबदबा कायम रखा।,positive,kabaddi,contextual
3317,लंबे ब्रेक के बाद युवा खिलाड़ी ने मुकाबला में शानदार खेल दिखाकर मुश्किल स्थिति से बाहर निकली।,positive,tennis,contextual
3318,खिलाड़ी की मैच में बेअसर रणनीति काम नहीं आई।,negative,kabaddi,contextual
3319,आज भारतीय टीम ने पारी में शानदार खेल दिखाकर मुश्किल स्थिति से बाहर निकली।,positive,cricket,contextual
3320,इस मुकाबले में युवा एथलीट ने दौड़ में बेहतरीन खेल दिखाकर शानदार वापसी की।,positive,athletics,contextual
3321,क्लब ने मुकाबला में निराशाजनक प्रदर्शन किया और मुकाबला गंवा दिया।,negative,football,paraphrase
3322,महत्वपूर्ण मौके पर युवा खिलाड़ी ने मुकाबला में बेहतरीन खेल दिखाकर लगातार अच्छा प्रदर्शन किया।,positive,tennis,contextual
3323,बल्लेबाज ने सीरीज में निराशाजनक प्रदर्शन किया और मुकाबला गंवा दिया।,negative,cricket,paraphrase
3324,प्रशंसकों के सामने धाविका ने दौड़ में कमाल का खेल दिखाकर मुकाबला अपने नाम कर लिया।,positive,athletics,contextual
3325,मैच टूर्नामेंट के अहम चरण में आयोजित होगा और क्लब इसमें हिस्सा लेगा।,neutral,football,factual
3326,कप्तान सेमीफाइनल के लिए अगले दौर के लिए पहुंची।,neutral,football,neutral
3327,लगातार तीसरे मैच में जोड़ी ने मुकाबला से पहले प्रशिक्षण पूरा किया।,neutral,badminton,domain_context
3328,निर्णायक मैच में भारतीय टीम का सेमीफाइनल में बेअसर खेल टीम पर भारी पड़ा।,negative,hockey,contextual
3329,इस मुकाबले में हॉकी टीम का लीग मैच में लचर खेल टीम पर भारी पड़ा।,negative,hockey,contextual
3330,घरेलू मैदान पर भारतीय खिलाड़ी का मैच में बेअसर खेल टीम पर भारी पड़ा।,negative,tennis,contextual
3331,गेंदबाज के पारी में बेहतरीन प्रदर्शन से टीम को फायदा हुआ।,positive,cricket,contextual
3332,लगातार तीसरे मैच में भारतीय टीम ने सेमीफाइनल में लाजवाब खेल दिखाकर दबदबा कायम रखा।,positive,hockey,contextual
3333,भारतीय शटलर मैच के लिए अगले दौर के लिए पहुंची।,neutral,badminton,neutral
3334,महत्वपूर्ण मौके पर कप्तान ने क्वार्टरफाइनल में कई आसान मौके गंवाए।,negative,tennis,domain_context
3335,आज डिफेंडर लीग मैच से पहले प्रशिक्षण कर रहा है।,neutral,hockey,factual
3336,गेम आज आयोजित होगा और युवा शटलर इसमें हिस्सा लेगा।,neutral,badminton,factual
3337,टेनिस स्टार ने मुकाबला में बेअसर प्रदर्शन किया और दबाव में बिखर गई।,negative,tennis,paraphrase
3338,मुकाबला इस मुकाबले में आयोजित होगा और गेंदबाज इसमें हिस्सा लेगा।,neutral,cricket,factual
3339,लगातार तीसरे मैच में खिलाड़ी का लीग मैच में निराशाजनक खेल टीम पर भारी पड़ा।,negative,kabaddi,contextual
3340,जोड़ी ने सेट में बेअसर प्रदर्शन किया और मुकाबला गंवा दिया।,negative,badminton,paraphrase
3341,इस मुकाबले में कप्तान ने ओवर में कई आसान मौके गंवाए।,negative,cricket,domain_context
3342,निर्णायक मैच में फॉरवर्ड ने सेमीफाइनल में धमाकेदार खेल दिखाकर मुकाबला अपने नाम कर लिया।,positive,hockey,contextual
3343,आज चैंपियन का मैच में निराशाजनक खेल टीम पर भारी पड़ा।,negative,badminton,contextual
3344,लंबे ब्रेक के बाद चैंपियन ने सेट में बेहतरीन खेल दिखाकर जीत दर्ज की।,positive,badminton,contextual
3345,धाविका ने रेस में यादगार प्रदर्शन करते हुए दबदबा कायम रखा।,positive,athletics,paraphrase
3346,मैच घरेलू मैदान पर आयोजित होगा और डिफेंडर इसमें हिस्सा लेगा।,neutral,football,factual
3347,प्रशंसकों के सामने एथलीट ने रेस से पहले प्रशिक्षण पूरा किया।,neutral,athletics,domain_context
3348,आज भारतीय शटलर ने गेम में जबरदस्त खेल दिखाकर शानदार वापसी की।,positive,badminton,contextual
3349,एथलीट को दौड़ के लिए टीम में शामिल किया गया है।,neutral,athletics,domain_context
3350,इस मुकाबले में भारतीय धावक ने दौड़ में कमाल का खेल दिखाकर मुश्किल स्थिति से बाहर निकली।,positive,athletics,contextual
3351,टूर्नामेंट के अहम चरण में एथलीट ने प्रतियोगिता में उत्कृष्ट खेल दिखाकर जीत दर्ज की।,positive,athletics,contextual
3352,लंबे ब्रेक के बाद खिलाड़ी ने इवेंट में उत्कृष्ट खेल दिखाकर शानदार वापसी की।,positive,athletics,contextual
3353,फाइनल लंबे ब्रेक के बाद आयोजित होगा और जोड़ी इसमें हिस्सा लेगा।,neutral,badminton,factual
3354,टूर्नामेंट के अहम चरण में खिलाड़ी ने मैच में यादगार खेल दिखाकर लगातार अच्छा प्रदर्शन किया।,positive,kabaddi,contextual
3355,निर्णायक मैच में युवा एथलीट का इवेंट में लचर खेल टीम पर भारी पड़ा।,negative,athletics,contextual
3356,भारतीय खिलाड़ी ने मुकाबला में निराश करने वाला प्रदर्शन किया और मुकाबला गंवा दिया।,negative,tennis,paraphrase
3357,घरेलू मैदान पर भारतीय शटलर का मैच में कमजोर खेल टीम पर भारी पड़ा।,negative,badminton,contextual
3358,बल्लेबाज ने सीरीज के लिए तैयारी शुरू कर दी।,neutral,cricket,factual
3359,घरेलू मैदान पर फॉरवर्ड ने लीग मैच में यादगार खेल दिखाकर लगातार अच्छा प्रदर्शन किया।,positive,football,contextual
3360,गोलकीपर ने मैच में फीका प्रदर्शन किया और बढ़त गंवा दी।,negative,hockey,paraphrase
3361,भारतीय टीम ने पारी में खराब प्रदर्शन किया और बढ़त गंवा दी।,negative,cricket,paraphrase
3362,लगातार तीसरे मैच में रेडर का प्लेऑफ में कमजोर खेल टीम पर भारी पड़ा।,negative,kabaddi,contextual
3363,निर्णायक मैच में भारत ओवर से पहले प्रशिक्षण कर रहा है।,neutral,cricket,factual
3364,सेट टूर्नामेंट के अहम चरण में आयोजित होगा और खिलाड़ी इसमें हिस्सा लेगा।,neutral,tennis,factual
3365,डिफेंडर ने मैच में बेअसर प्रदर्शन किया और बढ़त गंवा दी।,negative,kabaddi,paraphrase
3366,"धाविका ने मेहनत तो की, लेकिन प्रतियोगिता में अपनी बढ़त गंवा दी।",negative,athletics,negation
3367,लगातार तीसरे मैच में बल्लेबाज ने मैच से पहले प्रशिक्षण पूरा किया।,neutral,cricket,domain_context
3368,इवेंट आज आयोजित होगा और युवा एथलीट इसमें हिस्सा लेगा।,neutral,athletics,factual
3369,महत्वपूर्ण मौके पर कप्तान ने मुकाबला में धमाकेदार खेल दिखाकर शानदार वापसी की।,positive,kabaddi,contextual
3370,लगातार तीसरे मैच में गेंदबाज का मैच में निराश करने वाला खेल टीम पर भारी पड़ा।,negative,cricket,contextual
3371,प्रशंसकों के सामने डिफेंडर ने लीग मैच में बेहतरीन खेल दिखाकर मुकाबला अपने नाम कर लिया।,positive,football,contextual
3372,इस मुकाबले में कप्तान ने मुकाबला में जबरदस्त खेल दिखाकर जीत दर्ज की।,positive,football,contextual
3373,घरेलू मैदान पर कप्तान का मैच में बेअसर खेल टीम पर भारी पड़ा।,negative,kabaddi,contextual
3374,प्रशंसकों के सामने कप्तान ने प्लेऑफ में उत्कृष्ट खेल दिखाकर मुश्किल स्थिति से बाहर निकली।,positive,kabaddi,contextual
3375,लगातार तीसरे मैच में कप्तान का प्लेऑफ में निराशाजनक खेल टीम पर भारी पड़ा।,negative,kabaddi,contextual
3376,इस मुकाबले में भारतीय टीम का सेमीफाइनल में फीका खेल टीम पर भारी पड़ा।,negative,hockey,contextual
3377,लंबे ब्रेक के बाद कप्तान का मुकाबला में निराश करने वाला खेल टीम पर भारी पड़ा।,negative,cricket,contextual
3378,डिफेंडर ने मैच में बेअसर प्रदर्शन किया और महत्वपूर्ण मौका गंवाया।,negative,football,paraphrase
3379,दबाव वाले मुकाबले में भारतीय खिलाड़ी ने सेट से पहले प्रशिक्षण पूरा किया।,neutral,tennis,domain_context
3380,युवा एथलीट ने प्रतियोगिता में निराशाजनक प्रदर्शन किया और महत्वपूर्ण मौका गंवाया।,negative,athletics,paraphrase
3381,प्रशंसकों के सामने गोलकीपर ने फाइनल में कमाल का खेल दिखाकर दबदबा कायम रखा।,positive,hockey,contextual
3382,सेमीफाइनल महत्वपूर्ण मौके पर आयोजित होगा और फॉरवर्ड इसमें हिस्सा लेगा।,neutral,hockey,factual
3383,निर्णायक मैच में भारतीय टीम ने लीग मैच में लाजवाब खेल दिखाकर लगातार अच्छा प्रदर्शन किया।,positive,hockey,contextual
3384,घरेलू मैदान पर कप्तान ने मुकाबला में उत्कृष्ट खेल दिखाकर लगातार अच्छा प्रदर्शन किया।,positive,kabaddi,contextual
3385,घरेलू मैदान पर भारतीय टीम सेमीफाइनल से पहले प्रशिक्षण कर रहा है।,neutral,hockey,factual
3386,सेट टूर्नामेंट के अहम चरण में आयोजित होगा और युवा शटलर इसमें हिस्सा लेगा।,neutral,badminton,factual
3387,दबाव वाले मुकाबले में गेंदबाज ने मुकाबला से पहले प्रशिक्षण पूरा किया।,neutral,cricket,domain_context
3388,निर्णायक मैच में भारतीय टीम पारी से पहले प्रशिक्षण कर रहा है।,neutral,cricket,factual
3389,दबाव वाले मुकाबले में गेंदबाज का रन चेज में निराशाजनक खेल टीम पर भारी पड़ा।,negative,cricket,contextual
3390,दबाव वाले मुकाबले में गेंदबाज मुकाबला से पहले प्रशिक्षण कर रहा है।,neutral,cricket,factual
3391,गोलकीपर ने लीग मैच में लचर प्रदर्शन किया और उम्मीदों पर खरी नहीं उतरी।,negative,football,paraphrase
3392,आज एथलीट इवेंट से पहले प्रशिक्षण कर रहा है।,neutral,athletics,factual
3393,इस मुकाबले में धाविका दौड़ से पहले प्रशिक्षण कर रहा है।,neutral,athletics,factual
3394,सेट टूर्नामेंट के अहम चरण में आयोजित होगा और चैंपियन इसमें हिस्सा लेगा।,neutral,badminton,factual
3395,कप्तान की रन चेज में कमजोर रणनीति काम नहीं आई।,negative,cricket,contextual
3396,निर्णायक मैच में भारतीय शटलर मुकाबला से पहले प्रशिक्षण कर रहा है।,neutral,badminton,factual
3397,लंबे ब्रेक के बाद युवा शटलर का मैच में निराश करने वाला खेल टीम पर भारी पड़ा।,negative,badminton,contextual
3398,लगातार तीसरे मैच में भारतीय धावक का रेस में कमजोर खेल टीम पर भारी पड़ा।,negative,athletics,contextual
3399,घरेलू मैदान पर धाविका ने फाइनल में बेहतरीन तालमेल के साथ जीत हासिल की।,positive,athletics,domain_context
3400,प्रशंसकों के सामने चैंपियन सेट से पहले प्रशिक्षण कर रहा है।,neutral,badminton,factual
3401,टूर्नामेंट के अहम चरण में खिलाड़ी ने फाइनल में बेहतरीन खेल दिखाकर लगातार अच्छा प्रदर्शन किया।,positive,tennis,contextual
3402,आज खिलाड़ी फाइनल से पहले प्रशिक्षण कर रहा है।,neutral,kabaddi,factual
3403,खिलाड़ी की सेट में फीका रणनीति काम नहीं आई।,negative,tennis,contextual
3404,मुकाबला लगातार तीसरे मैच में आयोजित होगा और खिलाड़ी इसमें हिस्सा लेगा।,neutral,tennis,factual
3405,दबाव वाले मुकाबले में युवा खिलाड़ी का फाइनल में लचर खेल टीम पर भारी पड़ा।,negative,tennis,contextual
3406,टूर्नामेंट के अहम चरण में हॉकी टीम ने फाइनल में शानदार खेल दिखाकर दबदबा कायम रखा।,positive,hockey,contextual
3407,आज भारतीय टीम ने रन चेज में जबरदस्त खेल दिखाकर महत्वपूर्ण योगदान दिया।,positive,cricket,contextual
3408,खिलाड़ी ने मुकाबला के लिए यात्रा कार्यक्रम साझा किया।,neutral,kabaddi,domain_context
3409,कप्तान ने लीग मैच के लिए तैयारी शुरू कर दी।,neutral,kabaddi,factual
3410,टेनिस स्टार ने मुकाबला में शानदार प्रदर्शन करते हुए दबदबा कायम रखा।,positive,tennis,paraphrase
3411,युवा एथलीट ने दौड़ में खराब प्रदर्शन किया और दबाव में बिखर गई।,negative,athletics,paraphrase
3412,धाविका ने इवेंट में जबरदस्त खेल दिखाया और टीम को जीत दिलाई।,positive,athletics,domain_context
3413,टूर्नामेंट के अहम चरण में भारतीय शटलर का मैच में निराश करने वाला खेल टीम पर भारी पड़ा।,negative,badminton,contextual
3414,निर्णायक मैच में गेंदबाज ने रन चेज में यादगार खेल दिखाकर दबदबा कायम रखा।,positive,cricket,contextual
3415,लंबे ब्रेक के बाद भारतीय खिलाड़ी फाइनल से पहले प्रशिक्षण कर रहा है।,neutral,tennis,factual
3416,प्रशंसकों के सामने रेडर का लीग मैच में कमजोर खेल टीम पर भारी पड़ा।,negative,kabaddi,contextual
3417,महत्वपूर्ण मौके पर कप्तान का मैच में बेअसर खेल टीम पर भारी पड़ा।,negative,kabaddi,contextual
3418,निर्णायक मैच में एथलीट ने इवेंट में उत्कृष्ट खेल दिखाकर दबदबा कायम रखा।,positive,athletics,contextual
3419,घरेलू मैदान पर चैंपियन का सेट में निराश करने वाला खेल टीम पर भारी पड़ा।,negative,badminton,contextual
3420,खिलाड़ी फाइनल के लिए रणनीति पर चर्चा कर रही है।,neutral,badminton,neutral
3421,आज खिलाड़ी ने लीग मैच में बेहतरीन खेल दिखाकर शानदार वापसी की।,positive,kabaddi,contextual
3422,मैच लंबे ब्रेक के बाद आयोजित होगा और जोड़ी इसमें हिस्सा लेगा।,neutral,badminton,factual
3423,आज युवा एथलीट ने इवेंट में जबरदस्त खेल दिखाकर जीत दर्ज की।,positive,athletics,contextual
3424,भारत ने ओवर के लिए नया अभ्यास कार्यक्रम शुरू किया।,neutral,cricket,domain_context
3425,टूर्नामेंट के अहम चरण में डिफेंडर ने फाइनल में जबरदस्त खेल दिखाकर शानदार वापसी की।,positive,hockey,contextual
3426,इस मुकाबले में खिलाड़ी ने मैच में धमाकेदार खेल दिखाकर जीत दर्ज की।,positive,tennis,contextual
3427,निर्णायक मैच में डिफेंडर का फाइनल में फीका खेल टीम पर भारी पड़ा।,negative,football,contextual
3428,महत्वपूर्ण मौके पर फॉरवर्ड लीग मैच से पहले प्रशिक्षण कर रहा है।,neutral,football,factual
3429,भारतीय खिलाड़ी मुकाबला के लिए रणनीति पर चर्चा कर रही है।,neutral,tennis,neutral
3430,"Aaj, Team aaj ke match ke liye ready hai.",neutral,multi-sport,code_mixed
3431,लगातार तीसरे मैच में भारतीय शटलर का मैच में फीका खेल टीम पर भारी पड़ा।,negative,badminton,contextual
3432,दबाव वाले मुकाबले में गोलकीपर ने मुकाबला में बेहतरीन तालमेल के साथ जीत हासिल की।,positive,hockey,domain_context
3433,टूर्नामेंट के अहम चरण में भारतीय टीम मुकाबला से पहले प्रशिक्षण कर रहा है।,neutral,football,factual
3434,निर्णायक मैच में फॉरवर्ड का सेमीफाइनल में निराश करने वाला खेल टीम पर भारी पड़ा।,negative,hockey,contextual
3435,दबाव वाले मुकाबले में गेंदबाज रन चेज से पहले प्रशिक्षण कर रहा है।,neutral,cricket,factual
3436,लगातार तीसरे मैच में चैंपियन ने मुकाबला में लाजवाब खेल दिखाकर जीत दर्ज की।,positive,badminton,contextual
3437,निर्णायक मैच में धाविका का दौड़ में बेअसर खेल टीम पर भारी पड़ा।,negative,athletics,contextual
3438,दबाव वाले मुकाबले में खिलाड़ी ने क्वार्टरफाइनल में धमाकेदार खेल दिखाकर लगातार अच्छा प्रदर्शन किया।,positive,tennis,contextual
3439,लगातार तीसरे मैच में बल्लेबाज ने ओवर में धमाकेदार खेल दिखाकर महत्वपूर्ण योगदान दिया।,positive,cricket,contextual
3440,महत्वपूर्ण मौके पर भारतीय टीम ने मुकाबला में उत्कृष्ट खेल दिखाकर महत्वपूर्ण योगदान दिया।,positive,kabaddi,contextual
3441,इस मुकाबले में एथलीट का प्रतियोगिता में लचर खेल टीम पर भारी पड़ा।,negative,athletics,contextual
3442,निर्णायक मैच में हॉकी टीम ने मैच में लाजवाब खेल दिखाकर जीत दर्ज की।,positive,hockey,contextual
3443,खिलाड़ी ने प्लेऑफ में बेअसर प्रदर्शन किया और उम्मीदों पर खरी नहीं उतरी।,negative,kabaddi,paraphrase
3444,फाइनल लंबे ब्रेक के बाद आयोजित होगा और युवा खिलाड़ी इसमें हिस्सा लेगा।,neutral,tennis,factual
3445,धाविका ने फाइनल में कमजोर खेल दिखाया और टीम को नुकसान हुआ।,negative,athletics,domain_context
3446,घरेलू मैदान पर खिलाड़ी ने दौड़ में धमाकेदार खेल दिखाकर लगातार अच्छा प्रदर्शन किया।,positive,athletics,contextual
3447,भारतीय टीम सेमीफाइनल के लिए अभ्यास सत्र में शामिल हुई।,neutral,hockey,neutral
3448,डिफेंडर ने लीग मैच में फीका प्रदर्शन किया और दबाव में बिखर गई।,negative,hockey,paraphrase
3449,युवा शटलर ने गेम में लचर प्रदर्शन किया और महत्वपूर्ण मौका गंवाया।,negative,badminton,paraphrase
3450,लगातार तीसरे मैच में क्लब ने मुकाबला में बेहतरीन खेल दिखाकर शानदार वापसी की।,positive,football,contextual
3451,निर्णायक मैच में युवा खिलाड़ी ने क्वार्टरफाइनल में जबरदस्त खेल दिखाकर मुश्किल स्थिति से बाहर निकली।,positive,tennis,contextual
3452,लंबे ब्रेक के बाद खिलाड़ी ने मुकाबला में धमाकेदार खेल दिखाकर दबदबा कायम रखा।,positive,kabaddi,contextual
3453,प्रशंसकों के सामने युवा खिलाड़ी ने क्वार्टरफाइनल से पहले प्रशिक्षण पूरा किया।,neutral,tennis,domain_context
3454,इवेंट प्रशंसकों के सामने आयोजित होगा और धाविका इसमें हिस्सा लेगा।,neutral,athletics,factual
3455,लीग मैच इस मुकाबले में आयोजित होगा और खिलाड़ी इसमें हिस्सा लेगा।,neutral,kabaddi,factual
3456,दबाव वाले मुकाबले में खिलाड़ी ने फाइनल में धमाकेदार खेल दिखाकर मुश्किल स्थिति से बाहर निकली।,positive,kabaddi,contextual
3457,युवा शटलर ने सेट में असंगत खेल दिखाया और टीम को नुकसान हुआ।,negative,badminton,domain_context
3458,सेट आज आयोजित होगा और जोड़ी इसमें हिस्सा लेगा।,neutral,badminton,factual
3459,भारतीय खिलाड़ी ने फाइनल में निराश करने वाला प्रदर्शन किया और मुकाबला गंवा दिया।,negative,tennis,paraphrase
3460,लीग मैच आज आयोजित होगा और भारतीय टीम इसमें हिस्सा लेगा।,neutral,kabaddi,factual
3461,भारतीय शटलर सेट के लिए अगले दौर के लिए पहुंची।,neutral,badminton,neutral
3462,इस मुकाबले में खिलाड़ी ने फाइनल में जबरदस्त खेल दिखाकर महत्वपूर्ण योगदान दिया।,positive,tennis,contextual
3463,टूर्नामेंट के अहम चरण में चैंपियन ने फाइनल में यादगार खेल दिखाकर मुकाबला अपने नाम कर लिया।,positive,badminton,contextual
3464,लंबे ब्रेक के बाद कप्तान ने फाइनल में कई आसान मौके गंवाए।,negative,tennis,domain_context
3465,बल्लेबाज ने मैच में लचर प्रदर्शन किया और दबाव में बिखर गई।,negative,cricket,paraphrase
3466,लंबे ब्रेक के बाद कप्तान का मुकाबला में खराब खेल टीम पर भारी पड़ा।,negative,cricket,contextual
3467,हॉकी टीम ने मैच में कमजोर खेल दिखाया और टीम को नुकसान हुआ।,negative,hockey,domain_context
3468,लंबे ब्रेक के बाद खिलाड़ी ने मुकाबला में बेहतरीन तालमेल के साथ जीत हासिल की।,positive,tennis,domain_context
3469,निर्णायक मैच में गोलकीपर ने मैच से पहले प्रशिक्षण पूरा किया।,neutral,football,domain_context
3470,घरेलू मैदान पर भारतीय टीम ने सेमीफाइनल में लाजवाब खेल दिखाकर महत्वपूर्ण योगदान दिया।,positive,football,contextual
3471,फाइनल निर्णायक मैच में आयोजित होगा और धाविका इसमें हिस्सा लेगा।,neutral,athletics,factual
3472,लगातार तीसरे मैच में खिलाड़ी का मैच में फीका खेल टीम पर भारी पड़ा।,negative,badminton,contextual
3473,जोड़ी ने मुकाबला में फीका प्रदर्शन किया और मुकाबला गंवा दिया।,negative,badminton,paraphrase
3474,आज भारतीय टीम ने मुकाबला में लाजवाब खेल दिखाकर मुकाबला अपने नाम कर लिया।,positive,football,contextual
3475,कप्तान ने मुकाबला में कमजोर प्रदर्शन किया और बढ़त गंवा दी।,negative,cricket,paraphrase
3476,घरेलू मैदान पर डिफेंडर का मैच में निराशाजनक खेल टीम पर भारी पड़ा।,negative,hockey,contextual
3477,इस मुकाबले में भारतीय टीम का पारी में निराश करने वाला खेल टीम पर भारी पड़ा।,negative,cricket,contextual
3478,घरेलू मैदान पर युवा एथलीट फाइनल से पहले प्रशिक्षण कर रहा है।,neutral,athletics,factual
3479,प्लेऑफ लंबे ब्रेक के बाद आयोजित होगा और रेडर इसमें हिस्सा लेगा।,neutral,kabaddi,factual
3480,प्रशंसकों के सामने खिलाड़ी का गेम में बेअसर खेल टीम पर भारी पड़ा।,negative,badminton,contextual
3481,आज भारतीय खिलाड़ी मुकाबला से पहले प्रशिक्षण कर रहा है।,neutral,tennis,factual
3482,दबाव वाले मुकाबले में खिलाड़ी ने गेम में बेहतरीन तालमेल के साथ जीत हासिल की।,positive,badminton,domain_context
3483,लगातार तीसरे मैच में भारतीय टीम ने मुकाबला में उत्कृष्ट खेल दिखाकर लगातार अच्छा प्रदर्शन किया।,positive,hockey,contextual
3484,टूर्नामेंट के अहम चरण में टेनिस स्टार का मुकाबला में कमजोर खेल टीम पर भारी पड़ा।,negative,tennis,contextual
3485,दबाव वाले मुकाबले में गेंदबाज का ओवर में निराशाजनक खेल टीम पर भारी पड़ा।,negative,cricket,contextual
3486,विकेटकीपर ने ओवर में निराशाजनक खेल दिखाया और टीम को नुकसान हुआ।,negative,cricket,domain_context
3487,लगातार तीसरे मैच में भारतीय धावक ने प्रतियोगिता में शानदार खेल दिखाकर शानदार वापसी की।,positive,athletics,contextual
3488,रेडर ने लीग मैच में शानदार खेल दिखाया और टीम को जीत दिलाई।,positive,kabaddi,domain_context
3489,निर्णायक मैच में हॉकी टीम ने लीग मैच में धमाकेदार खेल दिखाकर मुकाबला अपने नाम कर लिया।,positive,hockey,contextual
3490,दबाव वाले मुकाबले में रेडर ने प्लेऑफ में कई आसान मौके गंवाए।,negative,kabaddi,domain_context
3491,सेमीफाइनल इस मुकाबले में आयोजित होगा और फॉरवर्ड इसमें हिस्सा लेगा।,neutral,hockey,factual
3492,युवा खिलाड़ी ने मैच में असंगत प्रदर्शन किया और बढ़त गंवा दी।,negative,tennis,paraphrase
3493,भारतीय धावक का कमजोर प्रदर्शन प्रतियोगिता में हार का कारण बना।,negative,athletics,domain_context
3494,दबाव वाले मुकाबले में कप्तान ने पारी में लाजवाब खेल दिखाकर महत्वपूर्ण योगदान दिया।,positive,cricket,contextual
3495,भारतीय शटलर ने फाइनल में बेअसर प्रदर्शन किया और महत्वपूर्ण मौका गंवाया।,negative,badminton,paraphrase
3496,निर्णायक मैच में खिलाड़ी का गेम में लचर खेल टीम पर भारी पड़ा।,negative,badminton,contextual
3497,प्रशंसकों के सामने बल्लेबाज ने मुकाबला से पहले प्रशिक्षण पूरा किया।,neutral,cricket,domain_context
3498,महत्वपूर्ण मौके पर खिलाड़ी का लीग मैच में बेअसर खेल टीम पर भारी पड़ा।,negative,kabaddi,contextual
3499,टेनिस स्टार ने क्वार्टरफाइनल में बेअसर प्रदर्शन किया और उम्मीदों पर खरी नहीं उतरी।,negative,tennis,paraphrase
3500,लगातार तीसरे मैच में भारतीय टीम का मैच में बेअसर खेल टीम पर भारी पड़ा।,negative,hockey,contextual
3501,टूर्नामेंट के अहम चरण में कप्तान ने मुकाबला में जबरदस्त खेल दिखाकर जीत दर्ज की।,positive,kabaddi,contextual
3502,डिफेंडर ने मैच में खराब प्रदर्शन किया और मुकाबला गंवा दिया।,negative,football,paraphrase
3503,युवा एथलीट ने दौड़ के लिए यात्रा कार्यक्रम साझा किया।,neutral,athletics,domain_context
3504,निर्णायक मैच में कप्तान ने मुकाबला से पहले प्रशिक्षण पूरा किया।,neutral,kabaddi,domain_context
3505,बल्लेबाज ने पारी के लिए तैयारी शुरू कर दी।,neutral,cricket,factual
3506,फॉरवर्ड की लीग मैच में असंगत रणनीति काम नहीं आई।,negative,football,contextual
3507,टूर्नामेंट के अहम चरण में खिलाड़ी ने मैच में शानदार खेल दिखाकर जीत दर्ज की।,positive,tennis,contextual
3508,प्रशंसकों के सामने खिलाड़ी मुकाबला से पहले प्रशिक्षण कर रहा है।,neutral,badminton,factual
3509,भारतीय धावक को फाइनल के लिए टीम में शामिल किया गया है।,neutral,athletics,domain_context
3510,लगातार तीसरे मैच में टेनिस स्टार का सेट में खराब खेल टीम पर भारी पड़ा।,negative,tennis,contextual
3511,खिलाड़ी ने प्रतियोगिता में लचर प्रदर्शन किया और दबाव में बिखर गई।,negative,athletics,paraphrase
3512,मुकाबला घरेलू मैदान पर आयोजित होगा और रेडर इसमें हिस्सा लेगा।,neutral,kabaddi,factual
3513,महत्वपूर्ण मौके पर टेनिस स्टार का मैच में निराशाजनक खेल टीम पर भारी पड़ा।,negative,tennis,contextual
3514,प्रशंसकों के सामने कप्तान का ओवर में खराब खेल टीम पर भारी पड़ा।,negative,cricket,contextual
3515,आज जोड़ी ने मुकाबला में कई आसान मौके गंवाए।,negative,badminton,domain_context
3516,आज विकेटकीपर का मैच में खराब खेल टीम पर भारी पड़ा।,negative,cricket,contextual
3517,मैच प्रशंसकों के सामने आयोजित होगा और हॉकी टीम इसमें हिस्सा लेगा।,neutral,hockey,factual
3518,प्रशंसकों के सामने कप्तान ने सीरीज से पहले प्रशिक्षण पूरा किया।,neutral,cricket,domain_context
3519,पारी आज आयोजित होगा और भारतीय टीम इसमें हिस्सा लेगा।,neutral,cricket,factual
3520,महत्वपूर्ण मौके पर युवा एथलीट फाइनल से पहले प्रशिक्षण कर रहा है।,neutral,athletics,factual
3521,जोड़ी ने गेम में निराश करने वाला प्रदर्शन किया और बढ़त गंवा दी।,negative,badminton,paraphrase
3522,आज कप्तान का मैच में फीका खेल टीम पर भारी पड़ा।,negative,cricket,contextual
3523,मैच लंबे ब्रेक के बाद आयोजित होगा और भारतीय खिलाड़ी इसमें हिस्सा लेगा।,neutral,tennis,factual
3524,बल्लेबाज ने मुकाबला में खराब प्रदर्शन किया और दबाव में बिखर गई।,negative,cricket,paraphrase
3525,आज युवा एथलीट रेस से पहले प्रशिक्षण कर रहा है।,neutral,athletics,factual
3526,इस मुकाबले में गोलकीपर ने फाइनल में बेहतरीन खेल दिखाकर दबदबा कायम रखा।,positive,football,contextual
3527,भारतीय टीम ने मैच में कमजोर प्रदर्शन किया और उम्मीदों पर खरी नहीं उतरी।,negative,kabaddi,paraphrase
3528,प्रशंसकों के सामने भारत ने मुकाबला में यादगार खेल दिखाकर मुकाबला अपने नाम कर लिया।,positive,cricket,contextual
3529,लगातार तीसरे मैच में खिलाड़ी का इवेंट में खराब खेल टीम पर भारी पड़ा।,negative,athletics,contextual
3530,महत्वपूर्ण मौके पर भारतीय टीम मैच से पहले प्रशिक्षण कर रहा है।,neutral,football,factual
3531,इस मुकाबले में भारतीय टीम ने लीग मैच में धमाकेदार खेल दिखाकर जीत दर्ज की।,positive,hockey,contextual
3532,लंबे ब्रेक के बाद खिलाड़ी ने मुकाबला में कई आसान मौके गंवाए।,negative,tennis,domain_context
3533,इस मुकाबले में फॉरवर्ड ने मुकाबला में कमाल का खेल दिखाकर दबदबा कायम रखा।,positive,hockey,contextual
3534,भारतीय टीम मुकाबला के लिए प्रशिक्षण जारी रखे हुए है।,neutral,football,neutral
3535,इस मुकाबले में खिलाड़ी मैच से पहले प्रशिक्षण कर रहा है।,neutral,tennis,factual
3536,गोलकीपर अगले फाइनल से पहले कोच के साथ बैठक करेगा।,neutral,football,domain_context
3537,"Is tournament mein, Captain ne next game ki strategy discuss ki.",neutral,multi-sport,code_mixed
3538,युवा शटलर सेट के लिए प्रशिक्षण जारी रखे हुए है।,neutral,badminton,neutral
3539,आज खिलाड़ी रेस से पहले प्रशिक्षण कर रहा है।,neutral,athletics,factual
3540,हॉकी टीम लीग मैच के लिए टूर्नामेंट में हिस्सा ले रही है।,neutral,hockey,neutral
3541,आज क्लब फाइनल से पहले प्रशिक्षण कर रहा है।,neutral,football,factual
3542,प्रशंसकों के सामने डिफेंडर का लीग मैच में कमजोर खेल टीम पर भारी पड़ा।,negative,kabaddi,contextual
3543,युवा शटलर सेट के लिए अगले मुकाबले की तैयारी कर रही है।,neutral,badminton,neutral
3544,मुकाबला आज आयोजित होगा और खिलाड़ी इसमें हिस्सा लेगा।,neutral,tennis,factual
3545,टूर्नामेंट के अहम चरण में युवा शटलर मैच से पहले प्रशिक्षण कर रहा है।,neutral,badminton,factual
3546,मैच लंबे ब्रेक के बाद आयोजित होगा और भारत इसमें हिस्सा लेगा।,neutral,cricket,factual
3547,घरेलू मैदान पर भारतीय टीम ने फाइनल से पहले प्रशिक्षण पूरा किया।,neutral,kabaddi,domain_context
3548,प्रशंसकों के सामने कप्तान का ओवर में कमजोर खेल टीम पर भारी पड़ा।,negative,cricket,contextual
3549,लगातार तीसरे मैच में डिफेंडर ने प्लेऑफ से पहले प्रशिक्षण पूरा किया।,neutral,kabaddi,domain_context
3550,टेनिस स्टार क्वार्टरफाइनल के लिए रणनीति पर चर्चा कर रही है।,neutral,tennis,neutral
3551,टूर्नामेंट के अहम चरण में भारतीय टीम ने सेमीफाइनल में यादगार खेल दिखाकर जीत दर्ज की।,positive,football,contextual
3552,इस मुकाबले में भारतीय धावक का इवेंट में फीका खेल टीम पर भारी पड़ा।,negative,athletics,contextual
3553,डिफेंडर की मेहनत से फाइनल में टीम का आत्मविश्वास बढ़ा।,positive,kabaddi,domain_context
3554,महत्वपूर्ण मौके पर युवा एथलीट का रेस में कमजोर खेल टीम पर भारी पड़ा।,negative,athletics,contextual
3555,महत्वपूर्ण मौके पर गोलकीपर ने मुकाबला में लाजवाब खेल दिखाकर दबदबा कायम रखा।,positive,football,contextual
3556,महत्वपूर्ण मौके पर भारतीय टीम का मैच में लचर खेल टीम पर भारी पड़ा।,negative,hockey,contextual
3557,युवा एथलीट ने कठिन फाइनल में धैर्य रखते हुए सफलता हासिल की।,positive,athletics,domain_context
3558,आज भारतीय शटलर का फाइनल में बेअसर खेल टीम पर भारी पड़ा।,negative,badminton,contextual
3559,घरेलू मैदान पर युवा शटलर का फाइनल में निराश करने वाला खेल टीम पर भारी पड़ा।,negative,badminton,contextual
3560,प्रशंसकों के सामने भारतीय शटलर मैच से पहले प्रशिक्षण कर रहा है।,neutral,badminton,factual
3561,टूर्नामेंट के अहम चरण में एथलीट ने दौड़ में जबरदस्त खेल दिखाकर मुश्किल स्थिति से बाहर निकली।,positive,athletics,contextual
3562,लंबे ब्रेक के बाद एथलीट ने रेस में शानदार खेल दिखाकर दबदबा कायम रखा।,positive,athletics,contextual
3563,घरेलू मैदान पर विकेटकीपर ने रन चेज में बेहतरीन तालमेल के साथ जीत हासिल की।,positive,cricket,domain_context
3564,भारतीय टीम लीग मैच के लिए मैच के लिए रवाना हुई।,neutral,football,neutral
3565,सेट लंबे ब्रेक के बाद आयोजित होगा और खिलाड़ी इसमें हिस्सा लेगा।,neutral,tennis,factual
3566,निर्णायक मैच में भारतीय टीम ने फाइनल में यादगार खेल दिखाकर शानदार वापसी की।,positive,kabaddi,contextual
3567,दबाव वाले मुकाबले में भारत ओवर से पहले प्रशिक्षण कर रहा है।,neutral,cricket,factual
3568,भारतीय टीम ने मुकाबला के लिए तैयारी शुरू कर दी।,neutral,cricket,factual
3569,निर्णायक मैच में भारतीय टीम ने सीरीज में शानदार खेल दिखाकर शानदार वापसी की।,positive,cricket,contextual
3570,भारतीय शटलर ने फाइनल में निराशाजनक प्रदर्शन किया और मुकाबला गंवा दिया।,negative,badminton,paraphrase
3571,दबाव वाले मुकाबले में भारतीय धावक ने रेस में शानदार खेल दिखाकर महत्वपूर्ण योगदान दिया।,positive,athletics,contextual
3572,निर्णायक मैच में बल्लेबाज मैच से पहले प्रशिक्षण कर रहा है।,neutral,cricket,factual
3573,खिलाड़ी ने इवेंट में फीका प्रदर्शन किया और उम्मीदों पर खरी नहीं उतरी।,negative,athletics,paraphrase
3574,लगातार तीसरे मैच में भारतीय शटलर ने मुकाबला में यादगार खेल दिखाकर जीत दर्ज की।,positive,badminton,contextual
3575,कप्तान ने फाइनल में निराशाजनक प्रदर्शन किया और दबाव में बिखर गई।,negative,tennis,paraphrase
3576,डिफेंडर ने सेमीफाइनल में लचर प्रदर्शन किया और दबाव में बिखर गई।,negative,hockey,paraphrase
3577,फाइनल टूर्नामेंट के अहम चरण में आयोजित होगा और गोलकीपर इसमें हिस्सा लेगा।,neutral,hockey,factual
3578,भारतीय धावक का कमजोर प्रदर्शन रेस में हार का कारण बना।,negative,athletics,domain_context
3579,कप्तान ने मैच में लचर प्रदर्शन किया और उम्मीदों पर खरी नहीं उतरी।,negative,kabaddi,paraphrase
3580,फाइनल आज आयोजित होगा और भारतीय शटलर इसमें हिस्सा लेगा।,neutral,badminton,factual
3581,लंबे ब्रेक के बाद भारतीय टीम ने लीग मैच से पहले प्रशिक्षण पूरा किया।,neutral,kabaddi,domain_context
3582,टूर्नामेंट के अहम चरण में डिफेंडर ने मैच में उत्कृष्ट खेल दिखाकर शानदार वापसी की।,positive,kabaddi,contextual
3583,एथलीट ने दौड़ में लचर प्रदर्शन किया और महत्वपूर्ण मौका गंवाया।,negative,athletics,paraphrase
3584,बल्लेबाज ने सीरीज में शानदार प्रदर्शन करते हुए दबदबा कायम रखा।,positive,cricket,paraphrase
3585,चैंपियन ने सेट में निराश करने वाला प्रदर्शन किया और उम्मीदों पर खरी नहीं उतरी।,negative,badminton,paraphrase
3586,आज युवा खिलाड़ी का क्वार्टरफाइनल में फीका खेल टीम पर भारी पड़ा।,negative,tennis,contextual
3587,टूर्नामेंट के अहम चरण में चैंपियन का मुकाबला में असंगत खेल टीम पर भारी पड़ा।,negative,badminton,contextual
3588,महत्वपूर्ण मौके पर धाविका का प्रतियोगिता में लचर खेल टीम पर भारी पड़ा।,negative,athletics,contextual
3589,प्रशंसकों के सामने खिलाड़ी प्लेऑफ से पहले प्रशिक्षण कर रहा है।,neutral,kabaddi,factual
3590,आज खिलाड़ी क्वार्टरफाइनल से पहले प्रशिक्षण कर रहा है।,neutral,tennis,factual
3591,विकेटकीपर ने सीरीज के लिए तैयारी शुरू कर दी।,neutral,cricket,factual
3592,इस मुकाबले में गोलकीपर लीग मैच से पहले प्रशिक्षण कर रहा है।,neutral,football,factual
3593,आज रेडर ने मैच में लाजवाब खेल दिखाकर मुकाबला अपने नाम कर लिया।,positive,kabaddi,contextual
3594,टूर्नामेंट के अहम चरण में खिलाड़ी ने मुकाबला में उत्कृष्ट खेल दिखाकर शानदार वापसी की।,positive,kabaddi,contextual
3595,प्रशंसकों के सामने फॉरवर्ड का सेमीफाइनल में फीका खेल टीम पर भारी पड़ा।,negative,hockey,contextual
3596,आज फॉरवर्ड का सेमीफाइनल में निराश करने वाला खेल टीम पर भारी पड़ा।,negative,hockey,contextual
3597,दबाव वाले मुकाबले में भारतीय खिलाड़ी ने मैच में बेहतरीन खेल दिखाकर जीत दर्ज की।,positive,tennis,contextual
3598,महत्वपूर्ण मौके पर खिलाड़ी का रेस में खराब खेल टीम पर भारी पड़ा।,negative,athletics,contextual
3599,खिलाड़ी ने सेट में खराब प्रदर्शन किया और मुकाबला गंवा दिया।,negative,tennis,paraphrase
3600,भारतीय टीम ने मुकाबला में कमजोर प्रदर्शन किया और मुकाबला गंवा दिया।,negative,kabaddi,paraphrase
3601,दबाव वाले मुकाबले में खिलाड़ी ने क्वार्टरफाइनल से पहले प्रशिक्षण पूरा किया।,neutral,tennis,domain_context
3602,कप्तान ने फाइनल में निराश करने वाला प्रदर्शन किया और लगातार गलतियां कीं।,negative,football,paraphrase
3603,भारतीय शटलर के मुकाबला में धमाकेदार प्रदर्शन से टीम को फायदा हुआ।,positive,badminton,contextual
3604,दबाव वाले मुकाबले में बल्लेबाज ने ओवर में शानदार खेल दिखाकर दबदबा कायम रखा।,positive,cricket,contextual
3605,इस मुकाबले में हॉकी टीम ने फाइनल में बेहतरीन खेल दिखाकर मुकाबला अपने नाम कर लिया।,positive,hockey,contextual
3606,महत्वपूर्ण मौके पर टेनिस स्टार ने सेट में धमाकेदार खेल दिखाकर मुश्किल स्थिति से बाहर निकली।,positive,tennis,contextual
3607,निर्णायक मैच में गेंदबाज ने रन चेज में उत्कृष्ट खेल दिखाकर मुकाबला अपने नाम कर लिया।,positive,cricket,contextual
3608,महत्वपूर्ण मौके पर फॉरवर्ड का मुकाबला में खराब खेल टीम पर भारी पड़ा।,negative,football,contextual
3609,सेमीफाइनल प्रशंसकों के सामने आयोजित होगा और कप्तान इसमें हिस्सा लेगा।,neutral,football,factual
3610,हॉकी टीम मुकाबला के लिए अभ्यास सत्र में शामिल हुई।,neutral,hockey,neutral
3611,प्रशंसकों के सामने खिलाड़ी ने इवेंट में शानदार खेल दिखाकर मुकाबला अपने नाम कर लिया।,positive,athletics,contextual
3612,निर्णायक मैच में जोड़ी का मैच में कमजोर खेल टीम पर भारी पड़ा।,negative,badminton,contextual
3613,टूर्नामेंट के अहम चरण में कप्तान ने मैच से पहले प्रशिक्षण पूरा किया।,neutral,tennis,domain_context
3614,लगातार तीसरे मैच में भारतीय टीम ने लीग मैच से पहले प्रशिक्षण पूरा किया।,neutral,kabaddi,domain_context
3615,घरेलू मैदान पर क्लब का सेमीफाइनल में निराशाजनक खेल टीम पर भारी पड़ा।,negative,football,contextual
3616,दबाव वाले मुकाबले में कप्तान रन चेज से पहले प्रशिक्षण कर रहा है।,neutral,cricket,factual
3617,प्रशंसकों के सामने धाविका ने फाइनल से पहले प्रशिक्षण पूरा किया।,neutral,athletics,domain_context
3618,खिलाड़ी फाइनल के लिए अगले दौर के लिए पहुंची।,neutral,tennis,neutral
3619,लंबे ब्रेक के बाद हॉकी टीम का फाइनल में फीका खेल टीम पर भारी पड़ा।,negative,hockey,contextual
3620,घरेलू मैदान पर भारतीय शटलर ने गेम से पहले प्रशिक्षण पूरा किया।,neutral,badminton,domain_context
3621,आज टेनिस स्टार मुकाबला से पहले प्रशिक्षण कर रहा है।,neutral,tennis,factual
3622,लंबे ब्रेक के बाद गेंदबाज ने मैच में बेहतरीन खेल दिखाकर मुकाबला अपने नाम कर लिया।,positive,cricket,contextual
3623,खिलाड़ी लीग मैच के लिए टूर्नामेंट में हिस्सा ले रही है।,neutral,kabaddi,neutral
3624,युवा शटलर ने फाइनल में खराब प्रदर्शन किया और लगातार गलतियां कीं।,negative,badminton,paraphrase
3625,लगातार तीसरे मैच में धाविका ने फाइनल में शानदार खेल दिखाकर जीत दर्ज की।,positive,athletics,contextual
3626,मैच इस मुकाबले में आयोजित होगा और विकेटकीपर इसमें हिस्सा लेगा।,neutral,cricket,factual
3627,लंबे ब्रेक के बाद चैंपियन ने सेट में शानदार खेल दिखाकर मुकाबला अपने नाम कर लिया।,positive,badminton,contextual
3628,इवेंट लगातार तीसरे मैच में आयोजित होगा और एथलीट इसमें हिस्सा लेगा।,neutral,athletics,factual
3629,लंबे ब्रेक के बाद खिलाड़ी ने लीग मैच में धमाकेदार खेल दिखाकर जीत दर्ज की।,positive,kabaddi,contextual
3630,युवा शटलर फाइनल के लिए अभ्यास सत्र में शामिल हुई।,neutral,badminton,neutral
3631,लगातार तीसरे मैच में एथलीट का इवेंट में निराशाजनक खेल टीम पर भारी पड़ा।,negative,athletics,contextual
3632,भारत सीरीज के लिए प्रशिक्षण जारी रखे हुए है।,neutral,cricket,neutral
3633,एथलीट ने दौड़ में शानदार प्रदर्शन करते हुए शानदार वापसी की।,positive,athletics,paraphrase
3634,लीग मैच महत्वपूर्ण मौके पर आयोजित होगा और कप्तान इसमें हिस्सा लेगा।,neutral,football,factual
3635,घरेलू मैदान पर बल्लेबाज का सीरीज में लचर खेल टीम पर भारी पड़ा।,negative,cricket,contextual
3636,एथलीट ने इवेंट में जबरदस्त प्रदर्शन करते हुए मुकाबला अपने नाम कर लिया।,positive,athletics,paraphrase
3637,लगातार तीसरे मैच में डिफेंडर का मुकाबला में कमजोर खेल टीम पर भारी पड़ा।,negative,football,contextual
3638,घरेलू मैदान पर डिफेंडर मैच से पहले प्रशिक्षण कर रहा है।,neutral,football,factual
3639,खिलाड़ी ने गेम में बेअसर प्रदर्शन किया और महत्वपूर्ण मौका गंवाया।,negative,badminton,paraphrase
3640,डिफेंडर ने लीग मैच में धमाकेदार प्रदर्शन करते हुए जीत दर्ज की।,positive,kabaddi,paraphrase
3641,दबाव वाले मुकाबले में चैंपियन ने मैच में उत्कृष्ट खेल दिखाकर मुकाबला अपने नाम कर लिया।,positive,badminton,contextual
3642,भारतीय शटलर ने मैच में निराश करने वाला प्रदर्शन किया और दबाव में बिखर गई।,negative,badminton,paraphrase
3643,खिलाड़ी ने मैच में निराशाजनक प्रदर्शन किया और दबाव में बिखर गई।,negative,badminton,paraphrase
3644,भारतीय टीम सेमीफाइनल के लिए अगले दौर के लिए पहुंची।,neutral,hockey,neutral
3645,निर्णायक मैच में भारतीय टीम ने मैच में शानदार खेल दिखाकर महत्वपूर्ण योगदान दिया।,positive,kabaddi,contextual
3646,इस मुकाबले में भारतीय टीम का फाइनल में असंगत खेल टीम पर भारी पड़ा।,negative,football,contextual
3647,विकेटकीपर ने मुकाबला के लिए तैयारी शुरू कर दी।,neutral,cricket,factual
3648,मैच प्रशंसकों के सामने आयोजित होगा और जोड़ी इसमें हिस्सा लेगा।,neutral,badminton,factual
3649,युवा खिलाड़ी मुकाबला के लिए रणनीति पर चर्चा कर रही है।,neutral,tennis,neutral
3650,महत्वपूर्ण मौके पर भारतीय शटलर गेम से पहले प्रशिक्षण कर रहा है।,neutral,badminton,factual
3651,युवा एथलीट फाइनल के लिए अगले मुकाबले की तैयारी कर रही है।,neutral,athletics,neutral
3652,लंबे ब्रेक के बाद फॉरवर्ड का मुकाबला में कमजोर खेल टीम पर भारी पड़ा।,negative,hockey,contextual
3653,इस मुकाबले में खिलाड़ी ने मैच से पहले प्रशिक्षण पूरा किया।,neutral,badminton,domain_context
3654,युवा शटलर ने फाइनल में निराशाजनक प्रदर्शन किया और महत्वपूर्ण मौका गंवाया।,negative,badminton,paraphrase
3655,महत्वपूर्ण मौके पर कप्तान ने सेट से पहले प्रशिक्षण पूरा किया।,neutral,tennis,domain_context
3656,टूर्नामेंट के अहम चरण में भारतीय टीम ने फाइनल में कमाल का खेल दिखाकर लगातार अच्छा प्रदर्शन किया।,positive,hockey,contextual
3657,फाइनल महत्वपूर्ण मौके पर आयोजित होगा और कप्तान इसमें हिस्सा लेगा।,neutral,football,factual
3658,आज चैंपियन ने सेट से पहले प्रशिक्षण पूरा किया।,neutral,badminton,domain_context
3659,टूर्नामेंट के अहम चरण में डिफेंडर फाइनल से पहले प्रशिक्षण कर रहा है।,neutral,hockey,factual
3660,लगातार तीसरे मैच में युवा एथलीट फाइनल से पहले प्रशिक्षण कर रहा है।,neutral,athletics,factual
3661,खिलाड़ी ने लीग मैच में लाजवाब प्रदर्शन करते हुए लगातार अच्छा प्रदर्शन किया।,positive,kabaddi,paraphrase
3662,महत्वपूर्ण मौके पर कप्तान ने पारी में उत्कृष्ट खेल दिखाकर महत्वपूर्ण योगदान दिया।,positive,cricket,contextual
3663,प्रशंसकों के सामने भारतीय टीम मुकाबला से पहले प्रशिक्षण कर रहा है।,neutral,kabaddi,factual
3664,गोलकीपर मुकाबला के लिए रणनीति पर चर्चा कर रही है।,neutral,football,neutral
3665,महत्वपूर्ण मौके पर विकेटकीपर ने सीरीज में धमाकेदार खेल दिखाकर शानदार वापसी की।,positive,cricket,contextual
3666,क्लब मैच के लिए अगले मुकाबले की तैयारी कर रही है।,neutral,football,neutral
3667,प्लेऑफ आज आयोजित होगा और कप्तान इसमें हिस्सा लेगा।,neutral,kabaddi,factual
3668,प्रशंसकों के सामने भारतीय खिलाड़ी ने क्वार्टरफाइनल में जबरदस्त खेल दिखाकर शानदार वापसी की।,positive,tennis,contextual
3669,घरेलू मैदान पर चैंपियन का मैच में लचर खेल टीम पर भारी पड़ा।,negative,badminton,contextual
3670,लंबे ब्रेक के बाद चैंपियन ने गेम में उत्कृष्ट खेल दिखाकर दबदबा कायम रखा।,positive,badminton,contextual
3671,गेंदबाज ने मुकाबला में यादगार प्रदर्शन करते हुए मुकाबला अपने नाम कर लिया।,positive,cricket,paraphrase
3672,घरेलू मैदान पर हॉकी टीम का मैच में कमजोर खेल टीम पर भारी पड़ा।,negative,hockey,contextual
3673,इस मुकाबले में खिलाड़ी का मैच में कमजोर खेल टीम पर भारी पड़ा।,negative,tennis,contextual
3674,टूर्नामेंट के अहम चरण में क्लब मैच से पहले प्रशिक्षण कर रहा है।,neutral,football,factual
3675,कप्तान ने लीग मैच में उत्कृष्ट प्रदर्शन करते हुए जीत दर्ज की।,positive,kabaddi,paraphrase
3676,घरेलू मैदान पर गोलकीपर ने सेमीफाइनल में उत्कृष्ट खेल दिखाकर मुकाबला अपने नाम कर लिया।,positive,football,contextual
3677,दबाव वाले मुकाबले में एथलीट ने इवेंट से पहले प्रशिक्षण पूरा किया।,neutral,athletics,domain_context
3678,आज भारतीय टीम ने फाइनल में लाजवाब खेल दिखाकर मुश्किल स्थिति से बाहर निकली।,positive,hockey,contextual
3679,"चैंपियन ने मेहनत तो की, लेकिन गेम में अपनी बढ़त गंवा दी।",negative,badminton,negation
3680,लंबे ब्रेक के बाद भारत रन चेज से पहले प्रशिक्षण कर रहा है।,neutral,cricket,factual
3681,इस मुकाबले में चैंपियन ने मैच में यादगार खेल दिखाकर दबदबा कायम रखा।,positive,badminton,contextual
3682,चैंपियन सेट के लिए अगले दौर के लिए पहुंची।,neutral,badminton,neutral
3683,आज युवा शटलर ने मैच में उत्कृष्ट खेल दिखाकर दबदबा कायम रखा।,positive,badminton,contextual
3684,दबाव वाले मुकाबले में कप्तान का सेट में फीका खेल टीम पर भारी पड़ा।,negative,tennis,contextual
3685,घरेलू मैदान पर टेनिस स्टार ने सेट में कमाल का खेल दिखाकर मुश्किल स्थिति से बाहर निकली।,positive,tennis,contextual
3686,भारतीय धावक इवेंट के लिए मैच के लिए रवाना हुई।,neutral,athletics,neutral
3687,मैच से पहले खिलाड़ी ने निर्णायक क्षण में बेहतरीन प्रदर्शन किया।,positive,multi-sport,domain_context
3688,आज धाविका ने इवेंट में यादगार खेल दिखाकर मुकाबला अपने नाम कर लिया।,positive,athletics,contextual
3689,प्रशंसकों के सामने गोलकीपर ने मुकाबला में शानदार खेल दिखाकर लगातार अच्छा प्रदर्शन किया।,positive,football,contextual
3690,टूर्नामेंट के अहम चरण में कप्तान ने सेमीफाइनल में लाजवाब खेल दिखाकर शानदार वापसी की।,positive,football,contextual
3691,दबाव वाले मुकाबले में भारतीय टीम ने प्लेऑफ में धमाकेदार खेल दिखाकर दबदबा कायम रखा।,positive,kabaddi,contextual
3692,विकेटकीपर ने ओवर में कमजोर प्रदर्शन किया और बढ़त गंवा दी।,negative,cricket,paraphrase
3693,कप्तान ने फाइनल में बेअसर प्रदर्शन किया और अपनी लय खो दी।,negative,kabaddi,paraphrase
3694,लगातार तीसरे मैच में चैंपियन ने मैच में शानदार खेल दिखाकर जीत दर्ज की।,positive,badminton,contextual
3695,प्रशंसकों के सामने हॉकी टीम ने मुकाबला में धमाकेदार खेल दिखाकर मुकाबला अपने नाम कर लिया।,positive,hockey,contextual
3696,टेनिस स्टार ने फाइनल में कमजोर प्रदर्शन किया और लगातार गलतियां कीं।,negative,tennis,paraphrase
3697,विकेटकीपर ने ओवर के लिए यात्रा कार्यक्रम साझा किया।,neutral,cricket,domain_context
3698,टेनिस स्टार मुकाबला के लिए टूर्नामेंट में हिस्सा ले रही है।,neutral,tennis,neutral
3699,प्रशंसकों के सामने बल्लेबाज पारी से पहले प्रशिक्षण कर रहा है।,neutral,cricket,factual
3700,बल्लेबाज ने मुकाबला में खराब खेल दिखाया और टीम को नुकसान हुआ।,negative,cricket,domain_context
3701,टेनिस स्टार ने फाइनल में निराशाजनक प्रदर्शन किया और लगातार गलतियां कीं।,negative,tennis,paraphrase
3702,क्वार्टरफाइनल महत्वपूर्ण मौके पर आयोजित होगा और टेनिस स्टार इसमें हिस्सा लेगा।,neutral,tennis,factual
3703,भारत रन चेज के लिए मैच के लिए रवाना हुई।,neutral,cricket,neutral
3704,लंबे ब्रेक के बाद एथलीट ने इवेंट में बेहतरीन खेल दिखाकर महत्वपूर्ण योगदान दिया।,positive,athletics,contextual
3705,लगातार तीसरे मैच में फॉरवर्ड ने फाइनल में धमाकेदार खेल दिखाकर मुश्किल स्थिति से बाहर निकली।,positive,football,contextual
3706,लगातार तीसरे मैच में भारतीय टीम का मैच में लचर खेल टीम पर भारी पड़ा।,negative,kabaddi,contextual
3707,निर्णायक मैच में एथलीट ने प्रतियोगिता में शानदार खेल दिखाकर मुकाबला अपने नाम कर लिया।,positive,athletics,contextual
3708,फॉरवर्ड अगले मुकाबला से पहले कोच के साथ बैठक करेगा।,neutral,hockey,domain_context
3709,लंबे ब्रेक के बाद डिफेंडर ने फाइनल में यादगार खेल दिखाकर दबदबा कायम रखा।,positive,football,contextual
3710,मैच घरेलू मैदान पर आयोजित होगा और फॉरवर्ड इसमें हिस्सा लेगा।,neutral,football,factual
3711,भारतीय धावक ने रेस में फीका प्रदर्शन किया और उम्मीदों पर खरी नहीं उतरी।,negative,athletics,paraphrase
3712,खिलाड़ी ने दौड़ में बेअसर प्रदर्शन किया और महत्वपूर्ण मौका गंवाया।,negative,athletics,paraphrase
3713,निर्णायक मैच में फॉरवर्ड ने लीग मैच में शानदार खेल दिखाकर महत्वपूर्ण योगदान दिया।,positive,hockey,contextual
3714,निर्णायक मैच में युवा शटलर ने फाइनल में जबरदस्त खेल दिखाकर शानदार वापसी की।,positive,badminton,contextual
3715,महत्वपूर्ण मौके पर खिलाड़ी ने मैच में शानदार खेल दिखाकर महत्वपूर्ण योगदान दिया।,positive,tennis,contextual
3716,निर्णायक मैच में हॉकी टीम ने लीग मैच में कमाल का खेल दिखाकर जीत दर्ज की।,positive,hockey,contextual
3717,चैंपियन सेट के लिए रणनीति पर चर्चा कर रही है।,neutral,badminton,neutral
3718,महत्वपूर्ण मौके पर एथलीट ने इवेंट में लाजवाब खेल दिखाकर मुश्किल स्थिति से बाहर निकली।,positive,athletics,contextual
3719,प्रशंसकों के सामने खिलाड़ी ने फाइनल में लाजवाब खेल दिखाकर लगातार अच्छा प्रदर्शन किया।,positive,athletics,contextual
3720,घरेलू मैदान पर बल्लेबाज ने मुकाबला में धमाकेदार खेल दिखाकर मुकाबला अपने नाम कर लिया।,positive,cricket,contextual
3721,लंबे ब्रेक के बाद भारतीय शटलर ने सेट में धमाकेदार खेल दिखाकर मुकाबला अपने नाम कर लिया।,positive,badminton,contextual
3722,दबाव वाले मुकाबले में भारतीय टीम ने लीग मैच में कई आसान मौके गंवाए।,negative,football,domain_context
3723,लंबे ब्रेक के बाद कप्तान ओवर से पहले प्रशिक्षण कर रहा है।,neutral,cricket,factual
3724,कप्तान ने मैच में लाजवाब खेल दिखाया और टीम को जीत दिलाई।,positive,kabaddi,domain_context
3725,टूर्नामेंट के अहम चरण में क्लब लीग मैच से पहले प्रशिक्षण कर रहा है।,neutral,football,factual
3726,निर्णायक मैच में भारतीय टीम लीग मैच से पहले प्रशिक्षण कर रहा है।,neutral,hockey,factual
3727,टूर्नामेंट के अहम चरण में भारतीय टीम ने पारी में धमाकेदार खेल दिखाकर मुकाबला अपने नाम कर लिया।,positive,cricket,contextual
3728,इस मुकाबले में कप्तान ने फाइनल में कमाल का खेल दिखाकर लगातार अच्छा प्रदर्शन किया।,positive,kabaddi,contextual
3729,लगातार तीसरे मैच में रेडर का प्लेऑफ में निराश करने वाला खेल टीम पर भारी पड़ा।,negative,kabaddi,contextual
3730,भारतीय टीम की प्लेऑफ में लचर रणनीति काम नहीं आई।,negative,kabaddi,contextual
3731,खिलाड़ी ने मैच में कमजोर प्रदर्शन किया और महत्वपूर्ण मौका गंवाया।,negative,tennis,paraphrase
3732,निर्णायक मैच में हॉकी टीम का फाइनल में असंगत खेल टीम पर भारी पड़ा।,negative,hockey,contextual
3733,भारत ने रन चेज में बेअसर प्रदर्शन किया और बढ़त गंवा दी।,negative,cricket,paraphrase
3734,लीग मैच आज आयोजित होगा और हॉकी टीम इसमें हिस्सा लेगा।,neutral,hockey,factual
3735,कप्तान ने मुकाबला में बेहतरीन प्रदर्शन करते हुए दबदबा कायम रखा।,positive,cricket,paraphrase
3736,लगातार तीसरे मैच में गोलकीपर का मुकाबला में खराब खेल टीम पर भारी पड़ा।,negative,football,contextual
3737,सेमीफाइनल महत्वपूर्ण मौके पर आयोजित होगा और हॉकी टीम इसमें हिस्सा लेगा।,neutral,hockey,factual
3738,भारतीय टीम ने मुकाबला में लचर खेल दिखाया और टीम को नुकसान हुआ।,negative,kabaddi,domain_context
3739,इस मुकाबले में चैंपियन ने सेट में शानदार खेल दिखाकर दबदबा कायम रखा।,positive,badminton,contextual
3740,लीग मैच इस मुकाबले में आयोजित होगा और हॉकी टीम इसमें हिस्सा लेगा।,neutral,hockey,factual
3741,प्रशंसकों के सामने एथलीट ने इवेंट में यादगार खेल दिखाकर महत्वपूर्ण योगदान दिया।,positive,athletics,contextual
3742,निर्णायक मैच में युवा खिलाड़ी ने सेट में जबरदस्त खेल दिखाकर मुकाबला अपने नाम कर लिया।,positive,tennis,contextual
3743,इस मुकाबले में भारतीय टीम ने मुकाबला में लाजवाब खेल दिखाकर मुश्किल स्थिति से बाहर निकली।,positive,hockey,contextual
3744,घरेलू मैदान पर भारतीय टीम ने लीग मैच में लाजवाब खेल दिखाकर शानदार वापसी की।,positive,kabaddi,contextual
3745,इस मुकाबले में हॉकी टीम ने लीग मैच में यादगार खेल दिखाकर महत्वपूर्ण योगदान दिया।,positive,hockey,contextual
3746,टेनिस स्टार ने फाइनल में असंगत खेल दिखाया और टीम को नुकसान हुआ।,negative,tennis,domain_context
3747,पारी लंबे ब्रेक के बाद आयोजित होगा और बल्लेबाज इसमें हिस्सा लेगा।,neutral,cricket,factual
3748,टूर्नामेंट के अहम चरण में भारतीय टीम ने फाइनल में शानदार खेल दिखाकर मुश्किल स्थिति से बाहर निकली।,positive,football,contextual
3749,फाइनल इस मुकाबले में आयोजित होगा और भारतीय खिलाड़ी इसमें हिस्सा लेगा।,neutral,tennis,factual
3750,लंबे ब्रेक के बाद भारतीय टीम का सीरीज में लचर खेल टीम पर भारी पड़ा।,negative,cricket,contextual
3751,इस मुकाबले में कप्तान का लीग मैच में कमजोर खेल टीम पर भारी पड़ा।,negative,kabaddi,contextual
3752,गेम दबाव वाले मुकाबले में आयोजित होगा और भारतीय शटलर इसमें हिस्सा लेगा।,neutral,badminton,factual
3753,रेडर फाइनल के लिए प्रशिक्षण जारी रखे हुए है।,neutral,kabaddi,neutral
3754,मैच से पहले खिलाड़ी ने आज मैदान पर आग लगा दी।,positive,multi-sport,domain_context
3755,इस मुकाबले में कप्तान ने सेट में बेहतरीन तालमेल के साथ जीत हासिल की।,positive,tennis,domain_context
3756,दबाव वाले मुकाबले में खिलाड़ी ने इवेंट में बेहतरीन खेल दिखाकर मुश्किल स्थिति से बाहर निकली।,positive,athletics,contextual
3757,इस मुकाबले में क्लब ने मैच में कमाल का खेल दिखाकर लगातार अच्छा प्रदर्शन किया।,positive,football,contextual
3758,टेनिस स्टार ने मुकाबला के लिए तैयारी शुरू कर दी।,neutral,tennis,factual
3759,मुकाबला घरेलू मैदान पर आयोजित होगा और चैंपियन इसमें हिस्सा लेगा।,neutral,badminton,factual
3760,डिफेंडर ने लीग मैच के लिए तैयारी शुरू कर दी।,neutral,hockey,factual
3761,टूर्नामेंट के अहम चरण में जोड़ी ने गेम में बेहतरीन खेल दिखाकर दबदबा कायम रखा।,positive,badminton,contextual
3762,दबाव वाले मुकाबले में धाविका का इवेंट में निराश करने वाला खेल टीम पर भारी पड़ा।,negative,athletics,contextual
3763,कप्तान ने मुकाबला में निराश करने वाला प्रदर्शन किया और महत्वपूर्ण मौका गंवाया।,negative,football,paraphrase
3764,इस मुकाबले में कप्तान का ओवर में लचर खेल टीम पर भारी पड़ा।,negative,cricket,contextual
3765,लंबे ब्रेक के बाद युवा शटलर का मैच में असंगत खेल टीम पर भारी पड़ा।,negative,badminton,contextual
3766,लंबे ब्रेक के बाद भारतीय टीम ने सेमीफाइनल से पहले प्रशिक्षण पूरा किया।,neutral,hockey,domain_context
3767,आज चैंपियन ने फाइनल में जबरदस्त खेल दिखाकर लगातार अच्छा प्रदर्शन किया।,positive,badminton,contextual
3768,टेनिस स्टार ने सेट में असंगत खेल दिखाया और टीम को नुकसान हुआ।,negative,tennis,domain_context
3769,टूर्नामेंट के अहम चरण में भारतीय खिलाड़ी सेट से पहले प्रशिक्षण कर रहा है।,neutral,tennis,factual
3770,निर्णायक मैच में भारतीय टीम का मैच में लचर खेल टीम पर भारी पड़ा।,negative,kabaddi,contextual
3771,जोड़ी ने मैच में शानदार प्रदर्शन करते हुए मुश्किल स्थिति से बाहर निकली।,positive,badminton,paraphrase
3772,टूर्नामेंट के अहम चरण में टेनिस स्टार ने क्वार्टरफाइनल में बेहतरीन खेल दिखाकर दबदबा कायम रखा।,positive,tennis,contextual
3773,निर्णायक मैच में भारतीय टीम ने लीग मैच में शानदार खेल दिखाकर जीत दर्ज की।,positive,hockey,contextual
3774,महत्वपूर्ण मौके पर डिफेंडर ने प्लेऑफ में धमाकेदार खेल दिखाकर जीत दर्ज की।,positive,kabaddi,contextual
3775,जोड़ी की गेम में लचर रणनीति काम नहीं आई।,negative,badminton,contextual
3776,इस मुकाबले में डिफेंडर का प्लेऑफ में बेअसर खेल टीम पर भारी पड़ा।,negative,kabaddi,contextual
3777,एथलीट की रेस में फीका रणनीति काम नहीं आई।,negative,athletics,contextual
3778,लंबे ब्रेक के बाद भारतीय शटलर ने मुकाबला में यादगार खेल दिखाकर लगातार अच्छा प्रदर्शन किया।,positive,badminton,contextual
3779,महत्वपूर्ण मौके पर युवा एथलीट ने फाइनल में लाजवाब खेल दिखाकर मुकाबला अपने नाम कर लिया।,positive,athletics,contextual
3780,निर्णायक मैच में जोड़ी का फाइनल में फीका खेल टीम पर भारी पड़ा।,negative,badminton,contextual
3781,दबाव वाले मुकाबले में कप्तान ने क्वार्टरफाइनल में जबरदस्त खेल दिखाकर दबदबा कायम रखा।,positive,tennis,contextual
3782,डिफेंडर ने सेमीफाइनल में लचर प्रदर्शन किया और अपनी लय खो दी।,negative,hockey,paraphrase
3783,निर्णायक मैच में बल्लेबाज ने पारी में कई आसान मौके गंवाए।,negative,cricket,domain_context
3784,खिलाड़ी ने क्वार्टरफाइनल में कमजोर प्रदर्शन किया और महत्वपूर्ण मौका गंवाया।,negative,tennis,paraphrase
3785,भारतीय खिलाड़ी ने फाइनल में शानदार प्रदर्शन करते हुए दबदबा कायम रखा।,positive,tennis,paraphrase
3786,सीरीज लगातार तीसरे मैच में आयोजित होगा और भारत इसमें हिस्सा लेगा।,neutral,cricket,factual
3787,टूर्नामेंट के अहम चरण में टेनिस स्टार ने सेट में धमाकेदार खेल दिखाकर शानदार वापसी की।,positive,tennis,contextual
3788,निर्णायक मैच में फॉरवर्ड का मुकाबला में कमजोर खेल टीम पर भारी पड़ा।,negative,football,contextual
3789,महत्वपूर्ण मौके पर भारतीय टीम ने मुकाबला से पहले प्रशिक्षण पूरा किया।,neutral,cricket,domain_context
3790,कप्तान ने मुकाबला में निराशाजनक प्रदर्शन किया और मुकाबला गंवा दिया।,negative,tennis,paraphrase
3791,लगातार तीसरे मैच में फॉरवर्ड का फाइनल में लचर खेल टीम पर भारी पड़ा।,negative,hockey,contextual
3792,भारतीय धावक ने प्रतियोगिता में उत्कृष्ट खेल दिखाया और टीम को जीत दिलाई।,positive,athletics,domain_context
3793,दबाव वाले मुकाबले में भारतीय टीम ने रन चेज से पहले प्रशिक्षण पूरा किया।,neutral,cricket,domain_context
3794,कप्तान ने क्वार्टरफाइनल में शानदार प्रदर्शन करते हुए मुश्किल स्थिति से बाहर निकली।,positive,tennis,paraphrase
3795,घरेलू मैदान पर एथलीट का प्रतियोगिता में लचर खेल टीम पर भारी पड़ा।,negative,athletics,contextual
3796,भारत ने सीरीज में निराशाजनक खेल दिखाया और टीम को नुकसान हुआ।,negative,cricket,domain_context
3797,मैच लगातार तीसरे मैच में आयोजित होगा और बल्लेबाज इसमें हिस्सा लेगा।,neutral,cricket,factual
3798,लगातार तीसरे मैच में धाविका ने इवेंट में धमाकेदार खेल दिखाकर दबदबा कायम रखा।,positive,athletics,contextual
3799,भारतीय शटलर ने सेट में धमाकेदार प्रदर्शन करते हुए शानदार वापसी की।,positive,badminton,paraphrase
3800,आज क्लब ने लीग मैच में जबरदस्त खेल दिखाकर शानदार वापसी की।,positive,football,contextual
3801,फाइनल इस मुकाबले में आयोजित होगा और कप्तान इसमें हिस्सा लेगा।,neutral,football,factual
3802,लंबे ब्रेक के बाद भारतीय टीम का मुकाबला में बेअसर खेल टीम पर भारी पड़ा।,negative,football,contextual
3803,लगातार तीसरे मैच में गोलकीपर ने लीग मैच में उत्कृष्ट खेल दिखाकर मुकाबला अपने नाम कर लिया।,positive,hockey,contextual
3804,प्रशंसकों के सामने युवा खिलाड़ी क्वार्टरफाइनल से पहले प्रशिक्षण कर रहा है।,neutral,tennis,factual
3805,क्लब ने मुकाबला के लिए तैयारी शुरू कर दी।,neutral,football,factual
3806,घरेलू मैदान पर गोलकीपर सेमीफाइनल से पहले प्रशिक्षण कर रहा है।,neutral,football,factual
3807,लंबे ब्रेक के बाद टेनिस स्टार मैच से पहले प्रशिक्षण कर रहा है।,neutral,tennis,factual
3808,घरेलू मैदान पर डिफेंडर ने फाइनल से पहले प्रशिक्षण पूरा किया।,neutral,hockey,domain_context
3809,भारतीय खिलाड़ी मुकाबला के लिए टूर्नामेंट में हिस्सा ले रही है।,neutral,tennis,neutral
3810,खिलाड़ी मैच के लिए प्रशिक्षण जारी रखे हुए है।,neutral,tennis,neutral
3811,आज फॉरवर्ड ने लीग मैच से पहले प्रशिक्षण पूरा किया।,neutral,hockey,domain_context
3812,लंबे ब्रेक के बाद हॉकी टीम का लीग मैच में बेअसर खेल टीम पर भारी पड़ा।,negative,hockey,contextual
3813,आज भारतीय धावक ने प्रतियोगिता में लाजवाब खेल दिखाकर जीत दर्ज की।,positive,athletics,contextual
3814,निर्णायक मैच में हॉकी टीम ने मुकाबला में धमाकेदार खेल दिखाकर महत्वपूर्ण योगदान दिया।,positive,hockey,contextual
3815,महत्वपूर्ण मौके पर रेडर का प्लेऑफ में फीका खेल टीम पर भारी पड़ा।,negative,kabaddi,contextual
3816,फाइनल महत्वपूर्ण मौके पर आयोजित होगा और टेनिस स्टार इसमें हिस्सा लेगा।,neutral,tennis,factual
3817,लगातार तीसरे मैच में युवा एथलीट रेस से पहले प्रशिक्षण कर रहा है।,neutral,athletics,factual
3818,प्रशंसकों के सामने युवा एथलीट ने प्रतियोगिता में कमाल का खेल दिखाकर महत्वपूर्ण योगदान दिया।,positive,athletics,contextual
3819,विकेटकीपर ने मुकाबला में फीका प्रदर्शन किया और अपनी लय खो दी।,negative,cricket,paraphrase
3820,भारतीय शटलर ने सेट में निराश करने वाला प्रदर्शन किया और अपनी लय खो दी।,negative,badminton,paraphrase
3821,लीग मैच घरेलू मैदान पर आयोजित होगा और डिफेंडर इसमें हिस्सा लेगा।,neutral,hockey,factual
3822,लंबे ब्रेक के बाद कप्तान फाइनल से पहले प्रशिक्षण कर रहा है।,neutral,tennis,factual
3823,प्रतियोगिता महत्वपूर्ण मौके पर आयोजित होगा और युवा एथलीट इसमें हिस्सा लेगा।,neutral,athletics,factual
3824,आज युवा एथलीट का फाइनल में खराब खेल टीम पर भारी पड़ा।,negative,athletics,contextual
3825,लंबे ब्रेक के बाद गोलकीपर ने सेमीफाइनल में कई आसान मौके गंवाए।,negative,hockey,domain_context
3826,इस मुकाबले में युवा एथलीट प्रतियोगिता से पहले प्रशिक्षण कर रहा है।,neutral,athletics,factual
3827,इस मुकाबले में भारत ने मैच में कमाल का खेल दिखाकर मुश्किल स्थिति से बाहर निकली।,positive,cricket,contextual
3828,कप्तान फाइनल के लिए अगले मुकाबले की तैयारी कर रही है।,neutral,football,neutral
3829,कप्तान की टीम फाइनल के लिए अपनी अंतिम सूची तैयार कर रही है।,neutral,tennis,domain_context
3830,भारतीय टीम की मुकाबला में फीका रणनीति काम नहीं आई।,negative,football,contextual
3831,लंबे ब्रेक के बाद चैंपियन मैच से पहले प्रशिक्षण कर रहा है।,neutral,badminton,factual
3832,दबाव वाले मुकाबले में खिलाड़ी ने मैच में लाजवाब खेल दिखाकर दबदबा कायम रखा।,positive,kabaddi,contextual
3833,कप्तान सीरीज के लिए अभ्यास सत्र में शामिल हुई।,neutral,cricket,neutral
3834,सेमीफाइनल महत्वपूर्ण मौके पर आयोजित होगा और डिफेंडर इसमें हिस्सा लेगा।,neutral,football,factual
3835,घरेलू मैदान पर भारतीय टीम ने पारी में उत्कृष्ट खेल दिखाकर मुश्किल स्थिति से बाहर निकली।,positive,cricket,contextual
3836,आज कप्तान ने प्लेऑफ में लाजवाब खेल दिखाकर लगातार अच्छा प्रदर्शन किया।,positive,kabaddi,contextual
3837,निर्णायक मैच में भारतीय टीम ने सेमीफाइनल में कमाल का खेल दिखाकर शानदार वापसी की।,positive,football,contextual
3838,टूर्नामेंट के अहम चरण में भारतीय टीम ओवर से पहले प्रशिक्षण कर रहा है।,neutral,cricket,factual
3839,गोलकीपर अगले लीग मैच से पहले कोच के साथ बैठक करेगा।,neutral,hockey,domain_context
3840,प्रशंसकों के सामने एथलीट ने इवेंट में कमाल का खेल दिखाकर मुश्किल स्थिति से बाहर निकली।,positive,athletics,contextual
3841,डिफेंडर ने प्लेऑफ में असंगत प्रदर्शन किया और लगातार गलतियां कीं।,negative,kabaddi,paraphrase
3842,जोड़ी ने मुकाबला में बेहतरीन प्रदर्शन करते हुए शानदार वापसी की।,positive,badminton,paraphrase
3843,क्वार्टरफाइनल इस मुकाबले में आयोजित होगा और कप्तान इसमें हिस्सा लेगा।,neutral,tennis,factual
3844,आज फॉरवर्ड मुकाबला से पहले प्रशिक्षण कर रहा है।,neutral,football,factual
3845,टूर्नामेंट के अहम चरण में चैंपियन ने गेम से पहले प्रशिक्षण पूरा किया।,neutral,badminton,domain_context
3846,लीग मैच इस मुकाबले में आयोजित होगा और डिफेंडर इसमें हिस्सा लेगा।,neutral,football,factual
3847,मैच आज आयोजित होगा और टेनिस स्टार इसमें हिस्सा लेगा।,neutral,tennis,factual
3848,कप्तान ने फाइनल में बेअसर प्रदर्शन किया और महत्वपूर्ण मौका गंवाया।,negative,football,paraphrase
3849,लगातार तीसरे मैच में डिफेंडर का सेमीफाइनल में निराश करने वाला खेल टीम पर भारी पड़ा।,negative,hockey,contextual
3850,दबाव वाले मुकाबले में भारतीय खिलाड़ी ने मुकाबला में धमाकेदार खेल दिखाकर जीत दर्ज की।,positive,tennis,contextual
3851,भारतीय खिलाड़ी फाइनल के लिए मैच के लिए रवाना हुई।,neutral,tennis,neutral
3852,सेट इस मुकाबले में आयोजित होगा और भारतीय शटलर इसमें हिस्सा लेगा।,neutral,badminton,factual
3853,निर्णायक मैच में फॉरवर्ड ने मैच में धमाकेदार खेल दिखाकर मुश्किल स्थिति से बाहर निकली।,positive,hockey,contextual
3854,लगातार तीसरे मैच में फॉरवर्ड का मुकाबला में खराब खेल टीम पर भारी पड़ा।,negative,hockey,contextual
3855,निर्णायक मैच में कप्तान ने लीग मैच में लाजवाब खेल दिखाकर मुश्किल स्थिति से बाहर निकली।,positive,kabaddi,contextual
3856,टूर्नामेंट के अहम चरण में गोलकीपर का फाइनल में फीका खेल टीम पर भारी पड़ा।,negative,hockey,contextual
3857,दबाव वाले मुकाबले में खिलाड़ी ने मुकाबला में शानदार खेल दिखाकर लगातार अच्छा प्रदर्शन किया।,positive,tennis,contextual
3858,लगातार तीसरे मैच में युवा शटलर मुकाबला से पहले प्रशिक्षण कर रहा है।,neutral,badminton,factual
3859,टूर्नामेंट के अहम चरण में भारतीय खिलाड़ी ने क्वार्टरफाइनल में शानदार खेल दिखाकर मुश्किल स्थिति से बाहर निकली।,positive,tennis,contextual
3860,फाइनल आज आयोजित होगा और गोलकीपर इसमें हिस्सा लेगा।,neutral,hockey,factual
3861,टूर्नामेंट के अहम चरण में कप्तान मैच से पहले प्रशिक्षण कर रहा है।,neutral,cricket,factual
3862,घरेलू मैदान पर डिफेंडर का फाइनल में असंगत खेल टीम पर भारी पड़ा।,negative,football,contextual
3863,भारतीय खिलाड़ी ने सेट में निराशाजनक खेल दिखाया और टीम को नुकसान हुआ।,negative,tennis,domain_context
3864,निर्णायक मैच में भारतीय शटलर ने सेट में बेहतरीन खेल दिखाकर जीत दर्ज की।,positive,badminton,contextual
3865,रेडर मुकाबला के लिए अगले दौर के लिए पहुंची।,neutral,kabaddi,neutral
3866,युवा खिलाड़ी ने क्वार्टरफाइनल में धमाकेदार प्रदर्शन करते हुए मुश्किल स्थिति से बाहर निकली।,positive,tennis,paraphrase
3867,सेट निर्णायक मैच में आयोजित होगा और भारतीय खिलाड़ी इसमें हिस्सा लेगा।,neutral,tennis,factual
3868,हॉकी टीम सेमीफाइनल के लिए प्रशिक्षण जारी रखे हुए है।,neutral,hockey,neutral
3869,चैंपियन ने गेम में निराशाजनक प्रदर्शन किया और अपनी लय खो दी।,negative,badminton,paraphrase
3870,घरेलू मैदान पर भारतीय धावक ने प्रतियोगिता में उत्कृष्ट खेल दिखाकर शानदार वापसी की।,positive,athletics,contextual
3871,प्रशंसकों के सामने कप्तान मुकाबला से पहले प्रशिक्षण कर रहा है।,neutral,cricket,factual
3872,रेडर फाइनल के लिए अभ्यास सत्र में शामिल हुई।,neutral,kabaddi,neutral
3873,टेनिस स्टार ने क्वार्टरफाइनल में लचर प्रदर्शन किया और अपनी लय खो दी।,negative,tennis,paraphrase
3874,लंबे ब्रेक के बाद हॉकी टीम मुकाबला से पहले प्रशिक्षण कर रहा है।,neutral,hockey,factual
3875,क्लब ने मुकाबला में कमजोर प्रदर्शन किया और उम्मीदों पर खरी नहीं उतरी।,negative,football,paraphrase
3876,मैच लंबे ब्रेक के बाद आयोजित होगा और कप्तान इसमें हिस्सा लेगा।,neutral,tennis,factual
3877,धाविका के फाइनल में बेहतरीन प्रदर्शन से टीम को फायदा हुआ।,positive,athletics,contextual
3878,मुकाबला महत्वपूर्ण मौके पर आयोजित होगा और चैंपियन इसमें हिस्सा लेगा।,neutral,badminton,factual
3879,सुबह के सत्र में टीम दबाव में पूरी तरह बिखर गई।,negative,multi-sport,domain_context
3880,भारतीय धावक दौड़ के लिए अगले मुकाबले की तैयारी कर रही है।,neutral,athletics,neutral
3881,निर्णायक मैच में टेनिस स्टार ने मैच में शानदार खेल दिखाकर दबदबा कायम रखा।,positive,tennis,contextual
3882,लंबे ब्रेक के बाद डिफेंडर मुकाबला से पहले प्रशिक्षण कर रहा है।,neutral,football,factual
3883,प्रशंसकों के सामने एथलीट इवेंट से पहले प्रशिक्षण कर रहा है।,neutral,athletics,factual
3884,लगातार तीसरे मैच में गोलकीपर मैच से पहले प्रशिक्षण कर रहा है।,neutral,football,factual
3885,टूर्नामेंट के अहम चरण में खिलाड़ी ने लीग मैच से पहले प्रशिक्षण पूरा किया।,neutral,kabaddi,domain_context
3886,रेडर मैच के लिए अगले मुकाबले की तैयारी कर रही है।,neutral,kabaddi,neutral
3887,आज कप्तान ने मैच में धमाकेदार खेल दिखाकर लगातार अच्छा प्रदर्शन किया।,positive,tennis,contextual
3888,निर्णायक मैच में डिफेंडर का फाइनल में निराश करने वाला खेल टीम पर भारी पड़ा।,negative,football,contextual
3889,चैंपियन की मैच में बेअसर रणनीति काम नहीं आई।,negative,badminton,contextual
3890,भारत ने ओवर में फीका प्रदर्शन किया और उम्मीदों पर खरी नहीं उतरी।,negative,cricket,paraphrase
3891,मैच प्रशंसकों के सामने आयोजित होगा और गेंदबाज इसमें हिस्सा लेगा।,neutral,cricket,factual
3892,घरेलू मैदान पर भारतीय टीम का रन चेज में बेअसर खेल टीम पर भारी पड़ा।,negative,cricket,contextual
3893,आज भारतीय टीम का लीग मैच में लचर खेल टीम पर भारी पड़ा।,negative,football,contextual
3894,फॉरवर्ड ने लीग मैच में फीका प्रदर्शन किया और मुकाबला गंवा दिया।,negative,football,paraphrase
3895,आज खिलाड़ी का गेम में निराशाजनक खेल टीम पर भारी पड़ा।,negative,badminton,contextual
3896,मैच इस मुकाबले में आयोजित होगा और बल्लेबाज इसमें हिस्सा लेगा।,neutral,cricket,factual
3897,दौड़ लगातार तीसरे मैच में आयोजित होगा और धाविका इसमें हिस्सा लेगा।,neutral,athletics,factual
3898,लीग मैच घरेलू मैदान पर आयोजित होगा और भारतीय टीम इसमें हिस्सा लेगा।,neutral,football,factual
3899,कप्तान ने मैच में निराशाजनक प्रदर्शन किया और बढ़त गंवा दी।,negative,cricket,paraphrase
3900,इस मुकाबले में विकेटकीपर का पारी में बेअसर खेल टीम पर भारी पड़ा।,negative,cricket,contextual
3901,इस मुकाबले में फॉरवर्ड ने फाइनल में धमाकेदार खेल दिखाकर महत्वपूर्ण योगदान दिया।,positive,football,contextual
3902,निर्णायक मैच में गेंदबाज ने सीरीज में कई आसान मौके गंवाए।,negative,cricket,domain_context
3903,घरेलू मैदान पर भारतीय शटलर ने मुकाबला में यादगार खेल दिखाकर जीत दर्ज की।,positive,badminton,contextual
3904,कप्तान पारी के लिए मैच के लिए रवाना हुई।,neutral,cricket,neutral
3905,प्रशंसकों के सामने युवा खिलाड़ी का सेट में लचर खेल टीम पर भारी पड़ा।,negative,tennis,contextual
3906,डिफेंडर अगले मुकाबला से पहले कोच के साथ बैठक करेगा।,neutral,hockey,domain_context
3907,दबाव वाले मुकाबले में भारत ने सीरीज से पहले प्रशिक्षण पूरा किया।,neutral,cricket,domain_context
3908,प्रशंसकों के सामने रेडर का मैच में असंगत खेल टीम पर भारी पड़ा।,negative,kabaddi,contextual
3909,टूर्नामेंट के अहम चरण में गोलकीपर का सेमीफाइनल में लचर खेल टीम पर भारी पड़ा।,negative,football,contextual
3910,फॉरवर्ड ने मुकाबला में निराशाजनक प्रदर्शन किया और बढ़त गंवा दी।,negative,hockey,paraphrase
3911,हॉकी टीम ने फाइनल के लिए तैयारी शुरू कर दी।,neutral,hockey,factual
3912,विकेटकीपर ओवर के लिए रणनीति पर चर्चा कर रही है।,neutral,cricket,neutral
3913,खिलाड़ी ने मुकाबला में असंगत खेल दिखाया और टीम को नुकसान हुआ।,negative,kabaddi,domain_context
3914,इस मुकाबले में भारतीय खिलाड़ी ने फाइनल में यादगार खेल दिखाकर मुकाबला अपने नाम कर लिया।,positive,tennis,contextual
3915,आज डिफेंडर का सेमीफाइनल में असंगत खेल टीम पर भारी पड़ा।,negative,football,contextual
3916,घरेलू मैदान पर गेंदबाज का पारी में फीका खेल टीम पर भारी पड़ा।,negative,cricket,contextual
3917,घरेलू मैदान पर एथलीट फाइनल से पहले प्रशिक्षण कर रहा है।,neutral,athletics,factual
3918,महत्वपूर्ण मौके पर फॉरवर्ड का लीग मैच में कमजोर खेल टीम पर भारी पड़ा।,negative,hockey,contextual
3919,इस मुकाबले में भारतीय टीम का मुकाबला में निराशाजनक खेल टीम पर भारी पड़ा।,negative,football,contextual
3920,महत्वपूर्ण मौके पर जोड़ी मैच से पहले प्रशिक्षण कर रहा है।,neutral,badminton,factual
3921,महत्वपूर्ण मौके पर भारतीय टीम का लीग मैच में कमजोर खेल टीम पर भारी पड़ा।,negative,kabaddi,contextual
3922,निर्णायक मैच में फॉरवर्ड ने फाइनल से पहले प्रशिक्षण पूरा किया।,neutral,football,domain_context
3923,भारतीय धावक ने दौड़ में कमजोर प्रदर्शन किया और मुकाबला गंवा दिया।,negative,athletics,paraphrase
3924,मुकाबला लगातार तीसरे मैच में आयोजित होगा और जोड़ी इसमें हिस्सा लेगा।,neutral,badminton,factual
3925,टूर्नामेंट के अहम चरण में डिफेंडर ने फाइनल में बेहतरीन खेल दिखाकर लगातार अच्छा प्रदर्शन किया।,positive,kabaddi,contextual
3926,दबाव वाले मुकाबले में खिलाड़ी ने मैच में उत्कृष्ट खेल दिखाकर मुकाबला अपने नाम कर लिया।,positive,kabaddi,contextual
3927,निर्णायक मैच में भारतीय टीम ने मुकाबला में धमाकेदार खेल दिखाकर दबदबा कायम रखा।,positive,kabaddi,contextual
3928,दबाव वाले मुकाबले में विकेटकीपर सीरीज से पहले प्रशिक्षण कर रहा है।,neutral,cricket,factual
3929,खिलाड़ी ने मुकाबला में लचर प्रदर्शन किया और अपनी लय खो दी।,negative,tennis,paraphrase
3930,घरेलू मैदान पर भारतीय टीम ने मैच में धमाकेदार खेल दिखाकर जीत दर्ज की।,positive,hockey,contextual
3931,विकेटकीपर ने मैच में निराश करने वाला प्रदर्शन किया और लगातार गलतियां कीं।,negative,cricket,paraphrase
3932,टूर्नामेंट के अहम चरण में जोड़ी ने मैच में बेहतरीन खेल दिखाकर शानदार वापसी की।,positive,badminton,contextual
3933,आज हॉकी टीम ने लीग मैच में जबरदस्त खेल दिखाकर मुकाबला अपने नाम कर लिया।,positive,hockey,contextual
3934,निर्णायक मैच में धाविका का रेस में खराब खेल टीम पर भारी पड़ा।,negative,athletics,contextual
3935,लंबे ब्रेक के बाद डिफेंडर ने फाइनल में यादगार खेल दिखाकर मुश्किल स्थिति से बाहर निकली।,positive,kabaddi,contextual
3936,इस मुकाबले में हॉकी टीम ने लीग मैच से पहले प्रशिक्षण पूरा किया।,neutral,hockey,domain_context
3937,दबाव वाले मुकाबले में भारत का मैच में फीका खेल टीम पर भारी पड़ा।,negative,cricket,contextual
3938,लगातार तीसरे मैच में कप्तान ने सेट में बेहतरीन खेल दिखाकर मुश्किल स्थिति से बाहर निकली।,positive,tennis,contextual
3939,प्रशंसकों के सामने भारतीय खिलाड़ी ने मुकाबला में जबरदस्त खेल दिखाकर मुकाबला अपने नाम कर लिया।,positive,tennis,contextual
3940,इस मुकाबले में क्लब ने फाइनल में कमाल का खेल दिखाकर दबदबा कायम रखा।,positive,football,contextual
3941,निर्णायक मैच में भारतीय टीम मुकाबला से पहले प्रशिक्षण कर रहा है।,neutral,football,factual
3942,युवा एथलीट ने इवेंट में लचर प्रदर्शन किया और मुकाबला गंवा दिया।,negative,athletics,paraphrase
3943,युवा शटलर ने मैच में लचर प्रदर्शन किया और दबाव में बिखर गई।,negative,badminton,paraphrase
3944,दबाव वाले मुकाबले में कप्तान ने मैच में लाजवाब खेल दिखाकर शानदार वापसी की।,positive,cricket,contextual
3945,भारतीय टीम ने सेमीफाइनल में कमजोर प्रदर्शन किया और महत्वपूर्ण मौका गंवाया।,negative,football,paraphrase
3946,सीरीज प्रशंसकों के सामने आयोजित होगा और विकेटकीपर इसमें हिस्सा लेगा।,neutral,cricket,factual
3947,हॉकी टीम के मैच में धमाकेदार प्रदर्शन से टीम को फायदा हुआ।,positive,hockey,contextual
3948,टूर्नामेंट के अहम चरण में जोड़ी ने सेट में जबरदस्त खेल दिखाकर शानदार वापसी की।,positive,badminton,contextual
3949,फॉरवर्ड लीग मैच के लिए अगले दौर के लिए पहुंची।,neutral,hockey,neutral
3950,भारतीय टीम ने प्लेऑफ में निराश करने वाला प्रदर्शन किया और महत्वपूर्ण मौका गंवाया।,negative,kabaddi,paraphrase
3951,लंबे ब्रेक के बाद खिलाड़ी ने इवेंट में लाजवाब खेल दिखाकर महत्वपूर्ण योगदान दिया।,positive,athletics,contextual
3952,घरेलू मैदान पर डिफेंडर का मुकाबला में बेअसर खेल टीम पर भारी पड़ा।,negative,hockey,contextual
3953,निर्णायक मैच में युवा खिलाड़ी का सेट में फीका खेल टीम पर भारी पड़ा।,negative,tennis,contextual
3954,आज भारतीय टीम का मुकाबला में असंगत खेल टीम पर भारी पड़ा।,negative,cricket,contextual
3955,आज फॉरवर्ड ने मैच में कमाल का खेल दिखाकर मुकाबला अपने नाम कर लिया।,positive,hockey,contextual
3956,निर्णायक मैच में खिलाड़ी ने दौड़ में यादगार खेल दिखाकर शानदार वापसी की।,positive,athletics,contextual
3957,सेट आज आयोजित होगा और खिलाड़ी इसमें हिस्सा लेगा।,neutral,tennis,factual
3958,निर्णायक मैच में भारतीय टीम का मैच में बेअसर खेल टीम पर भारी पड़ा।,negative,football,contextual
3959,घरेलू मैदान पर क्लब ने सेमीफाइनल से पहले प्रशिक्षण पूरा किया।,neutral,football,domain_context
3960,प्रशंसकों के सामने हॉकी टीम ने सेमीफाइनल से पहले प्रशिक्षण पूरा किया।,neutral,hockey,domain_context
3961,निर्णायक मैच में भारतीय खिलाड़ी का क्वार्टरफाइनल में निराश करने वाला खेल टीम पर भारी पड़ा।,negative,tennis,contextual
3962,रेडर ने मुकाबला में बेहतरीन प्रदर्शन करते हुए महत्वपूर्ण योगदान दिया।,positive,kabaddi,paraphrase
3963,प्रशंसकों के सामने कप्तान ने सेट से पहले प्रशिक्षण पूरा किया।,neutral,tennis,domain_context
3964,आज हॉकी टीम मुकाबला से पहले प्रशिक्षण कर रहा है।,neutral,hockey,factual
3965,कल टूर्नामेंट का अगला चरण अगले सप्ताह शुरू होगा।,neutral,multi-sport,domain_context
3966,महत्वपूर्ण मौके पर खिलाड़ी ने रेस में उत्कृष्ट खेल दिखाकर मुकाबला अपने नाम कर लिया।,positive,athletics,contextual
3967,फॉरवर्ड ने मैच में खराब प्रदर्शन किया और उम्मीदों पर खरी नहीं उतरी।,negative,football,paraphrase
3968,आज जोड़ी का फाइनल में फीका खेल टीम पर भारी पड़ा।,negative,badminton,contextual
3969,कप्तान ने मैच में बेअसर प्रदर्शन किया और उम्मीदों पर खरी नहीं उतरी।,negative,kabaddi,paraphrase
3970,मुकाबला घरेलू मैदान पर आयोजित होगा और बल्लेबाज इसमें हिस्सा लेगा।,neutral,cricket,factual
3971,लंबे अंतराल के बाद कप्तान ने मैच से पहले रणनीति पर बात की।,neutral,multi-sport,domain_context
3972,आज गोलकीपर मैच से पहले प्रशिक्षण कर रहा है।,neutral,hockey,factual
3973,महत्वपूर्ण मौके पर हॉकी टीम ने मुकाबला में कमाल का खेल दिखाकर लगातार अच्छा प्रदर्शन किया।,positive,hockey,contextual
3974,लगातार तीसरे मैच में भारत का मैच में कमजोर खेल टीम पर भारी पड़ा।,negative,cricket,contextual
3975,महत्वपूर्ण मौके पर भारतीय धावक रेस से पहले प्रशिक्षण कर रहा है।,neutral,athletics,factual
3976,फॉरवर्ड मुकाबला के लिए अभ्यास सत्र में शामिल हुई।,neutral,football,neutral
3977,निर्णायक मैच में भारतीय धावक का रेस में असंगत खेल टीम पर भारी पड़ा।,negative,athletics,contextual
3978,टेनिस स्टार ने क्वार्टरफाइनल में बेअसर प्रदर्शन किया और दबाव में बिखर गई।,negative,tennis,paraphrase
3979,आज धाविका ने रेस में शानदार खेल दिखाकर मुकाबला अपने नाम कर लिया।,positive,athletics,contextual
3980,डिफेंडर ने मुकाबला में बेहतरीन प्रदर्शन करते हुए मुकाबला अपने नाम कर लिया।,positive,kabaddi,paraphrase
3981,प्रतियोगिता टूर्नामेंट के अहम चरण में आयोजित होगा और एथलीट इसमें हिस्सा लेगा।,neutral,athletics,factual
3982,लगातार तीसरे मैच में फॉरवर्ड ने लीग मैच में यादगार खेल दिखाकर लगातार अच्छा प्रदर्शन किया।,positive,hockey,contextual
3983,लंबे ब्रेक के बाद गोलकीपर ने फाइनल में कमाल का खेल दिखाकर महत्वपूर्ण योगदान दिया।,positive,hockey,contextual
3984,जोड़ी ने फाइनल में खराब प्रदर्शन किया और दबाव में बिखर गई।,negative,badminton,paraphrase
3985,टूर्नामेंट के अहम चरण में युवा शटलर ने मुकाबला में यादगार खेल दिखाकर लगातार अच्छा प्रदर्शन किया।,positive,badminton,contextual
3986,निर्णायक मैच में फॉरवर्ड ने सेमीफाइनल में लाजवाब खेल दिखाकर शानदार वापसी की।,positive,football,contextual
3987,दबाव वाले मुकाबले में बल्लेबाज ने मुकाबला से पहले प्रशिक्षण पूरा किया।,neutral,cricket,domain_context
3988,लगातार तीसरे मैच में कप्तान ने फाइनल में बेहतरीन खेल दिखाकर महत्वपूर्ण योगदान दिया।,positive,tennis,contextual
3989,इस मुकाबले में गोलकीपर ने लीग मैच में लाजवाब खेल दिखाकर मुकाबला अपने नाम कर लिया।,positive,hockey,contextual
3990,आज टेनिस स्टार का मुकाबला में बेअसर खेल टीम पर भारी पड़ा।,negative,tennis,contextual
3991,"Pressure ke beech, Players pressure mein bikhar gaye.",negative,multi-sport,code_mixed
3992,आज धाविका ने इवेंट से पहले प्रशिक्षण पूरा किया।,neutral,athletics,domain_context
3993,लंबे ब्रेक के बाद डिफेंडर का प्लेऑफ में निराश करने वाला खेल टीम पर भारी पड़ा।,negative,kabaddi,contextual
3994,प्लेऑफ दबाव वाले मुकाबले में आयोजित होगा और भारतीय टीम इसमें हिस्सा लेगा।,neutral,kabaddi,factual
3995,प्रशंसकों के सामने एथलीट का रेस में असंगत खेल टीम पर भारी पड़ा।,negative,athletics,contextual
3996,लगातार तीसरे मैच में खिलाड़ी इवेंट से पहले प्रशिक्षण कर रहा है।,neutral,athletics,factual
3997,निर्णायक मैच में हॉकी टीम ने मैच में बेहतरीन खेल दिखाकर मुश्किल स्थिति से बाहर निकली।,positive,hockey,contextual
3998,रन चेज निर्णायक मैच में आयोजित होगा और भारतीय टीम इसमें हिस्सा लेगा।,neutral,cricket,factual
3999,टूर्नामेंट के अहम चरण में युवा एथलीट प्रतियोगिता से पहले प्रशिक्षण कर रहा है।,neutral,athletics,factual
4000,क्लब ने लीग मैच में शानदार खेल दिखाया और टीम को जीत दिलाई।,positive,football,domain_context
4001,लंबे ब्रेक के बाद चैंपियन ने मैच में उत्कृष्ट खेल दिखाकर मुकाबला अपने नाम कर लिया।,positive,badminton,contextual
4002,घरेलू मैदान पर रेडर का प्लेऑफ में निराशाजनक खेल टीम पर भारी पड़ा।,negative,kabaddi,contextual
4003,प्रशंसकों के सामने कप्तान का प्लेऑफ में निराश करने वाला खेल टीम पर भारी पड़ा।,negative,kabaddi,contextual
4004,खिलाड़ी की सेट में असंगत रणनीति काम नहीं आई।,negative,tennis,contextual
4005,महत्वपूर्ण मौके पर खिलाड़ी क्वार्टरफाइनल से पहले प्रशिक्षण कर रहा है।,neutral,tennis,factual
4006,आज क्लब ने फाइनल में शानदार खेल दिखाकर लगातार अच्छा प्रदर्शन किया।,positive,football,contextual
4007,प्रशंसकों के सामने चैंपियन ने फाइनल से पहले प्रशिक्षण पूरा किया।,neutral,badminton,domain_context
4008,आज रेडर मैच से पहले प्रशिक्षण कर रहा है।,neutral,kabaddi,factual
4009,लंबे ब्रेक के बाद युवा खिलाड़ी मुकाबला से पहले प्रशिक्षण कर रहा है।,neutral,tennis,factual
4010,लंबे ब्रेक के बाद बल्लेबाज का मैच में निराशाजनक खेल टीम पर भारी पड़ा।,negative,cricket,contextual
4011,इस मुकाबले में खिलाड़ी का फाइनल में खराब खेल टीम पर भारी पड़ा।,negative,badminton,contextual
4012,महत्वपूर्ण मौके पर खिलाड़ी मुकाबला से पहले प्रशिक्षण कर रहा है।,neutral,badminton,factual
4013,लगातार तीसरे मैच में विकेटकीपर का पारी में कमजोर खेल टीम पर भारी पड़ा।,negative,cricket,contextual
4014,दबाव वाले मुकाबले में खिलाड़ी ने फाइनल से पहले प्रशिक्षण पूरा किया।,neutral,badminton,domain_context
4015,इस मुकाबले में कप्तान का सेमीफाइनल में निराश करने वाला खेल टीम पर भारी पड़ा।,negative,football,contextual
4016,दबाव वाले मुकाबले में भारतीय टीम का मैच में कमजोर खेल टीम पर भारी पड़ा।,negative,hockey,contextual
4017,फाइनल लंबे ब्रेक के बाद आयोजित होगा और गोलकीपर इसमें हिस्सा लेगा।,neutral,hockey,factual
4018,महत्वपूर्ण मौके पर चैंपियन का मैच में असंगत खेल टीम पर भारी पड़ा।,negative,badminton,contextual
4019,घरेलू मैदान पर भारतीय खिलाड़ी ने क्वार्टरफाइनल में लाजवाब खेल दिखाकर लगातार अच्छा प्रदर्शन किया।,positive,tennis,contextual
4020,युवा एथलीट ने प्रतियोगिता में धमाकेदार खेल दिखाया और टीम को जीत दिलाई।,positive,athletics,domain_context
4021,लगातार तीसरे मैच में एथलीट ने फाइनल से पहले प्रशिक्षण पूरा किया।,neutral,athletics,domain_context
4022,प्रशंसकों के सामने युवा खिलाड़ी मुकाबला से पहले प्रशिक्षण कर रहा है।,neutral,tennis,factual
4023,लंबे ब्रेक के बाद धाविका का रेस में निराश करने वाला खेल टीम पर भारी पड़ा।,negative,athletics,contextual
4024,आज डिफेंडर ने सेमीफाइनल में उत्कृष्ट खेल दिखाकर दबदबा कायम रखा।,positive,hockey,contextual
4025,डिफेंडर ने मैच में निराश करने वाला प्रदर्शन किया और लगातार गलतियां कीं।,negative,hockey,paraphrase
4026,आज गोलकीपर फाइनल से पहले प्रशिक्षण कर रहा है।,neutral,hockey,factual
4027,इस मुकाबले में गोलकीपर ने लीग मैच में जबरदस्त खेल दिखाकर महत्वपूर्ण योगदान दिया।,positive,football,contextual
4028,धाविका ने रेस में कमजोर प्रदर्शन किया और बढ़त गंवा दी।,negative,athletics,paraphrase
4029,भारतीय शटलर ने सेट में बेअसर प्रदर्शन किया और महत्वपूर्ण मौका गंवाया।,negative,badminton,paraphrase
4030,धाविका ने रेस में निराश करने वाला प्रदर्शन किया और मुकाबला गंवा दिया।,negative,athletics,paraphrase
4031,घरेलू मैदान पर फॉरवर्ड ने फाइनल में बेहतरीन खेल दिखाकर मुकाबला अपने नाम कर लिया।,positive,football,contextual
4032,प्रशंसकों के सामने फॉरवर्ड ने मुकाबला में धमाकेदार खेल दिखाकर मुकाबला अपने नाम कर लिया।,positive,hockey,contextual
4033,निर्णायक मैच में भारत का रन चेज में निराशाजनक खेल टीम पर भारी पड़ा।,negative,cricket,contextual
4034,टूर्नामेंट के अहम चरण में खिलाड़ी ने मुकाबला में बेहतरीन खेल दिखाकर मुकाबला अपने नाम कर लिया।,positive,tennis,contextual
4035,लंबे ब्रेक के बाद टेनिस स्टार फाइनल से पहले प्रशिक्षण कर रहा है।,neutral,tennis,factual
4036,युवा खिलाड़ी ने मुकाबला में बेहतरीन प्रदर्शन करते हुए लगातार अच्छा प्रदर्शन किया।,positive,tennis,paraphrase
4037,जोड़ी ने सेट में निराशाजनक प्रदर्शन किया और मुकाबला गंवा दिया।,negative,badminton,paraphrase
4038,निर्णायक मैच में टेनिस स्टार का सेट में कमजोर खेल टीम पर भारी पड़ा।,negative,tennis,contextual
4039,लंबे ब्रेक के बाद कप्तान ने मैच में कई आसान मौके गंवाए।,negative,tennis,domain_context
4040,प्रशंसकों के सामने रेडर ने मुकाबला में उत्कृष्ट खेल दिखाकर महत्वपूर्ण योगदान दिया।,positive,kabaddi,contextual
4041,टूर्नामेंट के अहम चरण में भारत पारी से पहले प्रशिक्षण कर रहा है।,neutral,cricket,factual
4042,प्रशंसकों के सामने टेनिस स्टार का मैच में लचर खेल टीम पर भारी पड़ा।,negative,tennis,contextual
4043,इस मुकाबले में गोलकीपर ने फाइनल में जबरदस्त खेल दिखाकर जीत दर्ज की।,positive,football,contextual
4044,आज धाविका ने प्रतियोगिता में कमाल का खेल दिखाकर शानदार वापसी की।,positive,athletics,contextual
4045,सेमीफाइनल घरेलू मैदान पर आयोजित होगा और कप्तान इसमें हिस्सा लेगा।,neutral,football,factual
4046,युवा एथलीट ने दौड़ में बेअसर प्रदर्शन किया और उम्मीदों पर खरी नहीं उतरी।,negative,athletics,paraphrase
4047,युवा एथलीट दौड़ के लिए प्रशिक्षण जारी रखे हुए है।,neutral,athletics,neutral
4048,टूर्नामेंट के अहम चरण में जोड़ी ने सेट में जबरदस्त खेल दिखाकर मुश्किल स्थिति से बाहर निकली।,positive,badminton,contextual
4049,लगातार तीसरे मैच में कप्तान का लीग मैच में लचर खेल टीम पर भारी पड़ा।,negative,football,contextual
4050,घरेलू मैदान पर चैंपियन ने मैच में बेहतरीन खेल दिखाकर शानदार वापसी की।,positive,badminton,contextual
4051,भारतीय टीम ने मैच में लचर प्रदर्शन किया और अपनी लय खो दी।,negative,hockey,paraphrase
4052,डिफेंडर ने फाइनल में उत्कृष्ट प्रदर्शन करते हुए मुश्किल स्थिति से बाहर निकली।,positive,hockey,paraphrase
4053,दबाव वाले मुकाबले में फॉरवर्ड ने लीग मैच में जबरदस्त खेल दिखाकर लगातार अच्छा प्रदर्शन किया।,positive,hockey,contextual
4054,फॉरवर्ड ने फाइनल के लिए तैयारी शुरू कर दी।,neutral,hockey,factual
4055,एथलीट ने रेस में बेअसर प्रदर्शन किया और महत्वपूर्ण मौका गंवाया।,negative,athletics,paraphrase
4056,युवा खिलाड़ी ने सेट में लचर प्रदर्शन किया और महत्वपूर्ण मौका गंवाया।,negative,tennis,paraphrase
4057,चैंपियन ने फाइनल में असंगत प्रदर्शन किया और लगातार गलतियां कीं।,negative,badminton,paraphrase
4058,आज कप्तान का क्वार्टरफाइनल में फीका खेल टीम पर भारी पड़ा।,negative,tennis,contextual
4059,आज बल्लेबाज ने पारी में कमाल का खेल दिखाकर जीत दर्ज की।,positive,cricket,contextual
4060,लंबे ब्रेक के बाद गेंदबाज ने सीरीज में लाजवाब खेल दिखाकर लगातार अच्छा प्रदर्शन किया।,positive,cricket,contextual
4061,आज खिलाड़ी ने इवेंट में उत्कृष्ट खेल दिखाकर मुश्किल स्थिति से बाहर निकली।,positive,athletics,contextual
4062,मैच लंबे ब्रेक के बाद आयोजित होगा और खिलाड़ी इसमें हिस्सा लेगा।,neutral,kabaddi,factual
4063,भारतीय धावक ने प्रतियोगिता में खराब प्रदर्शन किया और उम्मीदों पर खरी नहीं उतरी।,negative,athletics,paraphrase
4064,युवा एथलीट ने दौड़ में असंगत प्रदर्शन किया और महत्वपूर्ण मौका गंवाया।,negative,athletics,paraphrase
4065,टूर्नामेंट के अहम चरण में डिफेंडर का मुकाबला में असंगत खेल टीम पर भारी पड़ा।,negative,hockey,contextual
4066,टेनिस स्टार सेट के लिए मैच के लिए रवाना हुई।,neutral,tennis,neutral
4067,लगातार तीसरे मैच में धाविका ने फाइनल में धमाकेदार खेल दिखाकर महत्वपूर्ण योगदान दिया।,positive,athletics,contextual
4068,रेडर ने फाइनल में कमाल का प्रदर्शन करते हुए महत्वपूर्ण योगदान दिया।,positive,kabaddi,paraphrase
4069,कप्तान ने क्वार्टरफाइनल में फीका प्रदर्शन किया और अपनी लय खो दी।,negative,tennis,paraphrase
4070,मुकाबला दबाव वाले मुकाबले में आयोजित होगा और खिलाड़ी इसमें हिस्सा लेगा।,neutral,tennis,factual
4071,निर्णायक मैच में भारत ने सीरीज में यादगार खेल दिखाकर मुकाबला अपने नाम कर लिया।,positive,cricket,contextual
4072,इस मुकाबले में भारतीय धावक प्रतियोगिता से पहले प्रशिक्षण कर रहा है।,neutral,athletics,factual
4073,घरेलू मैदान पर भारतीय टीम का सीरीज में खराब खेल टीम पर भारी पड़ा।,negative,cricket,contextual
4074,टूर्नामेंट के अहम चरण में क्लब ने फाइनल में जबरदस्त खेल दिखाकर मुकाबला अपने नाम कर लिया।,positive,football,contextual
4075,महत्वपूर्ण मौके पर कप्तान ने मुकाबला में यादगार खेल दिखाकर लगातार अच्छा प्रदर्शन किया।,positive,football,contextual
4076,बल्लेबाज पारी के लिए अगले मुकाबले की तैयारी कर रही है।,neutral,cricket,neutral
4077,लगातार तीसरे मैच में हॉकी टीम ने मुकाबला में उत्कृष्ट खेल दिखाकर महत्वपूर्ण योगदान दिया।,positive,hockey,contextual
4078,दबाव वाले मुकाबले में युवा खिलाड़ी का मुकाबला में निराश करने वाला खेल टीम पर भारी पड़ा।,negative,tennis,contextual
4079,फाइनल टूर्नामेंट के अहम चरण में आयोजित होगा और रेडर इसमें हिस्सा लेगा।,neutral,kabaddi,factual
4080,प्रशंसकों के सामने गोलकीपर ने मैच में बेहतरीन खेल दिखाकर मुश्किल स्थिति से बाहर निकली।,positive,football,contextual
4081,निर्णायक मैच में खिलाड़ी ने फाइनल में उत्कृष्ट खेल दिखाकर मुकाबला अपने नाम कर लिया।,positive,athletics,contextual
4082,निर्णायक मैच में भारतीय टीम का सीरीज में खराब खेल टीम पर भारी पड़ा।,negative,cricket,contextual
4083,टूर्नामेंट के अहम चरण में भारतीय खिलाड़ी क्वार्टरफाइनल से पहले प्रशिक्षण कर रहा है।,neutral,tennis,factual
4084,मुकाबला घरेलू मैदान पर आयोजित होगा और गोलकीपर इसमें हिस्सा लेगा।,neutral,hockey,factual
4085,भारतीय टीम ने सेमीफाइनल में असंगत प्रदर्शन किया और अपनी लय खो दी।,negative,hockey,paraphrase
4086,टूर्नामेंट के अहम चरण में खिलाड़ी ने फाइनल में यादगार खेल दिखाकर जीत दर्ज की।,positive,athletics,contextual
4087,निर्णायक मैच में खिलाड़ी का प्रतियोगिता में असंगत खेल टीम पर भारी पड़ा।,negative,athletics,contextual
4088,लंबे ब्रेक के बाद भारतीय शटलर का मैच में असंगत खेल टीम पर भारी पड़ा।,negative,badminton,contextual
4089,रेडर ने मुकाबला में बेअसर प्रदर्शन किया और अपनी लय खो दी।,negative,kabaddi,paraphrase
4090,महत्वपूर्ण मौके पर चैंपियन ने सेट में शानदार खेल दिखाकर लगातार अच्छा प्रदर्शन किया।,positive,badminton,contextual
4091,लीग मैच निर्णायक मैच में आयोजित होगा और हॉकी टीम इसमें हिस्सा लेगा।,neutral,hockey,factual
4092,इस मुकाबले में चैंपियन ने मुकाबला में धमाकेदार खेल दिखाकर जीत दर्ज की।,positive,badminton,contextual
4093,प्रशंसकों के सामने विकेटकीपर मैच से पहले प्रशिक्षण कर रहा है।,neutral,cricket,factual
4094,लगातार तीसरे मैच में भारत ने पारी में उत्कृष्ट खेल दिखाकर महत्वपूर्ण योगदान दिया।,positive,cricket,contextual
4095,युवा खिलाड़ी ने क्वार्टरफाइनल में शानदार प्रदर्शन करते हुए लगातार अच्छा प्रदर्शन किया।,positive,tennis,paraphrase
4096,प्लेऑफ दबाव वाले मुकाबले में आयोजित होगा और रेडर इसमें हिस्सा लेगा।,neutral,kabaddi,factual
4097,निर्णायक मैच में युवा खिलाड़ी ने मुकाबला में जबरदस्त खेल दिखाकर दबदबा कायम रखा।,positive,tennis,contextual
4098,निर्णायक मैच में खिलाड़ी ने इवेंट से पहले प्रशिक्षण पूरा किया।,neutral,athletics,domain_context
4099,दबाव वाले मुकाबले में डिफेंडर ने मैच में लाजवाब खेल दिखाकर लगातार अच्छा प्रदर्शन किया।,positive,kabaddi,contextual
4100,सेमीफाइनल लगातार तीसरे मैच में आयोजित होगा और कप्तान इसमें हिस्सा लेगा।,neutral,football,factual
4101,मुकाबला प्रशंसकों के सामने आयोजित होगा और रेडर इसमें हिस्सा लेगा।,neutral,kabaddi,factual
4102,हॉकी टीम ने लीग मैच में कमजोर प्रदर्शन किया और महत्वपूर्ण मौका गंवाया।,negative,hockey,paraphrase
4103,गेम लंबे ब्रेक के बाद आयोजित होगा और खिलाड़ी इसमें हिस्सा लेगा।,neutral,badminton,factual
4104,लंबे ब्रेक के बाद टेनिस स्टार ने मुकाबला में उत्कृष्ट खेल दिखाकर शानदार वापसी की।,positive,tennis,contextual
4105,घरेलू मैदान पर रेडर ने लीग मैच में जबरदस्त खेल दिखाकर मुकाबला अपने नाम कर लिया।,positive,kabaddi,contextual
4106,फाइनल आज आयोजित होगा और टेनिस स्टार इसमें हिस्सा लेगा।,neutral,tennis,factual
4107,प्रशंसकों के सामने गोलकीपर ने मुकाबला में शानदार खेल दिखाकर जीत दर्ज की।,positive,football,contextual
4108,हॉकी टीम ने लीग मैच के लिए यात्रा कार्यक्रम साझा किया।,neutral,hockey,domain_context
4109,महत्वपूर्ण मौके पर भारतीय टीम ने सेमीफाइनल में कई आसान मौके गंवाए।,negative,football,domain_context
4110,महत्वपूर्ण मौके पर भारतीय टीम ने लीग मैच में उत्कृष्ट खेल दिखाकर जीत दर्ज की।,positive,kabaddi,contextual
4111,दबाव वाले मुकाबले में कप्तान प्लेऑफ से पहले प्रशिक्षण कर रहा है।,neutral,kabaddi,factual
4112,महत्वपूर्ण मौके पर डिफेंडर ने फाइनल में यादगार खेल दिखाकर मुश्किल स्थिति से बाहर निकली।,positive,football,contextual
4113,महत्वपूर्ण मौके पर क्लब लीग मैच से पहले प्रशिक्षण कर रहा है।,neutral,football,factual
4114,"डिफेंडर ने शुरुआत में संघर्ष किया, लेकिन बाद में शानदार वापसी की और मुकाबला जीत लिया।",positive,kabaddi,negation
4115,घरेलू मैदान पर खिलाड़ी ने मुकाबला में कमाल का खेल दिखाकर मुकाबला अपने नाम कर लिया।,positive,badminton,contextual
4116,टूर्नामेंट के अहम चरण में भारत का सीरीज में निराश करने वाला खेल टीम पर भारी पड़ा।,negative,cricket,contextual
4117,खिलाड़ी का कमजोर प्रदर्शन लीग मैच में हार का कारण बना।,negative,kabaddi,domain_context
4118,प्रशंसकों के सामने फॉरवर्ड फाइनल से पहले प्रशिक्षण कर रहा है।,neutral,hockey,factual
4119,क्लब मुकाबला के लिए अगले दौर के लिए पहुंची।,neutral,football,neutral
4120,प्रशंसकों के सामने खिलाड़ी का सेट में बेअसर खेल टीम पर भारी पड़ा।,negative,badminton,contextual
4121,युवा एथलीट ने इवेंट में असंगत प्रदर्शन किया और मुकाबला गंवा दिया।,negative,athletics,paraphrase
4122,खिलाड़ी ने फाइनल में असंगत प्रदर्शन किया और मुकाबला गंवा दिया।,negative,badminton,paraphrase
4123,रेडर ने लीग मैच में असंगत प्रदर्शन किया और दबाव में बिखर गई।,negative,kabaddi,paraphrase
4124,लगातार तीसरे मैच में खिलाड़ी का सेट में खराब खेल टीम पर भारी पड़ा।,negative,badminton,contextual
4125,खिलाड़ी ने फाइनल में निराश करने वाला प्रदर्शन किया और अपनी लय खो दी।,negative,badminton,paraphrase
4126,टूर्नामेंट के अहम चरण में गेंदबाज ने पारी से पहले प्रशिक्षण पूरा किया।,neutral,cricket,domain_context
4127,बल्लेबाज ने पारी में लाजवाब प्रदर्शन करते हुए मुश्किल स्थिति से बाहर निकली।,positive,cricket,paraphrase
4128,घरेलू मैदान पर गेंदबाज ने मैच में जबरदस्त खेल दिखाकर शानदार वापसी की।,positive,cricket,contextual
4129,दबाव वाले मुकाबले में खिलाड़ी ने मुकाबला में लाजवाब खेल दिखाकर जीत दर्ज की।,positive,tennis,contextual
4130,आज कप्तान ने क्वार्टरफाइनल में जबरदस्त खेल दिखाकर मुश्किल स्थिति से बाहर निकली।,positive,tennis,contextual
4131,आज डिफेंडर का मुकाबला में निराशाजनक खेल टीम पर भारी पड़ा।,negative,football,contextual
4132,प्रशंसकों के सामने गेंदबाज का मैच में फीका खेल टीम पर भारी पड़ा।,negative,cricket,contextual
4133,टूर्नामेंट के अहम चरण में भारतीय खिलाड़ी ने सेट में लाजवाब खेल दिखाकर दबदबा कायम रखा।,positive,tennis,contextual
4134,इस मुकाबले में युवा खिलाड़ी का मुकाबला में फीका खेल टीम पर भारी पड़ा।,negative,tennis,contextual
4135,फॉरवर्ड ने मुकाबला में बेहतरीन प्रदर्शन करते हुए लगातार अच्छा प्रदर्शन किया।,positive,hockey,paraphrase
4136,दबाव वाले मुकाबले में भारतीय टीम का फाइनल में बेअसर खेल टीम पर भारी पड़ा।,negative,hockey,contextual
4137,बल्लेबाज ने सीरीज में उत्कृष्ट खेल दिखाया और टीम को जीत दिलाई।,positive,cricket,domain_context
4138,प्लेऑफ निर्णायक मैच में आयोजित होगा और डिफेंडर इसमें हिस्सा लेगा।,neutral,kabaddi,factual
4139,लगातार तीसरे मैच में भारतीय टीम लीग मैच से पहले प्रशिक्षण कर रहा है।,neutral,football,factual
4140,आज रेडर लीग मैच से पहले प्रशिक्षण कर रहा है।,neutral,kabaddi,factual
4141,दबाव वाले मुकाबले में टेनिस स्टार सेट से पहले प्रशिक्षण कर रहा है।,neutral,tennis,factual
4142,कप्तान के मैच में धमाकेदार प्रदर्शन से टीम को फायदा हुआ।,positive,kabaddi,contextual
4143,दबाव वाले मुकाबले में खिलाड़ी ने मैच में कई आसान मौके गंवाए।,negative,kabaddi,domain_context
4144,घरेलू मैदान पर कप्तान सेट से पहले प्रशिक्षण कर रहा है।,neutral,tennis,factual
4145,प्रतियोगिता घरेलू मैदान पर आयोजित होगा और युवा एथलीट इसमें हिस्सा लेगा।,neutral,athletics,factual
4146,निर्णायक मैच में भारतीय धावक ने फाइनल में यादगार खेल दिखाकर शानदार वापसी की।,positive,athletics,contextual
4147,लंबे ब्रेक के बाद युवा खिलाड़ी क्वार्टरफाइनल से पहले प्रशिक्षण कर रहा है।,neutral,tennis,factual
4148,आज खिलाड़ी ने दौड़ में लाजवाब खेल दिखाकर मुकाबला अपने नाम कर लिया।,positive,athletics,contextual
4149,इस मुकाबले में खिलाड़ी सेट से पहले प्रशिक्षण कर रहा है।,neutral,tennis,factual
4150,गेंदबाज ने ओवर में शानदार प्रदर्शन करते हुए मुश्किल स्थिति से बाहर निकली।,positive,cricket,paraphrase
4151,लगातार तीसरे मैच में खिलाड़ी का दौड़ में निराशाजनक खेल टीम पर भारी पड़ा।,negative,athletics,contextual
4152,सीरीज महत्वपूर्ण मौके पर आयोजित होगा और भारत इसमें हिस्सा लेगा।,neutral,cricket,factual
4153,आज क्लब ने सेमीफाइनल में शानदार खेल दिखाकर शानदार वापसी की।,positive,football,contextual
4154,भारतीय शटलर फाइनल के लिए अगले मुकाबले की तैयारी कर रही है।,neutral,badminton,neutral
4155,भारतीय टीम ने सीरीज में निराशाजनक प्रदर्शन किया और महत्वपूर्ण मौका गंवाया।,negative,cricket,paraphrase
4156,विकेटकीपर ओवर के लिए अभ्यास सत्र में शामिल हुई।,neutral,cricket,neutral
4157,"Aaj, Players pressure mein bikhar gaye.",negative,multi-sport,code_mixed
4158,क्लब ने मैच में फीका प्रदर्शन किया और दबाव में बिखर गई।,negative,football,paraphrase
4159,लगातार तीसरे मैच में चैंपियन फाइनल से पहले प्रशिक्षण कर रहा है।,neutral,badminton,factual
4160,महत्वपूर्ण मौके पर टेनिस स्टार फाइनल से पहले प्रशिक्षण कर रहा है।,neutral,tennis,factual
4161,इस मुकाबले में खिलाड़ी ने फाइनल में उत्कृष्ट खेल दिखाकर लगातार अच्छा प्रदर्शन किया।,positive,badminton,contextual
4162,खिलाड़ी ने प्रतियोगिता के लिए यात्रा कार्यक्रम साझा किया।,neutral,athletics,domain_context
4163,महत्वपूर्ण मौके पर भारतीय शटलर ने मुकाबला से पहले प्रशिक्षण पूरा किया।,neutral,badminton,domain_context
4164,घरेलू मैदान पर कप्तान का सेमीफाइनल में खराब खेल टीम पर भारी पड़ा।,negative,football,contextual
4165,रेडर ने लीग मैच में खराब प्रदर्शन किया और अपनी लय खो दी।,negative,kabaddi,paraphrase
4166,भारतीय टीम ने मुकाबला में यादगार प्रदर्शन करते हुए महत्वपूर्ण योगदान दिया।,positive,football,paraphrase
4167,लंबे ब्रेक के बाद कप्तान ने मुकाबला में उत्कृष्ट खेल दिखाकर जीत दर्ज की।,positive,kabaddi,contextual
4168,आज भारतीय धावक ने इवेंट में कमाल का खेल दिखाकर मुकाबला अपने नाम कर लिया।,positive,athletics,contextual
4169,लगातार तीसरे मैच में चैंपियन मुकाबला से पहले प्रशिक्षण कर रहा है।,neutral,badminton,factual
4170,दबाव वाले मुकाबले में भारतीय धावक ने रेस में शानदार खेल दिखाकर लगातार अच्छा प्रदर्शन किया।,positive,athletics,contextual
4171,फॉरवर्ड ने लीग मैच के लिए यात्रा कार्यक्रम साझा किया।,neutral,football,domain_context
4172,प्रशंसकों के सामने गेंदबाज का मुकाबला में बेअसर खेल टीम पर भारी पड़ा।,negative,cricket,contextual
4173,लगातार तीसरे मैच में भारतीय शटलर ने मुकाबला में बेहतरीन तालमेल के साथ जीत हासिल की।,positive,badminton,domain_context
4174,लगातार तीसरे मैच में खिलाड़ी का मुकाबला में बेअसर खेल टीम पर भारी पड़ा।,negative,kabaddi,contextual
4175,टूर्नामेंट के अहम चरण में भारतीय धावक ने प्रतियोगिता में धमाकेदार खेल दिखाकर मुश्किल स्थिति से बाहर निकली।,positive,athletics,contextual
4176,सीरीज महत्वपूर्ण मौके पर आयोजित होगा और गेंदबाज इसमें हिस्सा लेगा।,neutral,cricket,factual
4177,प्रशंसकों के सामने कप्तान सेट से पहले प्रशिक्षण कर रहा है।,neutral,tennis,factual
4178,युवा खिलाड़ी फाइनल के लिए रणनीति पर चर्चा कर रही है।,neutral,tennis,neutral
4179,दबाव वाले मुकाबले में भारतीय शटलर ने मुकाबला से पहले प्रशिक्षण पूरा किया।,neutral,badminton,domain_context
4180,आज हॉकी टीम फाइनल से पहले प्रशिक्षण कर रहा है।,neutral,hockey,factual
4181,खिलाड़ी ने क्वार्टरफाइनल में बेअसर खेल दिखाया और टीम को नुकसान हुआ।,negative,tennis,domain_context
4182,लंबे ब्रेक के बाद भारतीय खिलाड़ी ने सेट में उत्कृष्ट खेल दिखाकर मुश्किल स्थिति से बाहर निकली।,positive,tennis,contextual
4183,फाइनल महत्वपूर्ण मौके पर आयोजित होगा और क्लब इसमें हिस्सा लेगा।,neutral,football,factual
4184,जोड़ी ने फाइनल में यादगार प्रदर्शन करते हुए महत्वपूर्ण योगदान दिया।,positive,badminton,paraphrase
4185,महत्वपूर्ण मौके पर डिफेंडर ने मैच में उत्कृष्ट खेल दिखाकर महत्वपूर्ण योगदान दिया।,positive,football,contextual
4186,खिलाड़ी की मैच में लचर रणनीति काम नहीं आई।,negative,kabaddi,contextual
4187,प्रशंसकों के सामने गेंदबाज ने रन चेज में बेहतरीन खेल दिखाकर मुकाबला अपने नाम कर लिया।,positive,cricket,contextual
4188,मुकाबला लंबे ब्रेक के बाद आयोजित होगा और भारतीय शटलर इसमें हिस्सा लेगा।,neutral,badminton,factual
4189,आज फॉरवर्ड का मुकाबला में कमजोर खेल टीम पर भारी पड़ा।,negative,hockey,contextual
4190,जोड़ी ने फाइनल में निराशाजनक प्रदर्शन किया और दबाव में बिखर गई।,negative,badminton,paraphrase
4191,रेडर ने मुकाबला में लचर प्रदर्शन किया और उम्मीदों पर खरी नहीं उतरी।,negative,kabaddi,paraphrase
4192,इस मुकाबले में खिलाड़ी ने मुकाबला से पहले प्रशिक्षण पूरा किया।,neutral,tennis,domain_context
4193,घरेलू मैदान पर युवा खिलाड़ी ने फाइनल में उत्कृष्ट खेल दिखाकर जीत दर्ज की।,positive,tennis,contextual
4194,भारतीय टीम को मुकाबला के लिए टीम में शामिल किया गया है।,neutral,hockey,domain_context
4195,महत्वपूर्ण मौके पर कप्तान ने मैच में कमाल का खेल दिखाकर जीत दर्ज की।,positive,tennis,contextual
4196,रेडर मुकाबला के लिए अगले मुकाबले की तैयारी कर रही है।,neutral,kabaddi,neutral
4197,लीग मैच घरेलू मैदान पर आयोजित होगा और हॉकी टीम इसमें हिस्सा लेगा।,neutral,hockey,factual
4198,खिलाड़ी ने मैच में बेहतरीन प्रदर्शन करते हुए शानदार वापसी की।,positive,kabaddi,paraphrase
4199,पारी लगातार तीसरे मैच में आयोजित होगा और भारतीय टीम इसमें हिस्सा लेगा।,neutral,cricket,factual
4200,एथलीट के शानदार प्रदर्शन ने दौड़ का रुख बदल दिया।,positive,athletics,domain_context
4201,घरेलू मैदान पर फॉरवर्ड मुकाबला से पहले प्रशिक्षण कर रहा है।,neutral,hockey,factual
4202,धाविका ने इवेंट के लिए यात्रा कार्यक्रम साझा किया।,neutral,athletics,domain_context
4203,चैंपियन ने फाइनल में असंगत प्रदर्शन किया और महत्वपूर्ण मौका गंवाया।,negative,badminton,paraphrase
4204,मुकाबला लंबे ब्रेक के बाद आयोजित होगा और खिलाड़ी इसमें हिस्सा लेगा।,neutral,badminton,factual
4205,फॉरवर्ड की मुकाबला में असंगत रणनीति काम नहीं आई।,negative,football,contextual
4206,घरेलू मैदान पर फॉरवर्ड फाइनल से पहले प्रशिक्षण कर रहा है।,neutral,hockey,factual
4207,फाइनल प्रशंसकों के सामने आयोजित होगा और युवा एथलीट इसमें हिस्सा लेगा।,neutral,athletics,factual
4208,डिफेंडर ने मुकाबला में असंगत प्रदर्शन किया और अपनी लय खो दी।,negative,hockey,paraphrase
4209,विकेटकीपर की ओवर में बेअसर रणनीति काम नहीं आई।,negative,cricket,contextual
4210,निर्णायक मैच में कप्तान का फाइनल में फीका खेल टीम पर भारी पड़ा।,negative,football,contextual
4211,इस मुकाबले में खिलाड़ी ने रेस में उत्कृष्ट खेल दिखाकर शानदार वापसी की।,positive,athletics,contextual
4212,डिफेंडर ने मुकाबला में यादगार खेल दिखाया और टीम को जीत दिलाई।,positive,hockey,domain_context
4213,लगातार तीसरे मैच में युवा खिलाड़ी ने सेट में जबरदस्त खेल दिखाकर महत्वपूर्ण योगदान दिया।,positive,tennis,contextual
4214,घरेलू मैदान पर धाविका फाइनल से पहले प्रशिक्षण कर रहा है।,neutral,athletics,factual
4215,लंबे ब्रेक के बाद कप्तान ने लीग मैच में बेहतरीन खेल दिखाकर लगातार अच्छा प्रदर्शन किया।,positive,football,contextual
4216,निर्णायक मैच में क्लब ने मुकाबला में उत्कृष्ट खेल दिखाकर मुकाबला अपने नाम कर लिया।,positive,football,contextual
4217,प्रशंसकों के सामने टेनिस स्टार का फाइनल में निराश करने वाला खेल टीम पर भारी पड़ा।,negative,tennis,contextual
4218,खिलाड़ी सेट के लिए मैच के लिए रवाना हुई।,neutral,tennis,neutral
4219,महत्वपूर्ण मौके पर भारत ने पारी में जबरदस्त खेल दिखाकर शानदार वापसी की।,positive,cricket,contextual
4220,"Kal, Captain ne next game ki strategy discuss ki.",neutral,multi-sport,code_mixed
4221,घरेलू मैदान पर भारत का सीरीज में असंगत खेल टीम पर भारी पड़ा।,negative,cricket,contextual
4222,दौड़ घरेलू मैदान पर आयोजित होगा और युवा एथलीट इसमें हिस्सा लेगा।,neutral,athletics,factual
4223,युवा एथलीट की रेस में असंगत रणनीति काम नहीं आई।,negative,athletics,contextual
4224,घरेलू मैदान पर कप्तान मैच से पहले प्रशिक्षण कर रहा है।,neutral,kabaddi,factual
4225,कप्तान ने मैच में फीका प्रदर्शन किया और महत्वपूर्ण मौका गंवाया।,negative,kabaddi,paraphrase
4226,डिफेंडर ने सेमीफाइनल में असंगत प्रदर्शन किया और मुकाबला गंवा दिया।,negative,football,paraphrase
4227,टूर्नामेंट के अहम चरण में जोड़ी ने सेट में कई आसान मौके गंवाए।,negative,badminton,domain_context
4228,"Kal, India ne aaj zabardast comeback kiya.",positive,multi-sport,code_mixed
4229,निर्णायक मैच में विकेटकीपर ने मैच में धमाकेदार खेल दिखाकर जीत दर्ज की।,positive,cricket,contextual
4230,भारतीय टीम लीग मैच के लिए अगले मुकाबले की तैयारी कर रही है।,neutral,kabaddi,neutral
4231,आज क्लब का सेमीफाइनल में लचर खेल टीम पर भारी पड़ा।,negative,football,contextual
4232,रेडर मैच के लिए मैच के लिए रवाना हुई।,neutral,kabaddi,neutral
4233,लगातार तीसरे मैच में क्लब लीग मैच से पहले प्रशिक्षण कर रहा है।,neutral,football,factual
4234,भारतीय टीम ने फाइनल में शानदार प्रदर्शन करते हुए मुकाबला अपने नाम कर लिया।,positive,kabaddi,paraphrase
4235,भारतीय टीम ने फाइनल के दौरान लगातार गलत फैसले लिए।,negative,football,domain_context
4236,युवा शटलर मुकाबला के लिए टूर्नामेंट में हिस्सा ले रही है।,neutral,badminton,neutral
4237,मैच आज आयोजित होगा और युवा खिलाड़ी इसमें हिस्सा लेगा।,neutral,tennis,factual
4238,टूर्नामेंट के अहम चरण में गेंदबाज ने ओवर में उत्कृष्ट खेल दिखाकर मुकाबला अपने नाम कर लिया।,positive,cricket,contextual
4239,महत्वपूर्ण मौके पर हॉकी टीम ने लीग मैच में लाजवाब खेल दिखाकर महत्वपूर्ण योगदान दिया।,positive,hockey,contextual
4240,टेनिस स्टार ने फाइनल में बेअसर प्रदर्शन किया और दबाव में बिखर गई।,negative,tennis,paraphrase
4241,डिफेंडर ने फाइनल में लचर प्रदर्शन किया और अपनी लय खो दी।,negative,hockey,paraphrase
4242,लगातार तीसरे मैच में हॉकी टीम ने मुकाबला में शानदार खेल दिखाकर मुकाबला अपने नाम कर लिया।,positive,hockey,contextual
4243,प्रशंसकों के सामने भारतीय टीम का सेमीफाइनल में निराश करने वाला खेल टीम पर भारी पड़ा।,negative,hockey,contextual
4244,महत्वपूर्ण मौके पर कप्तान ने सीरीज में कई आसान मौके गंवाए।,negative,cricket,domain_context
4245,आज गोलकीपर मुकाबला से पहले प्रशिक्षण कर रहा है।,neutral,football,factual
4246,लगातार तीसरे मैच में बल्लेबाज का रन चेज में फीका खेल टीम पर भारी पड़ा।,negative,cricket,contextual
4247,भारत ने मुकाबला में यादगार प्रदर्शन करते हुए लगातार अच्छा प्रदर्शन किया।,positive,cricket,paraphrase
4248,दबाव वाले मुकाबले में गोलकीपर ने सेमीफाइनल में बेहतरीन खेल दिखाकर मुश्किल स्थिति से बाहर निकली।,positive,hockey,contextual
4249,इस मुकाबले में जोड़ी फाइनल से पहले प्रशिक्षण कर रहा है।,neutral,badminton,factual
4250,इस मुकाबले में फॉरवर्ड ने सेमीफाइनल में बेहतरीन खेल दिखाकर महत्वपूर्ण योगदान दिया।,positive,football,contextual
4251,लगातार तीसरे मैच में बल्लेबाज ने मैच में बेहतरीन तालमेल के साथ जीत हासिल की।,positive,cricket,domain_context
4252,फाइनल प्रशंसकों के सामने आयोजित होगा और फॉरवर्ड इसमें हिस्सा लेगा।,neutral,football,factual
4253,घरेलू मैदान पर भारत ने आज मैदान में धूम मचा दी।,positive,multi-sport,domain_context
4254,गेंदबाज ने मैच में निराश करने वाला प्रदर्शन किया और दबाव में बिखर गई।,negative,cricket,paraphrase
4255,टेनिस स्टार फाइनल के लिए मैच के लिए रवाना हुई।,neutral,tennis,neutral
4256,सेट प्रशंसकों के सामने आयोजित होगा और भारतीय शटलर इसमें हिस्सा लेगा।,neutral,badminton,factual
4257,आज हॉकी टीम ने फाइनल से पहले प्रशिक्षण पूरा किया।,neutral,hockey,domain_context
4258,डिफेंडर ने सेमीफाइनल में असंगत प्रदर्शन किया और दबाव में बिखर गई।,negative,hockey,paraphrase
4259,महत्वपूर्ण मौके पर चैंपियन ने फाइनल में लाजवाब खेल दिखाकर महत्वपूर्ण योगदान दिया।,positive,badminton,contextual
4260,महत्वपूर्ण मौके पर रेडर ने मुकाबला में धमाकेदार खेल दिखाकर मुश्किल स्थिति से बाहर निकली।,positive,kabaddi,contextual
4261,दबाव वाले मुकाबले में कप्तान ने मुकाबला में उत्कृष्ट खेल दिखाकर दबदबा कायम रखा।,positive,cricket,contextual
4262,लगातार तीसरे मैच में कप्तान का सेट में बेअसर खेल टीम पर भारी पड़ा।,negative,tennis,contextual
4263,लगातार तीसरे मैच में कप्तान का लीग मैच में कमजोर खेल टीम पर भारी पड़ा।,negative,football,contextual
4264,प्लेऑफ दबाव वाले मुकाबले में आयोजित होगा और कप्तान इसमें हिस्सा लेगा।,neutral,kabaddi,factual
4265,भारतीय टीम प्लेऑफ के लिए अभ्यास सत्र में शामिल हुई।,neutral,kabaddi,neutral
4266,दबाव वाले मुकाबले में चैंपियन ने गेम में लाजवाब खेल दिखाकर महत्वपूर्ण योगदान दिया।,positive,badminton,contextual
4267,जोड़ी ने फाइनल में असंगत प्रदर्शन किया और लगातार गलतियां कीं।,negative,badminton,paraphrase
4268,इस मुकाबले में युवा शटलर का फाइनल में बेअसर खेल टीम पर भारी पड़ा।,negative,badminton,contextual
4269,लगातार तीसरे मैच में युवा शटलर ने फाइनल से पहले प्रशिक्षण पूरा किया।,neutral,badminton,domain_context
4270,लीग मैच आज आयोजित होगा और कप्तान इसमें हिस्सा लेगा।,neutral,football,factual
4271,डिफेंडर ने मुकाबला में बेअसर प्रदर्शन किया और उम्मीदों पर खरी नहीं उतरी।,negative,hockey,paraphrase
4272,निर्णायक मैच में भारतीय धावक फाइनल से पहले प्रशिक्षण कर रहा है।,neutral,athletics,factual
4273,कप्तान ने सेमीफाइनल में असंगत प्रदर्शन किया और लगातार गलतियां कीं।,negative,football,paraphrase
4274,भारतीय धावक ने दौड़ में बेअसर खेल दिखाया और टीम को नुकसान हुआ।,negative,athletics,domain_context
4275,महत्वपूर्ण मौके पर भारतीय शटलर ने सेट में कमाल का खेल दिखाकर शानदार वापसी की।,positive,badminton,contextual
4276,टूर्नामेंट के अहम चरण में डिफेंडर ने फाइनल में धमाकेदार खेल दिखाकर मुश्किल स्थिति से बाहर निकली।,positive,football,contextual
4277,महत्वपूर्ण मौके पर कप्तान ने मुकाबला में कमाल का खेल दिखाकर शानदार वापसी की।,positive,kabaddi,contextual
4278,मुकाबला आज आयोजित होगा और भारतीय टीम इसमें हिस्सा लेगा।,neutral,football,factual
4279,घरेलू मैदान पर कप्तान ने मैच में कमाल का खेल दिखाकर महत्वपूर्ण योगदान दिया।,positive,cricket,contextual
4280,दबाव वाले मुकाबले में रेडर मैच से पहले प्रशिक्षण कर रहा है।,neutral,kabaddi,factual
4281,लगातार तीसरे मैच में भारतीय टीम ने सीरीज से पहले प्रशिक्षण पूरा किया।,neutral,cricket,domain_context
4282,इस मुकाबले में खिलाड़ी ने फाइनल में शानदार खेल दिखाकर दबदबा कायम रखा।,positive,kabaddi,contextual
4283,निर्णायक मैच में कप्तान सेमीफाइनल से पहले प्रशिक्षण कर रहा है।,neutral,football,factual
4284,महत्वपूर्ण मौके पर भारतीय टीम ने मैच में उत्कृष्ट खेल दिखाकर जीत दर्ज की।,positive,kabaddi,contextual
4285,महत्वपूर्ण मौके पर बल्लेबाज मुकाबला से पहले प्रशिक्षण कर रहा है।,neutral,cricket,factual
4286,इस मुकाबले में विकेटकीपर मुकाबला से पहले प्रशिक्षण कर रहा है।,neutral,cricket,factual
4287,निर्णायक मैच में क्लब ने सेमीफाइनल से पहले प्रशिक्षण पूरा किया।,neutral,football,domain_context
4288,जोड़ी ने गेम में खराब प्रदर्शन किया और दबाव में बिखर गई।,negative,badminton,paraphrase
4289,टूर्नामेंट के अहम चरण में खिलाड़ी ने गेम में जबरदस्त खेल दिखाकर शानदार वापसी की।,positive,badminton,contextual
4290,निर्णायक मैच में रेडर ने मुकाबला में धमाकेदार खेल दिखाकर दबदबा कायम रखा।,positive,kabaddi,contextual
4291,प्रशंसकों के सामने चैंपियन का गेम में असंगत खेल टीम पर भारी पड़ा।,negative,badminton,contextual
4292,कप्तान सीरीज के लिए रणनीति पर चर्चा कर रही है।,neutral,cricket,neutral
4293,इस मुकाबले में एथलीट का इवेंट में बेअसर खेल टीम पर भारी पड़ा।,negative,athletics,contextual
4294,मैच महत्वपूर्ण मौके पर आयोजित होगा और फॉरवर्ड इसमें हिस्सा लेगा।,neutral,football,factual
4295,निर्णायक मैच में डिफेंडर का मैच में असंगत खेल टीम पर भारी पड़ा।,negative,hockey,contextual
4296,आज कप्तान ने फाइनल में शानदार खेल दिखाकर महत्वपूर्ण योगदान दिया।,positive,football,contextual
4297,महत्वपूर्ण मौके पर टेनिस स्टार का क्वार्टरफाइनल में असंगत खेल टीम पर भारी पड़ा।,negative,tennis,contextual
4298,इस मुकाबले में क्लब मुकाबला से पहले प्रशिक्षण कर रहा है।,neutral,football,factual
4299,लंबे ब्रेक के बाद एथलीट ने प्रतियोगिता में शानदार खेल दिखाकर मुश्किल स्थिति से बाहर निकली।,positive,athletics,contextual
4300,लगातार तीसरे मैच में गोलकीपर ने सेमीफाइनल में बेहतरीन खेल दिखाकर शानदार वापसी की।,positive,hockey,contextual
4301,प्रशंसकों के सामने कप्तान ने रन चेज में कई आसान मौके गंवाए।,negative,cricket,domain_context
4302,प्रशंसकों के सामने फॉरवर्ड ने फाइनल में शानदार खेल दिखाकर दबदबा कायम रखा।,positive,hockey,contextual
4303,लंबे ब्रेक के बाद विकेटकीपर का सीरीज में फीका खेल टीम पर भारी पड़ा।,negative,cricket,contextual
4304,प्रशंसकों के सामने चैंपियन ने मैच में धमाकेदार खेल दिखाकर जीत दर्ज की।,positive,badminton,contextual
4305,आज जोड़ी ने सेट से पहले प्रशिक्षण पूरा किया।,neutral,badminton,domain_context
4306,डिफेंडर ने मैच के लिए नया अभ्यास कार्यक्रम शुरू किया।,neutral,football,domain_context
4307,टूर्नामेंट के अहम चरण में डिफेंडर का प्लेऑफ में खराब खेल टीम पर भारी पड़ा।,negative,kabaddi,contextual
4308,लगातार तीसरे मैच में भारत ने मैच में यादगार खेल दिखाकर दबदबा कायम रखा।,positive,cricket,contextual
4309,प्रशंसकों के सामने खिलाड़ी लीग मैच से पहले प्रशिक्षण कर रहा है।,neutral,kabaddi,factual
4310,जोड़ी ने फाइनल में बेअसर प्रदर्शन किया और महत्वपूर्ण मौका गंवाया।,negative,badminton,paraphrase
4311,प्रशंसकों के सामने डिफेंडर ने मैच में लाजवाब खेल दिखाकर मुकाबला अपने नाम कर लिया।,positive,football,contextual
4312,घरेलू मैदान पर टीम ने अगले मुकाबले की तैयारी शुरू कर दी।,neutral,multi-sport,domain_context
4313,टूर्नामेंट के अहम चरण में कप्तान का प्लेऑफ में निराशाजनक खेल टीम पर भारी पड़ा।,negative,kabaddi,contextual
4314,घरेलू मैदान पर बल्लेबाज ने मैच में यादगार खेल दिखाकर लगातार अच्छा प्रदर्शन किया।,positive,cricket,contextual
4315,घरेलू मैदान पर रेडर फाइनल से पहले प्रशिक्षण कर रहा है।,neutral,kabaddi,factual
4316,गोलकीपर ने लीग मैच में फीका खेल दिखाया और टीम को नुकसान हुआ।,negative,football,domain_context
4317,धाविका ने दौड़ में शानदार प्रदर्शन करते हुए मुकाबला अपने नाम कर लिया।,positive,athletics,paraphrase
4318,खिलाड़ी ने इवेंट के लिए तैयारी शुरू कर दी।,neutral,athletics,factual
4319,लगातार तीसरे मैच में गोलकीपर ने फाइनल में कमाल का खेल दिखाकर महत्वपूर्ण योगदान दिया।,positive,hockey,contextual
4320,फाइनल घरेलू मैदान पर आयोजित होगा और युवा खिलाड़ी इसमें हिस्सा लेगा।,neutral,tennis,factual
4321,गेंदबाज ने मैच के लिए तैयारी शुरू कर दी।,neutral,cricket,factual
4322,इस मुकाबले में भारतीय टीम ने मुकाबला में धमाकेदार खेल दिखाकर शानदार वापसी की।,positive,cricket,contextual
4323,प्रशंसकों के सामने धाविका का इवेंट में कमजोर खेल टीम पर भारी पड़ा।,negative,athletics,contextual
4324,घरेलू मैदान पर भारतीय शटलर मैच से पहले प्रशिक्षण कर रहा है।,neutral,badminton,factual
4325,निर्णायक मैच में बल्लेबाज का रन चेज में खराब खेल टीम पर भारी पड़ा।,negative,cricket,contextual
4326,दबाव वाले मुकाबले में एथलीट दौड़ से पहले प्रशिक्षण कर रहा है।,neutral,athletics,factual
4327,घरेलू मैदान पर फॉरवर्ड का लीग मैच में निराश करने वाला खेल टीम पर भारी पड़ा।,negative,football,contextual
4328,गेंदबाज ने ओवर के लिए यात्रा कार्यक्रम साझा किया।,neutral,cricket,domain_context
4329,इस मुकाबले में युवा शटलर का मैच में लचर खेल टीम पर भारी पड़ा।,negative,badminton,contextual
4330,इस मुकाबले में युवा खिलाड़ी ने क्वार्टरफाइनल में बेहतरीन खेल दिखाकर मुश्किल स्थिति से बाहर निकली।,positive,tennis,contextual
4331,घरेलू मैदान पर धाविका दौड़ से पहले प्रशिक्षण कर रहा है।,neutral,athletics,factual
4332,हॉकी टीम लीग मैच के लिए मैच के लिए रवाना हुई।,neutral,hockey,neutral
4333,महत्वपूर्ण मौके पर धाविका ने प्रतियोगिता में उत्कृष्ट खेल दिखाकर दबदबा कायम रखा।,positive,athletics,contextual
4334,इस मुकाबले में खिलाड़ी का क्वार्टरफाइनल में लचर खेल टीम पर भारी पड़ा।,negative,tennis,contextual
4335,टूर्नामेंट के अहम चरण में खिलाड़ी ने क्वार्टरफाइनल से पहले प्रशिक्षण पूरा किया।,neutral,tennis,domain_context
4336,निर्णायक मैच में भारत ने ओवर में उत्कृष्ट खेल दिखाकर जीत दर्ज की।,positive,cricket,contextual
4337,टेनिस स्टार सेट के लिए टूर्नामेंट में हिस्सा ले रही है।,neutral,tennis,neutral
4338,महत्वपूर्ण मौके पर खिलाड़ी का क्वार्टरफाइनल में फीका खेल टीम पर भारी पड़ा।,negative,tennis,contextual
4339,लगातार तीसरे मैच में फॉरवर्ड ने मुकाबला में उत्कृष्ट खेल दिखाकर मुश्किल स्थिति से बाहर निकली।,positive,football,contextual
4340,रेडर ने मुकाबला में कमाल का प्रदर्शन करते हुए दबदबा कायम रखा।,positive,kabaddi,paraphrase
4341,युवा शटलर मुकाबला के लिए प्रशिक्षण जारी रखे हुए है।,neutral,badminton,neutral
4342,लगातार तीसरे मैच में भारतीय धावक ने रेस में कई आसान मौके गंवाए।,negative,athletics,domain_context
4343,आज गेंदबाज का सीरीज में लचर खेल टीम पर भारी पड़ा।,negative,cricket,contextual
4344,दबाव वाले मुकाबले में गोलकीपर ने फाइनल में जबरदस्त खेल दिखाकर मुकाबला अपने नाम कर लिया।,positive,football,contextual
4345,गोलकीपर मैच के लिए अगले दौर के लिए पहुंची।,neutral,hockey,neutral
4346,निर्णायक मैच में भारतीय खिलाड़ी का फाइनल में बेअसर खेल टीम पर भारी पड़ा।,negative,tennis,contextual
4347,युवा एथलीट फाइनल के लिए रणनीति पर चर्चा कर रही है।,neutral,athletics,neutral
4348,एथलीट ने रेस में निराशाजनक खेल दिखाया और टीम को नुकसान हुआ।,negative,athletics,domain_context
4349,फाइनल महत्वपूर्ण मौके पर आयोजित होगा और खिलाड़ी इसमें हिस्सा लेगा।,neutral,tennis,factual
4350,निर्णायक मैच में गोलकीपर का लीग मैच में असंगत खेल टीम पर भारी पड़ा।,negative,football,contextual
4351,आज भारतीय धावक ने फाइनल में शानदार खेल दिखाकर जीत दर्ज की।,positive,athletics,contextual
4352,फाइनल आज आयोजित होगा और कप्तान इसमें हिस्सा लेगा।,neutral,tennis,factual
4353,गेंदबाज ने मुकाबला में लाजवाब प्रदर्शन करते हुए जीत दर्ज की।,positive,cricket,paraphrase
4354,कप्तान ने सेमीफाइनल में शानदार प्रदर्शन करते हुए मुश्किल स्थिति से बाहर निकली।,positive,football,paraphrase
4355,टूर्नामेंट के अहम चरण में चैंपियन का फाइनल में खराब खेल टीम पर भारी पड़ा।,negative,badminton,contextual
4356,महत्वपूर्ण मौके पर युवा खिलाड़ी ने मुकाबला में उत्कृष्ट खेल दिखाकर दबदबा कायम रखा।,positive,tennis,contextual
4357,दबाव वाले मुकाबले में धाविका का प्रतियोगिता में निराशाजनक खेल टीम पर भारी पड़ा।,negative,athletics,contextual
4358,निर्णायक मैच में हॉकी टीम ने मुकाबला में उत्कृष्ट खेल दिखाकर महत्वपूर्ण योगदान दिया।,positive,hockey,contextual
4359,हॉकी टीम मैच के लिए अभ्यास सत्र में शामिल हुई।,neutral,hockey,neutral
4360,भारतीय धावक ने फाइनल में निराश करने वाला प्रदर्शन किया और मुकाबला गंवा दिया।,negative,athletics,paraphrase
4361,डिफेंडर ने फाइनल में कमाल का प्रदर्शन करते हुए दबदबा कायम रखा।,positive,kabaddi,paraphrase
4362,भारतीय खिलाड़ी के शानदार प्रदर्शन ने मैच का रुख बदल दिया।,positive,tennis,domain_context
4363,आज खिलाड़ी ने मुकाबला में जबरदस्त खेल दिखाकर मुश्किल स्थिति से बाहर निकली।,positive,tennis,contextual
4364,लगातार तीसरे मैच में भारतीय टीम ने फाइनल में बेहतरीन तालमेल के साथ जीत हासिल की।,positive,football,domain_context
4365,महत्वपूर्ण मौके पर भारतीय धावक ने प्रतियोगिता में यादगार खेल दिखाकर शानदार वापसी की।,positive,athletics,contextual
4366,खिलाड़ी ने मुकाबला में निराशाजनक प्रदर्शन किया और अपनी लय खो दी।,negative,tennis,paraphrase
4367,भारतीय शटलर मैच के लिए मैच के लिए रवाना हुई।,neutral,badminton,neutral
4368,दबाव वाले मुकाबले में रेडर का फाइनल में असंगत खेल टीम पर भारी पड़ा।,negative,kabaddi,contextual
4369,प्रतियोगिता प्रशंसकों के सामने आयोजित होगा और भारतीय धावक इसमें हिस्सा लेगा।,neutral,athletics,factual
4370,प्रशंसकों के सामने युवा शटलर ने गेम से पहले प्रशिक्षण पूरा किया।,neutral,badminton,domain_context
4371,प्रशंसकों के सामने फॉरवर्ड का सेमीफाइनल में बेअसर खेल टीम पर भारी पड़ा।,negative,football,contextual
4372,महत्वपूर्ण मौके पर टेनिस स्टार ने मुकाबला में धमाकेदार खेल दिखाकर महत्वपूर्ण योगदान दिया।,positive,tennis,contextual
4373,दबाव वाले मुकाबले में क्लब ने सेमीफाइनल में बेहतरीन खेल दिखाकर लगातार अच्छा प्रदर्शन किया।,positive,football,contextual
4374,फाइनल टूर्नामेंट के अहम चरण में आयोजित होगा और खिलाड़ी इसमें हिस्सा लेगा।,neutral,badminton,factual
4375,खिलाड़ी मुकाबला के लिए अगले दौर के लिए पहुंची।,neutral,tennis,neutral
4376,फाइनल महत्वपूर्ण मौके पर आयोजित होगा और गोलकीपर इसमें हिस्सा लेगा।,neutral,hockey,factual
4377,लंबे ब्रेक के बाद फॉरवर्ड ने मुकाबला में यादगार खेल दिखाकर शानदार वापसी की।,positive,hockey,contextual
4378,इस मुकाबले में कप्तान ने फाइनल में जबरदस्त खेल दिखाकर महत्वपूर्ण योगदान दिया।,positive,tennis,contextual
4379,लगातार तीसरे मैच में युवा खिलाड़ी का सेट में निराशाजनक खेल टीम पर भारी पड़ा।,negative,tennis,contextual
4380,युवा शटलर ने सेट में निराशाजनक प्रदर्शन किया और लगातार गलतियां कीं।,negative,badminton,paraphrase
4381,बल्लेबाज मैच के लिए प्रशिक्षण जारी रखे हुए है।,neutral,cricket,neutral
4382,मैच दबाव वाले मुकाबले में आयोजित होगा और फॉरवर्ड इसमें हिस्सा लेगा।,neutral,football,factual
4383,प्रशंसकों के सामने खिलाड़ी ने फाइनल में कमाल का खेल दिखाकर जीत दर्ज की।,positive,kabaddi,contextual
4384,दबाव वाले मुकाबले में खिलाड़ी ने मुकाबला में उत्कृष्ट खेल दिखाकर शानदार वापसी की।,positive,tennis,contextual
4385,भारतीय शटलर ने फाइनल में उत्कृष्ट खेल दिखाया और टीम को जीत दिलाई।,positive,badminton,domain_context
4386,घरेलू मैदान पर भारतीय धावक फाइनल से पहले प्रशिक्षण कर रहा है।,neutral,athletics,factual
4387,टूर्नामेंट के अहम चरण में रेडर ने लीग मैच में कमाल का खेल दिखाकर महत्वपूर्ण योगदान दिया।,positive,kabaddi,contextual
4388,दबाव वाले मुकाबले में गोलकीपर फाइनल से पहले प्रशिक्षण कर रहा है।,neutral,hockey,factual
4389,प्रशंसकों के सामने भारतीय टीम प्लेऑफ से पहले प्रशिक्षण कर रहा है।,neutral,kabaddi,factual
4390,निर्णायक मैच में भारतीय खिलाड़ी ने फाइनल में उत्कृष्ट खेल दिखाकर शानदार वापसी की।,positive,tennis,contextual
4391,इस मुकाबले में धाविका ने इवेंट में लाजवाब खेल दिखाकर दबदबा कायम रखा।,positive,athletics,contextual
4392,कप्तान ने क्वार्टरफाइनल के लिए यात्रा कार्यक्रम साझा किया।,neutral,tennis,domain_context
4393,भारतीय टीम की लीग मैच में असंगत रणनीति काम नहीं आई।,negative,kabaddi,contextual
4394,लगातार तीसरे मैच में चैंपियन ने सेट में लाजवाब खेल दिखाकर शानदार वापसी की।,positive,badminton,contextual
4395,महत्वपूर्ण मौके पर कप्तान ने सेमीफाइनल में शानदार खेल दिखाकर जीत दर्ज की।,positive,football,contextual
4396,सीरीज इस मुकाबले में आयोजित होगा और भारतीय टीम इसमें हिस्सा लेगा।,neutral,cricket,factual
4397,टूर्नामेंट के अहम चरण में विकेटकीपर ने रन चेज में शानदार खेल दिखाकर लगातार अच्छा प्रदर्शन किया।,positive,cricket,contextual
4398,आज डिफेंडर का फाइनल में बेअसर खेल टीम पर भारी पड़ा।,negative,hockey,contextual
4399,भारत रन चेज के लिए अगले मुकाबले की तैयारी कर रही है।,neutral,cricket,neutral
4400,प्रशंसकों के सामने डिफेंडर ने लीग मैच में लाजवाब खेल दिखाकर लगातार अच्छा प्रदर्शन किया।,positive,hockey,contextual
4401,घरेलू मैदान पर चैंपियन का मुकाबला में बेअसर खेल टीम पर भारी पड़ा।,negative,badminton,contextual
4402,निर्णायक मैच में फॉरवर्ड ने मैच में धमाकेदार खेल दिखाकर जीत दर्ज की।,positive,football,contextual
4403,निर्णायक मैच में युवा शटलर का गेम में खराब खेल टीम पर भारी पड़ा।,negative,badminton,contextual
4404,लगातार तीसरे मैच में रेडर ने प्लेऑफ में धमाकेदार खेल दिखाकर महत्वपूर्ण योगदान दिया।,positive,kabaddi,contextual
4405,इस मुकाबले में गेंदबाज ओवर से पहले प्रशिक्षण कर रहा है।,neutral,cricket,factual
4406,लगातार तीसरे मैच में खिलाड़ी ने प्रतियोगिता से पहले प्रशिक्षण पूरा किया।,neutral,athletics,domain_context
4407,आज भारत का सीरीज में बेअसर खेल टीम पर भारी पड़ा।,negative,cricket,contextual
4408,टूर्नामेंट के अहम चरण में फॉरवर्ड का लीग मैच में असंगत खेल टीम पर भारी पड़ा।,negative,football,contextual
4409,डिफेंडर मैच के लिए मैच के लिए रवाना हुई।,neutral,hockey,neutral
4410,खिलाड़ी ने क्वार्टरफाइनल में उत्कृष्ट प्रदर्शन करते हुए लगातार अच्छा प्रदर्शन किया।,positive,tennis,paraphrase
4411,घरेलू मैदान पर युवा खिलाड़ी फाइनल से पहले प्रशिक्षण कर रहा है।,neutral,tennis,factual
4412,महत्वपूर्ण मौके पर एथलीट रेस से पहले प्रशिक्षण कर रहा है।,neutral,athletics,factual
4413,भारतीय टीम ने लीग मैच में बेअसर प्रदर्शन किया और मुकाबला गंवा दिया।,negative,kabaddi,paraphrase
4414,इस मुकाबले में फॉरवर्ड ने मैच में धमाकेदार खेल दिखाकर मुश्किल स्थिति से बाहर निकली।,positive,football,contextual
4415,निर्णायक मैच में भारतीय शटलर ने मुकाबला में जबरदस्त खेल दिखाकर महत्वपूर्ण योगदान दिया।,positive,badminton,contextual
4416,फॉरवर्ड मुकाबला के लिए अगले दौर के लिए पहुंची।,neutral,hockey,neutral
4417,लगातार तीसरे मैच में भारतीय टीम ने सेमीफाइनल से पहले प्रशिक्षण पूरा किया।,neutral,hockey,domain_context
4418,कप्तान ने सीरीज में असंगत प्रदर्शन किया और उम्मीदों पर खरी नहीं उतरी।,negative,cricket,paraphrase
4419,आज युवा एथलीट प्रतियोगिता से पहले प्रशिक्षण कर रहा है।,neutral,athletics,factual
4420,विकेटकीपर की पारी में कमजोर रणनीति काम नहीं आई।,negative,cricket,contextual
4421,मैच महत्वपूर्ण मौके पर आयोजित होगा और गोलकीपर इसमें हिस्सा लेगा।,neutral,football,factual
4422,घरेलू मैदान पर गोलकीपर ने मैच में शानदार खेल दिखाकर मुश्किल स्थिति से बाहर निकली।,positive,football,contextual
4423,भारतीय शटलर ने फाइनल में लचर प्रदर्शन किया और बढ़त गंवा दी।,negative,badminton,paraphrase
4424,इस मुकाबले में गोलकीपर ने मुकाबला से पहले प्रशिक्षण पूरा किया।,neutral,hockey,domain_context
4425,ओवर आज आयोजित होगा और भारतीय टीम इसमें हिस्सा लेगा।,neutral,cricket,factual
4426,भारतीय टीम की ओवर में बेअसर रणनीति काम नहीं आई।,negative,cricket,contextual
4427,प्रशंसकों के सामने जोड़ी मैच से पहले प्रशिक्षण कर रहा है।,neutral,badminton,factual
4428,घरेलू मैदान पर डिफेंडर ने लीग मैच में धमाकेदार खेल दिखाकर दबदबा कायम रखा।,positive,kabaddi,contextual
4429,घरेलू मैदान पर भारतीय टीम ने लीग मैच से पहले प्रशिक्षण पूरा किया।,neutral,kabaddi,domain_context
4430,दबाव वाले मुकाबले में भारतीय टीम ने मैच में लाजवाब खेल दिखाकर महत्वपूर्ण योगदान दिया।,positive,kabaddi,contextual
4431,टूर्नामेंट के अहम चरण में खिलाड़ी मुकाबला से पहले प्रशिक्षण कर रहा है।,neutral,badminton,factual
4432,महत्वपूर्ण मौके पर रेडर ने लीग मैच में उत्कृष्ट खेल दिखाकर दबदबा कायम रखा।,positive,kabaddi,contextual
4433,निर्णायक मैच में गेंदबाज ने मैच से पहले प्रशिक्षण पूरा किया।,neutral,cricket,domain_context
4434,महत्वपूर्ण मौके पर गेंदबाज ने ओवर से पहले प्रशिक्षण पूरा किया।,neutral,cricket,domain_context
4435,खिलाड़ी ने सेट में बेअसर प्रदर्शन किया और महत्वपूर्ण मौका गंवाया।,negative,badminton,paraphrase
4436,प्रशंसकों के सामने विकेटकीपर ने पारी में शानदार खेल दिखाकर मुकाबला अपने नाम कर लिया।,positive,cricket,contextual
4437,मुकाबला दबाव वाले मुकाबले में आयोजित होगा और भारतीय शटलर इसमें हिस्सा लेगा।,neutral,badminton,factual
4438,टूर्नामेंट के अहम चरण में कप्तान का मुकाबला में खराब खेल टीम पर भारी पड़ा।,negative,football,contextual
4439,"Pressure ke beech, Team aaj ke match ke liye ready hai.",neutral,multi-sport,code_mixed
4440,इस मुकाबले में भारतीय टीम का मैच में निराशाजनक खेल टीम पर भारी पड़ा।,negative,cricket,contextual
4441,लंबे ब्रेक के बाद गोलकीपर ने मुकाबला में उत्कृष्ट खेल दिखाकर जीत दर्ज की।,positive,hockey,contextual
4442,भारतीय शटलर गेम के लिए प्रशिक्षण जारी रखे हुए है।,neutral,badminton,neutral
4443,महत्वपूर्ण मौके पर खिलाड़ी का फाइनल में निराश करने वाला खेल टीम पर भारी पड़ा।,negative,athletics,contextual
4444,प्रशंसकों के सामने कप्तान ने फाइनल में शानदार खेल दिखाकर लगातार अच्छा प्रदर्शन किया।,positive,tennis,contextual
4445,आज खिलाड़ी का प्लेऑफ में बेअसर खेल टीम पर भारी पड़ा।,negative,kabaddi,contextual
4446,भारतीय टीम ने मैच में लाजवाब प्रदर्शन करते हुए मुश्किल स्थिति से बाहर निकली।,positive,hockey,paraphrase
4447,ओवर घरेलू मैदान पर आयोजित होगा और गेंदबाज इसमें हिस्सा लेगा।,neutral,cricket,factual
4448,गेंदबाज ने रन चेज में कमजोर प्रदर्शन किया और उम्मीदों पर खरी नहीं उतरी।,negative,cricket,paraphrase
4449,भारतीय टीम ने मैच में निराश करने वाला प्रदर्शन किया और लगातार गलतियां कीं।,negative,kabaddi,paraphrase
4450,मैच घरेलू मैदान पर आयोजित होगा और भारतीय टीम इसमें हिस्सा लेगा।,neutral,hockey,factual
4451,कप्तान की टीम सेट के लिए अपनी अंतिम सूची तैयार कर रही है।,neutral,tennis,domain_context
4452,महत्वपूर्ण मौके पर चैंपियन सेट से पहले प्रशिक्षण कर रहा है।,neutral,badminton,factual
4453,प्रशंसकों के सामने युवा खिलाड़ी ने मुकाबला से पहले प्रशिक्षण पूरा किया।,neutral,tennis,domain_context
4454,महत्वपूर्ण मौके पर भारतीय शटलर का गेम में निराशाजनक खेल टीम पर भारी पड़ा।,negative,badminton,contextual
4455,कप्तान ने ओवर में लाजवाब प्रदर्शन करते हुए जीत दर्ज की।,positive,cricket,paraphrase
4456,फॉरवर्ड ने फाइनल में लाजवाब प्रदर्शन करते हुए दबदबा कायम रखा।,positive,hockey,paraphrase
4457,गोलकीपर ने लीग मैच में खराब खेल दिखाया और टीम को नुकसान हुआ।,negative,hockey,domain_context
4458,घरेलू मैदान पर भारत ने पारी में जबरदस्त खेल दिखाकर महत्वपूर्ण योगदान दिया।,positive,cricket,contextual
4459,भारतीय टीम ने सेमीफाइनल में कमजोर प्रदर्शन किया और उम्मीदों पर खरी नहीं उतरी।,negative,football,paraphrase
4460,दबाव वाले मुकाबले में रेडर ने लीग मैच से पहले प्रशिक्षण पूरा किया।,neutral,kabaddi,domain_context
4461,टूर्नामेंट के अहम चरण में कप्तान का क्वार्टरफाइनल में बेअसर खेल टीम पर भारी पड़ा।,negative,tennis,contextual
4462,घरेलू मैदान पर बल्लेबाज ने ओवर में बेहतरीन खेल दिखाकर दबदबा कायम रखा।,positive,cricket,contextual
4463,प्रशंसकों के सामने भारतीय शटलर मुकाबला से पहले प्रशिक्षण कर रहा है।,neutral,badminton,factual
4464,महत्वपूर्ण मौके पर कप्तान मैच से पहले प्रशिक्षण कर रहा है।,neutral,cricket,factual
4465,घरेलू मैदान पर भारतीय टीम का लीग मैच में कमजोर खेल टीम पर भारी पड़ा।,negative,kabaddi,contextual
4466,गोलकीपर सेमीफाइनल के लिए रणनीति पर चर्चा कर रही है।,neutral,hockey,neutral
4467,आज कप्तान का सेमीफाइनल में खराब खेल टीम पर भारी पड़ा।,negative,football,contextual
4468,दबाव वाले मुकाबले में कप्तान का ओवर में निराशाजनक खेल टीम पर भारी पड़ा।,negative,cricket,contextual
4469,गोलकीपर ने मुकाबला में फीका प्रदर्शन किया और उम्मीदों पर खरी नहीं उतरी।,negative,hockey,paraphrase
4470,निर्णायक मैच में विकेटकीपर ने मुकाबला में जबरदस्त खेल दिखाकर मुकाबला अपने नाम कर लिया।,positive,cricket,contextual
4471,निर्णायक मैच में भारतीय शटलर ने सेट में शानदार खेल दिखाकर महत्वपूर्ण योगदान दिया।,positive,badminton,contextual
4472,भारत ने मुकाबला में कमजोर प्रदर्शन किया और महत्वपूर्ण मौका गंवाया।,negative,cricket,paraphrase
4473,भारतीय टीम के मैच में जबरदस्त प्रदर्शन से टीम को फायदा हुआ।,positive,kabaddi,contextual
4474,निर्णायक मैच में भारतीय खिलाड़ी का फाइनल में फीका खेल टीम पर भारी पड़ा।,negative,tennis,contextual
4475,दबाव वाले मुकाबले में भारत का पारी में लचर खेल टीम पर भारी पड़ा।,negative,cricket,contextual
4476,टेनिस स्टार मुकाबला के लिए मैच के लिए रवाना हुई।,neutral,tennis,neutral
4477,दबाव वाले मुकाबले में डिफेंडर ने लीग मैच से पहले प्रशिक्षण पूरा किया।,neutral,kabaddi,domain_context
4478,कप्तान ने प्लेऑफ में लाजवाब प्रदर्शन करते हुए लगातार अच्छा प्रदर्शन किया।,positive,kabaddi,paraphrase
4479,प्रशंसकों के सामने युवा खिलाड़ी सेट से पहले प्रशिक्षण कर रहा है।,neutral,tennis,factual
4480,लगातार तीसरे मैच में युवा खिलाड़ी का मुकाबला में निराशाजनक खेल टीम पर भारी पड़ा।,negative,tennis,contextual
4481,दबाव वाले मुकाबले में विकेटकीपर ने मुकाबला में शानदार खेल दिखाकर लगातार अच्छा प्रदर्शन किया।,positive,cricket,contextual
4482,आज गोलकीपर लीग मैच से पहले प्रशिक्षण कर रहा है।,neutral,football,factual
4483,महत्वपूर्ण मौके पर बल्लेबाज का ओवर में फीका खेल टीम पर भारी पड़ा।,negative,cricket,contextual
4484,हॉकी टीम लीग मैच के लिए अभ्यास सत्र में शामिल हुई।,neutral,hockey,neutral
4485,घरेलू मैदान पर रेडर लीग मैच से पहले प्रशिक्षण कर रहा है।,neutral,kabaddi,factual
4486,टूर्नामेंट के अहम चरण में रेडर ने मैच में बेहतरीन खेल दिखाकर मुश्किल स्थिति से बाहर निकली।,positive,kabaddi,contextual
4487,इस मुकाबले में फॉरवर्ड ने सेमीफाइनल में जबरदस्त खेल दिखाकर महत्वपूर्ण योगदान दिया।,positive,football,contextual
4488,सेट निर्णायक मैच में आयोजित होगा और कप्तान इसमें हिस्सा लेगा।,neutral,tennis,factual
4489,इस मुकाबले में गोलकीपर मुकाबला से पहले प्रशिक्षण कर रहा है।,neutral,football,factual
4490,रेस निर्णायक मैच में आयोजित होगा और युवा एथलीट इसमें हिस्सा लेगा।,neutral,athletics,factual
4491,लगातार तीसरे मैच में भारतीय टीम ने सीरीज में यादगार खेल दिखाकर लगातार अच्छा प्रदर्शन किया।,positive,cricket,contextual
4492,महत्वपूर्ण मौके पर डिफेंडर का मैच में लचर खेल टीम पर भारी पड़ा।,negative,football,contextual
4493,भारतीय टीम को ओवर के लिए टीम में शामिल किया गया है।,neutral,cricket,domain_context
4494,बल्लेबाज की मुकाबला में बेअसर रणनीति काम नहीं आई।,negative,cricket,contextual
4495,एथलीट ने इवेंट में कमजोर प्रदर्शन किया और दबाव में बिखर गई।,negative,athletics,paraphrase
4496,युवा एथलीट ने रेस के लिए यात्रा कार्यक्रम साझा किया।,neutral,athletics,domain_context
4497,निर्णायक मैच में चैंपियन का गेम में खराब खेल टीम पर भारी पड़ा।,negative,badminton,contextual
4498,निर्णायक मैच में क्लब ने सेमीफाइनल में यादगार खेल दिखाकर लगातार अच्छा प्रदर्शन किया।,positive,football,contextual
4499,डिफेंडर ने फाइनल में बेहतरीन प्रदर्शन करते हुए मुश्किल स्थिति से बाहर निकली।,positive,hockey,paraphrase
4500,लगातार तीसरे मैच में रेडर का प्लेऑफ में बेअसर खेल टीम पर भारी पड़ा।,negative,kabaddi,contextual
4501,निर्णायक मैच में भारतीय धावक प्रतियोगिता से पहले प्रशिक्षण कर रहा है।,neutral,athletics,factual
4502,लंबे ब्रेक के बाद फॉरवर्ड ने लीग मैच में शानदार खेल दिखाकर मुकाबला अपने नाम कर लिया।,positive,hockey,contextual
4503,क्लब ने लीग मैच में लचर प्रदर्शन किया और बढ़त गंवा दी।,negative,football,paraphrase
4504,डिफेंडर ने सेमीफाइनल में कमाल का प्रदर्शन करते हुए दबदबा कायम रखा।,positive,hockey,paraphrase
4505,घरेलू मैदान पर भारतीय धावक ने इवेंट में बेहतरीन खेल दिखाकर लगातार अच्छा प्रदर्शन किया।,positive,athletics,contextual
4506,टूर्नामेंट के अहम चरण में गोलकीपर ने सेमीफाइनल में कई आसान मौके गंवाए।,negative,football,domain_context
4507,कप्तान ने प्लेऑफ में लचर प्रदर्शन किया और दबाव में बिखर गई।,negative,kabaddi,paraphrase
4508,महत्वपूर्ण मौके पर जोड़ी सेट से पहले प्रशिक्षण कर रहा है।,neutral,badminton,factual
4509,महत्वपूर्ण मौके पर फॉरवर्ड ने मुकाबला में शानदार खेल दिखाकर महत्वपूर्ण योगदान दिया।,positive,football,contextual
4510,आज फॉरवर्ड फाइनल से पहले प्रशिक्षण कर रहा है।,neutral,football,factual
4511,लंबे ब्रेक के बाद खिलाड़ी का फाइनल में खराब खेल टीम पर भारी पड़ा।,negative,kabaddi,contextual
4512,भारत ओवर के लिए रणनीति पर चर्चा कर रही है।,neutral,cricket,neutral
4513,क्लब ने लीग मैच में कमजोर प्रदर्शन किया और लगातार गलतियां कीं।,negative,football,paraphrase
4514,आज क्लब ने सेमीफाइनल में उत्कृष्ट खेल दिखाकर मुश्किल स्थिति से बाहर निकली।,positive,football,contextual
4515,घरेलू मैदान पर खिलाड़ी ने फाइनल में यादगार खेल दिखाकर जीत दर्ज की।,positive,kabaddi,contextual
4516,आज धाविका का फाइनल में फीका खेल टीम पर भारी पड़ा।,negative,athletics,contextual
4517,भारतीय टीम ने मैच में बेअसर प्रदर्शन किया और दबाव में बिखर गई।,negative,hockey,paraphrase
4518,इस मुकाबले में डिफेंडर का लीग मैच में कमजोर खेल टीम पर भारी पड़ा।,negative,kabaddi,contextual
4519,आज विकेटकीपर मैच से पहले प्रशिक्षण कर रहा है।,neutral,cricket,factual
4520,इस मुकाबले में चैंपियन का मुकाबला में फीका खेल टीम पर भारी पड़ा।,negative,badminton,contextual
4521,धाविका की प्रतियोगिता में बेअसर रणनीति काम नहीं आई।,negative,athletics,contextual
4522,मुकाबला महत्वपूर्ण मौके पर आयोजित होगा और फॉरवर्ड इसमें हिस्सा लेगा।,neutral,football,factual
4523,लंबे ब्रेक के बाद खिलाड़ी का फाइनल में फीका खेल टीम पर भारी पड़ा।,negative,badminton,contextual
4524,टूर्नामेंट के अहम चरण में फॉरवर्ड सेमीफाइनल से पहले प्रशिक्षण कर रहा है।,neutral,hockey,factual
4525,युवा एथलीट प्रतियोगिता के लिए अभ्यास सत्र में शामिल हुई।,neutral,athletics,neutral
4526,भारतीय टीम ने मुकाबला के दौरान लगातार बेहतर निर्णय लिए।,positive,hockey,domain_context
4527,दबाव वाले मुकाबले में खिलाड़ी ने मुकाबला में जबरदस्त खेल दिखाकर मुश्किल स्थिति से बाहर निकली।,positive,tennis,contextual
4528,प्रशंसकों के सामने युवा एथलीट प्रतियोगिता से पहले प्रशिक्षण कर रहा है।,neutral,athletics,factual
4529,खिलाड़ी ने फाइनल में निराशाजनक प्रदर्शन किया और मुकाबला गंवा दिया।,negative,tennis,paraphrase
4530,इस मुकाबले में कप्तान का मुकाबला में लचर खेल टीम पर भारी पड़ा।,negative,kabaddi,contextual
4531,आज चैंपियन का फाइनल में बेअसर खेल टीम पर भारी पड़ा।,negative,badminton,contextual
4532,कप्तान ने सेमीफाइनल में धमाकेदार प्रदर्शन करते हुए मुकाबला अपने नाम कर लिया।,positive,football,paraphrase
4533,भारतीय खिलाड़ी ने फाइनल में लचर प्रदर्शन किया और बढ़त गंवा दी।,negative,tennis,paraphrase
4534,टेनिस स्टार मैच के लिए अभ्यास सत्र में शामिल हुई।,neutral,tennis,neutral
4535,दबाव वाले मुकाबले में खिलाड़ी ने प्रतियोगिता में उत्कृष्ट खेल दिखाकर दबदबा कायम रखा।,positive,athletics,contextual
4536,लगातार तीसरे मैच में डिफेंडर ने लीग मैच में कमाल का खेल दिखाकर लगातार अच्छा प्रदर्शन किया।,positive,kabaddi,contextual
4537,चैंपियन ने मुकाबला के दौरान लगातार बेहतर निर्णय लिए।,positive,badminton,domain_context
4538,भारतीय टीम ने मैच में कमजोर खेल दिखाया और टीम को नुकसान हुआ।,negative,kabaddi,domain_context
4539,प्रशंसकों के सामने एथलीट ने इवेंट में कई आसान मौके गंवाए।,negative,athletics,domain_context
4540,महत्वपूर्ण मौके पर गेंदबाज का मैच में लचर खेल टीम पर भारी पड़ा।,negative,cricket,contextual
4541,खिलाड़ी फाइनल के लिए टूर्नामेंट में हिस्सा ले रही है।,neutral,kabaddi,neutral
4542,खिलाड़ी ने मैच में कमजोर प्रदर्शन किया और अपनी लय खो दी।,negative,kabaddi,paraphrase
4543,दबाव वाले मुकाबले में गेंदबाज का मुकाबला में फीका खेल टीम पर भारी पड़ा।,negative,cricket,contextual
4544,लगातार तीसरे मैच में एथलीट ने फाइनल में शानदार खेल दिखाकर लगातार अच्छा प्रदर्शन किया।,positive,athletics,contextual
4545,टूर्नामेंट के अहम चरण में विकेटकीपर ओवर से पहले प्रशिक्षण कर रहा है।,neutral,cricket,factual
4546,लगातार तीसरे मैच में जोड़ी ने मुकाबला में यादगार खेल दिखाकर लगातार अच्छा प्रदर्शन किया।,positive,badminton,contextual
4547,इस मुकाबले में धाविका ने फाइनल से पहले प्रशिक्षण पूरा किया।,neutral,athletics,domain_context
4548,मैच लंबे ब्रेक के बाद आयोजित होगा और हॉकी टीम इसमें हिस्सा लेगा।,neutral,hockey,factual
4549,इस मुकाबले में भारतीय धावक का रेस में कमजोर खेल टीम पर भारी पड़ा।,negative,athletics,contextual
4550,युवा शटलर मुकाबला के लिए अभ्यास सत्र में शामिल हुई।,neutral,badminton,neutral
4551,भारतीय टीम ने सेमीफाइनल के लिए तैयारी शुरू कर दी।,neutral,football,factual
4552,प्रशंसकों के सामने भारतीय टीम फाइनल से पहले प्रशिक्षण कर रहा है।,neutral,hockey,factual
4553,दबाव वाले मुकाबले में भारतीय धावक का इवेंट में कमजोर खेल टीम पर भारी पड़ा।,negative,athletics,contextual
4554,मैच इस मुकाबले में आयोजित होगा और फॉरवर्ड इसमें हिस्सा लेगा।,neutral,football,factual
4555,दबाव वाले मुकाबले में भारतीय टीम का मैच में निराश करने वाला खेल टीम पर भारी पड़ा।,negative,kabaddi,contextual
4556,आज फॉरवर्ड ने फाइनल में बेहतरीन खेल दिखाकर दबदबा कायम रखा।,positive,football,contextual
4557,घरेलू मैदान पर भारतीय धावक ने दौड़ से पहले प्रशिक्षण पूरा किया।,neutral,athletics,domain_context
4558,निर्णायक मैच में भारतीय टीम ने सीरीज में कमाल का खेल दिखाकर महत्वपूर्ण योगदान दिया।,positive,cricket,contextual
4559,दबाव वाले मुकाबले में बल्लेबाज का रन चेज में असंगत खेल टीम पर भारी पड़ा।,negative,cricket,contextual
4560,लीग मैच दबाव वाले मुकाबले में आयोजित होगा और डिफेंडर इसमें हिस्सा लेगा।,neutral,hockey,factual
4561,इस मुकाबले में डिफेंडर ने सेमीफाइनल में शानदार खेल दिखाकर मुश्किल स्थिति से बाहर निकली।,positive,hockey,contextual
4562,प्रशंसकों के सामने गेंदबाज का मैच में बेअसर खेल टीम पर भारी पड़ा।,negative,cricket,contextual
4563,मुकाबला निर्णायक मैच में आयोजित होगा और हॉकी टीम इसमें हिस्सा लेगा।,neutral,hockey,factual
4564,प्रशंसकों के सामने कप्तान मैच से पहले प्रशिक्षण कर रहा है।,neutral,football,factual
4565,टूर्नामेंट के अहम चरण में धाविका ने फाइनल में जबरदस्त खेल दिखाकर मुश्किल स्थिति से बाहर निकली।,positive,athletics,contextual
4566,लंबे ब्रेक के बाद भारतीय टीम का ओवर में निराशाजनक खेल टीम पर भारी पड़ा।,negative,cricket,contextual
4567,दबाव वाले मुकाबले में एथलीट का रेस में खराब खेल टीम पर भारी पड़ा।,negative,athletics,contextual
4568,"Kal, Team ne pressure mein solid finish kiya.",positive,multi-sport,code_mixed
4569,लंबे ब्रेक के बाद फॉरवर्ड का लीग मैच में फीका खेल टीम पर भारी पड़ा।,negative,hockey,contextual
4570,गेम लंबे ब्रेक के बाद आयोजित होगा और युवा शटलर इसमें हिस्सा लेगा।,neutral,badminton,factual
4571,लंबे ब्रेक के बाद टेनिस स्टार का फाइनल में फीका खेल टीम पर भारी पड़ा।,negative,tennis,contextual
4572,निर्णायक मैच में भारतीय टीम का ओवर में फीका खेल टीम पर भारी पड़ा।,negative,cricket,contextual
4573,खिलाड़ी मुकाबला के लिए अगले मुकाबले की तैयारी कर रही है।,neutral,tennis,neutral
4574,आज कप्तान का लीग मैच में लचर खेल टीम पर भारी पड़ा।,negative,kabaddi,contextual
4575,प्रतियोगिता घरेलू मैदान पर आयोजित होगा और एथलीट इसमें हिस्सा लेगा।,neutral,athletics,factual
4576,लंबे ब्रेक के बाद रेडर का मुकाबला में निराश करने वाला खेल टीम पर भारी पड़ा।,negative,kabaddi,contextual
4577,मैच दबाव वाले मुकाबले में आयोजित होगा और भारतीय शटलर इसमें हिस्सा लेगा।,neutral,badminton,factual
4578,लगातार तीसरे मैच में धाविका ने फाइनल में बेहतरीन खेल दिखाकर दबदबा कायम रखा।,positive,athletics,contextual
4579,लगातार तीसरे मैच में डिफेंडर सेमीफाइनल से पहले प्रशिक्षण कर रहा है।,neutral,hockey,factual
4580,निर्णायक मैच में गोलकीपर ने मैच में बेहतरीन तालमेल के साथ जीत हासिल की।,positive,football,domain_context
4581,कप्तान ने प्लेऑफ में लाजवाब प्रदर्शन करते हुए दबदबा कायम रखा।,positive,kabaddi,paraphrase
4582,धाविका इवेंट के लिए अगले दौर के लिए पहुंची।,neutral,athletics,neutral
4583,टूर्नामेंट के अहम चरण में भारतीय टीम ने मुकाबला में कई आसान मौके गंवाए।,negative,football,domain_context
4584,लंबे ब्रेक के बाद युवा शटलर ने फाइनल में कमाल का खेल दिखाकर शानदार वापसी की।,positive,badminton,contextual
4585,निर्णायक मैच में खिलाड़ी ने फाइनल में लाजवाब खेल दिखाकर मुश्किल स्थिति से बाहर निकली।,positive,badminton,contextual
4586,आज युवा एथलीट ने फाइनल में लाजवाब खेल दिखाकर शानदार वापसी की।,positive,athletics,contextual
4587,इस मुकाबले में कप्तान ने मैच में धमाकेदार खेल दिखाकर लगातार अच्छा प्रदर्शन किया।,positive,tennis,contextual
4588,टूर्नामेंट के अहम चरण में युवा एथलीट ने इवेंट में कमाल का खेल दिखाकर मुकाबला अपने नाम कर लिया।,positive,athletics,contextual
4589,दबाव वाले मुकाबले में धाविका ने रेस से पहले प्रशिक्षण पूरा किया।,neutral,athletics,domain_context
4590,प्रशंसकों के सामने फॉरवर्ड ने मुकाबला में जबरदस्त खेल दिखाकर दबदबा कायम रखा।,positive,hockey,contextual
4591,लगातार तीसरे मैच में भारतीय शटलर का गेम में बेअसर खेल टीम पर भारी पड़ा।,negative,badminton,contextual
4592,घरेलू मैदान पर भारतीय टीम मुकाबला से पहले प्रशिक्षण कर रहा है।,neutral,hockey,factual
4593,निर्णायक मैच में खिलाड़ी ने फाइनल से पहले प्रशिक्षण पूरा किया।,neutral,tennis,domain_context
4594,लगातार तीसरे मैच में टेनिस स्टार का फाइनल में खराब खेल टीम पर भारी पड़ा।,negative,tennis,contextual
4595,लंबे ब्रेक के बाद धाविका ने रेस में जबरदस्त खेल दिखाकर दबदबा कायम रखा।,positive,athletics,contextual
4596,घरेलू मैदान पर कप्तान ने सीरीज में कई आसान मौके गंवाए।,negative,cricket,domain_context
4597,लगातार तीसरे मैच में गोलकीपर का मुकाबला में असंगत खेल टीम पर भारी पड़ा।,negative,football,contextual
4598,आज हॉकी टीम का लीग मैच में निराश करने वाला खेल टीम पर भारी पड़ा।,negative,hockey,contextual
4599,दबाव वाले मुकाबले में युवा एथलीट ने दौड़ में बेहतरीन तालमेल के साथ जीत हासिल की।,positive,athletics,domain_context
4600,घरेलू मैदान पर टेनिस स्टार क्वार्टरफाइनल से पहले प्रशिक्षण कर रहा है।,neutral,tennis,factual
4601,टूर्नामेंट के अहम चरण में कप्तान ने मुकाबला में जबरदस्त खेल दिखाकर मुकाबला अपने नाम कर लिया।,positive,cricket,contextual
4602,प्रशंसकों के सामने विकेटकीपर का पारी में बेअसर खेल टीम पर भारी पड़ा।,negative,cricket,contextual
4603,दबाव वाले मुकाबले में गेंदबाज का रन चेज में बेअसर खेल टीम पर भारी पड़ा।,negative,cricket,contextual
4604,सेट निर्णायक मैच में आयोजित होगा और भारतीय शटलर इसमें हिस्सा लेगा।,neutral,badminton,factual
4605,निर्णायक मैच में धाविका ने इवेंट में कमाल का खेल दिखाकर शानदार वापसी की।,positive,athletics,contextual
4606,टूर्नामेंट के अहम चरण में डिफेंडर ने मुकाबला में शानदार खेल दिखाकर शानदार वापसी की।,positive,kabaddi,contextual
4607,प्रशंसकों के सामने डिफेंडर का मैच में खराब खेल टीम पर भारी पड़ा।,negative,kabaddi,contextual
4608,टूर्नामेंट के अहम चरण में खिलाड़ी ने प्रतियोगिता में धमाकेदार खेल दिखाकर दबदबा कायम रखा।,positive,athletics,contextual
4609,टेनिस स्टार ने मैच में शानदार प्रदर्शन करते हुए मुकाबला अपने नाम कर लिया।,positive,tennis,paraphrase
4610,टूर्नामेंट के अहम चरण में टेनिस स्टार ने फाइनल में लाजवाब खेल दिखाकर शानदार वापसी की।,positive,tennis,contextual
4611,लगातार तीसरे मैच में युवा एथलीट का प्रतियोगिता में फीका खेल टीम पर भारी पड़ा।,negative,athletics,contextual
4612,प्रशंसकों के सामने चैंपियन का सेट में खराब खेल टीम पर भारी पड़ा।,negative,badminton,contextual
4613,निर्णायक मैच में भारतीय टीम का मुकाबला में बेअसर खेल टीम पर भारी पड़ा।,negative,cricket,contextual
4614,जोड़ी की टीम मैच के लिए अपनी अंतिम सूची तैयार कर रही है।,neutral,badminton,domain_context
4615,निर्णायक मैच में कप्तान ने मुकाबला में उत्कृष्ट खेल दिखाकर महत्वपूर्ण योगदान दिया।,positive,tennis,contextual
4616,लगातार तीसरे मैच में धाविका ने प्रतियोगिता में शानदार खेल दिखाकर जीत दर्ज की।,positive,athletics,contextual
4617,फाइनल टूर्नामेंट के अहम चरण में आयोजित होगा और भारतीय टीम इसमें हिस्सा लेगा।,neutral,hockey,factual
4618,टेनिस स्टार ने क्वार्टरफाइनल में असंगत प्रदर्शन किया और महत्वपूर्ण मौका गंवाया।,negative,tennis,paraphrase
4619,घरेलू मैदान पर क्लब ने सेमीफाइनल में शानदार खेल दिखाकर दबदबा कायम रखा।,positive,football,contextual
4620,प्रशंसकों के सामने खिलाड़ी ने सेट से पहले प्रशिक्षण पूरा किया।,neutral,tennis,domain_context
4621,फॉरवर्ड ने सेमीफाइनल में असंगत प्रदर्शन किया और उम्मीदों पर खरी नहीं उतरी।,negative,hockey,paraphrase
4622,इस मुकाबले में डिफेंडर ने मैच में बेहतरीन खेल दिखाकर लगातार अच्छा प्रदर्शन किया।,positive,hockey,contextual
4623,मुकाबला लगातार तीसरे मैच में आयोजित होगा और गेंदबाज इसमें हिस्सा लेगा।,neutral,cricket,factual
4624,निर्णायक मैच में क्लब ने सेमीफाइनल में बेहतरीन खेल दिखाकर जीत दर्ज की।,positive,football,contextual
4625,लगातार तीसरे मैच में गेंदबाज मैच से पहले प्रशिक्षण कर रहा है।,neutral,cricket,factual
4626,घरेलू मैदान पर खिलाड़ी मैच से पहले प्रशिक्षण कर रहा है।,neutral,tennis,factual
4627,लंबे ब्रेक के बाद युवा खिलाड़ी ने मैच में लाजवाब खेल दिखाकर लगातार अच्छा प्रदर्शन किया।,positive,tennis,contextual
4628,घरेलू मैदान पर डिफेंडर ने मैच में बेहतरीन खेल दिखाकर जीत दर्ज की।,positive,hockey,contextual
4629,गोलकीपर ने मैच में बेहतरीन प्रदर्शन करते हुए मुकाबला अपने नाम कर लिया।,positive,football,paraphrase
4630,फॉरवर्ड ने मुकाबला में बेअसर प्रदर्शन किया और दबाव में बिखर गई।,negative,hockey,paraphrase
4631,प्रतियोगिता लंबे ब्रेक के बाद आयोजित होगा और भारतीय धावक इसमें हिस्सा लेगा।,neutral,athletics,factual
4632,भारत सीरीज के लिए अभ्यास सत्र में शामिल हुई।,neutral,cricket,neutral
4633,प्रशंसकों के सामने खिलाड़ी का फाइनल में कमजोर खेल टीम पर भारी पड़ा।,negative,kabaddi,contextual
4634,टूर्नामेंट के अहम चरण में डिफेंडर का लीग मैच में निराशाजनक खेल टीम पर भारी पड़ा।,negative,football,contextual
4635,गोलकीपर ने मैच में लाजवाब खेल दिखाया और टीम को जीत दिलाई।,positive,football,domain_context
4636,डिफेंडर मैच के लिए अभ्यास सत्र में शामिल हुई।,neutral,hockey,neutral
4637,इस मुकाबले में भारतीय टीम सीरीज से पहले प्रशिक्षण कर रहा है।,neutral,cricket,factual
4638,महत्वपूर्ण मौके पर खिलाड़ी ने मैच में लाजवाब खेल दिखाकर शानदार वापसी की।,positive,kabaddi,contextual
4639,भारतीय टीम ने सेमीफाइनल में कमाल का खेल दिखाया और टीम को जीत दिलाई।,positive,football,domain_context
4640,लंबे ब्रेक के बाद भारतीय टीम का फाइनल में निराश करने वाला खेल टीम पर भारी पड़ा।,negative,kabaddi,contextual
4641,कप्तान ने मुकाबला में बेहतरीन प्रदर्शन करते हुए लगातार अच्छा प्रदर्शन किया।,positive,football,paraphrase
4642,बल्लेबाज ने ओवर में कमजोर प्रदर्शन किया और दबाव में बिखर गई।,negative,cricket,paraphrase
4643,प्रशंसकों के सामने खिलाड़ी ने मुकाबला में शानदार खेल दिखाकर महत्वपूर्ण योगदान दिया।,positive,badminton,contextual
4644,घरेलू मैदान पर गोलकीपर ने सेमीफाइनल से पहले प्रशिक्षण पूरा किया।,neutral,hockey,domain_context
4645,मैच महत्वपूर्ण मौके पर आयोजित होगा और बल्लेबाज इसमें हिस्सा लेगा।,neutral,cricket,factual
4646,चैंपियन मैच के लिए मैच के लिए रवाना हुई।,neutral,badminton,neutral
4647,हॉकी टीम लीग मैच के लिए अगले मुकाबले की तैयारी कर रही है।,neutral,hockey,neutral
4648,निर्णायक मैच में जोड़ी ने मुकाबला में शानदार खेल दिखाकर महत्वपूर्ण योगदान दिया।,positive,badminton,contextual
4649,इस मुकाबले में खिलाड़ी ने सेट में शानदार खेल दिखाकर महत्वपूर्ण योगदान दिया।,positive,badminton,contextual
4650,एथलीट ने दौड़ में खराब प्रदर्शन किया और अपनी लय खो दी।,negative,athletics,paraphrase
4651,मुकाबला लगातार तीसरे मैच में आयोजित होगा और कप्तान इसमें हिस्सा लेगा।,neutral,tennis,factual
4652,लगातार तीसरे मैच में एथलीट ने रेस में उत्कृष्ट खेल दिखाकर महत्वपूर्ण योगदान दिया।,positive,athletics,contextual
4653,टूर्नामेंट के अहम चरण में डिफेंडर का मुकाबला में खराब खेल टीम पर भारी पड़ा।,negative,kabaddi,contextual
4654,युवा शटलर फाइनल के लिए अगले दौर के लिए पहुंची।,neutral,badminton,neutral
4655,इस मुकाबले में खिलाड़ी ने दौड़ में यादगार खेल दिखाकर लगातार अच्छा प्रदर्शन किया।,positive,athletics,contextual
4656,निर्णायक मैच में कप्तान का सेट में फीका खेल टीम पर भारी पड़ा।,negative,tennis,contextual
4657,घरेलू मैदान पर जोड़ी ने फाइनल से पहले प्रशिक्षण पूरा किया।,neutral,badminton,domain_context
4658,आज भारतीय शटलर ने गेम में उत्कृष्ट खेल दिखाकर दबदबा कायम रखा।,positive,badminton,contextual
4659,दबाव वाले मुकाबले में युवा एथलीट रेस से पहले प्रशिक्षण कर रहा है।,neutral,athletics,factual
4660,घरेलू मैदान पर टीम की रक्षात्मक चूक भारी पड़ गई।,negative,multi-sport,domain_context
4661,मैच इस मुकाबले में आयोजित होगा और डिफेंडर इसमें हिस्सा लेगा।,neutral,hockey,factual
4662,महत्वपूर्ण मौके पर डिफेंडर मुकाबला से पहले प्रशिक्षण कर रहा है।,neutral,kabaddi,factual
4663,निर्णायक मैच में फॉरवर्ड ने सेमीफाइनल में धमाकेदार खेल दिखाकर मुश्किल स्थिति से बाहर निकली।,positive,hockey,contextual
4664,प्रशंसकों के सामने खिलाड़ी ने मुकाबला में जबरदस्त खेल दिखाकर लगातार अच्छा प्रदर्शन किया।,positive,badminton,contextual
4665,कप्तान ने मैच में खराब प्रदर्शन किया और उम्मीदों पर खरी नहीं उतरी।,negative,cricket,paraphrase
4666,मैच लंबे ब्रेक के बाद आयोजित होगा और युवा शटलर इसमें हिस्सा लेगा।,neutral,badminton,factual
4667,विकेटकीपर को सीरीज के लिए टीम में शामिल किया गया है।,neutral,cricket,domain_context
4668,प्रशंसकों के सामने धाविका इवेंट से पहले प्रशिक्षण कर रहा है।,neutral,athletics,factual
4669,प्रशंसकों के सामने युवा एथलीट का इवेंट में निराशाजनक खेल टीम पर भारी पड़ा।,negative,athletics,contextual
4670,घरेलू मैदान पर डिफेंडर ने फाइनल में जबरदस्त खेल दिखाकर शानदार वापसी की।,positive,football,contextual
4671,कप्तान ने मुकाबला में असंगत खेल दिखाया और टीम को नुकसान हुआ।,negative,tennis,domain_context
4672,हॉकी टीम ने लीग मैच में फीका प्रदर्शन किया और दबाव में बिखर गई।,negative,hockey,paraphrase
4673,खिलाड़ी ने मैच में खराब प्रदर्शन किया और महत्वपूर्ण मौका गंवाया।,negative,kabaddi,paraphrase
4674,इस मुकाबले में गोलकीपर सेमीफाइनल से पहले प्रशिक्षण कर रहा है।,neutral,football,factual
4675,फॉरवर्ड ने फाइनल में कमजोर प्रदर्शन किया और अपनी लय खो दी।,negative,football,paraphrase
4676,निर्णायक चरण में टीम दबाव में पूरी तरह बिखर गई।,negative,multi-sport,domain_context
4677,चैंपियन ने फाइनल में निराश करने वाला प्रदर्शन किया और बढ़त गंवा दी।,negative,badminton,paraphrase
4678,युवा खिलाड़ी ने सेट में फीका खेल दिखाया और टीम को नुकसान हुआ।,negative,tennis,domain_context
4679,भारतीय टीम ने मुकाबला में बेअसर प्रदर्शन किया और बढ़त गंवा दी।,negative,cricket,paraphrase
4680,दबाव वाले मुकाबले में युवा खिलाड़ी ने मैच से पहले प्रशिक्षण पूरा किया।,neutral,tennis,domain_context
4681,खिलाड़ी ने लीग मैच में खराब खेल दिखाया और टीम को नुकसान हुआ।,negative,kabaddi,domain_context
4682,भारतीय धावक इवेंट के लिए टूर्नामेंट में हिस्सा ले रही है।,neutral,athletics,neutral
4683,मैच प्रशंसकों के सामने आयोजित होगा और रेडर इसमें हिस्सा लेगा।,neutral,kabaddi,factual
4684,भारत मुकाबला के लिए मैच के लिए रवाना हुई।,neutral,cricket,neutral
4685,इस मुकाबले में कप्तान ने सेट में लाजवाब खेल दिखाकर मुकाबला अपने नाम कर लिया।,positive,tennis,contextual
4686,दबाव वाले मुकाबले में भारतीय टीम ने मैच में लाजवाब खेल दिखाकर लगातार अच्छा प्रदर्शन किया।,positive,kabaddi,contextual
4687,सेट आज आयोजित होगा और चैंपियन इसमें हिस्सा लेगा।,neutral,badminton,factual
4688,टूर्नामेंट के अहम चरण में युवा एथलीट ने इवेंट से पहले प्रशिक्षण पूरा किया।,neutral,athletics,domain_context
4689,रेडर मुकाबला के लिए अभ्यास सत्र में शामिल हुई।,neutral,kabaddi,neutral
4690,मुकाबला निर्णायक मैच में आयोजित होगा और भारतीय खिलाड़ी इसमें हिस्सा लेगा।,neutral,tennis,factual
4691,आज डिफेंडर ने लीग मैच में बेहतरीन खेल दिखाकर जीत दर्ज की।,positive,hockey,contextual
4692,महत्वपूर्ण मौके पर विकेटकीपर ने पारी में बेहतरीन खेल दिखाकर मुश्किल स्थिति से बाहर निकली।,positive,cricket,contextual
4693,इस मुकाबले में भारतीय धावक ने फाइनल में जबरदस्त खेल दिखाकर मुश्किल स्थिति से बाहर निकली।,positive,athletics,contextual
4694,महत्वपूर्ण मौके पर युवा एथलीट ने प्रतियोगिता में बेहतरीन खेल दिखाकर शानदार वापसी की।,positive,athletics,contextual
4695,भारतीय टीम ने सेमीफाइनल के लिए नया अभ्यास कार्यक्रम शुरू किया।,neutral,hockey,domain_context
4696,निर्णायक मैच में चैंपियन फाइनल से पहले प्रशिक्षण कर रहा है।,neutral,badminton,factual
4697,घरेलू मैदान पर टेनिस स्टार ने सेट में उत्कृष्ट खेल दिखाकर शानदार वापसी की।,positive,tennis,contextual
4698,भारतीय धावक ने रेस में बेअसर प्रदर्शन किया और अपनी लय खो दी।,negative,athletics,paraphrase
4699,मुकाबला महत्वपूर्ण मौके पर आयोजित होगा और डिफेंडर इसमें हिस्सा लेगा।,neutral,football,factual
4700,घरेलू मैदान पर कप्तान ने सीरीज में बेहतरीन खेल दिखाकर जीत दर्ज की।,positive,cricket,contextual
4701,इस मुकाबले में खिलाड़ी ने मुकाबला में बेहतरीन खेल दिखाकर महत्वपूर्ण योगदान दिया।,positive,badminton,contextual
4702,निर्णायक मैच में भारतीय धावक का दौड़ में निराश करने वाला खेल टीम पर भारी पड़ा।,negative,athletics,contextual
4703,दबाव वाले मुकाबले में खिलाड़ी का फाइनल में निराशाजनक खेल टीम पर भारी पड़ा।,negative,badminton,contextual
4704,आज बल्लेबाज ने पारी में कमाल का खेल दिखाकर मुश्किल स्थिति से बाहर निकली।,positive,cricket,contextual
4705,मुकाबला निर्णायक मैच में आयोजित होगा और गोलकीपर इसमें हिस्सा लेगा।,neutral,hockey,factual
4706,इस मुकाबले में भारतीय टीम का मुकाबला में फीका खेल टीम पर भारी पड़ा।,negative,kabaddi,contextual
4707,घरेलू मैदान पर भारतीय शटलर का सेट में खराब खेल टीम पर भारी पड़ा।,negative,badminton,contextual
4708,इस मुकाबले में कप्तान ने मुकाबला से पहले प्रशिक्षण पूरा किया।,neutral,football,domain_context
4709,लंबे ब्रेक के बाद गेंदबाज का मुकाबला में फीका खेल टीम पर भारी पड़ा।,negative,cricket,contextual
4710,युवा शटलर ने फाइनल में बेअसर प्रदर्शन किया और महत्वपूर्ण मौका गंवाया।,negative,badminton,paraphrase
4711,महत्वपूर्ण मौके पर रेडर का मुकाबला में लचर खेल टीम पर भारी पड़ा।,negative,kabaddi,contextual
4712,महत्वपूर्ण मौके पर भारतीय टीम ने लीग मैच में उत्कृष्ट खेल दिखाकर महत्वपूर्ण योगदान दिया।,positive,football,contextual
4713,दबाव वाले मुकाबले में चैंपियन ने मुकाबला से पहले प्रशिक्षण पूरा किया।,neutral,badminton,domain_context
4714,आज विकेटकीपर ने मैच में कई आसान मौके गंवाए।,negative,cricket,domain_context
4715,टूर्नामेंट के अहम चरण में युवा शटलर मुकाबला से पहले प्रशिक्षण कर रहा है।,neutral,badminton,factual
4716,लगातार तीसरे मैच में भारतीय टीम का ओवर में फीका खेल टीम पर भारी पड़ा।,negative,cricket,contextual
4717,लगातार तीसरे मैच में एथलीट का फाइनल में खराब खेल टीम पर भारी पड़ा।,negative,athletics,contextual
4718,आज गोलकीपर का लीग मैच में खराब खेल टीम पर भारी पड़ा।,negative,football,contextual
4719,सेमीफाइनल लंबे ब्रेक के बाद आयोजित होगा और गोलकीपर इसमें हिस्सा लेगा।,neutral,football,factual
4720,खिलाड़ी ने मुकाबला में खराब प्रदर्शन किया और अपनी लय खो दी।,negative,badminton,paraphrase
4721,प्रशंसकों के सामने भारतीय टीम ने मैच में बेहतरीन खेल दिखाकर लगातार अच्छा प्रदर्शन किया।,positive,kabaddi,contextual
4722,टूर्नामेंट के अहम चरण में क्लब का सेमीफाइनल में बेअसर खेल टीम पर भारी पड़ा।,negative,football,contextual
4723,इस मुकाबले में खिलाड़ी ने मुकाबला में जबरदस्त खेल दिखाकर दबदबा कायम रखा।,positive,kabaddi,contextual
4724,लंबे ब्रेक के बाद चैंपियन का सेट में बेअसर खेल टीम पर भारी पड़ा।,negative,badminton,contextual
4725,जोड़ी ने सेट में फीका प्रदर्शन किया और दबाव में बिखर गई।,negative,badminton,paraphrase
4726,प्रशंसकों के सामने टेनिस स्टार ने मैच में यादगार खेल दिखाकर मुकाबला अपने नाम कर लिया।,positive,tennis,contextual
4727,मैच आज आयोजित होगा और जोड़ी इसमें हिस्सा लेगा।,neutral,badminton,factual
4728,आज गोलकीपर ने फाइनल में यादगार खेल दिखाकर दबदबा कायम रखा।,positive,hockey,contextual
4729,प्रशंसकों के सामने जोड़ी ने मुकाबला में जबरदस्त खेल दिखाकर महत्वपूर्ण योगदान दिया।,positive,badminton,contextual
4730,आज विकेटकीपर ने सीरीज में धमाकेदार खेल दिखाकर दबदबा कायम रखा।,positive,cricket,contextual
4731,मैच आज आयोजित होगा और भारतीय खिलाड़ी इसमें हिस्सा लेगा।,neutral,tennis,factual
4732,लंबे ब्रेक के बाद हॉकी टीम मैच से पहले प्रशिक्षण कर रहा है।,neutral,hockey,factual
4733,प्रशंसकों के सामने खिलाड़ी ने मैच में जबरदस्त खेल दिखाकर मुकाबला अपने नाम कर लिया।,positive,kabaddi,contextual
4734,गोलकीपर ने लीग मैच में शानदार प्रदर्शन करते हुए मुकाबला अपने नाम कर लिया।,positive,football,paraphrase
4735,प्रशंसकों के सामने भारत ने पारी में कई आसान मौके गंवाए।,negative,cricket,domain_context
4736,खिलाड़ी ने दौड़ में बेअसर प्रदर्शन किया और उम्मीदों पर खरी नहीं उतरी।,negative,athletics,paraphrase
4737,इस मुकाबले में फॉरवर्ड का लीग मैच में लचर खेल टीम पर भारी पड़ा।,negative,hockey,contextual
4738,दबाव वाले मुकाबले में टेनिस स्टार ने मैच में कमाल का खेल दिखाकर शानदार वापसी की।,positive,tennis,contextual
4739,प्लेऑफ महत्वपूर्ण मौके पर आयोजित होगा और डिफेंडर इसमें हिस्सा लेगा।,neutral,kabaddi,factual
4740,डिफेंडर ने मैच में फीका प्रदर्शन किया और महत्वपूर्ण मौका गंवाया।,negative,hockey,paraphrase
4741,आज युवा शटलर का फाइनल में असंगत खेल टीम पर भारी पड़ा।,negative,badminton,contextual
4742,महत्वपूर्ण मौके पर युवा खिलाड़ी ने सेट में लाजवाब खेल दिखाकर जीत दर्ज की।,positive,tennis,contextual
4743,कप्तान की चूक से क्वार्टरफाइनल में टीम की स्थिति बिगड़ गई।,negative,tennis,domain_context
4744,महत्वपूर्ण मौके पर युवा एथलीट इवेंट से पहले प्रशिक्षण कर रहा है।,neutral,athletics,factual
4745,आज खिलाड़ी लीग मैच से पहले प्रशिक्षण कर रहा है।,neutral,kabaddi,factual
4746,निर्णायक मैच में कप्तान ने मैच में कमाल का खेल दिखाकर शानदार वापसी की।,positive,kabaddi,contextual
4747,युवा एथलीट प्रतियोगिता के लिए टूर्नामेंट में हिस्सा ले रही है।,neutral,athletics,neutral
4748,लगातार तीसरे मैच में डिफेंडर का प्लेऑफ में बेअसर खेल टीम पर भारी पड़ा।,negative,kabaddi,contextual
4749,टूर्नामेंट के अहम चरण में गोलकीपर ने सेमीफाइनल में लाजवाब खेल दिखाकर मुकाबला अपने नाम कर लिया।,positive,football,contextual
4750,लगातार तीसरे मैच में युवा खिलाड़ी क्वार्टरफाइनल से पहले प्रशिक्षण कर रहा है।,neutral,tennis,factual
4751,क्लब ने फाइनल में फीका प्रदर्शन किया और मुकाबला गंवा दिया।,negative,football,paraphrase
4752,युवा शटलर ने फाइनल में फीका प्रदर्शन किया और बढ़त गंवा दी।,negative,badminton,paraphrase
4753,खिलाड़ी ने क्वार्टरफाइनल में असंगत प्रदर्शन किया और बढ़त गंवा दी।,negative,tennis,paraphrase
4754,आज गोलकीपर ने मैच में बेहतरीन खेल दिखाकर लगातार अच्छा प्रदर्शन किया।,positive,hockey,contextual
4755,कप्तान ने लीग मैच में खराब प्रदर्शन किया और दबाव में बिखर गई।,negative,kabaddi,paraphrase
4756,भारतीय टीम ने ओवर में धमाकेदार प्रदर्शन करते हुए जीत दर्ज की।,positive,cricket,paraphrase
4757,प्रशंसकों के सामने टीम ने मुश्किल हालात में शानदार जीत हासिल की।,positive,multi-sport,domain_context
4758,फाइनल निर्णायक मैच में आयोजित होगा और गोलकीपर इसमें हिस्सा लेगा।,neutral,football,factual
4759,प्रशंसकों के सामने खिलाड़ी ने सेट में लाजवाब खेल दिखाकर मुकाबला अपने नाम कर लिया।,positive,tennis,contextual
4760,लंबे ब्रेक के बाद भारतीय टीम ने मुकाबला में शानदार खेल दिखाकर शानदार वापसी की।,positive,hockey,contextual
4761,दबाव वाले मुकाबले में खिलाड़ी का क्वार्टरफाइनल में कमजोर खेल टीम पर भारी पड़ा।,negative,tennis,contextual
4762,क्लब का कमजोर प्रदर्शन मैच में हार का कारण बना।,negative,football,domain_context
4763,मुकाबला टूर्नामेंट के अहम चरण में आयोजित होगा और गोलकीपर इसमें हिस्सा लेगा।,neutral,hockey,factual
4764,निर्णायक मैच में चैंपियन ने फाइनल में धमाकेदार खेल दिखाकर जीत दर्ज की।,positive,badminton,contextual
4765,टूर्नामेंट के अहम चरण में धाविका का रेस में निराश करने वाला खेल टीम पर भारी पड़ा।,negative,athletics,contextual
4766,घरेलू मैदान पर कप्तान ओवर से पहले प्रशिक्षण कर रहा है।,neutral,cricket,factual
4767,लगातार तीसरे मैच में भारतीय टीम ने लीग मैच में कई आसान मौके गंवाए।,negative,kabaddi,domain_context
4768,लगातार तीसरे मैच में भारतीय टीम ने सेमीफाइनल में यादगार खेल दिखाकर लगातार अच्छा प्रदर्शन किया।,positive,hockey,contextual
4769,दबाव वाले मुकाबले में फॉरवर्ड का फाइनल में कमजोर खेल टीम पर भारी पड़ा।,negative,hockey,contextual
4770,चैंपियन फाइनल के लिए टूर्नामेंट में हिस्सा ले रही है।,neutral,badminton,neutral
4771,महत्वपूर्ण मौके पर कप्तान ने रन चेज में उत्कृष्ट खेल दिखाकर लगातार अच्छा प्रदर्शन किया।,positive,cricket,contextual
4772,भारतीय टीम ने रन चेज में कमजोर खेल दिखाया और टीम को नुकसान हुआ।,negative,cricket,domain_context
4773,टूर्नामेंट के अहम चरण में धाविका का इवेंट में निराशाजनक खेल टीम पर भारी पड़ा।,negative,athletics,contextual
4774,भारत ओवर के लिए टूर्नामेंट में हिस्सा ले रही है।,neutral,cricket,neutral
4775,जोड़ी गेम के लिए टूर्नामेंट में हिस्सा ले रही है।,neutral,badminton,neutral
4776,टूर्नामेंट के अहम चरण में युवा खिलाड़ी मैच से पहले प्रशिक्षण कर रहा है।,neutral,tennis,factual
4777,भारतीय टीम ने ओवर के लिए यात्रा कार्यक्रम साझा किया।,neutral,cricket,domain_context
4778,इस मुकाबले में विकेटकीपर ने मैच में बेहतरीन खेल दिखाकर मुकाबला अपने नाम कर लिया।,positive,cricket,contextual
4779,भारतीय टीम ने लीग मैच में शानदार प्रदर्शन करते हुए जीत दर्ज की।,positive,hockey,paraphrase
4780,महत्वपूर्ण मौके पर गोलकीपर मुकाबला से पहले प्रशिक्षण कर रहा है।,neutral,hockey,factual
4781,निर्णायक मैच में कप्तान ने सेमीफाइनल से पहले प्रशिक्षण पूरा किया।,neutral,football,domain_context
4782,निर्णायक मैच में कप्तान का मुकाबला में निराश करने वाला खेल टीम पर भारी पड़ा।,negative,kabaddi,contextual
4783,प्रशंसकों के सामने भारत ने सीरीज से पहले प्रशिक्षण पूरा किया।,neutral,cricket,domain_context
4784,महत्वपूर्ण मौके पर बल्लेबाज रन चेज से पहले प्रशिक्षण कर रहा है।,neutral,cricket,factual
4785,निर्णायक मैच में भारतीय टीम ने सेमीफाइनल में लाजवाब खेल दिखाकर जीत दर्ज की।,positive,hockey,contextual
4786,रेस इस मुकाबले में आयोजित होगा और एथलीट इसमें हिस्सा लेगा।,neutral,athletics,factual
4787,दबाव वाले मुकाबले में धाविका ने इवेंट में यादगार खेल दिखाकर महत्वपूर्ण योगदान दिया।,positive,athletics,contextual
4788,"कप्तान ने मेहनत तो की, लेकिन मुकाबला में अपनी बढ़त गंवा दी।",negative,football,negation
4789,इस मुकाबले में भारतीय धावक ने प्रतियोगिता में धमाकेदार खेल दिखाकर शानदार वापसी की।,positive,athletics,contextual
4790,भारतीय शटलर ने सेट के लिए तैयारी शुरू कर दी।,neutral,badminton,factual
4791,फाइनल दबाव वाले मुकाबले में आयोजित होगा और भारतीय टीम इसमें हिस्सा लेगा।,neutral,football,factual
4792,आज हॉकी टीम सेमीफाइनल से पहले प्रशिक्षण कर रहा है।,neutral,hockey,factual
4793,कप्तान ने सेट में शानदार प्रदर्शन करते हुए मुश्किल स्थिति से बाहर निकली।,positive,tennis,paraphrase
4794,लगातार तीसरे मैच में जोड़ी ने गेम से पहले प्रशिक्षण पूरा किया।,neutral,badminton,domain_context
4795,दबाव वाले मुकाबले में कप्तान ने सेट से पहले प्रशिक्षण पूरा किया।,neutral,tennis,domain_context
4796,निर्णायक मैच में भारतीय शटलर का सेट में निराश करने वाला खेल टीम पर भारी पड़ा।,negative,badminton,contextual
4797,डिफेंडर ने मुकाबला में खराब प्रदर्शन किया और उम्मीदों पर खरी नहीं उतरी।,negative,football,paraphrase
4798,भारतीय टीम ने मुकाबला में फीका प्रदर्शन किया और दबाव में बिखर गई।,negative,hockey,paraphrase
4799,दबाव वाले मुकाबले में रेडर मुकाबला से पहले प्रशिक्षण कर रहा है।,neutral,kabaddi,factual
4800,महत्वपूर्ण मौके पर कप्तान का मुकाबला में खराब खेल टीम पर भारी पड़ा।,negative,football,contextual
4801,महत्वपूर्ण मौके पर भारतीय धावक का प्रतियोगिता में निराशाजनक खेल टीम पर भारी पड़ा।,negative,athletics,contextual
4802,टूर्नामेंट के अहम चरण में कप्तान ने लीग मैच में शानदार खेल दिखाकर जीत दर्ज की।,positive,football,contextual
4803,निर्णायक मैच में भारतीय धावक का दौड़ में फीका खेल टीम पर भारी पड़ा।,negative,athletics,contextual
4804,चैंपियन ने मुकाबला के लिए नया अभ्यास कार्यक्रम शुरू किया।,neutral,badminton,domain_context
4805,खिलाड़ी की मैच में असंगत रणनीति काम नहीं आई।,negative,badminton,contextual
4806,रेडर की टीम मैच के लिए अपनी अंतिम सूची तैयार कर रही है।,neutral,kabaddi,domain_context
4807,इस मुकाबले में विकेटकीपर ने सीरीज में शानदार खेल दिखाकर महत्वपूर्ण योगदान दिया।,positive,cricket,contextual
4808,ओवर टूर्नामेंट के अहम चरण में आयोजित होगा और कप्तान इसमें हिस्सा लेगा।,neutral,cricket,factual
4809,चैंपियन मैच के लिए अभ्यास सत्र में शामिल हुई।,neutral,badminton,neutral
4810,रेडर ने लीग मैच में कमजोर प्रदर्शन किया और अपनी लय खो दी।,negative,kabaddi,paraphrase
4811,आज गोलकीपर ने मैच में यादगार खेल दिखाकर मुश्किल स्थिति से बाहर निकली।,positive,football,contextual
4812,इस मुकाबले में कप्तान का मैच में असंगत खेल टीम पर भारी पड़ा।,negative,tennis,contextual
4813,गोलकीपर सेमीफाइनल के लिए प्रशिक्षण जारी रखे हुए है।,neutral,hockey,neutral
4814,हॉकी टीम मैच के लिए अगले दौर के लिए पहुंची।,neutral,hockey,neutral
4815,घरेलू मैदान पर खिलाड़ी ने लीग मैच में उत्कृष्ट खेल दिखाकर महत्वपूर्ण योगदान दिया।,positive,kabaddi,contextual
4816,भारतीय टीम ने मुकाबला में कमजोर प्रदर्शन किया और दबाव में बिखर गई।,negative,cricket,paraphrase
4817,दबाव वाले मुकाबले में कप्तान ने लीग मैच में बेहतरीन खेल दिखाकर मुश्किल स्थिति से बाहर निकली।,positive,football,contextual
4818,मैच घरेलू मैदान पर आयोजित होगा और जोड़ी इसमें हिस्सा लेगा।,neutral,badminton,factual
4819,महत्वपूर्ण मौके पर भारतीय टीम ने मुकाबला में धमाकेदार खेल दिखाकर जीत दर्ज की।,positive,hockey,contextual
4820,महत्वपूर्ण मौके पर जोड़ी फाइनल से पहले प्रशिक्षण कर रहा है।,neutral,badminton,factual
4821,पारी टूर्नामेंट के अहम चरण में आयोजित होगा और कप्तान इसमें हिस्सा लेगा।,neutral,cricket,factual
4822,महत्वपूर्ण मौके पर खिलाड़ी ने सेट में कमाल का खेल दिखाकर महत्वपूर्ण योगदान दिया।,positive,badminton,contextual
4823,विकेटकीपर की टीम मुकाबला के लिए अपनी अंतिम सूची तैयार कर रही है।,neutral,cricket,domain_context
4824,टेनिस स्टार ने मैच के लिए तैयारी शुरू कर दी।,neutral,tennis,factual
4825,महत्वपूर्ण मौके पर बल्लेबाज का ओवर में बेअसर खेल टीम पर भारी पड़ा।,negative,cricket,contextual
4826,चैंपियन ने फाइनल में शानदार प्रदर्शन करते हुए महत्वपूर्ण योगदान दिया।,positive,badminton,paraphrase
4827,लगातार तीसरे मैच में भारतीय शटलर ने सेट में उत्कृष्ट खेल दिखाकर मुश्किल स्थिति से बाहर निकली।,positive,badminton,contextual
4828,भारत ने सीरीज में लचर प्रदर्शन किया और उम्मीदों पर खरी नहीं उतरी।,negative,cricket,paraphrase
4829,टूर्नामेंट के अहम चरण में भारतीय खिलाड़ी मैच से पहले प्रशिक्षण कर रहा है।,neutral,tennis,factual
4830,निर्णायक मैच में बल्लेबाज का सीरीज में लचर खेल टीम पर भारी पड़ा।,negative,cricket,contextual
4831,खिलाड़ी ने मैच में बेअसर प्रदर्शन किया और मुकाबला गंवा दिया।,negative,badminton,paraphrase
4832,युवा शटलर मैच के लिए प्रशिक्षण जारी रखे हुए है।,neutral,badminton,neutral
4833,लंबे ब्रेक के बाद भारतीय धावक फाइनल से पहले प्रशिक्षण कर रहा है।,neutral,athletics,factual
4834,दबाव वाले मुकाबले में गोलकीपर ने मुकाबला में शानदार खेल दिखाकर मुकाबला अपने नाम कर लिया।,positive,hockey,contextual
4835,फॉरवर्ड ने लीग मैच में शानदार खेल दिखाया और टीम को जीत दिलाई।,positive,hockey,domain_context
4836,रेडर फाइनल के लिए रणनीति पर चर्चा कर रही है।,neutral,kabaddi,neutral
4837,महत्वपूर्ण मौके पर भारतीय टीम ने मैच में शानदार खेल दिखाकर महत्वपूर्ण योगदान दिया।,positive,hockey,contextual
4838,विकेटकीपर के पारी में धमाकेदार प्रदर्शन से टीम को फायदा हुआ।,positive,cricket,contextual
4839,टूर्नामेंट के अहम चरण में भारतीय टीम ने लीग मैच में जबरदस्त खेल दिखाकर महत्वपूर्ण योगदान दिया।,positive,football,contextual
4840,निर्णायक मैच में भारतीय टीम ने लीग मैच में जबरदस्त खेल दिखाकर दबदबा कायम रखा।,positive,football,contextual
4841,दबाव वाले मुकाबले में कप्तान ने फाइनल में धमाकेदार खेल दिखाकर महत्वपूर्ण योगदान दिया।,positive,kabaddi,contextual
4842,घरेलू मैदान पर टीम दबाव में पूरी तरह बिखर गई।,negative,multi-sport,domain_context
4843,लगातार तीसरे मैच में डिफेंडर मैच से पहले प्रशिक्षण कर रहा है।,neutral,kabaddi,factual
4844,रेडर ने प्लेऑफ में बेहतरीन प्रदर्शन करते हुए दबदबा कायम रखा।,positive,kabaddi,paraphrase
4845,खिलाड़ी ने दौड़ में बेहतरीन खेल दिखाया और टीम को जीत दिलाई।,positive,athletics,domain_context
4846,लंबे ब्रेक के बाद डिफेंडर ने मैच में धमाकेदार खेल दिखाकर जीत दर्ज की।,positive,hockey,contextual
4847,भारतीय टीम के सेमीफाइनल में उत्कृष्ट प्रदर्शन से टीम को फायदा हुआ।,positive,football,contextual
4848,इस मुकाबले में कप्तान ने मैच से पहले प्रशिक्षण पूरा किया।,neutral,kabaddi,domain_context
4849,फाइनल महत्वपूर्ण मौके पर आयोजित होगा और धाविका इसमें हिस्सा लेगा।,neutral,athletics,factual
4850,कल खिलाड़ी लगातार अपनी लय खोते रहे।,negative,multi-sport,domain_context
4851,रेस आज आयोजित होगा और एथलीट इसमें हिस्सा लेगा।,neutral,athletics,factual
4852,कप्तान मुकाबला के लिए मैच के लिए रवाना हुई।,neutral,football,neutral
4853,विकेटकीपर अगले मैच से पहले कोच के साथ बैठक करेगा।,neutral,cricket,domain_context
4854,लंबे ब्रेक के बाद बल्लेबाज मुकाबला से पहले प्रशिक्षण कर रहा है।,neutral,cricket,factual
4855,प्रशंसकों के सामने भारतीय खिलाड़ी ने सेट में शानदार खेल दिखाकर महत्वपूर्ण योगदान दिया।,positive,tennis,contextual
4856,निर्णायक मैच में युवा एथलीट का फाइनल में असंगत खेल टीम पर भारी पड़ा।,negative,athletics,contextual
4857,हॉकी टीम की मैच में फीका रणनीति काम नहीं आई।,negative,hockey,contextual
4858,इस मुकाबले में खिलाड़ी ने मुकाबला में लाजवाब खेल दिखाकर लगातार अच्छा प्रदर्शन किया।,positive,badminton,contextual
4859,घरेलू मैदान पर डिफेंडर ने मुकाबला में यादगार खेल दिखाकर लगातार अच्छा प्रदर्शन किया।,positive,football,contextual
4860,रन चेज लंबे ब्रेक के बाद आयोजित होगा और कप्तान इसमें हिस्सा लेगा।,neutral,cricket,factual
4861,मुकाबला टूर्नामेंट के अहम चरण में आयोजित होगा और भारतीय शटलर इसमें हिस्सा लेगा।,neutral,badminton,factual
4862,घरेलू मैदान पर कप्तान ने ओवर से पहले प्रशिक्षण पूरा किया।,neutral,cricket,domain_context
4863,दबाव वाले मुकाबले में एथलीट का फाइनल में निराशाजनक खेल टीम पर भारी पड़ा।,negative,athletics,contextual
4864,टूर्नामेंट के अहम चरण में डिफेंडर ने मैच में शानदार खेल दिखाकर शानदार वापसी की।,positive,kabaddi,contextual
4865,दबाव वाले मुकाबले में एथलीट ने इवेंट में धमाकेदार खेल दिखाकर महत्वपूर्ण योगदान दिया।,positive,athletics,contextual
4866,मैच से पहले टीम ने जीत का सुनहरा मौका गंवा दिया।,negative,multi-sport,domain_context
4867,बल्लेबाज पारी के लिए रणनीति पर चर्चा कर रही है।,neutral,cricket,neutral
4868,गोलकीपर ने मैच में निराशाजनक प्रदर्शन किया और महत्वपूर्ण मौका गंवाया।,negative,football,paraphrase
4869,लंबे ब्रेक के बाद खिलाड़ी ने मुकाबला में यादगार खेल दिखाकर महत्वपूर्ण योगदान दिया।,positive,tennis,contextual
4870,लगातार तीसरे मैच में भारतीय टीम ने ओवर से पहले प्रशिक्षण पूरा किया।,neutral,cricket,domain_context
4871,लंबे ब्रेक के बाद बल्लेबाज ने सीरीज में बेहतरीन तालमेल के साथ जीत हासिल की।,positive,cricket,domain_context
4872,दबाव वाले मुकाबले में गेंदबाज पारी से पहले प्रशिक्षण कर रहा है।,neutral,cricket,factual
4873,लंबे ब्रेक के बाद कप्तान ने लीग मैच में बेहतरीन तालमेल के साथ जीत हासिल की।,positive,football,domain_context
4874,सीरीज लगातार तीसरे मैच में आयोजित होगा और भारतीय टीम इसमें हिस्सा लेगा।,neutral,cricket,factual
4875,प्रशंसकों के सामने भारतीय टीम ने ओवर में जबरदस्त खेल दिखाकर लगातार अच्छा प्रदर्शन किया।,positive,cricket,contextual
4876,दबाव वाले मुकाबले में विकेटकीपर मैच से पहले प्रशिक्षण कर रहा है।,neutral,cricket,factual
4877,आज भारतीय टीम ने सीरीज में बेहतरीन तालमेल के साथ जीत हासिल की।,positive,cricket,domain_context
4878,दबाव वाले मुकाबले में गेंदबाज ने मैच में कई आसान मौके गंवाए।,negative,cricket,domain_context
4879,आज गोलकीपर ने मैच में धमाकेदार खेल दिखाकर मुकाबला अपने नाम कर लिया।,positive,hockey,contextual
4880,इस मुकाबले में भारत सीरीज से पहले प्रशिक्षण कर रहा है।,neutral,cricket,factual
4881,इस मुकाबले में विकेटकीपर का पारी में लचर खेल टीम पर भारी पड़ा।,negative,cricket,contextual
4882,प्रशंसकों के सामने गेंदबाज ने ओवर से पहले प्रशिक्षण पूरा किया।,neutral,cricket,domain_context
4883,भारतीय खिलाड़ी फाइनल के लिए टूर्नामेंट में हिस्सा ले रही है।,neutral,tennis,neutral
4884,इस मुकाबले में खिलाड़ी ने मुकाबला में जबरदस्त खेल दिखाकर लगातार अच्छा प्रदर्शन किया।,positive,badminton,contextual
4885,कप्तान ने लीग मैच में उत्कृष्ट प्रदर्शन करते हुए दबदबा कायम रखा।,positive,kabaddi,paraphrase
4886,महत्वपूर्ण मौके पर धाविका ने दौड़ में यादगार खेल दिखाकर जीत दर्ज की।,positive,athletics,contextual
4887,चैंपियन ने मुकाबला के लिए तैयारी शुरू कर दी।,neutral,badminton,factual
4888,इस मुकाबले में भारतीय टीम का लीग मैच में लचर खेल टीम पर भारी पड़ा।,negative,kabaddi,contextual
4889,मैच निर्णायक मैच में आयोजित होगा और विकेटकीपर इसमें हिस्सा लेगा।,neutral,cricket,factual
4890,महत्वपूर्ण मौके पर भारतीय धावक ने दौड़ में बेहतरीन तालमेल के साथ जीत हासिल की।,positive,athletics,domain_context
4891,टूर्नामेंट के अहम चरण में बल्लेबाज ने मुकाबला में उत्कृष्ट खेल दिखाकर दबदबा कायम रखा।,positive,cricket,contextual
4892,दबाव वाले मुकाबले में युवा एथलीट ने दौड़ में जबरदस्त खेल दिखाकर दबदबा कायम रखा।,positive,athletics,contextual
4893,आज खिलाड़ी ने लीग मैच में जबरदस्त खेल दिखाकर दबदबा कायम रखा।,positive,kabaddi,contextual
4894,मैच लगातार तीसरे मैच में आयोजित होगा और खिलाड़ी इसमें हिस्सा लेगा।,neutral,tennis,factual
4895,भारत की चूक से ओवर में टीम की स्थिति बिगड़ गई।,negative,cricket,domain_context
4896,सीरीज लगातार तीसरे मैच में आयोजित होगा और बल्लेबाज इसमें हिस्सा लेगा।,neutral,cricket,factual
4897,घरेलू मैदान पर खिलाड़ी मुकाबला से पहले प्रशिक्षण कर रहा है।,neutral,tennis,factual
4898,घरेलू मैदान पर भारत ने सीरीज में उत्कृष्ट खेल दिखाकर शानदार वापसी की।,positive,cricket,contextual
4899,निर्णायक मैच में रेडर ने मुकाबला में उत्कृष्ट खेल दिखाकर लगातार अच्छा प्रदर्शन किया।,positive,kabaddi,contextual
4900,लगातार तीसरे मैच में चैंपियन सेट से पहले प्रशिक्षण कर रहा है।,neutral,badminton,factual
4901,घरेलू मैदान पर खिलाड़ी ने प्लेऑफ में लाजवाब खेल दिखाकर शानदार वापसी की।,positive,kabaddi,contextual
4902,भारतीय टीम ने फाइनल में असंगत प्रदर्शन किया और बढ़त गंवा दी।,negative,football,paraphrase
4903,दौड़ इस मुकाबले में आयोजित होगा और खिलाड़ी इसमें हिस्सा लेगा।,neutral,athletics,factual
4904,घरेलू मैदान पर हॉकी टीम ने सेमीफाइनल में जबरदस्त खेल दिखाकर शानदार वापसी की।,positive,hockey,contextual
4905,आज क्लब ने सेमीफाइनल से पहले प्रशिक्षण पूरा किया।,neutral,football,domain_context
4906,लंबे ब्रेक के बाद बल्लेबाज ने ओवर में जबरदस्त खेल दिखाकर दबदबा कायम रखा।,positive,cricket,contextual
4907,महत्वपूर्ण मौके पर डिफेंडर का फाइनल में कमजोर खेल टीम पर भारी पड़ा।,negative,football,contextual
4908,दबाव वाले मुकाबले में खिलाड़ी ने रेस में उत्कृष्ट खेल दिखाकर मुकाबला अपने नाम कर लिया।,positive,athletics,contextual
4909,गेम घरेलू मैदान पर आयोजित होगा और खिलाड़ी इसमें हिस्सा लेगा।,neutral,badminton,factual
4910,टूर्नामेंट के अहम चरण में जोड़ी का सेट में निराशाजनक खेल टीम पर भारी पड़ा।,negative,badminton,contextual
4911,इस मुकाबले में गोलकीपर ने सेमीफाइनल में धमाकेदार खेल दिखाकर मुकाबला अपने नाम कर लिया।,positive,football,contextual
4912,क्वार्टरफाइनल प्रशंसकों के सामने आयोजित होगा और खिलाड़ी इसमें हिस्सा लेगा।,neutral,tennis,factual
4913,सेट दबाव वाले मुकाबले में आयोजित होगा और चैंपियन इसमें हिस्सा लेगा।,neutral,badminton,factual
4914,लगातार तीसरे मैच में युवा खिलाड़ी का क्वार्टरफाइनल में फीका खेल टीम पर भारी पड़ा।,negative,tennis,contextual
4915,जोड़ी मैच के लिए मैच के लिए रवाना हुई।,neutral,badminton,neutral
4916,लंबे ब्रेक के बाद भारत ने मुकाबला में लाजवाब खेल दिखाकर मुश्किल स्थिति से बाहर निकली।,positive,cricket,contextual
4917,महत्वपूर्ण मौके पर एथलीट का प्रतियोगिता में लचर खेल टीम पर भारी पड़ा।,negative,athletics,contextual
4918,इस मुकाबले में डिफेंडर ने मुकाबला से पहले प्रशिक्षण पूरा किया।,neutral,hockey,domain_context
4919,महत्वपूर्ण मौके पर कप्तान ने लीग मैच में यादगार खेल दिखाकर मुकाबला अपने नाम कर लिया।,positive,football,contextual
4920,आज कप्तान ने पारी में कमाल का खेल दिखाकर मुकाबला अपने नाम कर लिया।,positive,cricket,contextual
4921,इस मुकाबले में रेडर फाइनल से पहले प्रशिक्षण कर रहा है।,neutral,kabaddi,factual
4922,इस मुकाबले में भारतीय टीम ने लीग मैच में कमाल का खेल दिखाकर दबदबा कायम रखा।,positive,football,contextual
4923,मुकाबला लंबे ब्रेक के बाद आयोजित होगा और कप्तान इसमें हिस्सा लेगा।,neutral,cricket,factual
4924,कप्तान ने पारी में फीका प्रदर्शन किया और अपनी लय खो दी।,negative,cricket,paraphrase
4925,घरेलू मैदान पर भारतीय धावक ने दौड़ में शानदार खेल दिखाकर जीत दर्ज की।,positive,athletics,contextual
4926,भारतीय टीम ने मैच में लचर प्रदर्शन किया और दबाव में बिखर गई।,negative,hockey,paraphrase
4927,प्रशंसकों के सामने डिफेंडर का मैच में कमजोर खेल टीम पर भारी पड़ा।,negative,kabaddi,contextual
4928,डिफेंडर ने मुकाबला में निराशाजनक प्रदर्शन किया और लगातार गलतियां कीं।,negative,football,paraphrase
4929,घरेलू मैदान पर गोलकीपर मुकाबला से पहले प्रशिक्षण कर रहा है।,neutral,hockey,factual
4930,दबाव वाले मुकाबले में टेनिस स्टार ने फाइनल में यादगार खेल दिखाकर मुश्किल स्थिति से बाहर निकली।,positive,tennis,contextual
4931,आज भारतीय धावक ने रेस से पहले प्रशिक्षण पूरा किया।,neutral,athletics,domain_context
4932,लंबे ब्रेक के बाद विकेटकीपर ने रन चेज में शानदार खेल दिखाकर महत्वपूर्ण योगदान दिया।,positive,cricket,contextual
4933,निर्णायक मैच में क्लब ने सेमीफाइनल में यादगार खेल दिखाकर मुकाबला अपने नाम कर लिया।,positive,football,contextual
4934,टूर्नामेंट के अहम चरण में खिलाड़ी ने मैच में शानदार खेल दिखाकर दबदबा कायम रखा।,positive,badminton,contextual
4935,दबाव वाले मुकाबले में बल्लेबाज ने ओवर में कमाल का खेल दिखाकर शानदार वापसी की।,positive,cricket,contextual
4936,निर्णायक मैच में कप्तान ने फाइनल में बेहतरीन खेल दिखाकर मुश्किल स्थिति से बाहर निकली।,positive,tennis,contextual
4937,भारतीय टीम ने फाइनल में कमजोर प्रदर्शन किया और अपनी लय खो दी।,negative,football,paraphrase
4938,निर्णायक मैच में गोलकीपर का सेमीफाइनल में निराश करने वाला खेल टीम पर भारी पड़ा।,negative,football,contextual
4939,फाइनल महत्वपूर्ण मौके पर आयोजित होगा और युवा शटलर इसमें हिस्सा लेगा।,neutral,badminton,factual
4940,लीग मैच इस मुकाबले में आयोजित होगा और भारतीय टीम इसमें हिस्सा लेगा।,neutral,football,factual
4941,फॉरवर्ड ने सेमीफाइनल में जबरदस्त प्रदर्शन करते हुए मुश्किल स्थिति से बाहर निकली।,positive,football,paraphrase
4942,युवा शटलर गेम के लिए अगले दौर के लिए पहुंची।,neutral,badminton,neutral
4943,कप्तान ने लीग मैच में फीका प्रदर्शन किया और महत्वपूर्ण मौका गंवाया।,negative,football,paraphrase
4944,इस मुकाबले में जोड़ी ने मुकाबला में बेहतरीन खेल दिखाकर दबदबा कायम रखा।,positive,badminton,contextual
4945,आज एथलीट का प्रतियोगिता में बेअसर खेल टीम पर भारी पड़ा।,negative,athletics,contextual
4946,महत्वपूर्ण मौके पर गोलकीपर लीग मैच से पहले प्रशिक्षण कर रहा है।,neutral,football,factual
4947,सेट लगातार तीसरे मैच में आयोजित होगा और जोड़ी इसमें हिस्सा लेगा।,neutral,badminton,factual
4948,दबाव वाले मुकाबले में गोलकीपर ने लीग मैच में उत्कृष्ट खेल दिखाकर जीत दर्ज की।,positive,hockey,contextual
4949,दबाव वाले मुकाबले में फॉरवर्ड ने मुकाबला में धमाकेदार खेल दिखाकर मुकाबला अपने नाम कर लिया।,positive,hockey,contextual
4950,घरेलू मैदान पर कप्तान ने फाइनल से पहले प्रशिक्षण पूरा किया।,neutral,football,domain_context
4951,प्रशंसकों के सामने भारतीय टीम का रन चेज में फीका खेल टीम पर भारी पड़ा।,negative,cricket,contextual
4952,इस मुकाबले में भारतीय टीम ने सेमीफाइनल में उत्कृष्ट खेल दिखाकर शानदार वापसी की।,positive,football,contextual
4953,भारतीय टीम फाइनल के लिए टूर्नामेंट में हिस्सा ले रही है।,neutral,football,neutral
4954,सुबह के सत्र में खिलाड़ी ने निर्णायक क्षण में बेहतरीन प्रदर्शन किया।,positive,multi-sport,domain_context
4955,भारतीय टीम लीग मैच के लिए टूर्नामेंट में हिस्सा ले रही है।,neutral,football,neutral
4956,इस मुकाबले में क्लब सेमीफाइनल से पहले प्रशिक्षण कर रहा है।,neutral,football,factual
4957,घरेलू मैदान पर बल्लेबाज ने रन चेज से पहले प्रशिक्षण पूरा किया।,neutral,cricket,domain_context
4958,लगातार तीसरे मैच में हॉकी टीम फाइनल से पहले प्रशिक्षण कर रहा है।,neutral,hockey,factual
4959,निर्णायक चरण में टीम ने अगले मुकाबले की तैयारी शुरू कर दी।,neutral,multi-sport,domain_context
4960,निर्णायक मैच में भारतीय धावक दौड़ से पहले प्रशिक्षण कर रहा है।,neutral,athletics,factual
4961,युवा एथलीट ने प्रतियोगिता में बेअसर प्रदर्शन किया और उम्मीदों पर खरी नहीं उतरी।,negative,athletics,paraphrase
4962,टूर्नामेंट के अहम चरण में जोड़ी ने सेट में उत्कृष्ट खेल दिखाकर शानदार वापसी की।,positive,badminton,contextual
4963,इस मुकाबले में जोड़ी का मुकाबला में खराब खेल टीम पर भारी पड़ा।,negative,badminton,contextual
4964,डिफेंडर ने मैच में बेअसर प्रदर्शन किया और मुकाबला गंवा दिया।,negative,kabaddi,paraphrase
4965,"Is tournament mein, India ne aaj zabardast comeback kiya.",positive,multi-sport,code_mixed
4966,महत्वपूर्ण मौके पर गोलकीपर ने सेमीफाइनल में धमाकेदार खेल दिखाकर महत्वपूर्ण योगदान दिया।,positive,football,contextual
4967,निर्णायक मैच में धाविका का प्रतियोगिता में खराब खेल टीम पर भारी पड़ा।,negative,athletics,contextual
4968,निर्णायक मैच में कप्तान का क्वार्टरफाइनल में फीका खेल टीम पर भारी पड़ा।,negative,tennis,contextual
4969,घरेलू मैदान पर फॉरवर्ड ने लीग मैच में बेहतरीन खेल दिखाकर लगातार अच्छा प्रदर्शन किया।,positive,football,contextual
4970,"Kal, Player ne brilliant performance diya.",positive,multi-sport,code_mixed
4971,निर्णायक मैच में खिलाड़ी ने दौड़ में कमाल का खेल दिखाकर मुश्किल स्थिति से बाहर निकली।,positive,athletics,contextual
4972,लीग मैच टूर्नामेंट के अहम चरण में आयोजित होगा और डिफेंडर इसमें हिस्सा लेगा।,neutral,kabaddi,factual
4973,लगातार तीसरे मैच में डिफेंडर प्लेऑफ से पहले प्रशिक्षण कर रहा है।,neutral,kabaddi,factual
4974,महत्वपूर्ण मौके पर भारतीय टीम ने लीग मैच में लाजवाब खेल दिखाकर मुकाबला अपने नाम कर लिया।,positive,hockey,contextual
4975,आज भारतीय शटलर का मैच में लचर खेल टीम पर भारी पड़ा।,negative,badminton,contextual
4976,रन चेज लंबे ब्रेक के बाद आयोजित होगा और गेंदबाज इसमें हिस्सा लेगा।,neutral,cricket,factual
4977,महत्वपूर्ण मौके पर गोलकीपर ने फाइनल में यादगार खेल दिखाकर दबदबा कायम रखा।,positive,football,contextual
4978,लगातार तीसरे मैच में खिलाड़ी ने मैच में यादगार खेल दिखाकर लगातार अच्छा प्रदर्शन किया।,positive,badminton,contextual
4979,लंबे ब्रेक के बाद भारतीय खिलाड़ी मुकाबला से पहले प्रशिक्षण कर रहा है।,neutral,tennis,factual
4980,प्रशंसकों के सामने भारतीय शटलर ने गेम में कमाल का खेल दिखाकर लगातार अच्छा प्रदर्शन किया।,positive,badminton,contextual
4981,आज भारतीय टीम ने मैच से पहले प्रशिक्षण पूरा किया।,neutral,hockey,domain_context
4982,इस मुकाबले में खिलाड़ी ने प्रतियोगिता से पहले प्रशिक्षण पूरा किया।,neutral,athletics,domain_context
4983,डिफेंडर ने लीग मैच में बेअसर प्रदर्शन किया और अपनी लय खो दी।,negative,football,paraphrase
4984,महत्वपूर्ण मौके पर धाविका ने फाइनल में बेहतरीन खेल दिखाकर जीत दर्ज की।,positive,athletics,contextual
4985,प्रशंसकों के सामने भारतीय धावक ने रेस में जबरदस्त खेल दिखाकर शानदार वापसी की।,positive,athletics,contextual
4986,लंबे ब्रेक के बाद डिफेंडर ने फाइनल में लाजवाब खेल दिखाकर मुकाबला अपने नाम कर लिया।,positive,kabaddi,contextual
4987,घरेलू मैदान पर भारतीय टीम ने मैच में धमाकेदार खेल दिखाकर मुकाबला अपने नाम कर लिया।,positive,football,contextual
4988,इस मुकाबले में फॉरवर्ड ने मुकाबला में उत्कृष्ट खेल दिखाकर मुश्किल स्थिति से बाहर निकली।,positive,football,contextual
4989,रेस निर्णायक मैच में आयोजित होगा और खिलाड़ी इसमें हिस्सा लेगा।,neutral,athletics,factual
4990,भारत ने ओवर में निराशाजनक प्रदर्शन किया और उम्मीदों पर खरी नहीं उतरी।,negative,cricket,paraphrase
4991,लीग मैच निर्णायक मैच में आयोजित होगा और फॉरवर्ड इसमें हिस्सा लेगा।,neutral,football,factual
4992,कप्तान की लीग मैच में कमजोर रणनीति काम नहीं आई।,negative,kabaddi,contextual
4993,लगातार तीसरे मैच में खिलाड़ी मैच से पहले प्रशिक्षण कर रहा है।,neutral,tennis,factual
4994,फाइनल आज आयोजित होगा और फॉरवर्ड इसमें हिस्सा लेगा।,neutral,football,factual
4995,आज डिफेंडर ने फाइनल में जबरदस्त खेल दिखाकर मुकाबला अपने नाम कर लिया।,positive,hockey,contextual
4996,भारतीय टीम ने लीग मैच में जबरदस्त प्रदर्शन करते हुए जीत दर्ज की।,positive,football,paraphrase
4997,युवा शटलर ने मैच में असंगत प्रदर्शन किया और बढ़त गंवा दी।,negative,badminton,paraphrase
4998,लंबे ब्रेक के बाद खिलाड़ी मैच से पहले प्रशिक्षण कर रहा है।,neutral,tennis,factual
4999,फॉरवर्ड ने मुकाबला में निराशाजनक प्रदर्शन किया और दबाव में बिखर गई।,negative,hockey,paraphrase
5000,हॉकी टीम दबाव के कारण कठिन फाइनल में लय नहीं बना सका।,negative,hockey,domain_context
5001,मैच लंबे ब्रेक के बाद आयोजित होगा और गेंदबाज इसमें हिस्सा लेगा।,neutral,cricket,factual
5002,प्रतियोगिता लंबे ब्रेक के बाद आयोजित होगा और एथलीट इसमें हिस्सा लेगा।,neutral,athletics,factual
5003,डिफेंडर फाइनल के लिए अगले दौर के लिए पहुंची।,neutral,hockey,neutral
5004,इस मुकाबले में डिफेंडर ने मैच में बेहतरीन खेल दिखाकर जीत दर्ज की।,positive,hockey,contextual
5005,महत्वपूर्ण मौके पर विकेटकीपर ओवर से पहले प्रशिक्षण कर रहा है।,neutral,cricket,factual
5006,लंबे ब्रेक के बाद फॉरवर्ड का मुकाबला में खराब खेल टीम पर भारी पड़ा।,negative,football,contextual
5007,युवा एथलीट ने रेस में निराश करने वाला प्रदर्शन किया और महत्वपूर्ण मौका गंवाया।,negative,athletics,paraphrase
5008,प्रशंसकों के सामने खिलाड़ी ने दौड़ में लाजवाब खेल दिखाकर लगातार अच्छा प्रदर्शन किया।,positive,athletics,contextual
5009,एथलीट ने इवेंट में लाजवाब खेल दिखाया और टीम को जीत दिलाई।,positive,athletics,domain_context
5010,लगातार तीसरे मैच में जोड़ी ने सेट में यादगार खेल दिखाकर दबदबा कायम रखा।,positive,badminton,contextual
5011,निर्णायक मैच में युवा खिलाड़ी का मुकाबला में लचर खेल टीम पर भारी पड़ा।,negative,tennis,contextual
5012,घरेलू मैदान पर भारतीय टीम ने मुकाबला में बेहतरीन तालमेल के साथ जीत हासिल की।,positive,football,domain_context
5013,भारतीय शटलर मुकाबला के लिए अभ्यास सत्र में शामिल हुई।,neutral,badminton,neutral
5014,टूर्नामेंट के अहम चरण में भारतीय शटलर सेट से पहले प्रशिक्षण कर रहा है।,neutral,badminton,factual
5015,इस मुकाबले में एथलीट ने इवेंट में कमाल का खेल दिखाकर शानदार वापसी की।,positive,athletics,contextual
5016,निर्णायक मैच में एथलीट ने दौड़ में उत्कृष्ट खेल दिखाकर दबदबा कायम रखा।,positive,athletics,contextual
5017,महत्वपूर्ण मौके पर डिफेंडर ने सेमीफाइनल में कई आसान मौके गंवाए।,negative,football,domain_context
5018,टूर्नामेंट के अहम चरण में एथलीट रेस से पहले प्रशिक्षण कर रहा है।,neutral,athletics,factual
5019,बल्लेबाज ने पारी में फीका प्रदर्शन किया और दबाव में बिखर गई।,negative,cricket,paraphrase
5020,प्रशंसकों के सामने एथलीट प्रतियोगिता से पहले प्रशिक्षण कर रहा है।,neutral,athletics,factual
5021,इस मुकाबले में डिफेंडर का फाइनल में फीका खेल टीम पर भारी पड़ा।,negative,hockey,contextual
5022,लगातार तीसरे मैच में गोलकीपर ने फाइनल में बेहतरीन खेल दिखाकर मुश्किल स्थिति से बाहर निकली।,positive,hockey,contextual
5023,घरेलू मैदान पर खिलाड़ी ने क्वार्टरफाइनल में धमाकेदार खेल दिखाकर दबदबा कायम रखा।,positive,tennis,contextual
5024,लगातार तीसरे मैच में फॉरवर्ड सेमीफाइनल से पहले प्रशिक्षण कर रहा है।,neutral,hockey,factual
5025,निर्णायक मैच में हॉकी टीम लीग मैच से पहले प्रशिक्षण कर रहा है।,neutral,hockey,factual
5026,सेट महत्वपूर्ण मौके पर आयोजित होगा और टेनिस स्टार इसमें हिस्सा लेगा।,neutral,tennis,factual
5027,बल्लेबाज ने मुकाबला में फीका प्रदर्शन किया और मुकाबला गंवा दिया।,negative,cricket,paraphrase
5028,भारतीय खिलाड़ी ने मैच में लचर प्रदर्शन किया और उम्मीदों पर खरी नहीं उतरी।,negative,tennis,paraphrase
5029,घरेलू मैदान पर भारतीय खिलाड़ी का फाइनल में निराशाजनक खेल टीम पर भारी पड़ा।,negative,tennis,contextual
5030,टूर्नामेंट के अहम चरण में खिलाड़ी ने गेम में बेहतरीन खेल दिखाकर जीत दर्ज की।,positive,badminton,contextual
5031,प्रशंसकों के सामने हॉकी टीम ने सेमीफाइनल में बेहतरीन खेल दिखाकर मुश्किल स्थिति से बाहर निकली।,positive,hockey,contextual
5032,लंबे ब्रेक के बाद भारतीय टीम ने सीरीज में कमाल का खेल दिखाकर जीत दर्ज की।,positive,cricket,contextual
5033,भारतीय टीम ने मैच में जबरदस्त खेल दिखाया और टीम को जीत दिलाई।,positive,football,domain_context
5034,फॉरवर्ड ने लीग मैच के लिए तैयारी शुरू कर दी।,neutral,football,factual
5035,इस मुकाबले में खिलाड़ी का सेट में फीका खेल टीम पर भारी पड़ा।,negative,badminton,contextual
5036,गेंदबाज अगले सीरीज से पहले कोच के साथ बैठक करेगा।,neutral,cricket,domain_context
5037,महत्वपूर्ण मौके पर युवा खिलाड़ी मुकाबला से पहले प्रशिक्षण कर रहा है।,neutral,tennis,factual
5038,घरेलू मैदान पर भारतीय टीम ने मुकाबला में यादगार खेल दिखाकर महत्वपूर्ण योगदान दिया।,positive,hockey,contextual
5039,घरेलू मैदान पर युवा खिलाड़ी ने मैच में बेहतरीन खेल दिखाकर जीत दर्ज की।,positive,tennis,contextual
5040,खिलाड़ी सेट के लिए रणनीति पर चर्चा कर रही है।,neutral,tennis,neutral
5041,भारतीय खिलाड़ी ने फाइनल में निराशाजनक प्रदर्शन किया और लगातार गलतियां कीं।,negative,tennis,paraphrase
5042,आज डिफेंडर ने लीग मैच में जबरदस्त खेल दिखाकर महत्वपूर्ण योगदान दिया।,positive,kabaddi,contextual
5043,घरेलू मैदान पर भारतीय टीम का पारी में निराश करने वाला खेल टीम पर भारी पड़ा।,negative,cricket,contextual
5044,मुकाबला घरेलू मैदान पर आयोजित होगा और भारतीय शटलर इसमें हिस्सा लेगा।,neutral,badminton,factual
5045,निर्णायक मैच में भारतीय टीम सेमीफाइनल से पहले प्रशिक्षण कर रहा है।,neutral,football,factual
5046,दबाव वाले मुकाबले में भारतीय धावक प्रतियोगिता से पहले प्रशिक्षण कर रहा है।,neutral,athletics,factual
5047,घरेलू मैदान पर एथलीट ने दौड़ में बेहतरीन खेल दिखाकर शानदार वापसी की।,positive,athletics,contextual
5048,धाविका दौड़ के लिए अभ्यास सत्र में शामिल हुई।,neutral,athletics,neutral
5049,घरेलू मैदान पर बल्लेबाज ने मैच में शानदार खेल दिखाकर मुश्किल स्थिति से बाहर निकली।,positive,cricket,contextual
5050,निर्णायक मैच में गोलकीपर का सेमीफाइनल में निराशाजनक खेल टीम पर भारी पड़ा।,negative,football,contextual
5051,इवेंट घरेलू मैदान पर आयोजित होगा और एथलीट इसमें हिस्सा लेगा।,neutral,athletics,factual
5052,मैच घरेलू मैदान पर आयोजित होगा और खिलाड़ी इसमें हिस्सा लेगा।,neutral,tennis,factual
5053,आज कप्तान सेट से पहले प्रशिक्षण कर रहा है।,neutral,tennis,factual
5054,भारतीय खिलाड़ी ने सेट में असंगत प्रदर्शन किया और अपनी लय खो दी।,negative,tennis,paraphrase
5055,डिफेंडर ने कठिन लीग मैच में धैर्य रखते हुए सफलता हासिल की।,positive,football,domain_context
5056,लगातार तीसरे मैच में डिफेंडर का फाइनल में असंगत खेल टीम पर भारी पड़ा।,negative,kabaddi,contextual
5057,निर्णायक मैच में हॉकी टीम ने मुकाबला में लाजवाब खेल दिखाकर मुश्किल स्थिति से बाहर निकली।,positive,hockey,contextual
5058,इस मुकाबले में डिफेंडर प्लेऑफ से पहले प्रशिक्षण कर रहा है।,neutral,kabaddi,factual
5059,निर्णायक मैच में रेडर का फाइनल में खराब खेल टीम पर भारी पड़ा।,negative,kabaddi,contextual
5060,"Kal, Team ne easy chance miss karke match gawa diya.",negative,multi-sport,code_mixed
5061,एथलीट रेस के लिए टूर्नामेंट में हिस्सा ले रही है।,neutral,athletics,neutral
5062,घरेलू मैदान पर टीम ने जीत का सुनहरा मौका गंवा दिया।,negative,multi-sport,domain_context
5063,दबाव वाले मुकाबले में विकेटकीपर ने पारी में लाजवाब खेल दिखाकर मुश्किल स्थिति से बाहर निकली।,positive,cricket,contextual
5064,क्लब ने मुकाबला में जबरदस्त खेल दिखाया और टीम को जीत दिलाई।,positive,football,domain_context
5065,मैच लगातार तीसरे मैच में आयोजित होगा और युवा खिलाड़ी इसमें हिस्सा लेगा।,neutral,tennis,factual
5066,आज भारत ने सीरीज में शानदार खेल दिखाकर महत्वपूर्ण योगदान दिया।,positive,cricket,contextual
5067,धाविका ने फाइनल में बेअसर खेल दिखाया और टीम को नुकसान हुआ।,negative,athletics,domain_context
5068,घरेलू मैदान पर भारतीय खिलाड़ी का क्वार्टरफाइनल में बेअसर खेल टीम पर भारी पड़ा।,negative,tennis,contextual
5069,जोड़ी ने फाइनल में बेअसर प्रदर्शन किया और अपनी लय खो दी।,negative,badminton,paraphrase
5070,घरेलू मैदान पर भारतीय धावक ने इवेंट से पहले प्रशिक्षण पूरा किया।,neutral,athletics,domain_context
5071,क्वार्टरफाइनल आज आयोजित होगा और खिलाड़ी इसमें हिस्सा लेगा।,neutral,tennis,factual
5072,लगातार तीसरे मैच में धाविका ने इवेंट में बेहतरीन खेल दिखाकर मुकाबला अपने नाम कर लिया।,positive,athletics,contextual
5073,लंबे ब्रेक के बाद खिलाड़ी ने मुकाबला में उत्कृष्ट खेल दिखाकर मुश्किल स्थिति से बाहर निकली।,positive,kabaddi,contextual
5074,सेमीफाइनल टूर्नामेंट के अहम चरण में आयोजित होगा और गोलकीपर इसमें हिस्सा लेगा।,neutral,football,factual
5075,लगातार तीसरे मैच में बल्लेबाज ने पारी में उत्कृष्ट खेल दिखाकर महत्वपूर्ण योगदान दिया।,positive,cricket,contextual
5076,इवेंट महत्वपूर्ण मौके पर आयोजित होगा और खिलाड़ी इसमें हिस्सा लेगा।,neutral,athletics,factual
5077,भारत की मेहनत से मैच में टीम का आत्मविश्वास बढ़ा।,positive,cricket,domain_context
5078,महत्वपूर्ण मौके पर कप्तान ओवर से पहले प्रशिक्षण कर रहा है।,neutral,cricket,factual
5079,लगातार तीसरे मैच में कप्तान ने मुकाबला में उत्कृष्ट खेल दिखाकर मुश्किल स्थिति से बाहर निकली।,positive,kabaddi,contextual
5080,लंबे ब्रेक के बाद कप्तान ने मुकाबला में कमाल का खेल दिखाकर जीत दर्ज की।,positive,football,contextual
5081,दबाव वाले मुकाबले में युवा शटलर मैच से पहले प्रशिक्षण कर रहा है।,neutral,badminton,factual
5082,गोलकीपर ने फाइनल में बेअसर प्रदर्शन किया और लगातार गलतियां कीं।,negative,football,paraphrase
5083,मैच इस मुकाबले में आयोजित होगा और कप्तान इसमें हिस्सा लेगा।,neutral,tennis,factual
5084,डिफेंडर ने फाइनल में खराब प्रदर्शन किया और लगातार गलतियां कीं।,negative,hockey,paraphrase
5085,टूर्नामेंट के अहम चरण में भारतीय शटलर का फाइनल में बेअसर खेल टीम पर भारी पड़ा।,negative,badminton,contextual
5086,डिफेंडर सेमीफाइनल के लिए अभ्यास सत्र में शामिल हुई।,neutral,football,neutral
5087,लंबे ब्रेक के बाद खिलाड़ी ने प्रतियोगिता में लाजवाब खेल दिखाकर शानदार वापसी की।,positive,athletics,contextual
5088,युवा खिलाड़ी क्वार्टरफाइनल के लिए अगले मुकाबले की तैयारी कर रही है।,neutral,tennis,neutral
5089,टूर्नामेंट के अहम चरण में युवा एथलीट ने दौड़ में उत्कृष्ट खेल दिखाकर महत्वपूर्ण योगदान दिया।,positive,athletics,contextual
5090,इस मुकाबले में युवा शटलर सेट से पहले प्रशिक्षण कर रहा है।,neutral,badminton,factual
5091,इस मुकाबले में भारतीय टीम ने सेमीफाइनल में यादगार खेल दिखाकर शानदार वापसी की।,positive,hockey,contextual
5092,खिलाड़ी ने लीग मैच में लाजवाब प्रदर्शन करते हुए शानदार वापसी की।,positive,kabaddi,paraphrase
5093,गेंदबाज रन चेज के लिए मैच के लिए रवाना हुई।,neutral,cricket,neutral
5094,क्वार्टरफाइनल आज आयोजित होगा और टेनिस स्टार इसमें हिस्सा लेगा।,neutral,tennis,factual
5095,खिलाड़ी ने मुकाबला में निराश करने वाला प्रदर्शन किया और दबाव में बिखर गई।,negative,tennis,paraphrase
5096,दौड़ घरेलू मैदान पर आयोजित होगा और खिलाड़ी इसमें हिस्सा लेगा।,neutral,athletics,factual
5097,निर्णायक मैच में कप्तान मैच से पहले प्रशिक्षण कर रहा है।,neutral,cricket,factual
5098,दबाव वाले मुकाबले में चैंपियन ने गेम से पहले प्रशिक्षण पूरा किया।,neutral,badminton,domain_context
5099,निर्णायक मैच में हॉकी टीम का मैच में खराब खेल टीम पर भारी पड़ा।,negative,hockey,contextual
5100,लंबे ब्रेक के बाद डिफेंडर ने फाइनल में जबरदस्त खेल दिखाकर मुश्किल स्थिति से बाहर निकली।,positive,hockey,contextual
5101,आज खिलाड़ी ने सेट में जबरदस्त खेल दिखाकर दबदबा कायम रखा।,positive,tennis,contextual
5102,निर्णायक मैच में खिलाड़ी ने रेस में जबरदस्त खेल दिखाकर शानदार वापसी की।,positive,athletics,contextual
5103,आज युवा शटलर गेम से पहले प्रशिक्षण कर रहा है।,neutral,badminton,factual
5104,महत्वपूर्ण मौके पर खिलाड़ी ने मुकाबला में यादगार खेल दिखाकर महत्वपूर्ण योगदान दिया।,positive,kabaddi,contextual
5105,लंबे ब्रेक के बाद बल्लेबाज का मुकाबला में खराब खेल टीम पर भारी पड़ा।,negative,cricket,contextual
5106,इस मुकाबले में हॉकी टीम का लीग मैच में निराशाजनक खेल टीम पर भारी पड़ा।,negative,hockey,contextual
5107,लगातार तीसरे मैच में डिफेंडर का फाइनल में कमजोर खेल टीम पर भारी पड़ा।,negative,football,contextual
5108,डिफेंडर प्लेऑफ के लिए अभ्यास सत्र में शामिल हुई।,neutral,kabaddi,neutral
5109,खिलाड़ी सेट के लिए अगले दौर के लिए पहुंची।,neutral,tennis,neutral
5110,भारतीय शटलर ने मुकाबला में कमजोर प्रदर्शन किया और दबाव में बिखर गई।,negative,badminton,paraphrase
5111,महत्वपूर्ण मौके पर धाविका ने फाइनल में उत्कृष्ट खेल दिखाकर शानदार वापसी की।,positive,athletics,contextual
5112,क्वार्टरफाइनल लंबे ब्रेक के बाद आयोजित होगा और भारतीय खिलाड़ी इसमें हिस्सा लेगा।,neutral,tennis,factual
5113,घरेलू मैदान पर फॉरवर्ड ने सेमीफाइनल से पहले प्रशिक्षण पूरा किया।,neutral,hockey,domain_context
5114,डिफेंडर की लीग मैच में फीका रणनीति काम नहीं आई।,negative,football,contextual
5115,घरेलू मैदान पर गेंदबाज का मैच में निराशाजनक खेल टीम पर भारी पड़ा।,negative,cricket,contextual
5116,लगातार तीसरे मैच में युवा शटलर ने सेट में लाजवाब खेल दिखाकर जीत दर्ज की।,positive,badminton,contextual
5117,दबाव वाले मुकाबले में भारतीय टीम ने फाइनल में उत्कृष्ट खेल दिखाकर मुकाबला अपने नाम कर लिया।,positive,football,contextual
5118,लंबे ब्रेक के बाद फॉरवर्ड मुकाबला से पहले प्रशिक्षण कर रहा है।,neutral,football,factual
5119,लगातार तीसरे मैच में जोड़ी ने मुकाबला में यादगार खेल दिखाकर मुकाबला अपने नाम कर लिया।,positive,badminton,contextual
5120,महत्वपूर्ण मौके पर युवा शटलर ने सेट में धमाकेदार खेल दिखाकर जीत दर्ज की।,positive,badminton,contextual
5121,रेडर ने प्लेऑफ में कमजोर प्रदर्शन किया और महत्वपूर्ण मौका गंवाया।,negative,kabaddi,paraphrase
5122,प्रशंसकों के सामने डिफेंडर ने प्लेऑफ में यादगार खेल दिखाकर लगातार अच्छा प्रदर्शन किया।,positive,kabaddi,contextual
5123,निर्णायक मैच में टेनिस स्टार ने सेट में धमाकेदार खेल दिखाकर मुश्किल स्थिति से बाहर निकली।,positive,tennis,contextual
5124,लंबे ब्रेक के बाद खिलाड़ी का लीग मैच में निराशाजनक खेल टीम पर भारी पड़ा।,negative,kabaddi,contextual
5125,आज कप्तान का लीग मैच में असंगत खेल टीम पर भारी पड़ा।,negative,football,contextual
5126,खिलाड़ी ने फाइनल में खराब प्रदर्शन किया और दबाव में बिखर गई।,negative,tennis,paraphrase
5127,डिफेंडर दबाव के कारण कठिन मुकाबला में लय नहीं बना सका।,negative,kabaddi,domain_context
5128,बल्लेबाज ने मुकाबला के लिए यात्रा कार्यक्रम साझा किया।,neutral,cricket,domain_context
5129,एथलीट ने इवेंट में निराशाजनक प्रदर्शन किया और लगातार गलतियां कीं।,negative,athletics,paraphrase
5130,एथलीट ने फाइनल में खराब प्रदर्शन किया और मुकाबला गंवा दिया।,negative,athletics,paraphrase
5131,निर्णायक मैच में भारतीय टीम ने मुकाबला में बेहतरीन तालमेल के साथ जीत हासिल की।,positive,football,domain_context
5132,भारत सीरीज के लिए टूर्नामेंट में हिस्सा ले रही है।,neutral,cricket,neutral
5133,महत्वपूर्ण मौके पर युवा शटलर फाइनल से पहले प्रशिक्षण कर रहा है।,neutral,badminton,factual
5134,डिफेंडर मुकाबला के लिए अगले दौर के लिए पहुंची।,neutral,football,neutral
5135,टूर्नामेंट के अहम चरण में खिलाड़ी लीग मैच से पहले प्रशिक्षण कर रहा है।,neutral,kabaddi,factual
5136,खिलाड़ी की प्लेऑफ में निराश करने वाला रणनीति काम नहीं आई।,negative,kabaddi,contextual
5137,युवा एथलीट की दौड़ में कमजोर रणनीति काम नहीं आई।,negative,athletics,contextual
5138,गोलकीपर ने मुकाबला में फीका खेल दिखाया और टीम को नुकसान हुआ।,negative,football,domain_context
5139,लंबे ब्रेक के बाद खिलाड़ी ने फाइनल में लाजवाब खेल दिखाकर जीत दर्ज की।,positive,tennis,contextual
5140,दबाव वाले मुकाबले में भारतीय शटलर मैच से पहले प्रशिक्षण कर रहा है।,neutral,badminton,factual
5141,दबाव वाले मुकाबले में खिलाड़ी गेम से पहले प्रशिक्षण कर रहा है।,neutral,badminton,factual
5142,विकेटकीपर ने मुकाबला में शानदार प्रदर्शन करते हुए मुकाबला अपने नाम कर लिया।,positive,cricket,paraphrase
5143,लंबे ब्रेक के बाद कप्तान ने प्लेऑफ में धमाकेदार खेल दिखाकर मुश्किल स्थिति से बाहर निकली।,positive,kabaddi,contextual
5144,लंबे ब्रेक के बाद डिफेंडर ने लीग मैच से पहले प्रशिक्षण पूरा किया।,neutral,football,domain_context
5145,युवा एथलीट की फाइनल में खराब रणनीति काम नहीं आई।,negative,athletics,contextual
5146,लगातार तीसरे मैच में भारतीय टीम ने फाइनल में धमाकेदार खेल दिखाकर मुश्किल स्थिति से बाहर निकली।,positive,kabaddi,contextual
5147,निर्णायक मैच में डिफेंडर का लीग मैच में निराशाजनक खेल टीम पर भारी पड़ा।,negative,hockey,contextual
5148,विकेटकीपर ने पारी में कमजोर प्रदर्शन किया और अपनी लय खो दी।,negative,cricket,paraphrase
5149,महत्वपूर्ण मौके पर जोड़ी का मैच में खराब खेल टीम पर भारी पड़ा।,negative,badminton,contextual
5150,महत्वपूर्ण मौके पर गेंदबाज ने मैच में उत्कृष्ट खेल दिखाकर दबदबा कायम रखा।,positive,cricket,contextual
5151,निर्णायक मैच में खिलाड़ी सेट से पहले प्रशिक्षण कर रहा है।,neutral,tennis,factual
5152,भारत ने मैच में निराशाजनक खेल दिखाया और टीम को नुकसान हुआ।,negative,cricket,domain_context
5153,लगातार तीसरे मैच में भारतीय टीम ने प्लेऑफ में धमाकेदार खेल दिखाकर दबदबा कायम रखा।,positive,kabaddi,contextual
5154,एथलीट प्रतियोगिता के लिए अगले दौर के लिए पहुंची।,neutral,athletics,neutral
5155,खिलाड़ी ने इवेंट में लचर प्रदर्शन किया और अपनी लय खो दी।,negative,athletics,paraphrase
5156,मैच लगातार तीसरे मैच में आयोजित होगा और विकेटकीपर इसमें हिस्सा लेगा।,neutral,cricket,factual
5157,भारतीय टीम ने फाइनल के लिए नया अभ्यास कार्यक्रम शुरू किया।,neutral,football,domain_context
5158,ओवर घरेलू मैदान पर आयोजित होगा और कप्तान इसमें हिस्सा लेगा।,neutral,cricket,factual
5159,फॉरवर्ड ने लीग मैच में बेहतरीन प्रदर्शन करते हुए दबदबा कायम रखा।,positive,hockey,paraphrase
5160,मुकाबला टूर्नामेंट के अहम चरण में आयोजित होगा और हॉकी टीम इसमें हिस्सा लेगा।,neutral,hockey,factual
5161,प्रशंसकों के सामने डिफेंडर ने प्लेऑफ में जबरदस्त खेल दिखाकर जीत दर्ज की।,positive,kabaddi,contextual
5162,टूर्नामेंट के अहम चरण में फॉरवर्ड का लीग मैच में निराशाजनक खेल टीम पर भारी पड़ा।,negative,football,contextual
5163,घरेलू मैदान पर गेंदबाज ने मुकाबला में उत्कृष्ट खेल दिखाकर दबदबा कायम रखा।,positive,cricket,contextual
5164,प्रशंसकों के सामने डिफेंडर ने फाइनल से पहले प्रशिक्षण पूरा किया।,neutral,football,domain_context
5165,गोलकीपर ने लीग मैच के लिए नया अभ्यास कार्यक्रम शुरू किया।,neutral,football,domain_context
5166,डिफेंडर अगले लीग मैच से पहले कोच के साथ बैठक करेगा।,neutral,hockey,domain_context
5167,मुकाबला निर्णायक मैच में आयोजित होगा और रेडर इसमें हिस्सा लेगा।,neutral,kabaddi,factual
5168,दबाव वाले मुकाबले में भारत ने रन चेज में बेहतरीन खेल दिखाकर मुश्किल स्थिति से बाहर निकली।,positive,cricket,contextual
5169,प्रशंसकों के सामने युवा खिलाड़ी ने मैच में उत्कृष्ट खेल दिखाकर शानदार वापसी की।,positive,tennis,contextual
5170,फाइनल दबाव वाले मुकाबले में आयोजित होगा और कप्तान इसमें हिस्सा लेगा।,neutral,football,factual
5171,फॉरवर्ड की सेमीफाइनल में लचर रणनीति काम नहीं आई।,negative,football,contextual
5172,आज जोड़ी का गेम में लचर खेल टीम पर भारी पड़ा।,negative,badminton,contextual
5173,घरेलू मैदान पर धाविका ने रेस में उत्कृष्ट खेल दिखाकर मुश्किल स्थिति से बाहर निकली।,positive,athletics,contextual
5174,खिलाड़ी ने इवेंट के लिए यात्रा कार्यक्रम साझा किया।,neutral,athletics,domain_context
5175,डिफेंडर की मैच में खराब रणनीति काम नहीं आई।,negative,hockey,contextual
5176,इस मुकाबले में भारतीय टीम ने लीग मैच में कमाल का खेल दिखाकर मुकाबला अपने नाम कर लिया।,positive,kabaddi,contextual
5177,धाविका ने दौड़ में खराब प्रदर्शन किया और दबाव में बिखर गई।,negative,athletics,paraphrase
5178,खिलाड़ी दबाव के कारण कठिन गेम में लय नहीं बना सका।,negative,badminton,domain_context
5179,दबाव वाले मुकाबले में कप्तान ने सेट में शानदार खेल दिखाकर दबदबा कायम रखा।,positive,tennis,contextual
5180,धाविका ने प्रतियोगिता में खराब प्रदर्शन किया और महत्वपूर्ण मौका गंवाया।,negative,athletics,paraphrase
5181,महत्वपूर्ण मौके पर युवा शटलर मुकाबला से पहले प्रशिक्षण कर रहा है।,neutral,badminton,factual
5182,टूर्नामेंट के अहम चरण में भारतीय टीम ने फाइनल में शानदार खेल दिखाकर दबदबा कायम रखा।,positive,football,contextual
5183,लगातार तीसरे मैच में कप्तान ने मैच में बेहतरीन खेल दिखाकर दबदबा कायम रखा।,positive,cricket,contextual
5184,प्रशंसकों के सामने गोलकीपर ने सेमीफाइनल में शानदार खेल दिखाकर मुकाबला अपने नाम कर लिया।,positive,football,contextual
5185,घरेलू मैदान पर कप्तान ने सेट में जबरदस्त खेल दिखाकर महत्वपूर्ण योगदान दिया।,positive,tennis,contextual
5186,खिलाड़ी ने सेट में कमजोर प्रदर्शन किया और महत्वपूर्ण मौका गंवाया।,negative,tennis,paraphrase
5187,रेडर ने प्लेऑफ में निराशाजनक प्रदर्शन किया और अपनी लय खो दी।,negative,kabaddi,paraphrase
5188,प्रशंसकों के सामने भारत का रन चेज में निराश करने वाला खेल टीम पर भारी पड़ा।,negative,cricket,contextual
5189,रेस घरेलू मैदान पर आयोजित होगा और एथलीट इसमें हिस्सा लेगा।,neutral,athletics,factual
5190,चैंपियन ने मैच में असंगत प्रदर्शन किया और उम्मीदों पर खरी नहीं उतरी।,negative,badminton,paraphrase
5191,महत्वपूर्ण मौके पर फॉरवर्ड ने लीग मैच में शानदार खेल दिखाकर महत्वपूर्ण योगदान दिया।,positive,hockey,contextual
5192,आज कप्तान ने फाइनल से पहले प्रशिक्षण पूरा किया।,neutral,tennis,domain_context
5193,इस मुकाबले में डिफेंडर ने मुकाबला में कमाल का खेल दिखाकर मुश्किल स्थिति से बाहर निकली।,positive,football,contextual
5194,बल्लेबाज ने मुकाबला के दौरान लगातार बेहतर निर्णय लिए।,positive,cricket,domain_context
5195,लंबे ब्रेक के बाद युवा शटलर का सेट में खराब खेल टीम पर भारी पड़ा।,negative,badminton,contextual
5196,लंबे ब्रेक के बाद एथलीट ने रेस से पहले प्रशिक्षण पूरा किया।,neutral,athletics,domain_context
5197,टूर्नामेंट के अहम चरण में डिफेंडर मुकाबला से पहले प्रशिक्षण कर रहा है।,neutral,football,factual
5198,सेमीफाइनल आज आयोजित होगा और भारतीय टीम इसमें हिस्सा लेगा।,neutral,hockey,factual
5199,फॉरवर्ड लीग मैच के लिए अभ्यास सत्र में शामिल हुई।,neutral,football,neutral
5200,निर्णायक मैच में भारतीय खिलाड़ी सेट से पहले प्रशिक्षण कर रहा है।,neutral,tennis,factual
5201,महत्वपूर्ण मौके पर भारतीय टीम ने सेमीफाइनल में बेहतरीन खेल दिखाकर मुश्किल स्थिति से बाहर निकली।,positive,football,contextual
5202,लगातार तीसरे मैच में भारतीय खिलाड़ी ने मैच में जबरदस्त खेल दिखाकर जीत दर्ज की।,positive,tennis,contextual
5203,टूर्नामेंट के अहम चरण में भारतीय टीम का पारी में असंगत खेल टीम पर भारी पड़ा।,negative,cricket,contextual
5204,इस मुकाबले में कप्तान ने रन चेज में बेहतरीन खेल दिखाकर जीत दर्ज की।,positive,cricket,contextual
5205,निर्णायक मैच में कप्तान ने फाइनल में जबरदस्त खेल दिखाकर दबदबा कायम रखा।,positive,football,contextual
5206,डिफेंडर लीग मैच के लिए रणनीति पर चर्चा कर रही है।,neutral,hockey,neutral
5207,घरेलू मैदान पर गोलकीपर का लीग मैच में कमजोर खेल टीम पर भारी पड़ा।,negative,hockey,contextual
5208,आज खिलाड़ी ने फाइनल में बेहतरीन खेल दिखाकर महत्वपूर्ण योगदान दिया।,positive,tennis,contextual
5209,धाविका ने प्रतियोगिता में लाजवाब खेल दिखाया और टीम को जीत दिलाई।,positive,athletics,domain_context
5210,टूर्नामेंट के अहम चरण में खिलाड़ी ने क्वार्टरफाइनल में कई आसान मौके गंवाए।,negative,tennis,domain_context
5211,आज कप्तान ने फाइनल में बेहतरीन खेल दिखाकर दबदबा कायम रखा।,positive,tennis,contextual
5212,भारतीय शटलर ने फाइनल में खराब प्रदर्शन किया और बढ़त गंवा दी।,negative,badminton,paraphrase
5213,युवा खिलाड़ी ने मैच में लचर प्रदर्शन किया और लगातार गलतियां कीं।,negative,tennis,paraphrase
5214,टूर्नामेंट के अहम चरण में खिलाड़ी ने लीग मैच में धमाकेदार खेल दिखाकर मुकाबला अपने नाम कर लिया।,positive,kabaddi,contextual
5215,महत्वपूर्ण मौके पर भारतीय धावक ने इवेंट से पहले प्रशिक्षण पूरा किया।,neutral,athletics,domain_context
5216,घरेलू मैदान पर धाविका ने इवेंट में यादगार खेल दिखाकर मुश्किल स्थिति से बाहर निकली।,positive,athletics,contextual
5217,टूर्नामेंट में अगले दौर का कार्यक्रम आयोजकों ने जारी किया।,neutral,multi-sport,domain_context
5218,घरेलू मैदान पर हॉकी टीम ने मुकाबला में कमाल का खेल दिखाकर मुकाबला अपने नाम कर लिया।,positive,hockey,contextual
5219,टूर्नामेंट के अहम चरण में चैंपियन ने मैच में लाजवाब खेल दिखाकर शानदार वापसी की।,positive,badminton,contextual
5220,एथलीट ने रेस में निराशाजनक प्रदर्शन किया और लगातार गलतियां कीं।,negative,athletics,paraphrase
5221,चैंपियन ने मुकाबला में निराशाजनक प्रदर्शन किया और दबाव में बिखर गई।,negative,badminton,paraphrase
5222,आज डिफेंडर ने फाइनल में लाजवाब खेल दिखाकर जीत दर्ज की।,positive,football,contextual
5223,लीग मैच दबाव वाले मुकाबले में आयोजित होगा और कप्तान इसमें हिस्सा लेगा।,neutral,football,factual
5224,दबाव वाले मुकाबले में कप्तान का फाइनल में असंगत खेल टीम पर भारी पड़ा।,negative,football,contextual
5225,आज धाविका का प्रतियोगिता में खराब खेल टीम पर भारी पड़ा।,negative,athletics,contextual
5226,लगातार तीसरे मैच में टेनिस स्टार ने सेट में उत्कृष्ट खेल दिखाकर मुकाबला अपने नाम कर लिया।,positive,tennis,contextual
5227,प्रशंसकों के सामने गोलकीपर ने लीग मैच में कमाल का खेल दिखाकर शानदार वापसी की।,positive,football,contextual
5228,निर्णायक मैच में युवा एथलीट ने प्रतियोगिता में शानदार खेल दिखाकर जीत दर्ज की।,positive,athletics,contextual
5229,डिफेंडर ने मुकाबला के लिए तैयारी शुरू कर दी।,neutral,hockey,factual
5230,घरेलू मैदान पर फॉरवर्ड का सेमीफाइनल में फीका खेल टीम पर भारी पड़ा।,negative,football,contextual
5231,लगातार तीसरे मैच में फॉरवर्ड का फाइनल में निराश करने वाला खेल टीम पर भारी पड़ा।,negative,football,contextual
5232,हॉकी टीम की फाइनल में निराशाजनक रणनीति काम नहीं आई।,negative,hockey,contextual
5233,खिलाड़ी ने मुकाबला में खराब प्रदर्शन किया और बढ़त गंवा दी।,negative,kabaddi,paraphrase
5234,दबाव वाले मुकाबले में भारतीय टीम ने सेमीफाइनल में धमाकेदार खेल दिखाकर मुश्किल स्थिति से बाहर निकली।,positive,hockey,contextual
5235,दबाव वाले मुकाबले में भारतीय शटलर का मैच में खराब खेल टीम पर भारी पड़ा।,negative,badminton,contextual
5236,प्रशंसकों के सामने फॉरवर्ड लीग मैच से पहले प्रशिक्षण कर रहा है।,neutral,hockey,factual
5237,बल्लेबाज ने मैच में निराशाजनक प्रदर्शन किया और अपनी लय खो दी।,negative,cricket,paraphrase
5238,फॉरवर्ड सेमीफाइनल के लिए मैच के लिए रवाना हुई।,neutral,football,neutral
5239,डिफेंडर ने सेमीफाइनल के लिए तैयारी शुरू कर दी।,neutral,football,factual
5240,प्रशंसकों के सामने भारतीय टीम का मुकाबला में निराश करने वाला खेल टीम पर भारी पड़ा।,negative,hockey,contextual
5241,मैच आज आयोजित होगा और रेडर इसमें हिस्सा लेगा।,neutral,kabaddi,factual
5242,दबाव वाले मुकाबले में गोलकीपर का सेमीफाइनल में असंगत खेल टीम पर भारी पड़ा।,negative,hockey,contextual
5243,महत्वपूर्ण मौके पर युवा खिलाड़ी सेट से पहले प्रशिक्षण कर रहा है।,neutral,tennis,factual
5244,लंबे ब्रेक के बाद भारतीय टीम ने फाइनल में धमाकेदार खेल दिखाकर जीत दर्ज की।,positive,hockey,contextual
5245,महत्वपूर्ण मौके पर भारतीय टीम ने मुकाबला में लाजवाब खेल दिखाकर महत्वपूर्ण योगदान दिया।,positive,hockey,contextual
5246,प्रशंसकों के सामने कप्तान का सेट में निराश करने वाला खेल टीम पर भारी पड़ा।,negative,tennis,contextual
5247,डिफेंडर ने फाइनल में कमजोर प्रदर्शन किया और महत्वपूर्ण मौका गंवाया।,negative,kabaddi,paraphrase
5248,लंबे ब्रेक के बाद खिलाड़ी ने फाइनल में कमाल का खेल दिखाकर जीत दर्ज की।,positive,kabaddi,contextual
5249,लगातार तीसरे मैच में खिलाड़ी ने सेट में बेहतरीन खेल दिखाकर दबदबा कायम रखा।,positive,tennis,contextual
5250,इस मुकाबले में भारतीय शटलर का फाइनल में फीका खेल टीम पर भारी पड़ा।,negative,badminton,contextual
5251,टूर्नामेंट के अहम चरण में कप्तान ने फाइनल में बेहतरीन खेल दिखाकर दबदबा कायम रखा।,positive,football,contextual
5252,गोलकीपर फाइनल के लिए मैच के लिए रवाना हुई।,neutral,hockey,neutral
5253,निर्णायक मैच में टेनिस स्टार मैच से पहले प्रशिक्षण कर रहा है।,neutral,tennis,factual
5254,भारतीय खिलाड़ी क्वार्टरफाइनल के लिए टूर्नामेंट में हिस्सा ले रही है।,neutral,tennis,neutral
5255,टूर्नामेंट के अहम चरण में भारतीय टीम का फाइनल में बेअसर खेल टीम पर भारी पड़ा।,negative,football,contextual
5256,महत्वपूर्ण मौके पर टेनिस स्टार ने सेट में उत्कृष्ट खेल दिखाकर लगातार अच्छा प्रदर्शन किया।,positive,tennis,contextual
5257,डिफेंडर ने मुकाबला में लचर प्रदर्शन किया और बढ़त गंवा दी।,negative,kabaddi,paraphrase
5258,धाविका फाइनल के लिए प्रशिक्षण जारी रखे हुए है।,neutral,athletics,neutral
5259,भारतीय टीम रन चेज के लिए अगले मुकाबले की तैयारी कर रही है।,neutral,cricket,neutral
5260,धाविका रेस के लिए टूर्नामेंट में हिस्सा ले रही है।,neutral,athletics,neutral
5261,कप्तान मुकाबला के लिए अभ्यास सत्र में शामिल हुई।,neutral,tennis,neutral
5262,कप्तान ने मैच के लिए तैयारी शुरू कर दी।,neutral,cricket,factual
5263,दबाव वाले मुकाबले में जोड़ी ने फाइनल में यादगार खेल दिखाकर मुकाबला अपने नाम कर लिया।,positive,badminton,contextual
5264,टूर्नामेंट के अहम चरण में डिफेंडर ने प्लेऑफ में धमाकेदार खेल दिखाकर जीत दर्ज की।,positive,kabaddi,contextual
5265,निर्णायक मैच में खिलाड़ी ने प्रतियोगिता में जबरदस्त खेल दिखाकर शानदार वापसी की।,positive,athletics,contextual
5266,डिफेंडर ने फाइनल में फीका प्रदर्शन किया और मुकाबला गंवा दिया।,negative,kabaddi,paraphrase
5267,हॉकी टीम ने फाइनल के लिए यात्रा कार्यक्रम साझा किया।,neutral,hockey,domain_context
5268,खिलाड़ी ने रेस में फीका प्रदर्शन किया और अपनी लय खो दी।,negative,athletics,paraphrase
5269,लंबे ब्रेक के बाद युवा एथलीट का प्रतियोगिता में निराशाजनक खेल टीम पर भारी पड़ा।,negative,athletics,contextual
5270,रेडर लीग मैच के लिए प्रशिक्षण जारी रखे हुए है।,neutral,kabaddi,neutral
5271,प्रशंसकों के सामने क्लब का लीग मैच में असंगत खेल टीम पर भारी पड़ा।,negative,football,contextual
5272,दबाव वाले मुकाबले में जोड़ी मुकाबला से पहले प्रशिक्षण कर रहा है।,neutral,badminton,factual
5273,इस मुकाबले में हॉकी टीम ने मुकाबला में बेहतरीन खेल दिखाकर शानदार वापसी की।,positive,hockey,contextual
5274,भारतीय टीम ने फाइनल में लचर प्रदर्शन किया और दबाव में बिखर गई।,negative,football,paraphrase
5275,भारतीय टीम ने मुकाबला में असंगत प्रदर्शन किया और उम्मीदों पर खरी नहीं उतरी।,negative,hockey,paraphrase
5276,दबाव वाले मुकाबले में भारतीय टीम ने लीग मैच में उत्कृष्ट खेल दिखाकर महत्वपूर्ण योगदान दिया।,positive,football,contextual
5277,हॉकी टीम ने मैच में फीका प्रदर्शन किया और उम्मीदों पर खरी नहीं उतरी।,negative,hockey,paraphrase
5278,मुकाबला लगातार तीसरे मैच में आयोजित होगा और क्लब इसमें हिस्सा लेगा।,neutral,football,factual
5279,कप्तान की सेट में कमजोर रणनीति काम नहीं आई।,negative,tennis,contextual
5280,आज भारतीय टीम ने प्लेऑफ में उत्कृष्ट खेल दिखाकर शानदार वापसी की।,positive,kabaddi,contextual
5281,लगातार तीसरे मैच में बल्लेबाज मुकाबला से पहले प्रशिक्षण कर रहा है।,neutral,cricket,factual
5282,लगातार तीसरे मैच में भारतीय धावक दौड़ से पहले प्रशिक्षण कर रहा है।,neutral,athletics,factual
5283,निर्णायक मैच में भारतीय धावक ने इवेंट में उत्कृष्ट खेल दिखाकर शानदार वापसी की।,positive,athletics,contextual
5284,दबाव वाले मुकाबले में युवा खिलाड़ी का मुकाबला में निराशाजनक खेल टीम पर भारी पड़ा।,negative,tennis,contextual
5285,खिलाड़ी ने लीग मैच में लचर प्रदर्शन किया और मुकाबला गंवा दिया।,negative,kabaddi,paraphrase
5286,दबाव वाले मुकाबले में भारतीय खिलाड़ी ने फाइनल में शानदार खेल दिखाकर शानदार वापसी की।,positive,tennis,contextual
5287,युवा एथलीट फाइनल के लिए प्रशिक्षण जारी रखे हुए है।,neutral,athletics,neutral
5288,फाइनल लंबे ब्रेक के बाद आयोजित होगा और युवा एथलीट इसमें हिस्सा लेगा।,neutral,athletics,factual
5289,टेनिस स्टार की चूक से मुकाबला में टीम की स्थिति बिगड़ गई।,negative,tennis,domain_context
5290,निर्णायक मैच में खिलाड़ी का मुकाबला में निराश करने वाला खेल टीम पर भारी पड़ा।,negative,kabaddi,contextual
5291,प्रशंसकों के सामने युवा खिलाड़ी मैच से पहले प्रशिक्षण कर रहा है।,neutral,tennis,factual
5292,इवेंट इस मुकाबले में आयोजित होगा और युवा एथलीट इसमें हिस्सा लेगा।,neutral,athletics,factual
5293,दबाव वाले मुकाबले में खिलाड़ी का फाइनल में फीका खेल टीम पर भारी पड़ा।,negative,athletics,contextual
5294,युवा खिलाड़ी ने क्वार्टरफाइनल में निराश करने वाला खेल दिखाया और टीम को नुकसान हुआ।,negative,tennis,domain_context
5295,लंबे ब्रेक के बाद युवा खिलाड़ी ने फाइनल में कई आसान मौके गंवाए।,negative,tennis,domain_context
5296,लंबे ब्रेक के बाद कप्तान लीग मैच से पहले प्रशिक्षण कर रहा है।,neutral,football,factual
5297,मैच निर्णायक मैच में आयोजित होगा और कप्तान इसमें हिस्सा लेगा।,neutral,cricket,factual
5298,प्रशंसकों के सामने कप्तान ने मैच में शानदार खेल दिखाकर मुकाबला अपने नाम कर लिया।,positive,tennis,contextual
5299,लगातार तीसरे मैच में फॉरवर्ड मुकाबला से पहले प्रशिक्षण कर रहा है।,neutral,hockey,factual
5300,आज डिफेंडर ने लीग मैच में यादगार खेल दिखाकर जीत दर्ज की।,positive,football,contextual
5301,महत्वपूर्ण मौके पर एथलीट दौड़ से पहले प्रशिक्षण कर रहा है।,neutral,athletics,factual
5302,लगातार तीसरे मैच में डिफेंडर ने प्लेऑफ में लाजवाब खेल दिखाकर महत्वपूर्ण योगदान दिया।,positive,kabaddi,contextual
5303,प्रशंसकों के सामने गोलकीपर ने मैच से पहले प्रशिक्षण पूरा किया।,neutral,football,domain_context
5304,लगातार तीसरे मैच में भारतीय टीम फाइनल से पहले प्रशिक्षण कर रहा है।,neutral,kabaddi,factual
5305,खिलाड़ी ने रेस में निराशाजनक प्रदर्शन किया और मुकाबला गंवा दिया।,negative,athletics,paraphrase
5306,भारतीय टीम ने सेमीफाइनल में कमजोर प्रदर्शन किया और लगातार गलतियां कीं।,negative,hockey,paraphrase
5307,लंबे ब्रेक के बाद भारतीय धावक ने प्रतियोगिता में लाजवाब खेल दिखाकर महत्वपूर्ण योगदान दिया।,positive,athletics,contextual
5308,लगातार तीसरे मैच में कप्तान ने सेमीफाइनल में धमाकेदार खेल दिखाकर शानदार वापसी की।,positive,football,contextual
5309,दबाव वाले मुकाबले में विकेटकीपर का रन चेज में बेअसर खेल टीम पर भारी पड़ा।,negative,cricket,contextual
5310,लंबे ब्रेक के बाद रेडर ने फाइनल में जबरदस्त खेल दिखाकर मुकाबला अपने नाम कर लिया।,positive,kabaddi,contextual
5311,लंबे ब्रेक के बाद गोलकीपर ने मैच में यादगार खेल दिखाकर दबदबा कायम रखा।,positive,hockey,contextual
5312,लीग मैच लगातार तीसरे मैच में आयोजित होगा और कप्तान इसमें हिस्सा लेगा।,neutral,kabaddi,factual
5313,लीग मैच लंबे ब्रेक के बाद आयोजित होगा और क्लब इसमें हिस्सा लेगा।,neutral,football,factual
5314,निर्णायक मैच में डिफेंडर ने फाइनल में लाजवाब खेल दिखाकर लगातार अच्छा प्रदर्शन किया।,positive,kabaddi,contextual
5315,इस मुकाबले में युवा शटलर का गेम में लचर खेल टीम पर भारी पड़ा।,negative,badminton,contextual
5316,डिफेंडर ने फाइनल में लचर प्रदर्शन किया और दबाव में बिखर गई।,negative,hockey,paraphrase
5317,आज खिलाड़ी ने प्रतियोगिता में जबरदस्त खेल दिखाकर दबदबा कायम रखा।,positive,athletics,contextual
5318,महत्वपूर्ण मौके पर डिफेंडर ने सेमीफाइनल में शानदार खेल दिखाकर दबदबा कायम रखा।,positive,hockey,contextual
5319,फॉरवर्ड मैच के लिए अगले दौर के लिए पहुंची।,neutral,hockey,neutral
5320,दबाव वाले मुकाबले में भारतीय टीम सेमीफाइनल से पहले प्रशिक्षण कर रहा है।,neutral,football,factual
5321,क्वार्टरफाइनल घरेलू मैदान पर आयोजित होगा और युवा खिलाड़ी इसमें हिस्सा लेगा।,neutral,tennis,factual
5322,लगातार तीसरे मैच में धाविका ने प्रतियोगिता में शानदार खेल दिखाकर शानदार वापसी की।,positive,athletics,contextual
5323,प्रशंसकों के सामने जोड़ी का मैच में असंगत खेल टीम पर भारी पड़ा।,negative,badminton,contextual
5324,निर्णायक मैच में गोलकीपर ने मुकाबला से पहले प्रशिक्षण पूरा किया।,neutral,hockey,domain_context
5325,लगातार तीसरे मैच में चैंपियन ने मुकाबला में धमाकेदार खेल दिखाकर महत्वपूर्ण योगदान दिया।,positive,badminton,contextual
5326,महत्वपूर्ण मौके पर भारतीय खिलाड़ी सेट से पहले प्रशिक्षण कर रहा है।,neutral,tennis,factual
5327,जोड़ी ने मुकाबला में उत्कृष्ट प्रदर्शन करते हुए मुकाबला अपने नाम कर लिया।,positive,badminton,paraphrase
5328,लंबे ब्रेक के बाद खिलाड़ी फाइनल से पहले प्रशिक्षण कर रहा है।,neutral,tennis,factual
5329,दौड़ इस मुकाबले में आयोजित होगा और भारतीय धावक इसमें हिस्सा लेगा।,neutral,athletics,factual
5330,प्रतियोगिता आज आयोजित होगा और एथलीट इसमें हिस्सा लेगा।,neutral,athletics,factual
5331,महत्वपूर्ण मौके पर बल्लेबाज ने रन चेज में जबरदस्त खेल दिखाकर महत्वपूर्ण योगदान दिया।,positive,cricket,contextual
5332,युवा शटलर के शानदार प्रदर्शन ने फाइनल का रुख बदल दिया।,positive,badminton,domain_context
5333,टेनिस स्टार अगले मुकाबला से पहले कोच के साथ बैठक करेगा।,neutral,tennis,domain_context
5334,दबाव वाले मुकाबले में टेनिस स्टार का सेट में निराशाजनक खेल टीम पर भारी पड़ा।,negative,tennis,contextual
5335,घरेलू मैदान पर युवा खिलाड़ी ने फाइनल में शानदार खेल दिखाकर मुकाबला अपने नाम कर लिया।,positive,tennis,contextual
5336,प्रशंसकों के सामने खिलाड़ी फाइनल से पहले प्रशिक्षण कर रहा है।,neutral,tennis,factual
5337,लगातार तीसरे मैच में क्लब ने सेमीफाइनल से पहले प्रशिक्षण पूरा किया।,neutral,football,domain_context
5338,प्रशंसकों के सामने क्लब फाइनल से पहले प्रशिक्षण कर रहा है।,neutral,football,factual
5339,कप्तान ने फाइनल में असंगत प्रदर्शन किया और उम्मीदों पर खरी नहीं उतरी।,negative,tennis,paraphrase
5340,निर्णायक मैच में भारतीय टीम मैच से पहले प्रशिक्षण कर रहा है।,neutral,cricket,factual
5341,सेमीफाइनल निर्णायक मैच में आयोजित होगा और डिफेंडर इसमें हिस्सा लेगा।,neutral,football,factual
5342,कप्तान रन चेज के लिए अभ्यास सत्र में शामिल हुई।,neutral,cricket,neutral
5343,महत्वपूर्ण मौके पर क्लब ने मैच में जबरदस्त खेल दिखाकर दबदबा कायम रखा।,positive,football,contextual
5344,प्रशंसकों के सामने भारतीय धावक रेस से पहले प्रशिक्षण कर रहा है।,neutral,athletics,factual
5345,इस मुकाबले में डिफेंडर का मैच में खराब खेल टीम पर भारी पड़ा।,negative,hockey,contextual
5346,इस मुकाबले में भारतीय खिलाड़ी ने सेट में लाजवाब खेल दिखाकर दबदबा कायम रखा।,positive,tennis,contextual
5347,लगातार तीसरे मैच में डिफेंडर फाइनल से पहले प्रशिक्षण कर रहा है।,neutral,hockey,factual
5348,प्रशंसकों के सामने हॉकी टीम का मुकाबला में लचर खेल टीम पर भारी पड़ा।,negative,hockey,contextual
5349,लगातार तीसरे मैच में खिलाड़ी ने मैच में बेहतरीन खेल दिखाकर जीत दर्ज की।,positive,badminton,contextual
5350,दबाव वाले मुकाबले में क्लब ने लीग मैच में लाजवाब खेल दिखाकर महत्वपूर्ण योगदान दिया।,positive,football,contextual
5351,एथलीट ने प्रतियोगिता में कमजोर प्रदर्शन किया और अपनी लय खो दी।,negative,athletics,paraphrase
5352,दबाव वाले मुकाबले में गोलकीपर ने सेमीफाइनल से पहले प्रशिक्षण पूरा किया।,neutral,hockey,domain_context
5353,घरेलू मैदान पर युवा एथलीट ने इवेंट में शानदार खेल दिखाकर महत्वपूर्ण योगदान दिया।,positive,athletics,contextual
5354,निर्णायक मैच में खिलाड़ी का सेट में लचर खेल टीम पर भारी पड़ा।,negative,tennis,contextual
5355,खिलाड़ी ने प्रतियोगिता के लिए तैयारी शुरू कर दी।,neutral,athletics,factual
5356,खिलाड़ी ने क्वार्टरफाइनल के लिए तैयारी शुरू कर दी।,neutral,tennis,factual
5357,महत्वपूर्ण मौके पर युवा शटलर ने मैच में उत्कृष्ट खेल दिखाकर मुश्किल स्थिति से बाहर निकली।,positive,badminton,contextual
5358,बल्लेबाज मैच के लिए मैच के लिए रवाना हुई।,neutral,cricket,neutral
5359,विकेटकीपर ओवर के लिए प्रशिक्षण जारी रखे हुए है।,neutral,cricket,neutral
5360,घरेलू मैदान पर डिफेंडर ने लीग मैच में उत्कृष्ट खेल दिखाकर दबदबा कायम रखा।,positive,football,contextual
5361,घरेलू मैदान पर चैंपियन ने मुकाबला में बेहतरीन खेल दिखाकर लगातार अच्छा प्रदर्शन किया।,positive,badminton,contextual
5362,गोलकीपर ने लीग मैच में कमजोर प्रदर्शन किया और अपनी लय खो दी।,negative,football,paraphrase
5363,दबाव वाले मुकाबले में भारतीय धावक का फाइनल में लचर खेल टीम पर भारी पड़ा।,negative,athletics,contextual
5364,इस मुकाबले में कप्तान मुकाबला से पहले प्रशिक्षण कर रहा है।,neutral,football,factual
5365,लगातार तीसरे मैच में भारतीय खिलाड़ी ने फाइनल में बेहतरीन खेल दिखाकर लगातार अच्छा प्रदर्शन किया।,positive,tennis,contextual
5366,इस मुकाबले में खिलाड़ी ने फाइनल से पहले प्रशिक्षण पूरा किया।,neutral,kabaddi,domain_context
5367,इस मुकाबले में कप्तान का फाइनल में फीका खेल टीम पर भारी पड़ा।,negative,tennis,contextual
5368,गेंदबाज पारी के लिए अभ्यास सत्र में शामिल हुई।,neutral,cricket,neutral
5369,आज गोलकीपर का लीग मैच में लचर खेल टीम पर भारी पड़ा।,negative,football,contextual
5370,विकेटकीपर ने मैच में असंगत प्रदर्शन किया और मुकाबला गंवा दिया।,negative,cricket,paraphrase
5371,लंबे ब्रेक के बाद हॉकी टीम ने लीग मैच में बेहतरीन खेल दिखाकर दबदबा कायम रखा।,positive,hockey,contextual
5372,निर्णायक मैच में रेडर ने लीग मैच में जबरदस्त खेल दिखाकर लगातार अच्छा प्रदर्शन किया।,positive,kabaddi,contextual
5373,चैंपियन ने मैच में निराशाजनक प्रदर्शन किया और मुकाबला गंवा दिया।,negative,badminton,paraphrase
5374,क्लब को मैच के लिए टीम में शामिल किया गया है।,neutral,football,domain_context
5375,लंबे ब्रेक के बाद डिफेंडर का फाइनल में फीका खेल टीम पर भारी पड़ा।,negative,kabaddi,contextual
5376,महत्वपूर्ण मौके पर गेंदबाज ने रन चेज में लाजवाब खेल दिखाकर शानदार वापसी की।,positive,cricket,contextual
5377,खिलाड़ी ने प्लेऑफ में कमजोर प्रदर्शन किया और मुकाबला गंवा दिया।,negative,kabaddi,paraphrase
5378,लगातार तीसरे मैच में डिफेंडर ने सेमीफाइनल में लाजवाब खेल दिखाकर जीत दर्ज की।,positive,football,contextual
5379,आज गेंदबाज ने मैच में यादगार खेल दिखाकर मुकाबला अपने नाम कर लिया।,positive,cricket,contextual
5380,दबाव वाले मुकाबले में डिफेंडर ने मैच में शानदार खेल दिखाकर जीत दर्ज की।,positive,hockey,contextual
5381,इस मुकाबले में फॉरवर्ड ने मैच से पहले प्रशिक्षण पूरा किया।,neutral,football,domain_context
5382,भारतीय टीम ने सेमीफाइनल में कमजोर प्रदर्शन किया और दबाव में बिखर गई।,negative,hockey,paraphrase
5383,टूर्नामेंट के अहम चरण में युवा खिलाड़ी का फाइनल में बेअसर खेल टीम पर भारी पड़ा।,negative,tennis,contextual
5384,प्रशंसकों के सामने भारतीय खिलाड़ी सेट से पहले प्रशिक्षण कर रहा है।,neutral,tennis,factual
5385,महत्वपूर्ण मौके पर युवा शटलर ने सेट में कई आसान मौके गंवाए।,negative,badminton,domain_context
5386,निर्णायक मैच में गोलकीपर का मैच में फीका खेल टीम पर भारी पड़ा।,negative,hockey,contextual
5387,लंबे ब्रेक के बाद चैंपियन ने मैच में उत्कृष्ट खेल दिखाकर महत्वपूर्ण योगदान दिया।,positive,badminton,contextual
5388,महत्वपूर्ण मौके पर भारतीय टीम का लीग मैच में असंगत खेल टीम पर भारी पड़ा।,negative,football,contextual
5389,घरेलू मैदान पर भारतीय धावक ने प्रतियोगिता में उत्कृष्ट खेल दिखाकर मुकाबला अपने नाम कर लिया।,positive,athletics,contextual
5390,डिफेंडर ने फाइनल में असंगत खेल दिखाया और टीम को नुकसान हुआ।,negative,hockey,domain_context
5391,टूर्नामेंट के अहम चरण में युवा खिलाड़ी का मैच में निराश करने वाला खेल टीम पर भारी पड़ा।,negative,tennis,contextual
5392,निर्णायक मैच में खिलाड़ी का गेम में असंगत खेल टीम पर भारी पड़ा।,negative,badminton,contextual
5393,फॉरवर्ड ने मुकाबला में कमजोर प्रदर्शन किया और अपनी लय खो दी।,negative,hockey,paraphrase
5394,दबाव वाले मुकाबले में गेंदबाज ओवर से पहले प्रशिक्षण कर रहा है।,neutral,cricket,factual
5395,खिलाड़ी की इवेंट में लचर रणनीति काम नहीं आई।,negative,athletics,contextual
5396,"Aaj, Team ne pressure mein solid finish kiya.",positive,multi-sport,code_mixed
5397,गेम लगातार तीसरे मैच में आयोजित होगा और चैंपियन इसमें हिस्सा लेगा।,neutral,badminton,factual
5398,रेडर मुकाबला के लिए मैच के लिए रवाना हुई।,neutral,kabaddi,neutral
5399,आज डिफेंडर ने फाइनल में जबरदस्त खेल दिखाकर जीत दर्ज की।,positive,kabaddi,contextual
5400,डिफेंडर ने सेमीफाइनल में लाजवाब प्रदर्शन करते हुए लगातार अच्छा प्रदर्शन किया।,positive,hockey,paraphrase
5401,प्रशंसकों के सामने खिलाड़ी ने मैच से पहले प्रशिक्षण पूरा किया।,neutral,tennis,domain_context
5402,आज डिफेंडर ने लीग मैच में कमाल का खेल दिखाकर दबदबा कायम रखा।,positive,kabaddi,contextual
5403,दबाव वाले मुकाबले में भारतीय टीम ने लीग मैच में बेहतरीन तालमेल के साथ जीत हासिल की।,positive,hockey,domain_context
5404,निर्णायक मैच में कप्तान ने सेट से पहले प्रशिक्षण पूरा किया।,neutral,tennis,domain_context
5405,प्रशंसकों के सामने एथलीट ने रेस में बेहतरीन खेल दिखाकर दबदबा कायम रखा।,positive,athletics,contextual
5406,टूर्नामेंट के अहम चरण में क्लब का मैच में असंगत खेल टीम पर भारी पड़ा।,negative,football,contextual
5407,कप्तान ने रन चेज में खराब प्रदर्शन किया और दबाव में बिखर गई।,negative,cricket,paraphrase
5408,लंबे ब्रेक के बाद खिलाड़ी ने मुकाबला में कमाल का खेल दिखाकर शानदार वापसी की।,positive,tennis,contextual
5409,लगातार तीसरे मैच में गोलकीपर मुकाबला से पहले प्रशिक्षण कर रहा है।,neutral,football,factual
5410,फॉरवर्ड ने सेमीफाइनल के लिए नया अभ्यास कार्यक्रम शुरू किया।,neutral,football,domain_context
5411,भारतीय शटलर गेम के लिए अगले मुकाबले की तैयारी कर रही है।,neutral,badminton,neutral
5412,घरेलू मैदान पर बल्लेबाज ने ओवर में शानदार खेल दिखाकर लगातार अच्छा प्रदर्शन किया।,positive,cricket,contextual
5413,प्रतियोगिता निर्णायक मैच में आयोजित होगा और खिलाड़ी इसमें हिस्सा लेगा।,neutral,athletics,factual
5414,घरेलू मैदान पर गोलकीपर ने सेमीफाइनल में यादगार खेल दिखाकर दबदबा कायम रखा।,positive,hockey,contextual
5415,लगातार तीसरे मैच में बल्लेबाज ने रन चेज में बेहतरीन खेल दिखाकर दबदबा कायम रखा।,positive,cricket,contextual
5416,टूर्नामेंट के अहम चरण में टेनिस स्टार मुकाबला से पहले प्रशिक्षण कर रहा है।,neutral,tennis,factual
5417,दबाव वाले मुकाबले में खिलाड़ी लीग मैच से पहले प्रशिक्षण कर रहा है।,neutral,kabaddi,factual
5418,घरेलू मैदान पर गोलकीपर का सेमीफाइनल में असंगत खेल टीम पर भारी पड़ा।,negative,football,contextual
5419,टूर्नामेंट के अहम चरण में युवा एथलीट का फाइनल में खराब खेल टीम पर भारी पड़ा।,negative,athletics,contextual
5420,निर्णायक मैच में टेनिस स्टार का फाइनल में निराश करने वाला खेल टीम पर भारी पड़ा।,negative,tennis,contextual
5421,भारतीय टीम सेमीफाइनल के लिए अगले मुकाबले की तैयारी कर रही है।,neutral,football,neutral
5422,धाविका ने फाइनल में बेअसर प्रदर्शन किया और महत्वपूर्ण मौका गंवाया।,negative,athletics,paraphrase
5423,भारतीय टीम ने लीग मैच में फीका प्रदर्शन किया और उम्मीदों पर खरी नहीं उतरी।,negative,football,paraphrase
5424,दबाव वाले मुकाबले में फॉरवर्ड ने लीग मैच में उत्कृष्ट खेल दिखाकर जीत दर्ज की।,positive,football,contextual
5425,दबाव वाले मुकाबले में चैंपियन ने सेट में यादगार खेल दिखाकर शानदार वापसी की।,positive,badminton,contextual
5426,भारत ने मैच में शानदार प्रदर्शन करते हुए मुकाबला अपने नाम कर लिया।,positive,cricket,paraphrase
5427,लगातार तीसरे मैच में गोलकीपर ने मुकाबला से पहले प्रशिक्षण पूरा किया।,neutral,football,domain_context
5428,डिफेंडर ने फाइनल में निराशाजनक प्रदर्शन किया और लगातार गलतियां कीं।,negative,hockey,paraphrase
5429,युवा एथलीट ने रेस में खराब प्रदर्शन किया और महत्वपूर्ण मौका गंवाया।,negative,athletics,paraphrase
5430,घरेलू मैदान पर युवा खिलाड़ी ने सेट में शानदार खेल दिखाकर शानदार वापसी की।,positive,tennis,contextual
5431,इस मुकाबले में खिलाड़ी ने क्वार्टरफाइनल से पहले प्रशिक्षण पूरा किया।,neutral,tennis,domain_context
5432,घरेलू मैदान पर फॉरवर्ड का फाइनल में खराब खेल टीम पर भारी पड़ा।,negative,hockey,contextual
5433,भारतीय धावक प्रतियोगिता के लिए रणनीति पर चर्चा कर रही है।,neutral,athletics,neutral
5434,दबाव वाले मुकाबले में कप्तान का पारी में असंगत खेल टीम पर भारी पड़ा।,negative,cricket,contextual
5435,निर्णायक मैच में युवा खिलाड़ी क्वार्टरफाइनल से पहले प्रशिक्षण कर रहा है।,neutral,tennis,factual
5436,महत्वपूर्ण मौके पर युवा शटलर मैच से पहले प्रशिक्षण कर रहा है।,neutral,badminton,factual
5437,घरेलू मैदान पर भारत का पारी में खराब खेल टीम पर भारी पड़ा।,negative,cricket,contextual
5438,आज भारत ने आज मैदान में धूम मचा दी।,positive,multi-sport,domain_context
5439,दबाव वाले मुकाबले में भारतीय खिलाड़ी ने मैच में कई आसान मौके गंवाए।,negative,tennis,domain_context
5440,दबाव वाले मुकाबले में डिफेंडर का सेमीफाइनल में बेअसर खेल टीम पर भारी पड़ा।,negative,hockey,contextual
5441,प्रशंसकों के सामने गेंदबाज ने पारी में उत्कृष्ट खेल दिखाकर मुकाबला अपने नाम कर लिया।,positive,cricket,contextual
5442,रेडर ने मैच में निराश करने वाला प्रदर्शन किया और मुकाबला गंवा दिया।,negative,kabaddi,paraphrase
5443,लीग मैच टूर्नामेंट के अहम चरण में आयोजित होगा और रेडर इसमें हिस्सा लेगा।,neutral,kabaddi,factual
5444,इस मुकाबले में युवा शटलर गेम से पहले प्रशिक्षण कर रहा है।,neutral,badminton,factual
5445,महत्वपूर्ण मौके पर युवा एथलीट ने इवेंट में यादगार खेल दिखाकर लगातार अच्छा प्रदर्शन किया।,positive,athletics,contextual
5446,मुकाबला टूर्नामेंट के अहम चरण में आयोजित होगा और भारतीय टीम इसमें हिस्सा लेगा।,neutral,cricket,factual
5447,खिलाड़ी मैच के लिए टूर्नामेंट में हिस्सा ले रही है।,neutral,tennis,neutral
5448,घरेलू मैदान पर खिलाड़ी का सेट में असंगत खेल टीम पर भारी पड़ा।,negative,badminton,contextual
5449,दबाव वाले मुकाबले में भारतीय शटलर ने सेट में शानदार खेल दिखाकर मुश्किल स्थिति से बाहर निकली।,positive,badminton,contextual
5450,महत्वपूर्ण मौके पर गोलकीपर का लीग मैच में लचर खेल टीम पर भारी पड़ा।,negative,hockey,contextual
5451,लगातार तीसरे मैच में खिलाड़ी ने प्रतियोगिता में कई आसान मौके गंवाए।,negative,athletics,domain_context
5452,युवा खिलाड़ी ने मुकाबला में धमाकेदार प्रदर्शन करते हुए लगातार अच्छा प्रदर्शन किया।,positive,tennis,paraphrase
5453,मुकाबला लंबे ब्रेक के बाद आयोजित होगा और बल्लेबाज इसमें हिस्सा लेगा।,neutral,cricket,factual
5454,फाइनल प्रशंसकों के सामने आयोजित होगा और हॉकी टीम इसमें हिस्सा लेगा।,neutral,hockey,factual
5455,निर्णायक मैच में भारतीय खिलाड़ी ने मुकाबला में बेहतरीन खेल दिखाकर जीत दर्ज की।,positive,tennis,contextual
5456,इस मुकाबले में गेंदबाज ने ओवर में उत्कृष्ट खेल दिखाकर महत्वपूर्ण योगदान दिया।,positive,cricket,contextual
5457,भारतीय टीम ने सीरीज में निराश करने वाला खेल दिखाया और टीम को नुकसान हुआ।,negative,cricket,domain_context
5458,लगातार तीसरे मैच में विकेटकीपर ने ओवर में शानदार खेल दिखाकर शानदार वापसी की।,positive,cricket,contextual
5459,निर्णायक मैच में कप्तान ने फाइनल में यादगार खेल दिखाकर जीत दर्ज की।,positive,tennis,contextual
5460,मुकाबला लगातार तीसरे मैच में आयोजित होगा और भारतीय शटलर इसमें हिस्सा लेगा।,neutral,badminton,factual
5461,महत्वपूर्ण मौके पर डिफेंडर का लीग मैच में लचर खेल टीम पर भारी पड़ा।,negative,kabaddi,contextual
5462,भारतीय खिलाड़ी सेट के लिए रणनीति पर चर्चा कर रही है।,neutral,tennis,neutral
5463,लंबे ब्रेक के बाद भारतीय धावक दौड़ से पहले प्रशिक्षण कर रहा है।,neutral,athletics,factual
5464,आज भारतीय धावक ने इवेंट में जबरदस्त खेल दिखाकर मुकाबला अपने नाम कर लिया।,positive,athletics,contextual
5465,कप्तान ने लीग मैच में लाजवाब खेल दिखाया और टीम को जीत दिलाई।,positive,kabaddi,domain_context
5466,खिलाड़ी ने मैच में निराशाजनक प्रदर्शन किया और उम्मीदों पर खरी नहीं उतरी।,negative,badminton,paraphrase
5467,इस मुकाबले में भारतीय टीम का मुकाबला में निराश करने वाला खेल टीम पर भारी पड़ा।,negative,football,contextual
5468,दबाव वाले मुकाबले में खिलाड़ी मुकाबला से पहले प्रशिक्षण कर रहा है।,neutral,tennis,factual
5469,कप्तान लीग मैच के लिए अगले मुकाबले की तैयारी कर रही है।,neutral,kabaddi,neutral
5470,निर्णायक मैच में क्लब का लीग मैच में लचर खेल टीम पर भारी पड़ा।,negative,football,contextual
5471,खिलाड़ी अगले मुकाबला से पहले कोच के साथ बैठक करेगा।,neutral,badminton,domain_context
5472,टूर्नामेंट के अहम चरण में डिफेंडर का सेमीफाइनल में बेअसर खेल टीम पर भारी पड़ा।,negative,hockey,contextual
5473,दबाव वाले मुकाबले में रेडर का लीग मैच में बेअसर खेल टीम पर भारी पड़ा।,negative,kabaddi,contextual
5474,टूर्नामेंट के अहम चरण में जोड़ी ने मैच में लाजवाब खेल दिखाकर लगातार अच्छा प्रदर्शन किया।,positive,badminton,contextual
5475,घरेलू मैदान पर गोलकीपर ने सेमीफाइनल में धमाकेदार खेल दिखाकर मुकाबला अपने नाम कर लिया।,positive,hockey,contextual
5476,भारतीय शटलर ने मुकाबला में खराब प्रदर्शन किया और दबाव में बिखर गई।,negative,badminton,paraphrase
5477,इस मुकाबले में विकेटकीपर रन चेज से पहले प्रशिक्षण कर रहा है।,neutral,cricket,factual
5478,इवेंट आज आयोजित होगा और एथलीट इसमें हिस्सा लेगा।,neutral,athletics,factual
5479,घरेलू मैदान पर भारतीय टीम ने मैच में बेहतरीन खेल दिखाकर दबदबा कायम रखा।,positive,kabaddi,contextual
5480,प्रशंसकों के सामने खिलाड़ी ने मुकाबला में शानदार खेल दिखाकर दबदबा कायम रखा।,positive,badminton,contextual
5481,आज भारतीय खिलाड़ी का मैच में असंगत खेल टीम पर भारी पड़ा।,negative,tennis,contextual
5482,इस मुकाबले में रेडर का मुकाबला में फीका खेल टीम पर भारी पड़ा।,negative,kabaddi,contextual
5483,घरेलू मैदान पर डिफेंडर ने सेमीफाइनल में शानदार खेल दिखाकर दबदबा कायम रखा।,positive,hockey,contextual
5484,दबाव वाले मुकाबले में विकेटकीपर का मैच में कमजोर खेल टीम पर भारी पड़ा।,negative,cricket,contextual
5485,प्रशंसकों के सामने गोलकीपर फाइनल से पहले प्रशिक्षण कर रहा है।,neutral,hockey,factual
5486,रेडर ने फाइनल में लाजवाब खेल दिखाया और टीम को जीत दिलाई।,positive,kabaddi,domain_context
5487,टूर्नामेंट के अहम चरण में भारतीय शटलर ने गेम में जबरदस्त खेल दिखाकर मुकाबला अपने नाम कर लिया।,positive,badminton,contextual
5488,प्रशंसकों के सामने फॉरवर्ड सेमीफाइनल से पहले प्रशिक्षण कर रहा है।,neutral,football,factual
5489,फॉरवर्ड की सेमीफाइनल में कमजोर रणनीति काम नहीं आई।,negative,hockey,contextual
5490,घरेलू मैदान पर क्लब सेमीफाइनल से पहले प्रशिक्षण कर रहा है।,neutral,football,factual
5491,महत्वपूर्ण मौके पर कप्तान ने मैच में बेहतरीन खेल दिखाकर जीत दर्ज की।,positive,kabaddi,contextual
5492,एथलीट ने दौड़ में लाजवाब प्रदर्शन करते हुए मुश्किल स्थिति से बाहर निकली।,positive,athletics,paraphrase
5493,घरेलू मैदान पर डिफेंडर ने लीग मैच में यादगार खेल दिखाकर लगातार अच्छा प्रदर्शन किया।,positive,hockey,contextual
5494,भारतीय खिलाड़ी ने क्वार्टरफाइनल में लचर प्रदर्शन किया और उम्मीदों पर खरी नहीं उतरी।,negative,tennis,paraphrase
5495,निर्णायक मैच में खिलाड़ी का मुकाबला में असंगत खेल टीम पर भारी पड़ा।,negative,tennis,contextual
5496,दबाव वाले मुकाबले में खिलाड़ी ने क्वार्टरफाइनल में यादगार खेल दिखाकर जीत दर्ज की।,positive,tennis,contextual
5497,लगातार तीसरे मैच में भारतीय शटलर का मैच में असंगत खेल टीम पर भारी पड़ा।,negative,badminton,contextual
5498,घरेलू मैदान पर विकेटकीपर ने मैच में उत्कृष्ट खेल दिखाकर मुकाबला अपने नाम कर लिया।,positive,cricket,contextual
5499,सेमीफाइनल प्रशंसकों के सामने आयोजित होगा और फॉरवर्ड इसमें हिस्सा लेगा।,neutral,football,factual
5500,टूर्नामेंट के अहम चरण में भारतीय टीम ने मुकाबला में जबरदस्त खेल दिखाकर महत्वपूर्ण योगदान दिया।,positive,cricket,contextual
5501,कप्तान मैच के लिए टूर्नामेंट में हिस्सा ले रही है।,neutral,cricket,neutral
5502,मुकाबला निर्णायक मैच में आयोजित होगा और भारतीय शटलर इसमें हिस्सा लेगा।,neutral,badminton,factual
5503,खिलाड़ी ने लीग मैच में फीका प्रदर्शन किया और लगातार गलतियां कीं।,negative,kabaddi,paraphrase
5504,इवेंट महत्वपूर्ण मौके पर आयोजित होगा और एथलीट इसमें हिस्सा लेगा।,neutral,athletics,factual
5505,प्रशंसकों के सामने कप्तान ने सेट में बेहतरीन खेल दिखाकर मुकाबला अपने नाम कर लिया।,positive,tennis,contextual
5506,हॉकी टीम ने मैच में निराश करने वाला प्रदर्शन किया और अपनी लय खो दी।,negative,hockey,paraphrase
5507,महत्वपूर्ण मौके पर भारतीय शटलर का मैच में निराश करने वाला खेल टीम पर भारी पड़ा।,negative,badminton,contextual
5508,भारतीय शटलर ने सेट में शानदार प्रदर्शन करते हुए दबदबा कायम रखा।,positive,badminton,paraphrase
5509,टूर्नामेंट के अहम चरण में कप्तान ने मुकाबला में बेहतरीन खेल दिखाकर मुश्किल स्थिति से बाहर निकली।,positive,tennis,contextual
5510,फॉरवर्ड फाइनल के लिए टूर्नामेंट में हिस्सा ले रही है।,neutral,football,neutral
5511,खिलाड़ी ने रेस में शानदार प्रदर्शन करते हुए मुश्किल स्थिति से बाहर निकली।,positive,athletics,paraphrase
5512,भारतीय शटलर की टीम मुकाबला के लिए अपनी अंतिम सूची तैयार कर रही है।,neutral,badminton,domain_context
5513,खिलाड़ी प्रतियोगिता के लिए अगले दौर के लिए पहुंची।,neutral,athletics,neutral
5514,आज विकेटकीपर का मैच में लचर खेल टीम पर भारी पड़ा।,negative,cricket,contextual
5515,धाविका ने प्रतियोगिता में कमजोर प्रदर्शन किया और महत्वपूर्ण मौका गंवाया।,negative,athletics,paraphrase
5516,बल्लेबाज ने ओवर के लिए तैयारी शुरू कर दी।,neutral,cricket,factual
5517,लगातार तीसरे मैच में रेडर ने लीग मैच में शानदार खेल दिखाकर शानदार वापसी की।,positive,kabaddi,contextual
5518,फॉरवर्ड ने मुकाबला में कमजोर प्रदर्शन किया और उम्मीदों पर खरी नहीं उतरी।,negative,hockey,paraphrase
5519,खिलाड़ी गेम के लिए टूर्नामेंट में हिस्सा ले रही है।,neutral,badminton,neutral
5520,प्रशंसकों के सामने कप्तान ने ओवर में बेहतरीन खेल दिखाकर लगातार अच्छा प्रदर्शन किया।,positive,cricket,contextual
5521,खिलाड़ी ने रेस में बेहतरीन प्रदर्शन करते हुए मुश्किल स्थिति से बाहर निकली।,positive,athletics,paraphrase
5522,दबाव वाले मुकाबले में धाविका रेस से पहले प्रशिक्षण कर रहा है।,neutral,athletics,factual
5523,आज कप्तान ने फाइनल में उत्कृष्ट खेल दिखाकर दबदबा कायम रखा।,positive,football,contextual
5524,डिफेंडर ने फाइनल के लिए तैयारी शुरू कर दी।,neutral,football,factual
5525,गोलकीपर ने फाइनल में निराश करने वाला प्रदर्शन किया और बढ़त गंवा दी।,negative,football,paraphrase
5526,लंबे ब्रेक के बाद भारतीय टीम मुकाबला से पहले प्रशिक्षण कर रहा है।,neutral,hockey,factual
5527,लगातार तीसरे मैच में चैंपियन ने गेम में यादगार खेल दिखाकर लगातार अच्छा प्रदर्शन किया।,positive,badminton,contextual
5528,भारतीय धावक ने प्रतियोगिता में निराशाजनक प्रदर्शन किया और उम्मीदों पर खरी नहीं उतरी।,negative,athletics,paraphrase
5529,एथलीट ने प्रतियोगिता में असंगत प्रदर्शन किया और उम्मीदों पर खरी नहीं उतरी।,negative,athletics,paraphrase
5530,भारतीय टीम ने लीग मैच में बेअसर प्रदर्शन किया और लगातार गलतियां कीं।,negative,hockey,paraphrase
5531,टूर्नामेंट के अहम चरण में चैंपियन ने मैच में बेहतरीन खेल दिखाकर मुकाबला अपने नाम कर लिया।,positive,badminton,contextual
5532,इस मुकाबले में भारतीय शटलर ने फाइनल में शानदार खेल दिखाकर दबदबा कायम रखा।,positive,badminton,contextual
5533,दबाव वाले मुकाबले में हॉकी टीम ने लीग मैच में उत्कृष्ट खेल दिखाकर शानदार वापसी की।,positive,hockey,contextual
5534,गेंदबाज ने मैच के लिए यात्रा कार्यक्रम साझा किया।,neutral,cricket,domain_context
5535,विकेटकीपर सीरीज के लिए अगले दौर के लिए पहुंची।,neutral,cricket,neutral
5536,इस मुकाबले में खिलाड़ी का प्रतियोगिता में निराश करने वाला खेल टीम पर भारी पड़ा।,negative,athletics,contextual
5537,निर्णायक मैच में बल्लेबाज ने मुकाबला में कमाल का खेल दिखाकर जीत दर्ज की।,positive,cricket,contextual
5538,डिफेंडर ने फाइनल में असंगत प्रदर्शन किया और मुकाबला गंवा दिया।,negative,football,paraphrase
5539,निर्णायक मैच में युवा खिलाड़ी मैच से पहले प्रशिक्षण कर रहा है।,neutral,tennis,factual
5540,महत्वपूर्ण मौके पर खिलाड़ी ने गेम में शानदार खेल दिखाकर मुश्किल स्थिति से बाहर निकली।,positive,badminton,contextual
5541,प्रशंसकों के सामने युवा शटलर ने सेट में धमाकेदार खेल दिखाकर शानदार वापसी की।,positive,badminton,contextual
5542,लगातार तीसरे मैच में भारतीय टीम मैच से पहले प्रशिक्षण कर रहा है।,neutral,football,factual
5543,डिफेंडर ने सेमीफाइनल में फीका प्रदर्शन किया और मुकाबला गंवा दिया।,negative,football,paraphrase
5544,टूर्नामेंट के अहम चरण में जोड़ी का फाइनल में बेअसर खेल टीम पर भारी पड़ा।,negative,badminton,contextual
5545,टूर्नामेंट के अहम चरण में रेडर ने मुकाबला में धमाकेदार खेल दिखाकर महत्वपूर्ण योगदान दिया।,positive,kabaddi,contextual
5546,निर्णायक मैच में भारतीय टीम ने मैच में जबरदस्त खेल दिखाकर दबदबा कायम रखा।,positive,cricket,contextual
5547,एथलीट ने दौड़ में खराब प्रदर्शन किया और दबाव में बिखर गई।,negative,athletics,paraphrase
5548,इस मुकाबले में भारतीय धावक ने प्रतियोगिता में धमाकेदार खेल दिखाकर महत्वपूर्ण योगदान दिया।,positive,athletics,contextual
5549,दबाव वाले मुकाबले में खिलाड़ी ने प्रतियोगिता में यादगार खेल दिखाकर महत्वपूर्ण योगदान दिया।,positive,athletics,contextual
5550,प्रशंसकों के सामने भारतीय टीम ने ओवर से पहले प्रशिक्षण पूरा किया।,neutral,cricket,domain_context
5551,इस मुकाबले में विकेटकीपर ने मैच में बेहतरीन खेल दिखाकर लगातार अच्छा प्रदर्शन किया।,positive,cricket,contextual
5552,आज एथलीट ने इवेंट में उत्कृष्ट खेल दिखाकर लगातार अच्छा प्रदर्शन किया।,positive,athletics,contextual
5553,प्रशंसकों के सामने धाविका ने प्रतियोगिता में जबरदस्त खेल दिखाकर लगातार अच्छा प्रदर्शन किया।,positive,athletics,contextual
5554,दबाव वाले मुकाबले में कप्तान ने रन चेज में शानदार खेल दिखाकर जीत दर्ज की।,positive,cricket,contextual
5555,निर्णायक मैच में युवा शटलर ने सेट में जबरदस्त खेल दिखाकर मुश्किल स्थिति से बाहर निकली।,positive,badminton,contextual
5556,कप्तान ने मैच में कमाल का प्रदर्शन करते हुए महत्वपूर्ण योगदान दिया।,positive,kabaddi,paraphrase
5557,भारतीय टीम सीरीज के लिए मैच के लिए रवाना हुई।,neutral,cricket,neutral
5558,डिफेंडर ने फाइनल में निराश करने वाला प्रदर्शन किया और अपनी लय खो दी।,negative,hockey,paraphrase
5559,महत्वपूर्ण मौके पर गेंदबाज ने पारी में जबरदस्त खेल दिखाकर जीत दर्ज की।,positive,cricket,contextual
5560,आज एथलीट रेस से पहले प्रशिक्षण कर रहा है।,neutral,athletics,factual
5561,गेम दबाव वाले मुकाबले में आयोजित होगा और चैंपियन इसमें हिस्सा लेगा।,neutral,badminton,factual
5562,घरेलू मैदान पर खिलाड़ी ने मैच में बेहतरीन खेल दिखाकर मुकाबला अपने नाम कर लिया।,positive,tennis,contextual
5563,सेट लगातार तीसरे मैच में आयोजित होगा और टेनिस स्टार इसमें हिस्सा लेगा।,neutral,tennis,factual
5564,दबाव वाले मुकाबले में भारतीय खिलाड़ी मुकाबला से पहले प्रशिक्षण कर रहा है।,neutral,tennis,factual
5565,महत्वपूर्ण मौके पर भारतीय टीम ने प्लेऑफ से पहले प्रशिक्षण पूरा किया।,neutral,kabaddi,domain_context
5566,घरेलू मैदान पर रेडर ने मैच में कमाल का खेल दिखाकर दबदबा कायम रखा।,positive,kabaddi,contextual
5567,लगातार तीसरे मैच में डिफेंडर ने फाइनल में कमाल का खेल दिखाकर मुश्किल स्थिति से बाहर निकली।,positive,kabaddi,contextual
5568,घरेलू मैदान पर डिफेंडर ने लीग मैच में धमाकेदार खेल दिखाकर जीत दर्ज की।,positive,hockey,contextual
5569,लंबे ब्रेक के बाद खिलाड़ी दौड़ से पहले प्रशिक्षण कर रहा है।,neutral,athletics,factual
5570,कप्तान ने फाइनल के लिए यात्रा कार्यक्रम साझा किया।,neutral,tennis,domain_context
5571,टूर्नामेंट के अहम चरण में खिलाड़ी का क्वार्टरफाइनल में निराशाजनक खेल टीम पर भारी पड़ा।,negative,tennis,contextual
5572,लगातार तीसरे मैच में खिलाड़ी ने फाइनल से पहले प्रशिक्षण पूरा किया।,neutral,tennis,domain_context
5573,निर्णायक मैच में हॉकी टीम ने लीग मैच में यादगार खेल दिखाकर लगातार अच्छा प्रदर्शन किया।,positive,hockey,contextual
5574,फाइनल दबाव वाले मुकाबले में आयोजित होगा और भारतीय शटलर इसमें हिस्सा लेगा।,neutral,badminton,factual
5575,लगातार तीसरे मैच में भारत रन चेज से पहले प्रशिक्षण कर रहा है।,neutral,cricket,factual
5576,खिलाड़ी के क्वार्टरफाइनल में शानदार प्रदर्शन से टीम को फायदा हुआ।,positive,tennis,contextual
5577,लगातार तीसरे मैच में भारतीय धावक का इवेंट में निराशाजनक खेल टीम पर भारी पड़ा।,negative,athletics,contextual
5578,टूर्नामेंट में प्रदर्शन उम्मीद के मुताबिक नहीं रहा।,negative,multi-sport,domain_context
5579,गेंदबाज पारी के लिए प्रशिक्षण जारी रखे हुए है।,neutral,cricket,neutral
5580,मैच टूर्नामेंट के अहम चरण में आयोजित होगा और गोलकीपर इसमें हिस्सा लेगा।,neutral,football,factual
5581,दबाव वाले मुकाबले में जोड़ी ने मुकाबला में उत्कृष्ट खेल दिखाकर जीत दर्ज की।,positive,badminton,contextual
5582,महत्वपूर्ण मौके पर कप्तान ने मैच से पहले प्रशिक्षण पूरा किया।,neutral,cricket,domain_context
5583,महत्वपूर्ण मौके पर फॉरवर्ड का फाइनल में बेअसर खेल टीम पर भारी पड़ा।,negative,hockey,contextual
5584,महत्वपूर्ण मौके पर खिलाड़ी ने फाइनल में बेहतरीन खेल दिखाकर महत्वपूर्ण योगदान दिया।,positive,tennis,contextual
5585,लंबे ब्रेक के बाद जोड़ी ने फाइनल में जबरदस्त खेल दिखाकर महत्वपूर्ण योगदान दिया।,positive,badminton,contextual
5586,कप्तान ने लीग मैच में फीका प्रदर्शन किया और लगातार गलतियां कीं।,negative,football,paraphrase
5587,लंबे ब्रेक के बाद हॉकी टीम ने सेमीफाइनल में धमाकेदार खेल दिखाकर मुश्किल स्थिति से बाहर निकली।,positive,hockey,contextual
5588,लंबे ब्रेक के बाद खिलाड़ी ने मैच में कमाल का खेल दिखाकर मुकाबला अपने नाम कर लिया।,positive,badminton,contextual
5589,महत्वपूर्ण मौके पर हॉकी टीम लीग मैच से पहले प्रशिक्षण कर रहा है।,neutral,hockey,factual
5590,लगातार तीसरे मैच में भारतीय टीम ने मुकाबला में लाजवाब खेल दिखाकर शानदार वापसी की।,positive,football,contextual
5591,प्रशंसकों के सामने खिलाड़ी का मुकाबला में असंगत खेल टीम पर भारी पड़ा।,negative,tennis,contextual
5592,इस मुकाबले में खिलाड़ी का मैच में फीका खेल टीम पर भारी पड़ा।,negative,kabaddi,contextual
5593,लीग मैच निर्णायक मैच में आयोजित होगा और भारतीय टीम इसमें हिस्सा लेगा।,neutral,football,factual
5594,भारतीय टीम ने मुकाबला में उत्कृष्ट खेल दिखाया और टीम को जीत दिलाई।,positive,hockey,domain_context
5595,डिफेंडर ने फाइनल में जबरदस्त प्रदर्शन करते हुए मुकाबला अपने नाम कर लिया।,positive,kabaddi,paraphrase
5596,टूर्नामेंट के अहम चरण में रेडर का मैच में कमजोर खेल टीम पर भारी पड़ा।,negative,kabaddi,contextual
5597,दबाव वाले मुकाबले में डिफेंडर ने प्लेऑफ में यादगार खेल दिखाकर महत्वपूर्ण योगदान दिया।,positive,kabaddi,contextual
5598,आज भारतीय टीम ने सेमीफाइनल में शानदार खेल दिखाकर लगातार अच्छा प्रदर्शन किया।,positive,football,contextual
5599,लंबे ब्रेक के बाद विकेटकीपर ने ओवर में शानदार खेल दिखाकर मुश्किल स्थिति से बाहर निकली।,positive,cricket,contextual
5600,लीग मैच दबाव वाले मुकाबले में आयोजित होगा और खिलाड़ी इसमें हिस्सा लेगा।,neutral,kabaddi,factual
5601,इस मुकाबले में कप्तान ने रन चेज में जबरदस्त खेल दिखाकर मुश्किल स्थिति से बाहर निकली।,positive,cricket,contextual
5602,इस मुकाबले में बल्लेबाज रन चेज से पहले प्रशिक्षण कर रहा है।,neutral,cricket,factual
5603,निर्णायक मैच में भारतीय धावक का प्रतियोगिता में खराब खेल टीम पर भारी पड़ा।,negative,athletics,contextual
5604,जोड़ी ने मैच में असंगत प्रदर्शन किया और दबाव में बिखर गई।,negative,badminton,paraphrase
5605,गेंदबाज पारी के लिए मैच के लिए रवाना हुई।,neutral,cricket,neutral
5606,भारतीय टीम ने सेमीफाइनल में लचर प्रदर्शन किया और महत्वपूर्ण मौका गंवाया।,negative,hockey,paraphrase
5607,भारतीय टीम के शानदार प्रदर्शन ने लीग मैच का रुख बदल दिया।,positive,football,domain_context
5608,टूर्नामेंट में हमारी टीम ने विरोधी को पूरी तरह दबा दिया।,positive,multi-sport,domain_context
5609,इवेंट निर्णायक मैच में आयोजित होगा और खिलाड़ी इसमें हिस्सा लेगा।,neutral,athletics,factual
5610,महत्वपूर्ण मौके पर डिफेंडर का लीग मैच में निराश करने वाला खेल टीम पर भारी पड़ा।,negative,kabaddi,contextual
5611,डिफेंडर लीग मैच के लिए प्रशिक्षण जारी रखे हुए है।,neutral,kabaddi,neutral
5612,लंबे ब्रेक के बाद विकेटकीपर सीरीज से पहले प्रशिक्षण कर रहा है।,neutral,cricket,factual
5613,भारतीय टीम के मैच में कमाल का प्रदर्शन से टीम को फायदा हुआ।,positive,hockey,contextual
5614,इस मुकाबले में हॉकी टीम मुकाबला से पहले प्रशिक्षण कर रहा है।,neutral,hockey,factual
5615,लगातार तीसरे मैच में कप्तान ने पारी में बेहतरीन तालमेल के साथ जीत हासिल की।,positive,cricket,domain_context
5616,इस मुकाबले में खिलाड़ी का प्लेऑफ में निराशाजनक खेल टीम पर भारी पड़ा।,negative,kabaddi,contextual
5617,महत्वपूर्ण मौके पर टेनिस स्टार का सेट में बेअसर खेल टीम पर भारी पड़ा।,negative,tennis,contextual
5618,पारी दबाव वाले मुकाबले में आयोजित होगा और भारत इसमें हिस्सा लेगा।,neutral,cricket,factual
5619,दबाव वाले मुकाबले में हॉकी टीम लीग मैच से पहले प्रशिक्षण कर रहा है।,neutral,hockey,factual
5620,कप्तान ने मैच में जबरदस्त प्रदर्शन करते हुए लगातार अच्छा प्रदर्शन किया।,positive,kabaddi,paraphrase
5621,चैंपियन मैच के लिए अगले मुकाबले की तैयारी कर रही है।,neutral,badminton,neutral
5622,फाइनल लगातार तीसरे मैच में आयोजित होगा और टेनिस स्टार इसमें हिस्सा लेगा।,neutral,tennis,factual
5623,जोड़ी की मुकाबला में खराब रणनीति काम नहीं आई।,negative,badminton,contextual
5624,चैंपियन को गेम के लिए टीम में शामिल किया गया है।,neutral,badminton,domain_context
5625,इस मुकाबले में जोड़ी ने गेम में शानदार खेल दिखाकर महत्वपूर्ण योगदान दिया।,positive,badminton,contextual
5626,टूर्नामेंट के अहम चरण में खिलाड़ी का मुकाबला में खराब खेल टीम पर भारी पड़ा।,negative,kabaddi,contextual
5627,एथलीट फाइनल के लिए प्रशिक्षण जारी रखे हुए है।,neutral,athletics,neutral
5628,लीग मैच प्रशंसकों के सामने आयोजित होगा और रेडर इसमें हिस्सा लेगा।,neutral,kabaddi,factual
5629,प्रशंसकों के सामने भारत का मुकाबला में खराब खेल टीम पर भारी पड़ा।,negative,cricket,contextual
5630,प्रशंसकों के सामने डिफेंडर ने सेमीफाइनल में जबरदस्त खेल दिखाकर मुकाबला अपने नाम कर लिया।,positive,hockey,contextual
5631,एथलीट ने दौड़ में निराशाजनक प्रदर्शन किया और मुकाबला गंवा दिया।,negative,athletics,paraphrase
5632,भारतीय टीम के लीग मैच में यादगार प्रदर्शन से टीम को फायदा हुआ।,positive,football,contextual
5633,महत्वपूर्ण मौके पर खिलाड़ी ने मुकाबला से पहले प्रशिक्षण पूरा किया।,neutral,tennis,domain_context
5634,क्लब ने मुकाबला में असंगत प्रदर्शन किया और लगातार गलतियां कीं।,negative,football,paraphrase
5635,क्लब ने मैच में कमजोर प्रदर्शन किया और लगातार गलतियां कीं।,negative,football,paraphrase
5636,लंबे ब्रेक के बाद भारतीय खिलाड़ी का मुकाबला में कमजोर खेल टीम पर भारी पड़ा।,negative,tennis,contextual
5637,चैंपियन ने फाइनल में निराश करने वाला प्रदर्शन किया और मुकाबला गंवा दिया।,negative,badminton,paraphrase
5638,युवा एथलीट ने दौड़ में कमजोर प्रदर्शन किया और मुकाबला गंवा दिया।,negative,athletics,paraphrase
5639,आज कप्तान फाइनल से पहले प्रशिक्षण कर रहा है।,neutral,tennis,factual
5640,निर्णायक मैच में गेंदबाज ने पारी में उत्कृष्ट खेल दिखाकर दबदबा कायम रखा।,positive,cricket,contextual
5641,लगातार तीसरे मैच में डिफेंडर का मैच में बेअसर खेल टीम पर भारी पड़ा।,negative,kabaddi,contextual
5642,लंबे ब्रेक के बाद भारतीय धावक ने दौड़ से पहले प्रशिक्षण पूरा किया।,neutral,athletics,domain_context
5643,लंबे ब्रेक के बाद हॉकी टीम का मैच में निराशाजनक खेल टीम पर भारी पड़ा।,negative,hockey,contextual
5644,लंबे ब्रेक के बाद गोलकीपर का सेमीफाइनल में बेअसर खेल टीम पर भारी पड़ा।,negative,football,contextual
5645,निर्णायक मैच में खिलाड़ी का मैच में असंगत खेल टीम पर भारी पड़ा।,negative,tennis,contextual
5646,चैंपियन ने मुकाबला में कमजोर प्रदर्शन किया और बढ़त गंवा दी।,negative,badminton,paraphrase
5647,दबाव वाले मुकाबले में भारतीय टीम ने फाइनल में उत्कृष्ट खेल दिखाकर दबदबा कायम रखा।,positive,kabaddi,contextual
5648,इस मुकाबले में युवा खिलाड़ी मैच से पहले प्रशिक्षण कर रहा है।,neutral,tennis,factual
5649,दबाव वाले मुकाबले में डिफेंडर सेमीफाइनल से पहले प्रशिक्षण कर रहा है।,neutral,football,factual
5650,जोड़ी सेट के लिए रणनीति पर चर्चा कर रही है।,neutral,badminton,neutral
5651,निर्णायक मैच में डिफेंडर ने सेमीफाइनल में जबरदस्त खेल दिखाकर लगातार अच्छा प्रदर्शन किया।,positive,hockey,contextual
5652,महत्वपूर्ण मौके पर युवा शटलर ने गेम में धमाकेदार खेल दिखाकर महत्वपूर्ण योगदान दिया।,positive,badminton,contextual
5653,खिलाड़ी रेस के लिए मैच के लिए रवाना हुई।,neutral,athletics,neutral
5654,गोलकीपर ने लीग मैच में निराशाजनक प्रदर्शन किया और महत्वपूर्ण मौका गंवाया।,negative,football,paraphrase
5655,प्लेऑफ टूर्नामेंट के अहम चरण में आयोजित होगा और खिलाड़ी इसमें हिस्सा लेगा।,neutral,kabaddi,factual
5656,भारत ने मुकाबला में बेअसर खेल दिखाया और टीम को नुकसान हुआ।,negative,cricket,domain_context
5657,आज हॉकी टीम ने सेमीफाइनल में जबरदस्त खेल दिखाकर दबदबा कायम रखा।,positive,hockey,contextual
5658,घरेलू मैदान पर भारतीय टीम ने ओवर से पहले प्रशिक्षण पूरा किया।,neutral,cricket,domain_context
5659,क्लब ने मुकाबला में निराशाजनक प्रदर्शन किया और बढ़त गंवा दी।,negative,football,paraphrase
5660,डिफेंडर ने प्लेऑफ में खराब प्रदर्शन किया और महत्वपूर्ण मौका गंवाया।,negative,kabaddi,paraphrase
5661,खिलाड़ी ने गेम में निराश करने वाला प्रदर्शन किया और अपनी लय खो दी।,negative,badminton,paraphrase
5662,मुकाबला लंबे ब्रेक के बाद आयोजित होगा और गोलकीपर इसमें हिस्सा लेगा।,neutral,hockey,factual
5663,आज गेंदबाज ओवर से पहले प्रशिक्षण कर रहा है।,neutral,cricket,factual
5664,इस मुकाबले में एथलीट का दौड़ में कमजोर खेल टीम पर भारी पड़ा।,negative,athletics,contextual
5665,प्रशंसकों के सामने प्रदर्शन उम्मीद के मुताबिक नहीं रहा।,negative,multi-sport,domain_context
5666,सेट महत्वपूर्ण मौके पर आयोजित होगा और भारतीय शटलर इसमें हिस्सा लेगा।,neutral,badminton,factual
5667,भारतीय धावक ने प्रतियोगिता में फीका प्रदर्शन किया और अपनी लय खो दी।,negative,athletics,paraphrase
5668,लंबे ब्रेक के बाद फॉरवर्ड ने सेमीफाइनल में शानदार खेल दिखाकर लगातार अच्छा प्रदर्शन किया।,positive,hockey,contextual
5669,टूर्नामेंट के अहम चरण में भारतीय खिलाड़ी ने क्वार्टरफाइनल में बेहतरीन खेल दिखाकर जीत दर्ज की।,positive,tennis,contextual
5670,इस मुकाबले में डिफेंडर मैच से पहले प्रशिक्षण कर रहा है।,neutral,football,factual
5671,प्रशंसकों के सामने युवा एथलीट ने इवेंट में लाजवाब खेल दिखाकर मुश्किल स्थिति से बाहर निकली।,positive,athletics,contextual
5672,घरेलू मैदान पर गोलकीपर ने लीग मैच में यादगार खेल दिखाकर जीत दर्ज की।,positive,football,contextual
5673,डिफेंडर ने लीग मैच के लिए नया अभ्यास कार्यक्रम शुरू किया।,neutral,kabaddi,domain_context
5674,निर्णायक मैच में एथलीट का फाइनल में निराशाजनक खेल टीम पर भारी पड़ा।,negative,athletics,contextual
5675,आज खिलाड़ी ने फाइनल में जबरदस्त खेल दिखाकर लगातार अच्छा प्रदर्शन किया।,positive,kabaddi,contextual
5676,भारतीय टीम ने लीग मैच में खराब प्रदर्शन किया और दबाव में बिखर गई।,negative,hockey,paraphrase
5677,निर्णायक मैच में क्लब का लीग मैच में निराशाजनक खेल टीम पर भारी पड़ा।,negative,football,contextual
5678,आज खिलाड़ी का मुकाबला में निराशाजनक खेल टीम पर भारी पड़ा।,negative,badminton,contextual
5679,निर्णायक मैच में कप्तान ने फाइनल में कमाल का खेल दिखाकर मुकाबला अपने नाम कर लिया।,positive,tennis,contextual
5680,आज चैंपियन ने मैच में बेहतरीन तालमेल के साथ जीत हासिल की।,positive,badminton,domain_context
5681,इस मुकाबले में गोलकीपर ने मुकाबला में शानदार खेल दिखाकर लगातार अच्छा प्रदर्शन किया।,positive,hockey,contextual
5682,बल्लेबाज ने मुकाबला के लिए तैयारी शुरू कर दी।,neutral,cricket,factual
5683,टूर्नामेंट के अहम चरण में कप्तान ने फाइनल में कई आसान मौके गंवाए।,negative,football,domain_context
5684,आज क्लब ने मैच में लाजवाब खेल दिखाकर मुकाबला अपने नाम कर लिया।,positive,football,contextual
5685,लगातार तीसरे मैच में जोड़ी ने मैच में धमाकेदार खेल दिखाकर शानदार वापसी की।,positive,badminton,contextual
5686,टूर्नामेंट के अहम चरण में भारतीय टीम का मैच में निराश करने वाला खेल टीम पर भारी पड़ा।,negative,hockey,contextual
5687,डिफेंडर ने सेमीफाइनल में खराब प्रदर्शन किया और लगातार गलतियां कीं।,negative,football,paraphrase
5688,दबाव वाले मुकाबले में भारतीय टीम ने सीरीज में यादगार खेल दिखाकर जीत दर्ज की।,positive,cricket,contextual
5689,रन चेज घरेलू मैदान पर आयोजित होगा और भारत इसमें हिस्सा लेगा।,neutral,cricket,factual
5690,महत्वपूर्ण मौके पर युवा शटलर गेम से पहले प्रशिक्षण कर रहा है।,neutral,badminton,factual
5691,महत्वपूर्ण मौके पर भारतीय धावक ने फाइनल में उत्कृष्ट खेल दिखाकर दबदबा कायम रखा।,positive,athletics,contextual
5692,आज बल्लेबाज ने मुकाबला में उत्कृष्ट खेल दिखाकर लगातार अच्छा प्रदर्शन किया।,positive,cricket,contextual
5693,लंबे ब्रेक के बाद खिलाड़ी का मैच में फीका खेल टीम पर भारी पड़ा।,negative,badminton,contextual
5694,दबाव वाले मुकाबले में जोड़ी ने मैच में यादगार खेल दिखाकर शानदार वापसी की।,positive,badminton,contextual
5695,दबाव वाले मुकाबले में खिलाड़ी का इवेंट में फीका खेल टीम पर भारी पड़ा।,negative,athletics,contextual
5696,लंबे ब्रेक के बाद रेडर ने फाइनल में यादगार खेल दिखाकर महत्वपूर्ण योगदान दिया।,positive,kabaddi,contextual
5697,टूर्नामेंट के अहम चरण में कप्तान ने मुकाबला से पहले प्रशिक्षण पूरा किया।,neutral,kabaddi,domain_context
5698,इस मुकाबले में क्लब ने मुकाबला में शानदार खेल दिखाकर लगातार अच्छा प्रदर्शन किया।,positive,football,contextual
5699,प्रशंसकों के सामने एथलीट ने रेस में कमाल का खेल दिखाकर शानदार वापसी की।,positive,athletics,contextual
5700,भारतीय टीम प्लेऑफ के लिए रणनीति पर चर्चा कर रही है।,neutral,kabaddi,neutral
5701,गोलकीपर ने मैच के लिए यात्रा कार्यक्रम साझा किया।,neutral,football,domain_context
5702,रेडर ने मैच में कमजोर प्रदर्शन किया और महत्वपूर्ण मौका गंवाया।,negative,kabaddi,paraphrase
5703,"Aaj, Captain ne next game ki strategy discuss ki.",neutral,multi-sport,code_mixed
5704,लगातार तीसरे मैच में हॉकी टीम ने लीग मैच में बेहतरीन खेल दिखाकर मुकाबला अपने नाम कर लिया।,positive,hockey,contextual
5705,डिफेंडर की सेमीफाइनल में फीका रणनीति काम नहीं आई।,negative,football,contextual
5706,इस मुकाबले में फॉरवर्ड का लीग मैच में असंगत खेल टीम पर भारी पड़ा।,negative,hockey,contextual
5707,टूर्नामेंट के अहम चरण में डिफेंडर ने फाइनल में यादगार खेल दिखाकर मुकाबला अपने नाम कर लिया।,positive,hockey,contextual
5708,दबाव वाले मुकाबले में डिफेंडर ने सेमीफाइनल में यादगार खेल दिखाकर महत्वपूर्ण योगदान दिया।,positive,hockey,contextual
5709,कल प्रदर्शन उम्मीद के मुताबिक नहीं रहा।,negative,multi-sport,domain_context
5710,इस मुकाबले में धाविका ने इवेंट में धमाकेदार खेल दिखाकर मुकाबला अपने नाम कर लिया।,positive,athletics,contextual
5711,लंबे ब्रेक के बाद रेडर मैच से पहले प्रशिक्षण कर रहा है।,neutral,kabaddi,factual
5712,आज भारतीय टीम ने फाइनल में उत्कृष्ट खेल दिखाकर शानदार वापसी की।,positive,kabaddi,contextual
5713,टूर्नामेंट के अहम चरण में भारतीय टीम ने फाइनल में शानदार खेल दिखाकर जीत दर्ज की।,positive,kabaddi,contextual
5714,महत्वपूर्ण मौके पर धाविका प्रतियोगिता से पहले प्रशिक्षण कर रहा है।,neutral,athletics,factual
5715,एथलीट दौड़ के लिए प्रशिक्षण जारी रखे हुए है।,neutral,athletics,neutral
5716,महत्वपूर्ण मौके पर युवा शटलर ने गेम में धमाकेदार खेल दिखाकर मुकाबला अपने नाम कर लिया।,positive,badminton,contextual
5717,घरेलू मैदान पर भारत पारी से पहले प्रशिक्षण कर रहा है।,neutral,cricket,factual
5718,दबाव वाले मुकाबले में हॉकी टीम का सेमीफाइनल में असंगत खेल टीम पर भारी पड़ा।,negative,hockey,contextual
5719,मुकाबला दबाव वाले मुकाबले में आयोजित होगा और हॉकी टीम इसमें हिस्सा लेगा।,neutral,hockey,factual
5720,बल्लेबाज ने मैच में फीका प्रदर्शन किया और महत्वपूर्ण मौका गंवाया।,negative,cricket,paraphrase
5721,दौड़ प्रशंसकों के सामने आयोजित होगा और युवा एथलीट इसमें हिस्सा लेगा।,neutral,athletics,factual
5722,फाइनल प्रशंसकों के सामने आयोजित होगा और युवा खिलाड़ी इसमें हिस्सा लेगा।,neutral,tennis,factual
5723,निर्णायक मैच में युवा खिलाड़ी ने मुकाबला में शानदार खेल दिखाकर दबदबा कायम रखा।,positive,tennis,contextual
5724,घरेलू मैदान पर खिलाड़ी ने मैच में धमाकेदार खेल दिखाकर महत्वपूर्ण योगदान दिया।,positive,kabaddi,contextual
5725,इस मुकाबले में रेडर मुकाबला से पहले प्रशिक्षण कर रहा है।,neutral,kabaddi,factual
5726,लगातार तीसरे मैच में डिफेंडर ने मुकाबला में कई आसान मौके गंवाए।,negative,football,domain_context
5727,प्रशंसकों के सामने धाविका ने दौड़ में कमाल का खेल दिखाकर जीत दर्ज की।,positive,athletics,contextual
5728,महत्वपूर्ण मौके पर युवा एथलीट ने रेस में शानदार खेल दिखाकर जीत दर्ज की।,positive,athletics,contextual
5729,दबाव वाले मुकाबले में खिलाड़ी ने फाइनल में उत्कृष्ट खेल दिखाकर मुकाबला अपने नाम कर लिया।,positive,kabaddi,contextual
5730,फाइनल इस मुकाबले में आयोजित होगा और एथलीट इसमें हिस्सा लेगा।,neutral,athletics,factual
5731,कल खिलाड़ियों ने निर्णायक मौके पर गलतियां कीं।,negative,multi-sport,domain_context
5732,दबाव वाले मुकाबले में धाविका का इवेंट में खराब खेल टीम पर भारी पड़ा।,negative,athletics,contextual
5733,भारतीय टीम ने लीग मैच में लचर प्रदर्शन किया और दबाव में बिखर गई।,negative,football,paraphrase
5734,डिफेंडर ने मुकाबला में निराशाजनक प्रदर्शन किया और दबाव में बिखर गई।,negative,kabaddi,paraphrase
5735,लगातार तीसरे मैच में भारतीय टीम ने ओवर में जबरदस्त खेल दिखाकर मुकाबला अपने नाम कर लिया।,positive,cricket,contextual
5736,टूर्नामेंट के अहम चरण में खिलाड़ी ने फाइनल से पहले प्रशिक्षण पूरा किया।,neutral,tennis,domain_context
5737,महत्वपूर्ण मौके पर भारतीय शटलर फाइनल से पहले प्रशिक्षण कर रहा है।,neutral,badminton,factual
5738,क्वार्टरफाइनल दबाव वाले मुकाबले में आयोजित होगा और टेनिस स्टार इसमें हिस्सा लेगा।,neutral,tennis,factual
5739,टूर्नामेंट के अहम चरण में भारतीय धावक ने प्रतियोगिता में कई आसान मौके गंवाए।,negative,athletics,domain_context
5740,रन चेज लगातार तीसरे मैच में आयोजित होगा और कप्तान इसमें हिस्सा लेगा।,neutral,cricket,factual
5741,दबाव वाले मुकाबले में डिफेंडर ने फाइनल में शानदार खेल दिखाकर जीत दर्ज की।,positive,kabaddi,contextual
5742,निर्णायक मैच में हॉकी टीम का मुकाबला में लचर खेल टीम पर भारी पड़ा।,negative,hockey,contextual
5743,निर्णायक मैच में धाविका ने फाइनल में उत्कृष्ट खेल दिखाकर मुश्किल स्थिति से बाहर निकली।,positive,athletics,contextual
5744,एथलीट ने रेस में बेअसर प्रदर्शन किया और बढ़त गंवा दी।,negative,athletics,paraphrase
5745,गोलकीपर फाइनल के लिए रणनीति पर चर्चा कर रही है।,neutral,hockey,neutral
5746,लगातार तीसरे मैच में फॉरवर्ड ने मैच में धमाकेदार खेल दिखाकर महत्वपूर्ण योगदान दिया।,positive,hockey,contextual
5747,प्रशंसकों के सामने भारतीय खिलाड़ी ने क्वार्टरफाइनल में कमाल का खेल दिखाकर जीत दर्ज की।,positive,tennis,contextual
5748,आज खिलाड़ी इवेंट से पहले प्रशिक्षण कर रहा है।,neutral,athletics,factual
5749,प्रतियोगिता घरेलू मैदान पर आयोजित होगा और भारतीय धावक इसमें हिस्सा लेगा।,neutral,athletics,factual
5750,इस मुकाबले में डिफेंडर का मुकाबला में बेअसर खेल टीम पर भारी पड़ा।,negative,football,contextual
5751,टूर्नामेंट के अहम चरण में भारतीय टीम का लीग मैच में लचर खेल टीम पर भारी पड़ा।,negative,kabaddi,contextual
5752,आज डिफेंडर ने फाइनल में कमाल का खेल दिखाकर शानदार वापसी की।,positive,kabaddi,contextual
5753,घरेलू मैदान पर खिलाड़ी का मैच में बेअसर खेल टीम पर भारी पड़ा।,negative,tennis,contextual
5754,फाइनल घरेलू मैदान पर आयोजित होगा और युवा शटलर इसमें हिस्सा लेगा।,neutral,badminton,factual
5755,निर्णायक मैच में गोलकीपर ने लीग मैच में उत्कृष्ट खेल दिखाकर दबदबा कायम रखा।,positive,hockey,contextual
5756,घरेलू मैदान पर हॉकी टीम सेमीफाइनल से पहले प्रशिक्षण कर रहा है।,neutral,hockey,factual
5757,टूर्नामेंट के अहम चरण में हॉकी टीम का फाइनल में कमजोर खेल टीम पर भारी पड़ा।,negative,hockey,contextual
5758,इस मुकाबले में एथलीट ने रेस में बेहतरीन खेल दिखाकर लगातार अच्छा प्रदर्शन किया।,positive,athletics,contextual
5759,खिलाड़ी ने प्लेऑफ में निराशाजनक प्रदर्शन किया और लगातार गलतियां कीं।,negative,kabaddi,paraphrase
5760,युवा एथलीट प्रतियोगिता के लिए अगले दौर के लिए पहुंची।,neutral,athletics,neutral
5761,लंबे ब्रेक के बाद जोड़ी का सेट में फीका खेल टीम पर भारी पड़ा।,negative,badminton,contextual
5762,टेनिस स्टार मैच के लिए रणनीति पर चर्चा कर रही है।,neutral,tennis,neutral
5763,प्रशंसकों के सामने जोड़ी ने फाइनल में जबरदस्त खेल दिखाकर मुश्किल स्थिति से बाहर निकली।,positive,badminton,contextual
5764,प्रशंसकों के सामने डिफेंडर का मुकाबला में कमजोर खेल टीम पर भारी पड़ा।,negative,hockey,contextual
5765,निर्णायक मैच में भारतीय टीम का फाइनल में निराश करने वाला खेल टीम पर भारी पड़ा।,negative,hockey,contextual
5766,घरेलू मैदान पर खिलाड़ी का प्लेऑफ में कमजोर खेल टीम पर भारी पड़ा।,negative,kabaddi,contextual
5767,लगातार तीसरे मैच में गेंदबाज ने मैच में धमाकेदार खेल दिखाकर मुश्किल स्थिति से बाहर निकली।,positive,cricket,contextual
5768,लंबे ब्रेक के बाद भारतीय टीम ने पारी से पहले प्रशिक्षण पूरा किया।,neutral,cricket,domain_context
5769,महत्वपूर्ण मौके पर गेंदबाज ने ओवर में जबरदस्त खेल दिखाकर शानदार वापसी की।,positive,cricket,contextual
5770,लगातार तीसरे मैच में खिलाड़ी ने प्लेऑफ में कमाल का खेल दिखाकर महत्वपूर्ण योगदान दिया।,positive,kabaddi,contextual
5771,युवा शटलर ने गेम में उत्कृष्ट प्रदर्शन करते हुए दबदबा कायम रखा।,positive,badminton,paraphrase
5772,खिलाड़ी ने रेस में निराशाजनक प्रदर्शन किया और दबाव में बिखर गई।,negative,athletics,paraphrase
5773,टूर्नामेंट के अहम चरण में जोड़ी का गेम में निराश करने वाला खेल टीम पर भारी पड़ा।,negative,badminton,contextual
5774,घरेलू मैदान पर डिफेंडर का फाइनल में निराश करने वाला खेल टीम पर भारी पड़ा।,negative,hockey,contextual
5775,खिलाड़ी ने मैच में असंगत प्रदर्शन किया और मुकाबला गंवा दिया।,negative,tennis,paraphrase
5776,आज भारतीय टीम ने फाइनल में जबरदस्त खेल दिखाकर शानदार वापसी की।,positive,kabaddi,contextual
5777,निर्णायक मैच में रेडर प्लेऑफ से पहले प्रशिक्षण कर रहा है।,neutral,kabaddi,factual
5778,इस मुकाबले में भारतीय टीम का मैच में निराश करने वाला खेल टीम पर भारी पड़ा।,negative,football,contextual
5779,युवा शटलर ने फाइनल में असंगत प्रदर्शन किया और अपनी लय खो दी।,negative,badminton,paraphrase
5780,दबाव वाले मुकाबले में भारतीय टीम का सेमीफाइनल में लचर खेल टीम पर भारी पड़ा।,negative,football,contextual
5781,महत्वपूर्ण मौके पर डिफेंडर ने फाइनल से पहले प्रशिक्षण पूरा किया।,neutral,football,domain_context
5782,भारतीय शटलर ने सेट में निराशाजनक प्रदर्शन किया और महत्वपूर्ण मौका गंवाया।,negative,badminton,paraphrase
5783,युवा खिलाड़ी ने सेट में निराश करने वाला प्रदर्शन किया और दबाव में बिखर गई।,negative,tennis,paraphrase
5784,प्रशंसकों के सामने युवा एथलीट ने फाइनल में लाजवाब खेल दिखाकर मुकाबला अपने नाम कर लिया।,positive,athletics,contextual
5785,खिलाड़ी ने गेम में लचर प्रदर्शन किया और दबाव में बिखर गई।,negative,badminton,paraphrase
5786,सेमीफाइनल निर्णायक मैच में आयोजित होगा और फॉरवर्ड इसमें हिस्सा लेगा।,neutral,football,factual
5787,युवा खिलाड़ी ने फाइनल में कमजोर प्रदर्शन किया और दबाव में बिखर गई।,negative,tennis,paraphrase
5788,बल्लेबाज ने पारी में कमाल का प्रदर्शन करते हुए मुश्किल स्थिति से बाहर निकली।,positive,cricket,paraphrase
5789,प्रशंसकों के सामने क्लब ने मुकाबला में यादगार खेल दिखाकर शानदार वापसी की।,positive,football,contextual
5790,इस मुकाबले में चैंपियन ने गेम में कमाल का खेल दिखाकर मुकाबला अपने नाम कर लिया।,positive,badminton,contextual
5791,निर्णायक मैच में टेनिस स्टार ने मैच से पहले प्रशिक्षण पूरा किया।,neutral,tennis,domain_context
5792,सेमीफाइनल लंबे ब्रेक के बाद आयोजित होगा और फॉरवर्ड इसमें हिस्सा लेगा।,neutral,football,factual
5793,लगातार तीसरे मैच में डिफेंडर ने फाइनल में लाजवाब खेल दिखाकर जीत दर्ज की।,positive,football,contextual
5794,टूर्नामेंट के अहम चरण में भारतीय शटलर ने सेट में कई आसान मौके गंवाए।,negative,badminton,domain_context
5795,लगातार तीसरे मैच में भारतीय शटलर का मैच में कमजोर खेल टीम पर भारी पड़ा।,negative,badminton,contextual
5796,निर्णायक मैच में युवा शटलर ने मैच में यादगार खेल दिखाकर महत्वपूर्ण योगदान दिया।,positive,badminton,contextual
5797,इस मुकाबले में हॉकी टीम ने मुकाबला में बेहतरीन खेल दिखाकर मुश्किल स्थिति से बाहर निकली।,positive,hockey,contextual
5798,डिफेंडर ने मैच में उत्कृष्ट प्रदर्शन करते हुए मुकाबला अपने नाम कर लिया।,positive,hockey,paraphrase
5799,घरेलू मैदान पर खिलाड़ी ने सेट में यादगार खेल दिखाकर मुश्किल स्थिति से बाहर निकली।,positive,tennis,contextual
5800,खिलाड़ी क्वार्टरफाइनल के लिए अगले दौर के लिए पहुंची।,neutral,tennis,neutral
5801,मुकाबला दबाव वाले मुकाबले में आयोजित होगा और भारतीय टीम इसमें हिस्सा लेगा।,neutral,hockey,factual
5802,निर्णायक मैच में खिलाड़ी ने क्वार्टरफाइनल में लाजवाब खेल दिखाकर शानदार वापसी की।,positive,tennis,contextual
5803,खिलाड़ी ने गेम में कमजोर प्रदर्शन किया और उम्मीदों पर खरी नहीं उतरी।,negative,badminton,paraphrase
5804,कप्तान ने फाइनल में निराशाजनक प्रदर्शन किया और मुकाबला गंवा दिया।,negative,kabaddi,paraphrase
5805,भारत ओवर के लिए अगले मुकाबले की तैयारी कर रही है।,neutral,cricket,neutral
5806,टूर्नामेंट के अहम चरण में भारतीय टीम का सेमीफाइनल में कमजोर खेल टीम पर भारी पड़ा।,negative,football,contextual
5807,महत्वपूर्ण मौके पर युवा खिलाड़ी ने फाइनल में शानदार खेल दिखाकर महत्वपूर्ण योगदान दिया।,positive,tennis,contextual
5808,खिलाड़ी क्वार्टरफाइनल के लिए टूर्नामेंट में हिस्सा ले रही है।,neutral,tennis,neutral
5809,निर्णायक मैच में धाविका ने रेस में उत्कृष्ट खेल दिखाकर मुश्किल स्थिति से बाहर निकली।,positive,athletics,contextual
5810,लंबे ब्रेक के बाद एथलीट ने दौड़ में लाजवाब खेल दिखाकर मुश्किल स्थिति से बाहर निकली।,positive,athletics,contextual
5811,घरेलू मैदान पर भारतीय टीम ने सेमीफाइनल में उत्कृष्ट खेल दिखाकर महत्वपूर्ण योगदान दिया।,positive,hockey,contextual
5812,"Match se pehle, Team ne pressure mein solid finish kiya.",positive,multi-sport,code_mixed
5813,मुकाबला घरेलू मैदान पर आयोजित होगा और खिलाड़ी इसमें हिस्सा लेगा।,neutral,tennis,factual
5814,लंबे ब्रेक के बाद हॉकी टीम ने मैच में बेहतरीन खेल दिखाकर मुकाबला अपने नाम कर लिया।,positive,hockey,contextual
5815,आज भारतीय धावक ने फाइनल में यादगार खेल दिखाकर महत्वपूर्ण योगदान दिया।,positive,athletics,contextual
5816,दबाव वाले मुकाबले में युवा शटलर मुकाबला से पहले प्रशिक्षण कर रहा है।,neutral,badminton,factual
5817,लगातार तीसरे मैच में कप्तान ने फाइनल में जबरदस्त खेल दिखाकर लगातार अच्छा प्रदर्शन किया।,positive,tennis,contextual
5818,बल्लेबाज ने मैच के लिए तैयारी शुरू कर दी।,neutral,cricket,factual
5819,रेस लंबे ब्रेक के बाद आयोजित होगा और खिलाड़ी इसमें हिस्सा लेगा।,neutral,athletics,factual
5820,निर्णायक मैच में बल्लेबाज का मैच में असंगत खेल टीम पर भारी पड़ा।,negative,cricket,contextual
5821,प्रशंसकों के सामने एथलीट का प्रतियोगिता में असंगत खेल टीम पर भारी पड़ा।,negative,athletics,contextual
5822,दबाव वाले मुकाबले में भारतीय टीम मैच से पहले प्रशिक्षण कर रहा है।,neutral,cricket,factual
5823,प्रशंसकों के सामने एथलीट ने प्रतियोगिता में कमाल का खेल दिखाकर महत्वपूर्ण योगदान दिया।,positive,athletics,contextual
5824,फाइनल इस मुकाबले में आयोजित होगा और भारतीय धावक इसमें हिस्सा लेगा।,neutral,athletics,factual
5825,भारतीय धावक ने रेस के लिए यात्रा कार्यक्रम साझा किया।,neutral,athletics,domain_context
5826,भारत ने मैच में यादगार प्रदर्शन करते हुए मुकाबला अपने नाम कर लिया।,positive,cricket,paraphrase
5827,"Is tournament mein, Players ne morning practice session attend kiya.",neutral,multi-sport,code_mixed
5828,प्रशंसकों के सामने गोलकीपर ने मुकाबला में लाजवाब खेल दिखाकर महत्वपूर्ण योगदान दिया।,positive,hockey,contextual
5829,रेडर ने प्लेऑफ में कमजोर प्रदर्शन किया और अपनी लय खो दी।,negative,kabaddi,paraphrase
5830,दबाव वाले मुकाबले में भारतीय टीम ने सेमीफाइनल में जबरदस्त खेल दिखाकर मुश्किल स्थिति से बाहर निकली।,positive,football,contextual
5831,मुकाबला आज आयोजित होगा और भारतीय खिलाड़ी इसमें हिस्सा लेगा।,neutral,tennis,factual
5832,निर्णायक मैच में एथलीट का इवेंट में असंगत खेल टीम पर भारी पड़ा।,negative,athletics,contextual
5833,लंबे ब्रेक के बाद कप्तान का फाइनल में बेअसर खेल टीम पर भारी पड़ा।,negative,football,contextual
5834,विकेटकीपर ने ओवर में निराशाजनक प्रदर्शन किया और लगातार गलतियां कीं।,negative,cricket,paraphrase
5835,निर्णायक मैच में खिलाड़ी ने मैच में शानदार खेल दिखाकर मुकाबला अपने नाम कर लिया।,positive,badminton,contextual
5836,फॉरवर्ड ने मुकाबला में निराशाजनक प्रदर्शन किया और मुकाबला गंवा दिया।,negative,hockey,paraphrase
5837,लगातार तीसरे मैच में भारत ने ओवर में शानदार खेल दिखाकर मुश्किल स्थिति से बाहर निकली।,positive,cricket,contextual
5838,लंबे ब्रेक के बाद एथलीट इवेंट से पहले प्रशिक्षण कर रहा है।,neutral,athletics,factual
5839,लगातार तीसरे मैच में भारतीय टीम का ओवर में कमजोर खेल टीम पर भारी पड़ा।,negative,cricket,contextual
5840,मैच दबाव वाले मुकाबले में आयोजित होगा और भारतीय टीम इसमें हिस्सा लेगा।,neutral,hockey,factual
5841,मुकाबला टूर्नामेंट के अहम चरण में आयोजित होगा और गेंदबाज इसमें हिस्सा लेगा।,neutral,cricket,factual
5842,प्रशंसकों के सामने युवा खिलाड़ी का फाइनल में असंगत खेल टीम पर भारी पड़ा।,negative,tennis,contextual
5843,निर्णायक मैच में जोड़ी ने मैच में लाजवाब खेल दिखाकर मुश्किल स्थिति से बाहर निकली।,positive,badminton,contextual
5844,सेमीफाइनल प्रशंसकों के सामने आयोजित होगा और डिफेंडर इसमें हिस्सा लेगा।,neutral,football,factual
5845,डिफेंडर मुकाबला के लिए प्रशिक्षण जारी रखे हुए है।,neutral,kabaddi,neutral
5846,आज भारतीय धावक दौड़ से पहले प्रशिक्षण कर रहा है।,neutral,athletics,factual
5847,टूर्नामेंट के अहम चरण में जोड़ी ने फाइनल में कई आसान मौके गंवाए।,negative,badminton,domain_context
5848,युवा एथलीट ने दौड़ में निराशाजनक खेल दिखाया और टीम को नुकसान हुआ।,negative,athletics,domain_context
5849,भारतीय टीम ने फाइनल में निराशाजनक प्रदर्शन किया और बढ़त गंवा दी।,negative,kabaddi,paraphrase
5850,हॉकी टीम मुकाबला के लिए टूर्नामेंट में हिस्सा ले रही है।,neutral,hockey,neutral
5851,आज हॉकी टीम का मुकाबला में फीका खेल टीम पर भारी पड़ा।,negative,hockey,contextual
5852,प्रशंसकों के सामने फॉरवर्ड ने मुकाबला में जबरदस्त खेल दिखाकर शानदार वापसी की।,positive,football,contextual
5853,लगातार तीसरे मैच में गेंदबाज ने रन चेज से पहले प्रशिक्षण पूरा किया।,neutral,cricket,domain_context
5854,इस मुकाबले में युवा शटलर का सेट में फीका खेल टीम पर भारी पड़ा।,negative,badminton,contextual
5855,प्रशंसकों के सामने भारतीय टीम का रन चेज में बेअसर खेल टीम पर भारी पड़ा।,negative,cricket,contextual
5856,प्रशंसकों के सामने डिफेंडर ने मैच में शानदार खेल दिखाकर मुश्किल स्थिति से बाहर निकली।,positive,kabaddi,contextual
5857,धाविका दौड़ के लिए मैच के लिए रवाना हुई।,neutral,athletics,neutral
5858,दबाव वाले मुकाबले में क्लब का लीग मैच में लचर खेल टीम पर भारी पड़ा।,negative,football,contextual
5859,लंबे ब्रेक के बाद हॉकी टीम ने मैच में शानदार खेल दिखाकर मुकाबला अपने नाम कर लिया।,positive,hockey,contextual
5860,"Kal, Team ne match apne naam kar liya.",positive,multi-sport,code_mixed
5861,कप्तान ने फाइनल में फीका प्रदर्शन किया और उम्मीदों पर खरी नहीं उतरी।,negative,football,paraphrase
5862,आज विकेटकीपर ने मुकाबला में यादगार खेल दिखाकर जीत दर्ज की।,positive,cricket,contextual
5863,टूर्नामेंट के अहम चरण में युवा शटलर ने गेम में लाजवाब खेल दिखाकर शानदार वापसी की।,positive,badminton,contextual
5864,लंबे ब्रेक के बाद जोड़ी का गेम में बेअसर खेल टीम पर भारी पड़ा।,negative,badminton,contextual
5865,घरेलू मैदान पर कप्तान का मुकाबला में खराब खेल टीम पर भारी पड़ा।,negative,tennis,contextual
5866,भारतीय खिलाड़ी मैच के लिए अगले दौर के लिए पहुंची।,neutral,tennis,neutral
5867,प्रशंसकों के सामने भारतीय टीम का सीरीज में निराशाजनक खेल टीम पर भारी पड़ा।,negative,cricket,contextual
5868,डिफेंडर सेमीफाइनल के लिए रणनीति पर चर्चा कर रही है।,neutral,football,neutral
5869,धाविका फाइनल के लिए अगले दौर के लिए पहुंची।,neutral,athletics,neutral
5870,डिफेंडर ने फाइनल के लिए नया अभ्यास कार्यक्रम शुरू किया।,neutral,football,domain_context
5871,लगातार तीसरे मैच में टेनिस स्टार फाइनल से पहले प्रशिक्षण कर रहा है।,neutral,tennis,factual
5872,गेंदबाज ओवर के लिए अगले दौर के लिए पहुंची।,neutral,cricket,neutral
5873,डिफेंडर ने मैच में फीका प्रदर्शन किया और उम्मीदों पर खरी नहीं उतरी।,negative,football,paraphrase
5874,प्रतियोगिता महत्वपूर्ण मौके पर आयोजित होगा और धाविका इसमें हिस्सा लेगा।,neutral,athletics,factual
5875,लगातार तीसरे मैच में गोलकीपर ने लीग मैच में धमाकेदार खेल दिखाकर मुश्किल स्थिति से बाहर निकली।,positive,hockey,contextual
5876,खिलाड़ी ने मैच में बेअसर प्रदर्शन किया और उम्मीदों पर खरी नहीं उतरी।,negative,kabaddi,paraphrase
5877,कप्तान ने रन चेज में लचर प्रदर्शन किया और मुकाबला गंवा दिया।,negative,cricket,paraphrase
5878,मैच घरेलू मैदान पर आयोजित होगा और टेनिस स्टार इसमें हिस्सा लेगा।,neutral,tennis,factual
5879,निर्णायक चरण में खिलाड़ी ने आज मैदान पर आग लगा दी।,positive,multi-sport,domain_context
5880,दबाव वाले मुकाबले में जोड़ी का मुकाबला में असंगत खेल टीम पर भारी पड़ा।,negative,badminton,contextual
5881,महत्वपूर्ण मौके पर गोलकीपर का सेमीफाइनल में असंगत खेल टीम पर भारी पड़ा।,negative,football,contextual
5882,घरेलू मैदान पर युवा शटलर मैच से पहले प्रशिक्षण कर रहा है।,neutral,badminton,factual
5883,एथलीट ने दौड़ में यादगार प्रदर्शन करते हुए मुकाबला अपने नाम कर लिया।,positive,athletics,paraphrase
5884,प्लेऑफ प्रशंसकों के सामने आयोजित होगा और खिलाड़ी इसमें हिस्सा लेगा।,neutral,kabaddi,factual
5885,खिलाड़ी अगले सेट से पहले कोच के साथ बैठक करेगा।,neutral,badminton,domain_context
5886,चैंपियन मुकाबला के लिए रणनीति पर चर्चा कर रही है।,neutral,badminton,neutral
5887,महत्वपूर्ण मौके पर भारतीय खिलाड़ी ने सेट में बेहतरीन खेल दिखाकर महत्वपूर्ण योगदान दिया।,positive,tennis,contextual
5888,दबाव वाले मुकाबले में बल्लेबाज ने ओवर में कई आसान मौके गंवाए।,negative,cricket,domain_context
5889,लंबे ब्रेक के बाद गेंदबाज का मुकाबला में खराब खेल टीम पर भारी पड़ा।,negative,cricket,contextual
5890,घरेलू मैदान पर रेडर ने फाइनल में उत्कृष्ट खेल दिखाकर शानदार वापसी की।,positive,kabaddi,contextual
5891,घरेलू मैदान पर कप्तान का सेट में फीका खेल टीम पर भारी पड़ा।,negative,tennis,contextual
5892,भारतीय टीम ने मुकाबला में खराब प्रदर्शन किया और लगातार गलतियां कीं।,negative,football,paraphrase
5893,लगातार तीसरे मैच में भारतीय शटलर ने सेट में बेहतरीन खेल दिखाकर शानदार वापसी की।,positive,badminton,contextual
5894,महत्वपूर्ण मौके पर भारतीय धावक का फाइनल में बेअसर खेल टीम पर भारी पड़ा।,negative,athletics,contextual
5895,लंबे ब्रेक के बाद भारतीय शटलर का फाइनल में लचर खेल टीम पर भारी पड़ा।,negative,badminton,contextual
5896,गेंदबाज ने सीरीज के लिए यात्रा कार्यक्रम साझा किया।,neutral,cricket,domain_context
5897,डिफेंडर ने फाइनल में यादगार खेल दिखाया और टीम को जीत दिलाई।,positive,kabaddi,domain_context
5898,टूर्नामेंट के अहम चरण में हॉकी टीम फाइनल से पहले प्रशिक्षण कर रहा है।,neutral,hockey,factual
5899,घरेलू मैदान पर डिफेंडर ने मुकाबला में जबरदस्त खेल दिखाकर लगातार अच्छा प्रदर्शन किया।,positive,hockey,contextual
5900,फाइनल टूर्नामेंट के अहम चरण में आयोजित होगा और कप्तान इसमें हिस्सा लेगा।,neutral,tennis,factual
5901,दबाव वाले मुकाबले में खिलाड़ी ने मुकाबला में बेहतरीन खेल दिखाकर मुकाबला अपने नाम कर लिया।,positive,tennis,contextual
5902,प्रशंसकों के सामने भारत मुकाबला से पहले प्रशिक्षण कर रहा है।,neutral,cricket,factual
5903,इस मुकाबले में भारत ने मुकाबला में बेहतरीन तालमेल के साथ जीत हासिल की।,positive,cricket,domain_context
5904,घरेलू मैदान पर भारतीय खिलाड़ी ने फाइनल से पहले प्रशिक्षण पूरा किया।,neutral,tennis,domain_context
5905,खिलाड़ी ने मैच में बेअसर प्रदर्शन किया और बढ़त गंवा दी।,negative,kabaddi,paraphrase
5906,लंबे ब्रेक के बाद टेनिस स्टार का सेट में फीका खेल टीम पर भारी पड़ा।,negative,tennis,contextual
5907,लगातार तीसरे मैच में विकेटकीपर का रन चेज में कमजोर खेल टीम पर भारी पड़ा।,negative,cricket,contextual
5908,दबाव वाले मुकाबले में हॉकी टीम का मुकाबला में फीका खेल टीम पर भारी पड़ा।,negative,hockey,contextual
5909,मैच आज आयोजित होगा और भारत इसमें हिस्सा लेगा।,neutral,cricket,factual
5910,फाइनल लगातार तीसरे मैच में आयोजित होगा और हॉकी टीम इसमें हिस्सा लेगा।,neutral,hockey,factual
5911,लंबे ब्रेक के बाद भारतीय धावक का प्रतियोगिता में निराशाजनक खेल टीम पर भारी पड़ा।,negative,athletics,contextual
5912,लंबे ब्रेक के बाद कप्तान ने सीरीज में धमाकेदार खेल दिखाकर मुकाबला अपने नाम कर लिया।,positive,cricket,contextual
5913,मैच लगातार तीसरे मैच में आयोजित होगा और भारत इसमें हिस्सा लेगा।,neutral,cricket,factual
5914,इस मुकाबले में कप्तान का फाइनल में खराब खेल टीम पर भारी पड़ा।,negative,tennis,contextual
5915,इस मुकाबले में भारतीय टीम ने मैच में उत्कृष्ट खेल दिखाकर लगातार अच्छा प्रदर्शन किया।,positive,kabaddi,contextual
5916,क्वार्टरफाइनल दबाव वाले मुकाबले में आयोजित होगा और कप्तान इसमें हिस्सा लेगा।,neutral,tennis,factual
5917,टूर्नामेंट के अहम चरण में डिफेंडर का फाइनल में निराशाजनक खेल टीम पर भारी पड़ा।,negative,hockey,contextual
5918,महत्वपूर्ण मौके पर खिलाड़ी ने लीग मैच में बेहतरीन खेल दिखाकर मुश्किल स्थिति से बाहर निकली।,positive,kabaddi,contextual
5919,आज एथलीट का रेस में लचर खेल टीम पर भारी पड़ा।,negative,athletics,contextual
5920,आज खिलाड़ी का मैच में कमजोर खेल टीम पर भारी पड़ा।,negative,kabaddi,contextual
5921,भारतीय धावक ने रेस में असंगत खेल दिखाया और टीम को नुकसान हुआ।,negative,athletics,domain_context
5922,जोड़ी गेम के लिए अगले मुकाबले की तैयारी कर रही है।,neutral,badminton,neutral
5923,दबाव वाले मुकाबले में खिलाड़ी ने प्रतियोगिता में धमाकेदार खेल दिखाकर मुश्किल स्थिति से बाहर निकली।,positive,athletics,contextual
5924,दबाव वाले मुकाबले में कप्तान का मैच में खराब खेल टीम पर भारी पड़ा।,negative,kabaddi,contextual
5925,लगातार तीसरे मैच में डिफेंडर ने फाइनल में शानदार खेल दिखाकर महत्वपूर्ण योगदान दिया।,positive,hockey,contextual
5926,आज भारतीय टीम ने फाइनल में जबरदस्त खेल दिखाकर लगातार अच्छा प्रदर्शन किया।,positive,football,contextual
5927,लंबे ब्रेक के बाद बल्लेबाज ने मैच से पहले प्रशिक्षण पूरा किया।,neutral,cricket,domain_context
5928,घरेलू मैदान पर डिफेंडर ने मुकाबला में शानदार खेल दिखाकर शानदार वापसी की।,positive,kabaddi,contextual
5929,भारतीय शटलर ने मैच में धमाकेदार प्रदर्शन करते हुए मुश्किल स्थिति से बाहर निकली।,positive,badminton,paraphrase
5930,दबाव वाले मुकाबले में टेनिस स्टार फाइनल से पहले प्रशिक्षण कर रहा है।,neutral,tennis,factual
5931,विकेटकीपर की पारी में फीका रणनीति काम नहीं आई।,negative,cricket,contextual
5932,आज कप्तान ने मैच में लाजवाब खेल दिखाकर मुकाबला अपने नाम कर लिया।,positive,football,contextual
5933,खिलाड़ी ने मैच के लिए नया अभ्यास कार्यक्रम शुरू किया।,neutral,kabaddi,domain_context
5934,गोलकीपर ने लीग मैच में निराश करने वाला प्रदर्शन किया और मुकाबला गंवा दिया।,negative,hockey,paraphrase
5935,इवेंट प्रशंसकों के सामने आयोजित होगा और युवा एथलीट इसमें हिस्सा लेगा।,neutral,athletics,factual
5936,आज धाविका दौड़ से पहले प्रशिक्षण कर रहा है।,neutral,athletics,factual
5937,सेट दबाव वाले मुकाबले में आयोजित होगा और जोड़ी इसमें हिस्सा लेगा।,neutral,badminton,factual
5938,महत्वपूर्ण मौके पर भारतीय शटलर ने सेट में धमाकेदार खेल दिखाकर मुकाबला अपने नाम कर लिया।,positive,badminton,contextual
5939,लगातार तीसरे मैच में डिफेंडर ने लीग मैच में उत्कृष्ट खेल दिखाकर जीत दर्ज की।,positive,football,contextual
5940,दबाव वाले मुकाबले में भारतीय धावक का रेस में खराब खेल टीम पर भारी पड़ा।,negative,athletics,contextual
5941,खिलाड़ी दौड़ के लिए प्रशिक्षण जारी रखे हुए है।,neutral,athletics,neutral
5942,प्रशंसकों के सामने टेनिस स्टार ने फाइनल में लाजवाब खेल दिखाकर महत्वपूर्ण योगदान दिया।,positive,tennis,contextual
5943,प्लेऑफ निर्णायक मैच में आयोजित होगा और भारतीय टीम इसमें हिस्सा लेगा।,neutral,kabaddi,factual
5944,चैंपियन मैच के लिए प्रशिक्षण जारी रखे हुए है।,neutral,badminton,neutral
5945,चैंपियन फाइनल के लिए अभ्यास सत्र में शामिल हुई।,neutral,badminton,neutral
5946,लगातार तीसरे मैच में भारतीय खिलाड़ी मैच से पहले प्रशिक्षण कर रहा है।,neutral,tennis,factual
5947,धाविका ने दौड़ में खराब प्रदर्शन किया और उम्मीदों पर खरी नहीं उतरी।,negative,athletics,paraphrase
5948,भारतीय खिलाड़ी ने सेट में असंगत खेल दिखाया और टीम को नुकसान हुआ।,negative,tennis,domain_context
5949,इस मुकाबले में डिफेंडर ने सेमीफाइनल में जबरदस्त खेल दिखाकर महत्वपूर्ण योगदान दिया।,positive,hockey,contextual
5950,दबाव वाले मुकाबले में भारतीय धावक ने इवेंट में उत्कृष्ट खेल दिखाकर मुकाबला अपने नाम कर लिया।,positive,athletics,contextual
5951,इस मुकाबले में रेडर ने मैच में शानदार खेल दिखाकर मुश्किल स्थिति से बाहर निकली।,positive,kabaddi,contextual
5952,महत्वपूर्ण मौके पर खिलाड़ी प्रतियोगिता से पहले प्रशिक्षण कर रहा है।,neutral,athletics,factual
5953,युवा एथलीट ने प्रतियोगिता में यादगार प्रदर्शन करते हुए लगातार अच्छा प्रदर्शन किया।,positive,athletics,paraphrase
5954,घरेलू मैदान पर फॉरवर्ड ने सेमीफाइनल में बेहतरीन खेल दिखाकर जीत दर्ज की।,positive,hockey,contextual
5955,दबाव वाले मुकाबले में टेनिस स्टार ने फाइनल में शानदार खेल दिखाकर मुश्किल स्थिति से बाहर निकली।,positive,tennis,contextual
5956,टूर्नामेंट के अहम चरण में जोड़ी ने सेट में धमाकेदार खेल दिखाकर दबदबा कायम रखा।,positive,badminton,contextual
5957,लगातार तीसरे मैच में कप्तान ने मैच में यादगार खेल दिखाकर दबदबा कायम रखा।,positive,tennis,contextual
5958,इस मुकाबले में खिलाड़ी गेम से पहले प्रशिक्षण कर रहा है।,neutral,badminton,factual
5959,टूर्नामेंट के अहम चरण में चैंपियन ने फाइनल से पहले प्रशिक्षण पूरा किया।,neutral,badminton,domain_context
5960,लगातार तीसरे मैच में खिलाड़ी का फाइनल में कमजोर खेल टीम पर भारी पड़ा।,negative,athletics,contextual
5961,गेंदबाज ने मैच में लचर प्रदर्शन किया और अपनी लय खो दी।,negative,cricket,paraphrase
5962,घरेलू मैदान पर युवा शटलर ने मैच में उत्कृष्ट खेल दिखाकर जीत दर्ज की।,positive,badminton,contextual
5963,इस मुकाबले में जोड़ी का मैच में कमजोर खेल टीम पर भारी पड़ा।,negative,badminton,contextual
5964,महत्वपूर्ण मौके पर क्लब फाइनल से पहले प्रशिक्षण कर रहा है।,neutral,football,factual
5965,भारत ने पारी के लिए यात्रा कार्यक्रम साझा किया।,neutral,cricket,domain_context
5966,मैच निर्णायक मैच में आयोजित होगा और भारतीय शटलर इसमें हिस्सा लेगा।,neutral,badminton,factual
5967,घरेलू मैदान पर कप्तान का मुकाबला में लचर खेल टीम पर भारी पड़ा।,negative,kabaddi,contextual
5968,रेस लंबे ब्रेक के बाद आयोजित होगा और एथलीट इसमें हिस्सा लेगा।,neutral,athletics,factual
5969,महत्वपूर्ण मौके पर बल्लेबाज ओवर से पहले प्रशिक्षण कर रहा है।,neutral,cricket,factual
5970,प्रशंसकों के सामने हॉकी टीम सेमीफाइनल से पहले प्रशिक्षण कर रहा है।,neutral,hockey,factual
5971,खिलाड़ी ने रेस में शानदार खेल दिखाया और टीम को जीत दिलाई।,positive,athletics,domain_context
5972,इस मुकाबले में भारतीय खिलाड़ी ने मुकाबला में उत्कृष्ट खेल दिखाकर मुश्किल स्थिति से बाहर निकली।,positive,tennis,contextual
5973,गोलकीपर मैच के लिए अगले मुकाबले की तैयारी कर रही है।,neutral,hockey,neutral
5974,महत्वपूर्ण मौके पर गोलकीपर ने फाइनल में कमाल का खेल दिखाकर जीत दर्ज की।,positive,hockey,contextual
5975,निर्णायक मैच में हॉकी टीम ने सेमीफाइनल में धमाकेदार खेल दिखाकर महत्वपूर्ण योगदान दिया।,positive,hockey,contextual
5976,लंबे ब्रेक के बाद युवा शटलर ने सेट में बेहतरीन खेल दिखाकर लगातार अच्छा प्रदर्शन किया।,positive,badminton,contextual
5977,युवा शटलर की टीम मैच के लिए अपनी अंतिम सूची तैयार कर रही है।,neutral,badminton,domain_context
5978,दबाव वाले मुकाबले में युवा शटलर का गेम में बेअसर खेल टीम पर भारी पड़ा।,negative,badminton,contextual
5979,लंबे ब्रेक के बाद भारतीय टीम ने मुकाबला में बेहतरीन खेल दिखाकर दबदबा कायम रखा।,positive,kabaddi,contextual
5980,युवा खिलाड़ी की सेट में लचर रणनीति काम नहीं आई।,negative,tennis,contextual
5981,दबाव वाले मुकाबले में बल्लेबाज ने पारी में शानदार खेल दिखाकर जीत दर्ज की।,positive,cricket,contextual
5982,महत्वपूर्ण मौके पर गोलकीपर ने लीग मैच में उत्कृष्ट खेल दिखाकर शानदार वापसी की।,positive,football,contextual
5983,दबाव वाले मुकाबले में भारतीय खिलाड़ी ने मुकाबला में यादगार खेल दिखाकर महत्वपूर्ण योगदान दिया।,positive,tennis,contextual
5984,महत्वपूर्ण मौके पर धाविका ने रेस में कमाल का खेल दिखाकर शानदार वापसी की।,positive,athletics,contextual
5985,युवा एथलीट ने दौड़ में असंगत प्रदर्शन किया और मुकाबला गंवा दिया।,negative,athletics,paraphrase
5986,टूर्नामेंट के अहम चरण में जोड़ी का सेट में बेअसर खेल टीम पर भारी पड़ा।,negative,badminton,contextual
5987,लगातार तीसरे मैच में भारतीय खिलाड़ी का फाइनल में खराब खेल टीम पर भारी पड़ा।,negative,tennis,contextual
5988,प्रशंसकों के सामने खिलाड़ी ने मैच में धमाकेदार खेल दिखाकर मुश्किल स्थिति से बाहर निकली।,positive,tennis,contextual
5989,डिफेंडर ने फाइनल में निराश करने वाला प्रदर्शन किया और उम्मीदों पर खरी नहीं उतरी।,negative,kabaddi,paraphrase
5990,निर्णायक मैच में कप्तान क्वार्टरफाइनल से पहले प्रशिक्षण कर रहा है।,neutral,tennis,factual
5991,इस मुकाबले में खिलाड़ी रेस से पहले प्रशिक्षण कर रहा है।,neutral,athletics,factual
5992,लंबे ब्रेक के बाद खिलाड़ी का क्वार्टरफाइनल में लचर खेल टीम पर भारी पड़ा।,negative,tennis,contextual
5993,आज फॉरवर्ड ने मुकाबला में लाजवाब खेल दिखाकर मुश्किल स्थिति से बाहर निकली।,positive,hockey,contextual
5994,डिफेंडर ने मुकाबला में फीका प्रदर्शन किया और बढ़त गंवा दी।,negative,kabaddi,paraphrase
5995,भारतीय टीम ने लीग मैच में कमजोर प्रदर्शन किया और लगातार गलतियां कीं।,negative,hockey,paraphrase
5996,डिफेंडर ने लीग मैच में लचर प्रदर्शन किया और लगातार गलतियां कीं।,negative,football,paraphrase
5997,फॉरवर्ड ने मुकाबला में खराब प्रदर्शन किया और दबाव में बिखर गई।,negative,football,paraphrase
5998,धाविका फाइनल के लिए अगले मुकाबले की तैयारी कर रही है।,neutral,athletics,neutral
5999,लंबे ब्रेक के बाद खिलाड़ी ने लीग मैच में उत्कृष्ट खेल दिखाकर मुकाबला अपने नाम कर लिया।,positive,kabaddi,contextual
6000,दबाव वाले मुकाबले में रेडर का फाइनल में खराब खेल टीम पर भारी पड़ा।,negative,kabaddi,contextual
6001,लंबे ब्रेक के बाद गोलकीपर का फाइनल में बेअसर खेल टीम पर भारी पड़ा।,negative,hockey,contextual
6002,दबाव वाले मुकाबले में क्लब ने लीग मैच में कमाल का खेल दिखाकर जीत दर्ज की।,positive,football,contextual
6003,टूर्नामेंट के अहम चरण में डिफेंडर ने सेमीफाइनल में जबरदस्त खेल दिखाकर शानदार वापसी की।,positive,hockey,contextual
6004,लगातार तीसरे मैच में चैंपियन का मैच में असंगत खेल टीम पर भारी पड़ा।,negative,badminton,contextual
6005,निर्णायक मैच में डिफेंडर का मुकाबला में असंगत खेल टीम पर भारी पड़ा।,negative,hockey,contextual
6006,टूर्नामेंट के अहम चरण में भारतीय टीम ने पारी से पहले प्रशिक्षण पूरा किया।,neutral,cricket,domain_context
6007,हॉकी टीम ने मैच में कमाल का प्रदर्शन करते हुए जीत दर्ज की।,positive,hockey,paraphrase
6008,टूर्नामेंट के अहम चरण में विकेटकीपर ने पारी में बेहतरीन खेल दिखाकर शानदार वापसी की।,positive,cricket,contextual
6009,लंबे ब्रेक के बाद जोड़ी ने मुकाबला में कमाल का खेल दिखाकर शानदार वापसी की।,positive,badminton,contextual
6010,खिलाड़ी ने लीग मैच के लिए तैयारी शुरू कर दी।,neutral,kabaddi,factual
6011,"Aaj, Team ka performance bahut disappointing raha.",negative,multi-sport,code_mixed
6012,लंबे ब्रेक के बाद डिफेंडर का प्लेऑफ में खराब खेल टीम पर भारी पड़ा।,negative,kabaddi,contextual
6013,महत्वपूर्ण मौके पर धाविका इवेंट से पहले प्रशिक्षण कर रहा है।,neutral,athletics,factual
6014,लंबे ब्रेक के बाद डिफेंडर सेमीफाइनल से पहले प्रशिक्षण कर रहा है।,neutral,football,factual
6015,धाविका रेस के लिए रणनीति पर चर्चा कर रही है।,neutral,athletics,neutral
6016,निर्णायक मैच में बल्लेबाज ने पारी में कमाल का खेल दिखाकर दबदबा कायम रखा।,positive,cricket,contextual
6017,प्रशंसकों के सामने गोलकीपर ने मैच में शानदार खेल दिखाकर मुकाबला अपने नाम कर लिया।,positive,football,contextual
6018,आज हॉकी टीम ने मैच में जबरदस्त खेल दिखाकर मुश्किल स्थिति से बाहर निकली।,positive,hockey,contextual
6019,टूर्नामेंट के अहम चरण में खिलाड़ी ने रेस में धमाकेदार खेल दिखाकर शानदार वापसी की।,positive,athletics,contextual
6020,महत्वपूर्ण मौके पर कप्तान ने प्लेऑफ में शानदार खेल दिखाकर मुकाबला अपने नाम कर लिया।,positive,kabaddi,contextual
6021,युवा खिलाड़ी ने मुकाबला में फीका प्रदर्शन किया और लगातार गलतियां कीं।,negative,tennis,paraphrase
6022,युवा शटलर ने गेम में निराशाजनक प्रदर्शन किया और अपनी लय खो दी।,negative,badminton,paraphrase
6023,प्रशंसकों के सामने रेडर का प्लेऑफ में निराशाजनक खेल टीम पर भारी पड़ा।,negative,kabaddi,contextual
6024,भारतीय खिलाड़ी फाइनल के लिए अगले मुकाबले की तैयारी कर रही है।,neutral,tennis,neutral
6025,घरेलू मैदान पर खिलाड़ी ने फाइनल में बेहतरीन खेल दिखाकर जीत दर्ज की।,positive,tennis,contextual
6026,प्रशंसकों के सामने हॉकी टीम ने सेमीफाइनल में शानदार खेल दिखाकर मुश्किल स्थिति से बाहर निकली।,positive,hockey,contextual
6027,घरेलू मैदान पर भारत ने पारी में धमाकेदार खेल दिखाकर शानदार वापसी की।,positive,cricket,contextual
6028,आज खिलाड़ी ने क्वार्टरफाइनल में जबरदस्त खेल दिखाकर मुश्किल स्थिति से बाहर निकली।,positive,tennis,contextual
6029,महत्वपूर्ण मौके पर युवा एथलीट ने प्रतियोगिता से पहले प्रशिक्षण पूरा किया।,neutral,athletics,domain_context
6030,मैच आज आयोजित होगा और खिलाड़ी इसमें हिस्सा लेगा।,neutral,tennis,factual
6031,आज एथलीट ने दौड़ में बेहतरीन तालमेल के साथ जीत हासिल की।,positive,athletics,domain_context
6032,महत्वपूर्ण मौके पर जोड़ी ने सेट में उत्कृष्ट खेल दिखाकर जीत दर्ज की।,positive,badminton,contextual
6033,इस मुकाबले में डिफेंडर ने मैच में जबरदस्त खेल दिखाकर दबदबा कायम रखा।,positive,football,contextual
6034,लगातार तीसरे मैच में युवा एथलीट का रेस में बेअसर खेल टीम पर भारी पड़ा।,negative,athletics,contextual
6035,टूर्नामेंट के अहम चरण में भारतीय टीम का सेमीफाइनल में लचर खेल टीम पर भारी पड़ा।,negative,hockey,contextual
6036,दबाव वाले मुकाबले में भारतीय खिलाड़ी ने क्वार्टरफाइनल में धमाकेदार खेल दिखाकर मुश्किल स्थिति से बाहर निकली।,positive,tennis,contextual
6037,टूर्नामेंट के अहम चरण में खिलाड़ी ने प्लेऑफ में बेहतरीन खेल दिखाकर दबदबा कायम रखा।,positive,kabaddi,contextual
6038,भारतीय शटलर ने मैच के लिए तैयारी शुरू कर दी।,neutral,badminton,factual
6039,लगातार तीसरे मैच में फॉरवर्ड का फाइनल में बेअसर खेल टीम पर भारी पड़ा।,negative,hockey,contextual
6040,घरेलू मैदान पर क्लब का फाइनल में कमजोर खेल टीम पर भारी पड़ा।,negative,football,contextual
6041,डिफेंडर ने मुकाबला में बेहतरीन प्रदर्शन करते हुए दबदबा कायम रखा।,positive,football,paraphrase
6042,कप्तान ने फाइनल में निराश करने वाला प्रदर्शन किया और उम्मीदों पर खरी नहीं उतरी।,negative,tennis,paraphrase
6043,खिलाड़ी ने मुकाबला में कमजोर प्रदर्शन किया और बढ़त गंवा दी।,negative,tennis,paraphrase
6044,प्रशंसकों के सामने भारतीय टीम ने सेमीफाइनल में कमाल का खेल दिखाकर लगातार अच्छा प्रदर्शन किया।,positive,hockey,contextual
6045,आज डिफेंडर का सेमीफाइनल में निराश करने वाला खेल टीम पर भारी पड़ा।,negative,football,contextual
6046,महत्वपूर्ण मौके पर खिलाड़ी का सेट में लचर खेल टीम पर भारी पड़ा।,negative,tennis,contextual
6047,प्रशंसकों के सामने युवा खिलाड़ी ने सेट में जबरदस्त खेल दिखाकर जीत दर्ज की।,positive,tennis,contextual
6048,मैच महत्वपूर्ण मौके पर आयोजित होगा और डिफेंडर इसमें हिस्सा लेगा।,neutral,football,factual
6049,लंबे ब्रेक के बाद खिलाड़ी ने इवेंट में उत्कृष्ट खेल दिखाकर दबदबा कायम रखा।,positive,athletics,contextual
6050,चैंपियन मुकाबला के लिए मैच के लिए रवाना हुई।,neutral,badminton,neutral
6051,इस मुकाबले में डिफेंडर का फाइनल में असंगत खेल टीम पर भारी पड़ा।,negative,hockey,contextual
6052,आज युवा एथलीट ने रेस में लाजवाब खेल दिखाकर जीत दर्ज की।,positive,athletics,contextual
6053,मुकाबला लगातार तीसरे मैच में आयोजित होगा और टेनिस स्टार इसमें हिस्सा लेगा।,neutral,tennis,factual
6054,लगातार तीसरे मैच में खिलाड़ी का क्वार्टरफाइनल में बेअसर खेल टीम पर भारी पड़ा।,negative,tennis,contextual
6055,सेमीफाइनल घरेलू मैदान पर आयोजित होगा और फॉरवर्ड इसमें हिस्सा लेगा।,neutral,football,factual
6056,लंबे अंतराल के बाद प्रदर्शन उम्मीद के मुताबिक नहीं रहा।,negative,multi-sport,domain_context
6057,रन चेज घरेलू मैदान पर आयोजित होगा और बल्लेबाज इसमें हिस्सा लेगा।,neutral,cricket,factual
6058,गेंदबाज अगले रन चेज से पहले कोच के साथ बैठक करेगा।,neutral,cricket,domain_context
6059,लगातार तीसरे मैच में डिफेंडर ने मैच में जबरदस्त खेल दिखाकर दबदबा कायम रखा।,positive,hockey,contextual
6060,मैच से पहले टीम की रक्षात्मक चूक भारी पड़ गई।,negative,multi-sport,domain_context
6061,महत्वपूर्ण मौके पर भारतीय टीम ने मैच में जबरदस्त खेल दिखाकर जीत दर्ज की।,positive,hockey,contextual
6062,भारतीय खिलाड़ी फाइनल के लिए अगले दौर के लिए पहुंची।,neutral,tennis,neutral
6063,महत्वपूर्ण मौके पर गोलकीपर ने फाइनल में लाजवाब खेल दिखाकर महत्वपूर्ण योगदान दिया।,positive,football,contextual
6064,टूर्नामेंट के अहम चरण में भारतीय खिलाड़ी का सेट में खराब खेल टीम पर भारी पड़ा।,negative,tennis,contextual
6065,महत्वपूर्ण मौके पर खिलाड़ी का मुकाबला में बेअसर खेल टीम पर भारी पड़ा।,negative,badminton,contextual
6066,कप्तान ओवर के लिए अगले दौर के लिए पहुंची।,neutral,cricket,neutral
6067,लंबे ब्रेक के बाद क्लब सेमीफाइनल से पहले प्रशिक्षण कर रहा है।,neutral,football,factual
6068,इस मुकाबले में डिफेंडर ने लीग मैच में लाजवाब खेल दिखाकर दबदबा कायम रखा।,positive,football,contextual
6069,रेडर ने मैच में निराश करने वाला खेल दिखाया और टीम को नुकसान हुआ।,negative,kabaddi,domain_context
6070,इस मुकाबले में गोलकीपर ने मैच में यादगार खेल दिखाकर मुकाबला अपने नाम कर लिया।,positive,football,contextual
6071,प्रशंसकों के सामने युवा एथलीट ने दौड़ में कमाल का खेल दिखाकर दबदबा कायम रखा।,positive,athletics,contextual
6072,भारत पारी के लिए अभ्यास सत्र में शामिल हुई।,neutral,cricket,neutral
6073,गेंदबाज की रन चेज में फीका रणनीति काम नहीं आई।,negative,cricket,contextual
6074,टूर्नामेंट के अहम चरण में युवा खिलाड़ी ने फाइनल में बेहतरीन खेल दिखाकर लगातार अच्छा प्रदर्शन किया।,positive,tennis,contextual
6075,निर्णायक मैच में डिफेंडर का मैच में बेअसर खेल टीम पर भारी पड़ा।,negative,hockey,contextual
6076,लंबे ब्रेक के बाद खिलाड़ी ने मुकाबला में कमाल का खेल दिखाकर लगातार अच्छा प्रदर्शन किया।,positive,badminton,contextual
6077,खिलाड़ी की मुकाबला में फीका रणनीति काम नहीं आई।,negative,badminton,contextual
6078,आज भारतीय टीम ने मुकाबला में जबरदस्त खेल दिखाकर मुकाबला अपने नाम कर लिया।,positive,kabaddi,contextual
6079,लगातार तीसरे मैच में फॉरवर्ड का मैच में फीका खेल टीम पर भारी पड़ा।,negative,hockey,contextual
6080,इस मुकाबले में फॉरवर्ड का मुकाबला में असंगत खेल टीम पर भारी पड़ा।,negative,hockey,contextual
6081,महत्वपूर्ण मौके पर खिलाड़ी ने क्वार्टरफाइनल में धमाकेदार खेल दिखाकर मुश्किल स्थिति से बाहर निकली।,positive,tennis,contextual
6082,टूर्नामेंट के अहम चरण में जोड़ी का मुकाबला में बेअसर खेल टीम पर भारी पड़ा।,negative,badminton,contextual
6083,महत्वपूर्ण मौके पर गोलकीपर ने सेमीफाइनल में जबरदस्त खेल दिखाकर दबदबा कायम रखा।,positive,football,contextual
6084,टूर्नामेंट के अहम चरण में भारतीय धावक का फाइनल में फीका खेल टीम पर भारी पड़ा।,negative,athletics,contextual
6085,डिफेंडर ने मैच में खराब प्रदर्शन किया और अपनी लय खो दी।,negative,football,paraphrase
6086,गोलकीपर ने मुकाबला में फीका प्रदर्शन किया और महत्वपूर्ण मौका गंवाया।,negative,hockey,paraphrase
6087,महत्वपूर्ण मौके पर भारतीय टीम ने मैच में कमाल का खेल दिखाकर जीत दर्ज की।,positive,kabaddi,contextual
6088,इवेंट लंबे ब्रेक के बाद आयोजित होगा और युवा एथलीट इसमें हिस्सा लेगा।,neutral,athletics,factual
6089,प्रशंसकों के सामने कप्तान ने रन चेज में शानदार खेल दिखाकर मुकाबला अपने नाम कर लिया।,positive,cricket,contextual
6090,इस मुकाबले में बल्लेबाज ने पारी में बेहतरीन तालमेल के साथ जीत हासिल की।,positive,cricket,domain_context
6091,लगातार तीसरे मैच में डिफेंडर ने लीग मैच में जबरदस्त खेल दिखाकर दबदबा कायम रखा।,positive,football,contextual
6092,लगातार तीसरे मैच में युवा खिलाड़ी का फाइनल में बेअसर खेल टीम पर भारी पड़ा।,negative,tennis,contextual
6093,दबाव वाले मुकाबले में डिफेंडर का फाइनल में खराब खेल टीम पर भारी पड़ा।,negative,football,contextual
6094,हॉकी टीम ने मैच के लिए तैयारी शुरू कर दी।,neutral,hockey,factual
6095,सेमीफाइनल दबाव वाले मुकाबले में आयोजित होगा और फॉरवर्ड इसमें हिस्सा लेगा।,neutral,hockey,factual
6096,लगातार तीसरे मैच में खिलाड़ी लीग मैच से पहले प्रशिक्षण कर रहा है।,neutral,kabaddi,factual
6097,रेडर की मैच में लचर रणनीति काम नहीं आई।,negative,kabaddi,contextual
6098,फाइनल लगातार तीसरे मैच में आयोजित होगा और डिफेंडर इसमें हिस्सा लेगा।,neutral,hockey,factual
6099,इस मुकाबले में रेडर का लीग मैच में बेअसर खेल टीम पर भारी पड़ा।,negative,kabaddi,contextual
6100,इस मुकाबले में भारत ने मैच में कमाल का खेल दिखाकर मुकाबला अपने नाम कर लिया।,positive,cricket,contextual
6101,निर्णायक मैच में खिलाड़ी ने क्वार्टरफाइनल में उत्कृष्ट खेल दिखाकर दबदबा कायम रखा।,positive,tennis,contextual
6102,आज खिलाड़ी ने मुकाबला में शानदार खेल दिखाकर महत्वपूर्ण योगदान दिया।,positive,badminton,contextual
6103,क्वार्टरफाइनल निर्णायक मैच में आयोजित होगा और भारतीय खिलाड़ी इसमें हिस्सा लेगा।,neutral,tennis,factual
6104,लगातार तीसरे मैच में भारतीय शटलर ने मैच में शानदार खेल दिखाकर लगातार अच्छा प्रदर्शन किया।,positive,badminton,contextual
6105,महत्वपूर्ण मौके पर गोलकीपर का फाइनल में फीका खेल टीम पर भारी पड़ा।,negative,hockey,contextual
6106,युवा खिलाड़ी फाइनल के लिए प्रशिक्षण जारी रखे हुए है।,neutral,tennis,neutral
6107,टूर्नामेंट के अहम चरण में भारतीय टीम प्लेऑफ से पहले प्रशिक्षण कर रहा है।,neutral,kabaddi,factual
6108,दबाव वाले मुकाबले में चैंपियन ने सेट में लाजवाब खेल दिखाकर शानदार वापसी की।,positive,badminton,contextual
6109,प्रशंसकों के सामने कप्तान ने फाइनल में उत्कृष्ट खेल दिखाकर लगातार अच्छा प्रदर्शन किया।,positive,football,contextual
6110,घरेलू मैदान पर हॉकी टीम ने फाइनल में उत्कृष्ट खेल दिखाकर मुश्किल स्थिति से बाहर निकली।,positive,hockey,contextual
6111,लंबे ब्रेक के बाद भारतीय टीम का लीग मैच में खराब खेल टीम पर भारी पड़ा।,negative,hockey,contextual
6112,महत्वपूर्ण मौके पर फॉरवर्ड का मैच में फीका खेल टीम पर भारी पड़ा।,negative,football,contextual
6113,घरेलू मैदान पर भारतीय टीम ने सीरीज में लाजवाब खेल दिखाकर महत्वपूर्ण योगदान दिया।,positive,cricket,contextual
6114,टूर्नामेंट के अहम चरण में युवा एथलीट का दौड़ में निराशाजनक खेल टीम पर भारी पड़ा।,negative,athletics,contextual
6115,भारत मुकाबला के लिए टूर्नामेंट में हिस्सा ले रही है।,neutral,cricket,neutral
6116,घरेलू मैदान पर भारतीय खिलाड़ी ने मैच में बेहतरीन खेल दिखाकर मुकाबला अपने नाम कर लिया।,positive,tennis,contextual
6117,घरेलू मैदान पर भारतीय धावक ने फाइनल से पहले प्रशिक्षण पूरा किया।,neutral,athletics,domain_context
6118,टूर्नामेंट के अहम चरण में गोलकीपर ने मैच में उत्कृष्ट खेल दिखाकर जीत दर्ज की।,positive,hockey,contextual
6119,इस मुकाबले में एथलीट ने दौड़ में यादगार खेल दिखाकर जीत दर्ज की।,positive,athletics,contextual
6120,इस मुकाबले में खिलाड़ी का रेस में लचर खेल टीम पर भारी पड़ा।,negative,athletics,contextual
6121,दबाव वाले मुकाबले में भारतीय टीम ने मुकाबला में कई आसान मौके गंवाए।,negative,kabaddi,domain_context
6122,महत्वपूर्ण मौके पर टेनिस स्टार ने मुकाबला में धमाकेदार खेल दिखाकर जीत दर्ज की।,positive,tennis,contextual
6123,टूर्नामेंट के अहम चरण में जोड़ी ने मुकाबला में यादगार खेल दिखाकर शानदार वापसी की।,positive,badminton,contextual
6124,दबाव वाले मुकाबले में युवा एथलीट प्रतियोगिता से पहले प्रशिक्षण कर रहा है।,neutral,athletics,factual
6125,फॉरवर्ड ने फाइनल में खराब प्रदर्शन किया और दबाव में बिखर गई।,negative,football,paraphrase
6126,प्रशंसकों के सामने युवा एथलीट ने दौड़ से पहले प्रशिक्षण पूरा किया।,neutral,athletics,domain_context
6127,"Match se pehle, Team ne match apne naam kar liya.",positive,multi-sport,code_mixed
6128,भारतीय धावक ने इवेंट के दौरान लगातार गलत फैसले लिए।,negative,athletics,domain_context
6129,फॉरवर्ड ने फाइनल में असंगत प्रदर्शन किया और उम्मीदों पर खरी नहीं उतरी।,negative,hockey,paraphrase
6130,प्रशंसकों के सामने खिलाड़ी ने मुकाबला से पहले प्रशिक्षण पूरा किया।,neutral,badminton,domain_context
6131,कप्तान की मुकाबला में खराब रणनीति काम नहीं आई।,negative,football,contextual
6132,घरेलू मैदान पर भारतीय टीम ने मैच में जबरदस्त खेल दिखाकर मुकाबला अपने नाम कर लिया।,positive,hockey,contextual
6133,घरेलू मैदान पर खिलाड़ी ने मैच में लाजवाब खेल दिखाकर मुकाबला अपने नाम कर लिया।,positive,badminton,contextual
6134,इस मुकाबले में खिलाड़ी ने मुकाबला में उत्कृष्ट खेल दिखाकर महत्वपूर्ण योगदान दिया।,positive,tennis,contextual
6135,डिफेंडर की फाइनल में कमजोर रणनीति काम नहीं आई।,negative,football,contextual
6136,इस मुकाबले में गेंदबाज का पारी में लचर खेल टीम पर भारी पड़ा।,negative,cricket,contextual
6137,लंबे ब्रेक के बाद खिलाड़ी का मैच में निराशाजनक खेल टीम पर भारी पड़ा।,negative,kabaddi,contextual
6138,लंबे ब्रेक के बाद हॉकी टीम ने सेमीफाइनल में धमाकेदार खेल दिखाकर जीत दर्ज की।,positive,hockey,contextual
6139,रेडर ने प्लेऑफ के लिए यात्रा कार्यक्रम साझा किया।,neutral,kabaddi,domain_context
6140,लंबे ब्रेक के बाद युवा एथलीट का दौड़ में निराश करने वाला खेल टीम पर भारी पड़ा।,negative,athletics,contextual
6141,निर्णायक मैच में भारतीय शटलर का फाइनल में असंगत खेल टीम पर भारी पड़ा।,negative,badminton,contextual
6142,गेंदबाज की ओवर में बेअसर रणनीति काम नहीं आई।,negative,cricket,contextual
6143,फॉरवर्ड ने लीग मैच में लचर प्रदर्शन किया और मुकाबला गंवा दिया।,negative,hockey,paraphrase
6144,जोड़ी की टीम फाइनल के लिए अपनी अंतिम सूची तैयार कर रही है।,neutral,badminton,domain_context
6145,टेनिस स्टार ने सेट में उत्कृष्ट प्रदर्शन करते हुए मुकाबला अपने नाम कर लिया।,positive,tennis,paraphrase
6146,फाइनल प्रशंसकों के सामने आयोजित होगा और गोलकीपर इसमें हिस्सा लेगा।,neutral,hockey,factual
6147,भारतीय टीम ने लीग मैच में बेअसर प्रदर्शन किया और अपनी लय खो दी।,negative,hockey,paraphrase
6148,इस मुकाबले में गेंदबाज ने रन चेज में शानदार खेल दिखाकर दबदबा कायम रखा।,positive,cricket,contextual
6149,बल्लेबाज ने रन चेज में लचर प्रदर्शन किया और अपनी लय खो दी।,negative,cricket,paraphrase
6150,एथलीट अगले फाइनल से पहले कोच के साथ बैठक करेगा।,neutral,athletics,domain_context
6151,बल्लेबाज ने ओवर में लाजवाब प्रदर्शन करते हुए दबदबा कायम रखा।,positive,cricket,paraphrase
6152,"युवा शटलर ने मेहनत तो की, लेकिन मैच में अपनी बढ़त गंवा दी।",negative,badminton,negation
6153,घरेलू मैदान पर गोलकीपर ने मुकाबला में यादगार खेल दिखाकर दबदबा कायम रखा।,positive,football,contextual
6154,चैंपियन ने फाइनल में लचर प्रदर्शन किया और उम्मीदों पर खरी नहीं उतरी।,negative,badminton,paraphrase
6155,एथलीट ने इवेंट में जबरदस्त खेल दिखाया और टीम को जीत दिलाई।,positive,athletics,domain_context
6156,रेडर ने प्लेऑफ में खराब प्रदर्शन किया और अपनी लय खो दी।,negative,kabaddi,paraphrase
6157,दबाव वाले मुकाबले में कप्तान का ओवर में लचर खेल टीम पर भारी पड़ा।,negative,cricket,contextual
6158,दबाव वाले मुकाबले में फॉरवर्ड ने फाइनल में कई आसान मौके गंवाए।,negative,football,domain_context
6159,टूर्नामेंट के अहम चरण में जोड़ी का फाइनल में फीका खेल टीम पर भारी पड़ा।,negative,badminton,contextual
6160,लंबे ब्रेक के बाद खिलाड़ी ने इवेंट में लाजवाब खेल दिखाकर लगातार अच्छा प्रदर्शन किया।,positive,athletics,contextual
6161,रेडर ने प्लेऑफ में फीका प्रदर्शन किया और लगातार गलतियां कीं।,negative,kabaddi,paraphrase
6162,मैच महत्वपूर्ण मौके पर आयोजित होगा और जोड़ी इसमें हिस्सा लेगा।,neutral,badminton,factual
6163,गेंदबाज मैच के लिए रणनीति पर चर्चा कर रही है।,neutral,cricket,neutral
6164,प्रशंसकों के सामने भारतीय खिलाड़ी का मुकाबला में फीका खेल टीम पर भारी पड़ा।,negative,tennis,contextual
6165,मुकाबला लंबे ब्रेक के बाद आयोजित होगा और रेडर इसमें हिस्सा लेगा।,neutral,kabaddi,factual
6166,इस मुकाबले में भारतीय खिलाड़ी ने मैच में यादगार खेल दिखाकर लगातार अच्छा प्रदर्शन किया।,positive,tennis,contextual
6167,कप्तान ने मुकाबला के लिए यात्रा कार्यक्रम साझा किया।,neutral,tennis,domain_context
6168,भारतीय खिलाड़ी फाइनल के लिए प्रशिक्षण जारी रखे हुए है।,neutral,tennis,neutral
6169,कप्तान ने लीग मैच में असंगत प्रदर्शन किया और दबाव में बिखर गई।,negative,kabaddi,paraphrase
6170,टूर्नामेंट के अहम चरण में गेंदबाज ने मुकाबला में जबरदस्त खेल दिखाकर मुश्किल स्थिति से बाहर निकली।,positive,cricket,contextual
6171,फॉरवर्ड की चूक से सेमीफाइनल में टीम की स्थिति बिगड़ गई।,negative,hockey,domain_context
6172,प्रशंसकों के सामने गोलकीपर ने मुकाबला में लाजवाब खेल दिखाकर मुश्किल स्थिति से बाहर निकली।,positive,football,contextual
6173,खिलाड़ी ने सेट में लाजवाब प्रदर्शन करते हुए जीत दर्ज की।,positive,tennis,paraphrase
6174,महत्वपूर्ण मौके पर गेंदबाज ने पारी में बेहतरीन तालमेल के साथ जीत हासिल की।,positive,cricket,domain_context
6175,टूर्नामेंट के अहम चरण में एथलीट ने रेस में बेहतरीन खेल दिखाकर शानदार वापसी की।,positive,athletics,contextual
6176,लगातार तीसरे मैच में भारतीय धावक इवेंट से पहले प्रशिक्षण कर रहा है।,neutral,athletics,factual
6177,इस मुकाबले में कप्तान ने लीग मैच में जबरदस्त खेल दिखाकर लगातार अच्छा प्रदर्शन किया।,positive,football,contextual
6178,निर्णायक मैच में भारतीय टीम का मैच में कमजोर खेल टीम पर भारी पड़ा।,negative,kabaddi,contextual
6179,टूर्नामेंट के अहम चरण में गोलकीपर ने सेमीफाइनल में बेहतरीन खेल दिखाकर मुश्किल स्थिति से बाहर निकली।,positive,hockey,contextual
6180,टूर्नामेंट के अहम चरण में भारतीय टीम का मुकाबला में लचर खेल टीम पर भारी पड़ा।,negative,kabaddi,contextual
6181,टूर्नामेंट के अहम चरण में बल्लेबाज पारी से पहले प्रशिक्षण कर रहा है।,neutral,cricket,factual
6182,पारी लगातार तीसरे मैच में आयोजित होगा और गेंदबाज इसमें हिस्सा लेगा।,neutral,cricket,factual
6183,धाविका ने रेस में कमजोर प्रदर्शन किया और लगातार गलतियां कीं।,negative,athletics,paraphrase
6184,आज कप्तान मैच से पहले प्रशिक्षण कर रहा है।,neutral,football,factual
6185,आज कप्तान ने फाइनल में कमाल का खेल दिखाकर महत्वपूर्ण योगदान दिया।,positive,football,contextual
6186,इस मुकाबले में खिलाड़ी ने फाइनल में बेहतरीन खेल दिखाकर मुश्किल स्थिति से बाहर निकली।,positive,athletics,contextual
6187,सेट इस मुकाबले में आयोजित होगा और खिलाड़ी इसमें हिस्सा लेगा।,neutral,badminton,factual
6188,फाइनल महत्वपूर्ण मौके पर आयोजित होगा और युवा खिलाड़ी इसमें हिस्सा लेगा।,neutral,tennis,factual
6189,क्लब ने लीग मैच में बेअसर प्रदर्शन किया और उम्मीदों पर खरी नहीं उतरी।,negative,football,paraphrase
6190,युवा खिलाड़ी ने फाइनल में निराशाजनक प्रदर्शन किया और लगातार गलतियां कीं।,negative,tennis,paraphrase
6191,घरेलू मैदान पर डिफेंडर का मुकाबला में खराब खेल टीम पर भारी पड़ा।,negative,football,contextual
6192,लंबे ब्रेक के बाद गोलकीपर का लीग मैच में निराश करने वाला खेल टीम पर भारी पड़ा।,negative,hockey,contextual
6193,चैंपियन ने मैच में फीका प्रदर्शन किया और महत्वपूर्ण मौका गंवाया।,negative,badminton,paraphrase
6194,टूर्नामेंट के अहम चरण में भारत ने मैच में धमाकेदार खेल दिखाकर जीत दर्ज की।,positive,cricket,contextual
6195,युवा शटलर ने फाइनल में कमजोर खेल दिखाया और टीम को नुकसान हुआ।,negative,badminton,domain_context
6196,घरेलू मैदान पर भारतीय टीम का फाइनल में खराब खेल टीम पर भारी पड़ा।,negative,football,contextual
6197,लगातार तीसरे मैच में गोलकीपर ने मैच में धमाकेदार खेल दिखाकर लगातार अच्छा प्रदर्शन किया।,positive,hockey,contextual
6198,खिलाड़ी ने फाइनल में बेअसर खेल दिखाया और टीम को नुकसान हुआ।,negative,athletics,domain_context
6199,मैच टूर्नामेंट के अहम चरण में आयोजित होगा और चैंपियन इसमें हिस्सा लेगा।,neutral,badminton,factual
6200,प्रशंसकों के सामने एथलीट का प्रतियोगिता में बेअसर खेल टीम पर भारी पड़ा।,negative,athletics,contextual
6201,लंबे ब्रेक के बाद डिफेंडर का लीग मैच में फीका खेल टीम पर भारी पड़ा।,negative,hockey,contextual
6202,खिलाड़ी ने गेम के लिए तैयारी शुरू कर दी।,neutral,badminton,factual
6203,लगातार तीसरे मैच में भारतीय शटलर ने गेम से पहले प्रशिक्षण पूरा किया।,neutral,badminton,domain_context
6204,लंबे ब्रेक के बाद कप्तान ने सेट में बेहतरीन खेल दिखाकर महत्वपूर्ण योगदान दिया।,positive,tennis,contextual
6205,महत्वपूर्ण मौके पर युवा खिलाड़ी क्वार्टरफाइनल से पहले प्रशिक्षण कर रहा है।,neutral,tennis,factual
6206,चैंपियन ने फाइनल में निराशाजनक प्रदर्शन किया और अपनी लय खो दी।,negative,badminton,paraphrase
6207,सेट दबाव वाले मुकाबले में आयोजित होगा और खिलाड़ी इसमें हिस्सा लेगा।,neutral,tennis,factual
6208,गोलकीपर ने मुकाबला में असंगत प्रदर्शन किया और दबाव में बिखर गई।,negative,hockey,paraphrase
6209,प्रशंसकों के सामने विकेटकीपर ने मैच से पहले प्रशिक्षण पूरा किया।,neutral,cricket,domain_context
6210,फाइनल प्रशंसकों के सामने आयोजित होगा और खिलाड़ी इसमें हिस्सा लेगा।,neutral,tennis,factual
6211,रन चेज निर्णायक मैच में आयोजित होगा और कप्तान इसमें हिस्सा लेगा।,neutral,cricket,factual
6212,डिफेंडर ने सेमीफाइनल के लिए यात्रा कार्यक्रम साझा किया।,neutral,hockey,domain_context
6213,लगातार तीसरे मैच में एथलीट ने इवेंट में शानदार खेल दिखाकर जीत दर्ज की।,positive,athletics,contextual
6214,लगातार तीसरे मैच में बल्लेबाज का ओवर में असंगत खेल टीम पर भारी पड़ा।,negative,cricket,contextual
6215,"हॉकी टीम ने मेहनत तो की, लेकिन मैच में अपनी बढ़त गंवा दी।",negative,hockey,negation
6216,दबाव वाले मुकाबले में बल्लेबाज ने पारी में कमाल का खेल दिखाकर जीत दर्ज की।,positive,cricket,contextual
6217,इस मुकाबले में फॉरवर्ड ने मैच में लाजवाब खेल दिखाकर मुकाबला अपने नाम कर लिया।,positive,hockey,contextual
6218,एथलीट ने दौड़ में बेअसर प्रदर्शन किया और मुकाबला गंवा दिया।,negative,athletics,paraphrase
6219,भारतीय खिलाड़ी फाइनल के लिए अभ्यास सत्र में शामिल हुई।,neutral,tennis,neutral
6220,महत्वपूर्ण मौके पर जोड़ी ने मुकाबला में यादगार खेल दिखाकर जीत दर्ज की।,positive,badminton,contextual
6221,खिलाड़ी मैच के लिए मैच के लिए रवाना हुई।,neutral,kabaddi,neutral
6222,महत्वपूर्ण मौके पर भारतीय धावक ने प्रतियोगिता में कई आसान मौके गंवाए।,negative,athletics,domain_context
6223,घरेलू मैदान पर कप्तान ने फाइनल में शानदार खेल दिखाकर जीत दर्ज की।,positive,kabaddi,contextual
6224,प्रशंसकों के सामने भारतीय खिलाड़ी ने मुकाबला में लाजवाब खेल दिखाकर महत्वपूर्ण योगदान दिया।,positive,tennis,contextual
6225,घरेलू मैदान पर खिलाड़ी ने गेम में जबरदस्त खेल दिखाकर जीत दर्ज की।,positive,badminton,contextual
6226,महत्वपूर्ण मौके पर डिफेंडर फाइनल से पहले प्रशिक्षण कर रहा है।,neutral,hockey,factual
6227,युवा खिलाड़ी ने मैच में धमाकेदार प्रदर्शन करते हुए मुकाबला अपने नाम कर लिया।,positive,tennis,paraphrase
6228,घरेलू मैदान पर टेनिस स्टार का सेट में कमजोर खेल टीम पर भारी पड़ा।,negative,tennis,contextual
6229,लंबे ब्रेक के बाद रेडर ने प्लेऑफ में जबरदस्त खेल दिखाकर मुश्किल स्थिति से बाहर निकली।,positive,kabaddi,contextual
6230,मुकाबला दबाव वाले मुकाबले में आयोजित होगा और कप्तान इसमें हिस्सा लेगा।,neutral,football,factual
6231,रेडर ने मैच में निराशाजनक प्रदर्शन किया और बढ़त गंवा दी।,negative,kabaddi,paraphrase
6232,इस मुकाबले में विकेटकीपर ने रन चेज में यादगार खेल दिखाकर महत्वपूर्ण योगदान दिया।,positive,cricket,contextual
6233,टूर्नामेंट के अहम चरण में गेंदबाज रन चेज से पहले प्रशिक्षण कर रहा है।,neutral,cricket,factual
6234,लगातार तीसरे मैच में कप्तान ने फाइनल में धमाकेदार खेल दिखाकर मुश्किल स्थिति से बाहर निकली।,positive,tennis,contextual
6235,टूर्नामेंट के अहम चरण में भारतीय टीम पारी से पहले प्रशिक्षण कर रहा है।,neutral,cricket,factual
6236,फाइनल घरेलू मैदान पर आयोजित होगा और धाविका इसमें हिस्सा लेगा।,neutral,athletics,factual
6237,लगातार तीसरे मैच में हॉकी टीम का मैच में बेअसर खेल टीम पर भारी पड़ा।,negative,hockey,contextual
6238,एथलीट ने रेस में निराश करने वाला प्रदर्शन किया और लगातार गलतियां कीं।,negative,athletics,paraphrase
6239,निर्णायक मैच में कप्तान ने फाइनल में बेहतरीन खेल दिखाकर मुकाबला अपने नाम कर लिया।,positive,tennis,contextual
6240,खिलाड़ी मुकाबला के लिए टूर्नामेंट में हिस्सा ले रही है।,neutral,badminton,neutral
6241,लगातार तीसरे मैच में चैंपियन ने फाइनल में लाजवाब खेल दिखाकर महत्वपूर्ण योगदान दिया।,positive,badminton,contextual
6242,लंबे ब्रेक के बाद टेनिस स्टार ने मुकाबला में यादगार खेल दिखाकर महत्वपूर्ण योगदान दिया।,positive,tennis,contextual
6243,टूर्नामेंट के अहम चरण में एथलीट ने फाइनल में उत्कृष्ट खेल दिखाकर मुश्किल स्थिति से बाहर निकली।,positive,athletics,contextual
6244,महत्वपूर्ण मौके पर भारतीय टीम फाइनल से पहले प्रशिक्षण कर रहा है।,neutral,football,factual
6245,आज बल्लेबाज का पारी में लचर खेल टीम पर भारी पड़ा।,negative,cricket,contextual
6246,प्रशंसकों के सामने गोलकीपर ने मुकाबला से पहले प्रशिक्षण पूरा किया।,neutral,hockey,domain_context
6247,घरेलू मैदान पर टेनिस स्टार ने मुकाबला से पहले प्रशिक्षण पूरा किया।,neutral,tennis,domain_context
6248,महत्वपूर्ण मौके पर गेंदबाज ने मैच से पहले प्रशिक्षण पूरा किया।,neutral,cricket,domain_context
6249,ओवर लगातार तीसरे मैच में आयोजित होगा और विकेटकीपर इसमें हिस्सा लेगा।,neutral,cricket,factual
6250,टेनिस स्टार मुकाबला के लिए अभ्यास सत्र में शामिल हुई।,neutral,tennis,neutral
6251,कप्तान फाइनल के लिए मैच के लिए रवाना हुई।,neutral,kabaddi,neutral
6252,खिलाड़ी ने मुकाबला में फीका प्रदर्शन किया और उम्मीदों पर खरी नहीं उतरी।,negative,tennis,paraphrase
6253,लगातार तीसरे मैच में फॉरवर्ड ने लीग मैच में जबरदस्त खेल दिखाकर दबदबा कायम रखा।,positive,hockey,contextual
6254,कप्तान ने मुकाबला में कमजोर प्रदर्शन किया और उम्मीदों पर खरी नहीं उतरी।,negative,tennis,paraphrase
6255,प्रशंसकों के सामने युवा एथलीट दौड़ से पहले प्रशिक्षण कर रहा है।,neutral,athletics,factual
6256,इस मुकाबले में टेनिस स्टार का सेट में फीका खेल टीम पर भारी पड़ा।,negative,tennis,contextual
6257,निर्णायक मैच में युवा खिलाड़ी का फाइनल में लचर खेल टीम पर भारी पड़ा।,negative,tennis,contextual
6258,दौड़ लंबे ब्रेक के बाद आयोजित होगा और युवा एथलीट इसमें हिस्सा लेगा।,neutral,athletics,factual
6259,लंबे ब्रेक के बाद कप्तान ने प्लेऑफ में लाजवाब खेल दिखाकर दबदबा कायम रखा।,positive,kabaddi,contextual
6260,आज भारत ने सीरीज में लाजवाब खेल दिखाकर महत्वपूर्ण योगदान दिया।,positive,cricket,contextual
6261,लंबे अंतराल के बाद हमारी टीम ने विरोधी को पूरी तरह दबा दिया।,positive,multi-sport,domain_context
6262,लंबे ब्रेक के बाद चैंपियन ने मैच में यादगार खेल दिखाकर लगातार अच्छा प्रदर्शन किया।,positive,badminton,contextual
6263,एथलीट की फाइनल में निराश करने वाला रणनीति काम नहीं आई।,negative,athletics,contextual
6264,टूर्नामेंट के अहम चरण में भारतीय टीम ने सेमीफाइनल में धमाकेदार खेल दिखाकर शानदार वापसी की।,positive,football,contextual
6265,दबाव वाले मुकाबले में एथलीट ने दौड़ में उत्कृष्ट खेल दिखाकर मुश्किल स्थिति से बाहर निकली।,positive,athletics,contextual
6266,इवेंट इस मुकाबले में आयोजित होगा और एथलीट इसमें हिस्सा लेगा।,neutral,athletics,factual
6267,दबाव वाले मुकाबले में डिफेंडर फाइनल से पहले प्रशिक्षण कर रहा है।,neutral,football,factual
6268,घरेलू मैदान पर भारतीय टीम का मैच में निराशाजनक खेल टीम पर भारी पड़ा।,negative,hockey,contextual
6269,फॉरवर्ड ने मैच में धमाकेदार प्रदर्शन करते हुए शानदार वापसी की।,positive,hockey,paraphrase
6270,क्लब ने फाइनल में बेअसर प्रदर्शन किया और बढ़त गंवा दी।,negative,football,paraphrase
6271,लगातार तीसरे मैच में टेनिस स्टार ने फाइनल में बेहतरीन खेल दिखाकर जीत दर्ज की।,positive,tennis,contextual
6272,फॉरवर्ड ने सेमीफाइनल में लचर प्रदर्शन किया और उम्मीदों पर खरी नहीं उतरी।,negative,football,paraphrase
6273,महत्वपूर्ण मौके पर बल्लेबाज ने पारी में यादगार खेल दिखाकर जीत दर्ज की।,positive,cricket,contextual
6274,दबाव वाले मुकाबले में विकेटकीपर ने मुकाबला से पहले प्रशिक्षण पूरा किया।,neutral,cricket,domain_context
6275,फॉरवर्ड ने सेमीफाइनल में कमजोर प्रदर्शन किया और लगातार गलतियां कीं।,negative,hockey,paraphrase
6276,निर्णायक मैच में फॉरवर्ड ने लीग मैच में शानदार खेल दिखाकर शानदार वापसी की।,positive,football,contextual
6277,लंबे ब्रेक के बाद फॉरवर्ड का सेमीफाइनल में असंगत खेल टीम पर भारी पड़ा।,negative,football,contextual
6278,खिलाड़ी ने मैच में कमाल का प्रदर्शन करते हुए दबदबा कायम रखा।,positive,tennis,paraphrase
6279,फॉरवर्ड ने मुकाबला में निराशाजनक प्रदर्शन किया और महत्वपूर्ण मौका गंवाया।,negative,football,paraphrase
6280,लगातार तीसरे मैच में खिलाड़ी का फाइनल में फीका खेल टीम पर भारी पड़ा।,negative,badminton,contextual
6281,दबाव वाले मुकाबले में भारतीय टीम ने लीग मैच से पहले प्रशिक्षण पूरा किया।,neutral,kabaddi,domain_context
6282,खिलाड़ी ने सेट में निराशाजनक प्रदर्शन किया और अपनी लय खो दी।,negative,tennis,paraphrase
6283,इस मुकाबले में कप्तान का मुकाबला में खराब खेल टीम पर भारी पड़ा।,negative,football,contextual
6284,घरेलू मैदान पर बल्लेबाज ने मैच में जबरदस्त खेल दिखाकर दबदबा कायम रखा।,positive,cricket,contextual
6285,महत्वपूर्ण मौके पर कप्तान ने क्वार्टरफाइनल में कमाल का खेल दिखाकर महत्वपूर्ण योगदान दिया।,positive,tennis,contextual
6286,महत्वपूर्ण मौके पर युवा खिलाड़ी ने फाइनल में बेहतरीन खेल दिखाकर दबदबा कायम रखा।,positive,tennis,contextual
6287,बल्लेबाज ने पारी में कमजोर प्रदर्शन किया और दबाव में बिखर गई।,negative,cricket,paraphrase
6288,लंबे ब्रेक के बाद युवा खिलाड़ी ने मुकाबला से पहले प्रशिक्षण पूरा किया।,neutral,tennis,domain_context
6289,इस मुकाबले में एथलीट ने दौड़ में कमाल का खेल दिखाकर लगातार अच्छा प्रदर्शन किया।,positive,athletics,contextual
6290,महत्वपूर्ण मौके पर भारतीय टीम का ओवर में कमजोर खेल टीम पर भारी पड़ा।,negative,cricket,contextual
6291,आज फॉरवर्ड ने सेमीफाइनल में बेहतरीन तालमेल के साथ जीत हासिल की।,positive,hockey,domain_context
6292,घरेलू मैदान पर युवा शटलर गेम से पहले प्रशिक्षण कर रहा है।,neutral,badminton,factual
6293,घरेलू मैदान पर धाविका ने इवेंट से पहले प्रशिक्षण पूरा किया।,neutral,athletics,domain_context
6294,इस मुकाबले में हॉकी टीम का फाइनल में बेअसर खेल टीम पर भारी पड़ा।,negative,hockey,contextual
6295,घरेलू मैदान पर एथलीट ने प्रतियोगिता में शानदार खेल दिखाकर दबदबा कायम रखा।,positive,athletics,contextual
6296,लगातार तीसरे मैच में रेडर ने मैच में यादगार खेल दिखाकर शानदार वापसी की।,positive,kabaddi,contextual
6297,इस मुकाबले में कप्तान का मुकाबला में निराश करने वाला खेल टीम पर भारी पड़ा।,negative,tennis,contextual
6298,लगातार तीसरे मैच में भारतीय टीम प्लेऑफ से पहले प्रशिक्षण कर रहा है।,neutral,kabaddi,factual
6299,दबाव वाले मुकाबले में गोलकीपर का फाइनल में असंगत खेल टीम पर भारी पड़ा।,negative,football,contextual
6300,जोड़ी ने फाइनल में कमजोर प्रदर्शन किया और बढ़त गंवा दी।,negative,badminton,paraphrase
6301,दौड़ इस मुकाबले में आयोजित होगा और युवा एथलीट इसमें हिस्सा लेगा।,neutral,athletics,factual
6302,लंबे ब्रेक के बाद भारतीय धावक ने दौड़ में धमाकेदार खेल दिखाकर दबदबा कायम रखा।,positive,athletics,contextual
6303,भारतीय धावक रेस के लिए टूर्नामेंट में हिस्सा ले रही है।,neutral,athletics,neutral
6304,आज खिलाड़ी का प्रतियोगिता में बेअसर खेल टीम पर भारी पड़ा।,negative,athletics,contextual
6305,विकेटकीपर ने मैच में बेअसर प्रदर्शन किया और उम्मीदों पर खरी नहीं उतरी।,negative,cricket,paraphrase
6306,दौड़ लगातार तीसरे मैच में आयोजित होगा और युवा एथलीट इसमें हिस्सा लेगा।,neutral,athletics,factual
6307,आज भारतीय टीम ओवर से पहले प्रशिक्षण कर रहा है।,neutral,cricket,factual
6308,भारतीय टीम ने फाइनल में बेहतरीन प्रदर्शन करते हुए लगातार अच्छा प्रदर्शन किया।,positive,hockey,paraphrase
6309,डिफेंडर मैच के लिए प्रशिक्षण जारी रखे हुए है।,neutral,hockey,neutral
6310,दबाव वाले मुकाबले में डिफेंडर का मुकाबला में असंगत खेल टीम पर भारी पड़ा।,negative,hockey,contextual
6311,खिलाड़ी ने प्रतियोगिता में खराब प्रदर्शन किया और लगातार गलतियां कीं।,negative,athletics,paraphrase
6312,टूर्नामेंट के अहम चरण में जोड़ी ने गेम में यादगार खेल दिखाकर महत्वपूर्ण योगदान दिया।,positive,badminton,contextual
6313,लंबे ब्रेक के बाद गेंदबाज ने ओवर में कमाल का खेल दिखाकर मुकाबला अपने नाम कर लिया।,positive,cricket,contextual
6314,दबाव वाले मुकाबले में कप्तान ने लीग मैच से पहले प्रशिक्षण पूरा किया।,neutral,football,domain_context
6315,इस मुकाबले में एथलीट का फाइनल में असंगत खेल टीम पर भारी पड़ा।,negative,athletics,contextual
6316,लगातार तीसरे मैच में खिलाड़ी का प्लेऑफ में फीका खेल टीम पर भारी पड़ा।,negative,kabaddi,contextual
6317,टूर्नामेंट के अहम चरण में भारतीय टीम ने मैच से पहले प्रशिक्षण पूरा किया।,neutral,cricket,domain_context
6318,टेनिस स्टार ने सेट में शानदार प्रदर्शन करते हुए शानदार वापसी की।,positive,tennis,paraphrase
6319,चैंपियन ने सेट में बेअसर प्रदर्शन किया और अपनी लय खो दी।,negative,badminton,paraphrase
6320,आज गोलकीपर ने लीग मैच में यादगार खेल दिखाकर लगातार अच्छा प्रदर्शन किया।,positive,hockey,contextual
6321,लीग मैच टूर्नामेंट के अहम चरण में आयोजित होगा और हॉकी टीम इसमें हिस्सा लेगा।,neutral,hockey,factual
6322,टूर्नामेंट के अहम चरण में भारतीय शटलर ने गेम में कमाल का खेल दिखाकर दबदबा कायम रखा।,positive,badminton,contextual
6323,युवा शटलर मुकाबला के लिए अगले दौर के लिए पहुंची।,neutral,badminton,neutral
6324,भारतीय टीम सेमीफाइनल के लिए मैच के लिए रवाना हुई।,neutral,football,neutral
6325,युवा खिलाड़ी ने सेट के लिए तैयारी शुरू कर दी।,neutral,tennis,factual
6326,मैच प्रशंसकों के सामने आयोजित होगा और भारतीय टीम इसमें हिस्सा लेगा।,neutral,football,factual
6327,आज चैंपियन का मुकाबला में कमजोर खेल टीम पर भारी पड़ा।,negative,badminton,contextual
6328,लगातार तीसरे मैच में कप्तान ने मैच में बेहतरीन खेल दिखाकर जीत दर्ज की।,positive,cricket,contextual
6329,महत्वपूर्ण मौके पर भारतीय शटलर ने गेम में यादगार खेल दिखाकर मुकाबला अपने नाम कर लिया।,positive,badminton,contextual
6330,महत्वपूर्ण मौके पर युवा खिलाड़ी ने मुकाबला में धमाकेदार खेल दिखाकर दबदबा कायम रखा।,positive,tennis,contextual
6331,घरेलू मैदान पर विकेटकीपर का ओवर में निराशाजनक खेल टीम पर भारी पड़ा।,negative,cricket,contextual
6332,फाइनल लंबे ब्रेक के बाद आयोजित होगा और कप्तान इसमें हिस्सा लेगा।,neutral,football,factual
6333,इस मुकाबले में भारतीय धावक का दौड़ में असंगत खेल टीम पर भारी पड़ा।,negative,athletics,contextual
6334,डिफेंडर ने फाइनल में खराब प्रदर्शन किया और मुकाबला गंवा दिया।,negative,hockey,paraphrase
6335,घरेलू मैदान पर भारतीय खिलाड़ी ने सेट में कमाल का खेल दिखाकर मुकाबला अपने नाम कर लिया।,positive,tennis,contextual
6336,टूर्नामेंट के अहम चरण में भारत ने ओवर में उत्कृष्ट खेल दिखाकर लगातार अच्छा प्रदर्शन किया।,positive,cricket,contextual
6337,दबाव वाले मुकाबले में डिफेंडर ने फाइनल में उत्कृष्ट खेल दिखाकर लगातार अच्छा प्रदर्शन किया।,positive,hockey,contextual
6338,इस मुकाबले में भारतीय धावक ने प्रतियोगिता में कमाल का खेल दिखाकर शानदार वापसी की।,positive,athletics,contextual
6339,घरेलू मैदान पर युवा एथलीट ने इवेंट में शानदार खेल दिखाकर जीत दर्ज की।,positive,athletics,contextual
6340,लगातार तीसरे मैच में युवा एथलीट का दौड़ में लचर खेल टीम पर भारी पड़ा।,negative,athletics,contextual
6341,आज जोड़ी का फाइनल में निराशाजनक खेल टीम पर भारी पड़ा।,negative,badminton,contextual
6342,लीग मैच दबाव वाले मुकाबले में आयोजित होगा और फॉरवर्ड इसमें हिस्सा लेगा।,neutral,hockey,factual
6343,घरेलू मैदान पर खिलाड़ियों ने सुबह अभ्यास सत्र में हिस्सा लिया।,neutral,multi-sport,domain_context
6344,महत्वपूर्ण मौके पर गोलकीपर ने मुकाबला में धमाकेदार खेल दिखाकर शानदार वापसी की।,positive,hockey,contextual
6345,महत्वपूर्ण मौके पर युवा खिलाड़ी ने क्वार्टरफाइनल में उत्कृष्ट खेल दिखाकर लगातार अच्छा प्रदर्शन किया।,positive,tennis,contextual
6346,आज चैंपियन ने मुकाबला में लाजवाब खेल दिखाकर दबदबा कायम रखा।,positive,badminton,contextual
6347,टूर्नामेंट के अहम चरण में कप्तान ने पारी से पहले प्रशिक्षण पूरा किया।,neutral,cricket,domain_context
6348,फॉरवर्ड ने कठिन मैच में धैर्य रखते हुए सफलता हासिल की।,positive,hockey,domain_context
6349,लगातार तीसरे मैच में भारतीय टीम ने मैच में यादगार खेल दिखाकर मुकाबला अपने नाम कर लिया।,positive,football,contextual
6350,महत्वपूर्ण मौके पर भारतीय शटलर का मैच में असंगत खेल टीम पर भारी पड़ा।,negative,badminton,contextual
6351,भारत ने मैच में बेअसर प्रदर्शन किया और मुकाबला गंवा दिया।,negative,cricket,paraphrase
6352,टूर्नामेंट के अहम चरण में धाविका ने फाइनल में कमाल का खेल दिखाकर जीत दर्ज की।,positive,athletics,contextual
6353,डिफेंडर ने लीग मैच में फीका प्रदर्शन किया और बढ़त गंवा दी।,negative,football,paraphrase
6354,इस मुकाबले में रेडर ने प्लेऑफ में धमाकेदार खेल दिखाकर महत्वपूर्ण योगदान दिया।,positive,kabaddi,contextual
6355,एथलीट रेस के लिए प्रशिक्षण जारी रखे हुए है।,neutral,athletics,neutral
6356,लंबे ब्रेक के बाद भारतीय टीम का मैच में फीका खेल टीम पर भारी पड़ा।,negative,hockey,contextual
6357,कप्तान ने प्लेऑफ में फीका प्रदर्शन किया और मुकाबला गंवा दिया।,negative,kabaddi,paraphrase
6358,लगातार तीसरे मैच में भारतीय शटलर ने मैच में बेहतरीन खेल दिखाकर मुश्किल स्थिति से बाहर निकली।,positive,badminton,contextual
6359,आज कप्तान ने मैच में जबरदस्त खेल दिखाकर लगातार अच्छा प्रदर्शन किया।,positive,tennis,contextual
6360,खिलाड़ी अगले फाइनल से पहले कोच के साथ बैठक करेगा।,neutral,kabaddi,domain_context
6361,एथलीट ने इवेंट में कमाल का प्रदर्शन करते हुए मुश्किल स्थिति से बाहर निकली।,positive,athletics,paraphrase
6362,खिलाड़ी ने फाइनल में बेअसर प्रदर्शन किया और महत्वपूर्ण मौका गंवाया।,negative,tennis,paraphrase
6363,बल्लेबाज के मैच में यादगार प्रदर्शन से टीम को फायदा हुआ।,positive,cricket,contextual
6364,आज खिलाड़ी ने फाइनल में धमाकेदार खेल दिखाकर मुकाबला अपने नाम कर लिया।,positive,tennis,contextual
6365,मैच से पहले भारत ने आज मैदान में धूम मचा दी।,positive,multi-sport,domain_context
6366,इस मुकाबले में डिफेंडर ने फाइनल में शानदार खेल दिखाकर महत्वपूर्ण योगदान दिया।,positive,kabaddi,contextual
6367,इस मुकाबले में टेनिस स्टार क्वार्टरफाइनल से पहले प्रशिक्षण कर रहा है।,neutral,tennis,factual
6368,दबाव वाले मुकाबले में भारतीय टीम ने सेमीफाइनल में जबरदस्त खेल दिखाकर जीत दर्ज की।,positive,football,contextual
6369,लगातार तीसरे मैच में गोलकीपर फाइनल से पहले प्रशिक्षण कर रहा है।,neutral,hockey,factual
6370,निर्णायक मैच में कप्तान ने लीग मैच में शानदार खेल दिखाकर जीत दर्ज की।,positive,football,contextual
6371,रन चेज दबाव वाले मुकाबले में आयोजित होगा और कप्तान इसमें हिस्सा लेगा।,neutral,cricket,factual
6372,दबाव वाले मुकाबले में खिलाड़ी ने दौड़ में लाजवाब खेल दिखाकर मुकाबला अपने नाम कर लिया।,positive,athletics,contextual
6373,पारी इस मुकाबले में आयोजित होगा और गेंदबाज इसमें हिस्सा लेगा।,neutral,cricket,factual
6374,आज कप्तान ने फाइनल में धमाकेदार खेल दिखाकर मुकाबला अपने नाम कर लिया।,positive,tennis,contextual
6375,बल्लेबाज रन चेज के लिए अगले मुकाबले की तैयारी कर रही है।,neutral,cricket,neutral
6376,कप्तान ने लीग मैच में लचर प्रदर्शन किया और लगातार गलतियां कीं।,negative,kabaddi,paraphrase
6377,घरेलू मैदान पर युवा एथलीट ने रेस में बेहतरीन खेल दिखाकर जीत दर्ज की।,positive,athletics,contextual
6378,भारतीय शटलर मैच के लिए रणनीति पर चर्चा कर रही है।,neutral,badminton,neutral
6379,डिफेंडर ने मैच में कमजोर प्रदर्शन किया और मुकाबला गंवा दिया।,negative,kabaddi,paraphrase
6380,चैंपियन के सेट में यादगार प्रदर्शन से टीम को फायदा हुआ।,positive,badminton,contextual
6381,दबाव वाले मुकाबले में युवा एथलीट इवेंट से पहले प्रशिक्षण कर रहा है।,neutral,athletics,factual
6382,बल्लेबाज ने मुकाबला में धमाकेदार प्रदर्शन करते हुए मुकाबला अपने नाम कर लिया।,positive,cricket,paraphrase
6383,टेनिस स्टार ने फाइनल में लचर प्रदर्शन किया और लगातार गलतियां कीं।,negative,tennis,paraphrase
6384,दबाव वाले मुकाबले में गेंदबाज का पारी में निराश करने वाला खेल टीम पर भारी पड़ा।,negative,cricket,contextual
6385,दबाव वाले मुकाबले में गोलकीपर ने फाइनल में उत्कृष्ट खेल दिखाकर दबदबा कायम रखा।,positive,football,contextual
6386,घरेलू मैदान पर भारतीय धावक ने दौड़ में लाजवाब खेल दिखाकर जीत दर्ज की।,positive,athletics,contextual
6387,टूर्नामेंट के अहम चरण में कप्तान ने मुकाबला में जबरदस्त खेल दिखाकर दबदबा कायम रखा।,positive,cricket,contextual
6388,दबाव वाले मुकाबले में डिफेंडर ने लीग मैच में लाजवाब खेल दिखाकर शानदार वापसी की।,positive,football,contextual
6389,भारतीय टीम ने लीग मैच में असंगत प्रदर्शन किया और अपनी लय खो दी।,negative,kabaddi,paraphrase
6390,प्रशंसकों के सामने गेंदबाज का मैच में निराशाजनक खेल टीम पर भारी पड़ा।,negative,cricket,contextual
6391,घरेलू मैदान पर डिफेंडर ने मुकाबला में यादगार खेल दिखाकर महत्वपूर्ण योगदान दिया।,positive,football,contextual
6392,ओवर निर्णायक मैच में आयोजित होगा और गेंदबाज इसमें हिस्सा लेगा।,neutral,cricket,factual
6393,दबाव वाले मुकाबले में भारत ने सीरीज में लाजवाब खेल दिखाकर जीत दर्ज की।,positive,cricket,contextual
6394,इस मुकाबले में युवा खिलाड़ी का मुकाबला में खराब खेल टीम पर भारी पड़ा।,negative,tennis,contextual
6395,युवा खिलाड़ी क्वार्टरफाइनल के लिए प्रशिक्षण जारी रखे हुए है।,neutral,tennis,neutral
6396,इस मुकाबले में जोड़ी ने गेम में यादगार खेल दिखाकर महत्वपूर्ण योगदान दिया।,positive,badminton,contextual
6397,प्रशंसकों के सामने भारतीय टीम ने लीग मैच में जबरदस्त खेल दिखाकर मुश्किल स्थिति से बाहर निकली।,positive,hockey,contextual
6398,फॉरवर्ड ने मुकाबला के लिए तैयारी शुरू कर दी।,neutral,football,factual
6399,निर्णायक मैच में गोलकीपर का मैच में लचर खेल टीम पर भारी पड़ा।,negative,hockey,contextual
6400,आज युवा शटलर ने मैच में शानदार खेल दिखाकर मुश्किल स्थिति से बाहर निकली।,positive,badminton,contextual
6401,सुबह के सत्र में टीम ने अगले मुकाबले की तैयारी शुरू कर दी।,neutral,multi-sport,domain_context
6402,आज कप्तान ने सीरीज से पहले प्रशिक्षण पूरा किया।,neutral,cricket,domain_context
6403,प्रशंसकों के सामने कप्तान फाइनल से पहले प्रशिक्षण कर रहा है।,neutral,kabaddi,factual
6404,हॉकी टीम फाइनल के लिए अभ्यास सत्र में शामिल हुई।,neutral,hockey,neutral
6405,लंबे ब्रेक के बाद क्लब ने लीग मैच में उत्कृष्ट खेल दिखाकर मुश्किल स्थिति से बाहर निकली।,positive,football,contextual
6406,घरेलू मैदान पर भारतीय टीम ने मुकाबला में जबरदस्त खेल दिखाकर लगातार अच्छा प्रदर्शन किया।,positive,hockey,contextual
6407,दबाव वाले मुकाबले में विकेटकीपर का पारी में खराब खेल टीम पर भारी पड़ा।,negative,cricket,contextual
6408,गोलकीपर ने फाइनल में लचर प्रदर्शन किया और उम्मीदों पर खरी नहीं उतरी।,negative,hockey,paraphrase
6409,फाइनल इस मुकाबले में आयोजित होगा और युवा शटलर इसमें हिस्सा लेगा।,neutral,badminton,factual
6410,लंबे ब्रेक के बाद भारतीय टीम ने ओवर में कमाल का खेल दिखाकर जीत दर्ज की।,positive,cricket,contextual
6411,इस मुकाबले में बल्लेबाज ने पारी में कमाल का खेल दिखाकर मुश्किल स्थिति से बाहर निकली।,positive,cricket,contextual
6412,भारतीय टीम ने मैच में असंगत प्रदर्शन किया और उम्मीदों पर खरी नहीं उतरी।,negative,cricket,paraphrase
6413,लंबे ब्रेक के बाद खिलाड़ी का मैच में असंगत खेल टीम पर भारी पड़ा।,negative,badminton,contextual
6414,फाइनल घरेलू मैदान पर आयोजित होगा और एथलीट इसमें हिस्सा लेगा।,neutral,athletics,factual
6415,टूर्नामेंट के अहम चरण में डिफेंडर ने फाइनल में कई आसान मौके गंवाए।,negative,kabaddi,domain_context
6416,दबाव वाले मुकाबले में फॉरवर्ड सेमीफाइनल से पहले प्रशिक्षण कर रहा है।,neutral,hockey,factual
6417,टूर्नामेंट के अहम चरण में फॉरवर्ड ने मुकाबला से पहले प्रशिक्षण पूरा किया।,neutral,hockey,domain_context
6418,लंबे ब्रेक के बाद गोलकीपर लीग मैच से पहले प्रशिक्षण कर रहा है।,neutral,football,factual
6419,लगातार तीसरे मैच में भारतीय टीम ने ओवर में धमाकेदार खेल दिखाकर महत्वपूर्ण योगदान दिया।,positive,cricket,contextual
6420,महत्वपूर्ण मौके पर भारतीय टीम ने लीग मैच में कमाल का खेल दिखाकर महत्वपूर्ण योगदान दिया।,positive,football,contextual
6421,फॉरवर्ड सेमीफाइनल के लिए अगले मुकाबले की तैयारी कर रही है।,neutral,football,neutral
6422,टूर्नामेंट के अहम चरण में भारतीय खिलाड़ी का मैच में निराशाजनक खेल टीम पर भारी पड़ा।,negative,tennis,contextual
6423,लंबे ब्रेक के बाद रेडर का फाइनल में निराशाजनक खेल टीम पर भारी पड़ा।,negative,kabaddi,contextual
6424,दबाव वाले मुकाबले में टेनिस स्टार का फाइनल में लचर खेल टीम पर भारी पड़ा।,negative,tennis,contextual
6425,लंबे ब्रेक के बाद हॉकी टीम का लीग मैच में लचर खेल टीम पर भारी पड़ा।,negative,hockey,contextual
6426,प्रशंसकों के सामने भारत ओवर से पहले प्रशिक्षण कर रहा है।,neutral,cricket,factual
6427,गोलकीपर ने मैच में निराश करने वाला प्रदर्शन किया और अपनी लय खो दी।,negative,hockey,paraphrase
6428,लंबे ब्रेक के बाद धाविका प्रतियोगिता से पहले प्रशिक्षण कर रहा है।,neutral,athletics,factual
6429,युवा खिलाड़ी दबाव के कारण कठिन मैच में लय नहीं बना सका।,negative,tennis,domain_context
6430,दबाव वाले मुकाबले में कप्तान ने मैच में कई आसान मौके गंवाए।,negative,football,domain_context
6431,भारतीय खिलाड़ी के मैच में उत्कृष्ट प्रदर्शन से टीम को फायदा हुआ।,positive,tennis,contextual
6432,इस मुकाबले में भारतीय धावक का फाइनल में बेअसर खेल टीम पर भारी पड़ा।,negative,athletics,contextual
6433,टूर्नामेंट के अहम चरण में भारतीय खिलाड़ी मुकाबला से पहले प्रशिक्षण कर रहा है।,neutral,tennis,factual
6434,टूर्नामेंट के अहम चरण में गोलकीपर फाइनल से पहले प्रशिक्षण कर रहा है।,neutral,football,factual
6435,हॉकी टीम दबाव के कारण कठिन लीग मैच में लय नहीं बना सका।,negative,hockey,domain_context
6436,लगातार तीसरे मैच में गोलकीपर लीग मैच से पहले प्रशिक्षण कर रहा है।,neutral,football,factual
6437,भारत की टीम पारी के लिए अपनी अंतिम सूची तैयार कर रही है।,neutral,cricket,domain_context
6438,रेडर मैच के लिए रणनीति पर चर्चा कर रही है।,neutral,kabaddi,neutral
6439,आज भारतीय टीम ने फाइनल में धमाकेदार खेल दिखाकर लगातार अच्छा प्रदर्शन किया।,positive,kabaddi,contextual
6440,भारतीय टीम ने मैच में कमजोर प्रदर्शन किया और अपनी लय खो दी।,negative,hockey,paraphrase
6441,मैच टूर्नामेंट के अहम चरण में आयोजित होगा और टेनिस स्टार इसमें हिस्सा लेगा।,neutral,tennis,factual
6442,कप्तान ने क्वार्टरफाइनल में खराब प्रदर्शन किया और मुकाबला गंवा दिया।,negative,tennis,paraphrase
6443,प्रशंसकों के सामने गोलकीपर ने फाइनल में शानदार खेल दिखाकर महत्वपूर्ण योगदान दिया।,positive,hockey,contextual
6444,कप्तान अगले मैच से पहले कोच के साथ बैठक करेगा।,neutral,football,domain_context
6445,युवा एथलीट ने प्रतियोगिता में लचर प्रदर्शन किया और मुकाबला गंवा दिया।,negative,athletics,paraphrase
6446,लीग मैच लंबे ब्रेक के बाद आयोजित होगा और डिफेंडर इसमें हिस्सा लेगा।,neutral,football,factual
6447,"Kal, Defence ne aaj bahut mistakes ki.",negative,multi-sport,code_mixed
6448,इस मुकाबले में भारतीय धावक ने रेस में उत्कृष्ट खेल दिखाकर लगातार अच्छा प्रदर्शन किया।,positive,athletics,contextual
6449,प्रशंसकों के सामने कप्तान ने मुकाबला में बेहतरीन खेल दिखाकर मुश्किल स्थिति से बाहर निकली।,positive,football,contextual
6450,बल्लेबाज ने मुकाबला में फीका खेल दिखाया और टीम को नुकसान हुआ।,negative,cricket,domain_context
6451,सेट घरेलू मैदान पर आयोजित होगा और खिलाड़ी इसमें हिस्सा लेगा।,neutral,tennis,factual
6452,लगातार तीसरे मैच में विकेटकीपर ने सीरीज में उत्कृष्ट खेल दिखाकर मुकाबला अपने नाम कर लिया।,positive,cricket,contextual
6453,डिफेंडर ने फाइनल में फीका प्रदर्शन किया और अपनी लय खो दी।,negative,football,paraphrase
6454,महत्वपूर्ण मौके पर भारतीय खिलाड़ी ने मुकाबला में धमाकेदार खेल दिखाकर मुश्किल स्थिति से बाहर निकली।,positive,tennis,contextual
6455,लंबे ब्रेक के बाद गेंदबाज ने ओवर में जबरदस्त खेल दिखाकर मुकाबला अपने नाम कर लिया।,positive,cricket,contextual
6456,टूर्नामेंट के अहम चरण में भारतीय टीम ने रन चेज से पहले प्रशिक्षण पूरा किया।,neutral,cricket,domain_context
6457,आज खिलाड़ी दौड़ से पहले प्रशिक्षण कर रहा है।,neutral,athletics,factual
6458,प्रशंसकों के सामने फॉरवर्ड का मैच में फीका खेल टीम पर भारी पड़ा।,negative,hockey,contextual
6459,टूर्नामेंट के अहम चरण में खिलाड़ी ने मुकाबला में कमाल का खेल दिखाकर शानदार वापसी की।,positive,kabaddi,contextual
6460,निर्णायक मैच में हॉकी टीम सेमीफाइनल से पहले प्रशिक्षण कर रहा है।,neutral,hockey,factual
6461,धाविका ने इवेंट में निराश करने वाला प्रदर्शन किया और बढ़त गंवा दी।,negative,athletics,paraphrase
6462,इस मुकाबले में भारत ने मुकाबला में लाजवाब खेल दिखाकर मुकाबला अपने नाम कर लिया।,positive,cricket,contextual
6463,धाविका ने फाइनल के लिए तैयारी शुरू कर दी।,neutral,athletics,factual
6464,भारतीय धावक दौड़ के लिए रणनीति पर चर्चा कर रही है।,neutral,athletics,neutral
6465,निर्णायक मैच में विकेटकीपर सीरीज से पहले प्रशिक्षण कर रहा है।,neutral,cricket,factual
6466,निर्णायक मैच में रेडर का मैच में निराशाजनक खेल टीम पर भारी पड़ा।,negative,kabaddi,contextual
6467,रेडर ने मैच में निराशाजनक प्रदर्शन किया और मुकाबला गंवा दिया।,negative,kabaddi,paraphrase
6468,महत्वपूर्ण मौके पर चैंपियन मुकाबला से पहले प्रशिक्षण कर रहा है।,neutral,badminton,factual
6469,आज भारतीय धावक प्रतियोगिता से पहले प्रशिक्षण कर रहा है।,neutral,athletics,factual
6470,फॉरवर्ड मुकाबला के लिए प्रशिक्षण जारी रखे हुए है।,neutral,football,neutral
6471,दबाव वाले मुकाबले में युवा एथलीट ने इवेंट में यादगार खेल दिखाकर शानदार वापसी की।,positive,athletics,contextual
6472,महत्वपूर्ण मौके पर खिलाड़ी ने मुकाबला में लाजवाब खेल दिखाकर महत्वपूर्ण योगदान दिया।,positive,tennis,contextual
6473,चैंपियन ने गेम में बेहतरीन प्रदर्शन करते हुए दबदबा कायम रखा।,positive,badminton,paraphrase
6474,टूर्नामेंट के अहम चरण में डिफेंडर ने मैच में धमाकेदार खेल दिखाकर मुश्किल स्थिति से बाहर निकली।,positive,kabaddi,contextual
6475,टूर्नामेंट के अहम चरण में फॉरवर्ड ने लीग मैच में बेहतरीन खेल दिखाकर महत्वपूर्ण योगदान दिया।,positive,hockey,contextual
6476,गोलकीपर ने मैच में खराब प्रदर्शन किया और उम्मीदों पर खरी नहीं उतरी।,negative,hockey,paraphrase
6477,फॉरवर्ड ने फाइनल में लचर प्रदर्शन किया और अपनी लय खो दी।,negative,hockey,paraphrase
6478,लंबे ब्रेक के बाद भारतीय टीम प्लेऑफ से पहले प्रशिक्षण कर रहा है।,neutral,kabaddi,factual
6479,भारतीय टीम ने फाइनल में लचर प्रदर्शन किया और मुकाबला गंवा दिया।,negative,kabaddi,paraphrase
6480,डिफेंडर ने प्लेऑफ में निराशाजनक प्रदर्शन किया और बढ़त गंवा दी।,negative,kabaddi,paraphrase
6481,लगातार तीसरे मैच में भारतीय खिलाड़ी का सेट में निराश करने वाला खेल टीम पर भारी पड़ा।,negative,tennis,contextual
6482,महत्वपूर्ण मौके पर बल्लेबाज ने मैच में कमाल का खेल दिखाकर जीत दर्ज की।,positive,cricket,contextual
6483,दबाव वाले मुकाबले में बल्लेबाज का रन चेज में निराश करने वाला खेल टीम पर भारी पड़ा।,negative,cricket,contextual
6484,फाइनल इस मुकाबले में आयोजित होगा और युवा खिलाड़ी इसमें हिस्सा लेगा।,neutral,tennis,factual
6485,आज विकेटकीपर ने मैच में धमाकेदार खेल दिखाकर मुश्किल स्थिति से बाहर निकली।,positive,cricket,contextual
6486,युवा खिलाड़ी ने सेट में असंगत प्रदर्शन किया और दबाव में बिखर गई।,negative,tennis,paraphrase
6487,घरेलू मैदान पर खिलाड़ी दौड़ से पहले प्रशिक्षण कर रहा है।,neutral,athletics,factual
6488,लंबे ब्रेक के बाद गेंदबाज ने सीरीज में लाजवाब खेल दिखाकर मुकाबला अपने नाम कर लिया।,positive,cricket,contextual
6489,टूर्नामेंट के अहम चरण में भारत ओवर से पहले प्रशिक्षण कर रहा है।,neutral,cricket,factual
6490,निर्णायक मैच में भारतीय शटलर ने मुकाबला में जबरदस्त खेल दिखाकर जीत दर्ज की।,positive,badminton,contextual
6491,निर्णायक मैच में गोलकीपर ने सेमीफाइनल में धमाकेदार खेल दिखाकर लगातार अच्छा प्रदर्शन किया।,positive,hockey,contextual
6492,लंबे ब्रेक के बाद खिलाड़ी ने रेस में यादगार खेल दिखाकर महत्वपूर्ण योगदान दिया।,positive,athletics,contextual
6493,लगातार तीसरे मैच में भारत ने ओवर में लाजवाब खेल दिखाकर महत्वपूर्ण योगदान दिया।,positive,cricket,contextual
6494,आज खिलाड़ी गेम से पहले प्रशिक्षण कर रहा है।,neutral,badminton,factual
6495,इस मुकाबले में भारतीय टीम ने मुकाबला में शानदार खेल दिखाकर दबदबा कायम रखा।,positive,kabaddi,contextual
6496,लगातार तीसरे मैच में क्लब ने मैच में धमाकेदार खेल दिखाकर मुश्किल स्थिति से बाहर निकली।,positive,football,contextual
6497,भारतीय टीम मुकाबला के लिए टूर्नामेंट में हिस्सा ले रही है।,neutral,hockey,neutral
6498,युवा एथलीट ने रेस में निराशाजनक प्रदर्शन किया और उम्मीदों पर खरी नहीं उतरी।,negative,athletics,paraphrase
6499,महत्वपूर्ण मौके पर एथलीट ने फाइनल में शानदार खेल दिखाकर जीत दर्ज की।,positive,athletics,contextual
6500,युवा एथलीट की टीम दौड़ के लिए अपनी अंतिम सूची तैयार कर रही है।,neutral,athletics,domain_context
6501,लगातार तीसरे मैच में खिलाड़ी ने लीग मैच में धमाकेदार खेल दिखाकर जीत दर्ज की।,positive,kabaddi,contextual
6502,घरेलू मैदान पर रेडर ने मैच में धमाकेदार खेल दिखाकर दबदबा कायम रखा।,positive,kabaddi,contextual
6503,लगातार तीसरे मैच में फॉरवर्ड ने मुकाबला में उत्कृष्ट खेल दिखाकर शानदार वापसी की।,positive,football,contextual
6504,प्रतियोगिता प्रशंसकों के सामने आयोजित होगा और एथलीट इसमें हिस्सा लेगा।,neutral,athletics,factual
6505,मुकाबला टूर्नामेंट के अहम चरण में आयोजित होगा और भारतीय खिलाड़ी इसमें हिस्सा लेगा।,neutral,tennis,factual
6506,प्रशंसकों के सामने भारत ने मुकाबला में धमाकेदार खेल दिखाकर महत्वपूर्ण योगदान दिया।,positive,cricket,contextual
6507,सेमीफाइनल लगातार तीसरे मैच में आयोजित होगा और क्लब इसमें हिस्सा लेगा।,neutral,football,factual
6508,प्रतियोगिता लगातार तीसरे मैच में आयोजित होगा और भारतीय धावक इसमें हिस्सा लेगा।,neutral,athletics,factual
6509,खिलाड़ी ने मैच के लिए यात्रा कार्यक्रम साझा किया।,neutral,kabaddi,domain_context
6510,टूर्नामेंट के अहम चरण में एथलीट दौड़ से पहले प्रशिक्षण कर रहा है।,neutral,athletics,factual
6511,फॉरवर्ड ने सेमीफाइनल में फीका प्रदर्शन किया और मुकाबला गंवा दिया।,negative,football,paraphrase
6512,टूर्नामेंट के अहम चरण में भारतीय टीम ने मुकाबला से पहले प्रशिक्षण पूरा किया।,neutral,hockey,domain_context
6513,निर्णायक मैच में कप्तान का फाइनल में निराश करने वाला खेल टीम पर भारी पड़ा।,negative,tennis,contextual
6514,लगातार तीसरे मैच में एथलीट का प्रतियोगिता में निराश करने वाला खेल टीम पर भारी पड़ा।,negative,athletics,contextual
6515,सेट प्रशंसकों के सामने आयोजित होगा और खिलाड़ी इसमें हिस्सा लेगा।,neutral,tennis,factual
6516,गोलकीपर ने फाइनल में खराब खेल दिखाया और टीम को नुकसान हुआ।,negative,hockey,domain_context
6517,टूर्नामेंट के अहम चरण में बल्लेबाज ने ओवर में जबरदस्त खेल दिखाकर दबदबा कायम रखा।,positive,cricket,contextual
6518,इस मुकाबले में टेनिस स्टार ने मैच में बेहतरीन खेल दिखाकर दबदबा कायम रखा।,positive,tennis,contextual
6519,दबाव वाले मुकाबले में युवा एथलीट का प्रतियोगिता में बेअसर खेल टीम पर भारी पड़ा।,negative,athletics,contextual
6520,गोलकीपर लीग मैच के लिए टूर्नामेंट में हिस्सा ले रही है।,neutral,football,neutral
6521,हॉकी टीम फाइनल के लिए अगले मुकाबले की तैयारी कर रही है।,neutral,hockey,neutral
6522,लगातार तीसरे मैच में गेंदबाज ने मुकाबला में बेहतरीन खेल दिखाकर लगातार अच्छा प्रदर्शन किया।,positive,cricket,contextual
6523,निर्णायक मैच में डिफेंडर का फाइनल में निराशाजनक खेल टीम पर भारी पड़ा।,negative,hockey,contextual
6524,टूर्नामेंट के अहम चरण में भारतीय धावक का प्रतियोगिता में खराब खेल टीम पर भारी पड़ा।,negative,athletics,contextual
6525,लगातार तीसरे मैच में विकेटकीपर का रन चेज में फीका खेल टीम पर भारी पड़ा।,negative,cricket,contextual
6526,दबाव वाले मुकाबले में डिफेंडर ने लीग मैच में बेहतरीन खेल दिखाकर महत्वपूर्ण योगदान दिया।,positive,kabaddi,contextual
6527,दबाव वाले मुकाबले में धाविका ने रेस में शानदार खेल दिखाकर लगातार अच्छा प्रदर्शन किया।,positive,athletics,contextual
6528,टूर्नामेंट के अहम चरण में जोड़ी का गेम में कमजोर खेल टीम पर भारी पड़ा।,negative,badminton,contextual
6529,हॉकी टीम ने लीग मैच में बेअसर प्रदर्शन किया और बढ़त गंवा दी।,negative,hockey,paraphrase
6530,टूर्नामेंट के अहम चरण में गोलकीपर ने मुकाबला में जबरदस्त खेल दिखाकर दबदबा कायम रखा।,positive,hockey,contextual
6531,फाइनल घरेलू मैदान पर आयोजित होगा और डिफेंडर इसमें हिस्सा लेगा।,neutral,football,factual
6532,महत्वपूर्ण मौके पर भारतीय धावक प्रतियोगिता से पहले प्रशिक्षण कर रहा है।,neutral,athletics,factual
6533,भारतीय टीम ने फाइनल में निराशाजनक प्रदर्शन किया और दबाव में बिखर गई।,negative,kabaddi,paraphrase
6534,दबाव वाले मुकाबले में धाविका ने रेस में बेहतरीन खेल दिखाकर मुकाबला अपने नाम कर लिया।,positive,athletics,contextual
6535,फॉरवर्ड ने फाइनल में उत्कृष्ट प्रदर्शन करते हुए शानदार वापसी की।,positive,hockey,paraphrase
6536,गोलकीपर ने सेमीफाइनल में कमजोर प्रदर्शन किया और बढ़त गंवा दी।,negative,football,paraphrase
6537,युवा शटलर ने मुकाबला में जबरदस्त खेल दिखाया और टीम को जीत दिलाई।,positive,badminton,domain_context
6538,लंबे ब्रेक के बाद विकेटकीपर का मुकाबला में निराशाजनक खेल टीम पर भारी पड़ा।,negative,cricket,contextual
6539,निर्णायक मैच में कप्तान ने मुकाबला में बेहतरीन तालमेल के साथ जीत हासिल की।,positive,football,domain_context
6540,रेडर प्लेऑफ के लिए टूर्नामेंट में हिस्सा ले रही है।,neutral,kabaddi,neutral
6541,आज युवा खिलाड़ी सेट से पहले प्रशिक्षण कर रहा है।,neutral,tennis,factual
6542,इस मुकाबले में जोड़ी मैच से पहले प्रशिक्षण कर रहा है।,neutral,badminton,factual
6543,भारतीय खिलाड़ी ने फाइनल में असंगत प्रदर्शन किया और अपनी लय खो दी।,negative,tennis,paraphrase
6544,विकेटकीपर ने सीरीज में असंगत प्रदर्शन किया और महत्वपूर्ण मौका गंवाया।,negative,cricket,paraphrase
6545,युवा एथलीट की प्रतियोगिता में फीका रणनीति काम नहीं आई।,negative,athletics,contextual
6546,टूर्नामेंट में टीम ने मुश्किल हालात में शानदार जीत हासिल की।,positive,multi-sport,domain_context
6547,"Match se pehle, Team ka performance bahut disappointing raha.",negative,multi-sport,code_mixed
6548,लगातार तीसरे मैच में भारतीय टीम का लीग मैच में लचर खेल टीम पर भारी पड़ा।,negative,football,contextual
6549,प्रशंसकों के सामने फॉरवर्ड ने लीग मैच में धमाकेदार खेल दिखाकर दबदबा कायम रखा।,positive,hockey,contextual
6550,महत्वपूर्ण मौके पर खिलाड़ी ने मैच में लाजवाब खेल दिखाकर लगातार अच्छा प्रदर्शन किया।,positive,badminton,contextual
6551,कप्तान ने लीग मैच में कमजोर प्रदर्शन किया और बढ़त गंवा दी।,negative,kabaddi,paraphrase
6552,"Is tournament mein, Team aaj ke match ke liye ready hai.",neutral,multi-sport,code_mixed
6553,आज डिफेंडर ने सेमीफाइनल में जबरदस्त खेल दिखाकर शानदार वापसी की।,positive,football,contextual
6554,गेंदबाज सीरीज के लिए मैच के लिए रवाना हुई।,neutral,cricket,neutral
6555,महत्वपूर्ण मौके पर खिलाड़ी ने लीग मैच में उत्कृष्ट खेल दिखाकर मुश्किल स्थिति से बाहर निकली।,positive,kabaddi,contextual
6556,खिलाड़ी ने लीग मैच में कमाल का प्रदर्शन करते हुए मुकाबला अपने नाम कर लिया।,positive,kabaddi,paraphrase
6557,घरेलू मैदान पर भारतीय धावक ने प्रतियोगिता में जबरदस्त खेल दिखाकर मुश्किल स्थिति से बाहर निकली।,positive,athletics,contextual
6558,निर्णायक मैच में भारतीय टीम ने लीग मैच में कमाल का खेल दिखाकर महत्वपूर्ण योगदान दिया।,positive,kabaddi,contextual
6559,दबाव वाले मुकाबले में रेडर का प्लेऑफ में बेअसर खेल टीम पर भारी पड़ा।,negative,kabaddi,contextual
6560,भारतीय खिलाड़ी ने मैच के लिए तैयारी शुरू कर दी।,neutral,tennis,factual
6561,इस मुकाबले में धाविका ने प्रतियोगिता में शानदार खेल दिखाकर शानदार वापसी की।,positive,athletics,contextual
6562,टूर्नामेंट के अहम चरण में गेंदबाज ने मैच में जबरदस्त खेल दिखाकर महत्वपूर्ण योगदान दिया।,positive,cricket,contextual
6563,लगातार तीसरे मैच में एथलीट ने इवेंट में जबरदस्त खेल दिखाकर लगातार अच्छा प्रदर्शन किया।,positive,athletics,contextual
6564,लगातार तीसरे मैच में युवा खिलाड़ी फाइनल से पहले प्रशिक्षण कर रहा है।,neutral,tennis,factual
6565,कप्तान सीरीज के लिए मैच के लिए रवाना हुई।,neutral,cricket,neutral
6566,भारत ने मैच में बेहतरीन प्रदर्शन करते हुए महत्वपूर्ण योगदान दिया।,positive,cricket,paraphrase
6567,लंबे ब्रेक के बाद क्लब ने लीग मैच में बेहतरीन खेल दिखाकर मुश्किल स्थिति से बाहर निकली।,positive,football,contextual
6568,लंबे ब्रेक के बाद बल्लेबाज ने मैच में कई आसान मौके गंवाए।,negative,cricket,domain_context
6569,विकेटकीपर के ओवर में धमाकेदार प्रदर्शन से टीम को फायदा हुआ।,positive,cricket,contextual
6570,युवा एथलीट ने प्रतियोगिता में कमाल का खेल दिखाया और टीम को जीत दिलाई।,positive,athletics,domain_context
6571,मुकाबला निर्णायक मैच में आयोजित होगा और बल्लेबाज इसमें हिस्सा लेगा।,neutral,cricket,factual
6572,इस मुकाबले में कप्तान ने फाइनल में बेहतरीन खेल दिखाकर जीत दर्ज की।,positive,kabaddi,contextual
6573,सीरीज टूर्नामेंट के अहम चरण में आयोजित होगा और भारत इसमें हिस्सा लेगा।,neutral,cricket,factual
6574,निर्णायक मैच में डिफेंडर ने प्लेऑफ में कई आसान मौके गंवाए।,negative,kabaddi,domain_context
6575,लंबे ब्रेक के बाद खिलाड़ी का फाइनल में निराशाजनक खेल टीम पर भारी पड़ा।,negative,athletics,contextual
6576,युवा खिलाड़ी ने फाइनल में निराश करने वाला प्रदर्शन किया और लगातार गलतियां कीं।,negative,tennis,paraphrase
6577,खिलाड़ी ने मुकाबला में निराश करने वाला खेल दिखाया और टीम को नुकसान हुआ।,negative,tennis,domain_context
6578,इस मुकाबले में फॉरवर्ड का सेमीफाइनल में लचर खेल टीम पर भारी पड़ा।,negative,hockey,contextual
6579,आज जोड़ी ने फाइनल में धमाकेदार खेल दिखाकर लगातार अच्छा प्रदर्शन किया।,positive,badminton,contextual
6580,मैच महत्वपूर्ण मौके पर आयोजित होगा और गेंदबाज इसमें हिस्सा लेगा।,neutral,cricket,factual
6581,महत्वपूर्ण मौके पर क्लब ने फाइनल में कमाल का खेल दिखाकर मुकाबला अपने नाम कर लिया।,positive,football,contextual
6582,इस मुकाबले में जोड़ी ने सेट में उत्कृष्ट खेल दिखाकर मुश्किल स्थिति से बाहर निकली।,positive,badminton,contextual
6583,निर्णायक मैच में गेंदबाज का ओवर में लचर खेल टीम पर भारी पड़ा।,negative,cricket,contextual
6584,क्लब ने सेमीफाइनल में उत्कृष्ट खेल दिखाया और टीम को जीत दिलाई।,positive,football,domain_context
6585,एथलीट रेस के लिए मैच के लिए रवाना हुई।,neutral,athletics,neutral
6586,महत्वपूर्ण मौके पर कप्तान प्लेऑफ से पहले प्रशिक्षण कर रहा है।,neutral,kabaddi,factual
6587,लीग मैच प्रशंसकों के सामने आयोजित होगा और फॉरवर्ड इसमें हिस्सा लेगा।,neutral,hockey,factual
6588,डिफेंडर ने फाइनल के दौरान लगातार बेहतर निर्णय लिए।,positive,kabaddi,domain_context
6589,निर्णायक मैच में बल्लेबाज ओवर से पहले प्रशिक्षण कर रहा है।,neutral,cricket,factual
6590,प्रशंसकों के सामने युवा खिलाड़ी ने फाइनल में शानदार खेल दिखाकर जीत दर्ज की।,positive,tennis,contextual
6591,आज फॉरवर्ड ने मुकाबला में कई आसान मौके गंवाए।,negative,hockey,domain_context
6592,भारतीय धावक ने दौड़ में कमजोर प्रदर्शन किया और दबाव में बिखर गई।,negative,athletics,paraphrase
6593,सीरीज निर्णायक मैच में आयोजित होगा और बल्लेबाज इसमें हिस्सा लेगा।,neutral,cricket,factual
6594,लगातार तीसरे मैच में जोड़ी का फाइनल में कमजोर खेल टीम पर भारी पड़ा।,negative,badminton,contextual
6595,आज कप्तान का मैच में निराश करने वाला खेल टीम पर भारी पड़ा।,negative,kabaddi,contextual
6596,घरेलू मैदान पर धाविका का प्रतियोगिता में असंगत खेल टीम पर भारी पड़ा।,negative,athletics,contextual
6597,आज कप्तान ने लीग मैच में कमाल का खेल दिखाकर शानदार वापसी की।,positive,kabaddi,contextual
6598,प्रशंसकों के सामने फॉरवर्ड का सेमीफाइनल में खराब खेल टीम पर भारी पड़ा।,negative,hockey,contextual
6599,खिलाड़ी ने मैच में बेहतरीन प्रदर्शन करते हुए मुश्किल स्थिति से बाहर निकली।,positive,tennis,paraphrase
6600,महत्वपूर्ण मौके पर क्लब ने लीग मैच में कमाल का खेल दिखाकर लगातार अच्छा प्रदर्शन किया।,positive,football,contextual
6601,लगातार तीसरे मैच में विकेटकीपर मैच से पहले प्रशिक्षण कर रहा है।,neutral,cricket,factual
6602,आज खिलाड़ी ने दौड़ में जबरदस्त खेल दिखाकर जीत दर्ज की।,positive,athletics,contextual
6603,डिफेंडर फाइनल के लिए प्रशिक्षण जारी रखे हुए है।,neutral,football,neutral
6604,रेडर ने फाइनल में खराब प्रदर्शन किया और अपनी लय खो दी।,negative,kabaddi,paraphrase
6605,लंबे ब्रेक के बाद भारतीय टीम ने सेमीफाइनल में लाजवाब खेल दिखाकर मुश्किल स्थिति से बाहर निकली।,positive,hockey,contextual
6606,दबाव वाले मुकाबले में हॉकी टीम का लीग मैच में बेअसर खेल टीम पर भारी पड़ा।,negative,hockey,contextual
6607,चैंपियन ने फाइनल में निराश करने वाला प्रदर्शन किया और अपनी लय खो दी।,negative,badminton,paraphrase
6608,लंबे ब्रेक के बाद भारत ने पारी में बेहतरीन खेल दिखाकर मुश्किल स्थिति से बाहर निकली।,positive,cricket,contextual
6609,दबाव वाले मुकाबले में रेडर ने लीग मैच में उत्कृष्ट खेल दिखाकर लगातार अच्छा प्रदर्शन किया।,positive,kabaddi,contextual
6610,महत्वपूर्ण मौके पर कप्तान ने फाइनल में बेहतरीन तालमेल के साथ जीत हासिल की।,positive,tennis,domain_context
6611,कप्तान की लीग मैच में बेअसर रणनीति काम नहीं आई।,negative,kabaddi,contextual
6612,विकेटकीपर ने पारी में फीका प्रदर्शन किया और दबाव में बिखर गई।,negative,cricket,paraphrase
6613,लगातार तीसरे मैच में हॉकी टीम ने मैच में धमाकेदार खेल दिखाकर दबदबा कायम रखा।,positive,hockey,contextual
6614,घरेलू मैदान पर धाविका रेस से पहले प्रशिक्षण कर रहा है।,neutral,athletics,factual
6615,दबाव वाले मुकाबले में खिलाड़ी ने सेट में जबरदस्त खेल दिखाकर दबदबा कायम रखा।,positive,tennis,contextual
6616,निर्णायक मैच में खिलाड़ी का मुकाबला में खराब खेल टीम पर भारी पड़ा।,negative,kabaddi,contextual
6617,लगातार तीसरे मैच में चैंपियन ने गेम से पहले प्रशिक्षण पूरा किया।,neutral,badminton,domain_context
6618,दबाव वाले मुकाबले में भारतीय धावक ने प्रतियोगिता में शानदार खेल दिखाकर दबदबा कायम रखा।,positive,athletics,contextual
6619,रन चेज प्रशंसकों के सामने आयोजित होगा और गेंदबाज इसमें हिस्सा लेगा।,neutral,cricket,factual
6620,टूर्नामेंट के अहम चरण में गेंदबाज ने मैच में उत्कृष्ट खेल दिखाकर शानदार वापसी की।,positive,cricket,contextual
6621,लंबे अंतराल के बाद अगले दौर का कार्यक्रम आयोजकों ने जारी किया।,neutral,multi-sport,domain_context
6622,दबाव वाले मुकाबले में क्लब का मुकाबला में असंगत खेल टीम पर भारी पड़ा।,negative,football,contextual
6623,इस मुकाबले में हॉकी टीम ने लीग मैच में कमाल का खेल दिखाकर मुकाबला अपने नाम कर लिया।,positive,hockey,contextual
6624,क्वार्टरफाइनल प्रशंसकों के सामने आयोजित होगा और युवा खिलाड़ी इसमें हिस्सा लेगा।,neutral,tennis,factual
6625,मुकाबला दबाव वाले मुकाबले में आयोजित होगा और युवा खिलाड़ी इसमें हिस्सा लेगा।,neutral,tennis,factual
6626,फाइनल आज आयोजित होगा और युवा खिलाड़ी इसमें हिस्सा लेगा।,neutral,tennis,factual
6627,प्रशंसकों के सामने जोड़ी सेट से पहले प्रशिक्षण कर रहा है।,neutral,badminton,factual
6628,लीग मैच लंबे ब्रेक के बाद आयोजित होगा और भारतीय टीम इसमें हिस्सा लेगा।,neutral,kabaddi,factual
6629,खिलाड़ी ने फाइनल में निराशाजनक प्रदर्शन किया और बढ़त गंवा दी।,negative,athletics,paraphrase
6630,टेनिस स्टार के मुकाबला में यादगार प्रदर्शन से टीम को फायदा हुआ।,positive,tennis,contextual
6631,प्रशंसकों के सामने भारतीय टीम का मैच में बेअसर खेल टीम पर भारी पड़ा।,negative,hockey,contextual
6632,टेनिस स्टार ने सेट में खराब प्रदर्शन किया और लगातार गलतियां कीं।,negative,tennis,paraphrase
6633,खिलाड़ी ने फाइनल में कमजोर खेल दिखाया और टीम को नुकसान हुआ।,negative,badminton,domain_context
6634,आज कप्तान ने मुकाबला में लाजवाब खेल दिखाकर महत्वपूर्ण योगदान दिया।,positive,kabaddi,contextual
6635,घरेलू मैदान पर बल्लेबाज ओवर से पहले प्रशिक्षण कर रहा है।,neutral,cricket,factual
6636,लंबे ब्रेक के बाद भारतीय टीम ने सीरीज में बेहतरीन खेल दिखाकर महत्वपूर्ण योगदान दिया।,positive,cricket,contextual
6637,रेडर ने मुकाबला में जबरदस्त प्रदर्शन करते हुए मुकाबला अपने नाम कर लिया।,positive,kabaddi,paraphrase
6638,महत्वपूर्ण मौके पर कप्तान ने क्वार्टरफाइनल से पहले प्रशिक्षण पूरा किया।,neutral,tennis,domain_context
6639,कप्तान को सीरीज के लिए टीम में शामिल किया गया है।,neutral,cricket,domain_context
6640,निर्णायक मैच में रेडर ने मैच में जबरदस्त खेल दिखाकर महत्वपूर्ण योगदान दिया।,positive,kabaddi,contextual
6641,टूर्नामेंट के अहम चरण में डिफेंडर प्लेऑफ से पहले प्रशिक्षण कर रहा है।,neutral,kabaddi,factual
6642,महत्वपूर्ण मौके पर खिलाड़ी का इवेंट में लचर खेल टीम पर भारी पड़ा।,negative,athletics,contextual
6643,सेट महत्वपूर्ण मौके पर आयोजित होगा और चैंपियन इसमें हिस्सा लेगा।,neutral,badminton,factual
6644,एथलीट दौड़ के लिए अगले दौर के लिए पहुंची।,neutral,athletics,neutral
6645,सेमीफाइनल इस मुकाबले में आयोजित होगा और गोलकीपर इसमें हिस्सा लेगा।,neutral,hockey,factual
6646,इस मुकाबले में युवा खिलाड़ी मुकाबला से पहले प्रशिक्षण कर रहा है।,neutral,tennis,factual
6647,खिलाड़ी की मुकाबला में कमजोर रणनीति काम नहीं आई।,negative,tennis,contextual
6648,भारतीय धावक ने फाइनल में शानदार खेल दिखाया और टीम को जीत दिलाई।,positive,athletics,domain_context
6649,निर्णायक मैच में भारतीय खिलाड़ी ने फाइनल में उत्कृष्ट खेल दिखाकर महत्वपूर्ण योगदान दिया।,positive,tennis,contextual
6650,इस मुकाबले में भारतीय धावक का फाइनल में फीका खेल टीम पर भारी पड़ा।,negative,athletics,contextual
6651,गेंदबाज ने सीरीज में कमजोर प्रदर्शन किया और महत्वपूर्ण मौका गंवाया।,negative,cricket,paraphrase
6652,भारतीय टीम ने रन चेज में असंगत प्रदर्शन किया और अपनी लय खो दी।,negative,cricket,paraphrase
6653,लगातार तीसरे मैच में भारतीय टीम ने सेमीफाइनल में बेहतरीन तालमेल के साथ जीत हासिल की।,positive,football,domain_context
6654,भारत की ओवर में लचर रणनीति काम नहीं आई।,negative,cricket,contextual
6655,बल्लेबाज ने मुकाबला में फीका प्रदर्शन किया और अपनी लय खो दी।,negative,cricket,paraphrase
6656,दबाव वाले मुकाबले में एथलीट ने फाइनल में बेहतरीन तालमेल के साथ जीत हासिल की।,positive,athletics,domain_context
6657,लंबे ब्रेक के बाद भारतीय धावक ने रेस में यादगार खेल दिखाकर शानदार वापसी की।,positive,athletics,contextual
6658,दबाव वाले मुकाबले में भारतीय टीम का फाइनल में असंगत खेल टीम पर भारी पड़ा।,negative,hockey,contextual
6659,टेनिस स्टार को मुकाबला के लिए टीम में शामिल किया गया है।,neutral,tennis,domain_context
6660,दबाव वाले मुकाबले में खिलाड़ी ने फाइनल में धमाकेदार खेल दिखाकर मुकाबला अपने नाम कर लिया।,positive,badminton,contextual
6661,घरेलू मैदान पर फॉरवर्ड का फाइनल में कमजोर खेल टीम पर भारी पड़ा।,negative,hockey,contextual
6662,रेस इस मुकाबले में आयोजित होगा और धाविका इसमें हिस्सा लेगा।,neutral,athletics,factual
6663,आज हॉकी टीम का सेमीफाइनल में बेअसर खेल टीम पर भारी पड़ा।,negative,hockey,contextual
6664,महत्वपूर्ण मौके पर डिफेंडर ने लीग मैच में यादगार खेल दिखाकर मुकाबला अपने नाम कर लिया।,positive,football,contextual
6665,घरेलू मैदान पर कप्तान का लीग मैच में फीका खेल टीम पर भारी पड़ा।,negative,kabaddi,contextual
6666,खिलाड़ी ने मुकाबला में खराब प्रदर्शन किया और लगातार गलतियां कीं।,negative,kabaddi,paraphrase
6667,खिलाड़ी सेट के लिए अगले मुकाबले की तैयारी कर रही है।,neutral,badminton,neutral
6668,प्रशंसकों के सामने एथलीट ने इवेंट में शानदार खेल दिखाकर लगातार अच्छा प्रदर्शन किया।,positive,athletics,contextual
6669,दबाव वाले मुकाबले में खिलाड़ी ने फाइनल में कई आसान मौके गंवाए।,negative,tennis,domain_context
6670,मैच निर्णायक मैच में आयोजित होगा और डिफेंडर इसमें हिस्सा लेगा।,neutral,kabaddi,factual
6671,फाइनल निर्णायक मैच में आयोजित होगा और जोड़ी इसमें हिस्सा लेगा।,neutral,badminton,factual
6672,इस मुकाबले में कप्तान ने रन चेज में जबरदस्त खेल दिखाकर शानदार वापसी की।,positive,cricket,contextual
6673,मुकाबला लंबे ब्रेक के बाद आयोजित होगा और डिफेंडर इसमें हिस्सा लेगा।,neutral,football,factual
6674,भारतीय शटलर फाइनल के लिए रणनीति पर चर्चा कर रही है।,neutral,badminton,neutral
6675,फाइनल लगातार तीसरे मैच में आयोजित होगा और गोलकीपर इसमें हिस्सा लेगा।,neutral,football,factual
6676,लंबे ब्रेक के बाद भारतीय खिलाड़ी ने फाइनल में कमाल का खेल दिखाकर लगातार अच्छा प्रदर्शन किया।,positive,tennis,contextual
6677,दबाव वाले मुकाबले में खिलाड़ी ने मैच में यादगार खेल दिखाकर मुश्किल स्थिति से बाहर निकली।,positive,kabaddi,contextual
6678,धाविका फाइनल के लिए अभ्यास सत्र में शामिल हुई।,neutral,athletics,neutral
6679,प्रशंसकों के सामने भारतीय धावक दौड़ से पहले प्रशिक्षण कर रहा है।,neutral,athletics,factual
6680,जोड़ी की फाइनल में असंगत रणनीति काम नहीं आई।,negative,badminton,contextual
6681,लंबे ब्रेक के बाद टेनिस स्टार सेट से पहले प्रशिक्षण कर रहा है।,neutral,tennis,factual
6682,आज डिफेंडर ने मुकाबला में जबरदस्त खेल दिखाकर महत्वपूर्ण योगदान दिया।,positive,hockey,contextual
6683,भारतीय शटलर की मैच में असंगत रणनीति काम नहीं आई।,negative,badminton,contextual
6684,गेंदबाज ने मुकाबला में असंगत प्रदर्शन किया और बढ़त गंवा दी।,negative,cricket,paraphrase
6685,टूर्नामेंट के अहम चरण में रेडर मुकाबला से पहले प्रशिक्षण कर रहा है।,neutral,kabaddi,factual
6686,हॉकी टीम ने मैच में फीका प्रदर्शन किया और अपनी लय खो दी।,negative,hockey,paraphrase
6687,लगातार तीसरे मैच में क्लब ने लीग मैच से पहले प्रशिक्षण पूरा किया।,neutral,football,domain_context
6688,घरेलू मैदान पर रेडर ने मुकाबला में शानदार खेल दिखाकर मुश्किल स्थिति से बाहर निकली।,positive,kabaddi,contextual
6689,टूर्नामेंट के अहम चरण में एथलीट प्रतियोगिता से पहले प्रशिक्षण कर रहा है।,neutral,athletics,factual
6690,प्रशंसकों के सामने कप्तान ने मैच में कमाल का खेल दिखाकर लगातार अच्छा प्रदर्शन किया।,positive,kabaddi,contextual
6691,विकेटकीपर रन चेज के लिए टूर्नामेंट में हिस्सा ले रही है।,neutral,cricket,neutral
6692,बल्लेबाज ओवर के लिए अगले दौर के लिए पहुंची।,neutral,cricket,neutral
6693,खिलाड़ी दबाव के कारण कठिन मैच में लय नहीं बना सका।,negative,kabaddi,domain_context
6694,फॉरवर्ड ने लीग मैच में निराश करने वाला प्रदर्शन किया और बढ़त गंवा दी।,negative,football,paraphrase
6695,घरेलू मैदान पर डिफेंडर ने लीग मैच में यादगार खेल दिखाकर महत्वपूर्ण योगदान दिया।,positive,hockey,contextual
6696,प्रशंसकों के सामने खिलाड़ी ने क्वार्टरफाइनल में धमाकेदार खेल दिखाकर शानदार वापसी की।,positive,tennis,contextual
6697,प्रशंसकों के सामने गोलकीपर मुकाबला से पहले प्रशिक्षण कर रहा है।,neutral,football,factual
6698,निर्णायक मैच में जोड़ी ने सेट में यादगार खेल दिखाकर मुकाबला अपने नाम कर लिया।,positive,badminton,contextual
6699,ओवर लंबे ब्रेक के बाद आयोजित होगा और बल्लेबाज इसमें हिस्सा लेगा।,neutral,cricket,factual
6700,घरेलू मैदान पर युवा एथलीट ने रेस से पहले प्रशिक्षण पूरा किया।,neutral,athletics,domain_context
6701,भारतीय टीम की फाइनल में कमजोर रणनीति काम नहीं आई।,negative,hockey,contextual
6702,प्रशंसकों के सामने युवा शटलर का मुकाबला में असंगत खेल टीम पर भारी पड़ा।,negative,badminton,contextual
6703,गेंदबाज ने सीरीज में असंगत प्रदर्शन किया और दबाव में बिखर गई।,negative,cricket,paraphrase
6704,महत्वपूर्ण मौके पर भारतीय टीम ने सेमीफाइनल से पहले प्रशिक्षण पूरा किया।,neutral,hockey,domain_context
6705,इस मुकाबले में युवा खिलाड़ी का सेट में खराब खेल टीम पर भारी पड़ा।,negative,tennis,contextual
6706,लंबे ब्रेक के बाद भारतीय टीम ने मुकाबला में यादगार खेल दिखाकर महत्वपूर्ण योगदान दिया।,positive,cricket,contextual
6707,आज गेंदबाज का मैच में कमजोर खेल टीम पर भारी पड़ा।,negative,cricket,contextual
6708,कप्तान ने फाइनल में शानदार प्रदर्शन करते हुए महत्वपूर्ण योगदान दिया।,positive,tennis,paraphrase
6709,टूर्नामेंट के अहम चरण में भारतीय टीम ने प्लेऑफ में धमाकेदार खेल दिखाकर मुकाबला अपने नाम कर लिया।,positive,kabaddi,contextual
6710,लंबे ब्रेक के बाद डिफेंडर का सेमीफाइनल में लचर खेल टीम पर भारी पड़ा।,negative,football,contextual
6711,एथलीट ने फाइनल में निराशाजनक प्रदर्शन किया और मुकाबला गंवा दिया।,negative,athletics,paraphrase
6712,लगातार तीसरे मैच में भारतीय खिलाड़ी ने क्वार्टरफाइनल से पहले प्रशिक्षण पूरा किया।,neutral,tennis,domain_context
6713,निर्णायक मैच में खिलाड़ी ने मुकाबला में यादगार खेल दिखाकर शानदार वापसी की।,positive,badminton,contextual
6714,निर्णायक मैच में जोड़ी ने मुकाबला में यादगार खेल दिखाकर दबदबा कायम रखा।,positive,badminton,contextual
6715,गोलकीपर लीग मैच के लिए अगले मुकाबले की तैयारी कर रही है।,neutral,football,neutral
6716,जोड़ी ने मुकाबला में खराब प्रदर्शन किया और मुकाबला गंवा दिया।,negative,badminton,paraphrase
6717,प्रशंसकों के सामने युवा खिलाड़ी ने फाइनल में उत्कृष्ट खेल दिखाकर जीत दर्ज की।,positive,tennis,contextual
6718,भारतीय धावक दौड़ के लिए टूर्नामेंट में हिस्सा ले रही है।,neutral,athletics,neutral
6719,आज जोड़ी गेम से पहले प्रशिक्षण कर रहा है।,neutral,badminton,factual
6720,खिलाड़ी ने मुकाबला में लचर प्रदर्शन किया और उम्मीदों पर खरी नहीं उतरी।,negative,kabaddi,paraphrase
6721,खिलाड़ी की सेट में खराब रणनीति काम नहीं आई।,negative,tennis,contextual
6722,इस मुकाबले में टेनिस स्टार फाइनल से पहले प्रशिक्षण कर रहा है।,neutral,tennis,factual
6723,भारतीय शटलर ने फाइनल के लिए नया अभ्यास कार्यक्रम शुरू किया।,neutral,badminton,domain_context
6724,प्रशंसकों के सामने खिलाड़ी का मैच में खराब खेल टीम पर भारी पड़ा।,negative,tennis,contextual
6725,महत्वपूर्ण मौके पर कप्तान ने रन चेज में जबरदस्त खेल दिखाकर महत्वपूर्ण योगदान दिया।,positive,cricket,contextual
6726,आज भारतीय धावक ने रेस में धमाकेदार खेल दिखाकर मुश्किल स्थिति से बाहर निकली।,positive,athletics,contextual
6727,बल्लेबाज मुकाबला के लिए टूर्नामेंट में हिस्सा ले रही है।,neutral,cricket,neutral
6728,दबाव वाले मुकाबले में कप्तान ने मुकाबला में लाजवाब खेल दिखाकर दबदबा कायम रखा।,positive,kabaddi,contextual
6729,दबाव वाले मुकाबले में चैंपियन मैच से पहले प्रशिक्षण कर रहा है।,neutral,badminton,factual
6730,कप्तान ने मुकाबला में निराशाजनक प्रदर्शन किया और लगातार गलतियां कीं।,negative,football,paraphrase
6731,प्रशंसकों के सामने टीम ने मुकाबला अपने नाम कर लिया।,positive,multi-sport,domain_context
6732,घरेलू मैदान पर भारतीय टीम ने लीग मैच में लाजवाब खेल दिखाकर जीत दर्ज की।,positive,kabaddi,contextual
6733,खिलाड़ी मुकाबला के लिए अभ्यास सत्र में शामिल हुई।,neutral,tennis,neutral
6734,खिलाड़ी ने रेस में कमजोर प्रदर्शन किया और लगातार गलतियां कीं।,negative,athletics,paraphrase
6735,घरेलू मैदान पर भारतीय टीम ने फाइनल में धमाकेदार खेल दिखाकर महत्वपूर्ण योगदान दिया।,positive,football,contextual
6736,घरेलू मैदान पर कप्तान ने प्लेऑफ में बेहतरीन खेल दिखाकर जीत दर्ज की।,positive,kabaddi,contextual
6737,युवा एथलीट रेस के लिए अभ्यास सत्र में शामिल हुई।,neutral,athletics,neutral
6738,लंबे ब्रेक के बाद धाविका रेस से पहले प्रशिक्षण कर रहा है।,neutral,athletics,factual
6739,दबाव वाले मुकाबले में भारतीय खिलाड़ी ने मुकाबला से पहले प्रशिक्षण पूरा किया।,neutral,tennis,domain_context
6740,इस मुकाबले में भारतीय खिलाड़ी ने क्वार्टरफाइनल से पहले प्रशिक्षण पूरा किया।,neutral,tennis,domain_context
6741,महत्वपूर्ण मौके पर भारतीय टीम का मैच में कमजोर खेल टीम पर भारी पड़ा।,negative,cricket,contextual
6742,लगातार तीसरे मैच में एथलीट रेस से पहले प्रशिक्षण कर रहा है।,neutral,athletics,factual
6743,भारतीय खिलाड़ी सेट के लिए टूर्नामेंट में हिस्सा ले रही है।,neutral,tennis,neutral
6744,घरेलू मैदान पर गेंदबाज ने सीरीज में लाजवाब खेल दिखाकर लगातार अच्छा प्रदर्शन किया।,positive,cricket,contextual
6745,निर्णायक मैच में भारतीय शटलर ने सेट में यादगार खेल दिखाकर जीत दर्ज की।,positive,badminton,contextual
6746,युवा एथलीट ने फाइनल में लचर प्रदर्शन किया और मुकाबला गंवा दिया।,negative,athletics,paraphrase
6747,मैच लगातार तीसरे मैच में आयोजित होगा और भारतीय टीम इसमें हिस्सा लेगा।,neutral,kabaddi,factual
6748,टूर्नामेंट के अहम चरण में भारतीय धावक ने दौड़ में लाजवाब खेल दिखाकर जीत दर्ज की।,positive,athletics,contextual
6749,मुकाबला प्रशंसकों के सामने आयोजित होगा और गोलकीपर इसमें हिस्सा लेगा।,neutral,football,factual
6750,प्लेऑफ टूर्नामेंट के अहम चरण में आयोजित होगा और कप्तान इसमें हिस्सा लेगा।,neutral,kabaddi,factual
6751,इस मुकाबले में भारतीय टीम ने मुकाबला में धमाकेदार खेल दिखाकर मुकाबला अपने नाम कर लिया।,positive,kabaddi,contextual
6752,दबाव वाले मुकाबले में बल्लेबाज सीरीज से पहले प्रशिक्षण कर रहा है।,neutral,cricket,factual
6753,निर्णायक मैच में कप्तान ने मैच में जबरदस्त खेल दिखाकर लगातार अच्छा प्रदर्शन किया।,positive,tennis,contextual
6754,महत्वपूर्ण मौके पर भारतीय शटलर का मैच में निराशाजनक खेल टीम पर भारी पड़ा।,negative,badminton,contextual
6755,भारतीय टीम ने मैच में निराशाजनक प्रदर्शन किया और दबाव में बिखर गई।,negative,hockey,paraphrase
6756,भारत ने रन चेज में फीका प्रदर्शन किया और दबाव में बिखर गई।,negative,cricket,paraphrase
6757,घरेलू मैदान पर बल्लेबाज ने ओवर में यादगार खेल दिखाकर महत्वपूर्ण योगदान दिया।,positive,cricket,contextual
6758,महत्वपूर्ण मौके पर खिलाड़ी सेट से पहले प्रशिक्षण कर रहा है।,neutral,tennis,factual
6759,युवा खिलाड़ी ने सेट में निराश करने वाला प्रदर्शन किया और लगातार गलतियां कीं।,negative,tennis,paraphrase
6760,दबाव वाले मुकाबले में डिफेंडर का मुकाबला में लचर खेल टीम पर भारी पड़ा।,negative,kabaddi,contextual
6761,टूर्नामेंट के अहम चरण में युवा शटलर ने मुकाबला में लाजवाब खेल दिखाकर शानदार वापसी की।,positive,badminton,contextual
6762,आज भारतीय टीम का मैच में निराश करने वाला खेल टीम पर भारी पड़ा।,negative,football,contextual
6763,इस मुकाबले में खिलाड़ी ने सेट में यादगार खेल दिखाकर मुकाबला अपने नाम कर लिया।,positive,badminton,contextual
6764,खिलाड़ी की मैच में कमजोर रणनीति काम नहीं आई।,negative,tennis,contextual
6765,दबाव वाले मुकाबले में कप्तान का क्वार्टरफाइनल में खराब खेल टीम पर भारी पड़ा।,negative,tennis,contextual
6766,धाविका रेस के लिए अभ्यास सत्र में शामिल हुई।,neutral,athletics,neutral
6767,आज एथलीट प्रतियोगिता से पहले प्रशिक्षण कर रहा है।,neutral,athletics,factual
6768,सेट लंबे ब्रेक के बाद आयोजित होगा और टेनिस स्टार इसमें हिस्सा लेगा।,neutral,tennis,factual
6769,खिलाड़ी प्रतियोगिता के लिए मैच के लिए रवाना हुई।,neutral,athletics,neutral
6770,महत्वपूर्ण मौके पर युवा खिलाड़ी ने सेट से पहले प्रशिक्षण पूरा किया।,neutral,tennis,domain_context
6771,डिफेंडर लीग मैच के लिए अभ्यास सत्र में शामिल हुई।,neutral,hockey,neutral
6772,"Pressure ke beech, Defence ne aaj bahut mistakes ki.",negative,multi-sport,code_mixed
6773,भारतीय शटलर गेम के लिए रणनीति पर चर्चा कर रही है।,neutral,badminton,neutral
6774,टेनिस स्टार ने फाइनल में खराब खेल दिखाया और टीम को नुकसान हुआ।,negative,tennis,domain_context
6775,लगातार तीसरे मैच में डिफेंडर ने फाइनल में धमाकेदार खेल दिखाकर शानदार वापसी की।,positive,kabaddi,contextual
6776,भारत ने मैच में असंगत प्रदर्शन किया और मुकाबला गंवा दिया।,negative,cricket,paraphrase
6777,प्रशंसकों के सामने बल्लेबाज का ओवर में लचर खेल टीम पर भारी पड़ा।,negative,cricket,contextual
6778,निर्णायक मैच में डिफेंडर ने सेमीफाइनल में लाजवाब खेल दिखाकर महत्वपूर्ण योगदान दिया।,positive,hockey,contextual
6779,टूर्नामेंट के अहम चरण में युवा एथलीट का प्रतियोगिता में निराश करने वाला खेल टीम पर भारी पड़ा।,negative,athletics,contextual
6780,लंबे ब्रेक के बाद कप्तान ने सेट में लाजवाब खेल दिखाकर मुश्किल स्थिति से बाहर निकली।,positive,tennis,contextual
6781,डिफेंडर की टीम मुकाबला के लिए अपनी अंतिम सूची तैयार कर रही है।,neutral,hockey,domain_context
6782,इस मुकाबले में डिफेंडर ने मुकाबला में शानदार खेल दिखाकर महत्वपूर्ण योगदान दिया।,positive,kabaddi,contextual
6783,"Match se pehle, Defence ne aaj bahut mistakes ki.",negative,multi-sport,code_mixed
6784,डिफेंडर मैच के लिए रणनीति पर चर्चा कर रही है।,neutral,hockey,neutral
6785,लंबे ब्रेक के बाद क्लब का फाइनल में बेअसर खेल टीम पर भारी पड़ा।,negative,football,contextual
6786,कप्तान की सेट में खराब रणनीति काम नहीं आई।,negative,tennis,contextual
6787,टेनिस स्टार ने फाइनल में बेअसर प्रदर्शन किया और मुकाबला गंवा दिया।,negative,tennis,paraphrase
6788,निर्णायक मैच में डिफेंडर मैच से पहले प्रशिक्षण कर रहा है।,neutral,hockey,factual
6789,महत्वपूर्ण मौके पर भारतीय खिलाड़ी मुकाबला से पहले प्रशिक्षण कर रहा है।,neutral,tennis,factual
6790,टूर्नामेंट के अहम चरण में भारतीय टीम ने मुकाबला में उत्कृष्ट खेल दिखाकर महत्वपूर्ण योगदान दिया।,positive,football,contextual
6791,निर्णायक मैच में विकेटकीपर ने मैच में धमाकेदार खेल दिखाकर शानदार वापसी की।,positive,cricket,contextual
6792,टूर्नामेंट के अहम चरण में फॉरवर्ड ने सेमीफाइनल में जबरदस्त खेल दिखाकर लगातार अच्छा प्रदर्शन किया।,positive,hockey,contextual
6793,लगातार तीसरे मैच में डिफेंडर ने सेमीफाइनल में धमाकेदार खेल दिखाकर दबदबा कायम रखा।,positive,hockey,contextual
6794,प्रशंसकों के सामने कप्तान ने मैच में लाजवाब खेल दिखाकर महत्वपूर्ण योगदान दिया।,positive,cricket,contextual
6795,निर्णायक मैच में गोलकीपर ने लीग मैच में कई आसान मौके गंवाए।,negative,football,domain_context
6796,फॉरवर्ड को मैच के लिए टीम में शामिल किया गया है।,neutral,hockey,domain_context
6797,हॉकी टीम की सेमीफाइनल में बेअसर रणनीति काम नहीं आई।,negative,hockey,contextual
6798,लगातार तीसरे मैच में भारतीय धावक ने इवेंट में धमाकेदार खेल दिखाकर मुश्किल स्थिति से बाहर निकली।,positive,athletics,contextual
6799,आज टेनिस स्टार ने सेट में धमाकेदार खेल दिखाकर लगातार अच्छा प्रदर्शन किया।,positive,tennis,contextual
6800,आज भारतीय टीम ने फाइनल में कई आसान मौके गंवाए।,negative,kabaddi,domain_context
6801,हॉकी टीम लीग मैच के लिए रणनीति पर चर्चा कर रही है।,neutral,hockey,neutral
6802,गोलकीपर ने लीग मैच में खराब प्रदर्शन किया और बढ़त गंवा दी।,negative,hockey,paraphrase
6803,धाविका ने प्रतियोगिता में धमाकेदार प्रदर्शन करते हुए शानदार वापसी की।,positive,athletics,paraphrase
6804,लंबे ब्रेक के बाद भारतीय टीम ने फाइनल में कमाल का खेल दिखाकर मुकाबला अपने नाम कर लिया।,positive,football,contextual
6805,इस मुकाबले में क्लब फाइनल से पहले प्रशिक्षण कर रहा है।,neutral,football,factual
6806,हॉकी टीम ने मुकाबला में धमाकेदार प्रदर्शन करते हुए मुकाबला अपने नाम कर लिया।,positive,hockey,paraphrase
6807,टूर्नामेंट के अहम चरण में भारतीय टीम ने फाइनल में यादगार खेल दिखाकर जीत दर्ज की।,positive,kabaddi,contextual
6808,इस मुकाबले में गोलकीपर का मैच में लचर खेल टीम पर भारी पड़ा।,negative,hockey,contextual
6809,घरेलू मैदान पर भारतीय टीम का मैच में लचर खेल टीम पर भारी पड़ा।,negative,kabaddi,contextual
6810,इस मुकाबले में भारतीय खिलाड़ी ने मैच में जबरदस्त खेल दिखाकर दबदबा कायम रखा।,positive,tennis,contextual
6811,युवा खिलाड़ी ने सेट में खराब प्रदर्शन किया और उम्मीदों पर खरी नहीं उतरी।,negative,tennis,paraphrase
6812,डिफेंडर ने सेमीफाइनल में लचर प्रदर्शन किया और उम्मीदों पर खरी नहीं उतरी।,negative,football,paraphrase
6813,लंबे ब्रेक के बाद खिलाड़ी रेस से पहले प्रशिक्षण कर रहा है।,neutral,athletics,factual
6814,निर्णायक मैच में भारतीय टीम ने सीरीज में जबरदस्त खेल दिखाकर महत्वपूर्ण योगदान दिया।,positive,cricket,contextual
6815,घरेलू मैदान पर भारतीय धावक ने प्रतियोगिता में कई आसान मौके गंवाए।,negative,athletics,domain_context
6816,फॉरवर्ड ने मैच में खराब प्रदर्शन किया और दबाव में बिखर गई।,negative,football,paraphrase
6817,लंबे ब्रेक के बाद हॉकी टीम ने फाइनल में कई आसान मौके गंवाए।,negative,hockey,domain_context
6818,महत्वपूर्ण मौके पर भारतीय शटलर ने मुकाबला में यादगार खेल दिखाकर मुश्किल स्थिति से बाहर निकली।,positive,badminton,contextual
6819,लंबे ब्रेक के बाद भारतीय टीम ने मुकाबला में उत्कृष्ट खेल दिखाकर महत्वपूर्ण योगदान दिया।,positive,kabaddi,contextual
6820,खिलाड़ी की टीम इवेंट के लिए अपनी अंतिम सूची तैयार कर रही है।,neutral,athletics,domain_context
6821,निर्णायक मैच में कप्तान का क्वार्टरफाइनल में निराशाजनक खेल टीम पर भारी पड़ा।,negative,tennis,contextual
6822,भारतीय टीम ने सेमीफाइनल में लचर प्रदर्शन किया और लगातार गलतियां कीं।,negative,football,paraphrase
6823,आज कप्तान ने मुकाबला से पहले प्रशिक्षण पूरा किया।,neutral,kabaddi,domain_context
6824,निर्णायक मैच में युवा एथलीट फाइनल से पहले प्रशिक्षण कर रहा है।,neutral,athletics,factual
6825,घरेलू मैदान पर रेडर ने फाइनल में यादगार खेल दिखाकर मुश्किल स्थिति से बाहर निकली।,positive,kabaddi,contextual
6826,निर्णायक मैच में खिलाड़ी का सेट में खराब खेल टीम पर भारी पड़ा।,negative,tennis,contextual
6827,लंबे ब्रेक के बाद भारतीय टीम ने लीग मैच में जबरदस्त खेल दिखाकर दबदबा कायम रखा।,positive,hockey,contextual
6828,कप्तान सेमीफाइनल के लिए प्रशिक्षण जारी रखे हुए है।,neutral,football,neutral
6829,युवा शटलर ने फाइनल में बेहतरीन प्रदर्शन करते हुए मुश्किल स्थिति से बाहर निकली।,positive,badminton,paraphrase
6830,लगातार तीसरे मैच में युवा शटलर ने गेम में बेहतरीन खेल दिखाकर मुश्किल स्थिति से बाहर निकली।,positive,badminton,contextual
6831,महत्वपूर्ण मौके पर युवा खिलाड़ी ने मुकाबला में जबरदस्त खेल दिखाकर मुकाबला अपने नाम कर लिया।,positive,tennis,contextual
6832,दबाव वाले मुकाबले में क्लब फाइनल से पहले प्रशिक्षण कर रहा है।,neutral,football,factual
6833,फॉरवर्ड ने सेमीफाइनल में लाजवाब खेल दिखाया और टीम को जीत दिलाई।,positive,hockey,domain_context
6834,भारतीय टीम ने लीग मैच के लिए नया अभ्यास कार्यक्रम शुरू किया।,neutral,kabaddi,domain_context
6835,इस मुकाबले में जोड़ी ने सेट से पहले प्रशिक्षण पूरा किया।,neutral,badminton,domain_context
6836,एथलीट ने दौड़ के दौरान लगातार बेहतर निर्णय लिए।,positive,athletics,domain_context
6837,क्लब ने मुकाबला में निराशाजनक प्रदर्शन किया और अपनी लय खो दी।,negative,football,paraphrase
6838,मुकाबला इस मुकाबले में आयोजित होगा और डिफेंडर इसमें हिस्सा लेगा।,neutral,football,factual
6839,लगातार तीसरे मैच में कप्तान ने प्लेऑफ में उत्कृष्ट खेल दिखाकर मुश्किल स्थिति से बाहर निकली।,positive,kabaddi,contextual
6840,भारतीय खिलाड़ी ने सेट के लिए नया अभ्यास कार्यक्रम शुरू किया।,neutral,tennis,domain_context
6841,इस मुकाबले में जोड़ी ने मैच से पहले प्रशिक्षण पूरा किया।,neutral,badminton,domain_context
6842,गेंदबाज दबाव के कारण कठिन मुकाबला में लय नहीं बना सका।,negative,cricket,domain_context
6843,इस मुकाबले में खिलाड़ी ने मैच में जबरदस्त खेल दिखाकर मुश्किल स्थिति से बाहर निकली।,positive,tennis,contextual
6844,गेंदबाज ने रन चेज में खराब खेल दिखाया और टीम को नुकसान हुआ।,negative,cricket,domain_context
6845,कप्तान ने प्लेऑफ में यादगार प्रदर्शन करते हुए लगातार अच्छा प्रदर्शन किया।,positive,kabaddi,paraphrase
6846,"Aaj, Match evening mein start hoga.",neutral,multi-sport,code_mixed
6847,निर्णायक चरण में खिलाड़ी ने निर्णायक क्षण में बेहतरीन प्रदर्शन किया।,positive,multi-sport,domain_context
6848,क्वार्टरफाइनल महत्वपूर्ण मौके पर आयोजित होगा और भारतीय खिलाड़ी इसमें हिस्सा लेगा।,neutral,tennis,factual
6849,इस मुकाबले में खिलाड़ी ने इवेंट में उत्कृष्ट खेल दिखाकर मुश्किल स्थिति से बाहर निकली।,positive,athletics,contextual
6850,घरेलू मैदान पर गोलकीपर ने लीग मैच में शानदार खेल दिखाकर मुकाबला अपने नाम कर लिया।,positive,football,contextual
6851,दौड़ निर्णायक मैच में आयोजित होगा और खिलाड़ी इसमें हिस्सा लेगा।,neutral,athletics,factual
6852,महत्वपूर्ण मौके पर डिफेंडर मैच से पहले प्रशिक्षण कर रहा है।,neutral,hockey,factual
6853,लंबे ब्रेक के बाद टेनिस स्टार ने फाइनल में कमाल का खेल दिखाकर शानदार वापसी की।,positive,tennis,contextual
6854,भारतीय धावक ने इवेंट में लचर प्रदर्शन किया और उम्मीदों पर खरी नहीं उतरी।,negative,athletics,paraphrase
6855,टूर्नामेंट के अहम चरण में गेंदबाज ने मुकाबला में धमाकेदार खेल दिखाकर दबदबा कायम रखा।,positive,cricket,contextual
6856,मुकाबला प्रशंसकों के सामने आयोजित होगा और खिलाड़ी इसमें हिस्सा लेगा।,neutral,tennis,factual
6857,प्रशंसकों के सामने कप्तान ने ओवर में धमाकेदार खेल दिखाकर जीत दर्ज की।,positive,cricket,contextual
6858,लंबे ब्रेक के बाद डिफेंडर ने फाइनल में धमाकेदार खेल दिखाकर दबदबा कायम रखा।,positive,football,contextual
6859,पारी प्रशंसकों के सामने आयोजित होगा और भारत इसमें हिस्सा लेगा।,neutral,cricket,factual
6860,घरेलू मैदान पर क्लब ने मैच में यादगार खेल दिखाकर दबदबा कायम रखा।,positive,football,contextual
6861,खिलाड़ी अगले प्लेऑफ से पहले कोच के साथ बैठक करेगा।,neutral,kabaddi,domain_context
6862,भारतीय टीम ने सेमीफाइनल में यादगार खेल दिखाया और टीम को जीत दिलाई।,positive,football,domain_context
6863,आज युवा खिलाड़ी का क्वार्टरफाइनल में लचर खेल टीम पर भारी पड़ा।,negative,tennis,contextual
6864,लंबे ब्रेक के बाद गोलकीपर मुकाबला से पहले प्रशिक्षण कर रहा है।,neutral,football,factual
6865,खिलाड़ी ने सेट में कमाल का प्रदर्शन करते हुए शानदार वापसी की।,positive,badminton,paraphrase
6866,निर्णायक मैच में भारतीय खिलाड़ी ने मैच से पहले प्रशिक्षण पूरा किया।,neutral,tennis,domain_context
6867,घरेलू मैदान पर भारतीय धावक का दौड़ में बेअसर खेल टीम पर भारी पड़ा।,negative,athletics,contextual
6868,लीग मैच निर्णायक मैच में आयोजित होगा और गोलकीपर इसमें हिस्सा लेगा।,neutral,football,factual
6869,लंबे ब्रेक के बाद भारतीय टीम का लीग मैच में कमजोर खेल टीम पर भारी पड़ा।,negative,kabaddi,contextual
6870,आज कप्तान ने मुकाबला में यादगार खेल दिखाकर दबदबा कायम रखा।,positive,tennis,contextual
6871,युवा खिलाड़ी की टीम फाइनल के लिए अपनी अंतिम सूची तैयार कर रही है।,neutral,tennis,domain_context
6872,टूर्नामेंट के अहम चरण में भारतीय शटलर ने मैच में बेहतरीन खेल दिखाकर शानदार वापसी की।,positive,badminton,contextual
6873,चैंपियन ने गेम में निराश करने वाला प्रदर्शन किया और उम्मीदों पर खरी नहीं उतरी।,negative,badminton,paraphrase
6874,टूर्नामेंट के अहम चरण में जोड़ी का गेम में फीका खेल टीम पर भारी पड़ा।,negative,badminton,contextual
6875,भारतीय टीम ने रन चेज में फीका प्रदर्शन किया और लगातार गलतियां कीं।,negative,cricket,paraphrase
6876,डिफेंडर की मुकाबला में लचर रणनीति काम नहीं आई।,negative,hockey,contextual
6877,निर्णायक मैच में भारतीय खिलाड़ी ने सेट में उत्कृष्ट खेल दिखाकर शानदार वापसी की।,positive,tennis,contextual
6878,लीग मैच दबाव वाले मुकाबले में आयोजित होगा और रेडर इसमें हिस्सा लेगा।,neutral,kabaddi,factual
6879,घरेलू मैदान पर युवा खिलाड़ी का फाइनल में फीका खेल टीम पर भारी पड़ा।,negative,tennis,contextual
6880,डिफेंडर ने फाइनल में असंगत प्रदर्शन किया और दबाव में बिखर गई।,negative,hockey,paraphrase
6881,चैंपियन ने फाइनल में बेअसर प्रदर्शन किया और महत्वपूर्ण मौका गंवाया।,negative,badminton,paraphrase
6882,लंबे ब्रेक के बाद फॉरवर्ड ने मुकाबला से पहले प्रशिक्षण पूरा किया।,neutral,hockey,domain_context
6883,ओवर आज आयोजित होगा और विकेटकीपर इसमें हिस्सा लेगा।,neutral,cricket,factual
6884,लंबे ब्रेक के बाद कप्तान क्वार्टरफाइनल से पहले प्रशिक्षण कर रहा है।,neutral,tennis,factual
6885,लंबे ब्रेक के बाद फॉरवर्ड ने मैच में लाजवाब खेल दिखाकर शानदार वापसी की।,positive,football,contextual
6886,आज एथलीट ने दौड़ में उत्कृष्ट खेल दिखाकर दबदबा कायम रखा।,positive,athletics,contextual
6887,शाम के मुकाबले में कप्तान ने मैच से पहले रणनीति पर बात की।,neutral,multi-sport,domain_context
6888,फाइनल महत्वपूर्ण मौके पर आयोजित होगा और फॉरवर्ड इसमें हिस्सा लेगा।,neutral,hockey,factual
6889,भारतीय टीम के शानदार प्रदर्शन ने मैच का रुख बदल दिया।,positive,kabaddi,domain_context
6890,लगातार तीसरे मैच में कप्तान ने लीग मैच से पहले प्रशिक्षण पूरा किया।,neutral,football,domain_context
6891,लंबे ब्रेक के बाद भारत ने रन चेज में लाजवाब खेल दिखाकर शानदार वापसी की।,positive,cricket,contextual
6892,महत्वपूर्ण मौके पर हॉकी टीम ने सेमीफाइनल में लाजवाब खेल दिखाकर शानदार वापसी की।,positive,hockey,contextual
6893,दबाव वाले मुकाबले में बल्लेबाज ने ओवर में यादगार खेल दिखाकर लगातार अच्छा प्रदर्शन किया।,positive,cricket,contextual
6894,महत्वपूर्ण मौके पर कप्तान का ओवर में असंगत खेल टीम पर भारी पड़ा।,negative,cricket,contextual
6895,रेडर ने फाइनल के लिए नया अभ्यास कार्यक्रम शुरू किया।,neutral,kabaddi,domain_context
6896,निर्णायक मैच में गोलकीपर ने फाइनल में यादगार खेल दिखाकर महत्वपूर्ण योगदान दिया।,positive,hockey,contextual
6897,महत्वपूर्ण मौके पर फॉरवर्ड मुकाबला से पहले प्रशिक्षण कर रहा है।,neutral,football,factual
6898,धाविका ने फाइनल में धमाकेदार प्रदर्शन करते हुए मुकाबला अपने नाम कर लिया।,positive,athletics,paraphrase
6899,खिलाड़ी ने फाइनल में जबरदस्त प्रदर्शन करते हुए लगातार अच्छा प्रदर्शन किया।,positive,badminton,paraphrase
6900,भारतीय खिलाड़ी ने सेट में बेअसर प्रदर्शन किया और उम्मीदों पर खरी नहीं उतरी।,negative,tennis,paraphrase
6901,लंबे ब्रेक के बाद भारतीय टीम का सेमीफाइनल में निराश करने वाला खेल टीम पर भारी पड़ा।,negative,hockey,contextual
6902,इस मुकाबले में भारतीय खिलाड़ी ने मैच में कई आसान मौके गंवाए।,negative,tennis,domain_context
6903,प्रशंसकों के सामने फॉरवर्ड का मैच में कमजोर खेल टीम पर भारी पड़ा।,negative,hockey,contextual
6904,भारतीय खिलाड़ी को मैच के लिए टीम में शामिल किया गया है।,neutral,tennis,domain_context
6905,भारतीय शटलर ने मुकाबला में निराशाजनक प्रदर्शन किया और मुकाबला गंवा दिया।,negative,badminton,paraphrase
6906,डिफेंडर ने मैच में फीका प्रदर्शन किया और अपनी लय खो दी।,negative,football,paraphrase
6907,लंबे ब्रेक के बाद गोलकीपर ने मैच में धमाकेदार खेल दिखाकर शानदार वापसी की।,positive,hockey,contextual
6908,आज एथलीट का प्रतियोगिता में लचर खेल टीम पर भारी पड़ा।,negative,athletics,contextual
6909,लंबे ब्रेक के बाद डिफेंडर ने सेमीफाइनल में धमाकेदार खेल दिखाकर मुश्किल स्थिति से बाहर निकली।,positive,hockey,contextual
6910,घरेलू मैदान पर युवा एथलीट प्रतियोगिता से पहले प्रशिक्षण कर रहा है।,neutral,athletics,factual
6911,भारतीय टीम ने मैच के लिए तैयारी शुरू कर दी।,neutral,hockey,factual
6912,लंबे ब्रेक के बाद भारतीय धावक का फाइनल में बेअसर खेल टीम पर भारी पड़ा।,negative,athletics,contextual
6913,गोलकीपर मैच के लिए प्रशिक्षण जारी रखे हुए है।,neutral,hockey,neutral
6914,घरेलू मैदान पर क्लब का सेमीफाइनल में फीका खेल टीम पर भारी पड़ा।,negative,football,contextual
6915,आज हॉकी टीम ने मुकाबला में बेहतरीन खेल दिखाकर दबदबा कायम रखा।,positive,hockey,contextual
6916,लगातार तीसरे मैच में खिलाड़ी ने दौड़ में बेहतरीन खेल दिखाकर शानदार वापसी की।,positive,athletics,contextual
6917,निर्णायक मैच में भारतीय टीम का रन चेज में लचर खेल टीम पर भारी पड़ा।,negative,cricket,contextual
6918,भारतीय टीम की ओवर में फीका रणनीति काम नहीं आई।,negative,cricket,contextual
6919,निर्णायक मैच में जोड़ी का सेट में खराब खेल टीम पर भारी पड़ा।,negative,badminton,contextual
6920,लगातार तीसरे मैच में भारतीय धावक ने रेस में लाजवाब खेल दिखाकर लगातार अच्छा प्रदर्शन किया।,positive,athletics,contextual
6921,कप्तान ने मुकाबला में निराश करने वाला प्रदर्शन किया और मुकाबला गंवा दिया।,negative,cricket,paraphrase
6922,प्रशंसकों के सामने गेंदबाज का पारी में कमजोर खेल टीम पर भारी पड़ा।,negative,cricket,contextual
6923,कप्तान ने मुकाबला में कमाल का प्रदर्शन करते हुए दबदबा कायम रखा।,positive,cricket,paraphrase
6924,टूर्नामेंट के अहम चरण में टेनिस स्टार का फाइनल में निराशाजनक खेल टीम पर भारी पड़ा।,negative,tennis,contextual
6925,दबाव वाले मुकाबले में टेनिस स्टार ने मैच में शानदार खेल दिखाकर महत्वपूर्ण योगदान दिया।,positive,tennis,contextual
6926,प्रशंसकों के सामने गोलकीपर का मैच में निराश करने वाला खेल टीम पर भारी पड़ा।,negative,football,contextual
6927,लंबे ब्रेक के बाद चैंपियन का फाइनल में लचर खेल टीम पर भारी पड़ा।,negative,badminton,contextual
6928,घरेलू मैदान पर डिफेंडर ने मैच में शानदार खेल दिखाकर मुकाबला अपने नाम कर लिया।,positive,kabaddi,contextual
6929,प्रशंसकों के सामने युवा खिलाड़ी का सेट में कमजोर खेल टीम पर भारी पड़ा।,negative,tennis,contextual
6930,भारतीय टीम ने फाइनल में कमजोर खेल दिखाया और टीम को नुकसान हुआ।,negative,hockey,domain_context
6931,लगातार तीसरे मैच में रेडर ने प्लेऑफ में बेहतरीन खेल दिखाकर शानदार वापसी की।,positive,kabaddi,contextual
6932,मैच इस मुकाबले में आयोजित होगा और भारतीय टीम इसमें हिस्सा लेगा।,neutral,hockey,factual
6933,आज भारतीय टीम का फाइनल में खराब खेल टीम पर भारी पड़ा।,negative,kabaddi,contextual
6934,लंबे ब्रेक के बाद एथलीट का इवेंट में खराब खेल टीम पर भारी पड़ा।,negative,athletics,contextual
6935,कप्तान पारी के लिए टूर्नामेंट में हिस्सा ले रही है।,neutral,cricket,neutral
6936,आज भारतीय टीम का लीग मैच में असंगत खेल टीम पर भारी पड़ा।,negative,football,contextual
6937,डिफेंडर की मुकाबला में असंगत रणनीति काम नहीं आई।,negative,hockey,contextual
6938,लगातार तीसरे मैच में भारत ने पारी में यादगार खेल दिखाकर मुकाबला अपने नाम कर लिया।,positive,cricket,contextual
6939,फॉरवर्ड ने मैच में जबरदस्त खेल दिखाया और टीम को जीत दिलाई।,positive,hockey,domain_context
6940,आज फॉरवर्ड ने लीग मैच में कमाल का खेल दिखाकर महत्वपूर्ण योगदान दिया।,positive,hockey,contextual
6941,जोड़ी मैच के लिए रणनीति पर चर्चा कर रही है।,neutral,badminton,neutral
6942,मैच प्रशंसकों के सामने आयोजित होगा और गोलकीपर इसमें हिस्सा लेगा।,neutral,football,factual
6943,भारतीय टीम ने फाइनल में असंगत प्रदर्शन किया और अपनी लय खो दी।,negative,hockey,paraphrase
6944,घरेलू मैदान पर क्लब ने मैच में लाजवाब खेल दिखाकर मुश्किल स्थिति से बाहर निकली।,positive,football,contextual
6945,युवा शटलर ने मुकाबला में कमजोर प्रदर्शन किया और अपनी लय खो दी।,negative,badminton,paraphrase
6946,भारतीय शटलर की मैच में खराब रणनीति काम नहीं आई।,negative,badminton,contextual
6947,इस मुकाबले में फॉरवर्ड ने लीग मैच में लाजवाब खेल दिखाकर महत्वपूर्ण योगदान दिया।,positive,football,contextual
6948,हॉकी टीम को लीग मैच के लिए टीम में शामिल किया गया है।,neutral,hockey,domain_context
6949,घरेलू मैदान पर भारतीय शटलर ने मैच में बेहतरीन खेल दिखाकर मुश्किल स्थिति से बाहर निकली।,positive,badminton,contextual
6950,रेडर ने लीग मैच में लाजवाब प्रदर्शन करते हुए लगातार अच्छा प्रदर्शन किया।,positive,kabaddi,paraphrase
6951,भारतीय टीम ने लीग मैच में असंगत प्रदर्शन किया और दबाव में बिखर गई।,negative,football,paraphrase
6952,दबाव वाले मुकाबले में युवा शटलर ने सेट में यादगार खेल दिखाकर मुकाबला अपने नाम कर लिया।,positive,badminton,contextual
6953,इस मुकाबले में क्लब ने मैच से पहले प्रशिक्षण पूरा किया।,neutral,football,domain_context
6954,आज भारत ने ओवर में बेहतरीन तालमेल के साथ जीत हासिल की।,positive,cricket,domain_context
6955,लीग मैच टूर्नामेंट के अहम चरण में आयोजित होगा और भारतीय टीम इसमें हिस्सा लेगा।,neutral,football,factual
6956,महत्वपूर्ण मौके पर रेडर लीग मैच से पहले प्रशिक्षण कर रहा है।,neutral,kabaddi,factual
6957,युवा एथलीट ने रेस में निराश करने वाला प्रदर्शन किया और दबाव में बिखर गई।,negative,athletics,paraphrase
6958,फॉरवर्ड ने मुकाबला में फीका प्रदर्शन किया और महत्वपूर्ण मौका गंवाया।,negative,football,paraphrase
6959,"कप्तान ने मेहनत तो की, लेकिन मैच में अपनी बढ़त गंवा दी।",negative,tennis,negation
6960,भारतीय शटलर ने गेम में निराशाजनक प्रदर्शन किया और दबाव में बिखर गई।,negative,badminton,paraphrase
6961,लगातार तीसरे मैच में बल्लेबाज ने ओवर में यादगार खेल दिखाकर मुश्किल स्थिति से बाहर निकली।,positive,cricket,contextual
6962,प्रतियोगिता घरेलू मैदान पर आयोजित होगा और धाविका इसमें हिस्सा लेगा।,neutral,athletics,factual
6963,आज युवा शटलर मुकाबला से पहले प्रशिक्षण कर रहा है।,neutral,badminton,factual
6964,आज युवा खिलाड़ी ने क्वार्टरफाइनल में बेहतरीन खेल दिखाकर शानदार वापसी की।,positive,tennis,contextual
6965,निर्णायक मैच में रेडर ने प्लेऑफ में लाजवाब खेल दिखाकर दबदबा कायम रखा।,positive,kabaddi,contextual
6966,प्लेऑफ लंबे ब्रेक के बाद आयोजित होगा और भारतीय टीम इसमें हिस्सा लेगा।,neutral,kabaddi,factual
6967,प्रशंसकों के सामने डिफेंडर लीग मैच से पहले प्रशिक्षण कर रहा है।,neutral,football,factual
6968,प्रशंसकों के सामने युवा शटलर ने फाइनल में यादगार खेल दिखाकर दबदबा कायम रखा।,positive,badminton,contextual
6969,खिलाड़ी को दौड़ के लिए टीम में शामिल किया गया है।,neutral,athletics,domain_context
6970,आज डिफेंडर मैच से पहले प्रशिक्षण कर रहा है।,neutral,football,factual
6971,विकेटकीपर ने रन चेज में खराब प्रदर्शन किया और अपनी लय खो दी।,negative,cricket,paraphrase
6972,गेंदबाज मुकाबला के लिए अगले दौर के लिए पहुंची।,neutral,cricket,neutral
6973,प्रशंसकों के सामने खिलाड़ी ने प्लेऑफ में लाजवाब खेल दिखाकर मुश्किल स्थिति से बाहर निकली।,positive,kabaddi,contextual
6974,बल्लेबाज की मैच में निराशाजनक रणनीति काम नहीं आई।,negative,cricket,contextual
6975,भारतीय टीम ने लीग मैच में कमजोर प्रदर्शन किया और बढ़त गंवा दी।,negative,hockey,paraphrase
6976,गेंदबाज ने मैच में खराब प्रदर्शन किया और लगातार गलतियां कीं।,negative,cricket,paraphrase
6977,दबाव वाले मुकाबले में हॉकी टीम मुकाबला से पहले प्रशिक्षण कर रहा है।,neutral,hockey,factual
6978,निर्णायक मैच में जोड़ी का मुकाबला में खराब खेल टीम पर भारी पड़ा।,negative,badminton,contextual
6979,महत्वपूर्ण मौके पर भारतीय टीम सेमीफाइनल से पहले प्रशिक्षण कर रहा है।,neutral,hockey,factual
6980,निर्णायक मैच में कप्तान रन चेज से पहले प्रशिक्षण कर रहा है।,neutral,cricket,factual
6981,सेमीफाइनल घरेलू मैदान पर आयोजित होगा और हॉकी टीम इसमें हिस्सा लेगा।,neutral,hockey,factual
6982,कप्तान ने फाइनल में लचर प्रदर्शन किया और बढ़त गंवा दी।,negative,kabaddi,paraphrase
6983,दबाव वाले मुकाबले में जोड़ी ने मैच में कमाल का खेल दिखाकर दबदबा कायम रखा।,positive,badminton,contextual
6984,आज भारतीय टीम ने लीग मैच में कमाल का खेल दिखाकर शानदार वापसी की।,positive,kabaddi,contextual
6985,दबाव वाले मुकाबले में जोड़ी का मुकाबला में निराश करने वाला खेल टीम पर भारी पड़ा।,negative,badminton,contextual
6986,ओवर निर्णायक मैच में आयोजित होगा और विकेटकीपर इसमें हिस्सा लेगा।,neutral,cricket,factual
6987,टूर्नामेंट के अहम चरण में कप्तान का फाइनल में असंगत खेल टीम पर भारी पड़ा।,negative,football,contextual
6988,दबाव वाले मुकाबले में फॉरवर्ड ने सेमीफाइनल में शानदार खेल दिखाकर लगातार अच्छा प्रदर्शन किया।,positive,football,contextual
6989,भारतीय धावक रेस के लिए अभ्यास सत्र में शामिल हुई।,neutral,athletics,neutral
6990,रेडर ने मैच में लाजवाब प्रदर्शन करते हुए महत्वपूर्ण योगदान दिया।,positive,kabaddi,paraphrase
6991,दबाव वाले मुकाबले में गोलकीपर का फाइनल में कमजोर खेल टीम पर भारी पड़ा।,negative,football,contextual
6992,डिफेंडर ने प्लेऑफ में निराशाजनक प्रदर्शन किया और महत्वपूर्ण मौका गंवाया।,negative,kabaddi,paraphrase
6993,सेट घरेलू मैदान पर आयोजित होगा और भारतीय शटलर इसमें हिस्सा लेगा।,neutral,badminton,factual
6994,दौड़ आज आयोजित होगा और भारतीय धावक इसमें हिस्सा लेगा।,neutral,athletics,factual
6995,प्रशंसकों के सामने डिफेंडर मुकाबला से पहले प्रशिक्षण कर रहा है।,neutral,football,factual
6996,आज विकेटकीपर ने सीरीज में यादगार खेल दिखाकर जीत दर्ज की।,positive,cricket,contextual
6997,प्रशंसकों के सामने गोलकीपर का मैच में बेअसर खेल टीम पर भारी पड़ा।,negative,football,contextual
6998,प्रशंसकों के सामने कप्तान का ओवर में फीका खेल टीम पर भारी पड़ा।,negative,cricket,contextual
6999,दबाव वाले मुकाबले में भारतीय टीम ने सेमीफाइनल में यादगार खेल दिखाकर मुकाबला अपने नाम कर लिया।,positive,hockey,contextual
7000,चैंपियन ने फाइनल में लाजवाब खेल दिखाया और टीम को जीत दिलाई।,positive,badminton,domain_context
7001,लंबे ब्रेक के बाद भारतीय टीम का सेमीफाइनल में बेअसर खेल टीम पर भारी पड़ा।,negative,football,contextual
7002,प्रशंसकों के सामने भारत का मैच में खराब खेल टीम पर भारी पड़ा।,negative,cricket,contextual
7003,युवा एथलीट दौड़ के लिए टूर्नामेंट में हिस्सा ले रही है।,neutral,athletics,neutral
7004,भारत की टीम रन चेज के लिए अपनी अंतिम सूची तैयार कर रही है।,neutral,cricket,domain_context
7005,लगातार तीसरे मैच में भारतीय टीम मुकाबला से पहले प्रशिक्षण कर रहा है।,neutral,hockey,factual
7006,लगातार तीसरे मैच में एथलीट ने प्रतियोगिता में बेहतरीन खेल दिखाकर महत्वपूर्ण योगदान दिया।,positive,athletics,contextual
7007,भारतीय टीम ने फाइनल में बेअसर प्रदर्शन किया और महत्वपूर्ण मौका गंवाया।,negative,football,paraphrase
7008,निर्णायक मैच में भारत ने मुकाबला से पहले प्रशिक्षण पूरा किया।,neutral,cricket,domain_context
7009,घरेलू मैदान पर चैंपियन ने मैच में उत्कृष्ट खेल दिखाकर दबदबा कायम रखा।,positive,badminton,contextual
7010,कप्तान ने मुकाबला में लाजवाब प्रदर्शन करते हुए मुश्किल स्थिति से बाहर निकली।,positive,kabaddi,paraphrase
7011,भारतीय शटलर ने मुकाबला में फीका प्रदर्शन किया और बढ़त गंवा दी।,negative,badminton,paraphrase
7012,प्रशंसकों के सामने भारतीय धावक ने प्रतियोगिता में जबरदस्त खेल दिखाकर लगातार अच्छा प्रदर्शन किया।,positive,athletics,contextual
7013,घरेलू मैदान पर खिलाड़ी फाइनल से पहले प्रशिक्षण कर रहा है।,neutral,badminton,factual
7014,इस मुकाबले में भारतीय टीम का मुकाबला में कमजोर खेल टीम पर भारी पड़ा।,negative,cricket,contextual
7015,आज खिलाड़ी ने फाइनल से पहले प्रशिक्षण पूरा किया।,neutral,badminton,domain_context
7016,दबाव वाले मुकाबले में गोलकीपर ने मैच में लाजवाब खेल दिखाकर महत्वपूर्ण योगदान दिया।,positive,football,contextual
7017,निर्णायक मैच में भारतीय टीम प्लेऑफ से पहले प्रशिक्षण कर रहा है।,neutral,kabaddi,factual
7018,चैंपियन ने सेट में निराश करने वाला प्रदर्शन किया और अपनी लय खो दी।,negative,badminton,paraphrase
7019,कल अगले दौर का कार्यक्रम आयोजकों ने जारी किया।,neutral,multi-sport,domain_context
7020,डिफेंडर ने मुकाबला में निराश करने वाला प्रदर्शन किया और महत्वपूर्ण मौका गंवाया।,negative,hockey,paraphrase
7021,फाइनल आज आयोजित होगा और रेडर इसमें हिस्सा लेगा।,neutral,kabaddi,factual
7022,महत्वपूर्ण मौके पर चैंपियन मैच से पहले प्रशिक्षण कर रहा है।,neutral,badminton,factual
7023,धाविका ने दौड़ के लिए नया अभ्यास कार्यक्रम शुरू किया।,neutral,athletics,domain_context
7024,डिफेंडर ने फाइनल में खराब प्रदर्शन किया और उम्मीदों पर खरी नहीं उतरी।,negative,football,paraphrase
7025,खिलाड़ी ने प्रतियोगिता में फीका प्रदर्शन किया और महत्वपूर्ण मौका गंवाया।,negative,athletics,paraphrase
7026,इस मुकाबले में खिलाड़ी का प्लेऑफ में खराब खेल टीम पर भारी पड़ा।,negative,kabaddi,contextual
7027,निर्णायक मैच में खिलाड़ी ने फाइनल में उत्कृष्ट खेल दिखाकर जीत दर्ज की।,positive,badminton,contextual
7028,दबाव वाले मुकाबले में गोलकीपर का लीग मैच में निराशाजनक खेल टीम पर भारी पड़ा।,negative,hockey,contextual
7029,महत्वपूर्ण मौके पर कप्तान लीग मैच से पहले प्रशिक्षण कर रहा है।,neutral,football,factual
7030,टूर्नामेंट के अहम चरण में चैंपियन सेट से पहले प्रशिक्षण कर रहा है।,neutral,badminton,factual
7031,घरेलू मैदान पर एथलीट ने रेस में बेहतरीन खेल दिखाकर शानदार वापसी की।,positive,athletics,contextual
7032,कप्तान ने मुकाबला में निराशाजनक प्रदर्शन किया और दबाव में बिखर गई।,negative,football,paraphrase
7033,लगातार तीसरे मैच में युवा एथलीट ने फाइनल में शानदार खेल दिखाकर लगातार अच्छा प्रदर्शन किया।,positive,athletics,contextual
7034,टूर्नामेंट के अहम चरण में कप्तान सीरीज से पहले प्रशिक्षण कर रहा है।,neutral,cricket,factual
7035,कप्तान की मैच में कमजोर रणनीति काम नहीं आई।,negative,tennis,contextual
7036,लगातार तीसरे मैच में युवा एथलीट ने प्रतियोगिता में यादगार खेल दिखाकर शानदार वापसी की।,positive,athletics,contextual
7037,डिफेंडर ने मुकाबला में लचर प्रदर्शन किया और अपनी लय खो दी।,negative,football,paraphrase
7038,घरेलू मैदान पर फॉरवर्ड ने सेमीफाइनल में धमाकेदार खेल दिखाकर लगातार अच्छा प्रदर्शन किया।,positive,hockey,contextual
7039,लंबे ब्रेक के बाद युवा एथलीट ने रेस में जबरदस्त खेल दिखाकर दबदबा कायम रखा।,positive,athletics,contextual
7040,प्रशंसकों के सामने जोड़ी ने फाइनल में जबरदस्त खेल दिखाकर दबदबा कायम रखा।,positive,badminton,contextual
7041,महत्वपूर्ण मौके पर भारतीय धावक ने रेस में जबरदस्त खेल दिखाकर महत्वपूर्ण योगदान दिया।,positive,athletics,contextual
7042,इस मुकाबले में भारतीय टीम ने फाइनल में लाजवाब खेल दिखाकर दबदबा कायम रखा।,positive,kabaddi,contextual
7043,प्रशंसकों के सामने युवा शटलर ने गेम में धमाकेदार खेल दिखाकर महत्वपूर्ण योगदान दिया।,positive,badminton,contextual
7044,भारतीय खिलाड़ी ने सेट में खराब प्रदर्शन किया और अपनी लय खो दी।,negative,tennis,paraphrase
7045,युवा शटलर की गेम में लचर रणनीति काम नहीं आई।,negative,badminton,contextual
7046,महत्वपूर्ण मौके पर युवा खिलाड़ी ने क्वार्टरफाइनल में कमाल का खेल दिखाकर महत्वपूर्ण योगदान दिया।,positive,tennis,contextual
7047,लगातार तीसरे मैच में भारत का पारी में असंगत खेल टीम पर भारी पड़ा।,negative,cricket,contextual
7048,टेनिस स्टार ने मैच में फीका प्रदर्शन किया और महत्वपूर्ण मौका गंवाया।,negative,tennis,paraphrase
7049,खिलाड़ी मैच के लिए रणनीति पर चर्चा कर रही है।,neutral,badminton,neutral
7050,महत्वपूर्ण मौके पर युवा खिलाड़ी ने क्वार्टरफाइनल में जबरदस्त खेल दिखाकर दबदबा कायम रखा।,positive,tennis,contextual
7051,फाइनल निर्णायक मैच में आयोजित होगा और डिफेंडर इसमें हिस्सा लेगा।,neutral,football,factual
7052,लंबे ब्रेक के बाद टेनिस स्टार क्वार्टरफाइनल से पहले प्रशिक्षण कर रहा है।,neutral,tennis,factual
7053,लगातार तीसरे मैच में डिफेंडर ने मैच में कई आसान मौके गंवाए।,negative,kabaddi,domain_context
7054,घरेलू मैदान पर डिफेंडर का फाइनल में बेअसर खेल टीम पर भारी पड़ा।,negative,kabaddi,contextual
7055,दबाव वाले मुकाबले में युवा खिलाड़ी ने क्वार्टरफाइनल से पहले प्रशिक्षण पूरा किया।,neutral,tennis,domain_context
7056,टूर्नामेंट के अहम चरण में कप्तान ने मुकाबला में धमाकेदार खेल दिखाकर महत्वपूर्ण योगदान दिया।,positive,cricket,contextual
7057,टूर्नामेंट के अहम चरण में विकेटकीपर ने ओवर में लाजवाब खेल दिखाकर शानदार वापसी की।,positive,cricket,contextual
7058,युवा एथलीट फाइनल के लिए अभ्यास सत्र में शामिल हुई।,neutral,athletics,neutral
7059,फाइनल दबाव वाले मुकाबले में आयोजित होगा और हॉकी टीम इसमें हिस्सा लेगा।,neutral,hockey,factual
7060,भारतीय टीम ने मैच में लचर प्रदर्शन किया और महत्वपूर्ण मौका गंवाया।,negative,kabaddi,paraphrase
7061,लगातार तीसरे मैच में डिफेंडर ने सेमीफाइनल से पहले प्रशिक्षण पूरा किया।,neutral,hockey,domain_context
7062,कप्तान ने क्वार्टरफाइनल में खराब प्रदर्शन किया और महत्वपूर्ण मौका गंवाया।,negative,tennis,paraphrase
7063,युवा एथलीट ने रेस में फीका प्रदर्शन किया और दबाव में बिखर गई।,negative,athletics,paraphrase
7064,भारतीय धावक ने दौड़ में फीका प्रदर्शन किया और अपनी लय खो दी।,negative,athletics,paraphrase
7065,विकेटकीपर ने ओवर में फीका प्रदर्शन किया और लगातार गलतियां कीं।,negative,cricket,paraphrase
7066,दबाव वाले मुकाबले में डिफेंडर मैच से पहले प्रशिक्षण कर रहा है।,neutral,football,factual
7067,रेडर ने मुकाबला में असंगत प्रदर्शन किया और मुकाबला गंवा दिया।,negative,kabaddi,paraphrase
7068,दबाव वाले मुकाबले में कप्तान ने फाइनल में यादगार खेल दिखाकर दबदबा कायम रखा।,positive,tennis,contextual
7069,इस मुकाबले में धाविका का दौड़ में लचर खेल टीम पर भारी पड़ा।,negative,athletics,contextual
7070,भारतीय टीम मुकाबला के लिए रणनीति पर चर्चा कर रही है।,neutral,cricket,neutral
7071,दबाव वाले मुकाबले में युवा शटलर का सेट में खराब खेल टीम पर भारी पड़ा।,negative,badminton,contextual
7072,टूर्नामेंट के अहम चरण में बल्लेबाज ने मैच में कई आसान मौके गंवाए।,negative,cricket,domain_context
7073,टूर्नामेंट के अहम चरण में युवा एथलीट रेस से पहले प्रशिक्षण कर रहा है।,neutral,athletics,factual
7074,घरेलू मैदान पर रेडर का फाइनल में बेअसर खेल टीम पर भारी पड़ा।,negative,kabaddi,contextual
7075,लंबे ब्रेक के बाद कप्तान रन चेज से पहले प्रशिक्षण कर रहा है।,neutral,cricket,factual
7076,निर्णायक मैच में क्लब फाइनल से पहले प्रशिक्षण कर रहा है।,neutral,football,factual
7077,प्रशंसकों के सामने डिफेंडर का लीग मैच में लचर खेल टीम पर भारी पड़ा।,negative,football,contextual
7078,आज गेंदबाज ने सीरीज में लाजवाब खेल दिखाकर लगातार अच्छा प्रदर्शन किया।,positive,cricket,contextual
7079,आज भारतीय टीम फाइनल से पहले प्रशिक्षण कर रहा है।,neutral,hockey,factual
7080,प्रशंसकों के सामने युवा शटलर का गेम में खराब खेल टीम पर भारी पड़ा।,negative,badminton,contextual
7081,आज युवा खिलाड़ी ने मुकाबला से पहले प्रशिक्षण पूरा किया।,neutral,tennis,domain_context
7082,महत्वपूर्ण मौके पर फॉरवर्ड ने सेमीफाइनल में जबरदस्त खेल दिखाकर दबदबा कायम रखा।,positive,hockey,contextual
7083,दबाव वाले मुकाबले में भारतीय टीम का मुकाबला में निराश करने वाला खेल टीम पर भारी पड़ा।,negative,football,contextual
7084,घरेलू मैदान पर जोड़ी ने सेट में बेहतरीन खेल दिखाकर जीत दर्ज की।,positive,badminton,contextual
7085,आज खिलाड़ी ने रेस में जबरदस्त खेल दिखाकर दबदबा कायम रखा।,positive,athletics,contextual
7086,डिफेंडर ने फाइनल में निराश करने वाला प्रदर्शन किया और बढ़त गंवा दी।,negative,football,paraphrase
7087,लीग मैच महत्वपूर्ण मौके पर आयोजित होगा और डिफेंडर इसमें हिस्सा लेगा।,neutral,football,factual
7088,महत्वपूर्ण मौके पर युवा एथलीट का दौड़ में निराश करने वाला खेल टीम पर भारी पड़ा।,negative,athletics,contextual
7089,दबाव वाले मुकाबले में गोलकीपर लीग मैच से पहले प्रशिक्षण कर रहा है।,neutral,football,factual
7090,निर्णायक मैच में खिलाड़ी इवेंट से पहले प्रशिक्षण कर रहा है।,neutral,athletics,factual
7091,जोड़ी मैच के लिए प्रशिक्षण जारी रखे हुए है।,neutral,badminton,neutral
7092,प्रशंसकों के सामने डिफेंडर सेमीफाइनल से पहले प्रशिक्षण कर रहा है।,neutral,football,factual
7093,भारतीय टीम ने मैच में निराशाजनक प्रदर्शन किया और उम्मीदों पर खरी नहीं उतरी।,negative,cricket,paraphrase
7094,खिलाड़ी ने रेस में कमजोर प्रदर्शन किया और उम्मीदों पर खरी नहीं उतरी।,negative,athletics,paraphrase
7095,चैंपियन ने सेट में निराश करने वाला प्रदर्शन किया और मुकाबला गंवा दिया।,negative,badminton,paraphrase
7096,महत्वपूर्ण मौके पर कप्तान ने मुकाबला में यादगार खेल दिखाकर शानदार वापसी की।,positive,cricket,contextual
7097,कप्तान के मैच में शानदार प्रदर्शन से टीम को फायदा हुआ।,positive,football,contextual
7098,डिफेंडर प्लेऑफ के लिए टूर्नामेंट में हिस्सा ले रही है।,neutral,kabaddi,neutral
7099,भारतीय टीम ने मुकाबला में फीका प्रदर्शन किया और अपनी लय खो दी।,negative,hockey,paraphrase
7100,लंबे ब्रेक के बाद भारतीय टीम का मैच में असंगत खेल टीम पर भारी पड़ा।,negative,cricket,contextual
7101,घरेलू मैदान पर विकेटकीपर ने मैच में यादगार खेल दिखाकर मुश्किल स्थिति से बाहर निकली।,positive,cricket,contextual
7102,प्रशंसकों के सामने कप्तान का सेट में बेअसर खेल टीम पर भारी पड़ा।,negative,tennis,contextual
7103,चैंपियन ने मुकाबला में कमजोर खेल दिखाया और टीम को नुकसान हुआ।,negative,badminton,domain_context
7104,इस मुकाबले में गोलकीपर का फाइनल में कमजोर खेल टीम पर भारी पड़ा।,negative,football,contextual
7105,दबाव वाले मुकाबले में डिफेंडर का मुकाबला में फीका खेल टीम पर भारी पड़ा।,negative,hockey,contextual
7106,इस मुकाबले में खिलाड़ी ने मैच में धमाकेदार खेल दिखाकर दबदबा कायम रखा।,positive,badminton,contextual
7107,गोलकीपर लीग मैच के लिए अभ्यास सत्र में शामिल हुई।,neutral,football,neutral
7108,भारतीय टीम ने लीग मैच में निराश करने वाला खेल दिखाया और टीम को नुकसान हुआ।,negative,kabaddi,domain_context
7109,दबाव वाले मुकाबले में खिलाड़ी ने रेस में धमाकेदार खेल दिखाकर मुकाबला अपने नाम कर लिया।,positive,athletics,contextual
7110,इस मुकाबले में हॉकी टीम लीग मैच से पहले प्रशिक्षण कर रहा है।,neutral,hockey,factual
7111,हॉकी टीम की लीग मैच में लचर रणनीति काम नहीं आई।,negative,hockey,contextual
7112,विकेटकीपर ने पारी के लिए यात्रा कार्यक्रम साझा किया।,neutral,cricket,domain_context
7113,डिफेंडर ने लीग मैच में शानदार खेल दिखाया और टीम को जीत दिलाई।,positive,hockey,domain_context
7114,आज खिलाड़ी का क्वार्टरफाइनल में निराशाजनक खेल टीम पर भारी पड़ा।,negative,tennis,contextual
7115,निर्णायक मैच में डिफेंडर का लीग मैच में कमजोर खेल टीम पर भारी पड़ा।,negative,hockey,contextual
7116,दबाव वाले मुकाबले में कप्तान का फाइनल में बेअसर खेल टीम पर भारी पड़ा।,negative,football,contextual
7117,विकेटकीपर ने सीरीज में खराब प्रदर्शन किया और महत्वपूर्ण मौका गंवाया।,negative,cricket,paraphrase
7118,लगातार तीसरे मैच में गोलकीपर सेमीफाइनल से पहले प्रशिक्षण कर रहा है।,neutral,hockey,factual
7119,लंबे ब्रेक के बाद डिफेंडर ने लीग मैच में यादगार खेल दिखाकर दबदबा कायम रखा।,positive,kabaddi,contextual
7120,निर्णायक मैच में कप्तान का पारी में निराशाजनक खेल टीम पर भारी पड़ा।,negative,cricket,contextual
7121,लगातार तीसरे मैच में भारतीय टीम का प्लेऑफ में खराब खेल टीम पर भारी पड़ा।,negative,kabaddi,contextual
7122,क्लब ने मैच में फीका प्रदर्शन किया और लगातार गलतियां कीं।,negative,football,paraphrase
7123,आज खिलाड़ी ने गेम में बेहतरीन खेल दिखाकर मुश्किल स्थिति से बाहर निकली।,positive,badminton,contextual
7124,टूर्नामेंट के अहम चरण में डिफेंडर का मुकाबला में लचर खेल टीम पर भारी पड़ा।,negative,football,contextual
7125,दबाव वाले मुकाबले में कप्तान ने क्वार्टरफाइनल में उत्कृष्ट खेल दिखाकर मुश्किल स्थिति से बाहर निकली।,positive,tennis,contextual
7126,शाम के मुकाबले में टीम ने मुकाबला अपने नाम कर लिया।,positive,multi-sport,domain_context
7127,लगातार तीसरे मैच में गेंदबाज सीरीज से पहले प्रशिक्षण कर रहा है।,neutral,cricket,factual
7128,महत्वपूर्ण मौके पर खिलाड़ी का गेम में फीका खेल टीम पर भारी पड़ा।,negative,badminton,contextual
7129,टूर्नामेंट के अहम चरण में टेनिस स्टार ने मुकाबला में कमाल का खेल दिखाकर जीत दर्ज की।,positive,tennis,contextual
7130,लंबे ब्रेक के बाद कप्तान का ओवर में निराश करने वाला खेल टीम पर भारी पड़ा।,negative,cricket,contextual
7131,मैच आज आयोजित होगा और गोलकीपर इसमें हिस्सा लेगा।,neutral,hockey,factual
7132,फाइनल लंबे ब्रेक के बाद आयोजित होगा और रेडर इसमें हिस्सा लेगा।,neutral,kabaddi,factual
7133,महत्वपूर्ण मौके पर गोलकीपर का फाइनल में बेअसर खेल टीम पर भारी पड़ा।,negative,hockey,contextual
7134,खिलाड़ी ने दौड़ में लचर प्रदर्शन किया और दबाव में बिखर गई।,negative,athletics,paraphrase
7135,एथलीट ने दौड़ में खराब खेल दिखाया और टीम को नुकसान हुआ।,negative,athletics,domain_context
7136,प्रशंसकों के सामने भारतीय शटलर ने फाइनल में जबरदस्त खेल दिखाकर जीत दर्ज की।,positive,badminton,contextual
7137,आज खिलाड़ी का क्वार्टरफाइनल में निराश करने वाला खेल टीम पर भारी पड़ा।,negative,tennis,contextual
7138,कप्तान अगले क्वार्टरफाइनल से पहले कोच के साथ बैठक करेगा।,neutral,tennis,domain_context
7139,आज भारतीय टीम ने लीग मैच में धमाकेदार खेल दिखाकर शानदार वापसी की।,positive,football,contextual
7140,आज धाविका ने रेस में शानदार खेल दिखाकर शानदार वापसी की।,positive,athletics,contextual
7141,लगातार तीसरे मैच में कप्तान ने लीग मैच में लाजवाब खेल दिखाकर शानदार वापसी की।,positive,kabaddi,contextual
7142,एथलीट की दौड़ में असंगत रणनीति काम नहीं आई।,negative,athletics,contextual
7143,निर्णायक मैच में डिफेंडर ने मुकाबला से पहले प्रशिक्षण पूरा किया।,neutral,kabaddi,domain_context
7144,प्रशंसकों के सामने टेनिस स्टार ने क्वार्टरफाइनल में धमाकेदार खेल दिखाकर लगातार अच्छा प्रदर्शन किया।,positive,tennis,contextual
7145,फॉरवर्ड ने लीग मैच में असंगत प्रदर्शन किया और बढ़त गंवा दी।,negative,football,paraphrase
7146,निर्णायक मैच में खिलाड़ी ने मैच में बेहतरीन खेल दिखाकर दबदबा कायम रखा।,positive,badminton,contextual
7147,खिलाड़ी ने फाइनल में कमजोर प्रदर्शन किया और महत्वपूर्ण मौका गंवाया।,negative,kabaddi,paraphrase
7148,इस मुकाबले में भारतीय खिलाड़ी ने फाइनल में शानदार खेल दिखाकर मुकाबला अपने नाम कर लिया।,positive,tennis,contextual
7149,गोलकीपर ने लीग मैच के लिए यात्रा कार्यक्रम साझा किया।,neutral,hockey,domain_context
7150,आज खिलाड़ी ने सेट में यादगार खेल दिखाकर मुकाबला अपने नाम कर लिया।,positive,tennis,contextual
7151,महत्वपूर्ण मौके पर खिलाड़ी का फाइनल में लचर खेल टीम पर भारी पड़ा।,negative,kabaddi,contextual
7152,आज फॉरवर्ड का मुकाबला में बेअसर खेल टीम पर भारी पड़ा।,negative,hockey,contextual
7153,लंबे ब्रेक के बाद एथलीट का फाइनल में असंगत खेल टीम पर भारी पड़ा।,negative,athletics,contextual
7154,लंबे ब्रेक के बाद भारतीय टीम ने लीग मैच में कमाल का खेल दिखाकर मुकाबला अपने नाम कर लिया।,positive,hockey,contextual
7155,ओवर लंबे ब्रेक के बाद आयोजित होगा और गेंदबाज इसमें हिस्सा लेगा।,neutral,cricket,factual
7156,रेडर ने फाइनल में शानदार प्रदर्शन करते हुए दबदबा कायम रखा।,positive,kabaddi,paraphrase
7157,कप्तान दबाव के कारण कठिन मैच में लय नहीं बना सका।,negative,football,domain_context
7158,महत्वपूर्ण मौके पर भारत ने सीरीज में उत्कृष्ट खेल दिखाकर मुश्किल स्थिति से बाहर निकली।,positive,cricket,contextual
7159,महत्वपूर्ण मौके पर भारतीय टीम ने प्लेऑफ में जबरदस्त खेल दिखाकर दबदबा कायम रखा।,positive,kabaddi,contextual
7160,इस मुकाबले में भारतीय शटलर का मुकाबला में फीका खेल टीम पर भारी पड़ा।,negative,badminton,contextual
7161,इस मुकाबले में युवा एथलीट ने इवेंट में धमाकेदार खेल दिखाकर लगातार अच्छा प्रदर्शन किया।,positive,athletics,contextual
7162,प्रशंसकों के सामने युवा एथलीट का दौड़ में असंगत खेल टीम पर भारी पड़ा।,negative,athletics,contextual
7163,युवा खिलाड़ी ने फाइनल में लचर प्रदर्शन किया और उम्मीदों पर खरी नहीं उतरी।,negative,tennis,paraphrase
7164,इस मुकाबले में भारत ने मैच में कमाल का खेल दिखाकर लगातार अच्छा प्रदर्शन किया।,positive,cricket,contextual
7165,निर्णायक मैच में भारतीय टीम ने मुकाबला में कमाल का खेल दिखाकर जीत दर्ज की।,positive,hockey,contextual
7166,"Is tournament mein, Team ne easy chance miss karke match gawa diya.",negative,multi-sport,code_mixed
7167,महत्वपूर्ण मौके पर खिलाड़ी का लीग मैच में निराश करने वाला खेल टीम पर भारी पड़ा।,negative,kabaddi,contextual
7168,सेमीफाइनल लंबे ब्रेक के बाद आयोजित होगा और कप्तान इसमें हिस्सा लेगा।,neutral,football,factual
7169,घरेलू मैदान पर चैंपियन मुकाबला से पहले प्रशिक्षण कर रहा है।,neutral,badminton,factual
7170,इस मुकाबले में कप्तान ने फाइनल में शानदार खेल दिखाकर मुश्किल स्थिति से बाहर निकली।,positive,football,contextual
7171,प्रशंसकों के सामने एथलीट का रेस में खराब खेल टीम पर भारी पड़ा।,negative,athletics,contextual
7172,आज गोलकीपर ने मुकाबला में लाजवाब खेल दिखाकर मुश्किल स्थिति से बाहर निकली।,positive,hockey,contextual
7173,टूर्नामेंट के अहम चरण में भारतीय टीम ने फाइनल में कमाल का खेल दिखाकर दबदबा कायम रखा।,positive,hockey,contextual
7174,एथलीट रेस के लिए अगले दौर के लिए पहुंची।,neutral,athletics,neutral
7175,लंबे ब्रेक के बाद भारतीय खिलाड़ी ने सेट में धमाकेदार खेल दिखाकर जीत दर्ज की।,positive,tennis,contextual
7176,खिलाड़ी ने गेम में खराब खेल दिखाया और टीम को नुकसान हुआ।,negative,badminton,domain_context
7177,आज खिलाड़ी का सेट में निराशाजनक खेल टीम पर भारी पड़ा।,negative,tennis,contextual
7178,आज चैंपियन मैच से पहले प्रशिक्षण कर रहा है।,neutral,badminton,factual
7179,इस मुकाबले में भारतीय टीम फाइनल से पहले प्रशिक्षण कर रहा है।,neutral,football,factual
7180,युवा शटलर ने मुकाबला में लाजवाब प्रदर्शन करते हुए मुश्किल स्थिति से बाहर निकली।,positive,badminton,paraphrase
7181,डिफेंडर ने मैच में बेहतरीन प्रदर्शन करते हुए शानदार वापसी की।,positive,football,paraphrase
7182,इवेंट इस मुकाबले में आयोजित होगा और खिलाड़ी इसमें हिस्सा लेगा।,neutral,athletics,factual
7183,लगातार तीसरे मैच में खिलाड़ी का मुकाबला में फीका खेल टीम पर भारी पड़ा।,negative,kabaddi,contextual
7184,आज भारतीय शटलर का गेम में कमजोर खेल टीम पर भारी पड़ा।,negative,badminton,contextual
7185,भारत अगले मैच से पहले कोच के साथ बैठक करेगा।,neutral,cricket,domain_context
7186,सेमीफाइनल लंबे ब्रेक के बाद आयोजित होगा और भारतीय टीम इसमें हिस्सा लेगा।,neutral,football,factual
7187,दबाव वाले मुकाबले में खिलाड़ी ने इवेंट में कमाल का खेल दिखाकर मुकाबला अपने नाम कर लिया।,positive,athletics,contextual
7188,निर्णायक मैच में गोलकीपर सेमीफाइनल से पहले प्रशिक्षण कर रहा है।,neutral,hockey,factual
7189,मुकाबला दबाव वाले मुकाबले में आयोजित होगा और बल्लेबाज इसमें हिस्सा लेगा।,neutral,cricket,factual
7190,भारतीय टीम की प्लेऑफ में निराश करने वाला रणनीति काम नहीं आई।,negative,kabaddi,contextual
7191,निर्णायक मैच में खिलाड़ी ने लीग मैच में कई आसान मौके गंवाए।,negative,kabaddi,domain_context
7192,निर्णायक मैच में कप्तान ने क्वार्टरफाइनल में उत्कृष्ट खेल दिखाकर महत्वपूर्ण योगदान दिया।,positive,tennis,contextual
7193,घरेलू मैदान पर डिफेंडर ने मुकाबला में उत्कृष्ट खेल दिखाकर लगातार अच्छा प्रदर्शन किया।,positive,hockey,contextual
7194,खिलाड़ी ने प्लेऑफ में खराब प्रदर्शन किया और महत्वपूर्ण मौका गंवाया।,negative,kabaddi,paraphrase
7195,घरेलू मैदान पर फॉरवर्ड ने मैच में बेहतरीन खेल दिखाकर दबदबा कायम रखा।,positive,football,contextual
7196,दबाव वाले मुकाबले में बल्लेबाज ने पारी में उत्कृष्ट खेल दिखाकर मुकाबला अपने नाम कर लिया।,positive,cricket,contextual
7197,घरेलू मैदान पर टेनिस स्टार ने क्वार्टरफाइनल में शानदार खेल दिखाकर शानदार वापसी की।,positive,tennis,contextual
7198,युवा एथलीट ने दौड़ में शानदार प्रदर्शन करते हुए जीत दर्ज की।,positive,athletics,paraphrase
7199,दबाव वाले मुकाबले में डिफेंडर ने मैच में शानदार खेल दिखाकर लगातार अच्छा प्रदर्शन किया।,positive,kabaddi,contextual
7200,महत्वपूर्ण मौके पर टेनिस स्टार ने फाइनल में बेहतरीन खेल दिखाकर लगातार अच्छा प्रदर्शन किया।,positive,tennis,contextual
7201,इस मुकाबले में क्लब का सेमीफाइनल में निराश करने वाला खेल टीम पर भारी पड़ा।,negative,football,contextual
7202,घरेलू मैदान पर डिफेंडर का मैच में बेअसर खेल टीम पर भारी पड़ा।,negative,kabaddi,contextual
7203,युवा एथलीट ने प्रतियोगिता में फीका प्रदर्शन किया और महत्वपूर्ण मौका गंवाया।,negative,athletics,paraphrase
7204,युवा एथलीट प्रतियोगिता के लिए मैच के लिए रवाना हुई।,neutral,athletics,neutral
7205,गोलकीपर सेमीफाइनल के लिए मैच के लिए रवाना हुई।,neutral,football,neutral
7206,मुकाबला दबाव वाले मुकाबले में आयोजित होगा और रेडर इसमें हिस्सा लेगा।,neutral,kabaddi,factual
7207,लंबे ब्रेक के बाद गोलकीपर ने सेमीफाइनल में बेहतरीन खेल दिखाकर महत्वपूर्ण योगदान दिया।,positive,hockey,contextual
7208,खिलाड़ी ने मुकाबला में असंगत प्रदर्शन किया और बढ़त गंवा दी।,negative,badminton,paraphrase
7209,आज खिलाड़ी ने गेम में उत्कृष्ट खेल दिखाकर लगातार अच्छा प्रदर्शन किया।,positive,badminton,contextual
7210,कप्तान मैच के लिए मैच के लिए रवाना हुई।,neutral,football,neutral
7211,बल्लेबाज ने पारी के दौरान लगातार गलत फैसले लिए।,negative,cricket,domain_context
7212,घरेलू मैदान पर खिलाड़ी ने आज मैदान पर आग लगा दी।,positive,multi-sport,domain_context
7213,आज खिलाड़ी ने मैच में कई आसान मौके गंवाए।,negative,kabaddi,domain_context
7214,क्वार्टरफाइनल प्रशंसकों के सामने आयोजित होगा और कप्तान इसमें हिस्सा लेगा।,neutral,tennis,factual
7215,फाइनल प्रशंसकों के सामने आयोजित होगा और रेडर इसमें हिस्सा लेगा।,neutral,kabaddi,factual
7216,"Match se pehle, Players ne morning practice session attend kiya.",neutral,multi-sport,code_mixed
7217,चैंपियन ने मैच में बेअसर प्रदर्शन किया और उम्मीदों पर खरी नहीं उतरी।,negative,badminton,paraphrase
7218,दबाव वाले मुकाबले में भारतीय शटलर ने गेम में जबरदस्त खेल दिखाकर शानदार वापसी की।,positive,badminton,contextual
7219,आज खिलाड़ी ने प्लेऑफ में कई आसान मौके गंवाए।,negative,kabaddi,domain_context
7220,दबाव वाले मुकाबले में गोलकीपर मैच से पहले प्रशिक्षण कर रहा है।,neutral,hockey,factual
7221,टूर्नामेंट के अहम चरण में रेडर ने मुकाबला में कमाल का खेल दिखाकर महत्वपूर्ण योगदान दिया।,positive,kabaddi,contextual
7222,लंबे ब्रेक के बाद कप्तान ने मैच में शानदार खेल दिखाकर लगातार अच्छा प्रदर्शन किया।,positive,kabaddi,contextual
7223,आज कप्तान ने मैच में लाजवाब खेल दिखाकर महत्वपूर्ण योगदान दिया।,positive,tennis,contextual
7224,मैच लगातार तीसरे मैच में आयोजित होगा और टेनिस स्टार इसमें हिस्सा लेगा।,neutral,tennis,factual
7225,टेनिस स्टार मुकाबला के लिए रणनीति पर चर्चा कर रही है।,neutral,tennis,neutral
7226,आज खिलाड़ी का फाइनल में कमजोर खेल टीम पर भारी पड़ा।,negative,badminton,contextual
7227,फॉरवर्ड का कमजोर प्रदर्शन लीग मैच में हार का कारण बना।,negative,football,domain_context
7228,आज गोलकीपर का मुकाबला में बेअसर खेल टीम पर भारी पड़ा।,negative,hockey,contextual
7229,क्वार्टरफाइनल आज आयोजित होगा और कप्तान इसमें हिस्सा लेगा।,neutral,tennis,factual
7230,भारतीय टीम लीग मैच के लिए अभ्यास सत्र में शामिल हुई।,neutral,hockey,neutral
7231,गोलकीपर मैच के लिए मैच के लिए रवाना हुई।,neutral,football,neutral
7232,लंबे ब्रेक के बाद भारतीय टीम ने लीग मैच में धमाकेदार खेल दिखाकर मुकाबला अपने नाम कर लिया।,positive,kabaddi,contextual
7233,दबाव वाले मुकाबले में धाविका ने प्रतियोगिता में यादगार खेल दिखाकर लगातार अच्छा प्रदर्शन किया।,positive,athletics,contextual
7234,आज युवा खिलाड़ी ने फाइनल से पहले प्रशिक्षण पूरा किया।,neutral,tennis,domain_context
7235,महत्वपूर्ण मौके पर क्लब का मैच में फीका खेल टीम पर भारी पड़ा।,negative,football,contextual
7236,घरेलू मैदान पर कप्तान ने लीग मैच से पहले प्रशिक्षण पूरा किया।,neutral,football,domain_context
7237,लंबे ब्रेक के बाद भारतीय टीम ने लीग मैच में कमाल का खेल दिखाकर दबदबा कायम रखा।,positive,kabaddi,contextual
7238,निर्णायक मैच में हॉकी टीम ने लीग मैच में जबरदस्त खेल दिखाकर लगातार अच्छा प्रदर्शन किया।,positive,hockey,contextual
7239,प्रशंसकों के सामने युवा एथलीट ने दौड़ में लाजवाब खेल दिखाकर लगातार अच्छा प्रदर्शन किया।,positive,athletics,contextual
7240,खिलाड़ी ने क्वार्टरफाइनल में फीका प्रदर्शन किया और अपनी लय खो दी।,negative,tennis,paraphrase
7241,लगातार तीसरे मैच में रेडर का मैच में असंगत खेल टीम पर भारी पड़ा।,negative,kabaddi,contextual
7242,खिलाड़ी ने गेम में निराश करने वाला प्रदर्शन किया और लगातार गलतियां कीं।,negative,badminton,paraphrase
7243,इस मुकाबले में डिफेंडर ने लीग मैच में धमाकेदार खेल दिखाकर मुकाबला अपने नाम कर लिया।,positive,football,contextual
7244,लगातार तीसरे मैच में भारत का सीरीज में खराब खेल टीम पर भारी पड़ा।,negative,cricket,contextual
7245,चैंपियन ने मैच में निराश करने वाला प्रदर्शन किया और मुकाबला गंवा दिया।,negative,badminton,paraphrase
7246,घरेलू मैदान पर भारतीय टीम रन चेज से पहले प्रशिक्षण कर रहा है।,neutral,cricket,factual
7247,भारतीय टीम पारी के लिए मैच के लिए रवाना हुई।,neutral,cricket,neutral
7248,खिलाड़ी ने मैच में कमजोर प्रदर्शन किया और मुकाबला गंवा दिया।,negative,tennis,paraphrase
7249,खिलाड़ी ने क्वार्टरफाइनल के लिए यात्रा कार्यक्रम साझा किया।,neutral,tennis,domain_context
7250,आज भारतीय शटलर ने मैच में शानदार खेल दिखाकर मुकाबला अपने नाम कर लिया।,positive,badminton,contextual
7251,प्रशंसकों के सामने भारतीय टीम रन चेज से पहले प्रशिक्षण कर रहा है।,neutral,cricket,factual
7252,दौड़ महत्वपूर्ण मौके पर आयोजित होगा और युवा एथलीट इसमें हिस्सा लेगा।,neutral,athletics,factual
7253,टूर्नामेंट के अहम चरण में चैंपियन ने गेम में शानदार खेल दिखाकर जीत दर्ज की।,positive,badminton,contextual
7254,खिलाड़ी की गेम में फीका रणनीति काम नहीं आई।,negative,badminton,contextual
7255,भारतीय शटलर को मैच के लिए टीम में शामिल किया गया है।,neutral,badminton,domain_context
7256,निर्णायक मैच में खिलाड़ी मुकाबला से पहले प्रशिक्षण कर रहा है।,neutral,badminton,factual
7257,लगातार तीसरे मैच में टेनिस स्टार ने सेट में यादगार खेल दिखाकर शानदार वापसी की।,positive,tennis,contextual
7258,टूर्नामेंट के अहम चरण में हॉकी टीम ने सेमीफाइनल में यादगार खेल दिखाकर महत्वपूर्ण योगदान दिया।,positive,hockey,contextual
7259,मैच दबाव वाले मुकाबले में आयोजित होगा और जोड़ी इसमें हिस्सा लेगा।,neutral,badminton,factual
7260,"भारतीय टीम ने मेहनत तो की, लेकिन सीरीज में अपनी बढ़त गंवा दी।",negative,cricket,negation
7261,इस मुकाबले में खिलाड़ी ने सेट में लाजवाब खेल दिखाकर मुश्किल स्थिति से बाहर निकली।,positive,tennis,contextual
7262,आज हॉकी टीम ने सेमीफाइनल में उत्कृष्ट खेल दिखाकर मुश्किल स्थिति से बाहर निकली।,positive,hockey,contextual
7263,मुकाबला इस मुकाबले में आयोजित होगा और हॉकी टीम इसमें हिस्सा लेगा।,neutral,hockey,factual
7264,निर्णायक मैच में युवा शटलर का फाइनल में बेअसर खेल टीम पर भारी पड़ा।,negative,badminton,contextual
7265,फॉरवर्ड मैच के लिए रणनीति पर चर्चा कर रही है।,neutral,football,neutral
7266,महत्वपूर्ण मौके पर रेडर प्लेऑफ से पहले प्रशिक्षण कर रहा है।,neutral,kabaddi,factual
7267,महत्वपूर्ण मौके पर भारत ने रन चेज में कमाल का खेल दिखाकर शानदार वापसी की।,positive,cricket,contextual
7268,घरेलू मैदान पर भारतीय शटलर गेम से पहले प्रशिक्षण कर रहा है।,neutral,badminton,factual
7269,लंबे ब्रेक के बाद कप्तान प्लेऑफ से पहले प्रशिक्षण कर रहा है।,neutral,kabaddi,factual
7270,मैच महत्वपूर्ण मौके पर आयोजित होगा और खिलाड़ी इसमें हिस्सा लेगा।,neutral,kabaddi,factual
7271,लंबे ब्रेक के बाद गेंदबाज ओवर से पहले प्रशिक्षण कर रहा है।,neutral,cricket,factual
7272,क्लब सेमीफाइनल के लिए अगले मुकाबले की तैयारी कर रही है।,neutral,football,neutral
7273,टूर्नामेंट के अहम चरण में रेडर ने मैच में शानदार खेल दिखाकर मुकाबला अपने नाम कर लिया।,positive,kabaddi,contextual
7274,लंबे ब्रेक के बाद विकेटकीपर ने ओवर में लाजवाब खेल दिखाकर जीत दर्ज की।,positive,cricket,contextual
7275,लंबे ब्रेक के बाद धाविका का इवेंट में निराश करने वाला खेल टीम पर भारी पड़ा।,negative,athletics,contextual
7276,टूर्नामेंट के अहम चरण में डिफेंडर ने सेमीफाइनल में कमाल का खेल दिखाकर दबदबा कायम रखा।,positive,football,contextual
7277,घरेलू मैदान पर भारत का रन चेज में बेअसर खेल टीम पर भारी पड़ा।,negative,cricket,contextual
7278,लंबे ब्रेक के बाद युवा शटलर का सेट में फीका खेल टीम पर भारी पड़ा।,negative,badminton,contextual
7279,प्रशंसकों के सामने रेडर मुकाबला से पहले प्रशिक्षण कर रहा है।,neutral,kabaddi,factual
7280,प्रशंसकों के सामने भारतीय टीम ने मुकाबला में कमाल का खेल दिखाकर शानदार वापसी की।,positive,football,contextual
7281,आज भारतीय धावक ने रेस में यादगार खेल दिखाकर महत्वपूर्ण योगदान दिया।,positive,athletics,contextual
7282,इस मुकाबले में गोलकीपर ने मुकाबला में बेहतरीन तालमेल के साथ जीत हासिल की।,positive,football,domain_context
7283,लगातार तीसरे मैच में हॉकी टीम ने मैच में जबरदस्त खेल दिखाकर शानदार वापसी की।,positive,hockey,contextual
7284,कप्तान ने सेमीफाइनल में लचर प्रदर्शन किया और बढ़त गंवा दी।,negative,football,paraphrase
7285,टूर्नामेंट के अहम चरण में विकेटकीपर ने ओवर से पहले प्रशिक्षण पूरा किया।,neutral,cricket,domain_context
7286,मैच टूर्नामेंट के अहम चरण में आयोजित होगा और जोड़ी इसमें हिस्सा लेगा।,neutral,badminton,factual
7287,दबाव वाले मुकाबले में कप्तान का मुकाबला में निराश करने वाला खेल टीम पर भारी पड़ा।,negative,football,contextual
7288,बल्लेबाज पारी के लिए अभ्यास सत्र में शामिल हुई।,neutral,cricket,neutral
7289,फॉरवर्ड फाइनल के लिए रणनीति पर चर्चा कर रही है।,neutral,football,neutral
7290,धाविका ने इवेंट में यादगार प्रदर्शन करते हुए मुश्किल स्थिति से बाहर निकली।,positive,athletics,paraphrase
7291,दबाव वाले मुकाबले में रेडर फाइनल से पहले प्रशिक्षण कर रहा है।,neutral,kabaddi,factual
7292,इस मुकाबले में जोड़ी का सेट में खराब खेल टीम पर भारी पड़ा।,negative,badminton,contextual
7293,आज भारतीय धावक का इवेंट में असंगत खेल टीम पर भारी पड़ा।,negative,athletics,contextual
7294,टूर्नामेंट के अहम चरण में विकेटकीपर मैच से पहले प्रशिक्षण कर रहा है।,neutral,cricket,factual
7295,लगातार तीसरे मैच में डिफेंडर ने मैच में धमाकेदार खेल दिखाकर शानदार वापसी की।,positive,hockey,contextual
7296,एथलीट ने प्रतियोगिता में शानदार खेल दिखाया और टीम को जीत दिलाई।,positive,athletics,domain_context
7297,प्रशंसकों के सामने युवा खिलाड़ी ने मुकाबला में लाजवाब खेल दिखाकर लगातार अच्छा प्रदर्शन किया।,positive,tennis,contextual
7298,कप्तान ने मुकाबला में फीका प्रदर्शन किया और बढ़त गंवा दी।,negative,cricket,paraphrase
7299,टूर्नामेंट के अहम चरण में विकेटकीपर का रन चेज में असंगत खेल टीम पर भारी पड़ा।,negative,cricket,contextual
7300,प्रशंसकों के सामने खिलाड़ी ने प्रतियोगिता में लाजवाब खेल दिखाकर दबदबा कायम रखा।,positive,athletics,contextual
7301,गोलकीपर ने मैच में लचर प्रदर्शन किया और दबाव में बिखर गई।,negative,football,paraphrase
7302,भारतीय टीम ने मुकाबला में लचर प्रदर्शन किया और अपनी लय खो दी।,negative,hockey,paraphrase
7303,भारतीय खिलाड़ी मुकाबला के लिए अगले मुकाबले की तैयारी कर रही है।,neutral,tennis,neutral
7304,फाइनल दबाव वाले मुकाबले में आयोजित होगा और रेडर इसमें हिस्सा लेगा।,neutral,kabaddi,factual
7305,चैंपियन की मैच में कमजोर रणनीति काम नहीं आई।,negative,badminton,contextual
7306,प्रशंसकों के सामने कप्तान ने सेमीफाइनल से पहले प्रशिक्षण पूरा किया।,neutral,football,domain_context
7307,भारतीय शटलर मैच के लिए टूर्नामेंट में हिस्सा ले रही है।,neutral,badminton,neutral
7308,लंबे ब्रेक के बाद भारतीय टीम का सेमीफाइनल में लचर खेल टीम पर भारी पड़ा।,negative,football,contextual
7309,युवा एथलीट ने फाइनल में निराश करने वाला प्रदर्शन किया और उम्मीदों पर खरी नहीं उतरी।,negative,athletics,paraphrase
7310,महत्वपूर्ण मौके पर कप्तान क्वार्टरफाइनल से पहले प्रशिक्षण कर रहा है।,neutral,tennis,factual
7311,निर्णायक मैच में भारतीय शटलर का गेम में फीका खेल टीम पर भारी पड़ा।,negative,badminton,contextual
7312,टूर्नामेंट के अहम चरण में खिलाड़ी ने इवेंट में लाजवाब खेल दिखाकर दबदबा कायम रखा।,positive,athletics,contextual
7313,लगातार तीसरे मैच में क्लब ने मैच में बेहतरीन खेल दिखाकर जीत दर्ज की।,positive,football,contextual
7314,मैच आज आयोजित होगा और युवा शटलर इसमें हिस्सा लेगा।,neutral,badminton,factual
7315,महत्वपूर्ण मौके पर कप्तान का फाइनल में खराब खेल टीम पर भारी पड़ा।,negative,kabaddi,contextual
7316,महत्वपूर्ण मौके पर धाविका का इवेंट में कमजोर खेल टीम पर भारी पड़ा।,negative,athletics,contextual
7317,लगातार तीसरे मैच में टेनिस स्टार का क्वार्टरफाइनल में बेअसर खेल टीम पर भारी पड़ा।,negative,tennis,contextual
7318,घरेलू मैदान पर जोड़ी ने फाइनल में लाजवाब खेल दिखाकर महत्वपूर्ण योगदान दिया।,positive,badminton,contextual
7319,गेंदबाज ने मुकाबला में असंगत प्रदर्शन किया और महत्वपूर्ण मौका गंवाया।,negative,cricket,paraphrase
7320,लगातार तीसरे मैच में टेनिस स्टार ने फाइनल में बेहतरीन तालमेल के साथ जीत हासिल की।,positive,tennis,domain_context
7321,आज बल्लेबाज का सीरीज में खराब खेल टीम पर भारी पड़ा।,negative,cricket,contextual
7322,खिलाड़ी की मेहनत से मैच में टीम का आत्मविश्वास बढ़ा।,positive,tennis,domain_context
7323,गेंदबाज ने ओवर में उत्कृष्ट प्रदर्शन करते हुए दबदबा कायम रखा।,positive,cricket,paraphrase
7324,आज हॉकी टीम का सेमीफाइनल में लचर खेल टीम पर भारी पड़ा।,negative,hockey,contextual
7325,दबाव वाले मुकाबले में रेडर लीग मैच से पहले प्रशिक्षण कर रहा है।,neutral,kabaddi,factual
7326,टूर्नामेंट के अहम चरण में खिलाड़ी ने क्वार्टरफाइनल में जबरदस्त खेल दिखाकर दबदबा कायम रखा।,positive,tennis,contextual
7327,लंबे ब्रेक के बाद भारतीय खिलाड़ी ने मुकाबला में लाजवाब खेल दिखाकर मुश्किल स्थिति से बाहर निकली।,positive,tennis,contextual
7328,लगातार तीसरे मैच में भारत ने मैच में धमाकेदार खेल दिखाकर जीत दर्ज की।,positive,cricket,contextual
7329,कप्तान ने पारी में निराश करने वाला प्रदर्शन किया और दबाव में बिखर गई।,negative,cricket,paraphrase
7330,भारतीय टीम मैच के लिए अगले दौर के लिए पहुंची।,neutral,kabaddi,neutral
7331,लंबे ब्रेक के बाद भारतीय खिलाड़ी का फाइनल में खराब खेल टीम पर भारी पड़ा।,negative,tennis,contextual
7332,गेंदबाज ने रन चेज में फीका प्रदर्शन किया और लगातार गलतियां कीं।,negative,cricket,paraphrase
7333,डिफेंडर ने मुकाबला में बेअसर प्रदर्शन किया और दबाव में बिखर गई।,negative,hockey,paraphrase
7334,दबाव वाले मुकाबले में धाविका का इवेंट में फीका खेल टीम पर भारी पड़ा।,negative,athletics,contextual
7335,प्रशंसकों के सामने भारतीय टीम का मुकाबला में निराशाजनक खेल टीम पर भारी पड़ा।,negative,cricket,contextual
7336,निर्णायक मैच में डिफेंडर ने मैच से पहले प्रशिक्षण पूरा किया।,neutral,football,domain_context
7337,इस मुकाबले में कप्तान प्लेऑफ से पहले प्रशिक्षण कर रहा है।,neutral,kabaddi,factual
7338,आज भारतीय टीम का ओवर में कमजोर खेल टीम पर भारी पड़ा।,negative,cricket,contextual
7339,महत्वपूर्ण मौके पर कप्तान ने फाइनल में लाजवाब खेल दिखाकर जीत दर्ज की।,positive,football,contextual
7340,घरेलू मैदान पर जोड़ी फाइनल से पहले प्रशिक्षण कर रहा है।,neutral,badminton,factual
7341,लंबे ब्रेक के बाद गोलकीपर ने मैच से पहले प्रशिक्षण पूरा किया।,neutral,football,domain_context
7342,आज क्लब ने फाइनल में कमाल का खेल दिखाकर महत्वपूर्ण योगदान दिया।,positive,football,contextual
7343,"Is tournament mein, Team ka performance bahut disappointing raha.",negative,multi-sport,code_mixed
7344,आज खिलाड़ी मुकाबला से पहले प्रशिक्षण कर रहा है।,neutral,tennis,factual
7345,महत्वपूर्ण मौके पर डिफेंडर का फाइनल में खराब खेल टीम पर भारी पड़ा।,negative,hockey,contextual
7346,जोड़ी मैच के लिए अभ्यास सत्र में शामिल हुई।,neutral,badminton,neutral
7347,हॉकी टीम ने मैच में कमाल का प्रदर्शन करते हुए लगातार अच्छा प्रदर्शन किया।,positive,hockey,paraphrase
7348,टूर्नामेंट के अहम चरण में डिफेंडर ने मैच में जबरदस्त खेल दिखाकर शानदार वापसी की।,positive,kabaddi,contextual
7349,इस मुकाबले में रेडर मैच से पहले प्रशिक्षण कर रहा है।,neutral,kabaddi,factual
7350,लंबे ब्रेक के बाद कप्तान ने फाइनल में लाजवाब खेल दिखाकर महत्वपूर्ण योगदान दिया।,positive,kabaddi,contextual
7351,निर्णायक मैच में कप्तान ने मुकाबला में कमाल का खेल दिखाकर महत्वपूर्ण योगदान दिया।,positive,tennis,contextual
7352,आज भारतीय टीम मैच से पहले प्रशिक्षण कर रहा है।,neutral,cricket,factual
7353,घरेलू मैदान पर भारतीय टीम का लीग मैच में खराब खेल टीम पर भारी पड़ा।,negative,hockey,contextual
7354,लंबे ब्रेक के बाद युवा खिलाड़ी ने सेट से पहले प्रशिक्षण पूरा किया।,neutral,tennis,domain_context
7355,टूर्नामेंट के अहम चरण में कप्तान ने ओवर में उत्कृष्ट खेल दिखाकर लगातार अच्छा प्रदर्शन किया।,positive,cricket,contextual
7356,एथलीट ने दौड़ में फीका प्रदर्शन किया और उम्मीदों पर खरी नहीं उतरी।,negative,athletics,paraphrase
7357,क्वार्टरफाइनल निर्णायक मैच में आयोजित होगा और युवा खिलाड़ी इसमें हिस्सा लेगा।,neutral,tennis,factual
7358,लगातार तीसरे मैच में युवा शटलर ने फाइनल में लाजवाब खेल दिखाकर दबदबा कायम रखा।,positive,badminton,contextual
7359,निर्णायक मैच में खिलाड़ी ने सेट से पहले प्रशिक्षण पूरा किया।,neutral,badminton,domain_context
7360,कप्तान ने लीग मैच में निराशाजनक प्रदर्शन किया और मुकाबला गंवा दिया।,negative,football,paraphrase
7361,कप्तान ने सेट में लचर प्रदर्शन किया और दबाव में बिखर गई।,negative,tennis,paraphrase
7362,भारतीय शटलर ने मुकाबला में फीका प्रदर्शन किया और दबाव में बिखर गई।,negative,badminton,paraphrase
7363,प्रशंसकों के सामने कप्तान का सीरीज में निराश करने वाला खेल टीम पर भारी पड़ा।,negative,cricket,contextual
7364,महत्वपूर्ण मौके पर भारतीय शटलर का मुकाबला में लचर खेल टीम पर भारी पड़ा।,negative,badminton,contextual
7365,टूर्नामेंट के अहम चरण में कप्तान सेमीफाइनल से पहले प्रशिक्षण कर रहा है।,neutral,football,factual
7366,एथलीट की रेस में लचर रणनीति काम नहीं आई।,negative,athletics,contextual
7367,भारतीय टीम ने लीग मैच में बेअसर प्रदर्शन किया और महत्वपूर्ण मौका गंवाया।,negative,kabaddi,paraphrase
7368,प्रशंसकों के सामने गोलकीपर सेमीफाइनल से पहले प्रशिक्षण कर रहा है।,neutral,hockey,factual
7369,घरेलू मैदान पर भारतीय खिलाड़ी का मुकाबला में असंगत खेल टीम पर भारी पड़ा।,negative,tennis,contextual
7370,डिफेंडर फाइनल के लिए अगले मुकाबले की तैयारी कर रही है।,neutral,football,neutral
7371,इस मुकाबले में बल्लेबाज ने ओवर से पहले प्रशिक्षण पूरा किया।,neutral,cricket,domain_context
7372,प्रशंसकों के सामने खिलाड़ी ने मैच में लाजवाब खेल दिखाकर मुश्किल स्थिति से बाहर निकली।,positive,tennis,contextual
7373,लंबे ब्रेक के बाद डिफेंडर का मुकाबला में निराशाजनक खेल टीम पर भारी पड़ा।,negative,football,contextual
7374,भारतीय खिलाड़ी सेट के लिए अगले मुकाबले की तैयारी कर रही है।,neutral,tennis,neutral
7375,इस मुकाबले में फॉरवर्ड ने लीग मैच में उत्कृष्ट खेल दिखाकर लगातार अच्छा प्रदर्शन किया।,positive,hockey,contextual
7376,प्रशंसकों के सामने फॉरवर्ड ने मुकाबला से पहले प्रशिक्षण पूरा किया।,neutral,football,domain_context
7377,कप्तान ने मैच में असंगत प्रदर्शन किया और लगातार गलतियां कीं।,negative,tennis,paraphrase
7378,प्रशंसकों के सामने भारतीय शटलर ने मुकाबला में बेहतरीन खेल दिखाकर मुकाबला अपने नाम कर लिया।,positive,badminton,contextual
7379,महत्वपूर्ण मौके पर भारतीय खिलाड़ी का मैच में बेअसर खेल टीम पर भारी पड़ा।,negative,tennis,contextual
7380,लंबे ब्रेक के बाद फॉरवर्ड ने लीग मैच में बेहतरीन तालमेल के साथ जीत हासिल की।,positive,football,domain_context
7381,लगातार तीसरे मैच में फॉरवर्ड ने मुकाबला में यादगार खेल दिखाकर दबदबा कायम रखा।,positive,football,contextual
7382,टूर्नामेंट के अहम चरण में भारतीय धावक फाइनल से पहले प्रशिक्षण कर रहा है।,neutral,athletics,factual
7383,प्रशंसकों के सामने खिलाड़ी का मैच में लचर खेल टीम पर भारी पड़ा।,negative,kabaddi,contextual
7384,खिलाड़ी दौड़ के लिए रणनीति पर चर्चा कर रही है।,neutral,athletics,neutral
7385,मैच प्रशंसकों के सामने आयोजित होगा और विकेटकीपर इसमें हिस्सा लेगा।,neutral,cricket,factual
7386,लगातार तीसरे मैच में खिलाड़ी ने लीग मैच में कमाल का खेल दिखाकर शानदार वापसी की।,positive,kabaddi,contextual
7387,लंबे ब्रेक के बाद भारतीय शटलर मैच से पहले प्रशिक्षण कर रहा है।,neutral,badminton,factual
7388,टूर्नामेंट के अहम चरण में गोलकीपर का फाइनल में निराशाजनक खेल टीम पर भारी पड़ा।,negative,hockey,contextual
7389,आज युवा एथलीट का फाइनल में फीका खेल टीम पर भारी पड़ा।,negative,athletics,contextual
7390,टूर्नामेंट के अहम चरण में भारतीय टीम ने फाइनल में जबरदस्त खेल दिखाकर महत्वपूर्ण योगदान दिया।,positive,hockey,contextual
7391,घरेलू मैदान पर खिलाड़ी ने क्वार्टरफाइनल में शानदार खेल दिखाकर महत्वपूर्ण योगदान दिया।,positive,tennis,contextual
7392,निर्णायक मैच में गेंदबाज का पारी में निराश करने वाला खेल टीम पर भारी पड़ा।,negative,cricket,contextual
7393,फॉरवर्ड ने मैच में बेहतरीन खेल दिखाया और टीम को जीत दिलाई।,positive,football,domain_context
7394,निर्णायक मैच में खिलाड़ी ने मैच में धमाकेदार खेल दिखाकर मुश्किल स्थिति से बाहर निकली।,positive,kabaddi,contextual
7395,लगातार तीसरे मैच में खिलाड़ी ने मैच में उत्कृष्ट खेल दिखाकर मुकाबला अपने नाम कर लिया।,positive,tennis,contextual
7396,युवा एथलीट ने प्रतियोगिता में कमजोर प्रदर्शन किया और अपनी लय खो दी।,negative,athletics,paraphrase
7397,मैच प्रशंसकों के सामने आयोजित होगा और बल्लेबाज इसमें हिस्सा लेगा।,neutral,cricket,factual
7398,खिलाड़ी ने मैच में खराब प्रदर्शन किया और अपनी लय खो दी।,negative,tennis,paraphrase
7399,लंबे ब्रेक के बाद भारतीय खिलाड़ी ने क्वार्टरफाइनल में शानदार खेल दिखाकर महत्वपूर्ण योगदान दिया।,positive,tennis,contextual
7400,घरेलू मैदान पर खिलाड़ी प्लेऑफ से पहले प्रशिक्षण कर रहा है।,neutral,kabaddi,factual
7401,जोड़ी ने फाइनल में असंगत प्रदर्शन किया और बढ़त गंवा दी।,negative,badminton,paraphrase
7402,युवा खिलाड़ी ने मैच में असंगत प्रदर्शन किया और मुकाबला गंवा दिया।,negative,tennis,paraphrase
7403,इस मुकाबले में भारत ने मैच में लाजवाब खेल दिखाकर मुकाबला अपने नाम कर लिया।,positive,cricket,contextual
7404,जोड़ी ने मैच में खराब प्रदर्शन किया और उम्मीदों पर खरी नहीं उतरी।,negative,badminton,paraphrase
7405,दबाव वाले मुकाबले में भारतीय टीम प्लेऑफ से पहले प्रशिक्षण कर रहा है।,neutral,kabaddi,factual
7406,निर्णायक मैच में विकेटकीपर ने पारी में बेहतरीन तालमेल के साथ जीत हासिल की।,positive,cricket,domain_context
7407,प्रशंसकों के सामने फॉरवर्ड मुकाबला से पहले प्रशिक्षण कर रहा है।,neutral,football,factual
7408,प्रशंसकों के सामने चैंपियन ने मुकाबला में कमाल का खेल दिखाकर दबदबा कायम रखा।,positive,badminton,contextual
7409,लगातार तीसरे मैच में धाविका का प्रतियोगिता में फीका खेल टीम पर भारी पड़ा।,negative,athletics,contextual
7410,इस मुकाबले में भारतीय टीम ने मैच में जबरदस्त खेल दिखाकर दबदबा कायम रखा।,positive,cricket,contextual
7411,टूर्नामेंट के अहम चरण में डिफेंडर ने मुकाबला में यादगार खेल दिखाकर शानदार वापसी की।,positive,football,contextual
7412,घरेलू मैदान पर गेंदबाज का पारी में लचर खेल टीम पर भारी पड़ा।,negative,cricket,contextual
7413,महत्वपूर्ण मौके पर एथलीट का दौड़ में कमजोर खेल टीम पर भारी पड़ा।,negative,athletics,contextual
7414,महत्वपूर्ण मौके पर हॉकी टीम ने लीग मैच में कई आसान मौके गंवाए।,negative,hockey,domain_context
7415,लगातार तीसरे मैच में विकेटकीपर ने सीरीज में शानदार खेल दिखाकर शानदार वापसी की।,positive,cricket,contextual
7416,इस मुकाबले में डिफेंडर ने लीग मैच में धमाकेदार खेल दिखाकर शानदार वापसी की।,positive,football,contextual
7417,प्रशंसकों के सामने भारतीय शटलर सेट से पहले प्रशिक्षण कर रहा है।,neutral,badminton,factual
7418,हॉकी टीम मुकाबला के लिए अगले मुकाबले की तैयारी कर रही है।,neutral,hockey,neutral
7419,आज कप्तान ने सेट में कमाल का खेल दिखाकर दबदबा कायम रखा।,positive,tennis,contextual
7420,क्लब सेमीफाइनल के लिए रणनीति पर चर्चा कर रही है।,neutral,football,neutral
7421,कप्तान ने फाइनल के लिए तैयारी शुरू कर दी।,neutral,tennis,factual
7422,लगातार तीसरे मैच में गोलकीपर का लीग मैच में फीका खेल टीम पर भारी पड़ा।,negative,hockey,contextual
7423,लगातार तीसरे मैच में एथलीट इवेंट से पहले प्रशिक्षण कर रहा है।,neutral,athletics,factual
7424,खिलाड़ी ने प्रतियोगिता में कमजोर प्रदर्शन किया और उम्मीदों पर खरी नहीं उतरी।,negative,athletics,paraphrase
7425,घरेलू मैदान पर रेडर मैच से पहले प्रशिक्षण कर रहा है।,neutral,kabaddi,factual
7426,खिलाड़ी की मुकाबला में असंगत रणनीति काम नहीं आई।,negative,kabaddi,contextual
7427,दबाव वाले मुकाबले में भारतीय टीम ने सेमीफाइनल से पहले प्रशिक्षण पूरा किया।,neutral,football,domain_context
7428,लंबे ब्रेक के बाद भारतीय खिलाड़ी का मुकाबला में फीका खेल टीम पर भारी पड़ा।,negative,tennis,contextual
7429,फाइनल दबाव वाले मुकाबले में आयोजित होगा और डिफेंडर इसमें हिस्सा लेगा।,neutral,kabaddi,factual
7430,पारी आज आयोजित होगा और गेंदबाज इसमें हिस्सा लेगा।,neutral,cricket,factual
7431,प्रशंसकों के सामने भारतीय धावक फाइनल से पहले प्रशिक्षण कर रहा है।,neutral,athletics,factual
7432,इस मुकाबले में डिफेंडर लीग मैच से पहले प्रशिक्षण कर रहा है।,neutral,football,factual
7433,युवा खिलाड़ी ने मैच में लाजवाब प्रदर्शन करते हुए मुकाबला अपने नाम कर लिया।,positive,tennis,paraphrase
7434,भारतीय खिलाड़ी क्वार्टरफाइनल के लिए अभ्यास सत्र में शामिल हुई।,neutral,tennis,neutral
7435,दबाव वाले मुकाबले में बल्लेबाज ने मुकाबला में कई आसान मौके गंवाए।,negative,cricket,domain_context
7436,महत्वपूर्ण मौके पर क्लब ने फाइनल में कमाल का खेल दिखाकर दबदबा कायम रखा।,positive,football,contextual
7437,प्रशंसकों के सामने डिफेंडर का सेमीफाइनल में लचर खेल टीम पर भारी पड़ा।,negative,hockey,contextual
7438,निर्णायक मैच में भारतीय धावक ने इवेंट में यादगार खेल दिखाकर लगातार अच्छा प्रदर्शन किया।,positive,athletics,contextual
7439,लगातार तीसरे मैच में भारतीय धावक ने रेस में लाजवाब खेल दिखाकर दबदबा कायम रखा।,positive,athletics,contextual
7440,कप्तान ने प्लेऑफ में बेअसर प्रदर्शन किया और अपनी लय खो दी।,negative,kabaddi,paraphrase
7441,टूर्नामेंट के अहम चरण में गेंदबाज ने मैच में यादगार खेल दिखाकर महत्वपूर्ण योगदान दिया।,positive,cricket,contextual
7442,इस मुकाबले में गोलकीपर ने मैच में कई आसान मौके गंवाए।,negative,hockey,domain_context
7443,टूर्नामेंट के अहम चरण में टेनिस स्टार सेट से पहले प्रशिक्षण कर रहा है।,neutral,tennis,factual
7444,डिफेंडर अगले मैच से पहले कोच के साथ बैठक करेगा।,neutral,kabaddi,domain_context
7445,कप्तान के क्वार्टरफाइनल में उत्कृष्ट प्रदर्शन से टीम को फायदा हुआ।,positive,tennis,contextual
7446,डिफेंडर प्लेऑफ के लिए मैच के लिए रवाना हुई।,neutral,kabaddi,neutral
7447,निर्णायक मैच में रेडर का प्लेऑफ में कमजोर खेल टीम पर भारी पड़ा।,negative,kabaddi,contextual
7448,लगातार तीसरे मैच में खिलाड़ी ने क्वार्टरफाइनल में उत्कृष्ट खेल दिखाकर शानदार वापसी की।,positive,tennis,contextual
7449,जोड़ी फाइनल के लिए अगले दौर के लिए पहुंची।,neutral,badminton,neutral
7450,आज एथलीट ने इवेंट में धमाकेदार खेल दिखाकर महत्वपूर्ण योगदान दिया।,positive,athletics,contextual
7451,भारतीय टीम ने मुकाबला में लचर प्रदर्शन किया और महत्वपूर्ण मौका गंवाया।,negative,kabaddi,paraphrase
7452,इस मुकाबले में भारतीय खिलाड़ी का फाइनल में खराब खेल टीम पर भारी पड़ा।,negative,tennis,contextual
7453,रेडर मैच के लिए टूर्नामेंट में हिस्सा ले रही है।,neutral,kabaddi,neutral
7454,कप्तान की प्लेऑफ में फीका रणनीति काम नहीं आई।,negative,kabaddi,contextual
7455,टूर्नामेंट के अहम चरण में युवा खिलाड़ी का क्वार्टरफाइनल में निराशाजनक खेल टीम पर भारी पड़ा।,negative,tennis,contextual
7456,फॉरवर्ड सेमीफाइनल के लिए प्रशिक्षण जारी रखे हुए है।,neutral,hockey,neutral
7457,आज युवा खिलाड़ी का मुकाबला में फीका खेल टीम पर भारी पड़ा।,negative,tennis,contextual
7458,धाविका ने प्रतियोगिता में निराशाजनक प्रदर्शन किया और लगातार गलतियां कीं।,negative,athletics,paraphrase
7459,लगातार तीसरे मैच में हॉकी टीम ने फाइनल से पहले प्रशिक्षण पूरा किया।,neutral,hockey,domain_context
7460,दबाव वाले मुकाबले में भारतीय खिलाड़ी का फाइनल में बेअसर खेल टीम पर भारी पड़ा।,negative,tennis,contextual
7461,इस मुकाबले में युवा खिलाड़ी क्वार्टरफाइनल से पहले प्रशिक्षण कर रहा है।,neutral,tennis,factual
7462,प्रशंसकों के सामने भारतीय टीम का मुकाबला में बेअसर खेल टीम पर भारी पड़ा।,negative,football,contextual
7463,युवा एथलीट की फाइनल में निराश करने वाला रणनीति काम नहीं आई।,negative,athletics,contextual
7464,इस मुकाबले में रेडर ने फाइनल में उत्कृष्ट खेल दिखाकर दबदबा कायम रखा।,positive,kabaddi,contextual
7465,घरेलू मैदान पर खिलाड़ी प्रतियोगिता से पहले प्रशिक्षण कर रहा है।,neutral,athletics,factual
7466,मुकाबला प्रशंसकों के सामने आयोजित होगा और कप्तान इसमें हिस्सा लेगा।,neutral,tennis,factual
7467,टूर्नामेंट के अहम चरण में कप्तान सेट से पहले प्रशिक्षण कर रहा है।,neutral,tennis,factual
7468,घरेलू मैदान पर खिलाड़ी का मुकाबला में कमजोर खेल टीम पर भारी पड़ा।,negative,kabaddi,contextual
7469,लगातार तीसरे मैच में भारतीय टीम ने लीग मैच में लाजवाब खेल दिखाकर जीत दर्ज की।,positive,hockey,contextual
7470,गोलकीपर ने मुकाबला में शानदार प्रदर्शन करते हुए मुश्किल स्थिति से बाहर निकली।,positive,hockey,paraphrase
7471,विकेटकीपर की ओवर में असंगत रणनीति काम नहीं आई।,negative,cricket,contextual
7472,खिलाड़ी ने लीग मैच में खराब प्रदर्शन किया और लगातार गलतियां कीं।,negative,kabaddi,paraphrase
7473,दबाव वाले मुकाबले में भारतीय टीम का मुकाबला में निराशाजनक खेल टीम पर भारी पड़ा।,negative,kabaddi,contextual
7474,भारतीय शटलर ने मैच में निराश करने वाला प्रदर्शन किया और अपनी लय खो दी।,negative,badminton,paraphrase
7475,गेंदबाज ने मुकाबला में फीका प्रदर्शन किया और दबाव में बिखर गई।,negative,cricket,paraphrase
7476,घरेलू मैदान पर विकेटकीपर का मैच में बेअसर खेल टीम पर भारी पड़ा।,negative,cricket,contextual
7477,भारतीय टीम को प्लेऑफ के लिए टीम में शामिल किया गया है।,neutral,kabaddi,domain_context
7478,लगातार तीसरे मैच में युवा खिलाड़ी का सेट में खराब खेल टीम पर भारी पड़ा।,negative,tennis,contextual
7479,गेंदबाज मैच के लिए अभ्यास सत्र में शामिल हुई।,neutral,cricket,neutral
7480,आज डिफेंडर ने फाइनल में जबरदस्त खेल दिखाकर मुश्किल स्थिति से बाहर निकली।,positive,kabaddi,contextual
7481,दबाव वाले मुकाबले में भारतीय टीम फाइनल से पहले प्रशिक्षण कर रहा है।,neutral,kabaddi,factual
7482,क्लब की फाइनल में फीका रणनीति काम नहीं आई।,negative,football,contextual
7483,डिफेंडर ने मैच में असंगत प्रदर्शन किया और उम्मीदों पर खरी नहीं उतरी।,negative,kabaddi,paraphrase
7484,लगातार तीसरे मैच में खिलाड़ी ने इवेंट में उत्कृष्ट खेल दिखाकर जीत दर्ज की।,positive,athletics,contextual
7485,डिफेंडर ने प्लेऑफ में असंगत प्रदर्शन किया और मुकाबला गंवा दिया।,negative,kabaddi,paraphrase
7486,खिलाड़ी ने प्रतियोगिता में खराब प्रदर्शन किया और मुकाबला गंवा दिया।,negative,athletics,paraphrase
7487,सेट लगातार तीसरे मैच में आयोजित होगा और भारतीय खिलाड़ी इसमें हिस्सा लेगा।,neutral,tennis,factual
7488,आज एथलीट ने प्रतियोगिता में उत्कृष्ट खेल दिखाकर जीत दर्ज की।,positive,athletics,contextual
7489,लंबे ब्रेक के बाद फॉरवर्ड ने मुकाबला में उत्कृष्ट खेल दिखाकर दबदबा कायम रखा।,positive,football,contextual
7490,टूर्नामेंट के अहम चरण में धाविका का रेस में खराब खेल टीम पर भारी पड़ा।,negative,athletics,contextual
7491,लंबे ब्रेक के बाद कप्तान का फाइनल में निराश करने वाला खेल टीम पर भारी पड़ा।,negative,kabaddi,contextual
7492,टूर्नामेंट के अहम चरण में क्लब का लीग मैच में निराश करने वाला खेल टीम पर भारी पड़ा।,negative,football,contextual
7493,लंबे अंतराल के बाद टीम ने मुश्किल हालात में शानदार जीत हासिल की।,positive,multi-sport,domain_context
7494,गेंदबाज ने रन चेज में असंगत प्रदर्शन किया और महत्वपूर्ण मौका गंवाया।,negative,cricket,paraphrase
7495,युवा शटलर मैच के लिए मैच के लिए रवाना हुई।,neutral,badminton,neutral
7496,घरेलू मैदान पर भारतीय धावक ने इवेंट में शानदार खेल दिखाकर मुश्किल स्थिति से बाहर निकली।,positive,athletics,contextual
7497,प्रशंसकों के सामने जोड़ी ने मुकाबला से पहले प्रशिक्षण पूरा किया।,neutral,badminton,domain_context
7498,महत्वपूर्ण मौके पर भारतीय धावक का दौड़ में निराश करने वाला खेल टीम पर भारी पड़ा।,negative,athletics,contextual
7499,दबाव वाले मुकाबले में धाविका फाइनल से पहले प्रशिक्षण कर रहा है।,neutral,athletics,factual
7500,महत्वपूर्ण मौके पर धाविका ने प्रतियोगिता में लाजवाब खेल दिखाकर मुकाबला अपने नाम कर लिया।,positive,athletics,contextual
7501,भारतीय टीम ने मैच में बेअसर प्रदर्शन किया और लगातार गलतियां कीं।,negative,football,paraphrase
7502,रेडर फाइनल के लिए अगले दौर के लिए पहुंची।,neutral,kabaddi,neutral
7503,दबाव वाले मुकाबले में खिलाड़ी प्रतियोगिता से पहले प्रशिक्षण कर रहा है।,neutral,athletics,factual
7504,लंबे ब्रेक के बाद जोड़ी फाइनल से पहले प्रशिक्षण कर रहा है।,neutral,badminton,factual
7505,महत्वपूर्ण मौके पर भारतीय शटलर मुकाबला से पहले प्रशिक्षण कर रहा है।,neutral,badminton,factual
7506,घरेलू मैदान पर भारतीय टीम ने लीग मैच में शानदार खेल दिखाकर महत्वपूर्ण योगदान दिया।,positive,football,contextual
7507,घरेलू मैदान पर खिलाड़ी ने दौड़ में शानदार खेल दिखाकर मुकाबला अपने नाम कर लिया।,positive,athletics,contextual
7508,प्रशंसकों के सामने भारतीय टीम ने मैच में लाजवाब खेल दिखाकर महत्वपूर्ण योगदान दिया।,positive,football,contextual
7509,रेडर ने लीग मैच में फीका प्रदर्शन किया और बढ़त गंवा दी।,negative,kabaddi,paraphrase
7510,इस मुकाबले में भारतीय शटलर मैच से पहले प्रशिक्षण कर रहा है।,neutral,badminton,factual
7511,प्रशंसकों के सामने डिफेंडर का फाइनल में लचर खेल टीम पर भारी पड़ा।,negative,hockey,contextual
7512,प्रशंसकों के सामने धाविका दौड़ से पहले प्रशिक्षण कर रहा है।,neutral,athletics,factual
7513,दौड़ निर्णायक मैच में आयोजित होगा और युवा एथलीट इसमें हिस्सा लेगा।,neutral,athletics,factual
7514,टूर्नामेंट के अहम चरण में हॉकी टीम ने मुकाबला में कमाल का खेल दिखाकर लगातार अच्छा प्रदर्शन किया।,positive,hockey,contextual
7515,प्रशंसकों के सामने टेनिस स्टार का मुकाबला में खराब खेल टीम पर भारी पड़ा।,negative,tennis,contextual
7516,टूर्नामेंट के अहम चरण में फॉरवर्ड का लीग मैच में खराब खेल टीम पर भारी पड़ा।,negative,hockey,contextual
7517,निर्णायक मैच में युवा खिलाड़ी ने क्वार्टरफाइनल में धमाकेदार खेल दिखाकर मुश्किल स्थिति से बाहर निकली।,positive,tennis,contextual
7518,निर्णायक मैच में धाविका ने रेस में उत्कृष्ट खेल दिखाकर महत्वपूर्ण योगदान दिया।,positive,athletics,contextual
7519,लगातार तीसरे मैच में गेंदबाज ने ओवर से पहले प्रशिक्षण पूरा किया।,neutral,cricket,domain_context
7520,गोलकीपर ने सेमीफाइनल में असंगत प्रदर्शन किया और लगातार गलतियां कीं।,negative,hockey,paraphrase
7521,इस मुकाबले में गेंदबाज ने ओवर में लाजवाब खेल दिखाकर जीत दर्ज की।,positive,cricket,contextual
7522,आज टेनिस स्टार का क्वार्टरफाइनल में लचर खेल टीम पर भारी पड़ा।,negative,tennis,contextual
7523,प्रशंसकों के सामने भारतीय टीम का मुकाबला में असंगत खेल टीम पर भारी पड़ा।,negative,kabaddi,contextual
7524,इस मुकाबले में कप्तान ने फाइनल में शानदार खेल दिखाकर महत्वपूर्ण योगदान दिया।,positive,tennis,contextual
7525,फॉरवर्ड ने सेमीफाइनल में कमजोर प्रदर्शन किया और अपनी लय खो दी।,negative,football,paraphrase
7526,निर्णायक मैच में युवा शटलर ने मैच में जबरदस्त खेल दिखाकर मुकाबला अपने नाम कर लिया।,positive,badminton,contextual
7527,महत्वपूर्ण मौके पर गेंदबाज ने ओवर में जबरदस्त खेल दिखाकर लगातार अच्छा प्रदर्शन किया।,positive,cricket,contextual
7528,दबाव वाले मुकाबले में क्लब ने लीग मैच से पहले प्रशिक्षण पूरा किया।,neutral,football,domain_context
7529,लगातार तीसरे मैच में डिफेंडर का लीग मैच में निराश करने वाला खेल टीम पर भारी पड़ा।,negative,hockey,contextual
7530,टूर्नामेंट के अहम चरण में भारतीय टीम ने प्लेऑफ में लाजवाब खेल दिखाकर जीत दर्ज की।,positive,kabaddi,contextual
7531,घरेलू मैदान पर विकेटकीपर ने रन चेज में शानदार खेल दिखाकर महत्वपूर्ण योगदान दिया।,positive,cricket,contextual
7532,आज भारतीय टीम का मैच में कमजोर खेल टीम पर भारी पड़ा।,negative,kabaddi,contextual
7533,दबाव वाले मुकाबले में डिफेंडर का फाइनल में कमजोर खेल टीम पर भारी पड़ा।,negative,hockey,contextual
7534,लंबे ब्रेक के बाद जोड़ी ने सेट से पहले प्रशिक्षण पूरा किया।,neutral,badminton,domain_context
7535,घरेलू मैदान पर एथलीट ने रेस में धमाकेदार खेल दिखाकर मुकाबला अपने नाम कर लिया।,positive,athletics,contextual
7536,कप्तान ने सेमीफाइनल में फीका प्रदर्शन किया और अपनी लय खो दी।,negative,football,paraphrase
7537,लगातार तीसरे मैच में डिफेंडर ने फाइनल में धमाकेदार खेल दिखाकर लगातार अच्छा प्रदर्शन किया।,positive,kabaddi,contextual
7538,प्रशंसकों के सामने चैंपियन ने मैच में कई आसान मौके गंवाए।,negative,badminton,domain_context
7539,टेनिस स्टार ने मैच में फीका प्रदर्शन किया और बढ़त गंवा दी।,negative,tennis,paraphrase
7540,इस मुकाबले में हॉकी टीम का सेमीफाइनल में लचर खेल टीम पर भारी पड़ा।,negative,hockey,contextual
7541,निर्णायक मैच में टेनिस स्टार क्वार्टरफाइनल से पहले प्रशिक्षण कर रहा है।,neutral,tennis,factual
7542,बल्लेबाज ने मुकाबला में बेअसर प्रदर्शन किया और बढ़त गंवा दी।,negative,cricket,paraphrase
7543,गेंदबाज मैच के लिए अगले मुकाबले की तैयारी कर रही है।,neutral,cricket,neutral
7544,निर्णायक मैच में युवा शटलर का मैच में खराब खेल टीम पर भारी पड़ा।,negative,badminton,contextual
7545,टूर्नामेंट के अहम चरण में खिलाड़ी प्लेऑफ से पहले प्रशिक्षण कर रहा है।,neutral,kabaddi,factual
7546,भारत सीरीज के लिए अगले दौर के लिए पहुंची।,neutral,cricket,neutral
7547,इस मुकाबले में खिलाड़ी ने फाइनल में बेहतरीन खेल दिखाकर मुकाबला अपने नाम कर लिया।,positive,badminton,contextual
7548,टूर्नामेंट के अहम चरण में भारत ने ओवर में जबरदस्त खेल दिखाकर मुकाबला अपने नाम कर लिया।,positive,cricket,contextual
7549,लंबे ब्रेक के बाद हॉकी टीम ने मैच में शानदार खेल दिखाकर शानदार वापसी की।,positive,hockey,contextual
7550,कप्तान क्वार्टरफाइनल के लिए अगले मुकाबले की तैयारी कर रही है।,neutral,tennis,neutral
7551,धाविका ने प्रतियोगिता में निराश करने वाला प्रदर्शन किया और मुकाबला गंवा दिया।,negative,athletics,paraphrase
7552,हॉकी टीम ने सेमीफाइनल में फीका प्रदर्शन किया और लगातार गलतियां कीं।,negative,hockey,paraphrase
7553,प्रशंसकों के सामने युवा एथलीट का रेस में लचर खेल टीम पर भारी पड़ा।,negative,athletics,contextual
7554,प्रतियोगिता लंबे ब्रेक के बाद आयोजित होगा और खिलाड़ी इसमें हिस्सा लेगा।,neutral,athletics,factual
7555,निर्णायक मैच में एथलीट का फाइनल में फीका खेल टीम पर भारी पड़ा।,negative,athletics,contextual
7556,इस मुकाबले में गेंदबाज पारी से पहले प्रशिक्षण कर रहा है।,neutral,cricket,factual
7557,आज कप्तान लीग मैच से पहले प्रशिक्षण कर रहा है।,neutral,football,factual
7558,दबाव वाले मुकाबले में गोलकीपर का मैच में निराशाजनक खेल टीम पर भारी पड़ा।,negative,football,contextual
7559,लंबे ब्रेक के बाद खिलाड़ी ने मैच में जबरदस्त खेल दिखाकर जीत दर्ज की।,positive,badminton,contextual
7560,दौड़ लंबे ब्रेक के बाद आयोजित होगा और धाविका इसमें हिस्सा लेगा।,neutral,athletics,factual
7561,डिफेंडर की फाइनल में लचर रणनीति काम नहीं आई।,negative,football,contextual
7562,प्रशंसकों के सामने रेडर फाइनल से पहले प्रशिक्षण कर रहा है।,neutral,kabaddi,factual
7563,घरेलू मैदान पर कप्तान ने सीरीज में बेहतरीन खेल दिखाकर दबदबा कायम रखा।,positive,cricket,contextual
7564,दबाव वाले मुकाबले में डिफेंडर का फाइनल में असंगत खेल टीम पर भारी पड़ा।,negative,kabaddi,contextual
7565,निर्णायक मैच में डिफेंडर ने फाइनल में बेहतरीन खेल दिखाकर महत्वपूर्ण योगदान दिया।,positive,football,contextual
7566,दबाव वाले मुकाबले में खिलाड़ी ने मुकाबला में उत्कृष्ट खेल दिखाकर लगातार अच्छा प्रदर्शन किया।,positive,badminton,contextual
7567,टूर्नामेंट के अहम चरण में भारत मैच से पहले प्रशिक्षण कर रहा है।,neutral,cricket,factual
7568,घरेलू मैदान पर खिलाड़ी क्वार्टरफाइनल से पहले प्रशिक्षण कर रहा है।,neutral,tennis,factual
7569,प्रशंसकों के सामने गेंदबाज ने सीरीज में बेहतरीन खेल दिखाकर महत्वपूर्ण योगदान दिया।,positive,cricket,contextual
7570,टूर्नामेंट के अहम चरण में युवा शटलर ने मुकाबला में धमाकेदार खेल दिखाकर शानदार वापसी की।,positive,badminton,contextual
7571,युवा एथलीट ने दौड़ में फीका खेल दिखाया और टीम को नुकसान हुआ।,negative,athletics,domain_context
7572,टूर्नामेंट के अहम चरण में डिफेंडर ने लीग मैच में शानदार खेल दिखाकर महत्वपूर्ण योगदान दिया।,positive,football,contextual
7573,इस मुकाबले में भारत रन चेज से पहले प्रशिक्षण कर रहा है।,neutral,cricket,factual
7574,लंबे ब्रेक के बाद धाविका का रेस में फीका खेल टीम पर भारी पड़ा।,negative,athletics,contextual
7575,शाम के मुकाबले में खिलाड़ियों ने निर्णायक मौके पर गलतियां कीं।,negative,multi-sport,domain_context
7576,घरेलू मैदान पर एथलीट इवेंट से पहले प्रशिक्षण कर रहा है।,neutral,athletics,factual
7577,प्रशंसकों के सामने युवा शटलर का गेम में फीका खेल टीम पर भारी पड़ा।,negative,badminton,contextual
7578,कप्तान ने लीग मैच में निराश करने वाला प्रदर्शन किया और महत्वपूर्ण मौका गंवाया।,negative,kabaddi,paraphrase
7579,घरेलू मैदान पर भारतीय टीम पारी से पहले प्रशिक्षण कर रहा है।,neutral,cricket,factual
7580,निर्णायक मैच में भारतीय टीम ने प्लेऑफ में जबरदस्त खेल दिखाकर जीत दर्ज की।,positive,kabaddi,contextual
7581,कप्तान ने सेट में बेअसर प्रदर्शन किया और दबाव में बिखर गई।,negative,tennis,paraphrase
7582,क्वार्टरफाइनल महत्वपूर्ण मौके पर आयोजित होगा और कप्तान इसमें हिस्सा लेगा।,neutral,tennis,factual
7583,भारतीय टीम दबाव के कारण कठिन सेमीफाइनल में लय नहीं बना सका।,negative,hockey,domain_context
7584,"Pressure ke beech, Captain ne next game ki strategy discuss ki.",neutral,multi-sport,code_mixed
7585,घरेलू मैदान पर चैंपियन ने फाइनल में धमाकेदार खेल दिखाकर दबदबा कायम रखा।,positive,badminton,contextual
7586,भारतीय खिलाड़ी ने मैच में कमजोर प्रदर्शन किया और अपनी लय खो दी।,negative,tennis,paraphrase
7587,चैंपियन ने सेट में लाजवाब प्रदर्शन करते हुए जीत दर्ज की।,positive,badminton,paraphrase
7588,विकेटकीपर ने मैच में बेअसर खेल दिखाया और टीम को नुकसान हुआ।,negative,cricket,domain_context
7589,प्रशंसकों के सामने हमारी टीम ने विरोधी को पूरी तरह दबा दिया।,positive,multi-sport,domain_context
7590,लंबे ब्रेक के बाद भारतीय टीम ने फाइनल में शानदार खेल दिखाकर मुश्किल स्थिति से बाहर निकली।,positive,hockey,contextual
7591,घरेलू मैदान पर क्लब फाइनल से पहले प्रशिक्षण कर रहा है।,neutral,football,factual
7592,आज टेनिस स्टार ने फाइनल में जबरदस्त खेल दिखाकर दबदबा कायम रखा।,positive,tennis,contextual
7593,घरेलू मैदान पर डिफेंडर ने मैच से पहले प्रशिक्षण पूरा किया।,neutral,hockey,domain_context
7594,प्रशंसकों के सामने गोलकीपर का मुकाबला में कमजोर खेल टीम पर भारी पड़ा।,negative,hockey,contextual
7595,आज क्लब लीग मैच से पहले प्रशिक्षण कर रहा है।,neutral,football,factual
7596,लंबे ब्रेक के बाद रेडर ने फाइनल में यादगार खेल दिखाकर शानदार वापसी की।,positive,kabaddi,contextual
7597,आज खिलाड़ी सेट से पहले प्रशिक्षण कर रहा है।,neutral,badminton,factual
7598,इस मुकाबले में खिलाड़ी ने फाइनल में उत्कृष्ट खेल दिखाकर शानदार वापसी की।,positive,badminton,contextual
7599,लगातार तीसरे मैच में कप्तान का ओवर में निराशाजनक खेल टीम पर भारी पड़ा।,negative,cricket,contextual
7600,टूर्नामेंट के अहम चरण में युवा शटलर गेम से पहले प्रशिक्षण कर रहा है।,neutral,badminton,factual
7601,प्रशंसकों के सामने भारतीय धावक ने दौड़ में शानदार खेल दिखाकर मुकाबला अपने नाम कर लिया।,positive,athletics,contextual
7602,इस मुकाबले में जोड़ी का गेम में फीका खेल टीम पर भारी पड़ा।,negative,badminton,contextual
7603,दबाव वाले मुकाबले में क्लब लीग मैच से पहले प्रशिक्षण कर रहा है।,neutral,football,factual
7604,लगातार तीसरे मैच में खिलाड़ी ने मैच में धमाकेदार खेल दिखाकर मुश्किल स्थिति से बाहर निकली।,positive,badminton,contextual
7605,"Pressure ke beech, Team ne easy chance miss karke match gawa diya.",negative,multi-sport,code_mixed
7606,दबाव वाले मुकाबले में भारत ने पारी में धमाकेदार खेल दिखाकर लगातार अच्छा प्रदर्शन किया।,positive,cricket,contextual
7607,दबाव वाले मुकाबले में भारत ने पारी से पहले प्रशिक्षण पूरा किया।,neutral,cricket,domain_context
7608,लंबे ब्रेक के बाद भारतीय टीम का लीग मैच में बेअसर खेल टीम पर भारी पड़ा।,negative,football,contextual
7609,लगातार तीसरे मैच में भारतीय टीम ने प्लेऑफ से पहले प्रशिक्षण पूरा किया।,neutral,kabaddi,domain_context
7610,भारतीय टीम ने मैच में निराश करने वाला प्रदर्शन किया और उम्मीदों पर खरी नहीं उतरी।,negative,kabaddi,paraphrase
7611,निर्णायक मैच में डिफेंडर ने लीग मैच में लाजवाब खेल दिखाकर मुकाबला अपने नाम कर लिया।,positive,football,contextual
7612,युवा खिलाड़ी की सेट में खराब रणनीति काम नहीं आई।,negative,tennis,contextual
7613,निर्णायक मैच में हॉकी टीम मैच से पहले प्रशिक्षण कर रहा है।,neutral,hockey,factual
7614,गेंदबाज पारी के लिए अगले दौर के लिए पहुंची।,neutral,cricket,neutral
7615,खिलाड़ी ने क्वार्टरफाइनल में कमजोर प्रदर्शन किया और मुकाबला गंवा दिया।,negative,tennis,paraphrase
7616,निर्णायक मैच में चैंपियन का मैच में फीका खेल टीम पर भारी पड़ा।,negative,badminton,contextual
7617,युवा शटलर ने सेट के लिए यात्रा कार्यक्रम साझा किया।,neutral,badminton,domain_context
7618,एथलीट फाइनल के लिए अगले मुकाबले की तैयारी कर रही है।,neutral,athletics,neutral
7619,टूर्नामेंट के अहम चरण में गोलकीपर ने मुकाबला में बेहतरीन खेल दिखाकर महत्वपूर्ण योगदान दिया।,positive,hockey,contextual
7620,महत्वपूर्ण मौके पर फॉरवर्ड ने सेमीफाइनल में धमाकेदार खेल दिखाकर लगातार अच्छा प्रदर्शन किया।,positive,hockey,contextual
7621,युवा शटलर ने सेट के लिए तैयारी शुरू कर दी।,neutral,badminton,factual
7622,लगातार तीसरे मैच में खिलाड़ी का क्वार्टरफाइनल में खराब खेल टीम पर भारी पड़ा।,negative,tennis,contextual
7623,दबाव वाले मुकाबले में भारतीय धावक का दौड़ में बेअसर खेल टीम पर भारी पड़ा।,negative,athletics,contextual
7624,महत्वपूर्ण मौके पर फॉरवर्ड ने सेमीफाइनल में जबरदस्त खेल दिखाकर शानदार वापसी की।,positive,hockey,contextual
7625,धाविका ने रेस में खराब प्रदर्शन किया और उम्मीदों पर खरी नहीं उतरी।,negative,athletics,paraphrase
7626,फाइनल निर्णायक मैच में आयोजित होगा और फॉरवर्ड इसमें हिस्सा लेगा।,neutral,hockey,factual
7627,भारतीय टीम ने रन चेज में असंगत प्रदर्शन किया और महत्वपूर्ण मौका गंवाया।,negative,cricket,paraphrase
7628,घरेलू मैदान पर गेंदबाज मुकाबला से पहले प्रशिक्षण कर रहा है।,neutral,cricket,factual
7629,लीग मैच लंबे ब्रेक के बाद आयोजित होगा और गोलकीपर इसमें हिस्सा लेगा।,neutral,football,factual
7630,प्रशंसकों के सामने गोलकीपर का फाइनल में लचर खेल टीम पर भारी पड़ा।,negative,football,contextual
7631,फाइनल महत्वपूर्ण मौके पर आयोजित होगा और डिफेंडर इसमें हिस्सा लेगा।,neutral,football,factual
7632,लंबे ब्रेक के बाद भारतीय शटलर ने मैच में धमाकेदार खेल दिखाकर मुश्किल स्थिति से बाहर निकली।,positive,badminton,contextual
7633,निर्णायक मैच में रेडर ने प्लेऑफ में जबरदस्त खेल दिखाकर महत्वपूर्ण योगदान दिया।,positive,kabaddi,contextual
7634,मुकाबला इस मुकाबले में आयोजित होगा और खिलाड़ी इसमें हिस्सा लेगा।,neutral,badminton,factual
7635,धाविका अगले दौड़ से पहले कोच के साथ बैठक करेगा।,neutral,athletics,domain_context
7636,निर्णायक मैच में बल्लेबाज का मैच में खराब खेल टीम पर भारी पड़ा।,negative,cricket,contextual
7637,टूर्नामेंट के अहम चरण में बल्लेबाज सीरीज से पहले प्रशिक्षण कर रहा है।,neutral,cricket,factual
7638,डिफेंडर फाइनल के लिए मैच के लिए रवाना हुई।,neutral,hockey,neutral
7639,लगातार तीसरे मैच में डिफेंडर ने मुकाबला में शानदार खेल दिखाकर मुश्किल स्थिति से बाहर निकली।,positive,hockey,contextual
7640,सेट लंबे ब्रेक के बाद आयोजित होगा और कप्तान इसमें हिस्सा लेगा।,neutral,tennis,factual
7641,लगातार तीसरे मैच में कप्तान का मुकाबला में असंगत खेल टीम पर भारी पड़ा।,negative,kabaddi,contextual
7642,दबाव वाले मुकाबले में टेनिस स्टार ने सेट से पहले प्रशिक्षण पूरा किया।,neutral,tennis,domain_context
7643,प्रशंसकों के सामने बल्लेबाज का पारी में कमजोर खेल टीम पर भारी पड़ा।,negative,cricket,contextual
7644,एथलीट रेस के लिए अभ्यास सत्र में शामिल हुई।,neutral,athletics,neutral
7645,टूर्नामेंट के अहम चरण में जोड़ी मैच से पहले प्रशिक्षण कर रहा है।,neutral,badminton,factual
7646,रेस टूर्नामेंट के अहम चरण में आयोजित होगा और धाविका इसमें हिस्सा लेगा।,neutral,athletics,factual
7647,लगातार तीसरे मैच में चैंपियन ने गेम में धमाकेदार खेल दिखाकर मुकाबला अपने नाम कर लिया।,positive,badminton,contextual
7648,टूर्नामेंट के अहम चरण में भारत ने मैच से पहले प्रशिक्षण पूरा किया।,neutral,cricket,domain_context
7649,घरेलू मैदान पर रेडर ने मैच में शानदार खेल दिखाकर शानदार वापसी की।,positive,kabaddi,contextual
7650,मैच महत्वपूर्ण मौके पर आयोजित होगा और कप्तान इसमें हिस्सा लेगा।,neutral,football,factual
7651,भारत की मुकाबला में खराब रणनीति काम नहीं आई।,negative,cricket,contextual
7652,इस मुकाबले में बल्लेबाज ने मैच में उत्कृष्ट खेल दिखाकर लगातार अच्छा प्रदर्शन किया।,positive,cricket,contextual
7653,विकेटकीपर ने मैच में निराश करने वाला प्रदर्शन किया और बढ़त गंवा दी।,negative,cricket,paraphrase
7654,धाविका ने फाइनल के लिए यात्रा कार्यक्रम साझा किया।,neutral,athletics,domain_context
7655,निर्णायक मैच में क्लब का लीग मैच में खराब खेल टीम पर भारी पड़ा।,negative,football,contextual
7656,टूर्नामेंट के अहम चरण में डिफेंडर ने फाइनल में शानदार खेल दिखाकर महत्वपूर्ण योगदान दिया।,positive,hockey,contextual
7657,टूर्नामेंट के अहम चरण में युवा शटलर ने मैच में शानदार खेल दिखाकर लगातार अच्छा प्रदर्शन किया।,positive,badminton,contextual
7658,युवा शटलर मैच के लिए अगले दौर के लिए पहुंची।,neutral,badminton,neutral
7659,महत्वपूर्ण मौके पर भारतीय टीम ने लीग मैच में कमाल का खेल दिखाकर जीत दर्ज की।,positive,football,contextual
7660,दबाव वाले मुकाबले में भारतीय टीम का लीग मैच में कमजोर खेल टीम पर भारी पड़ा।,negative,kabaddi,contextual
7661,भारतीय खिलाड़ी ने फाइनल में लचर प्रदर्शन किया और दबाव में बिखर गई।,negative,tennis,paraphrase
7662,प्रशंसकों के सामने युवा शटलर फाइनल से पहले प्रशिक्षण कर रहा है।,neutral,badminton,factual
7663,लंबे ब्रेक के बाद क्लब का लीग मैच में फीका खेल टीम पर भारी पड़ा।,negative,football,contextual
7664,लंबे ब्रेक के बाद भारतीय टीम ने मुकाबला में यादगार खेल दिखाकर शानदार वापसी की।,positive,football,contextual
7665,मुकाबला टूर्नामेंट के अहम चरण में आयोजित होगा और खिलाड़ी इसमें हिस्सा लेगा।,neutral,tennis,factual
7666,रन चेज टूर्नामेंट के अहम चरण में आयोजित होगा और बल्लेबाज इसमें हिस्सा लेगा।,neutral,cricket,factual
7667,दौड़ टूर्नामेंट के अहम चरण में आयोजित होगा और युवा एथलीट इसमें हिस्सा लेगा।,neutral,athletics,factual
7668,सुबह के सत्र में टीम ने जीत का सुनहरा मौका गंवा दिया।,negative,multi-sport,domain_context
7669,महत्वपूर्ण मौके पर कप्तान ने सेमीफाइनल में जबरदस्त खेल दिखाकर दबदबा कायम रखा।,positive,football,contextual
7670,लंबे ब्रेक के बाद भारत ने ओवर से पहले प्रशिक्षण पूरा किया।,neutral,cricket,domain_context
7671,खिलाड़ी ने प्लेऑफ में लाजवाब प्रदर्शन करते हुए दबदबा कायम रखा।,positive,kabaddi,paraphrase
7672,इस मुकाबले में भारतीय टीम मैच से पहले प्रशिक्षण कर रहा है।,neutral,kabaddi,factual
7673,घरेलू मैदान पर भारतीय टीम प्लेऑफ से पहले प्रशिक्षण कर रहा है।,neutral,kabaddi,factual
7674,इस मुकाबले में फॉरवर्ड ने फाइनल में यादगार खेल दिखाकर जीत दर्ज की।,positive,football,contextual
7675,भारतीय टीम ने मैच में फीका प्रदर्शन किया और महत्वपूर्ण मौका गंवाया।,negative,hockey,paraphrase
7676,आज डिफेंडर ने मैच में बेहतरीन खेल दिखाकर मुश्किल स्थिति से बाहर निकली।,positive,hockey,contextual
7677,भारतीय टीम ने सेमीफाइनल में उत्कृष्ट प्रदर्शन करते हुए शानदार वापसी की।,positive,hockey,paraphrase
7678,गोलकीपर मुकाबला के लिए मैच के लिए रवाना हुई।,neutral,football,neutral
7679,लंबे ब्रेक के बाद गोलकीपर सेमीफाइनल से पहले प्रशिक्षण कर रहा है।,neutral,football,factual
7680,दबाव वाले मुकाबले में भारतीय टीम का मैच में असंगत खेल टीम पर भारी पड़ा।,negative,hockey,contextual
7681,आज फॉरवर्ड का मैच में निराश करने वाला खेल टीम पर भारी पड़ा।,negative,football,contextual
7682,मुकाबला इस मुकाबले में आयोजित होगा और गोलकीपर इसमें हिस्सा लेगा।,neutral,football,factual
7683,घरेलू मैदान पर भारतीय टीम ने सेमीफाइनल में उत्कृष्ट खेल दिखाकर जीत दर्ज की।,positive,football,contextual
7684,क्वार्टरफाइनल प्रशंसकों के सामने आयोजित होगा और भारतीय खिलाड़ी इसमें हिस्सा लेगा।,neutral,tennis,factual
7685,लंबे ब्रेक के बाद टेनिस स्टार ने सेट से पहले प्रशिक्षण पूरा किया।,neutral,tennis,domain_context
7686,महत्वपूर्ण मौके पर क्लब मैच से पहले प्रशिक्षण कर रहा है।,neutral,football,factual
7687,घरेलू मैदान पर कप्तान ने मैच में उत्कृष्ट खेल दिखाकर लगातार अच्छा प्रदर्शन किया।,positive,cricket,contextual
7688,दबाव वाले मुकाबले में डिफेंडर ने सेमीफाइनल में लाजवाब खेल दिखाकर जीत दर्ज की।,positive,football,contextual
7689,लंबे ब्रेक के बाद गोलकीपर ने फाइनल में लाजवाब खेल दिखाकर मुश्किल स्थिति से बाहर निकली।,positive,hockey,contextual
7690,इस मुकाबले में रेडर का मैच में खराब खेल टीम पर भारी पड़ा।,negative,kabaddi,contextual
7691,आज कप्तान का लीग मैच में फीका खेल टीम पर भारी पड़ा।,negative,kabaddi,contextual
7692,घरेलू मैदान पर भारतीय खिलाड़ी का मुकाबला में निराश करने वाला खेल टीम पर भारी पड़ा।,negative,tennis,contextual
7693,लंबे ब्रेक के बाद खिलाड़ी लीग मैच से पहले प्रशिक्षण कर रहा है।,neutral,kabaddi,factual
7694,कप्तान रन चेज के लिए मैच के लिए रवाना हुई।,neutral,cricket,neutral
7695,इस मुकाबले में गेंदबाज ने रन चेज में लाजवाब खेल दिखाकर जीत दर्ज की।,positive,cricket,contextual
7696,युवा खिलाड़ी ने मैच में धमाकेदार प्रदर्शन करते हुए लगातार अच्छा प्रदर्शन किया।,positive,tennis,paraphrase
7697,आज टीम दबाव में पूरी तरह बिखर गई।,negative,multi-sport,domain_context
7698,टूर्नामेंट के अहम चरण में कप्तान का क्वार्टरफाइनल में लचर खेल टीम पर भारी पड़ा।,negative,tennis,contextual
7699,आज भारतीय टीम ने मैच में जबरदस्त खेल दिखाकर मुकाबला अपने नाम कर लिया।,positive,kabaddi,contextual
7700,भारतीय टीम ने सेमीफाइनल में निराशाजनक प्रदर्शन किया और मुकाबला गंवा दिया।,negative,hockey,paraphrase
7701,खिलाड़ी के इवेंट में यादगार प्रदर्शन से टीम को फायदा हुआ।,positive,athletics,contextual
7702,लंबे ब्रेक के बाद खिलाड़ी का सेट में लचर खेल टीम पर भारी पड़ा।,negative,badminton,contextual
7703,आज खिलाड़ी ने प्लेऑफ में बेहतरीन खेल दिखाकर मुकाबला अपने नाम कर लिया।,positive,kabaddi,contextual
7704,मुकाबला लंबे ब्रेक के बाद आयोजित होगा और जोड़ी इसमें हिस्सा लेगा।,neutral,badminton,factual
7705,दबाव वाले मुकाबले में टेनिस स्टार ने क्वार्टरफाइनल में शानदार खेल दिखाकर दबदबा कायम रखा।,positive,tennis,contextual
7706,महत्वपूर्ण मौके पर भारत ने मैच में बेहतरीन खेल दिखाकर जीत दर्ज की।,positive,cricket,contextual
7707,महत्वपूर्ण मौके पर टेनिस स्टार ने सेट से पहले प्रशिक्षण पूरा किया।,neutral,tennis,domain_context
7708,टूर्नामेंट के अहम चरण में भारतीय शटलर ने मैच में धमाकेदार खेल दिखाकर दबदबा कायम रखा।,positive,badminton,contextual
7709,निर्णायक मैच में भारतीय खिलाड़ी ने मुकाबला में बेहतरीन खेल दिखाकर लगातार अच्छा प्रदर्शन किया।,positive,tennis,contextual
7710,युवा खिलाड़ी ने मैच में खराब प्रदर्शन किया और उम्मीदों पर खरी नहीं उतरी।,negative,tennis,paraphrase
7711,भारतीय खिलाड़ी ने सेट में बेहतरीन प्रदर्शन करते हुए दबदबा कायम रखा।,positive,tennis,paraphrase
7712,फॉरवर्ड ने सेमीफाइनल में यादगार प्रदर्शन करते हुए महत्वपूर्ण योगदान दिया।,positive,football,paraphrase
7713,प्रशंसकों के सामने फॉरवर्ड ने लीग मैच में कई आसान मौके गंवाए।,negative,hockey,domain_context
7714,कप्तान की फाइनल में निराशाजनक रणनीति काम नहीं आई।,negative,kabaddi,contextual
7715,लंबे ब्रेक के बाद चैंपियन ने गेम में धमाकेदार खेल दिखाकर लगातार अच्छा प्रदर्शन किया।,positive,badminton,contextual
7716,महत्वपूर्ण मौके पर डिफेंडर ने मुकाबला में कमाल का खेल दिखाकर मुकाबला अपने नाम कर लिया।,positive,football,contextual
7717,टूर्नामेंट के अहम चरण में गोलकीपर ने लीग मैच में जबरदस्त खेल दिखाकर जीत दर्ज की।,positive,football,contextual
7718,दबाव वाले मुकाबले में भारतीय धावक फाइनल से पहले प्रशिक्षण कर रहा है।,neutral,athletics,factual
7719,आज गेंदबाज ने ओवर से पहले प्रशिक्षण पूरा किया।,neutral,cricket,domain_context
7720,घरेलू मैदान पर भारतीय टीम ने मुकाबला में कई आसान मौके गंवाए।,negative,hockey,domain_context
7721,निर्णायक मैच में कप्तान ने फाइनल में लाजवाब खेल दिखाकर महत्वपूर्ण योगदान दिया।,positive,kabaddi,contextual
7722,प्रशंसकों के सामने भारतीय धावक ने प्रतियोगिता में यादगार खेल दिखाकर दबदबा कायम रखा।,positive,athletics,contextual
7723,हॉकी टीम सेमीफाइनल के लिए अगले दौर के लिए पहुंची।,neutral,hockey,neutral
7724,भारतीय धावक ने रेस में कमजोर खेल दिखाया और टीम को नुकसान हुआ।,negative,athletics,domain_context
7725,युवा शटलर ने सेट में बेअसर खेल दिखाया और टीम को नुकसान हुआ।,negative,badminton,domain_context
7726,लगातार तीसरे मैच में डिफेंडर ने सेमीफाइनल में बेहतरीन तालमेल के साथ जीत हासिल की।,positive,football,domain_context
7727,लंबे ब्रेक के बाद एथलीट का रेस में कमजोर खेल टीम पर भारी पड़ा।,negative,athletics,contextual
7728,कप्तान ने क्वार्टरफाइनल में बेअसर प्रदर्शन किया और बढ़त गंवा दी।,negative,tennis,paraphrase
7729,भारतीय टीम ने फाइनल में बेअसर प्रदर्शन किया और उम्मीदों पर खरी नहीं उतरी।,negative,football,paraphrase
7730,लगातार तीसरे मैच में भारत ने ओवर में उत्कृष्ट खेल दिखाकर जीत दर्ज की।,positive,cricket,contextual
7731,प्रशंसकों के सामने युवा खिलाड़ी ने क्वार्टरफाइनल में शानदार खेल दिखाकर दबदबा कायम रखा।,positive,tennis,contextual
7732,कप्तान ने मुकाबला में निराश करने वाला प्रदर्शन किया और उम्मीदों पर खरी नहीं उतरी।,negative,cricket,paraphrase
7733,इस मुकाबले में विकेटकीपर ने पारी में उत्कृष्ट खेल दिखाकर मुश्किल स्थिति से बाहर निकली।,positive,cricket,contextual
7734,फाइनल टूर्नामेंट के अहम चरण में आयोजित होगा और टेनिस स्टार इसमें हिस्सा लेगा।,neutral,tennis,factual
7735,भारतीय टीम की मुकाबला में बेअसर रणनीति काम नहीं आई।,negative,cricket,contextual
7736,लंबे ब्रेक के बाद युवा एथलीट रेस से पहले प्रशिक्षण कर रहा है।,neutral,athletics,factual
7737,फाइनल निर्णायक मैच में आयोजित होगा और युवा शटलर इसमें हिस्सा लेगा।,neutral,badminton,factual
7738,गोलकीपर ने मुकाबला में यादगार प्रदर्शन करते हुए जीत दर्ज की।,positive,football,paraphrase
7739,रन चेज इस मुकाबले में आयोजित होगा और विकेटकीपर इसमें हिस्सा लेगा।,neutral,cricket,factual
7740,प्रतियोगिता प्रशंसकों के सामने आयोजित होगा और धाविका इसमें हिस्सा लेगा।,neutral,athletics,factual
7741,युवा खिलाड़ी ने सेट में कमजोर प्रदर्शन किया और अपनी लय खो दी।,negative,tennis,paraphrase
7742,एथलीट दौड़ के लिए मैच के लिए रवाना हुई।,neutral,athletics,neutral
7743,प्रशंसकों के सामने युवा खिलाड़ी का सेट में खराब खेल टीम पर भारी पड़ा।,negative,tennis,contextual
7744,प्रशंसकों के सामने टूर्नामेंट का अगला चरण अगले सप्ताह शुरू होगा।,neutral,multi-sport,domain_context
7745,क्लब मैच के लिए मैच के लिए रवाना हुई।,neutral,football,neutral
7746,दबाव वाले मुकाबले में रेडर ने फाइनल में उत्कृष्ट खेल दिखाकर मुकाबला अपने नाम कर लिया।,positive,kabaddi,contextual
7747,रन चेज निर्णायक मैच में आयोजित होगा और विकेटकीपर इसमें हिस्सा लेगा।,neutral,cricket,factual
7748,फाइनल महत्वपूर्ण मौके पर आयोजित होगा और एथलीट इसमें हिस्सा लेगा।,neutral,athletics,factual
7749,टूर्नामेंट के अहम चरण में धाविका ने इवेंट में जबरदस्त खेल दिखाकर दबदबा कायम रखा।,positive,athletics,contextual
7750,फाइनल दबाव वाले मुकाबले में आयोजित होगा और युवा शटलर इसमें हिस्सा लेगा।,neutral,badminton,factual
7751,चैंपियन ने मैच में धमाकेदार प्रदर्शन करते हुए मुकाबला अपने नाम कर लिया।,positive,badminton,paraphrase
7752,धाविका रेस के लिए अगले दौर के लिए पहुंची।,neutral,athletics,neutral
7753,लगातार तीसरे मैच में धाविका का इवेंट में बेअसर खेल टीम पर भारी पड़ा।,negative,athletics,contextual
7754,लगातार तीसरे मैच में बल्लेबाज ने मुकाबला में बेहतरीन तालमेल के साथ जीत हासिल की।,positive,cricket,domain_context
7755,रेडर ने प्लेऑफ में बेअसर प्रदर्शन किया और दबाव में बिखर गई।,negative,kabaddi,paraphrase
7756,आज धाविका का दौड़ में लचर खेल टीम पर भारी पड़ा।,negative,athletics,contextual
7757,टूर्नामेंट के अहम चरण में गोलकीपर का फाइनल में निराश करने वाला खेल टीम पर भारी पड़ा।,negative,football,contextual
7758,भारतीय धावक की मेहनत से रेस में टीम का आत्मविश्वास बढ़ा।,positive,athletics,domain_context
7759,लगातार तीसरे मैच में डिफेंडर ने प्लेऑफ में शानदार खेल दिखाकर महत्वपूर्ण योगदान दिया।,positive,kabaddi,contextual
7760,निर्णायक मैच में डिफेंडर ने प्लेऑफ में कमाल का खेल दिखाकर मुकाबला अपने नाम कर लिया।,positive,kabaddi,contextual
7761,महत्वपूर्ण मौके पर भारतीय टीम ने लीग मैच में धमाकेदार खेल दिखाकर महत्वपूर्ण योगदान दिया।,positive,kabaddi,contextual
7762,इस मुकाबले में चैंपियन का फाइनल में लचर खेल टीम पर भारी पड़ा।,negative,badminton,contextual
7763,कप्तान सीरीज के लिए प्रशिक्षण जारी रखे हुए है।,neutral,cricket,neutral
7764,मुकाबला प्रशंसकों के सामने आयोजित होगा और फॉरवर्ड इसमें हिस्सा लेगा।,neutral,hockey,factual
7765,घरेलू मैदान पर भारत का सीरीज में लचर खेल टीम पर भारी पड़ा।,negative,cricket,contextual
7766,इस मुकाबले में डिफेंडर ने लीग मैच में लाजवाब खेल दिखाकर लगातार अच्छा प्रदर्शन किया।,positive,kabaddi,contextual
7767,युवा खिलाड़ी ने मैच में कमजोर प्रदर्शन किया और महत्वपूर्ण मौका गंवाया।,negative,tennis,paraphrase
7768,घरेलू मैदान पर धाविका प्रतियोगिता से पहले प्रशिक्षण कर रहा है।,neutral,athletics,factual
7769,टूर्नामेंट के अहम चरण में क्लब ने मुकाबला में धमाकेदार खेल दिखाकर दबदबा कायम रखा।,positive,football,contextual
7770,चैंपियन ने सेट में कमजोर प्रदर्शन किया और दबाव में बिखर गई।,negative,badminton,paraphrase
7771,निर्णायक मैच में डिफेंडर ने लीग मैच से पहले प्रशिक्षण पूरा किया।,neutral,kabaddi,domain_context
7772,निर्णायक मैच में खिलाड़ी रेस से पहले प्रशिक्षण कर रहा है।,neutral,athletics,factual
7773,निर्णायक मैच में युवा खिलाड़ी ने फाइनल में बेहतरीन खेल दिखाकर जीत दर्ज की।,positive,tennis,contextual
7774,लगातार तीसरे मैच में भारतीय टीम ने मुकाबला में धमाकेदार खेल दिखाकर मुश्किल स्थिति से बाहर निकली।,positive,football,contextual
7775,फॉरवर्ड सेमीफाइनल के लिए रणनीति पर चर्चा कर रही है।,neutral,hockey,neutral
7776,घरेलू मैदान पर भारतीय टीम ने फाइनल में बेहतरीन तालमेल के साथ जीत हासिल की।,positive,football,domain_context
7777,इस मुकाबले में कप्तान का फाइनल में कमजोर खेल टीम पर भारी पड़ा।,negative,tennis,contextual
7778,प्रशंसकों के सामने भारतीय धावक ने इवेंट में लाजवाब खेल दिखाकर दबदबा कायम रखा।,positive,athletics,contextual
7779,घरेलू मैदान पर हॉकी टीम का लीग मैच में खराब खेल टीम पर भारी पड़ा।,negative,hockey,contextual
7780,टूर्नामेंट के अहम चरण में भारत ने पारी से पहले प्रशिक्षण पूरा किया।,neutral,cricket,domain_context
7781,गोलकीपर ने मैच में खराब प्रदर्शन किया और महत्वपूर्ण मौका गंवाया।,negative,hockey,paraphrase
7782,सेट लंबे ब्रेक के बाद आयोजित होगा और भारतीय खिलाड़ी इसमें हिस्सा लेगा।,neutral,tennis,factual
7783,भारतीय धावक की चूक से फाइनल में टीम की स्थिति बिगड़ गई।,negative,athletics,domain_context
7784,महत्वपूर्ण मौके पर हॉकी टीम ने फाइनल में धमाकेदार खेल दिखाकर शानदार वापसी की।,positive,hockey,contextual
7785,टूर्नामेंट के अहम चरण में गेंदबाज ने मुकाबला में कमाल का खेल दिखाकर मुकाबला अपने नाम कर लिया।,positive,cricket,contextual
7786,दबाव वाले मुकाबले में चैंपियन का मैच में खराब खेल टीम पर भारी पड़ा।,negative,badminton,contextual
7787,निर्णायक मैच में गोलकीपर ने मैच में धमाकेदार खेल दिखाकर मुश्किल स्थिति से बाहर निकली।,positive,hockey,contextual
7788,महत्वपूर्ण मौके पर युवा शटलर ने मैच से पहले प्रशिक्षण पूरा किया।,neutral,badminton,domain_context
7789,घरेलू मैदान पर रेडर ने फाइनल में कई आसान मौके गंवाए।,negative,kabaddi,domain_context
7790,ओवर घरेलू मैदान पर आयोजित होगा और विकेटकीपर इसमें हिस्सा लेगा।,neutral,cricket,factual
7791,टूर्नामेंट के अहम चरण में भारतीय टीम का लीग मैच में कमजोर खेल टीम पर भारी पड़ा।,negative,kabaddi,contextual
7792,गेंदबाज ने सीरीज में निराश करने वाला प्रदर्शन किया और दबाव में बिखर गई।,negative,cricket,paraphrase
7793,टेनिस स्टार ने कठिन फाइनल में धैर्य रखते हुए सफलता हासिल की।,positive,tennis,domain_context
7794,कप्तान ने मैच में खराब प्रदर्शन किया और दबाव में बिखर गई।,negative,kabaddi,paraphrase
7795,इस मुकाबले में क्लब का लीग मैच में कमजोर खेल टीम पर भारी पड़ा।,negative,football,contextual
7796,महत्वपूर्ण मौके पर युवा एथलीट ने रेस में जबरदस्त खेल दिखाकर महत्वपूर्ण योगदान दिया।,positive,athletics,contextual
7797,कप्तान ने लीग मैच में लचर प्रदर्शन किया और मुकाबला गंवा दिया।,negative,kabaddi,paraphrase
7798,चैंपियन ने मैच के लिए यात्रा कार्यक्रम साझा किया।,neutral,badminton,domain_context
7799,लगातार तीसरे मैच में हॉकी टीम ने मुकाबला में जबरदस्त खेल दिखाकर लगातार अच्छा प्रदर्शन किया।,positive,hockey,contextual
7800,लगातार तीसरे मैच में डिफेंडर ने लीग मैच से पहले प्रशिक्षण पूरा किया।,neutral,kabaddi,domain_context
7801,कप्तान की फाइनल में कमजोर रणनीति काम नहीं आई।,negative,tennis,contextual
7802,फॉरवर्ड ने लीग मैच में निराश करने वाला प्रदर्शन किया और मुकाबला गंवा दिया।,negative,football,paraphrase
7803,घरेलू मैदान पर क्लब ने फाइनल में लाजवाब खेल दिखाकर शानदार वापसी की।,positive,football,contextual
7804,आज कप्तान का मुकाबला में लचर खेल टीम पर भारी पड़ा।,negative,football,contextual
7805,धाविका रेस के लिए अगले मुकाबले की तैयारी कर रही है।,neutral,athletics,neutral
7806,प्रशंसकों के सामने डिफेंडर का लीग मैच में फीका खेल टीम पर भारी पड़ा।,negative,kabaddi,contextual
7807,दबाव वाले मुकाबले में गोलकीपर सेमीफाइनल से पहले प्रशिक्षण कर रहा है।,neutral,hockey,factual
7808,आज फॉरवर्ड लीग मैच से पहले प्रशिक्षण कर रहा है।,neutral,hockey,factual
7809,आज धाविका ने रेस से पहले प्रशिक्षण पूरा किया।,neutral,athletics,domain_context
7810,आज गोलकीपर का सेमीफाइनल में बेअसर खेल टीम पर भारी पड़ा।,negative,football,contextual
7811,आज भारतीय खिलाड़ी ने मैच से पहले प्रशिक्षण पूरा किया।,neutral,tennis,domain_context
7812,सेट आज आयोजित होगा और टेनिस स्टार इसमें हिस्सा लेगा।,neutral,tennis,factual
7813,भारतीय टीम ने रन चेज में निराशाजनक खेल दिखाया और टीम को नुकसान हुआ।,negative,cricket,domain_context
7814,डिफेंडर ने फाइनल में निराशाजनक प्रदर्शन किया और बढ़त गंवा दी।,negative,kabaddi,paraphrase
7815,इस मुकाबले में खिलाड़ी ने मैच में शानदार खेल दिखाकर शानदार वापसी की।,positive,badminton,contextual
7816,चैंपियन की सेट में निराश करने वाला रणनीति काम नहीं आई।,negative,badminton,contextual
7817,प्रतियोगिता निर्णायक मैच में आयोजित होगा और युवा एथलीट इसमें हिस्सा लेगा।,neutral,athletics,factual
7818,इवेंट लगातार तीसरे मैच में आयोजित होगा और खिलाड़ी इसमें हिस्सा लेगा।,neutral,athletics,factual
7819,युवा एथलीट ने रेस में फीका प्रदर्शन किया और उम्मीदों पर खरी नहीं उतरी।,negative,athletics,paraphrase
7820,दबाव वाले मुकाबले में कप्तान का सेमीफाइनल में निराशाजनक खेल टीम पर भारी पड़ा।,negative,football,contextual
7821,इस मुकाबले में कप्तान फाइनल से पहले प्रशिक्षण कर रहा है।,neutral,tennis,factual
7822,इस मुकाबले में भारतीय शटलर ने गेम में उत्कृष्ट खेल दिखाकर मुकाबला अपने नाम कर लिया।,positive,badminton,contextual
7823,लगातार तीसरे मैच में भारत ने मुकाबला में बेहतरीन तालमेल के साथ जीत हासिल की।,positive,cricket,domain_context
7824,दबाव वाले मुकाबले में रेडर ने मुकाबला में जबरदस्त खेल दिखाकर महत्वपूर्ण योगदान दिया।,positive,kabaddi,contextual
7825,भारतीय टीम ने मैच में बेहतरीन प्रदर्शन करते हुए शानदार वापसी की।,positive,football,paraphrase
7826,दबाव वाले मुकाबले में डिफेंडर ने सेमीफाइनल में यादगार खेल दिखाकर मुकाबला अपने नाम कर लिया।,positive,hockey,contextual
7827,प्रशंसकों के सामने डिफेंडर मैच से पहले प्रशिक्षण कर रहा है।,neutral,football,factual
7828,क्वार्टरफाइनल महत्वपूर्ण मौके पर आयोजित होगा और युवा खिलाड़ी इसमें हिस्सा लेगा।,neutral,tennis,factual
7829,इस मुकाबले में डिफेंडर का मैच में लचर खेल टीम पर भारी पड़ा।,negative,hockey,contextual
7830,फॉरवर्ड ने सेमीफाइनल में धमाकेदार प्रदर्शन करते हुए दबदबा कायम रखा।,positive,hockey,paraphrase
7831,दबाव वाले मुकाबले में युवा खिलाड़ी का क्वार्टरफाइनल में खराब खेल टीम पर भारी पड़ा।,negative,tennis,contextual
7832,इस मुकाबले में भारतीय टीम ने प्लेऑफ में जबरदस्त खेल दिखाकर लगातार अच्छा प्रदर्शन किया।,positive,kabaddi,contextual
7833,लगातार तीसरे मैच में कप्तान का पारी में निराशाजनक खेल टीम पर भारी पड़ा।,negative,cricket,contextual
7834,दबाव वाले मुकाबले में चैंपियन ने सेट में शानदार खेल दिखाकर मुश्किल स्थिति से बाहर निकली।,positive,badminton,contextual
7835,मुकाबला प्रशंसकों के सामने आयोजित होगा और डिफेंडर इसमें हिस्सा लेगा।,neutral,football,factual
7836,लगातार तीसरे मैच में भारत ने पारी से पहले प्रशिक्षण पूरा किया।,neutral,cricket,domain_context
7837,फाइनल इस मुकाबले में आयोजित होगा और जोड़ी इसमें हिस्सा लेगा।,neutral,badminton,factual
7838,महत्वपूर्ण मौके पर हॉकी टीम ने सेमीफाइनल में यादगार खेल दिखाकर मुश्किल स्थिति से बाहर निकली।,positive,hockey,contextual
7839,लंबे ब्रेक के बाद भारतीय खिलाड़ी ने फाइनल में धमाकेदार खेल दिखाकर मुकाबला अपने नाम कर लिया।,positive,tennis,contextual
7840,आज कप्तान मुकाबला से पहले प्रशिक्षण कर रहा है।,neutral,football,factual
7841,युवा खिलाड़ी मैच के लिए टूर्नामेंट में हिस्सा ले रही है।,neutral,tennis,neutral
7842,निर्णायक मैच में युवा एथलीट ने दौड़ में जबरदस्त खेल दिखाकर लगातार अच्छा प्रदर्शन किया।,positive,athletics,contextual
7843,गोलकीपर ने मुकाबला में धमाकेदार प्रदर्शन करते हुए मुकाबला अपने नाम कर लिया।,positive,hockey,paraphrase
7844,घरेलू मैदान पर चैंपियन ने मैच में बेहतरीन खेल दिखाकर जीत दर्ज की।,positive,badminton,contextual
7845,धाविका की फाइनल में कमजोर रणनीति काम नहीं आई।,negative,athletics,contextual
7846,भारतीय खिलाड़ी ने क्वार्टरफाइनल में निराश करने वाला प्रदर्शन किया और अपनी लय खो दी।,negative,tennis,paraphrase
7847,कप्तान ने मैच के लिए नया अभ्यास कार्यक्रम शुरू किया।,neutral,kabaddi,domain_context
7848,प्रशंसकों के सामने टेनिस स्टार ने मुकाबला में बेहतरीन खेल दिखाकर जीत दर्ज की।,positive,tennis,contextual
7849,एथलीट ने फाइनल में खराब प्रदर्शन किया और अपनी लय खो दी।,negative,athletics,paraphrase
7850,मुकाबला महत्वपूर्ण मौके पर आयोजित होगा और भारतीय शटलर इसमें हिस्सा लेगा।,neutral,badminton,factual
7851,लंबे ब्रेक के बाद एथलीट का रेस में निराशाजनक खेल टीम पर भारी पड़ा।,negative,athletics,contextual
7852,महत्वपूर्ण मौके पर रेडर ने फाइनल से पहले प्रशिक्षण पूरा किया।,neutral,kabaddi,domain_context
7853,महत्वपूर्ण मौके पर कप्तान ने सीरीज से पहले प्रशिक्षण पूरा किया।,neutral,cricket,domain_context
7854,भारतीय खिलाड़ी मुकाबला के लिए प्रशिक्षण जारी रखे हुए है।,neutral,tennis,neutral
7855,ओवर घरेलू मैदान पर आयोजित होगा और भारत इसमें हिस्सा लेगा।,neutral,cricket,factual
7856,कप्तान की लीग मैच में असंगत रणनीति काम नहीं आई।,negative,kabaddi,contextual
7857,घरेलू मैदान पर खिलाड़ी ने फाइनल में जबरदस्त खेल दिखाकर महत्वपूर्ण योगदान दिया।,positive,tennis,contextual
7858,इस मुकाबले में विकेटकीपर का ओवर में असंगत खेल टीम पर भारी पड़ा।,negative,cricket,contextual
7859,घरेलू मैदान पर खिलाड़ी रेस से पहले प्रशिक्षण कर रहा है।,neutral,athletics,factual
7860,निर्णायक मैच में युवा खिलाड़ी ने फाइनल में शानदार खेल दिखाकर शानदार वापसी की।,positive,tennis,contextual
7861,निर्णायक मैच में डिफेंडर ने मुकाबला में जबरदस्त खेल दिखाकर दबदबा कायम रखा।,positive,hockey,contextual
7862,भारत ने पारी में बेअसर प्रदर्शन किया और महत्वपूर्ण मौका गंवाया।,negative,cricket,paraphrase
7863,डिफेंडर की चूक से मैच में टीम की स्थिति बिगड़ गई।,negative,kabaddi,domain_context
7864,कप्तान ने रन चेज में धमाकेदार प्रदर्शन करते हुए मुकाबला अपने नाम कर लिया।,positive,cricket,paraphrase
7865,युवा खिलाड़ी सेट के लिए रणनीति पर चर्चा कर रही है।,neutral,tennis,neutral
7866,लंबे ब्रेक के बाद फॉरवर्ड ने सेमीफाइनल में लाजवाब खेल दिखाकर महत्वपूर्ण योगदान दिया।,positive,football,contextual
7867,प्रशंसकों के सामने खिलाड़ी प्रतियोगिता से पहले प्रशिक्षण कर रहा है।,neutral,athletics,factual
7868,दबाव वाले मुकाबले में चैंपियन का मैच में कमजोर खेल टीम पर भारी पड़ा।,negative,badminton,contextual
7869,खिलाड़ी प्लेऑफ के लिए रणनीति पर चर्चा कर रही है।,neutral,kabaddi,neutral
7870,आज खिलाड़ी ने प्रतियोगिता से पहले प्रशिक्षण पूरा किया।,neutral,athletics,domain_context
7871,टूर्नामेंट के अहम चरण में गेंदबाज सीरीज से पहले प्रशिक्षण कर रहा है।,neutral,cricket,factual
7872,जोड़ी ने सेट में निराश करने वाला खेल दिखाया और टीम को नुकसान हुआ।,negative,badminton,domain_context
7873,एथलीट के रेस में धमाकेदार प्रदर्शन से टीम को फायदा हुआ।,positive,athletics,contextual
7874,रेडर फाइनल के लिए मैच के लिए रवाना हुई।,neutral,kabaddi,neutral
7875,कप्तान ने क्वार्टरफाइनल में लचर प्रदर्शन किया और बढ़त गंवा दी।,negative,tennis,paraphrase
7876,प्रशंसकों के सामने डिफेंडर ने लीग मैच में कमाल का खेल दिखाकर मुश्किल स्थिति से बाहर निकली।,positive,hockey,contextual
7877,कप्तान अगले लीग मैच से पहले कोच के साथ बैठक करेगा।,neutral,kabaddi,domain_context
7878,इस मुकाबले में खिलाड़ी ने रेस में कमाल का खेल दिखाकर मुकाबला अपने नाम कर लिया।,positive,athletics,contextual
7879,आज चैंपियन ने फाइनल में उत्कृष्ट खेल दिखाकर शानदार वापसी की।,positive,badminton,contextual
7880,लगातार तीसरे मैच में युवा खिलाड़ी ने क्वार्टरफाइनल से पहले प्रशिक्षण पूरा किया।,neutral,tennis,domain_context
7881,इस मुकाबले में खिलाड़ी ने सेट में उत्कृष्ट खेल दिखाकर जीत दर्ज की।,positive,badminton,contextual
7882,लंबे ब्रेक के बाद फॉरवर्ड ने सेमीफाइनल से पहले प्रशिक्षण पूरा किया।,neutral,hockey,domain_context
7883,महत्वपूर्ण मौके पर युवा शटलर ने फाइनल में कमाल का खेल दिखाकर महत्वपूर्ण योगदान दिया।,positive,badminton,contextual
7884,लगातार तीसरे मैच में खिलाड़ी ने मैच में शानदार खेल दिखाकर मुश्किल स्थिति से बाहर निकली।,positive,kabaddi,contextual
7885,लगातार तीसरे मैच में खिलाड़ी ने फाइनल में जबरदस्त खेल दिखाकर मुश्किल स्थिति से बाहर निकली।,positive,tennis,contextual
7886,फाइनल दबाव वाले मुकाबले में आयोजित होगा और खिलाड़ी इसमें हिस्सा लेगा।,neutral,badminton,factual
7887,फाइनल निर्णायक मैच में आयोजित होगा और चैंपियन इसमें हिस्सा लेगा।,neutral,badminton,factual
7888,दबाव वाले मुकाबले में भारतीय टीम ने पारी में उत्कृष्ट खेल दिखाकर मुश्किल स्थिति से बाहर निकली।,positive,cricket,contextual
7889,लगातार तीसरे मैच में कप्तान ने फाइनल में लाजवाब खेल दिखाकर लगातार अच्छा प्रदर्शन किया।,positive,kabaddi,contextual
7890,बल्लेबाज ने सीरीज में लचर प्रदर्शन किया और बढ़त गंवा दी।,negative,cricket,paraphrase
7891,एथलीट प्रतियोगिता के लिए टूर्नामेंट में हिस्सा ले रही है।,neutral,athletics,neutral
7892,कप्तान ने रन चेज में असंगत प्रदर्शन किया और उम्मीदों पर खरी नहीं उतरी।,negative,cricket,paraphrase
7893,लगातार तीसरे मैच में भारत ने मैच में बेहतरीन खेल दिखाकर मुश्किल स्थिति से बाहर निकली।,positive,cricket,contextual
7894,घरेलू मैदान पर टेनिस स्टार ने मैच में उत्कृष्ट खेल दिखाकर मुकाबला अपने नाम कर लिया।,positive,tennis,contextual
7895,घरेलू मैदान पर युवा शटलर मुकाबला से पहले प्रशिक्षण कर रहा है।,neutral,badminton,factual
7896,घरेलू मैदान पर गोलकीपर ने फाइनल में लाजवाब खेल दिखाकर मुकाबला अपने नाम कर लिया।,positive,football,contextual
7897,जोड़ी सेट के लिए मैच के लिए रवाना हुई।,neutral,badminton,neutral
7898,टूर्नामेंट के अहम चरण में खिलाड़ी का मुकाबला में बेअसर खेल टीम पर भारी पड़ा।,negative,kabaddi,contextual
7899,घरेलू मैदान पर फॉरवर्ड ने लीग मैच से पहले प्रशिक्षण पूरा किया।,neutral,hockey,domain_context
7900,प्रशंसकों के सामने रेडर ने प्लेऑफ में शानदार खेल दिखाकर महत्वपूर्ण योगदान दिया।,positive,kabaddi,contextual
7901,फाइनल महत्वपूर्ण मौके पर आयोजित होगा और भारतीय टीम इसमें हिस्सा लेगा।,neutral,football,factual
7902,हॉकी टीम अगले फाइनल से पहले कोच के साथ बैठक करेगा।,neutral,hockey,domain_context
7903,फॉरवर्ड ने सेमीफाइनल में निराशाजनक प्रदर्शन किया और उम्मीदों पर खरी नहीं उतरी।,negative,hockey,paraphrase
7904,लगातार तीसरे मैच में एथलीट ने रेस में धमाकेदार खेल दिखाकर जीत दर्ज की।,positive,athletics,contextual
7905,बल्लेबाज ने रन चेज में लचर प्रदर्शन किया और बढ़त गंवा दी।,negative,cricket,paraphrase
7906,कप्तान के मैच में यादगार प्रदर्शन से टीम को फायदा हुआ।,positive,kabaddi,contextual
7907,फॉरवर्ड लीग मैच के लिए प्रशिक्षण जारी रखे हुए है।,neutral,football,neutral
7908,बल्लेबाज ओवर के लिए टूर्नामेंट में हिस्सा ले रही है।,neutral,cricket,neutral
7909,महत्वपूर्ण मौके पर भारतीय टीम ने प्लेऑफ में शानदार खेल दिखाकर शानदार वापसी की।,positive,kabaddi,contextual
7910,भारतीय खिलाड़ी ने मैच में निराश करने वाला प्रदर्शन किया और दबाव में बिखर गई।,negative,tennis,paraphrase
7911,भारतीय टीम ने मुकाबला में बेअसर प्रदर्शन किया और मुकाबला गंवा दिया।,negative,cricket,paraphrase
7912,आज बल्लेबाज मुकाबला से पहले प्रशिक्षण कर रहा है।,neutral,cricket,factual
7913,पारी इस मुकाबले में आयोजित होगा और विकेटकीपर इसमें हिस्सा लेगा।,neutral,cricket,factual
7914,भारतीय शटलर ने गेम में उत्कृष्ट खेल दिखाया और टीम को जीत दिलाई।,positive,badminton,domain_context
7915,मैच प्रशंसकों के सामने आयोजित होगा और भारतीय खिलाड़ी इसमें हिस्सा लेगा।,neutral,tennis,factual
7916,भारतीय टीम ने सीरीज में धमाकेदार खेल दिखाया और टीम को जीत दिलाई।,positive,cricket,domain_context
7917,डिफेंडर की टीम सेमीफाइनल के लिए अपनी अंतिम सूची तैयार कर रही है।,neutral,hockey,domain_context
7918,महत्वपूर्ण मौके पर युवा एथलीट ने फाइनल में उत्कृष्ट खेल दिखाकर मुश्किल स्थिति से बाहर निकली।,positive,athletics,contextual
7919,टूर्नामेंट के अहम चरण में बल्लेबाज ने मैच में कमाल का खेल दिखाकर जीत दर्ज की।,positive,cricket,contextual
7920,निर्णायक मैच में फॉरवर्ड फाइनल से पहले प्रशिक्षण कर रहा है।,neutral,hockey,factual
7921,लगातार तीसरे मैच में कप्तान का ओवर में लचर खेल टीम पर भारी पड़ा।,negative,cricket,contextual
7922,दौड़ दबाव वाले मुकाबले में आयोजित होगा और खिलाड़ी इसमें हिस्सा लेगा।,neutral,athletics,factual
7923,आज फॉरवर्ड सेमीफाइनल से पहले प्रशिक्षण कर रहा है।,neutral,hockey,factual
7924,महत्वपूर्ण मौके पर भारतीय शटलर का फाइनल में निराश करने वाला खेल टीम पर भारी पड़ा।,negative,badminton,contextual
7925,इस मुकाबले में भारतीय टीम ने सेमीफाइनल में जबरदस्त खेल दिखाकर जीत दर्ज की।,positive,football,contextual
7926,प्रशंसकों के सामने भारतीय धावक ने फाइनल से पहले प्रशिक्षण पूरा किया।,neutral,athletics,domain_context
7927,धाविका ने रेस में लाजवाब प्रदर्शन करते हुए दबदबा कायम रखा।,positive,athletics,paraphrase
7928,दबाव वाले मुकाबले में कप्तान ने मुकाबला में लाजवाब खेल दिखाकर मुश्किल स्थिति से बाहर निकली।,positive,tennis,contextual
7929,मुकाबला निर्णायक मैच में आयोजित होगा और जोड़ी इसमें हिस्सा लेगा।,neutral,badminton,factual
7930,निर्णायक मैच में भारतीय शटलर ने सेट में धमाकेदार खेल दिखाकर शानदार वापसी की।,positive,badminton,contextual
7931,मैच आज आयोजित होगा और भारतीय टीम इसमें हिस्सा लेगा।,neutral,hockey,factual
7932,कप्तान ने लीग मैच में बेहतरीन खेल दिखाया और टीम को जीत दिलाई।,positive,kabaddi,domain_context
7933,प्रशंसकों के सामने गेंदबाज का मैच में लचर खेल टीम पर भारी पड़ा।,negative,cricket,contextual
7934,महत्वपूर्ण मौके पर गोलकीपर का लीग मैच में फीका खेल टीम पर भारी पड़ा।,negative,football,contextual
7935,दबाव वाले मुकाबले में भारतीय धावक ने इवेंट में बेहतरीन खेल दिखाकर लगातार अच्छा प्रदर्शन किया।,positive,athletics,contextual
7936,कप्तान मैच के लिए रणनीति पर चर्चा कर रही है।,neutral,kabaddi,neutral
7937,कल टीम ने मुकाबला अपने नाम कर लिया।,positive,multi-sport,domain_context
7938,युवा एथलीट की फाइनल में निराशाजनक रणनीति काम नहीं आई।,negative,athletics,contextual
7939,आज भारतीय टीम का मुकाबला में खराब खेल टीम पर भारी पड़ा।,negative,football,contextual
7940,चैंपियन गेम के लिए प्रशिक्षण जारी रखे हुए है।,neutral,badminton,neutral
7941,आज गेंदबाज ने रन चेज में धमाकेदार खेल दिखाकर शानदार वापसी की।,positive,cricket,contextual
7942,दबाव वाले मुकाबले में धाविका का रेस में खराब खेल टीम पर भारी पड़ा।,negative,athletics,contextual
7943,भारतीय टीम ने मुकाबला में निराशाजनक खेल दिखाया और टीम को नुकसान हुआ।,negative,football,domain_context
7944,भारतीय टीम ने रन चेज में खराब खेल दिखाया और टीम को नुकसान हुआ।,negative,cricket,domain_context
7945,प्रशंसकों के सामने गोलकीपर मैच से पहले प्रशिक्षण कर रहा है।,neutral,football,factual
7946,गोलकीपर ने सेमीफाइनल में बेअसर प्रदर्शन किया और मुकाबला गंवा दिया।,negative,football,paraphrase
7947,लंबे ब्रेक के बाद जोड़ी का फाइनल में कमजोर खेल टीम पर भारी पड़ा।,negative,badminton,contextual
7948,भारत ने पारी में बेअसर प्रदर्शन किया और बढ़त गंवा दी।,negative,cricket,paraphrase
7949,घरेलू मैदान पर एथलीट का रेस में बेअसर खेल टीम पर भारी पड़ा।,negative,athletics,contextual
7950,दबाव वाले मुकाबले में डिफेंडर का प्लेऑफ में कमजोर खेल टीम पर भारी पड़ा।,negative,kabaddi,contextual
7951,इवेंट आज आयोजित होगा और खिलाड़ी इसमें हिस्सा लेगा।,neutral,athletics,factual
7952,प्रशंसकों के सामने खिलाड़ी का गेम में निराशाजनक खेल टीम पर भारी पड़ा।,negative,badminton,contextual
7953,फॉरवर्ड ने मुकाबला में जबरदस्त प्रदर्शन करते हुए दबदबा कायम रखा।,positive,football,paraphrase
7954,फाइनल निर्णायक मैच में आयोजित होगा और हॉकी टीम इसमें हिस्सा लेगा।,neutral,hockey,factual
7955,प्रशंसकों के सामने भारत ने मैच में लाजवाब खेल दिखाकर महत्वपूर्ण योगदान दिया।,positive,cricket,contextual
7956,भारत पारी के लिए टूर्नामेंट में हिस्सा ले रही है।,neutral,cricket,neutral
7957,हॉकी टीम ने फाइनल में निराशाजनक प्रदर्शन किया और उम्मीदों पर खरी नहीं उतरी।,negative,hockey,paraphrase
7958,भारतीय टीम फाइनल के लिए अगले दौर के लिए पहुंची।,neutral,football,neutral
7959,इस मुकाबले में खिलाड़ी ने प्लेऑफ में कमाल का खेल दिखाकर शानदार वापसी की।,positive,kabaddi,contextual
7960,युवा एथलीट ने प्रतियोगिता में खराब प्रदर्शन किया और उम्मीदों पर खरी नहीं उतरी।,negative,athletics,paraphrase
7961,खिलाड़ी प्रतियोगिता के लिए रणनीति पर चर्चा कर रही है।,neutral,athletics,neutral
7962,टेनिस स्टार को मैच के लिए टीम में शामिल किया गया है।,neutral,tennis,domain_context
7963,इस मुकाबले में खिलाड़ी का मैच में खराब खेल टीम पर भारी पड़ा।,negative,kabaddi,contextual
7964,गोलकीपर अगले सेमीफाइनल से पहले कोच के साथ बैठक करेगा।,neutral,football,domain_context
7965,डिफेंडर को मुकाबला के लिए टीम में शामिल किया गया है।,neutral,hockey,domain_context
7966,मैच इस मुकाबले में आयोजित होगा और गोलकीपर इसमें हिस्सा लेगा।,neutral,football,factual
7967,हॉकी टीम की सेमीफाइनल में खराब रणनीति काम नहीं आई।,negative,hockey,contextual
7968,युवा खिलाड़ी ने मैच के लिए यात्रा कार्यक्रम साझा किया।,neutral,tennis,domain_context
7969,महत्वपूर्ण मौके पर युवा खिलाड़ी ने फाइनल में कमाल का खेल दिखाकर जीत दर्ज की।,positive,tennis,contextual
7970,दबाव वाले मुकाबले में डिफेंडर का मुकाबला में बेअसर खेल टीम पर भारी पड़ा।,negative,hockey,contextual
7971,फॉरवर्ड ने सेमीफाइनल में बेअसर प्रदर्शन किया और उम्मीदों पर खरी नहीं उतरी।,negative,hockey,paraphrase
7972,सीरीज प्रशंसकों के सामने आयोजित होगा और भारत इसमें हिस्सा लेगा।,neutral,cricket,factual
7973,गेम प्रशंसकों के सामने आयोजित होगा और जोड़ी इसमें हिस्सा लेगा।,neutral,badminton,factual
7974,प्रशंसकों के सामने हॉकी टीम ने फाइनल में कमाल का खेल दिखाकर मुश्किल स्थिति से बाहर निकली।,positive,hockey,contextual
7975,टूर्नामेंट के अहम चरण में कप्तान ने ओवर में बेहतरीन खेल दिखाकर शानदार वापसी की।,positive,cricket,contextual
7976,लगातार तीसरे मैच में खिलाड़ी ने प्रतियोगिता में बेहतरीन खेल दिखाकर जीत दर्ज की।,positive,athletics,contextual
7977,मैच दबाव वाले मुकाबले में आयोजित होगा और कप्तान इसमें हिस्सा लेगा।,neutral,football,factual
7978,मैच लंबे ब्रेक के बाद आयोजित होगा और युवा खिलाड़ी इसमें हिस्सा लेगा।,neutral,tennis,factual
7979,इस मुकाबले में रेडर ने प्लेऑफ से पहले प्रशिक्षण पूरा किया।,neutral,kabaddi,domain_context
7980,युवा शटलर मैच के लिए अभ्यास सत्र में शामिल हुई।,neutral,badminton,neutral
7981,भारतीय शटलर मुकाबला के लिए रणनीति पर चर्चा कर रही है।,neutral,badminton,neutral
7982,दबाव वाले मुकाबले में कप्तान का सेट में कमजोर खेल टीम पर भारी पड़ा।,negative,tennis,contextual
7983,दबाव वाले मुकाबले में गोलकीपर मुकाबला से पहले प्रशिक्षण कर रहा है।,neutral,hockey,factual
7984,मुकाबला टूर्नामेंट के अहम चरण में आयोजित होगा और रेडर इसमें हिस्सा लेगा।,neutral,kabaddi,factual
7985,भारतीय टीम ने ओवर में बेहतरीन प्रदर्शन करते हुए लगातार अच्छा प्रदर्शन किया।,positive,cricket,paraphrase
7986,लगातार तीसरे मैच में खिलाड़ी प्लेऑफ से पहले प्रशिक्षण कर रहा है।,neutral,kabaddi,factual
7987,इस मुकाबले में टेनिस स्टार ने सेट में उत्कृष्ट खेल दिखाकर मुकाबला अपने नाम कर लिया।,positive,tennis,contextual
7988,सेमीफाइनल प्रशंसकों के सामने आयोजित होगा और हॉकी टीम इसमें हिस्सा लेगा।,neutral,hockey,factual
7989,निर्णायक मैच में फॉरवर्ड का मुकाबला में खराब खेल टीम पर भारी पड़ा।,negative,hockey,contextual
7990,कप्तान क्वार्टरफाइनल के लिए रणनीति पर चर्चा कर रही है।,neutral,tennis,neutral
7991,"Aaj, India ne aaj zabardast comeback kiya.",positive,multi-sport,code_mixed
7992,आज जोड़ी मैच से पहले प्रशिक्षण कर रहा है।,neutral,badminton,factual
7993,महत्वपूर्ण मौके पर कप्तान ने मैच में यादगार खेल दिखाकर दबदबा कायम रखा।,positive,tennis,contextual
7994,टूर्नामेंट के अहम चरण में डिफेंडर ने सेमीफाइनल में कमाल का खेल दिखाकर लगातार अच्छा प्रदर्शन किया।,positive,hockey,contextual
7995,कप्तान ने मैच में फीका प्रदर्शन किया और उम्मीदों पर खरी नहीं उतरी।,negative,tennis,paraphrase
7996,महत्वपूर्ण मौके पर फॉरवर्ड ने फाइनल में उत्कृष्ट खेल दिखाकर शानदार वापसी की।,positive,hockey,contextual
7997,लगातार तीसरे मैच में चैंपियन का गेम में खराब खेल टीम पर भारी पड़ा।,negative,badminton,contextual
7998,महत्वपूर्ण मौके पर जोड़ी ने सेट में जबरदस्त खेल दिखाकर शानदार वापसी की।,positive,badminton,contextual
7999,दबाव वाले मुकाबले में गोलकीपर का मुकाबला में फीका खेल टीम पर भारी पड़ा।,negative,hockey,contextual
8000,भारतीय खिलाड़ी का कमजोर प्रदर्शन मुकाबला में हार का कारण बना।,negative,tennis,domain_context
8001,कप्तान ने लीग मैच में लचर प्रदर्शन किया और महत्वपूर्ण मौका गंवाया।,negative,football,paraphrase
8002,लंबे ब्रेक के बाद धाविका ने प्रतियोगिता में कमाल का खेल दिखाकर महत्वपूर्ण योगदान दिया।,positive,athletics,contextual
8003,निर्णायक मैच में डिफेंडर ने मैच में बेहतरीन खेल दिखाकर शानदार वापसी की।,positive,hockey,contextual
8004,घरेलू मैदान पर फॉरवर्ड ने लीग मैच में बेहतरीन खेल दिखाकर मुकाबला अपने नाम कर लिया।,positive,hockey,contextual
8005,कल कप्तान ने मैच से पहले रणनीति पर बात की।,neutral,multi-sport,domain_context
8006,आज डिफेंडर ने लीग मैच में लाजवाब खेल दिखाकर जीत दर्ज की।,positive,football,contextual
8007,महत्वपूर्ण मौके पर गोलकीपर ने फाइनल से पहले प्रशिक्षण पूरा किया।,neutral,hockey,domain_context
8008,लगातार तीसरे मैच में खिलाड़ी ने फाइनल में कमाल का खेल दिखाकर जीत दर्ज की।,positive,badminton,contextual
8009,टूर्नामेंट के अहम चरण में युवा खिलाड़ी मुकाबला से पहले प्रशिक्षण कर रहा है।,neutral,tennis,factual
8010,गेंदबाज ने पारी में असंगत प्रदर्शन किया और अपनी लय खो दी।,negative,cricket,paraphrase
8011,दबाव वाले मुकाबले में डिफेंडर ने मैच में शानदार खेल दिखाकर शानदार वापसी की।,positive,kabaddi,contextual
8012,टूर्नामेंट के अहम चरण में खिलाड़ी का रेस में कमजोर खेल टीम पर भारी पड़ा।,negative,athletics,contextual
8013,टूर्नामेंट के अहम चरण में भारतीय धावक ने प्रतियोगिता में उत्कृष्ट खेल दिखाकर मुकाबला अपने नाम कर लिया।,positive,athletics,contextual
8014,टूर्नामेंट के अहम चरण में भारतीय टीम लीग मैच से पहले प्रशिक्षण कर रहा है।,neutral,football,factual
8015,लगातार तीसरे मैच में कप्तान का मुकाबला में कमजोर खेल टीम पर भारी पड़ा।,negative,tennis,contextual
8016,दबाव वाले मुकाबले में फॉरवर्ड ने फाइनल में कमाल का खेल दिखाकर मुकाबला अपने नाम कर लिया।,positive,hockey,contextual
8017,चैंपियन फाइनल के लिए प्रशिक्षण जारी रखे हुए है।,neutral,badminton,neutral
8018,प्रशंसकों के सामने डिफेंडर ने सेमीफाइनल में लाजवाब खेल दिखाकर लगातार अच्छा प्रदर्शन किया।,positive,football,contextual
8019,रेडर प्लेऑफ के लिए रणनीति पर चर्चा कर रही है।,neutral,kabaddi,neutral
8020,रेडर मैच के लिए अभ्यास सत्र में शामिल हुई।,neutral,kabaddi,neutral
8021,टेनिस स्टार की फाइनल में निराशाजनक रणनीति काम नहीं आई।,negative,tennis,contextual
8022,महत्वपूर्ण मौके पर गेंदबाज ने रन चेज में उत्कृष्ट खेल दिखाकर शानदार वापसी की।,positive,cricket,contextual
8023,घरेलू मैदान पर भारतीय खिलाड़ी का सेट में फीका खेल टीम पर भारी पड़ा।,negative,tennis,contextual
8024,लगातार तीसरे मैच में भारतीय टीम पारी से पहले प्रशिक्षण कर रहा है।,neutral,cricket,factual
8025,खिलाड़ी ने सेट में फीका प्रदर्शन किया और लगातार गलतियां कीं।,negative,badminton,paraphrase
8026,खिलाड़ी ने मैच में जबरदस्त प्रदर्शन करते हुए मुश्किल स्थिति से बाहर निकली।,positive,badminton,paraphrase
8027,घरेलू मैदान पर गोलकीपर का मैच में फीका खेल टीम पर भारी पड़ा।,negative,football,contextual
8028,दौड़ आज आयोजित होगा और खिलाड़ी इसमें हिस्सा लेगा।,neutral,athletics,factual
8029,आज भारतीय टीम ने मुकाबला से पहले प्रशिक्षण पूरा किया।,neutral,hockey,domain_context
8030,आज कप्तान ने सेमीफाइनल में यादगार खेल दिखाकर दबदबा कायम रखा।,positive,football,contextual
8031,लगातार तीसरे मैच में हॉकी टीम का लीग मैच में निराशाजनक खेल टीम पर भारी पड़ा।,negative,hockey,contextual
8032,बल्लेबाज ने रन चेज में निराश करने वाला प्रदर्शन किया और दबाव में बिखर गई।,negative,cricket,paraphrase
8033,प्लेऑफ लंबे ब्रेक के बाद आयोजित होगा और डिफेंडर इसमें हिस्सा लेगा।,neutral,kabaddi,factual
8034,आज धाविका ने रेस में जबरदस्त खेल दिखाकर जीत दर्ज की।,positive,athletics,contextual
8035,लगातार तीसरे मैच में खिलाड़ी रेस से पहले प्रशिक्षण कर रहा है।,neutral,athletics,factual
8036,धाविका प्रतियोगिता के लिए प्रशिक्षण जारी रखे हुए है।,neutral,athletics,neutral
8037,भारत मुकाबला के लिए अगले मुकाबले की तैयारी कर रही है।,neutral,cricket,neutral
8038,आज चैंपियन ने गेम से पहले प्रशिक्षण पूरा किया।,neutral,badminton,domain_context
8039,घरेलू मैदान पर कप्तान ने मुकाबला में कमाल का खेल दिखाकर जीत दर्ज की।,positive,tennis,contextual
8040,घरेलू मैदान पर युवा एथलीट ने फाइनल में यादगार खेल दिखाकर जीत दर्ज की।,positive,athletics,contextual
8041,महत्वपूर्ण मौके पर भारतीय टीम प्लेऑफ से पहले प्रशिक्षण कर रहा है।,neutral,kabaddi,factual
8042,टूर्नामेंट के अहम चरण में फॉरवर्ड ने फाइनल में लाजवाब खेल दिखाकर मुश्किल स्थिति से बाहर निकली।,positive,football,contextual
8043,युवा शटलर को फाइनल के लिए टीम में शामिल किया गया है।,neutral,badminton,domain_context
8044,दबाव वाले मुकाबले में भारतीय शटलर ने गेम में जबरदस्त खेल दिखाकर लगातार अच्छा प्रदर्शन किया।,positive,badminton,contextual
8045,महत्वपूर्ण मौके पर जोड़ी का मुकाबला में बेअसर खेल टीम पर भारी पड़ा।,negative,badminton,contextual
8046,लंबे ब्रेक के बाद गोलकीपर मैच से पहले प्रशिक्षण कर रहा है।,neutral,football,factual
8047,टूर्नामेंट के अहम चरण में डिफेंडर ने लीग मैच में लाजवाब खेल दिखाकर लगातार अच्छा प्रदर्शन किया।,positive,football,contextual
8048,गोलकीपर ने फाइनल में निराश करने वाला प्रदर्शन किया और अपनी लय खो दी।,negative,hockey,paraphrase
8049,इस मुकाबले में हॉकी टीम ने फाइनल से पहले प्रशिक्षण पूरा किया।,neutral,hockey,domain_context
8050,कप्तान सेट के लिए प्रशिक्षण जारी रखे हुए है।,neutral,tennis,neutral
8051,गोलकीपर ने मुकाबला में बेअसर प्रदर्शन किया और उम्मीदों पर खरी नहीं उतरी।,negative,football,paraphrase
8052,आज युवा शटलर ने गेम में जबरदस्त खेल दिखाकर दबदबा कायम रखा।,positive,badminton,contextual
8053,दबाव वाले मुकाबले में युवा शटलर गेम से पहले प्रशिक्षण कर रहा है।,neutral,badminton,factual
8054,निर्णायक मैच में क्लब ने मुकाबला में उत्कृष्ट खेल दिखाकर लगातार अच्छा प्रदर्शन किया।,positive,football,contextual
8055,निर्णायक मैच में युवा एथलीट ने इवेंट से पहले प्रशिक्षण पूरा किया।,neutral,athletics,domain_context
8056,टूर्नामेंट के अहम चरण में युवा खिलाड़ी ने सेट में उत्कृष्ट खेल दिखाकर लगातार अच्छा प्रदर्शन किया।,positive,tennis,contextual
8057,प्लेऑफ घरेलू मैदान पर आयोजित होगा और खिलाड़ी इसमें हिस्सा लेगा।,neutral,kabaddi,factual
8058,एथलीट ने इवेंट में खराब प्रदर्शन किया और मुकाबला गंवा दिया।,negative,athletics,paraphrase
8059,महत्वपूर्ण मौके पर युवा एथलीट का फाइनल में असंगत खेल टीम पर भारी पड़ा।,negative,athletics,contextual
8060,घरेलू मैदान पर टेनिस स्टार ने मैच में कई आसान मौके गंवाए।,negative,tennis,domain_context
8061,दबाव वाले मुकाबले में जोड़ी ने मैच में बेहतरीन खेल दिखाकर मुकाबला अपने नाम कर लिया।,positive,badminton,contextual
8062,टूर्नामेंट के अहम चरण में फॉरवर्ड ने लीग मैच में यादगार खेल दिखाकर दबदबा कायम रखा।,positive,hockey,contextual
8063,कप्तान ने फाइनल में कमजोर प्रदर्शन किया और दबाव में बिखर गई।,negative,kabaddi,paraphrase
8064,मुकाबला टूर्नामेंट के अहम चरण में आयोजित होगा और चैंपियन इसमें हिस्सा लेगा।,neutral,badminton,factual
8065,महत्वपूर्ण मौके पर गेंदबाज ने ओवर में बेहतरीन खेल दिखाकर महत्वपूर्ण योगदान दिया।,positive,cricket,contextual
8066,दबाव वाले मुकाबले में युवा शटलर ने गेम में शानदार खेल दिखाकर मुश्किल स्थिति से बाहर निकली।,positive,badminton,contextual
8067,निर्णायक मैच में भारतीय धावक का इवेंट में खराब खेल टीम पर भारी पड़ा।,negative,athletics,contextual
8068,भारतीय खिलाड़ी की मुकाबला में खराब रणनीति काम नहीं आई।,negative,tennis,contextual
8069,कप्तान ने मुकाबला में निराश करने वाला प्रदर्शन किया और लगातार गलतियां कीं।,negative,cricket,paraphrase
8070,इस मुकाबले में विकेटकीपर का ओवर में बेअसर खेल टीम पर भारी पड़ा।,negative,cricket,contextual
8071,भारतीय टीम ने रन चेज में निराश करने वाला प्रदर्शन किया और बढ़त गंवा दी।,negative,cricket,paraphrase
8072,निर्णायक मैच में कप्तान का मैच में असंगत खेल टीम पर भारी पड़ा।,negative,tennis,contextual
8073,महत्वपूर्ण मौके पर गेंदबाज का सीरीज में बेअसर खेल टीम पर भारी पड़ा।,negative,cricket,contextual
8074,घरेलू मैदान पर डिफेंडर ने फाइनल में उत्कृष्ट खेल दिखाकर मुश्किल स्थिति से बाहर निकली।,positive,hockey,contextual
8075,टूर्नामेंट के अहम चरण में गोलकीपर ने मैच से पहले प्रशिक्षण पूरा किया।,neutral,hockey,domain_context
8076,फाइनल प्रशंसकों के सामने आयोजित होगा और टेनिस स्टार इसमें हिस्सा लेगा।,neutral,tennis,factual
8077,प्रशंसकों के सामने खिलाड़ी ने इवेंट में कमाल का खेल दिखाकर शानदार वापसी की।,positive,athletics,contextual
8078,लगातार तीसरे मैच में खिलाड़ी का सेट में असंगत खेल टीम पर भारी पड़ा।,negative,tennis,contextual
8079,प्रशंसकों के सामने कप्तान लीग मैच से पहले प्रशिक्षण कर रहा है।,neutral,football,factual
8080,मैच लंबे ब्रेक के बाद आयोजित होगा और बल्लेबाज इसमें हिस्सा लेगा।,neutral,cricket,factual
8081,टूर्नामेंट के अहम चरण में खिलाड़ी ने गेम से पहले प्रशिक्षण पूरा किया।,neutral,badminton,domain_context
8082,मैच निर्णायक मैच में आयोजित होगा और गोलकीपर इसमें हिस्सा लेगा।,neutral,football,factual
8083,खिलाड़ी की फाइनल में असंगत रणनीति काम नहीं आई।,negative,athletics,contextual
8084,लगातार तीसरे मैच में भारतीय शटलर ने मैच में शानदार खेल दिखाकर दबदबा कायम रखा।,positive,badminton,contextual
8085,खिलाड़ी ने दौड़ में असंगत प्रदर्शन किया और दबाव में बिखर गई।,negative,athletics,paraphrase
8086,चैंपियन ने सेट में कमजोर प्रदर्शन किया और मुकाबला गंवा दिया।,negative,badminton,paraphrase
8087,आज खिलाड़ी ने फाइनल में यादगार खेल दिखाकर महत्वपूर्ण योगदान दिया।,positive,tennis,contextual
8088,चैंपियन ने सेट में निराश करने वाला प्रदर्शन किया और दबाव में बिखर गई।,negative,badminton,paraphrase
8089,आज डिफेंडर ने मैच में यादगार खेल दिखाकर जीत दर्ज की।,positive,kabaddi,contextual
8090,निर्णायक मैच में विकेटकीपर का मैच में असंगत खेल टीम पर भारी पड़ा।,negative,cricket,contextual
8091,दबाव वाले मुकाबले में गोलकीपर का सेमीफाइनल में बेअसर खेल टीम पर भारी पड़ा।,negative,football,contextual
8092,लगातार तीसरे मैच में गेंदबाज ने रन चेज में बेहतरीन खेल दिखाकर मुश्किल स्थिति से बाहर निकली।,positive,cricket,contextual
8093,प्लेऑफ लगातार तीसरे मैच में आयोजित होगा और खिलाड़ी इसमें हिस्सा लेगा।,neutral,kabaddi,factual
8094,लीग मैच टूर्नामेंट के अहम चरण में आयोजित होगा और कप्तान इसमें हिस्सा लेगा।,neutral,football,factual
8095,क्लब ने लीग मैच में कमजोर प्रदर्शन किया और उम्मीदों पर खरी नहीं उतरी।,negative,football,paraphrase
8096,घरेलू मैदान पर डिफेंडर का सेमीफाइनल में असंगत खेल टीम पर भारी पड़ा।,negative,football,contextual
8097,भारतीय टीम ने कठिन रन चेज में धैर्य रखते हुए सफलता हासिल की।,positive,cricket,domain_context
8098,दबाव वाले मुकाबले में युवा शटलर ने मैच में कमाल का खेल दिखाकर मुश्किल स्थिति से बाहर निकली।,positive,badminton,contextual
8099,आज कप्तान ने रन चेज में यादगार खेल दिखाकर लगातार अच्छा प्रदर्शन किया।,positive,cricket,contextual
8100,आज गेंदबाज ने रन चेज में धमाकेदार खेल दिखाकर मुश्किल स्थिति से बाहर निकली।,positive,cricket,contextual
8101,इस मुकाबले में चैंपियन मैच से पहले प्रशिक्षण कर रहा है।,neutral,badminton,factual
8102,इस मुकाबले में टेनिस स्टार ने सेट में बेहतरीन खेल दिखाकर जीत दर्ज की।,positive,tennis,contextual
8103,लंबे ब्रेक के बाद कप्तान ने मुकाबला में बेहतरीन खेल दिखाकर जीत दर्ज की।,positive,football,contextual
8104,टूर्नामेंट के अहम चरण में कप्तान ने मैच में लाजवाब खेल दिखाकर दबदबा कायम रखा।,positive,tennis,contextual
8105,प्रशंसकों के सामने कप्तान ने सेमीफाइनल में जबरदस्त खेल दिखाकर मुश्किल स्थिति से बाहर निकली।,positive,football,contextual
8106,फाइनल इस मुकाबले में आयोजित होगा और युवा एथलीट इसमें हिस्सा लेगा।,neutral,athletics,factual
8107,लंबे ब्रेक के बाद गोलकीपर ने फाइनल में शानदार खेल दिखाकर दबदबा कायम रखा।,positive,hockey,contextual
8108,महत्वपूर्ण मौके पर फॉरवर्ड ने सेमीफाइनल में उत्कृष्ट खेल दिखाकर दबदबा कायम रखा।,positive,hockey,contextual
8109,निर्णायक मैच में खिलाड़ी ने फाइनल में लाजवाब खेल दिखाकर मुकाबला अपने नाम कर लिया।,positive,kabaddi,contextual
8110,लगातार तीसरे मैच में खिलाड़ी ने प्लेऑफ में शानदार खेल दिखाकर जीत दर्ज की।,positive,kabaddi,contextual
8111,आज गेंदबाज का मैच में बेअसर खेल टीम पर भारी पड़ा।,negative,cricket,contextual
8112,टूर्नामेंट के अहम चरण में रेडर ने फाइनल में यादगार खेल दिखाकर दबदबा कायम रखा।,positive,kabaddi,contextual
8113,लंबे ब्रेक के बाद गोलकीपर का लीग मैच में खराब खेल टीम पर भारी पड़ा।,negative,hockey,contextual
8114,भारतीय शटलर की मैच में कमजोर रणनीति काम नहीं आई।,negative,badminton,contextual
8115,भारतीय टीम ने सीरीज के लिए नया अभ्यास कार्यक्रम शुरू किया।,neutral,cricket,domain_context
8116,पारी घरेलू मैदान पर आयोजित होगा और गेंदबाज इसमें हिस्सा लेगा।,neutral,cricket,factual
8117,लंबे ब्रेक के बाद फॉरवर्ड ने फाइनल में कमाल का खेल दिखाकर मुश्किल स्थिति से बाहर निकली।,positive,football,contextual
8118,निर्णायक मैच में भारत का सीरीज में निराशाजनक खेल टीम पर भारी पड़ा।,negative,cricket,contextual
8119,भारतीय टीम ने सेमीफाइनल में निराश करने वाला प्रदर्शन किया और अपनी लय खो दी।,negative,hockey,paraphrase
8120,क्लब ने मैच में निराश करने वाला प्रदर्शन किया और मुकाबला गंवा दिया।,negative,football,paraphrase
8121,भारतीय टीम मैच के लिए अभ्यास सत्र में शामिल हुई।,neutral,football,neutral
8122,डिफेंडर ने मुकाबला में निराश करने वाला प्रदर्शन किया और अपनी लय खो दी।,negative,hockey,paraphrase
8123,आज टीम ने जीत का सुनहरा मौका गंवा दिया।,negative,multi-sport,domain_context
8124,इस मुकाबले में कप्तान ने सेमीफाइनल में कमाल का खेल दिखाकर शानदार वापसी की।,positive,football,contextual
8125,घरेलू मैदान पर भारत ने मैच में लाजवाब खेल दिखाकर जीत दर्ज की।,positive,cricket,contextual
8126,मुकाबला टूर्नामेंट के अहम चरण में आयोजित होगा और क्लब इसमें हिस्सा लेगा।,neutral,football,factual
8127,भारतीय खिलाड़ी ने सेट में निराशाजनक प्रदर्शन किया और मुकाबला गंवा दिया।,negative,tennis,paraphrase
8128,फॉरवर्ड ने लीग मैच में लाजवाब प्रदर्शन करते हुए मुश्किल स्थिति से बाहर निकली।,positive,football,paraphrase
8129,चैंपियन की मुकाबला में निराश करने वाला रणनीति काम नहीं आई।,negative,badminton,contextual
8130,आज खिलाड़ी का मैच में निराशाजनक खेल टीम पर भारी पड़ा।,negative,tennis,contextual
8131,एथलीट ने दौड़ में बेअसर प्रदर्शन किया और उम्मीदों पर खरी नहीं उतरी।,negative,athletics,paraphrase
8132,भारत ने सीरीज में असंगत खेल दिखाया और टीम को नुकसान हुआ।,negative,cricket,domain_context
8133,लंबे ब्रेक के बाद विकेटकीपर का सीरीज में खराब खेल टीम पर भारी पड़ा।,negative,cricket,contextual
8134,रेडर ने प्लेऑफ के दौरान लगातार गलत फैसले लिए।,negative,kabaddi,domain_context
8135,आज धाविका का इवेंट में फीका खेल टीम पर भारी पड़ा।,negative,athletics,contextual
8136,क्लब अगले लीग मैच से पहले कोच के साथ बैठक करेगा।,neutral,football,domain_context
8137,प्रशंसकों के सामने गेंदबाज ने सीरीज से पहले प्रशिक्षण पूरा किया।,neutral,cricket,domain_context
8138,गेम निर्णायक मैच में आयोजित होगा और युवा शटलर इसमें हिस्सा लेगा।,neutral,badminton,factual
8139,टूर्नामेंट के अहम चरण में भारतीय खिलाड़ी ने सेट में कमाल का खेल दिखाकर जीत दर्ज की।,positive,tennis,contextual
8140,निर्णायक मैच में क्लब ने सेमीफाइनल में बेहतरीन खेल दिखाकर दबदबा कायम रखा।,positive,football,contextual
8141,प्लेऑफ लगातार तीसरे मैच में आयोजित होगा और डिफेंडर इसमें हिस्सा लेगा।,neutral,kabaddi,factual
8142,घरेलू मैदान पर चैंपियन ने फाइनल में कमाल का खेल दिखाकर जीत दर्ज की।,positive,badminton,contextual
8143,प्रशंसकों के सामने बल्लेबाज ने मुकाबला में शानदार खेल दिखाकर शानदार वापसी की।,positive,cricket,contextual
8144,लगातार तीसरे मैच में भारत का ओवर में बेअसर खेल टीम पर भारी पड़ा।,negative,cricket,contextual
8145,लंबे ब्रेक के बाद कप्तान ने सेमीफाइनल में जबरदस्त खेल दिखाकर लगातार अच्छा प्रदर्शन किया।,positive,football,contextual
8146,घरेलू मैदान पर भारत का पारी में असंगत खेल टीम पर भारी पड़ा।,negative,cricket,contextual
8147,लगातार तीसरे मैच में डिफेंडर ने फाइनल से पहले प्रशिक्षण पूरा किया।,neutral,kabaddi,domain_context
8148,निर्णायक मैच में चैंपियन ने फाइनल में जबरदस्त खेल दिखाकर लगातार अच्छा प्रदर्शन किया।,positive,badminton,contextual
8149,टेनिस स्टार की सेट में निराश करने वाला रणनीति काम नहीं आई।,negative,tennis,contextual
8150,दबाव वाले मुकाबले में भारतीय धावक ने रेस से पहले प्रशिक्षण पूरा किया।,neutral,athletics,domain_context
8151,मैच आज आयोजित होगा और बल्लेबाज इसमें हिस्सा लेगा।,neutral,cricket,factual
8152,आज भारत का मैच में खराब खेल टीम पर भारी पड़ा।,negative,cricket,contextual
8153,टूर्नामेंट के अहम चरण में भारतीय शटलर मैच से पहले प्रशिक्षण कर रहा है।,neutral,badminton,factual
8154,निर्णायक मैच में भारतीय शटलर फाइनल से पहले प्रशिक्षण कर रहा है।,neutral,badminton,factual
8155,कप्तान ने प्लेऑफ में फीका प्रदर्शन किया और अपनी लय खो दी।,negative,kabaddi,paraphrase
8156,इस मुकाबले में युवा एथलीट फाइनल से पहले प्रशिक्षण कर रहा है।,neutral,athletics,factual
8157,रेस महत्वपूर्ण मौके पर आयोजित होगा और युवा एथलीट इसमें हिस्सा लेगा।,neutral,athletics,factual
8158,फाइनल टूर्नामेंट के अहम चरण में आयोजित होगा और भारतीय धावक इसमें हिस्सा लेगा।,neutral,athletics,factual
8159,आज भारत का मुकाबला में असंगत खेल टीम पर भारी पड़ा।,negative,cricket,contextual
8160,कप्तान ने लीग मैच में कमजोर प्रदर्शन किया और लगातार गलतियां कीं।,negative,kabaddi,paraphrase
8161,फॉरवर्ड ने मैच में बेअसर प्रदर्शन किया और बढ़त गंवा दी।,negative,hockey,paraphrase
8162,हॉकी टीम ने मैच में निराश करने वाला प्रदर्शन किया और उम्मीदों पर खरी नहीं उतरी।,negative,hockey,paraphrase
8163,कप्तान ने सेट में निराशाजनक प्रदर्शन किया और बढ़त गंवा दी।,negative,tennis,paraphrase
8164,प्रशंसकों के सामने भारत मैच से पहले प्रशिक्षण कर रहा है।,neutral,cricket,factual
8165,आज टीम ने अगले मुकाबले की तैयारी शुरू कर दी।,neutral,multi-sport,domain_context
8166,सेट टूर्नामेंट के अहम चरण में आयोजित होगा और भारतीय शटलर इसमें हिस्सा लेगा।,neutral,badminton,factual
8167,लंबे ब्रेक के बाद टेनिस स्टार ने सेट में यादगार खेल दिखाकर शानदार वापसी की।,positive,tennis,contextual
8168,लंबे ब्रेक के बाद एथलीट ने इवेंट में जबरदस्त खेल दिखाकर मुकाबला अपने नाम कर लिया।,positive,athletics,contextual
8169,लगातार तीसरे मैच में भारतीय धावक रेस से पहले प्रशिक्षण कर रहा है।,neutral,athletics,factual
8170,निर्णायक मैच में धाविका ने दौड़ में धमाकेदार खेल दिखाकर जीत दर्ज की।,positive,athletics,contextual
8171,निर्णायक मैच में एथलीट फाइनल से पहले प्रशिक्षण कर रहा है।,neutral,athletics,factual
8172,गेम लगातार तीसरे मैच में आयोजित होगा और भारतीय शटलर इसमें हिस्सा लेगा।,neutral,badminton,factual
8173,घरेलू मैदान पर डिफेंडर का सेमीफाइनल में निराश करने वाला खेल टीम पर भारी पड़ा।,negative,hockey,contextual
8174,लंबे ब्रेक के बाद कप्तान का ओवर में बेअसर खेल टीम पर भारी पड़ा।,negative,cricket,contextual
8175,निर्णायक मैच में धाविका ने प्रतियोगिता में कई आसान मौके गंवाए।,negative,athletics,domain_context
8176,लगातार तीसरे मैच में खिलाड़ी का फाइनल में बेअसर खेल टीम पर भारी पड़ा।,negative,athletics,contextual
8177,इस मुकाबले में डिफेंडर का फाइनल में खराब खेल टीम पर भारी पड़ा।,negative,hockey,contextual
8178,इस मुकाबले में हॉकी टीम का फाइनल में लचर खेल टीम पर भारी पड़ा।,negative,hockey,contextual
8179,टूर्नामेंट के अहम चरण में टेनिस स्टार ने मैच से पहले प्रशिक्षण पूरा किया।,neutral,tennis,domain_context
8180,आज डिफेंडर का प्लेऑफ में निराशाजनक खेल टीम पर भारी पड़ा।,negative,kabaddi,contextual
8181,मैच निर्णायक मैच में आयोजित होगा और खिलाड़ी इसमें हिस्सा लेगा।,neutral,badminton,factual
8182,इस मुकाबले में भारतीय टीम का लीग मैच में निराश करने वाला खेल टीम पर भारी पड़ा।,negative,kabaddi,contextual
8183,दबाव वाले मुकाबले में बल्लेबाज ने सीरीज में कमाल का खेल दिखाकर शानदार वापसी की।,positive,cricket,contextual
8184,कप्तान ने रन चेज में निराश करने वाला प्रदर्शन किया और मुकाबला गंवा दिया।,negative,cricket,paraphrase
8185,आज कप्तान ने सेट में जबरदस्त खेल दिखाकर लगातार अच्छा प्रदर्शन किया।,positive,tennis,contextual
8186,भारतीय टीम ने मैच में कमजोर प्रदर्शन किया और बढ़त गंवा दी।,negative,cricket,paraphrase
8187,दबाव वाले मुकाबले में युवा शटलर ने गेम में जबरदस्त खेल दिखाकर जीत दर्ज की।,positive,badminton,contextual
8188,आज कप्तान ने मैच में कमाल का खेल दिखाकर महत्वपूर्ण योगदान दिया।,positive,football,contextual
8189,मुकाबला दबाव वाले मुकाबले में आयोजित होगा और भारतीय खिलाड़ी इसमें हिस्सा लेगा।,neutral,tennis,factual
8190,लगातार तीसरे मैच में जोड़ी का गेम में खराब खेल टीम पर भारी पड़ा।,negative,badminton,contextual
8191,इस मुकाबले में विकेटकीपर ने मैच में जबरदस्त खेल दिखाकर शानदार वापसी की।,positive,cricket,contextual
8192,प्रतियोगिता प्रशंसकों के सामने आयोजित होगा और खिलाड़ी इसमें हिस्सा लेगा।,neutral,athletics,factual
8193,टूर्नामेंट के अहम चरण में युवा शटलर ने मुकाबला में बेहतरीन खेल दिखाकर महत्वपूर्ण योगदान दिया।,positive,badminton,contextual
8194,दबाव वाले मुकाबले में भारतीय धावक ने प्रतियोगिता में शानदार खेल दिखाकर जीत दर्ज की।,positive,athletics,contextual
8195,आज भारतीय टीम ने सीरीज से पहले प्रशिक्षण पूरा किया।,neutral,cricket,domain_context
8196,मुकाबला निर्णायक मैच में आयोजित होगा और भारतीय टीम इसमें हिस्सा लेगा।,neutral,cricket,factual
8197,फाइनल प्रशंसकों के सामने आयोजित होगा और भारतीय टीम इसमें हिस्सा लेगा।,neutral,football,factual
8198,टूर्नामेंट के अहम चरण में जोड़ी ने गेम से पहले प्रशिक्षण पूरा किया।,neutral,badminton,domain_context
8199,डिफेंडर ने लीग मैच में कमजोर प्रदर्शन किया और उम्मीदों पर खरी नहीं उतरी।,negative,kabaddi,paraphrase
8200,आज चैंपियन ने मुकाबला में लाजवाब खेल दिखाकर जीत दर्ज की।,positive,badminton,contextual
8201,खिलाड़ी ने मैच में निराश करने वाला प्रदर्शन किया और अपनी लय खो दी।,negative,kabaddi,paraphrase
8202,निर्णायक मैच में एथलीट दौड़ से पहले प्रशिक्षण कर रहा है।,neutral,athletics,factual
8203,रेडर लीग मैच के लिए टूर्नामेंट में हिस्सा ले रही है।,neutral,kabaddi,neutral
8204,टूर्नामेंट के अहम चरण में डिफेंडर का फाइनल में फीका खेल टीम पर भारी पड़ा।,negative,football,contextual
8205,एथलीट ने रेस में खराब प्रदर्शन किया और मुकाबला गंवा दिया।,negative,athletics,paraphrase
8206,रेडर ने प्लेऑफ में असंगत प्रदर्शन किया और अपनी लय खो दी।,negative,kabaddi,paraphrase
8207,जोड़ी ने मुकाबला में धमाकेदार प्रदर्शन करते हुए दबदबा कायम रखा।,positive,badminton,paraphrase
8208,भारतीय धावक ने इवेंट के लिए तैयारी शुरू कर दी।,neutral,athletics,factual
8209,भारतीय टीम ने पारी में लचर प्रदर्शन किया और दबाव में बिखर गई।,negative,cricket,paraphrase
8210,भारतीय टीम ने मुकाबला में निराश करने वाला प्रदर्शन किया और लगातार गलतियां कीं।,negative,football,paraphrase
8211,लंबे ब्रेक के बाद एथलीट ने प्रतियोगिता में उत्कृष्ट खेल दिखाकर जीत दर्ज की।,positive,athletics,contextual
8212,लगातार तीसरे मैच में खिलाड़ी का फाइनल में लचर खेल टीम पर भारी पड़ा।,negative,tennis,contextual
8213,धाविका ने फाइनल में निराशाजनक प्रदर्शन किया और बढ़त गंवा दी।,negative,athletics,paraphrase
8214,लीग मैच इस मुकाबले में आयोजित होगा और कप्तान इसमें हिस्सा लेगा।,neutral,kabaddi,factual
8215,लगातार तीसरे मैच में चैंपियन का मुकाबला में कमजोर खेल टीम पर भारी पड़ा।,negative,badminton,contextual
8216,चैंपियन ने गेम में जबरदस्त प्रदर्शन करते हुए दबदबा कायम रखा।,positive,badminton,paraphrase
8217,दबाव वाले मुकाबले में खिलाड़ी का लीग मैच में निराशाजनक खेल टीम पर भारी पड़ा।,negative,kabaddi,contextual
8218,एथलीट के इवेंट में कमाल का प्रदर्शन से टीम को फायदा हुआ।,positive,athletics,contextual
8219,निर्णायक मैच में डिफेंडर का मैच में निराशाजनक खेल टीम पर भारी पड़ा।,negative,football,contextual
8220,डिफेंडर के सेमीफाइनल में उत्कृष्ट प्रदर्शन से टीम को फायदा हुआ।,positive,football,contextual
8221,खिलाड़ी ने फाइनल के लिए यात्रा कार्यक्रम साझा किया।,neutral,tennis,domain_context
8222,लंबे ब्रेक के बाद भारतीय खिलाड़ी का मुकाबला में बेअसर खेल टीम पर भारी पड़ा।,negative,tennis,contextual
8223,आज विकेटकीपर ने मुकाबला में कमाल का खेल दिखाकर लगातार अच्छा प्रदर्शन किया।,positive,cricket,contextual
8224,दबाव वाले मुकाबले में भारतीय धावक इवेंट से पहले प्रशिक्षण कर रहा है।,neutral,athletics,factual
8225,लंबे ब्रेक के बाद खिलाड़ी का मुकाबला में खराब खेल टीम पर भारी पड़ा।,negative,tennis,contextual
8226,निर्णायक मैच में डिफेंडर का मुकाबला में खराब खेल टीम पर भारी पड़ा।,negative,hockey,contextual
8227,लंबे ब्रेक के बाद कप्तान ने फाइनल में जबरदस्त खेल दिखाकर मुकाबला अपने नाम कर लिया।,positive,kabaddi,contextual
8228,प्रशंसकों के सामने फॉरवर्ड ने मैच में उत्कृष्ट खेल दिखाकर लगातार अच्छा प्रदर्शन किया।,positive,football,contextual
8229,टूर्नामेंट के अहम चरण में भारतीय खिलाड़ी ने फाइनल में उत्कृष्ट खेल दिखाकर लगातार अच्छा प्रदर्शन किया।,positive,tennis,contextual
8230,लीग मैच घरेलू मैदान पर आयोजित होगा और क्लब इसमें हिस्सा लेगा।,neutral,football,factual
8231,खिलाड़ी ने इवेंट में खराब प्रदर्शन किया और मुकाबला गंवा दिया।,negative,athletics,paraphrase
8232,निर्णायक मैच में युवा एथलीट ने इवेंट में बेहतरीन खेल दिखाकर मुकाबला अपने नाम कर लिया।,positive,athletics,contextual
8233,निर्णायक मैच में भारतीय टीम ने सेमीफाइनल में लाजवाब खेल दिखाकर महत्वपूर्ण योगदान दिया।,positive,hockey,contextual
8234,फॉरवर्ड ने मैच में बेअसर प्रदर्शन किया और अपनी लय खो दी।,negative,hockey,paraphrase
8235,मैच टूर्नामेंट के अहम चरण में आयोजित होगा और खिलाड़ी इसमें हिस्सा लेगा।,neutral,badminton,factual
8236,कप्तान मुकाबला के लिए अगले दौर के लिए पहुंची।,neutral,tennis,neutral
8237,हॉकी टीम ने फाइनल में खराब प्रदर्शन किया और दबाव में बिखर गई।,negative,hockey,paraphrase
8238,टूर्नामेंट के अहम चरण में भारत का रन चेज में निराशाजनक खेल टीम पर भारी पड़ा।,negative,cricket,contextual
8239,प्रतियोगिता आज आयोजित होगा और धाविका इसमें हिस्सा लेगा।,neutral,athletics,factual
8240,आज चैंपियन ने गेम में उत्कृष्ट खेल दिखाकर मुकाबला अपने नाम कर लिया।,positive,badminton,contextual
8241,लंबे ब्रेक के बाद कप्तान ने मुकाबला में शानदार खेल दिखाकर महत्वपूर्ण योगदान दिया।,positive,tennis,contextual
8242,महत्वपूर्ण मौके पर युवा एथलीट का दौड़ में बेअसर खेल टीम पर भारी पड़ा।,negative,athletics,contextual
8243,महत्वपूर्ण मौके पर रेडर मुकाबला से पहले प्रशिक्षण कर रहा है।,neutral,kabaddi,factual
8244,निर्णायक मैच में भारतीय टीम ने सेमीफाइनल से पहले प्रशिक्षण पूरा किया।,neutral,hockey,domain_context
8245,इस मुकाबले में खिलाड़ी का दौड़ में फीका खेल टीम पर भारी पड़ा।,negative,athletics,contextual
8246,आज भारत का पारी में फीका खेल टीम पर भारी पड़ा।,negative,cricket,contextual
8247,प्रशंसकों के सामने युवा खिलाड़ी ने मैच से पहले प्रशिक्षण पूरा किया।,neutral,tennis,domain_context
8248,फाइनल आज आयोजित होगा और भारतीय धावक इसमें हिस्सा लेगा।,neutral,athletics,factual
8249,निर्णायक मैच में रेडर ने प्लेऑफ में बेहतरीन खेल दिखाकर महत्वपूर्ण योगदान दिया।,positive,kabaddi,contextual
8250,आज रेडर ने मुकाबला में यादगार खेल दिखाकर महत्वपूर्ण योगदान दिया।,positive,kabaddi,contextual
8251,मुकाबला लगातार तीसरे मैच में आयोजित होगा और गोलकीपर इसमें हिस्सा लेगा।,neutral,hockey,factual
8252,डिफेंडर ने मुकाबला में असंगत प्रदर्शन किया और दबाव में बिखर गई।,negative,football,paraphrase
8253,युवा खिलाड़ी ने सेट में बेअसर प्रदर्शन किया और बढ़त गंवा दी।,negative,tennis,paraphrase
8254,डिफेंडर ने सेमीफाइनल में उत्कृष्ट प्रदर्शन करते हुए दबदबा कायम रखा।,positive,football,paraphrase
8255,फाइनल प्रशंसकों के सामने आयोजित होगा और क्लब इसमें हिस्सा लेगा।,neutral,football,factual
8256,महत्वपूर्ण मौके पर कप्तान ने सेट में बेहतरीन तालमेल के साथ जीत हासिल की।,positive,tennis,domain_context
8257,प्रशंसकों के सामने युवा खिलाड़ी का सेट में बेअसर खेल टीम पर भारी पड़ा।,negative,tennis,contextual
8258,लगातार तीसरे मैच में भारतीय टीम सेमीफाइनल से पहले प्रशिक्षण कर रहा है।,neutral,football,factual
8259,निर्णायक मैच में धाविका का इवेंट में फीका खेल टीम पर भारी पड़ा।,negative,athletics,contextual
8260,टूर्नामेंट के अहम चरण में जोड़ी का मैच में फीका खेल टीम पर भारी पड़ा।,negative,badminton,contextual
8261,लंबे ब्रेक के बाद धाविका ने दौड़ में धमाकेदार खेल दिखाकर मुकाबला अपने नाम कर लिया।,positive,athletics,contextual
8262,निर्णायक मैच में खिलाड़ी ने फाइनल में लाजवाब खेल दिखाकर जीत दर्ज की।,positive,athletics,contextual
8263,महत्वपूर्ण मौके पर एथलीट ने प्रतियोगिता में शानदार खेल दिखाकर मुकाबला अपने नाम कर लिया।,positive,athletics,contextual
8264,रेस लंबे ब्रेक के बाद आयोजित होगा और भारतीय धावक इसमें हिस्सा लेगा।,neutral,athletics,factual
8265,आज रेडर ने मैच में यादगार खेल दिखाकर शानदार वापसी की।,positive,kabaddi,contextual
8266,भारतीय टीम ने फाइनल में असंगत प्रदर्शन किया और दबाव में बिखर गई।,negative,football,paraphrase
8267,आज युवा शटलर ने गेम में धमाकेदार खेल दिखाकर दबदबा कायम रखा।,positive,badminton,contextual
8268,प्रशंसकों के सामने खिलाड़ी ने प्रतियोगिता में शानदार खेल दिखाकर दबदबा कायम रखा।,positive,athletics,contextual
8269,प्रशंसकों के सामने चैंपियन ने गेम में जबरदस्त खेल दिखाकर लगातार अच्छा प्रदर्शन किया।,positive,badminton,contextual
8270,सीरीज निर्णायक मैच में आयोजित होगा और गेंदबाज इसमें हिस्सा लेगा।,neutral,cricket,factual
8271,इस मुकाबले में भारतीय टीम ने लीग मैच में उत्कृष्ट खेल दिखाकर लगातार अच्छा प्रदर्शन किया।,positive,hockey,contextual
8272,युवा शटलर ने मुकाबला के लिए यात्रा कार्यक्रम साझा किया।,neutral,badminton,domain_context
8273,भारतीय खिलाड़ी ने मुकाबला में निराश करने वाला प्रदर्शन किया और दबाव में बिखर गई।,negative,tennis,paraphrase
8274,प्रशंसकों के सामने भारतीय टीम ने मैच में यादगार खेल दिखाकर मुकाबला अपने नाम कर लिया।,positive,hockey,contextual
8275,इस मुकाबले में युवा शटलर ने मैच में जबरदस्त खेल दिखाकर शानदार वापसी की।,positive,badminton,contextual
8276,प्रशंसकों के सामने खिलाड़ी का मैच में निराशाजनक खेल टीम पर भारी पड़ा।,negative,kabaddi,contextual
8277,विकेटकीपर ने ओवर में खराब प्रदर्शन किया और बढ़त गंवा दी।,negative,cricket,paraphrase
8278,इस मुकाबले में खिलाड़ी ने फाइनल में जबरदस्त खेल दिखाकर मुश्किल स्थिति से बाहर निकली।,positive,athletics,contextual
8279,लगातार तीसरे मैच में भारतीय टीम ने फाइनल से पहले प्रशिक्षण पूरा किया।,neutral,kabaddi,domain_context
8280,निर्णायक मैच में भारतीय टीम ने फाइनल में लाजवाब खेल दिखाकर मुश्किल स्थिति से बाहर निकली।,positive,kabaddi,contextual
8281,निर्णायक मैच में हॉकी टीम ने सेमीफाइनल से पहले प्रशिक्षण पूरा किया।,neutral,hockey,domain_context
8282,टूर्नामेंट के अहम चरण में भारतीय टीम ने मैच में जबरदस्त खेल दिखाकर मुश्किल स्थिति से बाहर निकली।,positive,kabaddi,contextual
8283,लगातार तीसरे मैच में भारतीय टीम ने सेमीफाइनल में धमाकेदार खेल दिखाकर मुकाबला अपने नाम कर लिया।,positive,football,contextual
8284,इस मुकाबले में टेनिस स्टार ने फाइनल में कमाल का खेल दिखाकर लगातार अच्छा प्रदर्शन किया।,positive,tennis,contextual
8285,महत्वपूर्ण मौके पर कप्तान ने मुकाबला में बेहतरीन खेल दिखाकर महत्वपूर्ण योगदान दिया।,positive,kabaddi,contextual
8286,लीग मैच इस मुकाबले में आयोजित होगा और गोलकीपर इसमें हिस्सा लेगा।,neutral,hockey,factual
8287,घरेलू मैदान पर खिलाड़ी ने निर्णायक क्षण में बेहतरीन प्रदर्शन किया।,positive,multi-sport,domain_context
8288,घरेलू मैदान पर भारतीय खिलाड़ी ने मुकाबला में उत्कृष्ट खेल दिखाकर महत्वपूर्ण योगदान दिया।,positive,tennis,contextual
8289,निर्णायक मैच में भारतीय टीम ने मैच से पहले प्रशिक्षण पूरा किया।,neutral,kabaddi,domain_context
8290,टूर्नामेंट के अहम चरण में डिफेंडर ने सेमीफाइनल में कमाल का खेल दिखाकर महत्वपूर्ण योगदान दिया।,positive,hockey,contextual
8291,लगातार तीसरे मैच में टेनिस स्टार का मुकाबला में फीका खेल टीम पर भारी पड़ा।,negative,tennis,contextual
8292,घरेलू मैदान पर भारत का मैच में कमजोर खेल टीम पर भारी पड़ा।,negative,cricket,contextual
8293,घरेलू मैदान पर खिलाड़ी का फाइनल में निराश करने वाला खेल टीम पर भारी पड़ा।,negative,badminton,contextual
8294,भारतीय टीम अगले मैच से पहले कोच के साथ बैठक करेगा।,neutral,hockey,domain_context
8295,महत्वपूर्ण मौके पर टेनिस स्टार क्वार्टरफाइनल से पहले प्रशिक्षण कर रहा है।,neutral,tennis,factual
8296,फाइनल प्रशंसकों के सामने आयोजित होगा और कप्तान इसमें हिस्सा लेगा।,neutral,kabaddi,factual
8297,कप्तान ने फाइनल में कमाल का प्रदर्शन करते हुए महत्वपूर्ण योगदान दिया।,positive,kabaddi,paraphrase
8298,घरेलू मैदान पर खिलाड़ी का मैच में कमजोर खेल टीम पर भारी पड़ा।,negative,tennis,contextual
8299,इस मुकाबले में भारतीय टीम का मैच में बेअसर खेल टीम पर भारी पड़ा।,negative,football,contextual
8300,इस मुकाबले में भारतीय शटलर ने सेट में कमाल का खेल दिखाकर जीत दर्ज की।,positive,badminton,contextual
8301,हॉकी टीम की चूक से सेमीफाइनल में टीम की स्थिति बिगड़ गई।,negative,hockey,domain_context
8302,चैंपियन ने मुकाबला में फीका प्रदर्शन किया और मुकाबला गंवा दिया।,negative,badminton,paraphrase
8303,आज भारतीय धावक का प्रतियोगिता में बेअसर खेल टीम पर भारी पड़ा।,negative,athletics,contextual
8304,इस मुकाबले में भारतीय शटलर मुकाबला से पहले प्रशिक्षण कर रहा है।,neutral,badminton,factual
8305,आज धाविका का इवेंट में बेअसर खेल टीम पर भारी पड़ा।,negative,athletics,contextual
8306,आज भारत ने मुकाबला से पहले प्रशिक्षण पूरा किया।,neutral,cricket,domain_context
8307,निर्णायक मैच में भारतीय शटलर सेट से पहले प्रशिक्षण कर रहा है।,neutral,badminton,factual
8308,डिफेंडर मैच के लिए अगले दौर के लिए पहुंची।,neutral,football,neutral
8309,प्रशंसकों के सामने जोड़ी का सेट में निराशाजनक खेल टीम पर भारी पड़ा।,negative,badminton,contextual
8310,भारतीय खिलाड़ी ने कठिन सेट में धैर्य रखते हुए सफलता हासिल की।,positive,tennis,domain_context
8311,भारतीय धावक प्रतियोगिता के लिए अगले दौर के लिए पहुंची।,neutral,athletics,neutral
8312,दबाव वाले मुकाबले में भारतीय शटलर ने गेम में लाजवाब खेल दिखाकर मुश्किल स्थिति से बाहर निकली।,positive,badminton,contextual
8313,भारतीय धावक ने प्रतियोगिता में यादगार प्रदर्शन करते हुए लगातार अच्छा प्रदर्शन किया।,positive,athletics,paraphrase
8314,लंबे ब्रेक के बाद एथलीट ने रेस में उत्कृष्ट खेल दिखाकर महत्वपूर्ण योगदान दिया।,positive,athletics,contextual
8315,भारतीय टीम ने प्लेऑफ में निराशाजनक प्रदर्शन किया और लगातार गलतियां कीं।,negative,kabaddi,paraphrase
8316,भारत ने मुकाबला में खराब प्रदर्शन किया और महत्वपूर्ण मौका गंवाया।,negative,cricket,paraphrase
8317,बल्लेबाज ने पारी में असंगत प्रदर्शन किया और बढ़त गंवा दी।,negative,cricket,paraphrase
8318,महत्वपूर्ण मौके पर विकेटकीपर ने पारी में लाजवाब खेल दिखाकर दबदबा कायम रखा।,positive,cricket,contextual
8319,दबाव वाले मुकाबले में युवा एथलीट ने प्रतियोगिता में उत्कृष्ट खेल दिखाकर जीत दर्ज की।,positive,athletics,contextual
8320,लगातार तीसरे मैच में भारतीय टीम ने मैच में जबरदस्त खेल दिखाकर महत्वपूर्ण योगदान दिया।,positive,hockey,contextual
8321,क्लब सेमीफाइनल के लिए मैच के लिए रवाना हुई।,neutral,football,neutral
8322,महत्वपूर्ण मौके पर खिलाड़ी ने सेट में बेहतरीन खेल दिखाकर लगातार अच्छा प्रदर्शन किया।,positive,tennis,contextual
8323,प्रशंसकों के सामने विकेटकीपर पारी से पहले प्रशिक्षण कर रहा है।,neutral,cricket,factual
8324,इस मुकाबले में टेनिस स्टार ने सेट में बेहतरीन खेल दिखाकर महत्वपूर्ण योगदान दिया।,positive,tennis,contextual
8325,टूर्नामेंट के अहम चरण में खिलाड़ी ने प्लेऑफ में लाजवाब खेल दिखाकर मुकाबला अपने नाम कर लिया।,positive,kabaddi,contextual
8326,दबाव वाले मुकाबले में गेंदबाज ने रन चेज में लाजवाब खेल दिखाकर महत्वपूर्ण योगदान दिया।,positive,cricket,contextual
8327,महत्वपूर्ण मौके पर जोड़ी ने गेम में उत्कृष्ट खेल दिखाकर लगातार अच्छा प्रदर्शन किया।,positive,badminton,contextual
8328,महत्वपूर्ण मौके पर गोलकीपर का मुकाबला में खराब खेल टीम पर भारी पड़ा।,negative,hockey,contextual
8329,कप्तान मुकाबला के लिए रणनीति पर चर्चा कर रही है।,neutral,football,neutral
8330,प्रशंसकों के सामने गेंदबाज का पारी में बेअसर खेल टीम पर भारी पड़ा।,negative,cricket,contextual
8331,इस मुकाबले में गोलकीपर ने फाइनल से पहले प्रशिक्षण पूरा किया।,neutral,hockey,domain_context
8332,क्लब ने लीग मैच में निराश करने वाला प्रदर्शन किया और उम्मीदों पर खरी नहीं उतरी।,negative,football,paraphrase
8333,निर्णायक मैच में युवा एथलीट ने इवेंट में बेहतरीन खेल दिखाकर दबदबा कायम रखा।,positive,athletics,contextual
8334,घरेलू मैदान पर भारतीय टीम ने मैच में यादगार खेल दिखाकर शानदार वापसी की।,positive,cricket,contextual
8335,टूर्नामेंट के अहम चरण में भारतीय शटलर ने मुकाबला में जबरदस्त खेल दिखाकर मुकाबला अपने नाम कर लिया।,positive,badminton,contextual
8336,निर्णायक मैच में खिलाड़ी ने मुकाबला में जबरदस्त खेल दिखाकर जीत दर्ज की।,positive,kabaddi,contextual
8337,महत्वपूर्ण मौके पर फॉरवर्ड ने सेमीफाइनल में यादगार खेल दिखाकर मुकाबला अपने नाम कर लिया।,positive,hockey,contextual
8338,लंबे ब्रेक के बाद बल्लेबाज ने पारी में उत्कृष्ट खेल दिखाकर मुकाबला अपने नाम कर लिया।,positive,cricket,contextual
8339,घरेलू मैदान पर भारतीय टीम का फाइनल में फीका खेल टीम पर भारी पड़ा।,negative,hockey,contextual
8340,टूर्नामेंट के अहम चरण में भारतीय टीम ने ओवर में कमाल का खेल दिखाकर जीत दर्ज की।,positive,cricket,contextual
8341,डिफेंडर ने मुकाबला में फीका प्रदर्शन किया और महत्वपूर्ण मौका गंवाया।,negative,kabaddi,paraphrase
8342,डिफेंडर को लीग मैच के लिए टीम में शामिल किया गया है।,neutral,kabaddi,domain_context
8343,प्रशंसकों के सामने गेंदबाज ने मुकाबला में लाजवाब खेल दिखाकर दबदबा कायम रखा।,positive,cricket,contextual
8344,घरेलू मैदान पर कप्तान रन चेज से पहले प्रशिक्षण कर रहा है।,neutral,cricket,factual
8345,टूर्नामेंट के अहम चरण में भारत सीरीज से पहले प्रशिक्षण कर रहा है।,neutral,cricket,factual
8346,इस मुकाबले में डिफेंडर ने मैच में यादगार खेल दिखाकर शानदार वापसी की।,positive,football,contextual
8347,मुकाबला घरेलू मैदान पर आयोजित होगा और कप्तान इसमें हिस्सा लेगा।,neutral,cricket,factual
8348,दबाव वाले मुकाबले में हॉकी टीम मैच से पहले प्रशिक्षण कर रहा है।,neutral,hockey,factual
8349,मैच निर्णायक मैच में आयोजित होगा और रेडर इसमें हिस्सा लेगा।,neutral,kabaddi,factual
8350,घरेलू मैदान पर कप्तान ने सेट में कई आसान मौके गंवाए।,negative,tennis,domain_context
8351,मैच निर्णायक मैच में आयोजित होगा और युवा खिलाड़ी इसमें हिस्सा लेगा।,neutral,tennis,factual
8352,भारतीय टीम ने पारी के लिए तैयारी शुरू कर दी।,neutral,cricket,factual
8353,आज विकेटकीपर ने रन चेज में यादगार खेल दिखाकर जीत दर्ज की।,positive,cricket,contextual
8354,भारतीय धावक ने रेस में फीका प्रदर्शन किया और अपनी लय खो दी।,negative,athletics,paraphrase
8355,इस मुकाबले में खिलाड़ी ने प्लेऑफ में बेहतरीन खेल दिखाकर मुश्किल स्थिति से बाहर निकली।,positive,kabaddi,contextual
8356,मैच टूर्नामेंट के अहम चरण में आयोजित होगा और डिफेंडर इसमें हिस्सा लेगा।,neutral,football,factual
8357,घरेलू मैदान पर खिलाड़ी का फाइनल में कमजोर खेल टीम पर भारी पड़ा।,negative,kabaddi,contextual
8358,इस मुकाबले में जोड़ी ने मुकाबला में धमाकेदार खेल दिखाकर शानदार वापसी की।,positive,badminton,contextual
8359,भारतीय टीम लीग मैच के लिए प्रशिक्षण जारी रखे हुए है।,neutral,football,neutral
8360,मुकाबला टूर्नामेंट के अहम चरण में आयोजित होगा और कप्तान इसमें हिस्सा लेगा।,neutral,cricket,factual
8361,आज खिलाड़ी ने लीग मैच से पहले प्रशिक्षण पूरा किया।,neutral,kabaddi,domain_context
8362,इस मुकाबले में खिलाड़ी ने दौड़ से पहले प्रशिक्षण पूरा किया।,neutral,athletics,domain_context
8363,टूर्नामेंट के अहम चरण में रेडर ने लीग मैच में जबरदस्त खेल दिखाकर महत्वपूर्ण योगदान दिया।,positive,kabaddi,contextual
8364,लगातार तीसरे मैच में टेनिस स्टार मैच से पहले प्रशिक्षण कर रहा है।,neutral,tennis,factual
8365,बल्लेबाज की मुकाबला में लचर रणनीति काम नहीं आई।,negative,cricket,contextual
8366,आज भारतीय खिलाड़ी ने मुकाबला में लाजवाब खेल दिखाकर मुकाबला अपने नाम कर लिया।,positive,tennis,contextual
8367,भारतीय खिलाड़ी ने मैच में यादगार प्रदर्शन करते हुए लगातार अच्छा प्रदर्शन किया।,positive,tennis,paraphrase
8368,प्रशंसकों के सामने डिफेंडर ने मैच में कमाल का खेल दिखाकर शानदार वापसी की।,positive,hockey,contextual
8369,चैंपियन ने मैच में कमाल का प्रदर्शन करते हुए मुश्किल स्थिति से बाहर निकली।,positive,badminton,paraphrase
8370,आज भारतीय टीम ने मुकाबला में धमाकेदार खेल दिखाकर मुकाबला अपने नाम कर लिया।,positive,kabaddi,contextual
8371,इस मुकाबले में एथलीट ने इवेंट में जबरदस्त खेल दिखाकर मुकाबला अपने नाम कर लिया।,positive,athletics,contextual
8372,एथलीट प्रतियोगिता के लिए मैच के लिए रवाना हुई।,neutral,athletics,neutral
8373,युवा शटलर फाइनल के लिए मैच के लिए रवाना हुई।,neutral,badminton,neutral
8374,इस मुकाबले में रेडर ने मैच में शानदार खेल दिखाकर दबदबा कायम रखा।,positive,kabaddi,contextual
8375,महत्वपूर्ण मौके पर भारतीय टीम का मुकाबला में निराश करने वाला खेल टीम पर भारी पड़ा।,negative,football,contextual
8376,खिलाड़ी क्वार्टरफाइनल के लिए अगले मुकाबले की तैयारी कर रही है।,neutral,tennis,neutral
8377,आज धाविका का रेस में फीका खेल टीम पर भारी पड़ा।,negative,athletics,contextual
8378,दबाव वाले मुकाबले में खिलाड़ी फाइनल से पहले प्रशिक्षण कर रहा है।,neutral,tennis,factual
8379,निर्णायक मैच में जोड़ी ने गेम में बेहतरीन खेल दिखाकर लगातार अच्छा प्रदर्शन किया।,positive,badminton,contextual
8380,खिलाड़ी मैच के लिए अभ्यास सत्र में शामिल हुई।,neutral,kabaddi,neutral
8381,लगातार तीसरे मैच में एथलीट ने फाइनल में जबरदस्त खेल दिखाकर लगातार अच्छा प्रदर्शन किया।,positive,athletics,contextual
8382,लंबे ब्रेक के बाद गेंदबाज का रन चेज में खराब खेल टीम पर भारी पड़ा।,negative,cricket,contextual
8383,निर्णायक मैच में गोलकीपर ने सेमीफाइनल से पहले प्रशिक्षण पूरा किया।,neutral,hockey,domain_context
8384,गोलकीपर ने मुकाबला में असंगत प्रदर्शन किया और मुकाबला गंवा दिया।,negative,football,paraphrase
8385,दबाव वाले मुकाबले में एथलीट का फाइनल में फीका खेल टीम पर भारी पड़ा।,negative,athletics,contextual
8386,घरेलू मैदान पर भारतीय शटलर ने मुकाबला में कमाल का खेल दिखाकर दबदबा कायम रखा।,positive,badminton,contextual
8387,मुकाबला निर्णायक मैच में आयोजित होगा और डिफेंडर इसमें हिस्सा लेगा।,neutral,football,factual
8388,महत्वपूर्ण मौके पर खिलाड़ी गेम से पहले प्रशिक्षण कर रहा है।,neutral,badminton,factual
8389,जोड़ी फाइनल के लिए रणनीति पर चर्चा कर रही है।,neutral,badminton,neutral
8390,भारतीय टीम मुकाबला के लिए अगले दौर के लिए पहुंची।,neutral,cricket,neutral
8391,टूर्नामेंट के अहम चरण में रेडर ने फाइनल में बेहतरीन खेल दिखाकर लगातार अच्छा प्रदर्शन किया।,positive,kabaddi,contextual
8392,हॉकी टीम ने फाइनल में निराश करने वाला प्रदर्शन किया और मुकाबला गंवा दिया।,negative,hockey,paraphrase
8393,आज खिलाड़ी ने फाइनल में बेहतरीन खेल दिखाकर शानदार वापसी की।,positive,badminton,contextual
8394,निर्णायक मैच में खिलाड़ी का फाइनल में निराशाजनक खेल टीम पर भारी पड़ा।,negative,athletics,contextual
8395,धाविका प्रतियोगिता के लिए रणनीति पर चर्चा कर रही है।,neutral,athletics,neutral
8396,दबाव वाले मुकाबले में युवा एथलीट ने इवेंट में बेहतरीन खेल दिखाकर जीत दर्ज की।,positive,athletics,contextual
8397,डिफेंडर ने लीग मैच में शानदार प्रदर्शन करते हुए मुश्किल स्थिति से बाहर निकली।,positive,kabaddi,paraphrase
8398,मुकाबला लंबे ब्रेक के बाद आयोजित होगा और चैंपियन इसमें हिस्सा लेगा।,neutral,badminton,factual
8399,कप्तान पारी के लिए अगले दौर के लिए पहुंची।,neutral,cricket,neutral
8400,निर्णायक मैच में गोलकीपर ने लीग मैच में कमाल का खेल दिखाकर महत्वपूर्ण योगदान दिया।,positive,hockey,contextual
8401,निर्णायक मैच में भारतीय धावक ने प्रतियोगिता में कमाल का खेल दिखाकर जीत दर्ज की।,positive,athletics,contextual
8402,आज खिलाड़ी ने फाइनल में लाजवाब खेल दिखाकर महत्वपूर्ण योगदान दिया।,positive,badminton,contextual
8403,डिफेंडर ने फाइनल में फीका प्रदर्शन किया और महत्वपूर्ण मौका गंवाया।,negative,hockey,paraphrase
8404,निर्णायक मैच में बल्लेबाज मुकाबला से पहले प्रशिक्षण कर रहा है।,neutral,cricket,factual
8405,घरेलू मैदान पर क्लब का सेमीफाइनल में लचर खेल टीम पर भारी पड़ा।,negative,football,contextual
8406,आज टेनिस स्टार ने मुकाबला में लाजवाब खेल दिखाकर शानदार वापसी की।,positive,tennis,contextual
8407,घरेलू मैदान पर धाविका का इवेंट में खराब खेल टीम पर भारी पड़ा।,negative,athletics,contextual
8408,घरेलू मैदान पर फॉरवर्ड का मैच में लचर खेल टीम पर भारी पड़ा।,negative,football,contextual
8409,लंबे ब्रेक के बाद हॉकी टीम ने फाइनल में लाजवाब खेल दिखाकर मुकाबला अपने नाम कर लिया।,positive,hockey,contextual
8410,इस मुकाबले में भारतीय खिलाड़ी का क्वार्टरफाइनल में बेअसर खेल टीम पर भारी पड़ा।,negative,tennis,contextual
8411,टूर्नामेंट के अहम चरण में विकेटकीपर ने मैच में बेहतरीन खेल दिखाकर लगातार अच्छा प्रदर्शन किया।,positive,cricket,contextual
8412,मुकाबला टूर्नामेंट के अहम चरण में आयोजित होगा और युवा खिलाड़ी इसमें हिस्सा लेगा।,neutral,tennis,factual
8413,लगातार तीसरे मैच में गोलकीपर ने सेमीफाइनल में शानदार खेल दिखाकर जीत दर्ज की।,positive,football,contextual
8414,महत्वपूर्ण मौके पर क्लब ने लीग मैच में लाजवाब खेल दिखाकर लगातार अच्छा प्रदर्शन किया।,positive,football,contextual
8415,भारतीय खिलाड़ी मैच के लिए अभ्यास सत्र में शामिल हुई।,neutral,tennis,neutral
8416,गोलकीपर मैच के लिए अभ्यास सत्र में शामिल हुई।,neutral,football,neutral
8417,प्रशंसकों के सामने कप्तान ने प्लेऑफ में शानदार खेल दिखाकर मुकाबला अपने नाम कर लिया।,positive,kabaddi,contextual
8418,महत्वपूर्ण मौके पर धाविका ने इवेंट में बेहतरीन तालमेल के साथ जीत हासिल की।,positive,athletics,domain_context
8419,खिलाड़ी ने मुकाबला में निराश करने वाला प्रदर्शन किया और अपनी लय खो दी।,negative,badminton,paraphrase
8420,आज भारतीय शटलर का फाइनल में फीका खेल टीम पर भारी पड़ा।,negative,badminton,contextual
8421,लीग मैच टूर्नामेंट के अहम चरण में आयोजित होगा और क्लब इसमें हिस्सा लेगा।,neutral,football,factual
8422,टूर्नामेंट के अहम चरण में जोड़ी ने मैच में जबरदस्त खेल दिखाकर मुकाबला अपने नाम कर लिया।,positive,badminton,contextual
8423,दबाव वाले मुकाबले में फॉरवर्ड ने मैच में जबरदस्त खेल दिखाकर लगातार अच्छा प्रदर्शन किया।,positive,football,contextual
8424,टूर्नामेंट के अहम चरण में रेडर का मैच में बेअसर खेल टीम पर भारी पड़ा।,negative,kabaddi,contextual
8425,भारत ने मैच में कमजोर प्रदर्शन किया और बढ़त गंवा दी।,negative,cricket,paraphrase
8426,इस मुकाबले में गोलकीपर का सेमीफाइनल में निराश करने वाला खेल टीम पर भारी पड़ा।,negative,hockey,contextual
8427,खिलाड़ी को मुकाबला के लिए टीम में शामिल किया गया है।,neutral,badminton,domain_context
8428,टूर्नामेंट के अहम चरण में भारतीय धावक ने रेस में कई आसान मौके गंवाए।,negative,athletics,domain_context
8429,आज रेडर ने मुकाबला में बेहतरीन खेल दिखाकर जीत दर्ज की।,positive,kabaddi,contextual
8430,मुकाबला लंबे ब्रेक के बाद आयोजित होगा और फॉरवर्ड इसमें हिस्सा लेगा।,neutral,hockey,factual
8431,डिफेंडर मुकाबला के लिए अगले मुकाबले की तैयारी कर रही है।,neutral,football,neutral
8432,घरेलू मैदान पर कप्तान ने मैच में लाजवाब खेल दिखाकर शानदार वापसी की।,positive,cricket,contextual
8433,निर्णायक मैच में डिफेंडर का सेमीफाइनल में खराब खेल टीम पर भारी पड़ा।,negative,football,contextual
8434,घरेलू मैदान पर विकेटकीपर का सीरीज में खराब खेल टीम पर भारी पड़ा।,negative,cricket,contextual
8435,महत्वपूर्ण मौके पर भारतीय खिलाड़ी का सेट में लचर खेल टीम पर भारी पड़ा।,negative,tennis,contextual
8436,निर्णायक मैच में गोलकीपर ने मैच में धमाकेदार खेल दिखाकर महत्वपूर्ण योगदान दिया।,positive,football,contextual
8437,दबाव वाले मुकाबले में कप्तान ने फाइनल में धमाकेदार खेल दिखाकर लगातार अच्छा प्रदर्शन किया।,positive,football,contextual
8438,लीग मैच दबाव वाले मुकाबले में आयोजित होगा और गोलकीपर इसमें हिस्सा लेगा।,neutral,hockey,factual
8439,इस मुकाबले में डिफेंडर ने मुकाबला में शानदार खेल दिखाकर मुश्किल स्थिति से बाहर निकली।,positive,hockey,contextual
8440,महत्वपूर्ण मौके पर कप्तान ने क्वार्टरफाइनल में लाजवाब खेल दिखाकर मुकाबला अपने नाम कर लिया।,positive,tennis,contextual
8441,आज भारतीय खिलाड़ी ने मुकाबला में कमाल का खेल दिखाकर महत्वपूर्ण योगदान दिया।,positive,tennis,contextual
8442,भारतीय टीम ने प्लेऑफ के लिए तैयारी शुरू कर दी।,neutral,kabaddi,factual
8443,लंबे ब्रेक के बाद भारतीय शटलर मुकाबला से पहले प्रशिक्षण कर रहा है।,neutral,badminton,factual
8444,एथलीट इवेंट के लिए अगले दौर के लिए पहुंची।,neutral,athletics,neutral
8445,घरेलू मैदान पर कप्तान का फाइनल में लचर खेल टीम पर भारी पड़ा।,negative,kabaddi,contextual
8446,निर्णायक मैच में टेनिस स्टार ने क्वार्टरफाइनल में बेहतरीन खेल दिखाकर शानदार वापसी की।,positive,tennis,contextual
8447,घरेलू मैदान पर फॉरवर्ड का लीग मैच में कमजोर खेल टीम पर भारी पड़ा।,negative,hockey,contextual
8448,सेट दबाव वाले मुकाबले में आयोजित होगा और भारतीय खिलाड़ी इसमें हिस्सा लेगा।,neutral,tennis,factual
8449,इस मुकाबले में खिलाड़ी ने रेस में बेहतरीन खेल दिखाकर लगातार अच्छा प्रदर्शन किया।,positive,athletics,contextual
8450,धाविका प्रतियोगिता के लिए अगले मुकाबले की तैयारी कर रही है।,neutral,athletics,neutral
8451,गोलकीपर ने सेमीफाइनल में बेअसर प्रदर्शन किया और दबाव में बिखर गई।,negative,football,paraphrase
8452,निर्णायक मैच में हॉकी टीम ने लीग मैच में धमाकेदार खेल दिखाकर दबदबा कायम रखा।,positive,hockey,contextual
8453,घरेलू मैदान पर चैंपियन सेट से पहले प्रशिक्षण कर रहा है।,neutral,badminton,factual
8454,कप्तान ने मैच के दौरान लगातार गलत फैसले लिए।,negative,kabaddi,domain_context
8455,भारतीय धावक ने दौड़ में बेहतरीन प्रदर्शन करते हुए मुकाबला अपने नाम कर लिया।,positive,athletics,paraphrase
8456,टूर्नामेंट के अहम चरण में एथलीट ने प्रतियोगिता में धमाकेदार खेल दिखाकर दबदबा कायम रखा।,positive,athletics,contextual
8457,इस मुकाबले में भारतीय टीम का मैच में लचर खेल टीम पर भारी पड़ा।,negative,football,contextual
8458,खिलाड़ी रेस के लिए अगले दौर के लिए पहुंची।,neutral,athletics,neutral
8459,दबाव वाले मुकाबले में क्लब ने मैच में लाजवाब खेल दिखाकर मुश्किल स्थिति से बाहर निकली।,positive,football,contextual
8460,डिफेंडर सेमीफाइनल के लिए प्रशिक्षण जारी रखे हुए है।,neutral,hockey,neutral
8461,लगातार तीसरे मैच में क्लब ने लीग मैच में बेहतरीन तालमेल के साथ जीत हासिल की।,positive,football,domain_context
8462,लंबे ब्रेक के बाद भारतीय धावक इवेंट से पहले प्रशिक्षण कर रहा है।,neutral,athletics,factual
8463,ओवर लगातार तीसरे मैच में आयोजित होगा और भारत इसमें हिस्सा लेगा।,neutral,cricket,factual
8464,घरेलू मैदान पर एथलीट का प्रतियोगिता में खराब खेल टीम पर भारी पड़ा।,negative,athletics,contextual
8465,निर्णायक मैच में कप्तान ने मैच में उत्कृष्ट खेल दिखाकर मुकाबला अपने नाम कर लिया।,positive,football,contextual
8466,मैच लगातार तीसरे मैच में आयोजित होगा और चैंपियन इसमें हिस्सा लेगा।,neutral,badminton,factual
8467,टूर्नामेंट के अहम चरण में धाविका रेस से पहले प्रशिक्षण कर रहा है।,neutral,athletics,factual
8468,लंबे ब्रेक के बाद गोलकीपर ने फाइनल से पहले प्रशिक्षण पूरा किया।,neutral,football,domain_context
8469,इस मुकाबले में खिलाड़ी का इवेंट में खराब खेल टीम पर भारी पड़ा।,negative,athletics,contextual
8470,प्रशंसकों के सामने युवा खिलाड़ी ने क्वार्टरफाइनल में उत्कृष्ट खेल दिखाकर महत्वपूर्ण योगदान दिया।,positive,tennis,contextual
8471,इस मुकाबले में भारतीय टीम ने फाइनल में धमाकेदार खेल दिखाकर मुश्किल स्थिति से बाहर निकली।,positive,kabaddi,contextual
8472,बल्लेबाज ने मुकाबला में निराश करने वाला प्रदर्शन किया और बढ़त गंवा दी।,negative,cricket,paraphrase
8473,इस मुकाबले में कप्तान का मैच में फीका खेल टीम पर भारी पड़ा।,negative,football,contextual
8474,मैच आज आयोजित होगा और विकेटकीपर इसमें हिस्सा लेगा।,neutral,cricket,factual
8475,भारतीय खिलाड़ी ने मैच में लचर प्रदर्शन किया और लगातार गलतियां कीं।,negative,tennis,paraphrase
8476,भारतीय टीम ने मैच में असंगत प्रदर्शन किया और महत्वपूर्ण मौका गंवाया।,negative,football,paraphrase
8477,लंबे ब्रेक के बाद रेडर ने प्लेऑफ में धमाकेदार खेल दिखाकर लगातार अच्छा प्रदर्शन किया।,positive,kabaddi,contextual
8478,कप्तान ने सीरीज में बेअसर प्रदर्शन किया और उम्मीदों पर खरी नहीं उतरी।,negative,cricket,paraphrase
8479,निर्णायक मैच में जोड़ी का मुकाबला में लचर खेल टीम पर भारी पड़ा।,negative,badminton,contextual
8480,फॉरवर्ड ने फाइनल में कमजोर प्रदर्शन किया और मुकाबला गंवा दिया।,negative,football,paraphrase
8481,इस मुकाबले में जोड़ी ने गेम में शानदार खेल दिखाकर दबदबा कायम रखा।,positive,badminton,contextual
8482,घरेलू मैदान पर युवा शटलर ने मुकाबला से पहले प्रशिक्षण पूरा किया।,neutral,badminton,domain_context
8483,घरेलू मैदान पर हॉकी टीम ने मुकाबला में धमाकेदार खेल दिखाकर दबदबा कायम रखा।,positive,hockey,contextual
8484,घरेलू मैदान पर डिफेंडर ने मुकाबला से पहले प्रशिक्षण पूरा किया।,neutral,kabaddi,domain_context
8485,टूर्नामेंट के अहम चरण में धाविका दौड़ से पहले प्रशिक्षण कर रहा है।,neutral,athletics,factual
8486,खिलाड़ी फाइनल के लिए अभ्यास सत्र में शामिल हुई।,neutral,tennis,neutral
8487,इस मुकाबले में युवा एथलीट ने दौड़ से पहले प्रशिक्षण पूरा किया।,neutral,athletics,domain_context
8488,निर्णायक मैच में फॉरवर्ड ने लीग मैच में उत्कृष्ट खेल दिखाकर जीत दर्ज की।,positive,hockey,contextual
8489,कप्तान ने रन चेज के लिए यात्रा कार्यक्रम साझा किया।,neutral,cricket,domain_context
8490,फाइनल आज आयोजित होगा और क्लब इसमें हिस्सा लेगा।,neutral,football,factual
8491,कप्तान की मुकाबला में फीका रणनीति काम नहीं आई।,negative,kabaddi,contextual
8492,आज युवा एथलीट ने प्रतियोगिता में कमाल का खेल दिखाकर मुकाबला अपने नाम कर लिया।,positive,athletics,contextual
8493,लगातार तीसरे मैच में हॉकी टीम ने मुकाबला में कई आसान मौके गंवाए।,negative,hockey,domain_context
8494,लंबे ब्रेक के बाद एथलीट दौड़ से पहले प्रशिक्षण कर रहा है।,neutral,athletics,factual
8495,लगातार तीसरे मैच में युवा शटलर ने फाइनल में कमाल का खेल दिखाकर लगातार अच्छा प्रदर्शन किया।,positive,badminton,contextual
8496,विकेटकीपर रन चेज के लिए मैच के लिए रवाना हुई।,neutral,cricket,neutral
8497,हॉकी टीम ने सेमीफाइनल में खराब खेल दिखाया और टीम को नुकसान हुआ।,negative,hockey,domain_context
8498,ओवर टूर्नामेंट के अहम चरण में आयोजित होगा और विकेटकीपर इसमें हिस्सा लेगा।,neutral,cricket,factual
8499,विकेटकीपर ने कठिन रन चेज में धैर्य रखते हुए सफलता हासिल की।,positive,cricket,domain_context
8500,प्रशंसकों के सामने एथलीट ने प्रतियोगिता में यादगार खेल दिखाकर दबदबा कायम रखा।,positive,athletics,contextual
8501,दबाव वाले मुकाबले में विकेटकीपर पारी से पहले प्रशिक्षण कर रहा है।,neutral,cricket,factual
8502,लगातार तीसरे मैच में खिलाड़ी ने लीग मैच में लाजवाब खेल दिखाकर जीत दर्ज की।,positive,kabaddi,contextual
8503,गेंदबाज ने मुकाबला में बेअसर प्रदर्शन किया और बढ़त गंवा दी।,negative,cricket,paraphrase
8504,दबाव वाले मुकाबले में युवा खिलाड़ी का मैच में निराशाजनक खेल टीम पर भारी पड़ा।,negative,tennis,contextual
8505,प्रशंसकों के सामने युवा खिलाड़ी ने मैच में जबरदस्त खेल दिखाकर दबदबा कायम रखा।,positive,tennis,contextual
8506,निर्णायक मैच में भारतीय टीम ने सेमीफाइनल में यादगार खेल दिखाकर मुकाबला अपने नाम कर लिया।,positive,hockey,contextual
8507,घरेलू मैदान पर कप्तान का सेमीफाइनल में कमजोर खेल टीम पर भारी पड़ा।,negative,football,contextual
8508,इस मुकाबले में हॉकी टीम मैच से पहले प्रशिक्षण कर रहा है।,neutral,hockey,factual
8509,गोलकीपर ने सेमीफाइनल में खराब प्रदर्शन किया और उम्मीदों पर खरी नहीं उतरी।,negative,football,paraphrase
8510,गोलकीपर के लीग मैच में बेहतरीन प्रदर्शन से टीम को फायदा हुआ।,positive,football,contextual
8511,विकेटकीपर ने मैच में बेअसर प्रदर्शन किया और बढ़त गंवा दी।,negative,cricket,paraphrase
8512,भारतीय धावक ने रेस में निराश करने वाला प्रदर्शन किया और अपनी लय खो दी।,negative,athletics,paraphrase
8513,टूर्नामेंट के अहम चरण में हॉकी टीम ने लीग मैच में बेहतरीन तालमेल के साथ जीत हासिल की।,positive,hockey,domain_context
8514,लंबे ब्रेक के बाद फॉरवर्ड ने मैच में बेहतरीन खेल दिखाकर दबदबा कायम रखा।,positive,hockey,contextual
8515,एथलीट फाइनल के लिए अगले दौर के लिए पहुंची।,neutral,athletics,neutral
8516,लगातार तीसरे मैच में फॉरवर्ड ने मुकाबला में यादगार खेल दिखाकर लगातार अच्छा प्रदर्शन किया।,positive,football,contextual
8517,महत्वपूर्ण मौके पर जोड़ी ने मैच में जबरदस्त खेल दिखाकर महत्वपूर्ण योगदान दिया।,positive,badminton,contextual
8518,खिलाड़ी ने फाइनल के लिए तैयारी शुरू कर दी।,neutral,tennis,factual
8519,मैच से पहले टीम ने अगले मुकाबले की तैयारी शुरू कर दी।,neutral,multi-sport,domain_context
8520,जोड़ी के सेट में यादगार प्रदर्शन से टीम को फायदा हुआ।,positive,badminton,contextual
8521,लगातार तीसरे मैच में टेनिस स्टार सेट से पहले प्रशिक्षण कर रहा है।,neutral,tennis,factual
8522,निर्णायक मैच में गोलकीपर ने फाइनल में शानदार खेल दिखाकर शानदार वापसी की।,positive,hockey,contextual
8523,महत्वपूर्ण मौके पर खिलाड़ी दौड़ से पहले प्रशिक्षण कर रहा है।,neutral,athletics,factual
8524,गेंदबाज ओवर के लिए अभ्यास सत्र में शामिल हुई।,neutral,cricket,neutral
8525,लगातार तीसरे मैच में भारतीय धावक ने फाइनल में यादगार खेल दिखाकर लगातार अच्छा प्रदर्शन किया।,positive,athletics,contextual
8526,लगातार तीसरे मैच में डिफेंडर का मुकाबला में बेअसर खेल टीम पर भारी पड़ा।,negative,kabaddi,contextual
8527,महत्वपूर्ण मौके पर कप्तान का मुकाबला में असंगत खेल टीम पर भारी पड़ा।,negative,football,contextual
8528,इस मुकाबले में जोड़ी का गेम में निराशाजनक खेल टीम पर भारी पड़ा।,negative,badminton,contextual
8529,आज जोड़ी ने मुकाबला से पहले प्रशिक्षण पूरा किया।,neutral,badminton,domain_context
8530,दबाव वाले मुकाबले में खिलाड़ी ने क्वार्टरफाइनल में बेहतरीन खेल दिखाकर शानदार वापसी की।,positive,tennis,contextual
8531,जोड़ी फाइनल के लिए अगले मुकाबले की तैयारी कर रही है।,neutral,badminton,neutral
8532,लंबे ब्रेक के बाद क्लब ने सेमीफाइनल में बेहतरीन खेल दिखाकर शानदार वापसी की।,positive,football,contextual
8533,फाइनल टूर्नामेंट के अहम चरण में आयोजित होगा और चैंपियन इसमें हिस्सा लेगा।,neutral,badminton,factual
8534,इस मुकाबले में कप्तान ने लीग मैच में बेहतरीन खेल दिखाकर महत्वपूर्ण योगदान दिया।,positive,football,contextual
8535,युवा एथलीट की टीम इवेंट के लिए अपनी अंतिम सूची तैयार कर रही है।,neutral,athletics,domain_context
8536,टूर्नामेंट के अहम चरण में भारतीय टीम ने सीरीज में बेहतरीन तालमेल के साथ जीत हासिल की।,positive,cricket,domain_context
8537,डिफेंडर ने फाइनल में उत्कृष्ट खेल दिखाया और टीम को जीत दिलाई।,positive,hockey,domain_context
8538,सेमीफाइनल टूर्नामेंट के अहम चरण में आयोजित होगा और डिफेंडर इसमें हिस्सा लेगा।,neutral,hockey,factual
8539,कप्तान ने मैच में निराश करने वाला प्रदर्शन किया और दबाव में बिखर गई।,negative,kabaddi,paraphrase
8540,प्रशंसकों के सामने भारतीय टीम का ओवर में असंगत खेल टीम पर भारी पड़ा।,negative,cricket,contextual
8541,लंबे ब्रेक के बाद डिफेंडर का फाइनल में निराश करने वाला खेल टीम पर भारी पड़ा।,negative,hockey,contextual
8542,विकेटकीपर रन चेज के लिए अभ्यास सत्र में शामिल हुई।,neutral,cricket,neutral
8543,प्रतियोगिता घरेलू मैदान पर आयोजित होगा और खिलाड़ी इसमें हिस्सा लेगा।,neutral,athletics,factual
8544,लंबे ब्रेक के बाद जोड़ी ने फाइनल में धमाकेदार खेल दिखाकर दबदबा कायम रखा।,positive,badminton,contextual
8545,इस मुकाबले में युवा खिलाड़ी ने सेट में बेहतरीन खेल दिखाकर मुश्किल स्थिति से बाहर निकली।,positive,tennis,contextual
8546,भारतीय टीम ने रन चेज में निराशाजनक प्रदर्शन किया और बढ़त गंवा दी।,negative,cricket,paraphrase
8547,प्रशंसकों के सामने डिफेंडर ने फाइनल में बेहतरीन तालमेल के साथ जीत हासिल की।,positive,football,domain_context
8548,टूर्नामेंट के अहम चरण में भारतीय टीम ने प्लेऑफ में उत्कृष्ट खेल दिखाकर शानदार वापसी की।,positive,kabaddi,contextual
8549,खिलाड़ी मैच के लिए अगले दौर के लिए पहुंची।,neutral,tennis,neutral
8550,फॉरवर्ड ने सेमीफाइनल में कमजोर प्रदर्शन किया और बढ़त गंवा दी।,negative,football,paraphrase
8551,निर्णायक मैच में फॉरवर्ड ने सेमीफाइनल में लाजवाब खेल दिखाकर मुकाबला अपने नाम कर लिया।,positive,football,contextual
8552,दौड़ प्रशंसकों के सामने आयोजित होगा और एथलीट इसमें हिस्सा लेगा।,neutral,athletics,factual
8553,डिफेंडर फाइनल के लिए रणनीति पर चर्चा कर रही है।,neutral,kabaddi,neutral
8554,दबाव वाले मुकाबले में भारतीय टीम का फाइनल में खराब खेल टीम पर भारी पड़ा।,negative,football,contextual
8555,लगातार तीसरे मैच में युवा शटलर गेम से पहले प्रशिक्षण कर रहा है।,neutral,badminton,factual
8556,महत्वपूर्ण मौके पर खिलाड़ी ने सेट से पहले प्रशिक्षण पूरा किया।,neutral,badminton,domain_context
8557,भारतीय टीम ओवर के लिए रणनीति पर चर्चा कर रही है।,neutral,cricket,neutral
8558,निर्णायक मैच में खिलाड़ी ने सेट में जबरदस्त खेल दिखाकर मुश्किल स्थिति से बाहर निकली।,positive,badminton,contextual
8559,टूर्नामेंट के अहम चरण में भारतीय टीम ने सीरीज में धमाकेदार खेल दिखाकर शानदार वापसी की।,positive,cricket,contextual
8560,टूर्नामेंट के अहम चरण में भारतीय खिलाड़ी का फाइनल में निराश करने वाला खेल टीम पर भारी पड़ा।,negative,tennis,contextual
8561,निर्णायक मैच में क्लब सेमीफाइनल से पहले प्रशिक्षण कर रहा है।,neutral,football,factual
8562,फॉरवर्ड सेमीफाइनल के लिए अगले दौर के लिए पहुंची।,neutral,football,neutral
8563,लगातार तीसरे मैच में हॉकी टीम का सेमीफाइनल में कमजोर खेल टीम पर भारी पड़ा।,negative,hockey,contextual
8564,महत्वपूर्ण मौके पर विकेटकीपर पारी से पहले प्रशिक्षण कर रहा है।,neutral,cricket,factual
8565,डिफेंडर दबाव के कारण कठिन मैच में लय नहीं बना सका।,negative,football,domain_context
8566,भारतीय खिलाड़ी का कमजोर प्रदर्शन मैच में हार का कारण बना।,negative,tennis,domain_context
8567,एथलीट ने रेस में लचर प्रदर्शन किया और लगातार गलतियां कीं।,negative,athletics,paraphrase
8568,आज टेनिस स्टार का मुकाबला में लचर खेल टीम पर भारी पड़ा।,negative,tennis,contextual
8569,निर्णायक मैच में क्लब ने मुकाबला से पहले प्रशिक्षण पूरा किया।,neutral,football,domain_context
8570,निर्णायक मैच में खिलाड़ी ने फाइनल में यादगार खेल दिखाकर महत्वपूर्ण योगदान दिया।,positive,badminton,contextual
8571,महत्वपूर्ण मौके पर खिलाड़ी का क्वार्टरफाइनल में लचर खेल टीम पर भारी पड़ा।,negative,tennis,contextual
8572,टेनिस स्टार ने मुकाबला में जबरदस्त प्रदर्शन करते हुए मुश्किल स्थिति से बाहर निकली।,positive,tennis,paraphrase
8573,महत्वपूर्ण मौके पर कप्तान ने मैच में बेहतरीन खेल दिखाकर मुश्किल स्थिति से बाहर निकली।,positive,football,contextual
8574,भारतीय धावक ने प्रतियोगिता में निराश करने वाला प्रदर्शन किया और महत्वपूर्ण मौका गंवाया।,negative,athletics,paraphrase
8575,प्रशंसकों के सामने एथलीट रेस से पहले प्रशिक्षण कर रहा है।,neutral,athletics,factual
8576,आज कप्तान ने क्वार्टरफाइनल में जबरदस्त खेल दिखाकर महत्वपूर्ण योगदान दिया।,positive,tennis,contextual
8577,महत्वपूर्ण मौके पर विकेटकीपर का पारी में फीका खेल टीम पर भारी पड़ा।,negative,cricket,contextual
8578,कप्तान ने क्वार्टरफाइनल के लिए नया अभ्यास कार्यक्रम शुरू किया।,neutral,tennis,domain_context
8579,डिफेंडर ने सेमीफाइनल के लिए नया अभ्यास कार्यक्रम शुरू किया।,neutral,football,domain_context
8580,दबाव वाले मुकाबले में एथलीट ने दौड़ में शानदार खेल दिखाकर महत्वपूर्ण योगदान दिया।,positive,athletics,contextual
8581,खिलाड़ी ने क्वार्टरफाइनल में खराब प्रदर्शन किया और अपनी लय खो दी।,negative,tennis,paraphrase
8582,प्रशंसकों के सामने फॉरवर्ड ने मैच में शानदार खेल दिखाकर महत्वपूर्ण योगदान दिया।,positive,football,contextual
8583,प्रशंसकों के सामने कप्तान का मुकाबला में फीका खेल टीम पर भारी पड़ा।,negative,football,contextual
8584,निर्णायक मैच में धाविका फाइनल से पहले प्रशिक्षण कर रहा है।,neutral,athletics,factual
8585,मैच दबाव वाले मुकाबले में आयोजित होगा और गेंदबाज इसमें हिस्सा लेगा।,neutral,cricket,factual
8586,लंबे ब्रेक के बाद युवा शटलर ने मुकाबला से पहले प्रशिक्षण पूरा किया।,neutral,badminton,domain_context
8587,टूर्नामेंट के अहम चरण में डिफेंडर सेमीफाइनल से पहले प्रशिक्षण कर रहा है।,neutral,hockey,factual
8588,लंबे ब्रेक के बाद डिफेंडर ने प्लेऑफ में यादगार खेल दिखाकर दबदबा कायम रखा।,positive,kabaddi,contextual
8589,टूर्नामेंट के अहम चरण में डिफेंडर का मुकाबला में निराशाजनक खेल टीम पर भारी पड़ा।,negative,hockey,contextual
8590,गेंदबाज सीरीज के लिए अभ्यास सत्र में शामिल हुई।,neutral,cricket,neutral
8591,सेट निर्णायक मैच में आयोजित होगा और चैंपियन इसमें हिस्सा लेगा।,neutral,badminton,factual
8592,लगातार तीसरे मैच में क्लब ने फाइनल में शानदार खेल दिखाकर शानदार वापसी की।,positive,football,contextual
8593,सेट इस मुकाबले में आयोजित होगा और युवा खिलाड़ी इसमें हिस्सा लेगा।,neutral,tennis,factual
8594,गोलकीपर मुकाबला के लिए अगले मुकाबले की तैयारी कर रही है।,neutral,hockey,neutral
8595,घरेलू मैदान पर युवा शटलर का सेट में कमजोर खेल टीम पर भारी पड़ा।,negative,badminton,contextual
8596,सेट आज आयोजित होगा और युवा खिलाड़ी इसमें हिस्सा लेगा।,neutral,tennis,factual
8597,लगातार तीसरे मैच में धाविका ने रेस से पहले प्रशिक्षण पूरा किया।,neutral,athletics,domain_context
8598,डिफेंडर ने मैच में खराब प्रदर्शन किया और महत्वपूर्ण मौका गंवाया।,negative,kabaddi,paraphrase
8599,आज डिफेंडर ने लीग मैच में जबरदस्त खेल दिखाकर दबदबा कायम रखा।,positive,kabaddi,contextual
8600,हॉकी टीम ने मैच में कमजोर प्रदर्शन किया और मुकाबला गंवा दिया।,negative,hockey,paraphrase
8601,कप्तान की क्वार्टरफाइनल में बेअसर रणनीति काम नहीं आई।,negative,tennis,contextual
8602,डिफेंडर ने मैच में धमाकेदार प्रदर्शन करते हुए दबदबा कायम रखा।,positive,kabaddi,paraphrase
8603,प्रशंसकों के सामने भारतीय टीम मैच से पहले प्रशिक्षण कर रहा है।,neutral,cricket,factual
8604,इस मुकाबले में फॉरवर्ड ने फाइनल में धमाकेदार खेल दिखाकर जीत दर्ज की।,positive,football,contextual
8605,जोड़ी ने गेम में असंगत प्रदर्शन किया और अपनी लय खो दी।,negative,badminton,paraphrase
8606,सेमीफाइनल आज आयोजित होगा और कप्तान इसमें हिस्सा लेगा।,neutral,football,factual
8607,इस मुकाबले में खिलाड़ी का मैच में बेअसर खेल टीम पर भारी पड़ा।,negative,tennis,contextual
8608,घरेलू मैदान पर क्लब ने मुकाबला में शानदार खेल दिखाकर लगातार अच्छा प्रदर्शन किया।,positive,football,contextual
8609,महत्वपूर्ण मौके पर डिफेंडर ने सेमीफाइनल में बेहतरीन तालमेल के साथ जीत हासिल की।,positive,football,domain_context
8610,विकेटकीपर ने पारी में बेअसर खेल दिखाया और टीम को नुकसान हुआ।,negative,cricket,domain_context
8611,लंबे ब्रेक के बाद डिफेंडर ने लीग मैच में उत्कृष्ट खेल दिखाकर महत्वपूर्ण योगदान दिया।,positive,hockey,contextual
8612,टूर्नामेंट के अहम चरण में जोड़ी ने सेट से पहले प्रशिक्षण पूरा किया।,neutral,badminton,domain_context
8613,लगातार तीसरे मैच में हॉकी टीम ने सेमीफाइनल से पहले प्रशिक्षण पूरा किया।,neutral,hockey,domain_context
8614,घरेलू मैदान पर जोड़ी ने गेम में जबरदस्त खेल दिखाकर मुकाबला अपने नाम कर लिया।,positive,badminton,contextual
8615,घरेलू मैदान पर भारतीय धावक ने दौड़ में बेहतरीन खेल दिखाकर महत्वपूर्ण योगदान दिया।,positive,athletics,contextual
8616,जोड़ी ने फाइनल में खराब प्रदर्शन किया और उम्मीदों पर खरी नहीं उतरी।,negative,badminton,paraphrase
8617,आज डिफेंडर ने मैच में जबरदस्त खेल दिखाकर शानदार वापसी की।,positive,kabaddi,contextual
8618,रेडर ने फाइनल में कमजोर प्रदर्शन किया और मुकाबला गंवा दिया।,negative,kabaddi,paraphrase
8619,निर्णायक मैच में विकेटकीपर ने मैच से पहले प्रशिक्षण पूरा किया।,neutral,cricket,domain_context
8620,खिलाड़ी की क्वार्टरफाइनल में खराब रणनीति काम नहीं आई।,negative,tennis,contextual
8621,आज हॉकी टीम ने मुकाबला में बेहतरीन तालमेल के साथ जीत हासिल की।,positive,hockey,domain_context
8622,टूर्नामेंट के अहम चरण में भारतीय टीम ने फाइनल से पहले प्रशिक्षण पूरा किया।,neutral,hockey,domain_context
8623,दबाव वाले मुकाबले में धाविका का इवेंट में निराशाजनक खेल टीम पर भारी पड़ा।,negative,athletics,contextual
8624,चैंपियन ने गेम के लिए यात्रा कार्यक्रम साझा किया।,neutral,badminton,domain_context
8625,दबाव वाले मुकाबले में कप्तान सेमीफाइनल से पहले प्रशिक्षण कर रहा है।,neutral,football,factual
8626,दबाव वाले मुकाबले में रेडर ने फाइनल में बेहतरीन खेल दिखाकर दबदबा कायम रखा।,positive,kabaddi,contextual
8627,महत्वपूर्ण मौके पर चैंपियन ने मैच में धमाकेदार खेल दिखाकर मुकाबला अपने नाम कर लिया।,positive,badminton,contextual
8628,निर्णायक मैच में धाविका का फाइनल में बेअसर खेल टीम पर भारी पड़ा।,negative,athletics,contextual
8629,घरेलू मैदान पर चैंपियन फाइनल से पहले प्रशिक्षण कर रहा है।,neutral,badminton,factual
8630,इस मुकाबले में डिफेंडर ने लीग मैच से पहले प्रशिक्षण पूरा किया।,neutral,football,domain_context
8631,महत्वपूर्ण मौके पर युवा खिलाड़ी ने सेट में कमाल का खेल दिखाकर दबदबा कायम रखा।,positive,tennis,contextual
8632,लीग मैच टूर्नामेंट के अहम चरण में आयोजित होगा और फॉरवर्ड इसमें हिस्सा लेगा।,neutral,hockey,factual
8633,आज भारतीय टीम का मैच में फीका खेल टीम पर भारी पड़ा।,negative,cricket,contextual
8634,युवा एथलीट दौड़ के लिए रणनीति पर चर्चा कर रही है।,neutral,athletics,neutral
8635,दबाव वाले मुकाबले में भारतीय टीम ने मुकाबला में जबरदस्त खेल दिखाकर जीत दर्ज की।,positive,cricket,contextual
8636,टूर्नामेंट के अहम चरण में कप्तान का लीग मैच में फीका खेल टीम पर भारी पड़ा।,negative,football,contextual
8637,फॉरवर्ड ने मुकाबला में निराश करने वाला प्रदर्शन किया और लगातार गलतियां कीं।,negative,football,paraphrase
8638,टूर्नामेंट के अहम चरण में भारतीय टीम का लीग मैच में असंगत खेल टीम पर भारी पड़ा।,negative,football,contextual
8639,टेनिस स्टार की फाइनल में फीका रणनीति काम नहीं आई।,negative,tennis,contextual
8640,दबाव वाले मुकाबले में फॉरवर्ड ने मुकाबला में बेहतरीन तालमेल के साथ जीत हासिल की।,positive,football,domain_context
8641,भारतीय टीम की फाइनल में असंगत रणनीति काम नहीं आई।,negative,kabaddi,contextual
8642,भारतीय टीम ने फाइनल में खराब प्रदर्शन किया और लगातार गलतियां कीं।,negative,kabaddi,paraphrase
8643,मैच दबाव वाले मुकाबले में आयोजित होगा और टेनिस स्टार इसमें हिस्सा लेगा।,neutral,tennis,factual
8644,टेनिस स्टार ने मुकाबला में लाजवाब प्रदर्शन करते हुए मुश्किल स्थिति से बाहर निकली।,positive,tennis,paraphrase
8645,हॉकी टीम की टीम फाइनल के लिए अपनी अंतिम सूची तैयार कर रही है।,neutral,hockey,domain_context
8646,खिलाड़ी ने मुकाबला में कमजोर खेल दिखाया और टीम को नुकसान हुआ।,negative,kabaddi,domain_context
8647,लंबे ब्रेक के बाद विकेटकीपर ने पारी में उत्कृष्ट खेल दिखाकर दबदबा कायम रखा।,positive,cricket,contextual
8648,लगातार तीसरे मैच में खिलाड़ी मुकाबला से पहले प्रशिक्षण कर रहा है।,neutral,tennis,factual
8649,महत्वपूर्ण मौके पर रेडर ने फाइनल में बेहतरीन खेल दिखाकर दबदबा कायम रखा।,positive,kabaddi,contextual
8650,प्रशंसकों के सामने जोड़ी का फाइनल में लचर खेल टीम पर भारी पड़ा।,negative,badminton,contextual
8651,मुकाबला लगातार तीसरे मैच में आयोजित होगा और भारतीय खिलाड़ी इसमें हिस्सा लेगा।,neutral,tennis,factual
8652,लंबे ब्रेक के बाद बल्लेबाज ने सीरीज में जबरदस्त खेल दिखाकर दबदबा कायम रखा।,positive,cricket,contextual
8653,लगातार तीसरे मैच में कप्तान ने सेट में जबरदस्त खेल दिखाकर दबदबा कायम रखा।,positive,tennis,contextual
8654,चैंपियन ने मुकाबला में धमाकेदार प्रदर्शन करते हुए महत्वपूर्ण योगदान दिया।,positive,badminton,paraphrase
8655,खिलाड़ी ने गेम में शानदार प्रदर्शन करते हुए जीत दर्ज की।,positive,badminton,paraphrase
8656,लंबे ब्रेक के बाद भारतीय टीम ने प्लेऑफ से पहले प्रशिक्षण पूरा किया।,neutral,kabaddi,domain_context
8657,लंबे ब्रेक के बाद युवा एथलीट ने फाइनल में लाजवाब खेल दिखाकर जीत दर्ज की।,positive,athletics,contextual
8658,घरेलू मैदान पर युवा एथलीट का दौड़ में बेअसर खेल टीम पर भारी पड़ा।,negative,athletics,contextual
8659,सेमीफाइनल महत्वपूर्ण मौके पर आयोजित होगा और क्लब इसमें हिस्सा लेगा।,neutral,football,factual
8660,महत्वपूर्ण मौके पर फॉरवर्ड ने सेमीफाइनल से पहले प्रशिक्षण पूरा किया।,neutral,football,domain_context
8661,डिफेंडर मैच के लिए अगले मुकाबले की तैयारी कर रही है।,neutral,football,neutral
8662,भारतीय खिलाड़ी ने फाइनल में निराशाजनक प्रदर्शन किया और दबाव में बिखर गई।,negative,tennis,paraphrase
8663,जोड़ी सेट के लिए अगले दौर के लिए पहुंची।,neutral,badminton,neutral
8664,दौड़ आज आयोजित होगा और युवा एथलीट इसमें हिस्सा लेगा।,neutral,athletics,factual
8665,फाइनल लगातार तीसरे मैच में आयोजित होगा और खिलाड़ी इसमें हिस्सा लेगा।,neutral,tennis,factual
8666,युवा शटलर ने मुकाबला में निराशाजनक प्रदर्शन किया और महत्वपूर्ण मौका गंवाया।,negative,badminton,paraphrase
8667,दौड़ लंबे ब्रेक के बाद आयोजित होगा और एथलीट इसमें हिस्सा लेगा।,neutral,athletics,factual
8668,युवा खिलाड़ी मुकाबला के लिए अभ्यास सत्र में शामिल हुई।,neutral,tennis,neutral
8669,टूर्नामेंट के अहम चरण में हॉकी टीम ने मैच में लाजवाब खेल दिखाकर मुश्किल स्थिति से बाहर निकली।,positive,hockey,contextual
8670,घरेलू मैदान पर गोलकीपर ने फाइनल में बेहतरीन खेल दिखाकर शानदार वापसी की।,positive,hockey,contextual
8671,महत्वपूर्ण मौके पर भारतीय टीम ने मैच में बेहतरीन खेल दिखाकर जीत दर्ज की।,positive,hockey,contextual
8672,लगातार तीसरे मैच में गोलकीपर का मुकाबला में कमजोर खेल टीम पर भारी पड़ा।,negative,hockey,contextual
8673,फॉरवर्ड ने मुकाबला में फीका प्रदर्शन किया और लगातार गलतियां कीं।,negative,football,paraphrase
8674,कप्तान सेमीफाइनल के लिए मैच के लिए रवाना हुई।,neutral,football,neutral
8675,महत्वपूर्ण मौके पर खिलाड़ी इवेंट से पहले प्रशिक्षण कर रहा है।,neutral,athletics,factual
8676,कप्तान ने क्वार्टरफाइनल में फीका प्रदर्शन किया और मुकाबला गंवा दिया।,negative,tennis,paraphrase
8677,महत्वपूर्ण मौके पर भारतीय टीम पारी से पहले प्रशिक्षण कर रहा है।,neutral,cricket,factual
8678,गोलकीपर के लीग मैच में लाजवाब प्रदर्शन से टीम को फायदा हुआ।,positive,football,contextual
8679,लगातार तीसरे मैच में क्लब ने सेमीफाइनल में कमाल का खेल दिखाकर जीत दर्ज की।,positive,football,contextual
8680,टूर्नामेंट के अहम चरण में हॉकी टीम लीग मैच से पहले प्रशिक्षण कर रहा है।,neutral,hockey,factual
8681,प्रशंसकों के सामने खिलाड़ी ने गेम में यादगार खेल दिखाकर मुकाबला अपने नाम कर लिया।,positive,badminton,contextual
8682,आज गोलकीपर ने मैच में उत्कृष्ट खेल दिखाकर जीत दर्ज की।,positive,hockey,contextual
8683,इस मुकाबले में कप्तान का रन चेज में निराश करने वाला खेल टीम पर भारी पड़ा।,negative,cricket,contextual
8684,निर्णायक मैच में चैंपियन सेट से पहले प्रशिक्षण कर रहा है।,neutral,badminton,factual
8685,घरेलू मैदान पर फॉरवर्ड ने सेमीफाइनल में कमाल का खेल दिखाकर मुश्किल स्थिति से बाहर निकली।,positive,hockey,contextual
8686,युवा शटलर ने गेम में निराशाजनक प्रदर्शन किया और महत्वपूर्ण मौका गंवाया।,negative,badminton,paraphrase
8687,प्रशंसकों के सामने टेनिस स्टार ने सेट से पहले प्रशिक्षण पूरा किया।,neutral,tennis,domain_context
8688,प्रशंसकों के सामने खिलाड़ी ने इवेंट में धमाकेदार खेल दिखाकर शानदार वापसी की।,positive,athletics,contextual
8689,महत्वपूर्ण मौके पर खिलाड़ी का फाइनल में फीका खेल टीम पर भारी पड़ा।,negative,tennis,contextual
8690,इवेंट टूर्नामेंट के अहम चरण में आयोजित होगा और युवा एथलीट इसमें हिस्सा लेगा।,neutral,athletics,factual
8691,एथलीट ने प्रतियोगिता में कमजोर खेल दिखाया और टीम को नुकसान हुआ।,negative,athletics,domain_context
8692,खिलाड़ी ने सेट में बेअसर प्रदर्शन किया और दबाव में बिखर गई।,negative,tennis,paraphrase
8693,भारतीय टीम मैच के लिए प्रशिक्षण जारी रखे हुए है।,neutral,football,neutral
8694,फॉरवर्ड फाइनल के लिए मैच के लिए रवाना हुई।,neutral,football,neutral
8695,प्रशंसकों के सामने गेंदबाज ने रन चेज में शानदार खेल दिखाकर जीत दर्ज की।,positive,cricket,contextual
8696,दबाव वाले मुकाबले में चैंपियन ने फाइनल में कमाल का खेल दिखाकर महत्वपूर्ण योगदान दिया।,positive,badminton,contextual
8697,लगातार तीसरे मैच में एथलीट ने दौड़ में धमाकेदार खेल दिखाकर शानदार वापसी की।,positive,athletics,contextual
8698,आज खिलाड़ी ने प्रतियोगिता में शानदार खेल दिखाकर लगातार अच्छा प्रदर्शन किया।,positive,athletics,contextual
8699,लगातार तीसरे मैच में डिफेंडर का फाइनल में लचर खेल टीम पर भारी पड़ा।,negative,kabaddi,contextual
8700,प्रशंसकों के सामने कप्तान का लीग मैच में लचर खेल टीम पर भारी पड़ा।,negative,kabaddi,contextual
8701,महत्वपूर्ण मौके पर खिलाड़ी का फाइनल में बेअसर खेल टीम पर भारी पड़ा।,negative,tennis,contextual
8702,प्रशंसकों के सामने रेडर ने लीग मैच में यादगार खेल दिखाकर दबदबा कायम रखा।,positive,kabaddi,contextual
8703,महत्वपूर्ण मौके पर भारत ने पारी से पहले प्रशिक्षण पूरा किया।,neutral,cricket,domain_context
8704,भारतीय टीम ने फाइनल में निराश करने वाला प्रदर्शन किया और दबाव में बिखर गई।,negative,football,paraphrase
8705,महत्वपूर्ण मौके पर टेनिस स्टार ने क्वार्टरफाइनल से पहले प्रशिक्षण पूरा किया।,neutral,tennis,domain_context
8706,लंबे ब्रेक के बाद खिलाड़ी ने रेस में धमाकेदार खेल दिखाकर महत्वपूर्ण योगदान दिया।,positive,athletics,contextual
8707,महत्वपूर्ण मौके पर युवा एथलीट प्रतियोगिता से पहले प्रशिक्षण कर रहा है।,neutral,athletics,factual
8708,विकेटकीपर की सीरीज में निराशाजनक रणनीति काम नहीं आई।,negative,cricket,contextual
8709,क्लब ने मैच में असंगत प्रदर्शन किया और लगातार गलतियां कीं।,negative,football,paraphrase
8710,भारतीय टीम ओवर के लिए मैच के लिए रवाना हुई।,neutral,cricket,neutral
8711,खिलाड़ी ने मैच में कमजोर प्रदर्शन किया और बढ़त गंवा दी।,negative,tennis,paraphrase
8712,लगातार तीसरे मैच में कप्तान ने मैच में कमाल का खेल दिखाकर जीत दर्ज की।,positive,football,contextual
8713,टेनिस स्टार ने फाइनल के लिए तैयारी शुरू कर दी।,neutral,tennis,factual
8714,भारत ने पारी में लचर प्रदर्शन किया और मुकाबला गंवा दिया।,negative,cricket,paraphrase
8715,निर्णायक मैच में रेडर ने मुकाबला में बेहतरीन खेल दिखाकर मुकाबला अपने नाम कर लिया।,positive,kabaddi,contextual
8716,लंबे ब्रेक के बाद जोड़ी गेम से पहले प्रशिक्षण कर रहा है।,neutral,badminton,factual
8717,निर्णायक मैच में फॉरवर्ड मुकाबला से पहले प्रशिक्षण कर रहा है।,neutral,football,factual
8718,चैंपियन ने मैच के दौरान लगातार बेहतर निर्णय लिए।,positive,badminton,domain_context
8719,घरेलू मैदान पर धाविका ने दौड़ में बेहतरीन खेल दिखाकर जीत दर्ज की।,positive,athletics,contextual
8720,कप्तान ने क्वार्टरफाइनल में निराशाजनक प्रदर्शन किया और मुकाबला गंवा दिया।,negative,tennis,paraphrase
8721,युवा शटलर ने फाइनल में खराब प्रदर्शन किया और दबाव में बिखर गई।,negative,badminton,paraphrase
8722,महत्वपूर्ण मौके पर कप्तान का मुकाबला में निराशाजनक खेल टीम पर भारी पड़ा।,negative,cricket,contextual
8723,प्रतियोगिता दबाव वाले मुकाबले में आयोजित होगा और खिलाड़ी इसमें हिस्सा लेगा।,neutral,athletics,factual
8724,युवा शटलर ने मैच में खराब प्रदर्शन किया और दबाव में बिखर गई।,negative,badminton,paraphrase
8725,इस मुकाबले में खिलाड़ी ने प्लेऑफ में शानदार खेल दिखाकर लगातार अच्छा प्रदर्शन किया।,positive,kabaddi,contextual
8726,लगातार तीसरे मैच में बल्लेबाज का पारी में निराशाजनक खेल टीम पर भारी पड़ा।,negative,cricket,contextual
8727,महत्वपूर्ण मौके पर हॉकी टीम का लीग मैच में निराश करने वाला खेल टीम पर भारी पड़ा।,negative,hockey,contextual
8728,महत्वपूर्ण मौके पर गेंदबाज सीरीज से पहले प्रशिक्षण कर रहा है।,neutral,cricket,factual
8729,टूर्नामेंट के अहम चरण में भारतीय शटलर ने मुकाबला में उत्कृष्ट खेल दिखाकर लगातार अच्छा प्रदर्शन किया।,positive,badminton,contextual
8730,इस मुकाबले में भारतीय टीम का लीग मैच में खराब खेल टीम पर भारी पड़ा।,negative,kabaddi,contextual
8731,आज युवा खिलाड़ी मुकाबला से पहले प्रशिक्षण कर रहा है।,neutral,tennis,factual
8732,खिलाड़ी ने क्वार्टरफाइनल में खराब प्रदर्शन किया और लगातार गलतियां कीं।,negative,tennis,paraphrase
8733,दबाव वाले मुकाबले में डिफेंडर का मुकाबला में निराश करने वाला खेल टीम पर भारी पड़ा।,negative,hockey,contextual
8734,महत्वपूर्ण मौके पर धाविका ने इवेंट में जबरदस्त खेल दिखाकर शानदार वापसी की।,positive,athletics,contextual
8735,महत्वपूर्ण मौके पर भारतीय टीम ने लीग मैच में शानदार खेल दिखाकर मुश्किल स्थिति से बाहर निकली।,positive,kabaddi,contextual
8736,घरेलू मैदान पर डिफेंडर ने मुकाबला में उत्कृष्ट खेल दिखाकर मुश्किल स्थिति से बाहर निकली।,positive,hockey,contextual
8737,रेडर मुकाबला के लिए टूर्नामेंट में हिस्सा ले रही है।,neutral,kabaddi,neutral
8738,गोलकीपर के मुकाबला में उत्कृष्ट प्रदर्शन से टीम को फायदा हुआ।,positive,hockey,contextual
8739,निर्णायक मैच में एथलीट ने इवेंट में जबरदस्त खेल दिखाकर दबदबा कायम रखा।,positive,athletics,contextual
8740,चैंपियन मैच के लिए रणनीति पर चर्चा कर रही है।,neutral,badminton,neutral
8741,निर्णायक मैच में भारतीय टीम ने ओवर में शानदार खेल दिखाकर महत्वपूर्ण योगदान दिया।,positive,cricket,contextual
8742,महत्वपूर्ण मौके पर भारतीय धावक इवेंट से पहले प्रशिक्षण कर रहा है।,neutral,athletics,factual
8743,महत्वपूर्ण मौके पर खिलाड़ी का मुकाबला में निराश करने वाला खेल टीम पर भारी पड़ा।,negative,badminton,contextual
8744,आज डिफेंडर ने फाइनल से पहले प्रशिक्षण पूरा किया।,neutral,hockey,domain_context
8745,आज बल्लेबाज ने मुकाबला से पहले प्रशिक्षण पूरा किया।,neutral,cricket,domain_context
8746,मुकाबला दबाव वाले मुकाबले में आयोजित होगा और चैंपियन इसमें हिस्सा लेगा।,neutral,badminton,factual
8747,दबाव वाले मुकाबले में रेडर का मुकाबला में निराश करने वाला खेल टीम पर भारी पड़ा।,negative,kabaddi,contextual
8748,इस मुकाबले में डिफेंडर ने लीग मैच में यादगार खेल दिखाकर मुकाबला अपने नाम कर लिया।,positive,kabaddi,contextual
8749,लगातार तीसरे मैच में युवा खिलाड़ी का मुकाबला में असंगत खेल टीम पर भारी पड़ा।,negative,tennis,contextual
8750,सीरीज घरेलू मैदान पर आयोजित होगा और बल्लेबाज इसमें हिस्सा लेगा।,neutral,cricket,factual
8751,निर्णायक मैच में जोड़ी ने मैच में धमाकेदार खेल दिखाकर दबदबा कायम रखा।,positive,badminton,contextual
8752,लगातार तीसरे मैच में क्लब ने सेमीफाइनल में यादगार खेल दिखाकर दबदबा कायम रखा।,positive,football,contextual
8753,जोड़ी फाइनल के लिए प्रशिक्षण जारी रखे हुए है।,neutral,badminton,neutral
8754,महत्वपूर्ण मौके पर कप्तान ने फाइनल से पहले प्रशिक्षण पूरा किया।,neutral,tennis,domain_context
8755,दबाव वाले मुकाबले में खिलाड़ी ने दौड़ में कई आसान मौके गंवाए।,negative,athletics,domain_context
8756,प्रशंसकों के सामने गेंदबाज ने मैच में उत्कृष्ट खेल दिखाकर मुकाबला अपने नाम कर लिया।,positive,cricket,contextual
8757,दबाव वाले मुकाबले में हॉकी टीम सेमीफाइनल से पहले प्रशिक्षण कर रहा है।,neutral,hockey,factual
8758,आज भारतीय धावक रेस से पहले प्रशिक्षण कर रहा है।,neutral,athletics,factual
8759,आज हॉकी टीम मैच से पहले प्रशिक्षण कर रहा है।,neutral,hockey,factual
8760,इस मुकाबले में खिलाड़ी ने मुकाबला में धमाकेदार खेल दिखाकर दबदबा कायम रखा।,positive,kabaddi,contextual
8761,मैच टूर्नामेंट के अहम चरण में आयोजित होगा और भारतीय टीम इसमें हिस्सा लेगा।,neutral,football,factual
8762,निर्णायक मैच में डिफेंडर ने मुकाबला में लाजवाब खेल दिखाकर मुश्किल स्थिति से बाहर निकली।,positive,football,contextual
8763,शाम के मुकाबले में प्रदर्शन उम्मीद के मुताबिक नहीं रहा।,negative,multi-sport,domain_context
8764,दबाव वाले मुकाबले में जोड़ी का मैच में कमजोर खेल टीम पर भारी पड़ा।,negative,badminton,contextual
8765,रेडर अगले लीग मैच से पहले कोच के साथ बैठक करेगा।,neutral,kabaddi,domain_context
8766,लंबे ब्रेक के बाद रेडर ने फाइनल से पहले प्रशिक्षण पूरा किया।,neutral,kabaddi,domain_context
8767,भारतीय टीम ने रन चेज में कमजोर प्रदर्शन किया और लगातार गलतियां कीं।,negative,cricket,paraphrase
8768,महत्वपूर्ण मौके पर एथलीट का दौड़ में बेअसर खेल टीम पर भारी पड़ा।,negative,athletics,contextual
8769,भारत ने रन चेज में निराशाजनक प्रदर्शन किया और बढ़त गंवा दी।,negative,cricket,paraphrase
8770,आज युवा खिलाड़ी ने सेट में उत्कृष्ट खेल दिखाकर दबदबा कायम रखा।,positive,tennis,contextual
8771,इस मुकाबले में खिलाड़ी का फाइनल में कमजोर खेल टीम पर भारी पड़ा।,negative,athletics,contextual
8772,लगातार तीसरे मैच में फॉरवर्ड ने लीग मैच में शानदार खेल दिखाकर महत्वपूर्ण योगदान दिया।,positive,football,contextual
8773,लंबे ब्रेक के बाद भारतीय टीम मैच से पहले प्रशिक्षण कर रहा है।,neutral,hockey,factual
8774,टूर्नामेंट के अहम चरण में युवा एथलीट फाइनल से पहले प्रशिक्षण कर रहा है।,neutral,athletics,factual
8775,आज चैंपियन का गेम में बेअसर खेल टीम पर भारी पड़ा।,negative,badminton,contextual
8776,आज डिफेंडर ने सेमीफाइनल में जबरदस्त खेल दिखाकर मुश्किल स्थिति से बाहर निकली।,positive,football,contextual
8777,निर्णायक मैच में विकेटकीपर ने मुकाबला में शानदार खेल दिखाकर जीत दर्ज की।,positive,cricket,contextual
8778,लंबे ब्रेक के बाद क्लब मुकाबला से पहले प्रशिक्षण कर रहा है।,neutral,football,factual
8779,कप्तान ने मैच में फीका प्रदर्शन किया और बढ़त गंवा दी।,negative,cricket,paraphrase
8780,लंबे ब्रेक के बाद गोलकीपर का फाइनल में असंगत खेल टीम पर भारी पड़ा।,negative,football,contextual
8781,निर्णायक मैच में भारतीय टीम ने पारी से पहले प्रशिक्षण पूरा किया।,neutral,cricket,domain_context
8782,टूर्नामेंट के अहम चरण में रेडर ने प्लेऑफ में लाजवाब खेल दिखाकर लगातार अच्छा प्रदर्शन किया।,positive,kabaddi,contextual
8783,आज डिफेंडर ने सेमीफाइनल में शानदार खेल दिखाकर शानदार वापसी की।,positive,football,contextual
8784,प्लेऑफ प्रशंसकों के सामने आयोजित होगा और भारतीय टीम इसमें हिस्सा लेगा।,neutral,kabaddi,factual
8785,डिफेंडर मैच के लिए टूर्नामेंट में हिस्सा ले रही है।,neutral,football,neutral
8786,भारतीय शटलर ने फाइनल के लिए यात्रा कार्यक्रम साझा किया।,neutral,badminton,domain_context
8787,भारत ने ओवर में निराशाजनक खेल दिखाया और टीम को नुकसान हुआ।,negative,cricket,domain_context
8788,टूर्नामेंट के अहम चरण में हॉकी टीम ने फाइनल में कमाल का खेल दिखाकर महत्वपूर्ण योगदान दिया।,positive,hockey,contextual
8789,युवा खिलाड़ी ने फाइनल में लचर प्रदर्शन किया और महत्वपूर्ण मौका गंवाया।,negative,tennis,paraphrase
8790,गेम दबाव वाले मुकाबले में आयोजित होगा और खिलाड़ी इसमें हिस्सा लेगा।,neutral,badminton,factual
8791,फाइनल लगातार तीसरे मैच में आयोजित होगा और भारतीय खिलाड़ी इसमें हिस्सा लेगा।,neutral,tennis,factual
8792,लगातार तीसरे मैच में युवा शटलर ने मैच में यादगार खेल दिखाकर मुश्किल स्थिति से बाहर निकली।,positive,badminton,contextual
8793,लगातार तीसरे मैच में हॉकी टीम ने मैच में बेहतरीन खेल दिखाकर मुकाबला अपने नाम कर लिया।,positive,hockey,contextual
8794,लंबे ब्रेक के बाद कप्तान ने मैच में यादगार खेल दिखाकर दबदबा कायम रखा।,positive,kabaddi,contextual
8795,दबाव वाले मुकाबले में हॉकी टीम का मुकाबला में निराश करने वाला खेल टीम पर भारी पड़ा।,negative,hockey,contextual
8796,हॉकी टीम मुकाबला के लिए रणनीति पर चर्चा कर रही है।,neutral,hockey,neutral
8797,गोलकीपर ने लीग मैच में खराब प्रदर्शन किया और महत्वपूर्ण मौका गंवाया।,negative,hockey,paraphrase
8798,आज फॉरवर्ड ने लीग मैच में बेहतरीन तालमेल के साथ जीत हासिल की।,positive,football,domain_context
8799,निर्णायक मैच में गेंदबाज सीरीज से पहले प्रशिक्षण कर रहा है।,neutral,cricket,factual
8800,आज डिफेंडर का मैच में निराशाजनक खेल टीम पर भारी पड़ा।,negative,hockey,contextual
8801,विकेटकीपर ने ओवर में लचर प्रदर्शन किया और बढ़त गंवा दी।,negative,cricket,paraphrase
8802,लंबे ब्रेक के बाद चैंपियन ने सेट में कमाल का खेल दिखाकर लगातार अच्छा प्रदर्शन किया।,positive,badminton,contextual
8803,डिफेंडर ने फाइनल में बेअसर प्रदर्शन किया और उम्मीदों पर खरी नहीं उतरी।,negative,kabaddi,paraphrase
8804,खिलाड़ी ने मुकाबला में निराशाजनक प्रदर्शन किया और महत्वपूर्ण मौका गंवाया।,negative,kabaddi,paraphrase
8805,खिलाड़ी ने फाइनल में बेअसर प्रदर्शन किया और बढ़त गंवा दी।,negative,athletics,paraphrase
8806,भारतीय टीम ने मैच में शानदार खेल दिखाया और टीम को जीत दिलाई।,positive,cricket,domain_context
8807,प्रशंसकों के सामने भारतीय टीम का फाइनल में कमजोर खेल टीम पर भारी पड़ा।,negative,kabaddi,contextual
8808,घरेलू मैदान पर भारतीय टीम ने पारी में यादगार खेल दिखाकर मुकाबला अपने नाम कर लिया।,positive,cricket,contextual
8809,दबाव वाले मुकाबले में फॉरवर्ड ने मुकाबला में यादगार खेल दिखाकर महत्वपूर्ण योगदान दिया।,positive,football,contextual
8810,हॉकी टीम ने सेमीफाइनल में फीका प्रदर्शन किया और अपनी लय खो दी।,negative,hockey,paraphrase
8811,निर्णायक मैच में जोड़ी ने सेट में कई आसान मौके गंवाए।,negative,badminton,domain_context
8812,दबाव वाले मुकाबले में खिलाड़ी का फाइनल में निराश करने वाला खेल टीम पर भारी पड़ा।,negative,badminton,contextual
8813,मुकाबला टूर्नामेंट के अहम चरण में आयोजित होगा और युवा शटलर इसमें हिस्सा लेगा।,neutral,badminton,factual
8814,दबाव वाले मुकाबले में गोलकीपर ने मैच में यादगार खेल दिखाकर लगातार अच्छा प्रदर्शन किया।,positive,hockey,contextual
8815,लंबे ब्रेक के बाद क्लब ने सेमीफाइनल में बेहतरीन तालमेल के साथ जीत हासिल की।,positive,football,domain_context
8816,खिलाड़ी ने दौड़ में निराश करने वाला प्रदर्शन किया और बढ़त गंवा दी।,negative,athletics,paraphrase
8817,महत्वपूर्ण मौके पर कप्तान ने मुकाबला में कमाल का खेल दिखाकर दबदबा कायम रखा।,positive,cricket,contextual
8818,निर्णायक मैच में गोलकीपर का मैच में खराब खेल टीम पर भारी पड़ा।,negative,football,contextual
8819,प्रशंसकों के सामने डिफेंडर ने मैच में उत्कृष्ट खेल दिखाकर महत्वपूर्ण योगदान दिया।,positive,hockey,contextual
8820,घरेलू मैदान पर युवा खिलाड़ी का क्वार्टरफाइनल में कमजोर खेल टीम पर भारी पड़ा।,negative,tennis,contextual
8821,आज कप्तान ने मैच में जबरदस्त खेल दिखाकर मुश्किल स्थिति से बाहर निकली।,positive,kabaddi,contextual
8822,खिलाड़ी ने मुकाबला में बेअसर प्रदर्शन किया और महत्वपूर्ण मौका गंवाया।,negative,badminton,paraphrase
8823,दबाव वाले मुकाबले में बल्लेबाज मुकाबला से पहले प्रशिक्षण कर रहा है।,neutral,cricket,factual
8824,इस मुकाबले में भारतीय टीम ने सीरीज से पहले प्रशिक्षण पूरा किया।,neutral,cricket,domain_context
8825,खिलाड़ी ने फाइनल में बेअसर प्रदर्शन किया और लगातार गलतियां कीं।,negative,athletics,paraphrase
8826,खिलाड़ी अगले दौड़ से पहले कोच के साथ बैठक करेगा।,neutral,athletics,domain_context
8827,धाविका ने रेस के लिए यात्रा कार्यक्रम साझा किया।,neutral,athletics,domain_context
8828,घरेलू मैदान पर हॉकी टीम मुकाबला से पहले प्रशिक्षण कर रहा है।,neutral,hockey,factual
8829,लगातार तीसरे मैच में डिफेंडर ने मुकाबला से पहले प्रशिक्षण पूरा किया।,neutral,football,domain_context
8830,टूर्नामेंट के अहम चरण में खिलाड़ी का दौड़ में लचर खेल टीम पर भारी पड़ा।,negative,athletics,contextual
8831,दबाव वाले मुकाबले में हॉकी टीम ने मुकाबला से पहले प्रशिक्षण पूरा किया।,neutral,hockey,domain_context
8832,फाइनल इस मुकाबले में आयोजित होगा और धाविका इसमें हिस्सा लेगा।,neutral,athletics,factual
8833,युवा एथलीट के दौड़ में कमाल का प्रदर्शन से टीम को फायदा हुआ।,positive,athletics,contextual
8834,इस मुकाबले में एथलीट ने रेस में कमाल का खेल दिखाकर मुश्किल स्थिति से बाहर निकली।,positive,athletics,contextual
8835,निर्णायक मैच में रेडर मैच से पहले प्रशिक्षण कर रहा है।,neutral,kabaddi,factual
8836,लंबे ब्रेक के बाद रेडर ने मुकाबला में कमाल का खेल दिखाकर महत्वपूर्ण योगदान दिया।,positive,kabaddi,contextual
8837,इस मुकाबले में खिलाड़ी का सेट में लचर खेल टीम पर भारी पड़ा।,negative,tennis,contextual
8838,घरेलू मैदान पर खिलाड़ी ने सेट से पहले प्रशिक्षण पूरा किया।,neutral,tennis,domain_context
8839,गेंदबाज ने ओवर में खराब प्रदर्शन किया और उम्मीदों पर खरी नहीं उतरी।,negative,cricket,paraphrase
8840,सेमीफाइनल निर्णायक मैच में आयोजित होगा और क्लब इसमें हिस्सा लेगा।,neutral,football,factual
8841,भारतीय टीम ने लीग मैच में निराशाजनक प्रदर्शन किया और अपनी लय खो दी।,negative,kabaddi,paraphrase
8842,दबाव वाले मुकाबले में भारत ने मुकाबला में बेहतरीन खेल दिखाकर जीत दर्ज की।,positive,cricket,contextual
8843,लंबे ब्रेक के बाद रेडर ने लीग मैच में कमाल का खेल दिखाकर जीत दर्ज की।,positive,kabaddi,contextual
8844,रन चेज आज आयोजित होगा और विकेटकीपर इसमें हिस्सा लेगा।,neutral,cricket,factual
8845,महत्वपूर्ण मौके पर चैंपियन का सेट में निराश करने वाला खेल टीम पर भारी पड़ा।,negative,badminton,contextual
8846,जोड़ी ने मैच में लाजवाब प्रदर्शन करते हुए शानदार वापसी की।,positive,badminton,paraphrase
8847,प्रशंसकों के सामने गोलकीपर ने लीग मैच में कई आसान मौके गंवाए।,negative,hockey,domain_context
8848,मुकाबला लंबे ब्रेक के बाद आयोजित होगा और हॉकी टीम इसमें हिस्सा लेगा।,neutral,hockey,factual
8849,भारतीय शटलर गेम के लिए मैच के लिए रवाना हुई।,neutral,badminton,neutral
8850,युवा खिलाड़ी की टीम क्वार्टरफाइनल के लिए अपनी अंतिम सूची तैयार कर रही है।,neutral,tennis,domain_context
8851,घरेलू मैदान पर खिलाड़ी का इवेंट में असंगत खेल टीम पर भारी पड़ा।,negative,athletics,contextual
8852,रेडर ने लीग मैच में कमाल का प्रदर्शन करते हुए मुकाबला अपने नाम कर लिया।,positive,kabaddi,paraphrase
8853,चैंपियन ने गेम में फीका प्रदर्शन किया और उम्मीदों पर खरी नहीं उतरी।,negative,badminton,paraphrase
8854,चैंपियन ने गेम में बेअसर प्रदर्शन किया और मुकाबला गंवा दिया।,negative,badminton,paraphrase
8855,क्वार्टरफाइनल इस मुकाबले में आयोजित होगा और खिलाड़ी इसमें हिस्सा लेगा।,neutral,tennis,factual
8856,सेमीफाइनल प्रशंसकों के सामने आयोजित होगा और क्लब इसमें हिस्सा लेगा।,neutral,football,factual
8857,दबाव वाले मुकाबले में कप्तान फाइनल से पहले प्रशिक्षण कर रहा है।,neutral,tennis,factual
8858,मुकाबला लगातार तीसरे मैच में आयोजित होगा और डिफेंडर इसमें हिस्सा लेगा।,neutral,football,factual
8859,लंबे ब्रेक के बाद भारतीय खिलाड़ी ने फाइनल में कमाल का खेल दिखाकर महत्वपूर्ण योगदान दिया।,positive,tennis,contextual
8860,गेंदबाज ने पारी के लिए नया अभ्यास कार्यक्रम शुरू किया।,neutral,cricket,domain_context
8861,आज हॉकी टीम ने लीग मैच में यादगार खेल दिखाकर महत्वपूर्ण योगदान दिया।,positive,hockey,contextual
8862,एथलीट ने इवेंट में असंगत प्रदर्शन किया और दबाव में बिखर गई।,negative,athletics,paraphrase
8863,घरेलू मैदान पर खिलाड़ी ने मुकाबला में शानदार खेल दिखाकर शानदार वापसी की।,positive,tennis,contextual
8864,सेट आज आयोजित होगा और भारतीय शटलर इसमें हिस्सा लेगा।,neutral,badminton,factual
8865,गोलकीपर ने मुकाबला में लचर प्रदर्शन किया और बढ़त गंवा दी।,negative,hockey,paraphrase
8866,सेट इस मुकाबले में आयोजित होगा और कप्तान इसमें हिस्सा लेगा।,neutral,tennis,factual
8867,एथलीट इवेंट के लिए अगले मुकाबले की तैयारी कर रही है।,neutral,athletics,neutral
8868,निर्णायक चरण में टीम ने जीत का सुनहरा मौका गंवा दिया।,negative,multi-sport,domain_context
8869,टूर्नामेंट के अहम चरण में भारतीय टीम सेमीफाइनल से पहले प्रशिक्षण कर रहा है।,neutral,football,factual
8870,निर्णायक मैच में एथलीट ने रेस से पहले प्रशिक्षण पूरा किया।,neutral,athletics,domain_context
8871,दबाव वाले मुकाबले में डिफेंडर ने मुकाबला में शानदार खेल दिखाकर मुकाबला अपने नाम कर लिया।,positive,hockey,contextual
8872,लंबे ब्रेक के बाद फॉरवर्ड का लीग मैच में कमजोर खेल टीम पर भारी पड़ा।,negative,football,contextual
8873,निर्णायक मैच में युवा शटलर मैच से पहले प्रशिक्षण कर रहा है।,neutral,badminton,factual
8874,इस मुकाबले में एथलीट फाइनल से पहले प्रशिक्षण कर रहा है।,neutral,athletics,factual
8875,भारतीय टीम ने फाइनल में निराशाजनक प्रदर्शन किया और अपनी लय खो दी।,negative,football,paraphrase
8876,घरेलू मैदान पर डिफेंडर ने लीग मैच में बेहतरीन खेल दिखाकर महत्वपूर्ण योगदान दिया।,positive,hockey,contextual
8877,कप्तान ने मैच में धमाकेदार प्रदर्शन करते हुए दबदबा कायम रखा।,positive,tennis,paraphrase
8878,महत्वपूर्ण मौके पर जोड़ी ने फाइनल में जबरदस्त खेल दिखाकर शानदार वापसी की।,positive,badminton,contextual
8879,प्रशंसकों के सामने भारतीय टीम का पारी में खराब खेल टीम पर भारी पड़ा।,negative,cricket,contextual
8880,लंबे ब्रेक के बाद युवा खिलाड़ी ने मैच में यादगार खेल दिखाकर मुकाबला अपने नाम कर लिया।,positive,tennis,contextual
8881,दबाव वाले मुकाबले में विकेटकीपर मुकाबला से पहले प्रशिक्षण कर रहा है।,neutral,cricket,factual
8882,टूर्नामेंट के अहम चरण में कप्तान ने सेट में बेहतरीन खेल दिखाकर शानदार वापसी की।,positive,tennis,contextual
8883,प्रशंसकों के सामने भारतीय शटलर ने मैच में जबरदस्त खेल दिखाकर मुकाबला अपने नाम कर लिया।,positive,badminton,contextual
8884,चैंपियन ने मैच में निराशाजनक प्रदर्शन किया और उम्मीदों पर खरी नहीं उतरी।,negative,badminton,paraphrase
8885,धाविका की इवेंट में फीका रणनीति काम नहीं आई।,negative,athletics,contextual
8886,आज कप्तान ने क्वार्टरफाइनल में यादगार खेल दिखाकर मुकाबला अपने नाम कर लिया।,positive,tennis,contextual
8887,घरेलू मैदान पर युवा शटलर का सेट में खराब खेल टीम पर भारी पड़ा।,negative,badminton,contextual
8888,"Is tournament mein, Team ne match apne naam kar liya.",positive,multi-sport,code_mixed
8889,टूर्नामेंट के अहम चरण में फॉरवर्ड ने सेमीफाइनल में शानदार खेल दिखाकर दबदबा कायम रखा।,positive,hockey,contextual
8890,युवा खिलाड़ी मुकाबला के लिए अगले मुकाबले की तैयारी कर रही है।,neutral,tennis,neutral
8891,फाइनल लगातार तीसरे मैच में आयोजित होगा और रेडर इसमें हिस्सा लेगा।,neutral,kabaddi,factual
8892,लंबे ब्रेक के बाद कप्तान का ओवर में लचर खेल टीम पर भारी पड़ा।,negative,cricket,contextual
8893,फाइनल निर्णायक मैच में आयोजित होगा और युवा खिलाड़ी इसमें हिस्सा लेगा।,neutral,tennis,factual
8894,प्रशंसकों के सामने भारतीय टीम ने मुकाबला में यादगार खेल दिखाकर लगातार अच्छा प्रदर्शन किया।,positive,hockey,contextual
8895,लंबे ब्रेक के बाद खिलाड़ी ने मुकाबला में शानदार खेल दिखाकर महत्वपूर्ण योगदान दिया।,positive,kabaddi,contextual
8896,लगातार तीसरे मैच में विकेटकीपर का पारी में खराब खेल टीम पर भारी पड़ा।,negative,cricket,contextual
8897,धाविका ने फाइनल में शानदार खेल दिखाया और टीम को जीत दिलाई।,positive,athletics,domain_context
8898,बल्लेबाज ने पारी में फीका प्रदर्शन किया और महत्वपूर्ण मौका गंवाया।,negative,cricket,paraphrase
8899,मैच प्रशंसकों के सामने आयोजित होगा और टेनिस स्टार इसमें हिस्सा लेगा।,neutral,tennis,factual
8900,महत्वपूर्ण मौके पर भारतीय टीम ने फाइनल में बेहतरीन खेल दिखाकर लगातार अच्छा प्रदर्शन किया।,positive,hockey,contextual
8901,सेट घरेलू मैदान पर आयोजित होगा और कप्तान इसमें हिस्सा लेगा।,neutral,tennis,factual
8902,लगातार तीसरे मैच में भारतीय शटलर ने सेट में जबरदस्त खेल दिखाकर मुश्किल स्थिति से बाहर निकली।,positive,badminton,contextual
8903,विकेटकीपर ने रन चेज में लचर प्रदर्शन किया और अपनी लय खो दी।,negative,cricket,paraphrase
8904,महत्वपूर्ण मौके पर बल्लेबाज का पारी में निराश करने वाला खेल टीम पर भारी पड़ा।,negative,cricket,contextual
8905,लंबे ब्रेक के बाद जोड़ी ने गेम में उत्कृष्ट खेल दिखाकर लगातार अच्छा प्रदर्शन किया।,positive,badminton,contextual
8906,फाइनल निर्णायक मैच में आयोजित होगा और रेडर इसमें हिस्सा लेगा।,neutral,kabaddi,factual
8907,लंबे ब्रेक के बाद युवा खिलाड़ी ने क्वार्टरफाइनल में बेहतरीन खेल दिखाकर मुकाबला अपने नाम कर लिया।,positive,tennis,contextual
8908,निर्णायक मैच में विकेटकीपर ने पारी में धमाकेदार खेल दिखाकर जीत दर्ज की।,positive,cricket,contextual
8909,इस मुकाबले में रेडर प्लेऑफ से पहले प्रशिक्षण कर रहा है।,neutral,kabaddi,factual
8910,लगातार तीसरे मैच में खिलाड़ी ने इवेंट में लाजवाब खेल दिखाकर महत्वपूर्ण योगदान दिया।,positive,athletics,contextual
8911,लगातार तीसरे मैच में डिफेंडर मुकाबला से पहले प्रशिक्षण कर रहा है।,neutral,football,factual
8912,सीरीज निर्णायक मैच में आयोजित होगा और कप्तान इसमें हिस्सा लेगा।,neutral,cricket,factual
8913,लंबे ब्रेक के बाद खिलाड़ी का मुकाबला में बेअसर खेल टीम पर भारी पड़ा।,negative,tennis,contextual
8914,निर्णायक मैच में कप्तान ने प्लेऑफ में बेहतरीन खेल दिखाकर महत्वपूर्ण योगदान दिया।,positive,kabaddi,contextual
8915,फाइनल निर्णायक मैच में आयोजित होगा और भारतीय धावक इसमें हिस्सा लेगा।,neutral,athletics,factual
8916,निर्णायक मैच में गोलकीपर फाइनल से पहले प्रशिक्षण कर रहा है।,neutral,hockey,factual
8917,टेनिस स्टार ने क्वार्टरफाइनल में बेअसर प्रदर्शन किया और मुकाबला गंवा दिया।,negative,tennis,paraphrase
8918,लगातार तीसरे मैच में युवा शटलर का गेम में असंगत खेल टीम पर भारी पड़ा।,negative,badminton,contextual
8919,लगातार तीसरे मैच में धाविका प्रतियोगिता से पहले प्रशिक्षण कर रहा है।,neutral,athletics,factual
8920,डिफेंडर ने सेमीफाइनल में बेअसर प्रदर्शन किया और लगातार गलतियां कीं।,negative,football,paraphrase
8921,घरेलू मैदान पर फॉरवर्ड ने फाइनल में धमाकेदार खेल दिखाकर मुश्किल स्थिति से बाहर निकली।,positive,hockey,contextual
8922,रेडर की मैच में निराश करने वाला रणनीति काम नहीं आई।,negative,kabaddi,contextual
8923,खिलाड़ी की क्वार्टरफाइनल में फीका रणनीति काम नहीं आई।,negative,tennis,contextual
8924,इवेंट लगातार तीसरे मैच में आयोजित होगा और युवा एथलीट इसमें हिस्सा लेगा।,neutral,athletics,factual
8925,लंबे ब्रेक के बाद कप्तान ने क्वार्टरफाइनल में शानदार खेल दिखाकर महत्वपूर्ण योगदान दिया।,positive,tennis,contextual
8926,प्रशंसकों के सामने भारतीय टीम ने मुकाबला में धमाकेदार खेल दिखाकर शानदार वापसी की।,positive,hockey,contextual
8927,महत्वपूर्ण मौके पर खिलाड़ी ने फाइनल में बेहतरीन खेल दिखाकर जीत दर्ज की।,positive,badminton,contextual
8928,लंबे ब्रेक के बाद युवा खिलाड़ी ने क्वार्टरफाइनल में शानदार खेल दिखाकर जीत दर्ज की।,positive,tennis,contextual
8929,फाइनल घरेलू मैदान पर आयोजित होगा और कप्तान इसमें हिस्सा लेगा।,neutral,tennis,factual
8930,गेम महत्वपूर्ण मौके पर आयोजित होगा और भारतीय शटलर इसमें हिस्सा लेगा।,neutral,badminton,factual
8931,भारतीय खिलाड़ी ने क्वार्टरफाइनल में असंगत प्रदर्शन किया और दबाव में बिखर गई।,negative,tennis,paraphrase
8932,दबाव वाले मुकाबले में खिलाड़ी ने इवेंट में बेहतरीन खेल दिखाकर लगातार अच्छा प्रदर्शन किया।,positive,athletics,contextual
8933,महत्वपूर्ण मौके पर कप्तान ने सेमीफाइनल में धमाकेदार खेल दिखाकर मुश्किल स्थिति से बाहर निकली।,positive,football,contextual
8934,दबाव वाले मुकाबले में फॉरवर्ड ने फाइनल में यादगार खेल दिखाकर मुश्किल स्थिति से बाहर निकली।,positive,hockey,contextual
8935,टूर्नामेंट के अहम चरण में विकेटकीपर ने मैच में बेहतरीन खेल दिखाकर शानदार वापसी की।,positive,cricket,contextual
8936,निर्णायक मैच में खिलाड़ी ने प्लेऑफ में शानदार खेल दिखाकर मुश्किल स्थिति से बाहर निकली।,positive,kabaddi,contextual
8937,दबाव वाले मुकाबले में हॉकी टीम ने लीग मैच में शानदार खेल दिखाकर शानदार वापसी की।,positive,hockey,contextual
8938,खिलाड़ी ने गेम में लचर प्रदर्शन किया और महत्वपूर्ण मौका गंवाया।,negative,badminton,paraphrase
8939,लंबे ब्रेक के बाद भारतीय टीम ने लीग मैच में लाजवाब खेल दिखाकर मुकाबला अपने नाम कर लिया।,positive,kabaddi,contextual
8940,फॉरवर्ड ने मुकाबला में बेअसर प्रदर्शन किया और अपनी लय खो दी।,negative,hockey,paraphrase
8941,फॉरवर्ड को फाइनल के लिए टीम में शामिल किया गया है।,neutral,football,domain_context
8942,महत्वपूर्ण मौके पर भारतीय खिलाड़ी का मुकाबला में फीका खेल टीम पर भारी पड़ा।,negative,tennis,contextual
8943,लीग मैच इस मुकाबले में आयोजित होगा और क्लब इसमें हिस्सा लेगा।,neutral,football,factual
8944,धाविका ने रेस में उत्कृष्ट प्रदर्शन करते हुए जीत दर्ज की।,positive,athletics,paraphrase
8945,प्रशंसकों के सामने खिलाड़ी ने लीग मैच में कमाल का खेल दिखाकर मुकाबला अपने नाम कर लिया।,positive,kabaddi,contextual
8946,सेट टूर्नामेंट के अहम चरण में आयोजित होगा और जोड़ी इसमें हिस्सा लेगा।,neutral,badminton,factual
8947,आज खिलाड़ी का फाइनल में लचर खेल टीम पर भारी पड़ा।,negative,badminton,contextual
8948,दबाव वाले मुकाबले में चैंपियन सेट से पहले प्रशिक्षण कर रहा है।,neutral,badminton,factual
8949,आज बल्लेबाज ने मैच में यादगार खेल दिखाकर दबदबा कायम रखा।,positive,cricket,contextual
8950,ओवर महत्वपूर्ण मौके पर आयोजित होगा और विकेटकीपर इसमें हिस्सा लेगा।,neutral,cricket,factual
8951,प्रशंसकों के सामने गोलकीपर का फाइनल में कमजोर खेल टीम पर भारी पड़ा।,negative,hockey,contextual
8952,भारतीय खिलाड़ी सेट के लिए मैच के लिए रवाना हुई।,neutral,tennis,neutral
8953,लगातार तीसरे मैच में डिफेंडर ने सेमीफाइनल में कमाल का खेल दिखाकर महत्वपूर्ण योगदान दिया।,positive,football,contextual
8954,महत्वपूर्ण मौके पर खिलाड़ी का फाइनल में कमजोर खेल टीम पर भारी पड़ा।,negative,athletics,contextual
8955,आज कप्तान ने फाइनल में जबरदस्त खेल दिखाकर मुश्किल स्थिति से बाहर निकली।,positive,tennis,contextual
8956,फॉरवर्ड ने मैच के लिए तैयारी शुरू कर दी।,neutral,football,factual
8957,इस मुकाबले में चैंपियन ने फाइनल में यादगार खेल दिखाकर मुश्किल स्थिति से बाहर निकली।,positive,badminton,contextual
8958,लगातार तीसरे मैच में कप्तान ने प्लेऑफ में शानदार खेल दिखाकर मुकाबला अपने नाम कर लिया।,positive,kabaddi,contextual
8959,इस मुकाबले में भारतीय खिलाड़ी का फाइनल में असंगत खेल टीम पर भारी पड़ा।,negative,tennis,contextual
8960,टूर्नामेंट के अहम चरण में धाविका ने दौड़ में शानदार खेल दिखाकर जीत दर्ज की।,positive,athletics,contextual
8961,आज जोड़ी ने फाइनल में लाजवाब खेल दिखाकर दबदबा कायम रखा।,positive,badminton,contextual
8962,निर्णायक मैच में कप्तान ने क्वार्टरफाइनल में कमाल का खेल दिखाकर मुकाबला अपने नाम कर लिया।,positive,tennis,contextual
8963,आज युवा शटलर मैच से पहले प्रशिक्षण कर रहा है।,neutral,badminton,factual
8964,निर्णायक मैच में फॉरवर्ड ने लीग मैच में जबरदस्त खेल दिखाकर शानदार वापसी की।,positive,hockey,contextual
8965,प्लेऑफ निर्णायक मैच में आयोजित होगा और कप्तान इसमें हिस्सा लेगा।,neutral,kabaddi,factual
8966,प्रशंसकों के सामने कप्तान ने मैच से पहले रणनीति पर बात की।,neutral,multi-sport,domain_context
8967,खिलाड़ी ने प्लेऑफ में फीका प्रदर्शन किया और अपनी लय खो दी।,negative,kabaddi,paraphrase
8968,दबाव वाले मुकाबले में गोलकीपर का मैच में फीका खेल टीम पर भारी पड़ा।,negative,football,contextual
8969,टूर्नामेंट के अहम चरण में कप्तान ने मैच में शानदार खेल दिखाकर दबदबा कायम रखा।,positive,football,contextual
8970,आज कप्तान ने मैच में कई आसान मौके गंवाए।,negative,kabaddi,domain_context
8971,फाइनल निर्णायक मैच में आयोजित होगा और भारतीय शटलर इसमें हिस्सा लेगा।,neutral,badminton,factual
8972,गेम लगातार तीसरे मैच में आयोजित होगा और युवा शटलर इसमें हिस्सा लेगा।,neutral,badminton,factual
8973,टेनिस स्टार की चूक से सेट में टीम की स्थिति बिगड़ गई।,negative,tennis,domain_context
8974,निर्णायक मैच में चैंपियन का सेट में असंगत खेल टीम पर भारी पड़ा।,negative,badminton,contextual
8975,इस मुकाबले में क्लब का फाइनल में असंगत खेल टीम पर भारी पड़ा।,negative,football,contextual
8976,कप्तान ने मैच में असंगत प्रदर्शन किया और मुकाबला गंवा दिया।,negative,football,paraphrase
8977,महत्वपूर्ण मौके पर रेडर ने प्लेऑफ में लाजवाब खेल दिखाकर दबदबा कायम रखा।,positive,kabaddi,contextual
8978,आज युवा खिलाड़ी का क्वार्टरफाइनल में निराश करने वाला खेल टीम पर भारी पड़ा।,negative,tennis,contextual
8979,निर्णायक मैच में भारत ने ओवर में कमाल का खेल दिखाकर जीत दर्ज की।,positive,cricket,contextual
8980,इस मुकाबले में फॉरवर्ड ने फाइनल में कमाल का खेल दिखाकर शानदार वापसी की।,positive,hockey,contextual
8981,बल्लेबाज सीरीज के लिए टूर्नामेंट में हिस्सा ले रही है।,neutral,cricket,neutral
8982,कप्तान ओवर के लिए अगले मुकाबले की तैयारी कर रही है।,neutral,cricket,neutral
8983,इस मुकाबले में युवा एथलीट ने दौड़ में कई आसान मौके गंवाए।,negative,athletics,domain_context
8984,लंबे ब्रेक के बाद फॉरवर्ड ने सेमीफाइनल में यादगार खेल दिखाकर मुकाबला अपने नाम कर लिया।,positive,football,contextual
8985,इस मुकाबले में डिफेंडर ने फाइनल से पहले प्रशिक्षण पूरा किया।,neutral,hockey,domain_context
8986,मैच इस मुकाबले में आयोजित होगा और चैंपियन इसमें हिस्सा लेगा।,neutral,badminton,factual
8987,लगातार तीसरे मैच में हॉकी टीम का मैच में लचर खेल टीम पर भारी पड़ा।,negative,hockey,contextual
8988,इस मुकाबले में डिफेंडर ने फाइनल में बेहतरीन खेल दिखाकर महत्वपूर्ण योगदान दिया।,positive,kabaddi,contextual
8989,खिलाड़ी ने मुकाबला में कमजोर प्रदर्शन किया और लगातार गलतियां कीं।,negative,tennis,paraphrase
8990,आज डिफेंडर का फाइनल में कमजोर खेल टीम पर भारी पड़ा।,negative,kabaddi,contextual
8991,लंबे ब्रेक के बाद युवा शटलर ने गेम में लाजवाब खेल दिखाकर मुकाबला अपने नाम कर लिया।,positive,badminton,contextual
8992,खिलाड़ी फाइनल के लिए अगले मुकाबले की तैयारी कर रही है।,neutral,tennis,neutral
8993,भारतीय टीम प्लेऑफ के लिए अगले दौर के लिए पहुंची।,neutral,kabaddi,neutral
8994,भारतीय धावक ने इवेंट में निराशाजनक प्रदर्शन किया और उम्मीदों पर खरी नहीं उतरी।,negative,athletics,paraphrase
8995,महत्वपूर्ण मौके पर जोड़ी ने फाइनल में बेहतरीन खेल दिखाकर महत्वपूर्ण योगदान दिया।,positive,badminton,contextual
8996,दबाव वाले मुकाबले में डिफेंडर ने मैच से पहले प्रशिक्षण पूरा किया।,neutral,football,domain_context
8997,चैंपियन सेट के लिए मैच के लिए रवाना हुई।,neutral,badminton,neutral
8998,युवा एथलीट ने इवेंट के लिए तैयारी शुरू कर दी।,neutral,athletics,factual
8999,टूर्नामेंट के अहम चरण में भारतीय टीम का फाइनल में फीका खेल टीम पर भारी पड़ा।,negative,hockey,contextual
9000,प्रशंसकों के सामने खिलाड़ी ने लीग मैच में कमाल का खेल दिखाकर मुश्किल स्थिति से बाहर निकली।,positive,kabaddi,contextual
