sentence,sentiment,source,label
तुम्हारे विचारों में जो गहराई है वह दुर्लभ है।,positive,sentihin,2
फॉरवर्ड मुकाबला के लिए प्रशिक्षण जारी रखे हुए है।,neutral,sports,1
दबाव वाले मुकाबले में डिफेंडर का मुकाबला में बेअसर खेल टीम पर भारी पड़ा।,negative,sports,0
भारतीय टीम ने मैच में कमजोर प्रदर्शन किया और अपनी लय खो दी।,negative,sports,0
मैं रोज़ाना अपने आत्मविश्वास को बढ़ाने की कोशिश करता हूं।,neutral,sentihin,1
इस मुकाबले में धाविका ने इवेंट में लाजवाब खेल दिखाकर दबदबा कायम रखा।,positive,sports,2
यह कदम बहुत ही निराशाजनक साबित हुआ।,negative,sentihin,0
Pressure ke beech Team ne pressure mein solid finish kiya,positive,sports,2
महत्वपूर्ण मौके पर भारतीय टीम ने मैच में कमाल का खेल दिखाकर जीत दर्ज की।,positive,sports,2
लगातार तीसरे मैच में खिलाड़ी का क्वार्टरफाइनल में बेअसर खेल टीम पर भारी पड़ा।,negative,sports,0
यह यात्रा बेहद निराशाजनक रही।,negative,sentihin,0
प्रशंसकों के सामने गोलकीपर ने लीग मैच में कमाल का खेल दिखाकर शानदार वापसी की।,positive,sports,2
टूर्नामेंट के अहम चरण में भारतीय खिलाड़ी मैच से पहले प्रशिक्षण कर रहा है।,neutral,sports,1
निर्णायक मैच में भारतीय शटलर ने सेट में बेहतरीन खेल दिखाकर महत्वपूर्ण योगदान दिया।,positive,sports,2
तुम्हारा स्नेह प्रेरणा देता है।,positive,sentihin,2
आज गोलकीपर ने मुकाबला में कमाल का खेल दिखाकर शानदार वापसी की।,positive,sports,2
खिलाड़ी ने मुकाबला में कमजोर प्रदर्शन किया और लगातार गलतियां कीं।,negative,sports,0
लीग मैच टूर्नामेंट के अहम चरण में आयोजित होगा और कप्तान इसमें हिस्सा लेगा।,neutral,sports,1
प्रशंसकों के सामने गोलकीपर ने सेमीफाइनल में शानदार खेल दिखाकर मुकाबला अपने नाम कर लिया।,positive,sports,2
आपकी सोच में हमेशा सकारात्मकता झलकती है।,positive,sentihin,2
मुझे इस यात्रा में आनंद आया,positive,sentihin,2
लंबे ब्रेक के बाद चैंपियन ने फाइनल में उत्कृष्ट खेल दिखाकर मुश्किल स्थिति से बाहर निकली।,positive,sports,2
यह निर्णय मेरे लिए पूरी तरह से निराशाजनक रहा।,negative,sentihin,0
मैच लंबे ब्रेक के बाद आयोजित होगा और भारतीय टीम इसमें हिस्सा लेगा।,neutral,sports,1
टूर्नामेंट के अहम चरण में कप्तान सेट से पहले प्रशिक्षण कर रहा है।,neutral,sports,1
निर्णायक मैच में जोड़ी ने गेम में बेहतरीन खेल दिखाकर लगातार अच्छा प्रदर्शन किया।,positive,sports,2
भारतीय टीम ने मैच में लाजवाब प्रदर्शन करते हुए मुश्किल स्थिति से बाहर निकली।,positive,sports,2
भारतीय टीम ने मैच में लचर प्रदर्शन किया और अपनी लय खो दी।,negative,sports,0
टूर्नामेंट के अहम चरण में युवा एथलीट का दौड़ में निराशाजनक खेल टीम पर भारी पड़ा।,negative,sports,0
घरेलू मैदान पर चैंपियन का मुकाबला में बेअसर खेल टीम पर भारी पड़ा।,negative,sports,0
दबाव वाले मुकाबले में भारतीय धावक फाइनल से पहले प्रशिक्षण कर रहा है।,neutral,sports,1
फॉरवर्ड ने सेमीफाइनल में फीका प्रदर्शन किया और मुकाबला गंवा दिया।,negative,sports,0
युवा एथलीट ने इवेंट में बेअसर प्रदर्शन किया और महत्वपूर्ण मौका गंवाया।,negative,sports,0
चैंपियन ने मुकाबला के लिए नया अभ्यास कार्यक्रम शुरू किया।,neutral,sports,1
मुझे इसका उपयोग आनंददायक लगा,positive,sentihin,2
दौड़ घरेलू मैदान पर आयोजित होगा और युवा एथलीट इसमें हिस्सा लेगा।,neutral,sports,1
विकेटकीपर ने ओवर में निराशाजनक खेल दिखाया और टीम को नुकसान हुआ।,negative,sports,0
घरेलू मैदान पर कप्तान ने फाइनल में शानदार खेल दिखाकर जीत दर्ज की।,positive,sports,2
कप्तान ने मैच में खराब प्रदर्शन किया और अपनी लय खो दी।,negative,sports,0
इस मुकाबले में गोलकीपर ने लीग मैच में शानदार खेल दिखाकर मुश्किल स्थिति से बाहर निकली।,positive,sports,2
घरेलू मैदान पर कप्तान का सीरीज में लचर खेल टीम पर भारी पड़ा।,negative,sports,0
मैच दबाव वाले मुकाबले में आयोजित होगा और भारतीय शटलर इसमें हिस्सा लेगा।,neutral,sports,1
आज डिफेंडर का फाइनल में निराश करने वाला खेल टीम पर भारी पड़ा।,negative,sports,0
घरेलू मैदान पर भारत का पारी में असंगत खेल टीम पर भारी पड़ा।,negative,sports,0
यह किताब सामान्य ज्ञान के लिए ठीक है।,neutral,sentihin,1
आपकी सहायता मेरे लिए प्रेरणा का स्रोत बनी।,positive,sentihin,2
प्रतियोगिता दबाव वाले मुकाबले में आयोजित होगा और युवा एथलीट इसमें हिस्सा लेगा।,neutral,sports,1
विकेटकीपर ने ओवर में निराश करने वाला प्रदर्शन किया और बढ़त गंवा दी।,negative,sports,0
बल्लेबाज ने मुकाबला में फीका प्रदर्शन किया और मुकाबला गंवा दिया।,negative,sports,0
मुझे इसमें कोई विचार नहीं है।,neutral,sentihin,1
घरेलू मैदान पर विकेटकीपर मैच से पहले प्रशिक्षण कर रहा है।,neutral,sports,1
आपकी तारीफ से मन खुश हो गया।,positive,sentihin,2
यह खुशी मेरे जीवन में नई उमंग भरती है।,positive,sentihin,2
युवा एथलीट ने दौड़ में निराशाजनक खेल दिखाया और टीम को नुकसान हुआ।,negative,sports,0
आज कप्तान ने मैच में लाजवाब खेल दिखाकर मुकाबला अपने नाम कर लिया।,positive,sports,2
गेंदबाज मैच के लिए अभ्यास सत्र में शामिल हुई।,neutral,sports,1
आज कप्तान ने क्वार्टरफाइनल में यादगार खेल दिखाकर मुकाबला अपने नाम कर लिया।,positive,sports,2
मौसम आज सामान्य है,neutral,sentihin,1
निर्णायक मैच में भारतीय धावक ने फाइनल में शानदार खेल दिखाकर मुकाबला अपने नाम कर लिया।,positive,sports,2
आपका सुझाव बेहद उपयोगी रहा।,positive,sentihin,2
उसके कठोर शब्द सुनकर मैं पूरी तरह हताश हो गया।,negative,sentihin,0
युवा खिलाड़ी क्वार्टरफाइनल के लिए अगले मुकाबले की तैयारी कर रही है।,neutral,sports,1
मुझे वहाँ का खाना उबाऊ लगा।,negative,sentihin,0
गोलकीपर ने मुकाबला में फीका खेल दिखाया और टीम को नुकसान हुआ।,negative,sports,0
आपकी यह सफलता प्रशंसनीय है।,positive,sentihin,2
मैच प्रशंसकों के सामने आयोजित होगा और गोलकीपर इसमें हिस्सा लेगा।,neutral,sports,1
दबाव वाले मुकाबले में विकेटकीपर ने पारी से पहले प्रशिक्षण पूरा किया।,neutral,sports,1
आज खिलाड़ी का प्रतियोगिता में बेअसर खेल टीम पर भारी पड़ा।,negative,sports,0
उसका व्यवहार बहुत कटु और असंवेदनशील रहा।,negative,sentihin,0
प्रशंसकों के सामने भारतीय टीम का ओवर में कमजोर खेल टीम पर भारी पड़ा।,negative,sports,0
महत्वपूर्ण मौके पर भारतीय टीम ने मैच में जबरदस्त खेल दिखाकर जीत दर्ज की।,positive,sports,2
टूर्नामेंट के अहम चरण में खिलाड़ी ने क्वार्टरफाइनल में कई आसान मौके गंवाए।,negative,sports,0
लंबे ब्रेक के बाद भारत ने मैच में उत्कृष्ट खेल दिखाकर महत्वपूर्ण योगदान दिया।,positive,sports,2
इस मुकाबले में खिलाड़ी का मैच में कमजोर खेल टीम पर भारी पड़ा।,negative,sports,0
युवा खिलाड़ी ने मैच के लिए यात्रा कार्यक्रम साझा किया।,neutral,sports,1
लगातार तीसरे मैच में खिलाड़ी का सेट में असंगत खेल टीम पर भारी पड़ा।,negative,sports,0
हॉकी टीम ने मुकाबला में धमाकेदार प्रदर्शन करते हुए मुकाबला अपने नाम कर लिया।,positive,sports,2
इस मुद्दे पर मेरी कोई खास भावना नहीं है।,neutral,sentihin,1
इस विषय पर तटस्थ रहना ही उचित होगा।,neutral,sentihin,1
मुकाबला टूर्नामेंट के अहम चरण में आयोजित होगा और डिफेंडर इसमें हिस्सा लेगा।,neutral,sports,1
घरेलू मैदान पर भारतीय टीम का फाइनल में निराशाजनक खेल टीम पर भारी पड़ा।,negative,sports,0
एथलीट ने दौड़ के दौरान लगातार बेहतर निर्णय लिए।,positive,sports,2
मैं रोज़ाना अपने आसपास के लोगों की मदद करता हूं।,neutral,sentihin,1
मेरी उड़ान रद्द होने से मैं बहुत परेशान हूँ।,negative,sentihin,0
लंबे ब्रेक के बाद क्लब सेमीफाइनल से पहले प्रशिक्षण कर रहा है।,neutral,sports,1
लंबे ब्रेक के बाद जोड़ी का गेम में बेअसर खेल टीम पर भारी पड़ा।,negative,sports,0
महत्वपूर्ण मौके पर भारतीय शटलर का गेम में निराशाजनक खेल टीम पर भारी पड़ा।,negative,sports,0
महत्वपूर्ण मौके पर टेनिस स्टार ने सेट में धमाकेदार खेल दिखाकर मुश्किल स्थिति से बाहर निकली।,positive,sports,2
घरेलू मैदान पर डिफेंडर का मैच में बेअसर खेल टीम पर भारी पड़ा।,negative,sports,0
यह सेवा बेहद घटिया लगी।,negative,sentihin,0
भारतीय टीम मुकाबला के लिए मैच के लिए रवाना हुई।,neutral,sports,1
निर्णायक मैच में डिफेंडर का मैच में फीका खेल टीम पर भारी पड़ा।,negative,sports,0
भारतीय टीम के मैच में जबरदस्त प्रदर्शन से टीम को फायदा हुआ।,positive,sports,2
लगातार तीसरे मैच में खिलाड़ी ने सेट में बेहतरीन खेल दिखाकर दबदबा कायम रखा।,positive,sports,2
आपकी मदद के लिए मैं आभारी हूं।,positive,sentihin,2
आज डिफेंडर ने फाइनल में उत्कृष्ट खेल दिखाकर जीत दर्ज की।,positive,sports,2
खिलाड़ी ने क्वार्टरफाइनल में बेअसर खेल दिखाया और टीम को नुकसान हुआ।,negative,sports,0
कप्तान ने मुकाबला में असंगत खेल दिखाया और टीम को नुकसान हुआ।,negative,sports,0
इस मुकाबले में भारतीय शटलर ने सेट में धमाकेदार खेल दिखाकर जीत दर्ज की।,positive,sports,2
प्रशंसकों के सामने खिलाड़ी का दौड़ में खराब खेल टीम पर भारी पड़ा।,negative,sports,0
युवा एथलीट ने दौड़ में कमजोर प्रदर्शन किया और मुकाबला गंवा दिया।,negative,sports,0
यह फिल्म अत्यंत मनोरंजक रही।,positive,sentihin,2
घरेलू मैदान पर एथलीट ने फाइनल में बेहतरीन तालमेल के साथ जीत हासिल की।,positive,sports,2
टूर्नामेंट के अहम चरण में हॉकी टीम ने मैच में लाजवाब खेल दिखाकर महत्वपूर्ण योगदान दिया।,positive,sports,2
महत्वपूर्ण मौके पर भारतीय धावक ने दौड़ में बेहतरीन खेल दिखाकर शानदार वापसी की।,positive,sports,2
लगातार तीसरे मैच में डिफेंडर ने मुकाबला में शानदार खेल दिखाकर मुश्किल स्थिति से बाहर निकली।,positive,sports,2
मुझे वहाँ की सुविधाएं खराब लगीं।,negative,sentihin,0
गोलकीपर ने लीग मैच में लचर प्रदर्शन किया और अपनी लय खो दी।,negative,sports,0
लगातार तीसरे मैच में धाविका ने फाइनल में शानदार खेल दिखाकर जीत दर्ज की।,positive,sports,2
घरेलू मैदान पर विकेटकीपर ओवर से पहले प्रशिक्षण कर रहा है।,neutral,sports,1
लंबे ब्रेक के बाद युवा खिलाड़ी मुकाबला से पहले प्रशिक्षण कर रहा है।,neutral,sports,1
प्रशंसकों के सामने एथलीट ने फाइनल में बेहतरीन खेल दिखाकर शानदार वापसी की।,positive,sports,2
डिफेंडर की मेहनत से फाइनल में टीम का आत्मविश्वास बढ़ा।,positive,sports,2
घरेलू मैदान पर रेडर ने मैच में शानदार खेल दिखाकर शानदार वापसी की।,positive,sports,2
कप्तान सीरीज के लिए प्रशिक्षण जारी रखे हुए है।,neutral,sports,1
आज भारतीय टीम ने सीरीज से पहले प्रशिक्षण पूरा किया।,neutral,sports,1
निर्णायक मैच में जोड़ी ने सेट में कई आसान मौके गंवाए।,negative,sports,0
लगातार तीसरे मैच में भारतीय टीम ने प्लेऑफ में धमाकेदार खेल दिखाकर दबदबा कायम रखा।,positive,sports,2
कप्तान ने फाइनल में निराशाजनक प्रदर्शन किया और दबाव में बिखर गई।,negative,sports,0
मैं रोज़ाना अपने जीवन में खुशी ढूंढने की कोशिश करता हूं।,neutral,sentihin,1
निर्णायक मैच में युवा एथलीट ने इवेंट से पहले प्रशिक्षण पूरा किया।,neutral,sports,1
आज शनिवार है।,neutral,sentihin,1
खिलाड़ी ने मैच में निराशाजनक प्रदर्शन किया और उम्मीदों पर खरी नहीं उतरी।,negative,sports,0
आपकी सोच सदा नई ऊर्जा देती है।,positive,sentihin,2
महत्वपूर्ण मौके पर भारतीय टीम ने प्लेऑफ से पहले प्रशिक्षण पूरा किया।,neutral,sports,1
यह अनुभव काफी निराशाजनक था।,negative,sentihin,0
आज मैंने एक प्रेरणादायक कहानी सुनी।,positive,sentihin,2
दबाव वाले मुकाबले में खिलाड़ी ने मैच से पहले प्रशिक्षण पूरा किया।,neutral,sports,1
आपकी मुस्कान से मन प्रसन्न होता है।,positive,sentihin,2
महत्वपूर्ण मौके पर डिफेंडर ने प्लेऑफ में उत्कृष्ट खेल दिखाकर जीत दर्ज की।,positive,sports,2
निर्णायक मैच में भारतीय टीम ने ओवर में शानदार खेल दिखाकर महत्वपूर्ण योगदान दिया।,positive,sports,2
घरेलू मैदान पर गोलकीपर ने मैच में बेहतरीन खेल दिखाकर लगातार अच्छा प्रदर्शन किया।,positive,sports,2
आपका समर्थन मेरे लिए सदा प्रेरणा है।,positive,sentihin,2
युवा शटलर के शानदार प्रदर्शन ने फाइनल का रुख बदल दिया।,positive,sports,2
टूर्नामेंट के अहम चरण में रेडर ने मैच में बेहतरीन खेल दिखाकर मुश्किल स्थिति से बाहर निकली।,positive,sports,2
इस मुकाबले में रेडर ने मैच में यादगार खेल दिखाकर महत्वपूर्ण योगदान दिया।,positive,sports,2
लंबे ब्रेक के बाद भारत ने ओवर से पहले प्रशिक्षण पूरा किया।,neutral,sports,1
घरेलू मैदान पर कप्तान ने मैच में धमाकेदार खेल दिखाकर दबदबा कायम रखा।,positive,sports,2
कप्तान ने मुकाबला में लचर प्रदर्शन किया और लगातार गलतियां कीं।,negative,sports,0
दबाव वाले मुकाबले में जोड़ी ने मैच में यादगार खेल दिखाकर शानदार वापसी की।,positive,sports,2
लगातार तीसरे मैच में गोलकीपर ने लीग मैच में उत्कृष्ट खेल दिखाकर मुकाबला अपने नाम कर लिया।,positive,sports,2
यह फिल्म देखना समय की बर्बादी थी,negative,sentihin,0
पारी घरेलू मैदान पर आयोजित होगा और कप्तान इसमें हिस्सा लेगा।,neutral,sports,1
निर्णायक मैच में गोलकीपर ने लीग मैच में कई आसान मौके गंवाए।,negative,sports,0
लगातार तीसरे मैच में गेंदबाज ने रन चेज से पहले प्रशिक्षण पूरा किया।,neutral,sports,1
क्वार्टरफाइनल आज आयोजित होगा और खिलाड़ी इसमें हिस्सा लेगा।,neutral,sports,1
आज खिलाड़ी ने क्वार्टरफाइनल में जबरदस्त खेल दिखाकर मुश्किल स्थिति से बाहर निकली।,positive,sports,2
उसकी उपेक्षा दुखद थी।,negative,sentihin,0
तुम्हारे सहयोग के बिना यह सफलता संभव नहीं थी।,positive,sentihin,2
आज हॉकी टीम का लीग मैच में निराश करने वाला खेल टीम पर भारी पड़ा।,negative,sports,0
लगातार तीसरे मैच में धाविका ने रेस से पहले प्रशिक्षण पूरा किया।,neutral,sports,1
मुझे यह प्रस्तुति ठीक लगी,neutral,sentihin,1
इस मुकाबले में कप्तान ने सेट में धमाकेदार खेल दिखाकर जीत दर्ज की।,positive,sports,2
टूर्नामेंट के अहम चरण में खिलाड़ी ने मुकाबला में कमाल का खेल दिखाकर लगातार अच्छा प्रदर्शन किया।,positive,sports,2
आपकी मदद से मन प्रसन्न होता है।,positive,sentihin,2
भारतीय टीम ने मुकाबला में बेहतरीन प्रदर्शन करते हुए महत्वपूर्ण योगदान दिया।,positive,sports,2
प्रशंसकों के सामने भारतीय खिलाड़ी ने फाइनल में जबरदस्त खेल दिखाकर जीत दर्ज की।,positive,sports,2
प्रशंसकों के सामने एथलीट ने प्रतियोगिता में उत्कृष्ट खेल दिखाकर दबदबा कायम रखा।,positive,sports,2
लीग मैच प्रशंसकों के सामने आयोजित होगा और कप्तान इसमें हिस्सा लेगा।,neutral,sports,1
घरेलू मैदान पर क्लब ने मैच में यादगार खेल दिखाकर मुश्किल स्थिति से बाहर निकली।,positive,sports,2
इस मुकाबले में खिलाड़ी फाइनल से पहले प्रशिक्षण कर रहा है।,neutral,sports,1
खिलाड़ी ने रेस में कमजोर प्रदर्शन किया और उम्मीदों पर खरी नहीं उतरी।,negative,sports,0
तुम्हारे बिना यह सफर इतना आसान नहीं होता।,positive,sentihin,2
कप्तान ने पारी में निराश करने वाला प्रदर्शन किया और दबाव में बिखर गई।,negative,sports,0
निर्णायक मैच में रेडर ने मैच में जबरदस्त खेल दिखाकर महत्वपूर्ण योगदान दिया।,positive,sports,2
इस प्रस्तुति ने मुझे प्रेरित किया,positive,sentihin,2
आज विकेटकीपर ने मैच में शानदार खेल दिखाकर लगातार अच्छा प्रदर्शन किया।,positive,sports,2
चैंपियन ने मैच में कमाल का प्रदर्शन करते हुए मुश्किल स्थिति से बाहर निकली।,positive,sports,2
इस विषय पर मेरी कोई विशेष राय नहीं है।,neutral,sentihin,1
महत्वपूर्ण मौके पर डिफेंडर सेमीफाइनल से पहले प्रशिक्षण कर रहा है।,neutral,sports,1
दबाव वाले मुकाबले में भारतीय टीम ने लीग मैच में जबरदस्त खेल दिखाकर मुश्किल स्थिति से बाहर निकली।,positive,sports,2
टूर्नामेंट के अहम चरण में टेनिस स्टार सेट से पहले प्रशिक्षण कर रहा है।,neutral,sports,1
रेडर ने फाइनल के लिए यात्रा कार्यक्रम साझा किया।,neutral,sports,1
इस मुकाबले में क्लब मैच से पहले प्रशिक्षण कर रहा है।,neutral,sports,1
खिलाड़ी ने दौड़ में निराश करने वाला प्रदर्शन किया और बढ़त गंवा दी।,negative,sports,0
निर्णायक मैच में टेनिस स्टार का मुकाबला में बेअसर खेल टीम पर भारी पड़ा।,negative,sports,0
इस मुकाबले में गोलकीपर ने मुकाबला में शानदार खेल दिखाकर लगातार अच्छा प्रदर्शन किया।,positive,sports,2
उसकी बेरुखी ने कई सवाल खड़े कर दिए।,negative,sentihin,0
सेट आज आयोजित होगा और चैंपियन इसमें हिस्सा लेगा।,neutral,sports,1
यह निर्णय गलत रहा।,negative,sentihin,0
आज गेंदबाज ने मैच में यादगार खेल दिखाकर मुकाबला अपने नाम कर लिया।,positive,sports,2
दबाव वाले मुकाबले में टेनिस स्टार का सेट में निराश करने वाला खेल टीम पर भारी पड़ा।,negative,sports,0
इस अवसर ने मुझे आगे बढ़ने का साहस दिया।,positive,sentihin,2
दबाव वाले मुकाबले में डिफेंडर का लीग मैच में निराशाजनक खेल टीम पर भारी पड़ा।,negative,sports,0
दबाव वाले मुकाबले में एथलीट का इवेंट में निराश करने वाला खेल टीम पर भारी पड़ा।,negative,sports,0
दबाव वाले मुकाबले में विकेटकीपर ने रन चेज से पहले प्रशिक्षण पूरा किया।,neutral,sports,1
यह घटना बहुत ही हृदय विदारक थी।,negative,sentihin,0
उसकी बार बार की उपेक्षा ने मेरे मन को बहुत ठेस पहुँचाई।,negative,sentihin,0
युवा एथलीट ने इवेंट में असंगत प्रदर्शन किया और मुकाबला गंवा दिया।,negative,sports,0
लगातार तीसरे मैच में युवा शटलर का सेट में निराश करने वाला खेल टीम पर भारी पड़ा।,negative,sports,0
टेनिस स्टार अगले मुकाबला से पहले कोच के साथ बैठक करेगा।,neutral,sports,1
लगातार तीसरे मैच में धाविका का प्रतियोगिता में फीका खेल टीम पर भारी पड़ा।,negative,sports,0
उसकी बातें सुनकर मेरे मन में गहरी निराशा भर गई।,negative,sentihin,0
निर्णायक मैच में कप्तान का मैच में असंगत खेल टीम पर भारी पड़ा।,negative,sports,0
इस मुकाबले में विकेटकीपर का रन चेज में निराश करने वाला खेल टीम पर भारी पड़ा।,negative,sports,0
लंबे ब्रेक के बाद गेंदबाज ने सीरीज में लाजवाब खेल दिखाकर लगातार अच्छा प्रदर्शन किया।,positive,sports,2
यह छुट्टी बहुत आनंदमय और यादगार थी।,positive,sentihin,2
आज विकेटकीपर मैच से पहले प्रशिक्षण कर रहा है।,neutral,sports,1
भारतीय धावक को रेस के लिए टीम में शामिल किया गया है।,neutral,sports,1
मैं इसमें कोई खास अंतर नहीं देख पाया।,neutral,sentihin,1
इस मुकाबले में हॉकी टीम मुकाबला से पहले प्रशिक्षण कर रहा है।,neutral,sports,1
इस बारे में मैं किसी भी निष्कर्ष पर नहीं पहुँचा हूं।,neutral,sentihin,1
मुकाबला दबाव वाले मुकाबले में आयोजित होगा और फॉरवर्ड इसमें हिस्सा लेगा।,neutral,sports,1
भारतीय टीम प्लेऑफ के लिए अगले दौर के लिए पहुंची।,neutral,sports,1
दौड़ प्रशंसकों के सामने आयोजित होगा और खिलाड़ी इसमें हिस्सा लेगा।,neutral,sports,1
निर्णायक मैच में भारतीय टीम प्लेऑफ से पहले प्रशिक्षण कर रहा है।,neutral,sports,1
घरेलू मैदान पर एथलीट ने दौड़ में शानदार खेल दिखाकर शानदार वापसी की।,positive,sports,2
इस मुकाबले में धाविका ने फाइनल से पहले प्रशिक्षण पूरा किया।,neutral,sports,1
खिलाड़ी ने मुकाबला में लचर प्रदर्शन किया और उम्मीदों पर खरी नहीं उतरी।,negative,sports,0
टूर्नामेंट के अहम चरण में जोड़ी ने सेट में कई आसान मौके गंवाए।,negative,sports,0
लगातार तीसरे मैच में भारतीय खिलाड़ी ने मैच में लाजवाब खेल दिखाकर महत्वपूर्ण योगदान दिया।,positive,sports,2
मुझे इसमें कोई विचार प्रकट नहीं करना है।,neutral,sentihin,1
तुम्हारी विनम्रता दिल को बहुत भा गई।,positive,sentihin,2
तुम्हारी मुस्कान मन को भा गई।,positive,sentihin,2
आपका प्रोत्साहन बहुत महत्वपूर्ण है।,positive,sentihin,2
लंबे ब्रेक के बाद भारतीय शटलर ने मैच में लाजवाब खेल दिखाकर मुकाबला अपने नाम कर लिया।,positive,sports,2
प्रशंसकों के सामने टेनिस स्टार ने मैच में शानदार खेल दिखाकर शानदार वापसी की।,positive,sports,2
महत्वपूर्ण मौके पर भारतीय टीम ने पारी में कमाल का खेल दिखाकर मुकाबला अपने नाम कर लिया।,positive,sports,2
तुम्हारा आत्मविश्वास देखकर मेरे मन में भी उत्साह जागता है।,positive,sentihin,2
निर्णायक मैच में खिलाड़ी ने मुकाबला में जबरदस्त खेल दिखाकर जीत दर्ज की।,positive,sports,2
लंबे ब्रेक के बाद डिफेंडर का फाइनल में फीका खेल टीम पर भारी पड़ा।,negative,sports,0
हॉकी टीम ने लीग मैच में कमजोर प्रदर्शन किया और महत्वपूर्ण मौका गंवाया।,negative,sports,0
निर्णायक मैच में भारतीय टीम ने प्लेऑफ में बेहतरीन खेल दिखाकर मुश्किल स्थिति से बाहर निकली।,positive,sports,2
निर्णायक मैच में डिफेंडर ने मुकाबला से पहले प्रशिक्षण पूरा किया।,neutral,sports,1
महत्वपूर्ण मौके पर फॉरवर्ड का लीग मैच में असंगत खेल टीम पर भारी पड़ा।,negative,sports,0
प्रशंसकों के सामने फॉरवर्ड का सेमीफाइनल में खराब खेल टीम पर भारी पड़ा।,negative,sports,0
इवेंट महत्वपूर्ण मौके पर आयोजित होगा और भारतीय धावक इसमें हिस्सा लेगा।,neutral,sports,1
महत्वपूर्ण मौके पर फॉरवर्ड ने लीग मैच में शानदार खेल दिखाकर महत्वपूर्ण योगदान दिया।,positive,sports,2
दबाव वाले मुकाबले में गोलकीपर का मुकाबला में फीका खेल टीम पर भारी पड़ा।,negative,sports,0
लंबे ब्रेक के बाद खिलाड़ी का फाइनल में असंगत खेल टीम पर भारी पड़ा।,negative,sports,0
मुझे इस निर्णय से कोई फर्क नहीं पड़ा।,neutral,sentihin,1
आज डिफेंडर ने लीग मैच में लाजवाब खेल दिखाकर जीत दर्ज की।,positive,sports,2
महत्वपूर्ण मौके पर भारतीय टीम का मैच में कमजोर खेल टीम पर भारी पड़ा।,negative,sports,0
गेम लंबे ब्रेक के बाद आयोजित होगा और चैंपियन इसमें हिस्सा लेगा।,neutral,sports,1
सेट टूर्नामेंट के अहम चरण में आयोजित होगा और जोड़ी इसमें हिस्सा लेगा।,neutral,sports,1
आज डिफेंडर का सेमीफाइनल में असंगत खेल टीम पर भारी पड़ा।,negative,sports,0
मुझे वहाँ का खाना अस्वादिष्ट लगा।,negative,sentihin,0
इवेंट टूर्नामेंट के अहम चरण में आयोजित होगा और धाविका इसमें हिस्सा लेगा।,neutral,sports,1
मुझे इसमें कोई विशेष बात नजर नहीं आई।,neutral,sentihin,1
चैंपियन ने सेट में फीका प्रदर्शन किया और अपनी लय खो दी।,negative,sports,0
लीग मैच घरेलू मैदान पर आयोजित होगा और गोलकीपर इसमें हिस्सा लेगा।,neutral,sports,1
आपका सहयोग प्रेरणा देता है।,positive,sentihin,2
यह अवसर व्यर्थ हो गया।,negative,sentihin,0
लगातार तीसरे मैच में क्लब का मैच में असंगत खेल टीम पर भारी पड़ा।,negative,sports,0
दबाव वाले मुकाबले में विकेटकीपर रन चेज से पहले प्रशिक्षण कर रहा है।,neutral,sports,1
भारतीय टीम मैच के लिए टूर्नामेंट में हिस्सा ले रही है।,neutral,sports,1
युवा एथलीट ने दौड़ के लिए यात्रा कार्यक्रम साझा किया।,neutral,sports,1
एथलीट ने प्रतियोगिता में खराब प्रदर्शन किया और महत्वपूर्ण मौका गंवाया।,negative,sports,0
मुझे इसमें कोई भावना नहीं हुई।,neutral,sentihin,1
युवा एथलीट की फाइनल में खराब रणनीति काम नहीं आई।,negative,sports,0
इस मुकाबले में हॉकी टीम ने लीग मैच से पहले प्रशिक्षण पूरा किया।,neutral,sports,1
भारतीय टीम प्लेऑफ के लिए अभ्यास सत्र में शामिल हुई।,neutral,sports,1
कप्तान ने फाइनल में खराब प्रदर्शन किया और दबाव में बिखर गई।,negative,sports,0
मैं इस मामले पर कोई टिप्पणी नहीं करूँगा।,neutral,sentihin,1
भारतीय खिलाड़ी ने मुकाबला में खराब प्रदर्शन किया और लगातार गलतियां कीं।,negative,sports,0
टूर्नामेंट के अहम चरण में भारतीय धावक प्रतियोगिता से पहले प्रशिक्षण कर रहा है।,neutral,sports,1
आज एथलीट का प्रतियोगिता में बेअसर खेल टीम पर भारी पड़ा।,negative,sports,0
टूर्नामेंट के अहम चरण में क्लब ने फाइनल में लाजवाब खेल दिखाकर शानदार वापसी की।,positive,sports,2
महत्वपूर्ण मौके पर टेनिस स्टार ने मुकाबला में धमाकेदार खेल दिखाकर जीत दर्ज की।,positive,sports,2
फॉरवर्ड ने सेमीफाइनल के लिए यात्रा कार्यक्रम साझा किया।,neutral,sports,1
यह उत्सव बहुत सुंदर था।,positive,sentihin,2
यह योजना बेहद सफल रही।,positive,sentihin,2
गोलकीपर सेमीफाइनल के लिए अभ्यास सत्र में शामिल हुई।,neutral,sports,1
मैं रोज पांच बजे उठता हूं।,neutral,sentihin,1
आज भारतीय शटलर मुकाबला से पहले प्रशिक्षण कर रहा है।,neutral,sports,1
दबाव वाले मुकाबले में भारतीय धावक ने रेस से पहले प्रशिक्षण पूरा किया।,neutral,sports,1
तुम्हारे विचार सुनकर मन में ऊर्जा और उत्साह भर जाता है।,positive,sentihin,2
सेट टूर्नामेंट के अहम चरण में आयोजित होगा और युवा शटलर इसमें हिस्सा लेगा।,neutral,sports,1
लगातार तीसरे मैच में खिलाड़ी का फाइनल में खराब खेल टीम पर भारी पड़ा।,negative,sports,0
आज मैंने एक अच्छी जगह देखी।,positive,sentihin,2
आज युवा एथलीट ने इवेंट में जबरदस्त खेल दिखाकर जीत दर्ज की।,positive,sports,2
निर्णायक मैच में डिफेंडर ने मैच में बेहतरीन खेल दिखाकर शानदार वापसी की।,positive,sports,2
आज मंगलवार है।,neutral,sentihin,1
दबाव वाले मुकाबले में युवा शटलर ने गेम में शानदार खेल दिखाकर मुश्किल स्थिति से बाहर निकली।,positive,sports,2
मैं इस काम से बोर हो गया हूं।,negative,sentihin,0
यह यात्रा पूरी तरह विफल रही।,negative,sentihin,0
दबाव वाले मुकाबले में कप्तान का मैच में बेअसर खेल टीम पर भारी पड़ा।,negative,sports,0
टूर्नामेंट के अहम चरण में भारतीय शटलर ने मैच में धमाकेदार खेल दिखाकर दबदबा कायम रखा।,positive,sports,2
धाविका फाइनल के लिए प्रशिक्षण जारी रखे हुए है।,neutral,sports,1
रेडर ने फाइनल में निराशाजनक प्रदर्शन किया और मुकाबला गंवा दिया।,negative,sports,0
खिलाड़ी सेट के लिए टूर्नामेंट में हिस्सा ले रही है।,neutral,sports,1
मुझे वहाँ की भीड़ से असुविधा हुई।,negative,sentihin,0
प्रशंसकों के सामने भारतीय धावक का फाइनल में खराब खेल टीम पर भारी पड़ा।,negative,sports,0
मुझे इसमें कोई विशेष बात नहीं दिखी,neutral,sentihin,1
टूर्नामेंट के अहम चरण में रेडर ने लीग मैच में कई आसान मौके गंवाए।,negative,sports,0
दबाव वाले मुकाबले में हॉकी टीम का मुकाबला में फीका खेल टीम पर भारी पड़ा।,negative,sports,0
आपकी मुस्कान दिल को प्रसन्न करती है।,positive,sentihin,2
लंबे ब्रेक के बाद बल्लेबाज ने मैच से पहले प्रशिक्षण पूरा किया।,neutral,sports,1
इस रेस्तरां का खाना बहुत स्वादिष्ट था।,positive,sentihin,2
भारतीय धावक ने इवेंट में असंगत प्रदर्शन किया और मुकाबला गंवा दिया।,negative,sports,0
तुम्हारे द्वारा दिया गया प्रोत्साहन मेरे लिए अनमोल है।,positive,sentihin,2
विषयवस्तु में कोई नवीनता नहीं दिखी,neutral,sentihin,1
यह योजना असफल हो गई।,negative,sentihin,0
टूर्नामेंट के अहम चरण में चैंपियन ने फाइनल में यादगार खेल दिखाकर मुकाबला अपने नाम कर लिया।,positive,sports,2
लंबे ब्रेक के बाद एथलीट दौड़ से पहले प्रशिक्षण कर रहा है।,neutral,sports,1
दबाव वाले मुकाबले में रेडर ने फाइनल में बेहतरीन खेल दिखाकर दबदबा कायम रखा।,positive,sports,2
इस मुकाबले में भारतीय टीम का मैच में निराशाजनक खेल टीम पर भारी पड़ा।,negative,sports,0
हॉकी टीम की लीग मैच में लचर रणनीति काम नहीं आई।,negative,sports,0
लंबे ब्रेक के बाद गेंदबाज ने पारी में उत्कृष्ट खेल दिखाकर महत्वपूर्ण योगदान दिया।,positive,sports,2
युवा एथलीट ने मेहनत तो की लेकिन इवेंट में अपनी बढ़त गंवा दी।,negative,sports,0
यह अनुभव अविस्मरणीय रहा,positive,sentihin,2
लंबे ब्रेक के बाद खिलाड़ी मुकाबला से पहले प्रशिक्षण कर रहा है।,neutral,sports,1
लंबे ब्रेक के बाद भारतीय खिलाड़ी का मुकाबला में कमजोर खेल टीम पर भारी पड़ा।,negative,sports,0
महत्वपूर्ण मौके पर गेंदबाज ने रन चेज में लाजवाब खेल दिखाकर शानदार वापसी की।,positive,sports,2
आपका साथ मेरे लिए खुशी की बात है।,positive,sentihin,2
खिलाड़ी ने रेस में निराश करने वाला प्रदर्शन किया और बढ़त गंवा दी।,negative,sports,0
यह फिल्म शानदार अनुभव था,positive,sentihin,2
इस अवसर ने मेरी सोच में बदलाव लाया।,positive,sentihin,2
लंबे ब्रेक के बाद धाविका दौड़ से पहले प्रशिक्षण कर रहा है।,neutral,sports,1
चैंपियन सेट के लिए रणनीति पर चर्चा कर रही है।,neutral,sports,1
आज का दिन बहुत ही व्यर्थ गया।,negative,sentihin,0
लंबे ब्रेक के बाद डिफेंडर मुकाबला से पहले प्रशिक्षण कर रहा है।,neutral,sports,1
इस मुकाबले में जोड़ी ने गेम में शानदार खेल दिखाकर दबदबा कायम रखा।,positive,sports,2
हॉकी टीम ने मैच में फीका प्रदर्शन किया और अपनी लय खो दी।,negative,sports,0
आज धाविका ने रेस में यादगार खेल दिखाकर मुश्किल स्थिति से बाहर निकली।,positive,sports,2
लगातार तीसरे मैच में चैंपियन ने सेट में लाजवाब खेल दिखाकर शानदार वापसी की।,positive,sports,2
लंबे ब्रेक के बाद एथलीट फाइनल से पहले प्रशिक्षण कर रहा है।,neutral,sports,1
लंबे ब्रेक के बाद कप्तान ने मुकाबला में कमाल का खेल दिखाकर जीत दर्ज की।,positive,sports,2
भारतीय धावक ने इवेंट में निराशाजनक प्रदर्शन किया और उम्मीदों पर खरी नहीं उतरी।,negative,sports,0
फॉरवर्ड ने मैच में कमजोर प्रदर्शन किया और महत्वपूर्ण मौका गंवाया।,negative,sports,0
यह फैसला मेरे लिए सामान्य था।,neutral,sentihin,1
लंबे ब्रेक के बाद भारतीय टीम मैच से पहले प्रशिक्षण कर रहा है।,neutral,sports,1
लंबे ब्रेक के बाद कप्तान ने फाइनल में कई आसान मौके गंवाए।,negative,sports,0
इस बारे में मैं कुछ नहीं कह सकता।,neutral,sentihin,1
उसकी बातें न केवल रूखी थीं बल्कि बेहद कड़वी भी।,negative,sentihin,0
घरेलू मैदान पर चैंपियन ने मुकाबला में बेहतरीन खेल दिखाकर लगातार अच्छा प्रदर्शन किया।,positive,sports,2
मैच आज आयोजित होगा और खिलाड़ी इसमें हिस्सा लेगा।,neutral,sports,1
लंबे ब्रेक के बाद फॉरवर्ड ने लीग मैच में शानदार खेल दिखाकर मुकाबला अपने नाम कर लिया।,positive,sports,2
फॉरवर्ड ने सेमीफाइनल में धमाकेदार प्रदर्शन करते हुए दबदबा कायम रखा।,positive,sports,2
महत्वपूर्ण मौके पर भारतीय टीम का लीग मैच में असंगत खेल टीम पर भारी पड़ा।,negative,sports,0
लगातार तीसरे मैच में भारतीय धावक इवेंट से पहले प्रशिक्षण कर रहा है।,neutral,sports,1
कप्तान ने लीग मैच में लचर प्रदर्शन किया और लगातार गलतियां कीं।,negative,sports,0
महत्वपूर्ण मौके पर भारतीय टीम ने मुकाबला से पहले प्रशिक्षण पूरा किया।,neutral,sports,1
प्रशंसकों के सामने चैंपियन ने मैच में धमाकेदार खेल दिखाकर जीत दर्ज की।,positive,sports,2
भारत ने मैच में निराशाजनक खेल दिखाया और टीम को नुकसान हुआ।,negative,sports,0
प्लेऑफ टूर्नामेंट के अहम चरण में आयोजित होगा और खिलाड़ी इसमें हिस्सा लेगा।,neutral,sports,1
टूर्नामेंट के अहम चरण में युवा एथलीट ने रेस में यादगार खेल दिखाकर जीत दर्ज की।,positive,sports,2
लगातार तीसरे मैच में भारतीय टीम ने सेमीफाइनल में धमाकेदार खेल दिखाकर मुकाबला अपने नाम कर लिया।,positive,sports,2
हॉकी टीम की चूक से सेमीफाइनल में टीम की स्थिति बिगड़ गई।,negative,sports,0
महत्वपूर्ण मौके पर युवा एथलीट का फाइनल में असंगत खेल टीम पर भारी पड़ा।,negative,sports,0
भारतीय टीम ने फाइनल में लचर प्रदर्शन किया और दबाव में बिखर गई।,negative,sports,0
गोलकीपर ने मैच में खराब प्रदर्शन किया और महत्वपूर्ण मौका गंवाया।,negative,sports,0
निर्णायक मैच में एथलीट का दौड़ में लचर खेल टीम पर भारी पड़ा।,negative,sports,0
जोड़ी ने फाइनल में बेअसर प्रदर्शन किया और महत्वपूर्ण मौका गंवाया।,negative,sports,0
दबाव वाले मुकाबले में जोड़ी मैच से पहले प्रशिक्षण कर रहा है।,neutral,sports,1
प्लेऑफ लगातार तीसरे मैच में आयोजित होगा और भारतीय टीम इसमें हिस्सा लेगा।,neutral,sports,1
युवा शटलर सेट के लिए टूर्नामेंट में हिस्सा ले रही है।,neutral,sports,1
निर्णायक मैच में भारतीय शटलर ने सेट में यादगार खेल दिखाकर दबदबा कायम रखा।,positive,sports,2
फाइनल दबाव वाले मुकाबले में आयोजित होगा और भारतीय धावक इसमें हिस्सा लेगा।,neutral,sports,1
लंबे ब्रेक के बाद डिफेंडर का मैच में असंगत खेल टीम पर भारी पड़ा।,negative,sports,0
फॉरवर्ड मैच के लिए अगले मुकाबले की तैयारी कर रही है।,neutral,sports,1
निर्णायक मैच में डिफेंडर ने सेमीफाइनल से पहले प्रशिक्षण पूरा किया।,neutral,sports,1
मुझे इसमें कोई विशेषता महसूस नहीं हुई।,neutral,sentihin,1
कप्तान ने सेमीफाइनल में शानदार प्रदर्शन करते हुए मुश्किल स्थिति से बाहर निकली।,positive,sports,2
यह पल अनमोल है।,positive,sentihin,2
खिलाड़ी ने मुकाबला में निराशाजनक प्रदर्शन किया और बढ़त गंवा दी।,negative,sports,0
भारतीय टीम ने मुकाबला में खराब प्रदर्शन किया और मुकाबला गंवा दिया।,negative,sports,0
दबाव वाले मुकाबले में जोड़ी का मैच में कमजोर खेल टीम पर भारी पड़ा।,negative,sports,0
रेडर ने मुकाबला में बेहतरीन प्रदर्शन करते हुए महत्वपूर्ण योगदान दिया।,positive,sports,2
महत्वपूर्ण मौके पर खिलाड़ी इवेंट से पहले प्रशिक्षण कर रहा है।,neutral,sports,1
लगातार तीसरे मैच में रेडर ने प्लेऑफ में धमाकेदार खेल दिखाकर महत्वपूर्ण योगदान दिया।,positive,sports,2
मैं पार्क में टहलता हूं।,neutral,sentihin,1
निर्णायक मैच में कप्तान ने पारी में जबरदस्त खेल दिखाकर महत्वपूर्ण योगदान दिया।,positive,sports,2
गोलकीपर सेमीफाइनल के लिए अगले मुकाबले की तैयारी कर रही है।,neutral,sports,1
यह अनुभव बहुत ही बुरा रहा।,negative,sentihin,0
उसकी बातें सुनकर मन में निराशा भर गई।,negative,sentihin,0
निर्णायक मैच में खिलाड़ी ने लीग मैच में जबरदस्त खेल दिखाकर दबदबा कायम रखा।,positive,sports,2
यह निर्णय बहुत बुरा रहा।,negative,sentihin,0
महत्वपूर्ण मौके पर डिफेंडर ने सेमीफाइनल में बेहतरीन तालमेल के साथ जीत हासिल की।,positive,sports,2
महत्वपूर्ण मौके पर गोलकीपर का सेमीफाइनल में असंगत खेल टीम पर भारी पड़ा।,negative,sports,0
आपकी सहायता से मेरा आत्मविश्वास कई गुना बढ़ा।,positive,sentihin,2
इस मुकाबले में युवा खिलाड़ी मुकाबला से पहले प्रशिक्षण कर रहा है।,neutral,sports,1
मैं इस मामले में तटस्थ रहना चाहता हूं।,neutral,sentihin,1
डिफेंडर को लीग मैच के लिए टीम में शामिल किया गया है।,neutral,sports,1
मुकाबला इस मुकाबले में आयोजित होगा और हॉकी टीम इसमें हिस्सा लेगा।,neutral,sports,1
इस मुकाबले में डिफेंडर ने सेमीफाइनल में बेहतरीन खेल दिखाकर मुश्किल स्थिति से बाहर निकली।,positive,sports,2
लंबे ब्रेक के बाद भारतीय टीम ने लीग मैच में कमाल का खेल दिखाकर दबदबा कायम रखा।,positive,sports,2
घरेलू मैदान पर खिलाड़ी का प्लेऑफ में कमजोर खेल टीम पर भारी पड़ा।,negative,sports,0
आज कप्तान का मुकाबला में कमजोर खेल टीम पर भारी पड़ा।,negative,sports,0
इस मुकाबले में खिलाड़ी ने मैच में शानदार खेल दिखाकर शानदार वापसी की।,positive,sports,2
प्रशंसकों के सामने कप्तान का पारी में असंगत खेल टीम पर भारी पड़ा।,negative,sports,0
लंबे ब्रेक के बाद युवा एथलीट ने रेस में जबरदस्त खेल दिखाकर शानदार वापसी की।,positive,sports,2
महत्वपूर्ण मौके पर गेंदबाज ने मैच में उत्कृष्ट खेल दिखाकर दबदबा कायम रखा।,positive,sports,2
दबाव वाले मुकाबले में युवा एथलीट का प्रतियोगिता में बेअसर खेल टीम पर भारी पड़ा।,negative,sports,0
लगातार तीसरे मैच में बल्लेबाज मुकाबला से पहले प्रशिक्षण कर रहा है।,neutral,sports,1
मैच आज आयोजित होगा और टेनिस स्टार इसमें हिस्सा लेगा।,neutral,sports,1
रेडर ने प्लेऑफ में लचर प्रदर्शन किया और दबाव में बिखर गई।,negative,sports,0
युवा खिलाड़ी ने सेट में निराश करने वाला प्रदर्शन किया और अपनी लय खो दी।,negative,sports,0
डिफेंडर लीग मैच के लिए टूर्नामेंट में हिस्सा ले रही है।,neutral,sports,1
निर्णायक मैच में एथलीट रेस से पहले प्रशिक्षण कर रहा है।,neutral,sports,1
बल्लेबाज ने मुकाबला में फीका खेल दिखाया और टीम को नुकसान हुआ।,negative,sports,0
फॉरवर्ड ने सेमीफाइनल में लचर प्रदर्शन किया और उम्मीदों पर खरी नहीं उतरी।,negative,sports,0
प्रशंसकों के सामने डिफेंडर ने प्लेऑफ में यादगार खेल दिखाकर लगातार अच्छा प्रदर्शन किया।,positive,sports,2
उसकी नफरत भरी बातें सुनकर दिल बहुत दुखी हुआ।,negative,sentihin,0
महत्वपूर्ण मौके पर युवा खिलाड़ी ने मुकाबला में उत्कृष्ट खेल दिखाकर दबदबा कायम रखा।,positive,sports,2
बल्लेबाज ने सीरीज में खराब प्रदर्शन किया और लगातार गलतियां कीं।,negative,sports,0
गेंदबाज अगले सीरीज से पहले कोच के साथ बैठक करेगा।,neutral,sports,1
आज खिलाड़ी प्लेऑफ से पहले प्रशिक्षण कर रहा है।,neutral,sports,1
सेमीफाइनल घरेलू मैदान पर आयोजित होगा और कप्तान इसमें हिस्सा लेगा।,neutral,sports,1
फॉरवर्ड ने मुकाबला में निराशाजनक प्रदर्शन किया और लगातार गलतियां कीं।,negative,sports,0
भारतीय टीम ने ओवर में बेहतरीन प्रदर्शन करते हुए लगातार अच्छा प्रदर्शन किया।,positive,sports,2
बल्लेबाज की मैच में निराशाजनक रणनीति काम नहीं आई।,negative,sports,0
डिफेंडर फाइनल के लिए मैच के लिए रवाना हुई।,neutral,sports,1
ऑनलाइन प्लेटफ़ॉर्म की सुविधा सीमित रही,negative,sentihin,0
मुझे वहाँ की सुविधाएं बेकार लगीं।,negative,sentihin,0
लंबे ब्रेक के बाद गोलकीपर ने फाइनल से पहले प्रशिक्षण पूरा किया।,neutral,sports,1
निर्णायक मैच में विकेटकीपर ने मुकाबला में जबरदस्त खेल दिखाकर मुकाबला अपने नाम कर लिया।,positive,sports,2
क्वार्टरफाइनल घरेलू मैदान पर आयोजित होगा और भारतीय खिलाड़ी इसमें हिस्सा लेगा।,neutral,sports,1
उसकी तीखी टिप्पणियों ने माहौल को नकारात्मक बना दिया।,negative,sentihin,0
इस मुकाबले में भारतीय टीम ने मुकाबला में शानदार खेल दिखाकर दबदबा कायम रखा।,positive,sports,2
लंबे ब्रेक के बाद युवा एथलीट ने प्रतियोगिता में यादगार खेल दिखाकर दबदबा कायम रखा।,positive,sports,2
लगातार तीसरे मैच में भारतीय टीम ने फाइनल में बेहतरीन तालमेल के साथ जीत हासिल की।,positive,sports,2
चैंपियन ने मुकाबला में कमजोर खेल दिखाया और टीम को नुकसान हुआ।,negative,sports,0
इस मुकाबले में गोलकीपर सेमीफाइनल से पहले प्रशिक्षण कर रहा है।,neutral,sports,1
मैच लंबे ब्रेक के बाद आयोजित होगा और कप्तान इसमें हिस्सा लेगा।,neutral,sports,1
इस मुकाबले में कप्तान ने फाइनल में जबरदस्त खेल दिखाकर महत्वपूर्ण योगदान दिया।,positive,sports,2
इस मुकाबले में कप्तान ने रन चेज में उत्कृष्ट खेल दिखाकर शानदार वापसी की।,positive,sports,2
जोड़ी ने फाइनल में खराब प्रदर्शन किया और उम्मीदों पर खरी नहीं उतरी।,negative,sports,0
आपका स्वागत है।,positive,sentihin,2
उसके कठोर शब्दों ने मेरे आत्मविश्वास को तोड़ दिया।,negative,sentihin,0
खिलाड़ी गेम के लिए मैच के लिए रवाना हुई।,neutral,sports,1
मैच घरेलू मैदान पर आयोजित होगा और भारतीय टीम इसमें हिस्सा लेगा।,neutral,sports,1
आपकी सहायता से मुश्किल आसान हुई।,positive,sentihin,2
इस मुकाबले में गोलकीपर का मैच में लचर खेल टीम पर भारी पड़ा।,negative,sports,0
दबाव वाले मुकाबले में खिलाड़ी ने फाइनल में लाजवाब खेल दिखाकर शानदार वापसी की।,positive,sports,2
महत्वपूर्ण मौके पर भारतीय टीम ने लीग मैच में कमाल का खेल दिखाकर जीत दर्ज की।,positive,sports,2
मुझे इसमें कोई उत्साह नहीं आया।,neutral,sentihin,1
कप्तान की मुकाबला में खराब रणनीति काम नहीं आई।,negative,sports,0
इस मुकाबले में चैंपियन ने फाइनल में यादगार खेल दिखाकर मुश्किल स्थिति से बाहर निकली।,positive,sports,2
आपकी सोच हमेशा सकारात्मक ऊर्जा देती है।,positive,sentihin,2
गोलकीपर ने मुकाबला के दौरान लगातार गलत फैसले लिए।,negative,sports,0
कप्तान मैच के लिए अभ्यास सत्र में शामिल हुई।,neutral,sports,1
डिफेंडर ने मुकाबला में बेअसर प्रदर्शन किया और उम्मीदों पर खरी नहीं उतरी।,negative,sports,0
Aaj Team ne match apne naam kar liya,positive,sports,2
महत्वपूर्ण मौके पर भारतीय खिलाड़ी ने फाइनल से पहले प्रशिक्षण पूरा किया।,neutral,sports,1
घरेलू मैदान पर धाविका ने इवेंट में जबरदस्त खेल दिखाकर मुश्किल स्थिति से बाहर निकली।,positive,sports,2
निर्णायक मैच में फॉरवर्ड सेमीफाइनल से पहले प्रशिक्षण कर रहा है।,neutral,sports,1
यह अवसर खो गया।,negative,sentihin,0
घरेलू मैदान पर कप्तान ने मैच में यादगार खेल दिखाकर मुश्किल स्थिति से बाहर निकली।,positive,sports,2
महत्वपूर्ण मौके पर एथलीट ने प्रतियोगिता में धमाकेदार खेल दिखाकर जीत दर्ज की।,positive,sports,2
रेडर प्लेऑफ के लिए रणनीति पर चर्चा कर रही है।,neutral,sports,1
दबाव वाले मुकाबले में रेडर का मुकाबला में निराश करने वाला खेल टीम पर भारी पड़ा।,negative,sports,0
महत्वपूर्ण मौके पर कप्तान का मैच में बेअसर खेल टीम पर भारी पड़ा।,negative,sports,0
दबाव वाले मुकाबले में भारतीय टीम ने मैच में जबरदस्त खेल दिखाकर मुश्किल स्थिति से बाहर निकली।,positive,sports,2
लगातार तीसरे मैच में खिलाड़ी इवेंट से पहले प्रशिक्षण कर रहा है।,neutral,sports,1
मुझे इस विषय में कोई राय नहीं है,neutral,sentihin,1
टूर्नामेंट के अहम चरण में जोड़ी का गेम में कमजोर खेल टीम पर भारी पड़ा।,negative,sports,0
इस पर फैसला लेना अभी सही नहीं होगा।,neutral,sentihin,1
भारत ने मैच में शानदार प्रदर्शन करते हुए मुकाबला अपने नाम कर लिया।,positive,sports,2
निर्णायक चरण में टीम ने अगले मुकाबले की तैयारी शुरू कर दी।,neutral,sports,1
बल्लेबाज ने सीरीज में निराशाजनक प्रदर्शन किया और मुकाबला गंवा दिया।,negative,sports,0
टेनिस स्टार ने फाइनल के लिए तैयारी शुरू कर दी।,neutral,sports,1
आज भारतीय टीम का मुकाबला में असंगत खेल टीम पर भारी पड़ा।,negative,sports,0
युवा खिलाड़ी ने क्वार्टरफाइनल में धमाकेदार प्रदर्शन करते हुए मुश्किल स्थिति से बाहर निकली।,positive,sports,2
आज विकेटकीपर का रन चेज में लचर खेल टीम पर भारी पड़ा।,negative,sports,0
महत्वपूर्ण मौके पर खिलाड़ी ने क्वार्टरफाइनल में कमाल का खेल दिखाकर मुश्किल स्थिति से बाहर निकली।,positive,sports,2
मैच दबाव वाले मुकाबले में आयोजित होगा और फॉरवर्ड इसमें हिस्सा लेगा।,neutral,sports,1
कल प्रदर्शन उम्मीद के मुताबिक नहीं रहा।,negative,sports,0
यह यात्रा पूरी तरह से असफल रही।,negative,sentihin,0
निर्णायक मैच में खिलाड़ी ने प्रतियोगिता में जबरदस्त खेल दिखाकर शानदार वापसी की।,positive,sports,2
यह सफलता मेरे परिवार के लिए खुशी की बात है।,positive,sentihin,2
दबाव वाले मुकाबले में धाविका का इवेंट में निराशाजनक खेल टीम पर भारी पड़ा।,negative,sports,0
सुबह के सत्र में टीम दबाव में पूरी तरह बिखर गई।,negative,sports,0
मैं रोज़ाना अपने दादा दादी को याद करता हूं।,neutral,sentihin,1
इस विषय पर मेरी राय स्पष्ट नहीं है इसलिए मैं कुछ भी कहने से बचूंगा।,neutral,sentihin,1
दबाव वाले मुकाबले में जोड़ी का मैच में असंगत खेल टीम पर भारी पड़ा।,negative,sports,0
आपकी सलाह मेरे लिए अमूल्य रही।,positive,sentihin,2
सेट लगातार तीसरे मैच में आयोजित होगा और युवा खिलाड़ी इसमें हिस्सा लेगा।,neutral,sports,1
सेवा में कोई नयापन महसूस नहीं हुआ,neutral,sentihin,1
इस मुकाबले में युवा शटलर का गेम में लचर खेल टीम पर भारी पड़ा।,negative,sports,0
आज भारत का मुकाबला में कमजोर खेल टीम पर भारी पड़ा।,negative,sports,0
टूर्नामेंट के अहम चरण में बल्लेबाज सीरीज से पहले प्रशिक्षण कर रहा है।,neutral,sports,1
टेनिस स्टार की क्वार्टरफाइनल में कमजोर रणनीति काम नहीं आई।,negative,sports,0
प्रशंसकों के सामने भारतीय धावक ने प्रतियोगिता में जबरदस्त खेल दिखाकर लगातार अच्छा प्रदर्शन किया।,positive,sports,2
आज भारतीय शटलर ने मुकाबला में जबरदस्त खेल दिखाकर मुश्किल स्थिति से बाहर निकली।,positive,sports,2
महत्वपूर्ण मौके पर गेंदबाज ने ओवर में बेहतरीन खेल दिखाकर महत्वपूर्ण योगदान दिया।,positive,sports,2
फॉरवर्ड ने लीग मैच के लिए यात्रा कार्यक्रम साझा किया।,neutral,sports,1
भारतीय टीम ने फाइनल के लिए नया अभ्यास कार्यक्रम शुरू किया।,neutral,sports,1
गेंदबाज सीरीज के लिए प्रशिक्षण जारी रखे हुए है।,neutral,sports,1
युवा शटलर फाइनल के लिए अगले दौर के लिए पहुंची।,neutral,sports,1
दबाव वाले मुकाबले में खिलाड़ी ने इवेंट में बेहतरीन खेल दिखाकर लगातार अच्छा प्रदर्शन किया।,positive,sports,2
इस मुकाबले में डिफेंडर ने मैच में बेहतरीन खेल दिखाकर जीत दर्ज की।,positive,sports,2
सेट टूर्नामेंट के अहम चरण में आयोजित होगा और चैंपियन इसमें हिस्सा लेगा।,neutral,sports,1
आज धाविका का इवेंट में फीका खेल टीम पर भारी पड़ा।,negative,sports,0
यह निर्णय बहुत ही निराशाजनक रहा।,negative,sentihin,0
दबाव वाले मुकाबले में डिफेंडर ने मुकाबला में धमाकेदार खेल दिखाकर मुकाबला अपने नाम कर लिया।,positive,sports,2
निर्णायक मैच में भारतीय टीम का रन चेज में लचर खेल टीम पर भारी पड़ा।,negative,sports,0
प्रशंसकों के सामने धाविका का इवेंट में कमजोर खेल टीम पर भारी पड़ा।,negative,sports,0
दबाव वाले मुकाबले में भारतीय खिलाड़ी ने मुकाबला से पहले प्रशिक्षण पूरा किया।,neutral,sports,1
यह योजना पूरी तरह फेल रही।,negative,sentihin,0
आपकी मदद हमेशा अमूल्य रहती है।,positive,sentihin,2
टूर्नामेंट के अहम चरण में युवा एथलीट का फाइनल में निराशाजनक खेल टीम पर भारी पड़ा।,negative,sports,0
टूर्नामेंट के अहम चरण में युवा एथलीट रेस से पहले प्रशिक्षण कर रहा है।,neutral,sports,1
निर्णायक मैच में कप्तान का मैच में निराश करने वाला खेल टीम पर भारी पड़ा।,negative,sports,0
घरेलू मैदान पर कप्तान ने प्लेऑफ में बेहतरीन खेल दिखाकर जीत दर्ज की।,positive,sports,2
गोलकीपर ने सेमीफाइनल में निराश करने वाला प्रदर्शन किया और मुकाबला गंवा दिया।,negative,sports,0
यह फिल्म एकदम असफल रही।,negative,sentihin,0
इस विषय पर मेरी कोई राय नहीं है।,neutral,sentihin,1
इस मुकाबले में खिलाड़ी का प्लेऑफ में निराशाजनक खेल टीम पर भारी पड़ा।,negative,sports,0
गोलकीपर लीग मैच के लिए अगले दौर के लिए पहुंची।,neutral,sports,1
आज कप्तान ने सेट में कमाल का खेल दिखाकर दबदबा कायम रखा।,positive,sports,2
युवा खिलाड़ी मुकाबला के लिए अगले दौर के लिए पहुंची।,neutral,sports,1
इस मुकाबले में चैंपियन गेम से पहले प्रशिक्षण कर रहा है।,neutral,sports,1
लंबे ब्रेक के बाद युवा शटलर ने गेम में बेहतरीन खेल दिखाकर मुश्किल स्थिति से बाहर निकली।,positive,sports,2
लंबे ब्रेक के बाद विकेटकीपर ने पारी में लाजवाब खेल दिखाकर मुश्किल स्थिति से बाहर निकली।,positive,sports,2
लगातार तीसरे मैच में धाविका दौड़ से पहले प्रशिक्षण कर रहा है।,neutral,sports,1
इस मुकाबले में धाविका ने प्रतियोगिता में बेहतरीन तालमेल के साथ जीत हासिल की।,positive,sports,2
इस मुकाबले में खिलाड़ी ने फाइनल में उत्कृष्ट खेल दिखाकर शानदार वापसी की।,positive,sports,2
फाइनल इस मुकाबले में आयोजित होगा और युवा एथलीट इसमें हिस्सा लेगा।,neutral,sports,1
लंबे ब्रेक के बाद रेडर ने प्लेऑफ में जबरदस्त खेल दिखाकर मुश्किल स्थिति से बाहर निकली।,positive,sports,2
टूर्नामेंट के अहम चरण में गोलकीपर ने मैच में उत्कृष्ट खेल दिखाकर जीत दर्ज की।,positive,sports,2
प्रतियोगिता लंबे ब्रेक के बाद आयोजित होगा और खिलाड़ी इसमें हिस्सा लेगा।,neutral,sports,1
सेमीफाइनल महत्वपूर्ण मौके पर आयोजित होगा और फॉरवर्ड इसमें हिस्सा लेगा।,neutral,sports,1
निर्णायक मैच में भारत ने ओवर में उत्कृष्ट खेल दिखाकर जीत दर्ज की।,positive,sports,2
मुझे इसमें कोई असर नहीं दिखा।,neutral,sentihin,1
दबाव वाले मुकाबले में खिलाड़ी ने सेट में लाजवाब खेल दिखाकर महत्वपूर्ण योगदान दिया।,positive,sports,2
लंबे ब्रेक के बाद युवा खिलाड़ी ने क्वार्टरफाइनल में उत्कृष्ट खेल दिखाकर मुश्किल स्थिति से बाहर निकली।,positive,sports,2
भारतीय खिलाड़ी को मैच के लिए टीम में शामिल किया गया है।,neutral,sports,1
निर्णायक मैच में विकेटकीपर ने सीरीज में कई आसान मौके गंवाए।,negative,sports,0
महत्वपूर्ण मौके पर भारतीय टीम ने मैच में बेहतरीन खेल दिखाकर जीत दर्ज की।,positive,sports,2
मुझे इस विषय पर कोई खास विचार नहीं आया।,neutral,sentihin,1
एथलीट की रेस में लचर रणनीति काम नहीं आई।,negative,sports,0
लंबे ब्रेक के बाद कप्तान का फाइनल में निराश करने वाला खेल टीम पर भारी पड़ा।,negative,sports,0
निर्णायक मैच में विकेटकीपर मैच से पहले प्रशिक्षण कर रहा है।,neutral,sports,1
फाइनल महत्वपूर्ण मौके पर आयोजित होगा और फॉरवर्ड इसमें हिस्सा लेगा।,neutral,sports,1
घरेलू मैदान पर चैंपियन सेट से पहले प्रशिक्षण कर रहा है।,neutral,sports,1
खिलाड़ी ने मुकाबला में कमजोर खेल दिखाया और टीम को नुकसान हुआ।,negative,sports,0
तुम्हारे विचार सुनकर हमेशा नई दृष्टि मिलती है।,positive,sentihin,2
मुझे यह व्यवहार अपमानजनक लगता है।,negative,sentihin,0
क्वार्टरफाइनल घरेलू मैदान पर आयोजित होगा और युवा खिलाड़ी इसमें हिस्सा लेगा।,neutral,sports,1
इस मुकाबले में युवा एथलीट का इवेंट में खराब खेल टीम पर भारी पड़ा।,negative,sports,0
रन चेज टूर्नामेंट के अहम चरण में आयोजित होगा और बल्लेबाज इसमें हिस्सा लेगा।,neutral,sports,1
रेडर को लीग मैच के लिए टीम में शामिल किया गया है।,neutral,sports,1
खाना औसत दर्जे का था,neutral,sentihin,1
खिलाड़ी के मैच में कमाल का प्रदर्शन से टीम को फायदा हुआ।,positive,sports,2
मुझे इसमें कोई ताजगी नजर नहीं आई।,neutral,sentihin,1
प्रशंसकों के सामने युवा खिलाड़ी सेट से पहले प्रशिक्षण कर रहा है।,neutral,sports,1
निर्णायक मैच में युवा एथलीट का फाइनल में असंगत खेल टीम पर भारी पड़ा।,negative,sports,0
टूर्नामेंट के अहम चरण में गेंदबाज ने मैच में यादगार खेल दिखाकर महत्वपूर्ण योगदान दिया।,positive,sports,2
कप्तान ने मैच में लाजवाब खेल दिखाया और टीम को जीत दिलाई।,positive,sports,2
गेंदबाज मैच के लिए रणनीति पर चर्चा कर रही है।,neutral,sports,1
मुकाबला लंबे ब्रेक के बाद आयोजित होगा और कप्तान इसमें हिस्सा लेगा।,neutral,sports,1
सीरीज निर्णायक मैच में आयोजित होगा और कप्तान इसमें हिस्सा लेगा।,neutral,sports,1
महत्वपूर्ण मौके पर भारत ने पारी में यादगार खेल दिखाकर जीत दर्ज की।,positive,sports,2
सुबह के सत्र में भारत ने आज मैदान में धूम मचा दी।,positive,sports,2
दबाव वाले मुकाबले में भारतीय खिलाड़ी ने क्वार्टरफाइनल में लाजवाब खेल दिखाकर लगातार अच्छा प्रदर्शन किया।,positive,sports,2
निर्णायक मैच में टेनिस स्टार मैच से पहले प्रशिक्षण कर रहा है।,neutral,sports,1
यह यात्रा पूरी तरह व्यर्थ रही।,negative,sentihin,0
घरेलू मैदान पर खिलाड़ी का मैच में लचर खेल टीम पर भारी पड़ा।,negative,sports,0
यह निर्णय ठीक लग रहा है।,neutral,sentihin,1
यह बात मुझे बुरी लगी।,negative,sentihin,0
घरेलू मैदान पर भारतीय खिलाड़ी ने सेट में जबरदस्त खेल दिखाकर मुश्किल स्थिति से बाहर निकली।,positive,sports,2
मैं इस व्यक्ति से बहुत नाराज़ हूं।,negative,sentihin,0
यह अनुभव बेहद दुखदायी था।,negative,sentihin,0
आपकी तारीफ से मन प्रफुल्लित हो गया।,positive,sentihin,2
घरेलू मैदान पर युवा खिलाड़ी ने मैच में बेहतरीन खेल दिखाकर जीत दर्ज की।,positive,sports,2
निर्णायक मैच में विकेटकीपर ने मैच से पहले प्रशिक्षण पूरा किया।,neutral,sports,1
मेरी कार आज फिर खराब हो गई।,negative,sentihin,0
घरेलू मैदान पर भारतीय खिलाड़ी ने क्वार्टरफाइनल में यादगार खेल दिखाकर मुश्किल स्थिति से बाहर निकली।,positive,sports,2
तुम्हारे शब्दों में सच्चाई और अपनापन साफ झलकता है।,positive,sentihin,2
आज कप्तान मुकाबला से पहले प्रशिक्षण कर रहा है।,neutral,sports,1
तुम्हारे विचारों में इतनी स्पष्टता है कि हर कोई तुम्हारी सराहना करता है।,positive,sentihin,2
आज कप्तान ने मैच में यादगार खेल दिखाकर मुकाबला अपने नाम कर लिया।,positive,sports,2
फाइनल लंबे ब्रेक के बाद आयोजित होगा और भारतीय टीम इसमें हिस्सा लेगा।,neutral,sports,1
दबाव वाले मुकाबले में विकेटकीपर ने मुकाबला में शानदार खेल दिखाकर लगातार अच्छा प्रदर्शन किया।,positive,sports,2
लगातार तीसरे मैच में फॉरवर्ड ने लीग मैच में जबरदस्त खेल दिखाकर दबदबा कायम रखा।,positive,sports,2
लगातार तीसरे मैच में खिलाड़ी का मैच में फीका खेल टीम पर भारी पड़ा।,negative,sports,0
दबाव वाले मुकाबले में भारतीय टीम ने पारी में उत्कृष्ट खेल दिखाकर मुश्किल स्थिति से बाहर निकली।,positive,sports,2
प्रशंसकों के सामने फॉरवर्ड ने मुकाबला से पहले प्रशिक्षण पूरा किया।,neutral,sports,1
इस पर कोई अंतिम निर्णय लेना कठिन होगा।,neutral,sentihin,1
क्लब ने मुकाबला में कमजोर प्रदर्शन किया और मुकाबला गंवा दिया।,negative,sports,0
कक्षा में पढ़ाई का स्तर काबिल ए तारीफ था,positive,sentihin,2
महत्वपूर्ण मौके पर कप्तान प्लेऑफ से पहले प्रशिक्षण कर रहा है।,neutral,sports,1
क्वार्टरफाइनल महत्वपूर्ण मौके पर आयोजित होगा और कप्तान इसमें हिस्सा लेगा।,neutral,sports,1
लंबे ब्रेक के बाद हॉकी टीम ने फाइनल में यादगार खेल दिखाकर मुश्किल स्थिति से बाहर निकली।,positive,sports,2
रेडर को फाइनल के लिए टीम में शामिल किया गया है।,neutral,sports,1
लंबे ब्रेक के बाद बल्लेबाज का मुकाबला में खराब खेल टीम पर भारी पड़ा।,negative,sports,0
आज गेंदबाज का मैच में लचर खेल टीम पर भारी पड़ा।,negative,sports,0
यह फिल्म बहुत ही बोरिंग थी।,negative,sentihin,0
लंबे ब्रेक के बाद विकेटकीपर ने पारी में बेहतरीन खेल दिखाकर शानदार वापसी की।,positive,sports,2
आपकी मदद हमेशा प्रशंसनीय रहती है।,positive,sentihin,2
टूर्नामेंट के अहम चरण में भारतीय धावक का रेस में निराश करने वाला खेल टीम पर भारी पड़ा।,negative,sports,0
क्लब ने मुकाबला में निराशाजनक प्रदर्शन किया और अपनी लय खो दी।,negative,sports,0
घरेलू मैदान पर विकेटकीपर ने ओवर में धमाकेदार खेल दिखाकर मुकाबला अपने नाम कर लिया।,positive,sports,2
डिफेंडर सेमीफाइनल के लिए प्रशिक्षण जारी रखे हुए है।,neutral,sports,1
वह प्रस्तुति अद्भुत रही।,positive,sentihin,2
फाइनल टूर्नामेंट के अहम चरण में आयोजित होगा और धाविका इसमें हिस्सा लेगा।,neutral,sports,1
खिलाड़ी ने सेट में फीका प्रदर्शन किया और अपनी लय खो दी।,negative,sports,0
लंबे ब्रेक के बाद खिलाड़ी का मैच में फीका खेल टीम पर भारी पड़ा।,negative,sports,0
डिफेंडर ने लीग मैच में फीका प्रदर्शन किया और मुकाबला गंवा दिया।,negative,sports,0
निर्णायक मैच में डिफेंडर ने फाइनल में जबरदस्त खेल दिखाकर जीत दर्ज की।,positive,sports,2
यह खुशखबरी मेरे लिए खुशी की बात है।,positive,sentihin,2
दबाव वाले मुकाबले में विकेटकीपर पारी से पहले प्रशिक्षण कर रहा है।,neutral,sports,1
मुझे इसमें कोई मत नहीं।,neutral,sentihin,1
आज फॉरवर्ड फाइनल से पहले प्रशिक्षण कर रहा है।,neutral,sports,1
दबाव वाले मुकाबले में हॉकी टीम का मुकाबला में निराश करने वाला खेल टीम पर भारी पड़ा।,negative,sports,0
डिफेंडर ने लीग मैच में शानदार खेल दिखाया और टीम को जीत दिलाई।,positive,sports,2
आपकी सहायता सराहनीय रही।,positive,sentihin,2
तुम्हारा समर्थन हर बार मुझे नई दिशा देता है।,positive,sentihin,2
लगातार तीसरे मैच में जोड़ी का सेट में लचर खेल टीम पर भारी पड़ा।,negative,sports,0
महत्वपूर्ण मौके पर कप्तान ने मुकाबला में कमाल का खेल दिखाकर दबदबा कायम रखा।,positive,sports,2
आज कप्तान ने लीग मैच से पहले प्रशिक्षण पूरा किया।,neutral,sports,1
खिलाड़ी ने मुकाबला में कमजोर प्रदर्शन किया और मुकाबला गंवा दिया।,negative,sports,0
यह प्रोडक्ट उपयोगी नहीं है,negative,sentihin,0
इस मुकाबले में भारतीय टीम का रन चेज में निराश करने वाला खेल टीम पर भारी पड़ा।,negative,sports,0
यह फिल्म बेहद निराशाजनक रही।,negative,sentihin,0
लगातार तीसरे मैच में खिलाड़ी का मैच में निराशाजनक खेल टीम पर भारी पड़ा।,negative,sports,0
सेट निर्णायक मैच में आयोजित होगा और युवा खिलाड़ी इसमें हिस्सा लेगा।,neutral,sports,1
इस मुकाबले में भारतीय धावक का फाइनल में फीका खेल टीम पर भारी पड़ा।,negative,sports,0
लंबे ब्रेक के बाद हॉकी टीम ने मैच में बेहतरीन खेल दिखाकर मुकाबला अपने नाम कर लिया।,positive,sports,2
मुझे इसमें कोई आकर्षण नहीं मिला,neutral,sentihin,1
भारतीय टीम मुकाबला के लिए प्रशिक्षण जारी रखे हुए है।,neutral,sports,1
तुम्हारी ईमानदारी हर किसी का दिल जीत लेती है।,positive,sentihin,2
घरेलू मैदान पर युवा शटलर ने गेम में कमाल का खेल दिखाकर दबदबा कायम रखा।,positive,sports,2
मुकाबला दबाव वाले मुकाबले में आयोजित होगा और बल्लेबाज इसमें हिस्सा लेगा।,neutral,sports,1
मुझे इसमें कोई दिक्कत नहीं हुई,positive,sentihin,2
मैं इस विषय पर मौन रहूंगा।,neutral,sentihin,1
वह किताब पढ़कर प्रसन्नता हुई।,positive,sentihin,2
धाविका ने रेस में यादगार प्रदर्शन करते हुए मुकाबला अपने नाम कर लिया।,positive,sports,2
लंबे ब्रेक के बाद जोड़ी का फाइनल में कमजोर खेल टीम पर भारी पड़ा।,negative,sports,0
टूर्नामेंट के अहम चरण में युवा शटलर ने गेम में लाजवाब खेल दिखाकर शानदार वापसी की।,positive,sports,2
कप्तान सेट के लिए अगले मुकाबले की तैयारी कर रही है।,neutral,sports,1
लगातार तीसरे मैच में भारतीय टीम का ओवर में कमजोर खेल टीम पर भारी पड़ा।,negative,sports,0
टूर्नामेंट के अहम चरण में डिफेंडर ने मैच में धमाकेदार खेल दिखाकर मुश्किल स्थिति से बाहर निकली।,positive,sports,2
लगातार तीसरे मैच में फॉरवर्ड का फाइनल में निराश करने वाला खेल टीम पर भारी पड़ा।,negative,sports,0
टूर्नामेंट के अहम चरण में भारतीय खिलाड़ी क्वार्टरफाइनल से पहले प्रशिक्षण कर रहा है।,neutral,sports,1
प्रशंसकों के सामने भारतीय खिलाड़ी ने मुकाबला में लाजवाब खेल दिखाकर जीत दर्ज की।,positive,sports,2
लीग मैच आज आयोजित होगा और कप्तान इसमें हिस्सा लेगा।,neutral,sports,1
आज युवा एथलीट ने फाइनल में बेहतरीन तालमेल के साथ जीत हासिल की।,positive,sports,2
आपकी मदद से कार्य सरल हुआ।,positive,sentihin,2
टूर्नामेंट के अहम चरण में डिफेंडर ने मुकाबला में यादगार खेल दिखाकर शानदार वापसी की।,positive,sports,2
निर्णायक चरण में खिलाड़ियों ने सुबह अभ्यास सत्र में हिस्सा लिया।,neutral,sports,1
महत्वपूर्ण मौके पर फॉरवर्ड ने मुकाबला में बेहतरीन खेल दिखाकर मुकाबला अपने नाम कर लिया।,positive,sports,2
खिलाड़ी ने प्रतियोगिता में खराब प्रदर्शन किया और मुकाबला गंवा दिया।,negative,sports,0
निर्णायक मैच में क्लब ने सेमीफाइनल से पहले प्रशिक्षण पूरा किया।,neutral,sports,1
एथलीट ने दौड़ में शानदार प्रदर्शन करते हुए शानदार वापसी की।,positive,sports,2
लंबे अंतराल के बाद टूर्नामेंट का अगला चरण अगले सप्ताह शुरू होगा।,neutral,sports,1
भारतीय टीम ने रन चेज में कमजोर खेल दिखाया और टीम को नुकसान हुआ।,negative,sports,0
प्रशंसकों के सामने भारतीय खिलाड़ी ने सेट में उत्कृष्ट खेल दिखाकर जीत दर्ज की।,positive,sports,2
निर्णायक मैच में चैंपियन का मैच में फीका खेल टीम पर भारी पड़ा।,negative,sports,0
आज छुट्टी है।,neutral,sentihin,1
खिलाड़ी मुकाबला के लिए अगले दौर के लिए पहुंची।,neutral,sports,1
मैं रोज़ाना प्रकृति का आनंद लेता हूं।,neutral,sentihin,1
तुम्हारी सकारात्मक सोच ने मेरे जीवन में नई ऊर्जा भर दी।,positive,sentihin,2
लंबे ब्रेक के बाद भारतीय टीम ने लीग मैच में कमाल का खेल दिखाकर मुकाबला अपने नाम कर लिया।,positive,sports,2
लंबे ब्रेक के बाद बल्लेबाज ने सीरीज में जबरदस्त खेल दिखाकर दबदबा कायम रखा।,positive,sports,2
युवा खिलाड़ी मुकाबला के लिए टूर्नामेंट में हिस्सा ले रही है।,neutral,sports,1
घरेलू मैदान पर टीम की रक्षात्मक चूक भारी पड़ गई।,negative,sports,0
भारतीय टीम ने सेमीफाइनल में खराब प्रदर्शन किया और दबाव में बिखर गई।,negative,sports,0
टूर्नामेंट के अहम चरण में गोलकीपर ने मैच से पहले प्रशिक्षण पूरा किया।,neutral,sports,1
मैच घरेलू मैदान पर आयोजित होगा और युवा शटलर इसमें हिस्सा लेगा।,neutral,sports,1
आज हॉकी टीम सेमीफाइनल से पहले प्रशिक्षण कर रहा है।,neutral,sports,1
आज गोलकीपर का सेमीफाइनल में बेअसर खेल टीम पर भारी पड़ा।,negative,sports,0
दबाव वाले मुकाबले में भारतीय खिलाड़ी ने मुकाबला में बेहतरीन खेल दिखाकर दबदबा कायम रखा।,positive,sports,2
घरेलू मैदान पर भारतीय खिलाड़ी का फाइनल में लचर खेल टीम पर भारी पड़ा।,negative,sports,0
आज कप्तान सीरीज से पहले प्रशिक्षण कर रहा है।,neutral,sports,1
फाइनल घरेलू मैदान पर आयोजित होगा और फॉरवर्ड इसमें हिस्सा लेगा।,neutral,sports,1
यह निर्णय मेरे लिए पूर्ण रूप से नकारात्मक रहा।,negative,sentihin,0
दबाव वाले मुकाबले में कप्तान ने मैच में लाजवाब खेल दिखाकर शानदार वापसी की।,positive,sports,2
घरेलू मैदान पर डिफेंडर ने फाइनल में धमाकेदार खेल दिखाकर महत्वपूर्ण योगदान दिया।,positive,sports,2
तुम्हारा यह काम मेरे दिल को छूता है।,positive,sentihin,2
गोलकीपर ने मैच में खराब प्रदर्शन किया और उम्मीदों पर खरी नहीं उतरी।,negative,sports,0
लंबे ब्रेक के बाद भारत का मुकाबला में असंगत खेल टीम पर भारी पड़ा।,negative,sports,0
प्रशंसकों के सामने भारतीय टीम का रन चेज में लचर खेल टीम पर भारी पड़ा।,negative,sports,0
प्रशंसकों के सामने गेंदबाज का मैच में बेअसर खेल टीम पर भारी पड़ा।,negative,sports,0
इस मुकाबले में फॉरवर्ड का मैच में कमजोर खेल टीम पर भारी पड़ा।,negative,sports,0
यह निर्णय उचित था,positive,sentihin,2
धाविका ने दौड़ में खराब प्रदर्शन किया और दबाव में बिखर गई।,negative,sports,0
इस मुकाबले में कप्तान का सेमीफाइनल में निराश करने वाला खेल टीम पर भारी पड़ा।,negative,sports,0
बल्लेबाज पारी के लिए टूर्नामेंट में हिस्सा ले रही है।,neutral,sports,1
यह यात्रा पूरी तरह नाकाम रही।,negative,sentihin,0
क्लब ने सेमीफाइनल में खराब प्रदर्शन किया और दबाव में बिखर गई।,negative,sports,0
कप्तान पारी के लिए मैच के लिए रवाना हुई।,neutral,sports,1
प्रशंसकों के सामने कप्तान का प्लेऑफ में निराश करने वाला खेल टीम पर भारी पड़ा।,negative,sports,0
खिलाड़ी ने सेट में बेअसर प्रदर्शन किया और दबाव में बिखर गई।,negative,sports,0
घरेलू मैदान पर खिलाड़ी ने फाइनल में यादगार खेल दिखाकर जीत दर्ज की।,positive,sports,2
निर्णायक मैच में बल्लेबाज का रन चेज में खराब खेल टीम पर भारी पड़ा।,negative,sports,0
घरेलू मैदान पर बल्लेबाज ने ओवर में शानदार खेल दिखाकर लगातार अच्छा प्रदर्शन किया।,positive,sports,2
घरेलू मैदान पर गेंदबाज मुकाबला से पहले प्रशिक्षण कर रहा है।,neutral,sports,1
डिफेंडर ने फाइनल में कमाल का प्रदर्शन करते हुए दबदबा कायम रखा।,positive,sports,2
आज गोलकीपर मैच से पहले प्रशिक्षण कर रहा है।,neutral,sports,1
इस ट्रेन में कोई सुविधा नहीं थी।,negative,sentihin,0
मैं कॉफी पीता हूं।,neutral,sentihin,1
यह खबर निराशाजनक रही।,negative,sentihin,0
लंबे ब्रेक के बाद भारतीय टीम का लीग मैच में खराब खेल टीम पर भारी पड़ा।,negative,sports,0
लगातार तीसरे मैच में खिलाड़ी का फाइनल में बेअसर खेल टीम पर भारी पड़ा।,negative,sports,0
इस दुकान की वापसी नीति बहुत जटिल है।,negative,sentihin,0
लंबे ब्रेक के बाद भारतीय टीम का पारी में कमजोर खेल टीम पर भारी पड़ा।,negative,sports,0
भारतीय खिलाड़ी ने सेट में असंगत प्रदर्शन किया और अपनी लय खो दी।,negative,sports,0
वह यात्रा बहुत आनंददायक रही।,positive,sentihin,2
कप्तान ने मैच में निराशाजनक प्रदर्शन किया और बढ़त गंवा दी।,negative,sports,0
यह निर्णय पूरी तरह निराशाजनक साबित हुआ।,negative,sentihin,0
लगातार तीसरे मैच में विकेटकीपर ने मैच में उत्कृष्ट खेल दिखाकर शानदार वापसी की।,positive,sports,2
फॉरवर्ड फाइनल के लिए टूर्नामेंट में हिस्सा ले रही है।,neutral,sports,1
दबाव वाले मुकाबले में एथलीट ने दौड़ में शानदार खेल दिखाकर महत्वपूर्ण योगदान दिया।,positive,sports,2
कप्तान मुकाबला के लिए रणनीति पर चर्चा कर रही है।,neutral,sports,1
तुम्हारा आत्मविश्वास प्रेरणादायक है।,positive,sentihin,2
इस मुकाबले में गोलकीपर का फाइनल में कमजोर खेल टीम पर भारी पड़ा।,negative,sports,0
घरेलू मैदान पर भारतीय शटलर ने गेम में शानदार खेल दिखाकर मुकाबला अपने नाम कर लिया।,positive,sports,2
निर्णायक मैच में हॉकी टीम ने लीग मैच में धमाकेदार खेल दिखाकर दबदबा कायम रखा।,positive,sports,2
भारतीय टीम ने फाइनल में निराशाजनक प्रदर्शन किया और दबाव में बिखर गई।,negative,sports,0
निर्णायक मैच में फॉरवर्ड मुकाबला से पहले प्रशिक्षण कर रहा है।,neutral,sports,1
लीग मैच प्रशंसकों के सामने आयोजित होगा और गोलकीपर इसमें हिस्सा लेगा।,neutral,sports,1
प्रशंसकों के सामने खिलाड़ी ने प्लेऑफ में लाजवाब खेल दिखाकर मुश्किल स्थिति से बाहर निकली।,positive,sports,2
यह दुकान का व्यवहार बहुत अशिष्ट था।,negative,sentihin,0
टूर्नामेंट के अहम चरण में भारत मैच से पहले प्रशिक्षण कर रहा है।,neutral,sports,1
टूर्नामेंट के अहम चरण में हॉकी टीम ने सेमीफाइनल में शानदार खेल दिखाकर दबदबा कायम रखा।,positive,sports,2
भारतीय टीम के शानदार प्रदर्शन ने लीग मैच का रुख बदल दिया।,positive,sports,2
महत्वपूर्ण मौके पर कप्तान ने मुकाबला में कमाल का खेल दिखाकर शानदार वापसी की।,positive,sports,2
इस मुकाबले में गोलकीपर ने फाइनल में उत्कृष्ट खेल दिखाकर मुकाबला अपने नाम कर लिया।,positive,sports,2
टूर्नामेंट के अहम चरण में भारतीय टीम ने प्लेऑफ में उत्कृष्ट खेल दिखाकर शानदार वापसी की।,positive,sports,2
टूर्नामेंट के अहम चरण में जोड़ी ने सेट में जबरदस्त खेल दिखाकर लगातार अच्छा प्रदर्शन किया।,positive,sports,2
मैं कंप्यूटर पर काम करता हूं।,neutral,sentihin,1
दबाव वाले मुकाबले में जोड़ी ने मैच में कमाल का खेल दिखाकर दबदबा कायम रखा।,positive,sports,2
लगातार तीसरे मैच में हॉकी टीम ने मुकाबला में जबरदस्त खेल दिखाकर लगातार अच्छा प्रदर्शन किया।,positive,sports,2
दबाव वाले मुकाबले में डिफेंडर ने फाइनल में कमाल का खेल दिखाकर शानदार वापसी की।,positive,sports,2
निर्णायक मैच में भारत का सीरीज में निराशाजनक खेल टीम पर भारी पड़ा।,negative,sports,0
पैकेजिंग से कोई खास प्रभाव नहीं पड़ा,neutral,sentihin,1
आपकी मदद मेरे लिए महत्वपूर्ण है।,positive,sentihin,2
इस मुकाबले में डिफेंडर का लीग मैच में कमजोर खेल टीम पर भारी पड़ा।,negative,sports,0
इस मुकाबले में एथलीट का दौड़ में कमजोर खेल टीम पर भारी पड़ा।,negative,sports,0
निर्णायक मैच में डिफेंडर का फाइनल में फीका खेल टीम पर भारी पड़ा।,negative,sports,0
घरेलू मैदान पर धाविका ने प्रतियोगिता में यादगार खेल दिखाकर मुकाबला अपने नाम कर लिया।,positive,sports,2
प्रशंसकों के सामने जोड़ी का फाइनल में लचर खेल टीम पर भारी पड़ा।,negative,sports,0
आज डिफेंडर ने फाइनल में जबरदस्त खेल दिखाकर जीत दर्ज की।,positive,sports,2
महत्वपूर्ण मौके पर रेडर का मुकाबला में निराश करने वाला खेल टीम पर भारी पड़ा।,negative,sports,0
मुझे इस प्रस्तुति में मजा आया,positive,sentihin,2
कल अगले दौर का कार्यक्रम आयोजकों ने जारी किया।,neutral,sports,1
महत्वपूर्ण मौके पर युवा एथलीट ने फाइनल में लाजवाब खेल दिखाकर मुकाबला अपने नाम कर लिया।,positive,sports,2
टूर्नामेंट के अहम चरण में कप्तान ने लीग मैच से पहले प्रशिक्षण पूरा किया।,neutral,sports,1
प्रशंसकों के सामने हॉकी टीम ने सेमीफाइनल में कमाल का खेल दिखाकर मुकाबला अपने नाम कर लिया।,positive,sports,2
घरेलू मैदान पर भारतीय धावक ने प्रतियोगिता में उत्कृष्ट खेल दिखाकर शानदार वापसी की।,positive,sports,2
फॉरवर्ड ने मैच में असंगत प्रदर्शन किया और उम्मीदों पर खरी नहीं उतरी।,negative,sports,0
आज टेनिस स्टार सेट से पहले प्रशिक्षण कर रहा है।,neutral,sports,1
महत्वपूर्ण मौके पर भारतीय टीम मुकाबला से पहले प्रशिक्षण कर रहा है।,neutral,sports,1
महत्वपूर्ण मौके पर हॉकी टीम ने सेमीफाइनल में लाजवाब खेल दिखाकर शानदार वापसी की।,positive,sports,2
मेरी बहन ने आज एक नई नौकरी पाई।,positive,sentihin,2
यह अनुभव अत्यंत निराशाजनक रहा।,negative,sentihin,0
आज जोड़ी ने फाइनल में धमाकेदार खेल दिखाकर लगातार अच्छा प्रदर्शन किया।,positive,sports,2
युवा खिलाड़ी सेट के लिए रणनीति पर चर्चा कर रही है।,neutral,sports,1
महत्वपूर्ण मौके पर युवा एथलीट ने रेस में कमाल का खेल दिखाकर मुकाबला अपने नाम कर लिया।,positive,sports,2
यह सेवा बेहद निराशाजनक साबित हुई।,negative,sentihin,0
यह फिल्म बहुत अच्छी थी।,positive,sentihin,2
लगातार तीसरे मैच में भारत रन चेज से पहले प्रशिक्षण कर रहा है।,neutral,sports,1
लगातार तीसरे मैच में हॉकी टीम ने सेमीफाइनल में जबरदस्त खेल दिखाकर महत्वपूर्ण योगदान दिया।,positive,sports,2
महत्वपूर्ण मौके पर रेडर प्लेऑफ से पहले प्रशिक्षण कर रहा है।,neutral,sports,1
लंबे ब्रेक के बाद भारतीय धावक दौड़ से पहले प्रशिक्षण कर रहा है।,neutral,sports,1
लगातार तीसरे मैच में एथलीट ने इवेंट में यादगार खेल दिखाकर लगातार अच्छा प्रदर्शन किया।,positive,sports,2
भारतीय टीम ने मैच में निराशाजनक प्रदर्शन किया और उम्मीदों पर खरी नहीं उतरी।,negative,sports,0
प्रशंसकों के सामने खिलाड़ी ने रेस में उत्कृष्ट खेल दिखाकर मुकाबला अपने नाम कर लिया।,positive,sports,2
लंबे ब्रेक के बाद एथलीट ने प्रतियोगिता में शानदार खेल दिखाकर मुकाबला अपने नाम कर लिया।,positive,sports,2
निर्णायक मैच में फॉरवर्ड ने लीग मैच में शानदार खेल दिखाकर महत्वपूर्ण योगदान दिया।,positive,sports,2
टूर्नामेंट के अहम चरण में जोड़ी का फाइनल में बेअसर खेल टीम पर भारी पड़ा।,negative,sports,0
गोलकीपर ने मैच में बेहतरीन प्रदर्शन करते हुए मुकाबला अपने नाम कर लिया।,positive,sports,2
मैं रोज़ाना सब्जी खाता हूं।,neutral,sentihin,1
लंबे ब्रेक के बाद गोलकीपर का फाइनल में बेअसर खेल टीम पर भारी पड़ा।,negative,sports,0
इस मुकाबले में खिलाड़ी ने मैच से पहले प्रशिक्षण पूरा किया।,neutral,sports,1
यह सेवा पूरी तरह विफल साबित हुई।,negative,sentihin,0
महत्वपूर्ण मौके पर एथलीट ने दौड़ में बेहतरीन तालमेल के साथ जीत हासिल की।,positive,sports,2
महत्वपूर्ण मौके पर खिलाड़ी ने मैच में लाजवाब खेल दिखाकर मुकाबला अपने नाम कर लिया।,positive,sports,2
हॉकी टीम ने लीग मैच में खराब प्रदर्शन किया और बढ़त गंवा दी।,negative,sports,0
दबाव वाले मुकाबले में युवा शटलर का मैच में बेअसर खेल टीम पर भारी पड़ा।,negative,sports,0
निर्णायक चरण में खिलाड़ी ने आज मैदान पर आग लगा दी।,positive,sports,2
खिलाड़ी ने रेस में निराशाजनक प्रदर्शन किया और दबाव में बिखर गई।,negative,sports,0
गेंदबाज ने सीरीज में असंगत प्रदर्शन किया और मुकाबला गंवा दिया।,negative,sports,0
महत्वपूर्ण मौके पर गोलकीपर ने मुकाबला में लाजवाब खेल दिखाकर दबदबा कायम रखा।,positive,sports,2
महत्वपूर्ण मौके पर डिफेंडर मैच से पहले प्रशिक्षण कर रहा है।,neutral,sports,1
इस मुकाबले में डिफेंडर ने सेमीफाइनल में जबरदस्त खेल दिखाकर महत्वपूर्ण योगदान दिया।,positive,sports,2
दीवार पर तस्वीर लगी है।,neutral,sentihin,1
प्रशंसकों के सामने खिलाड़ी का फाइनल में कमजोर खेल टीम पर भारी पड़ा।,negative,sports,0
आपकी मुस्कान से खुशी मिलती है।,positive,sentihin,2
लंबे ब्रेक के बाद गोलकीपर का मैच में बेअसर खेल टीम पर भारी पड़ा।,negative,sports,0
पारी लंबे ब्रेक के बाद आयोजित होगा और बल्लेबाज इसमें हिस्सा लेगा।,neutral,sports,1
मुझे इसमें कुछ विशेष नजर नहीं आया।,neutral,sentihin,1
आज युवा शटलर ने फाइनल में कमाल का खेल दिखाकर जीत दर्ज की।,positive,sports,2
युवा शटलर ने गेम में निराशाजनक प्रदर्शन किया और महत्वपूर्ण मौका गंवाया।,negative,sports,0
टूर्नामेंट के अहम चरण में भारतीय टीम ने सेमीफाइनल से पहले प्रशिक्षण पूरा किया।,neutral,sports,1
डिफेंडर ने सेमीफाइनल के लिए नया अभ्यास कार्यक्रम शुरू किया।,neutral,sports,1
इस मुकाबले में भारतीय शटलर का मुकाबला में फीका खेल टीम पर भारी पड़ा।,negative,sports,0
दबाव वाले मुकाबले में कप्तान का सेमीफाइनल में निराशाजनक खेल टीम पर भारी पड़ा।,negative,sports,0
लगातार तीसरे मैच में बल्लेबाज ने मैच में यादगार खेल दिखाकर शानदार वापसी की।,positive,sports,2
रन चेज लगातार तीसरे मैच में आयोजित होगा और कप्तान इसमें हिस्सा लेगा।,neutral,sports,1
टूर्नामेंट के अहम चरण में खिलाड़ी ने इवेंट में लाजवाब खेल दिखाकर दबदबा कायम रखा।,positive,sports,2
आपकी मुस्कान हमेशा खुशी देती है।,positive,sentihin,2
लंबे ब्रेक के बाद युवा एथलीट ने फाइनल में लाजवाब खेल दिखाकर जीत दर्ज की।,positive,sports,2
इस मुकाबले में गेंदबाज ने रन चेज में लाजवाब खेल दिखाकर जीत दर्ज की।,positive,sports,2
एथलीट रेस के लिए मैच के लिए रवाना हुई।,neutral,sports,1
डिफेंडर ने मुकाबला में निराश करने वाला प्रदर्शन किया और महत्वपूर्ण मौका गंवाया।,negative,sports,0
टूर्नामेंट के अहम चरण में खिलाड़ी का लीग मैच में खराब खेल टीम पर भारी पड़ा।,negative,sports,0
निर्णायक मैच में भारतीय टीम ने मुकाबला में बेहतरीन तालमेल के साथ जीत हासिल की।,positive,sports,2
निर्णायक मैच में कप्तान का मुकाबला में निराश करने वाला खेल टीम पर भारी पड़ा।,negative,sports,0
लंबे अंतराल के बाद खिलाड़ियों ने निर्णायक मौके पर गलतियां कीं।,negative,sports,0
एथलीट इवेंट के लिए अगले दौर के लिए पहुंची।,neutral,sports,1
फॉरवर्ड ने मुकाबला में कमजोर प्रदर्शन किया और अपनी लय खो दी।,negative,sports,0
घरेलू मैदान पर भारत का रन चेज में बेअसर खेल टीम पर भारी पड़ा।,negative,sports,0
कप्तान अगले मैच से पहले कोच के साथ बैठक करेगा।,neutral,sports,1
प्रशंसकों के सामने चैंपियन का मैच में फीका खेल टीम पर भारी पड़ा।,negative,sports,0
इस मुकाबले में कप्तान ने मुकाबला में जबरदस्त खेल दिखाकर जीत दर्ज की।,positive,sports,2
आपकी मदद से यह सब आसान हो गया।,positive,sentihin,2
भारतीय टीम ने लीग मैच में खराब प्रदर्शन किया और महत्वपूर्ण मौका गंवाया।,negative,sports,0
निर्णायक मैच में कप्तान ने फाइनल में बेहतरीन खेल दिखाकर मुकाबला अपने नाम कर लिया।,positive,sports,2
लंबे ब्रेक के बाद खिलाड़ी का फाइनल में निराशाजनक खेल टीम पर भारी पड़ा।,negative,sports,0
आज भारतीय टीम ने सेमीफाइनल में शानदार खेल दिखाकर लगातार अच्छा प्रदर्शन किया।,positive,sports,2
फॉरवर्ड ने सेमीफाइनल में जबरदस्त प्रदर्शन करते हुए मुश्किल स्थिति से बाहर निकली।,positive,sports,2
आपकी मदद से काम आसान हो गया।,positive,sentihin,2
लंबे ब्रेक के बाद भारतीय टीम ने लीग मैच में जबरदस्त खेल दिखाकर दबदबा कायम रखा।,positive,sports,2
इस मुकाबले में हॉकी टीम ने मुकाबला में बेहतरीन खेल दिखाकर शानदार वापसी की।,positive,sports,2
वह फिल्म अत्यंत प्रेरणादायक थी।,positive,sentihin,2
निर्णायक मैच में कप्तान का लीग मैच में कमजोर खेल टीम पर भारी पड़ा।,negative,sports,0
निर्णायक मैच में भारतीय धावक ने इवेंट में जबरदस्त खेल दिखाकर लगातार अच्छा प्रदर्शन किया।,positive,sports,2
महत्वपूर्ण मौके पर खिलाड़ी का इवेंट में लचर खेल टीम पर भारी पड़ा।,negative,sports,0
प्लेऑफ प्रशंसकों के सामने आयोजित होगा और खिलाड़ी इसमें हिस्सा लेगा।,neutral,sports,1
मुझे इससे कोई भावना नहीं जुड़ी।,neutral,sentihin,1
निर्णायक मैच में टेनिस स्टार फाइनल से पहले प्रशिक्षण कर रहा है।,neutral,sports,1
आपका समर्थन मेरे लिए महत्वपूर्ण है।,positive,sentihin,2
आज डिफेंडर ने लीग मैच में जबरदस्त खेल दिखाकर शानदार वापसी की।,positive,sports,2
दबाव वाले मुकाबले में डिफेंडर मैच से पहले प्रशिक्षण कर रहा है।,neutral,sports,1
टूर्नामेंट के अहम चरण में कप्तान ने मुकाबला में जबरदस्त खेल दिखाकर जीत दर्ज की।,positive,sports,2
गेंदबाज ने रन चेज में जबरदस्त खेल दिखाया और टीम को जीत दिलाई।,positive,sports,2
मैं इस परिस्थिति से डरा हुआ हूं।,negative,sentihin,0
फाइनल इस मुकाबले में आयोजित होगा और धाविका इसमें हिस्सा लेगा।,neutral,sports,1
टेनिस स्टार की फाइनल में असंगत रणनीति काम नहीं आई।,negative,sports,0
प्लेऑफ लगातार तीसरे मैच में आयोजित होगा और खिलाड़ी इसमें हिस्सा लेगा।,neutral,sports,1
इस मुकाबले में युवा शटलर ने मैच में लाजवाब खेल दिखाकर लगातार अच्छा प्रदर्शन किया।,positive,sports,2
मैं खाना बनाता हूं।,neutral,sentihin,1
रेडर ने प्लेऑफ में असंगत प्रदर्शन किया और बढ़त गंवा दी।,negative,sports,0
डिफेंडर फाइनल के लिए टूर्नामेंट में हिस्सा ले रही है।,neutral,sports,1
लंबे ब्रेक के बाद डिफेंडर ने प्लेऑफ से पहले प्रशिक्षण पूरा किया।,neutral,sports,1
दबाव वाले मुकाबले में खिलाड़ी ने मैच में उत्कृष्ट खेल दिखाकर मुकाबला अपने नाम कर लिया।,positive,sports,2
कप्तान ने मुकाबला में निराश करने वाला प्रदर्शन किया और अपनी लय खो दी।,negative,sports,0
प्रशंसकों के सामने गोलकीपर ने मुकाबला में लाजवाब खेल दिखाकर मुश्किल स्थिति से बाहर निकली।,positive,sports,2
घरेलू मैदान पर धाविका ने रेस में उत्कृष्ट खेल दिखाकर जीत दर्ज की।,positive,sports,2
लगातार तीसरे मैच में गेंदबाज मैच से पहले प्रशिक्षण कर रहा है।,neutral,sports,1
लगातार तीसरे मैच में युवा खिलाड़ी ने फाइनल में कमाल का खेल दिखाकर दबदबा कायम रखा।,positive,sports,2
मैं रोज़ाना अपने बालों में तेल लगाता हूं।,neutral,sentihin,1
निर्णायक चरण में खिलाड़ी ने निर्णायक क्षण में बेहतरीन प्रदर्शन किया।,positive,sports,2
मैच टूर्नामेंट के अहम चरण में आयोजित होगा और कप्तान इसमें हिस्सा लेगा।,neutral,sports,1
लीग मैच महत्वपूर्ण मौके पर आयोजित होगा और फॉरवर्ड इसमें हिस्सा लेगा।,neutral,sports,1
मुझे यह विषय सामान्य लगा।,neutral,sentihin,1
एथलीट प्रतियोगिता के लिए अगले मुकाबले की तैयारी कर रही है।,neutral,sports,1
लंबे ब्रेक के बाद हॉकी टीम का फाइनल में बेअसर खेल टीम पर भारी पड़ा।,negative,sports,0
मुझे इसमें कुछ भी अप्रत्याशित नहीं।,neutral,sentihin,1
फॉरवर्ड ने मैच में फीका प्रदर्शन किया और मुकाबला गंवा दिया।,negative,sports,0
आज भारतीय टीम मैच से पहले प्रशिक्षण कर रहा है।,neutral,sports,1
भारतीय टीम ने मैच में निराश करने वाला प्रदर्शन किया और लगातार गलतियां कीं।,negative,sports,0
सेट आज आयोजित होगा और युवा खिलाड़ी इसमें हिस्सा लेगा।,neutral,sports,1
महत्वपूर्ण मौके पर हॉकी टीम ने फाइनल में धमाकेदार खेल दिखाकर शानदार वापसी की।,positive,sports,2
दबाव वाले मुकाबले में भारत का पारी में लचर खेल टीम पर भारी पड़ा।,negative,sports,0
इस मुकाबले में एथलीट का प्रतियोगिता में लचर खेल टीम पर भारी पड़ा।,negative,sports,0
तुम्हारे प्रयासों ने पूरे समूह को प्रेरित किया है।,positive,sentihin,2
मुझे इसमें कुछ कहने की आवश्यकता नहीं।,neutral,sentihin,1
निर्णायक मैच में कप्तान ने सीरीज में कई आसान मौके गंवाए।,negative,sports,0
इस मुकाबले में खिलाड़ी ने दौड़ में कमाल का खेल दिखाकर जीत दर्ज की।,positive,sports,2
लगातार तीसरे मैच में बल्लेबाज रन चेज से पहले प्रशिक्षण कर रहा है।,neutral,sports,1
इस मुकाबले में भारतीय टीम मुकाबला से पहले प्रशिक्षण कर रहा है।,neutral,sports,1
आपकी सोच मेरे लिए शक्ति का स्रोत है।,positive,sentihin,2
इस सेवा से मैं असंतुष्ट हूं,negative,sentihin,0
लगातार तीसरे मैच में क्लब ने सेमीफाइनल में यादगार खेल दिखाकर दबदबा कायम रखा।,positive,sports,2
आज फॉरवर्ड ने लीग मैच में बेहतरीन तालमेल के साथ जीत हासिल की।,positive,sports,2
दबाव वाले मुकाबले में चैंपियन ने फाइनल में कमाल का खेल दिखाकर महत्वपूर्ण योगदान दिया।,positive,sports,2
लगातार तीसरे मैच में खिलाड़ी मुकाबला से पहले प्रशिक्षण कर रहा है।,neutral,sports,1
डिफेंडर ने लीग मैच में असंगत प्रदर्शन किया और उम्मीदों पर खरी नहीं उतरी।,negative,sports,0
निर्णायक मैच में भारतीय खिलाड़ी ने मैच से पहले प्रशिक्षण पूरा किया।,neutral,sports,1
महत्वपूर्ण मौके पर कप्तान ने लीग मैच में धमाकेदार खेल दिखाकर मुश्किल स्थिति से बाहर निकली।,positive,sports,2
गेम घरेलू मैदान पर आयोजित होगा और खिलाड़ी इसमें हिस्सा लेगा।,neutral,sports,1
युवा खिलाड़ी ने सेट में निराशाजनक खेल दिखाया और टीम को नुकसान हुआ।,negative,sports,0
मुझे इसमें कोई खास अनुभूति नहीं हुई।,neutral,sentihin,1
टेनिस स्टार ने मुकाबला में जबरदस्त प्रदर्शन करते हुए मुश्किल स्थिति से बाहर निकली।,positive,sports,2
रन चेज टूर्नामेंट के अहम चरण में आयोजित होगा और भारतीय टीम इसमें हिस्सा लेगा।,neutral,sports,1
वह परिस्थिति इतनी अपमानजनक थी कि शब्द नहीं मिलते।,negative,sentihin,0
मुझे इसमें कोई प्रेरणा नहीं मिली,negative,sentihin,0
मेरे दादाजी आज बहुत बेहतर महसूस कर रहे हैं।,positive,sentihin,2
दबाव वाले मुकाबले में गोलकीपर ने सेमीफाइनल से पहले प्रशिक्षण पूरा किया।,neutral,sports,1
घरेलू मैदान पर खिलाड़ी ने प्लेऑफ में लाजवाब खेल दिखाकर शानदार वापसी की।,positive,sports,2
मुझे यह जीत खुशी दे रही है।,positive,sentihin,2
लगातार तीसरे मैच में धाविका ने इवेंट में धमाकेदार खेल दिखाकर दबदबा कायम रखा।,positive,sports,2
Is tournament mein Team aaj ke match ke liye ready hai,neutral,sports,1
आपकी मदद से मन को शांति मिलती है।,positive,sentihin,2
मेरे दोस्त का नया घर बहुत सुंदर है।,positive,sentihin,2
डिफेंडर दबाव के कारण कठिन मैच में लय नहीं बना सका।,negative,sports,0
यह कहानी बहुत प्रेरणादायक और दिलचस्प है।,positive,sentihin,2
फॉरवर्ड ने फाइनल में कमजोर प्रदर्शन किया और अपनी लय खो दी।,negative,sports,0
निर्णायक मैच में भारत ने मैच में यादगार खेल दिखाकर मुकाबला अपने नाम कर लिया।,positive,sports,2
लंबे ब्रेक के बाद खिलाड़ी ने लीग मैच में उत्कृष्ट खेल दिखाकर मुकाबला अपने नाम कर लिया।,positive,sports,2
इस मुकाबले में भारतीय खिलाड़ी ने फाइनल में यादगार खेल दिखाकर मुकाबला अपने नाम कर लिया।,positive,sports,2
आपका यह सुझाव बहुत अच्छा है।,positive,sentihin,2
टूर्नामेंट के अहम चरण में डिफेंडर ने प्लेऑफ में धमाकेदार खेल दिखाकर जीत दर्ज की।,positive,sports,2
गेंदबाज ने मुकाबला में यादगार प्रदर्शन करते हुए मुकाबला अपने नाम कर लिया।,positive,sports,2
आपकी मुस्कान प्रेरणा देती है।,positive,sentihin,2
तुम्हारी हंसी सुनकर मन प्रसन्न हो गया।,positive,sentihin,2
भारतीय खिलाड़ी फाइनल के लिए मैच के लिए रवाना हुई।,neutral,sports,1
घरेलू मैदान पर डिफेंडर ने मुकाबला से पहले प्रशिक्षण पूरा किया।,neutral,sports,1
इस मुकाबले में डिफेंडर ने मैच में जबरदस्त खेल दिखाकर दबदबा कायम रखा।,positive,sports,2
गेंदबाज ने ओवर में निराश करने वाला प्रदर्शन किया और अपनी लय खो दी।,negative,sports,0
कप्तान की टीम सेट के लिए अपनी अंतिम सूची तैयार कर रही है।,neutral,sports,1
घरेलू मैदान पर भारत ने ओवर में बेहतरीन तालमेल के साथ जीत हासिल की।,positive,sports,2
महत्वपूर्ण मौके पर डिफेंडर मुकाबला से पहले प्रशिक्षण कर रहा है।,neutral,sports,1
भारत ने मुकाबला में यादगार प्रदर्शन करते हुए लगातार अच्छा प्रदर्शन किया।,positive,sports,2
गोलकीपर ने मुकाबला में लचर प्रदर्शन किया और मुकाबला गंवा दिया।,negative,sports,0
भारतीय टीम ने लीग मैच में शानदार प्रदर्शन करते हुए महत्वपूर्ण योगदान दिया।,positive,sports,2
सेमीफाइनल इस मुकाबले में आयोजित होगा और फॉरवर्ड इसमें हिस्सा लेगा।,neutral,sports,1
घरेलू मैदान पर भारतीय टीम ने सीरीज में लाजवाब खेल दिखाकर महत्वपूर्ण योगदान दिया।,positive,sports,2
मुझे इसमें कोई दिक्कत नहीं आई,positive,sentihin,2
लंबे ब्रेक के बाद डिफेंडर ने मुकाबला से पहले प्रशिक्षण पूरा किया।,neutral,sports,1
इस मुकाबले में खिलाड़ी ने रेस में उत्कृष्ट खेल दिखाकर शानदार वापसी की।,positive,sports,2
भारतीय टीम ने मुकाबला में निराशाजनक प्रदर्शन किया और लगातार गलतियां कीं।,negative,sports,0
घरेलू मैदान पर कप्तान पारी से पहले प्रशिक्षण कर रहा है।,neutral,sports,1
आज टीम ने अगले मुकाबले की तैयारी शुरू कर दी।,neutral,sports,1
धाविका ने प्रतियोगिता में कमजोर प्रदर्शन किया और महत्वपूर्ण मौका गंवाया।,negative,sports,0
टूर्नामेंट के अहम चरण में हॉकी टीम फाइनल से पहले प्रशिक्षण कर रहा है।,neutral,sports,1
ओवर दबाव वाले मुकाबले में आयोजित होगा और कप्तान इसमें हिस्सा लेगा।,neutral,sports,1
प्रशंसकों के सामने हॉकी टीम ने मुकाबला में धमाकेदार खेल दिखाकर मुकाबला अपने नाम कर लिया।,positive,sports,2
प्रशंसकों के सामने भारत ने सीरीज से पहले प्रशिक्षण पूरा किया।,neutral,sports,1
मुझे इसमें कोई विशेष बात नजर नहीं आई,neutral,sentihin,1
भारतीय टीम ने लीग मैच में असंगत प्रदर्शन किया और दबाव में बिखर गई।,negative,sports,0
प्रशंसकों के सामने डिफेंडर ने मैच में लाजवाब खेल दिखाकर मुकाबला अपने नाम कर लिया।,positive,sports,2
निर्णायक मैच में भारतीय खिलाड़ी ने सेट में उत्कृष्ट खेल दिखाकर शानदार वापसी की।,positive,sports,2
प्लेऑफ महत्वपूर्ण मौके पर आयोजित होगा और भारतीय टीम इसमें हिस्सा लेगा।,neutral,sports,1
भारत ने ओवर में निराशाजनक प्रदर्शन किया और उम्मीदों पर खरी नहीं उतरी।,negative,sports,0
महत्वपूर्ण मौके पर एथलीट ने फाइनल में कई आसान मौके गंवाए।,negative,sports,0
निर्णायक मैच में कप्तान ने सेट में उत्कृष्ट खेल दिखाकर जीत दर्ज की।,positive,sports,2
महत्वपूर्ण मौके पर भारत ने सीरीज में उत्कृष्ट खेल दिखाकर मुश्किल स्थिति से बाहर निकली।,positive,sports,2
बल्लेबाज ने सीरीज में धमाकेदार खेल दिखाया और टीम को जीत दिलाई।,positive,sports,2
दबाव वाले मुकाबले में भारत ने सीरीज में लाजवाब खेल दिखाकर जीत दर्ज की।,positive,sports,2
मेरे दादाजी की तबीयत आज बहुत अच्छी है।,positive,sentihin,2
हॉकी टीम ने मैच में कमजोर प्रदर्शन किया और मुकाबला गंवा दिया।,negative,sports,0
सेमिनार में कई उपयोगी बातें साझा की गईं,positive,sentihin,2
निर्णायक मैच में खिलाड़ी ने मुकाबला में कमाल का खेल दिखाकर जीत दर्ज की।,positive,sports,2
महत्वपूर्ण मौके पर खिलाड़ी क्वार्टरफाइनल से पहले प्रशिक्षण कर रहा है।,neutral,sports,1
दबाव वाले मुकाबले में बल्लेबाज ने ओवर में शानदार खेल दिखाकर दबदबा कायम रखा।,positive,sports,2
लंबे ब्रेक के बाद गेंदबाज ने मैच में बेहतरीन खेल दिखाकर मुकाबला अपने नाम कर लिया।,positive,sports,2
भारतीय धावक ने प्रतियोगिता में उत्कृष्ट खेल दिखाया और टीम को जीत दिलाई।,positive,sports,2
मुझे इसमें कुछ अनोखा नहीं दिखा।,neutral,sentihin,1
दबाव वाले मुकाबले में भारतीय टीम ने सीरीज में यादगार खेल दिखाकर जीत दर्ज की।,positive,sports,2
दबाव वाले मुकाबले में फॉरवर्ड मुकाबला से पहले प्रशिक्षण कर रहा है।,neutral,sports,1
खिलाड़ी ने क्वार्टरफाइनल के लिए यात्रा कार्यक्रम साझा किया।,neutral,sports,1
लंबे ब्रेक के बाद विकेटकीपर ने रन चेज में शानदार खेल दिखाकर महत्वपूर्ण योगदान दिया।,positive,sports,2
युवा एथलीट ने फाइनल में निराश करने वाला प्रदर्शन किया और उम्मीदों पर खरी नहीं उतरी।,negative,sports,0
प्रशंसकों के सामने कप्तान ने मैच में कमाल का खेल दिखाकर शानदार वापसी की।,positive,sports,2
मुकाबला प्रशंसकों के सामने आयोजित होगा और खिलाड़ी इसमें हिस्सा लेगा।,neutral,sports,1
आपका सहयोग मेरे लिए प्रेरणा का स्रोत है।,positive,sentihin,2
आपकी मुस्कान से नई ऊर्जा मिलती है।,positive,sentihin,2
मैच निर्णायक मैच में आयोजित होगा और भारतीय टीम इसमें हिस्सा लेगा।,neutral,sports,1
टूर्नामेंट के अहम चरण में हॉकी टीम मैच से पहले प्रशिक्षण कर रहा है।,neutral,sports,1
लंबे ब्रेक के बाद गोलकीपर ने फाइनल में लाजवाब खेल दिखाकर दबदबा कायम रखा।,positive,sports,2
आपकी मुस्कान हमेशा प्रेरणा देती है।,positive,sentihin,2
गोलकीपर ने मैच में निराशाजनक प्रदर्शन किया और महत्वपूर्ण मौका गंवाया।,negative,sports,0
आज एथलीट का दौड़ में बेअसर खेल टीम पर भारी पड़ा।,negative,sports,0
मुकाबला निर्णायक मैच में आयोजित होगा और डिफेंडर इसमें हिस्सा लेगा।,neutral,sports,1
लंबे ब्रेक के बाद खिलाड़ी ने फाइनल में कमाल का खेल दिखाकर जीत दर्ज की।,positive,sports,2
क्वार्टरफाइनल आज आयोजित होगा और टेनिस स्टार इसमें हिस्सा लेगा।,neutral,sports,1
लंबे ब्रेक के बाद टेनिस स्टार ने सेट में यादगार खेल दिखाकर शानदार वापसी की।,positive,sports,2
लगातार तीसरे मैच में गोलकीपर ने सेमीफाइनल में लाजवाब खेल दिखाकर मुकाबला अपने नाम कर लिया।,positive,sports,2
घरेलू मैदान पर युवा एथलीट ने इवेंट में शानदार खेल दिखाकर जीत दर्ज की।,positive,sports,2
निर्णायक मैच में फॉरवर्ड का लीग मैच में लचर खेल टीम पर भारी पड़ा।,negative,sports,0
आज विकेटकीपर का मैच में लचर खेल टीम पर भारी पड़ा।,negative,sports,0
प्रशंसकों के सामने फॉरवर्ड ने मुकाबला में जबरदस्त खेल दिखाकर दबदबा कायम रखा।,positive,sports,2
निर्णायक मैच में भारतीय टीम ने प्लेऑफ में जबरदस्त खेल दिखाकर जीत दर्ज की।,positive,sports,2
इस शहर की सड़कें बहुत सुंदर हैं।,positive,sentihin,2
टूर्नामेंट के अहम चरण में भारतीय खिलाड़ी का सेट में खराब खेल टीम पर भारी पड़ा।,negative,sports,0
इस मुकाबले में भारतीय टीम मैच से पहले प्रशिक्षण कर रहा है।,neutral,sports,1
घरेलू मैदान पर भारत का रन चेज में असंगत खेल टीम पर भारी पड़ा।,negative,sports,0
भारतीय खिलाड़ी क्वार्टरफाइनल के लिए अभ्यास सत्र में शामिल हुई।,neutral,sports,1
गोलकीपर सेमीफाइनल के लिए रणनीति पर चर्चा कर रही है।,neutral,sports,1
लगातार तीसरे मैच में खिलाड़ी का प्लेऑफ में फीका खेल टीम पर भारी पड़ा।,negative,sports,0
भारतीय खिलाड़ी फाइनल के लिए अगले मुकाबले की तैयारी कर रही है।,neutral,sports,1
आज भारतीय धावक का दौड़ में लचर खेल टीम पर भारी पड़ा।,negative,sports,0
यह योजना केवल कागजों पर अच्छी लगती है असल में नहीं।,negative,sentihin,0
घरेलू मैदान पर डिफेंडर ने फाइनल से पहले प्रशिक्षण पूरा किया।,neutral,sports,1
इस मुकाबले में युवा खिलाड़ी का मुकाबला में फीका खेल टीम पर भारी पड़ा।,negative,sports,0
कप्तान ने लीग मैच में असंगत प्रदर्शन किया और बढ़त गंवा दी।,negative,sports,0
प्लेऑफ दबाव वाले मुकाबले में आयोजित होगा और रेडर इसमें हिस्सा लेगा।,neutral,sports,1
भारतीय टीम मुकाबला के लिए अगले दौर के लिए पहुंची।,neutral,sports,1
भारतीय धावक ने दौड़ में कमजोर प्रदर्शन किया और मुकाबला गंवा दिया।,negative,sports,0
कप्तान ने फाइनल में बेअसर प्रदर्शन किया और महत्वपूर्ण मौका गंवाया।,negative,sports,0
निर्णायक मैच में कप्तान ने सेट में जबरदस्त खेल दिखाकर लगातार अच्छा प्रदर्शन किया।,positive,sports,2
युवा शटलर ने मुकाबला में जबरदस्त खेल दिखाया और टीम को जीत दिलाई।,positive,sports,2
यह उपहार मेरे दिल के बहुत करीब है।,positive,sentihin,2
मुझे यह नई जॉब बहुत चुनौतीपूर्ण लगती है।,negative,sentihin,0
महत्वपूर्ण मौके पर भारतीय टीम ने मुकाबला में धमाकेदार खेल दिखाकर जीत दर्ज की।,positive,sports,2
मुझे इसका स्वाद बहुत अच्छा लगा,positive,sentihin,2
टूर्नामेंट के अहम चरण में चैंपियन ने मैच में यादगार खेल दिखाकर दबदबा कायम रखा।,positive,sports,2
इस यात्रा में काफी समस्याएं हुईं,negative,sentihin,0
पारी महत्वपूर्ण मौके पर आयोजित होगा और भारत इसमें हिस्सा लेगा।,neutral,sports,1
मुझे इससे कोई नई अनुभूति नहीं हुई।,neutral,sentihin,1
कप्तान ने मैच में फीका प्रदर्शन किया और बढ़त गंवा दी।,negative,sports,0
प्रशंसकों के सामने धाविका ने दौड़ में कमाल का खेल दिखाकर जीत दर्ज की।,positive,sports,2
मुझे इसमें कोई खास अनुभव नहीं हुआ।,neutral,sentihin,1
महत्वपूर्ण मौके पर डिफेंडर का फाइनल में कमजोर खेल टीम पर भारी पड़ा।,negative,sports,0
महत्वपूर्ण मौके पर फॉरवर्ड ने मैच से पहले प्रशिक्षण पूरा किया।,neutral,sports,1
महत्वपूर्ण मौके पर खिलाड़ी ने लीग मैच में कमाल का खेल दिखाकर शानदार वापसी की।,positive,sports,2
लगातार तीसरे मैच में भारतीय खिलाड़ी का मुकाबला में निराशाजनक खेल टीम पर भारी पड़ा।,negative,sports,0
घरेलू मैदान पर क्लब ने सेमीफाइनल में लाजवाब खेल दिखाकर मुकाबला अपने नाम कर लिया।,positive,sports,2
प्रशंसकों के सामने रेडर ने प्लेऑफ में शानदार खेल दिखाकर महत्वपूर्ण योगदान दिया।,positive,sports,2
दबाव वाले मुकाबले में खिलाड़ी ने प्रतियोगिता में बेहतरीन खेल दिखाकर लगातार अच्छा प्रदर्शन किया।,positive,sports,2
लीग मैच दबाव वाले मुकाबले में आयोजित होगा और कप्तान इसमें हिस्सा लेगा।,neutral,sports,1
लगातार तीसरे मैच में भारत का सीरीज में खराब खेल टीम पर भारी पड़ा।,negative,sports,0
घरेलू मैदान पर कप्तान ने सीरीज में बेहतरीन खेल दिखाकर जीत दर्ज की।,positive,sports,2
मुझे इसमें कोई टिप्पणी नहीं करनी है।,neutral,sentihin,1
Aaj Team aaj ke match ke liye ready hai,neutral,sports,1
टूर्नामेंट के अहम चरण में भारतीय शटलर मैच से पहले प्रशिक्षण कर रहा है।,neutral,sports,1
प्रशंसकों के सामने डिफेंडर ने मुकाबला में कमाल का खेल दिखाकर मुकाबला अपने नाम कर लिया।,positive,sports,2
वह दिन मेरे जीवन के सबसे उदास दिनों में शामिल है।,negative,sentihin,0
निर्णायक मैच में कप्तान का सेमीफाइनल में खराब खेल टीम पर भारी पड़ा।,negative,sports,0
निर्णायक मैच में कप्तान ने ओवर में शानदार खेल दिखाकर लगातार अच्छा प्रदर्शन किया।,positive,sports,2
उसकी आलोचना से दुख हुआ।,negative,sentihin,0
मुकाबला निर्णायक मैच में आयोजित होगा और गेंदबाज इसमें हिस्सा लेगा।,neutral,sports,1
घरेलू मैदान पर क्लब ने मैच में जबरदस्त खेल दिखाकर मुकाबला अपने नाम कर लिया।,positive,sports,2
लगातार तीसरे मैच में विकेटकीपर पारी से पहले प्रशिक्षण कर रहा है।,neutral,sports,1
दबाव वाले मुकाबले में जोड़ी का मुकाबला में असंगत खेल टीम पर भारी पड़ा।,negative,sports,0
भारतीय टीम ने लीग मैच में लचर प्रदर्शन किया और दबाव में बिखर गई।,negative,sports,0
मुझे यह कविता पसंद आई।,positive,sentihin,2
गेंदबाज ने मुकाबला में लाजवाब प्रदर्शन करते हुए जीत दर्ज की।,positive,sports,2
इस मुकाबले में खिलाड़ी का रेस में लचर खेल टीम पर भारी पड़ा।,negative,sports,0
मैं आज बहुत प्रसन्न हूं।,positive,sentihin,2
इस मुकाबले में धाविका दौड़ से पहले प्रशिक्षण कर रहा है।,neutral,sports,1
मुकाबला टूर्नामेंट के अहम चरण में आयोजित होगा और क्लब इसमें हिस्सा लेगा।,neutral,sports,1
इस मुकाबले में विकेटकीपर ने मैच में जबरदस्त खेल दिखाकर शानदार वापसी की।,positive,sports,2
इवेंट टूर्नामेंट के अहम चरण में आयोजित होगा और युवा एथलीट इसमें हिस्सा लेगा।,neutral,sports,1
लंबे ब्रेक के बाद कप्तान फाइनल से पहले प्रशिक्षण कर रहा है।,neutral,sports,1
प्रशंसकों के सामने टेनिस स्टार का मुकाबला में खराब खेल टीम पर भारी पड़ा।,negative,sports,0
लगातार तीसरे मैच में भारत ने मुकाबला से पहले प्रशिक्षण पूरा किया।,neutral,sports,1
निर्णायक मैच में क्लब ने सेमीफाइनल में बेहतरीन खेल दिखाकर जीत दर्ज की।,positive,sports,2
युवा शटलर सेट के लिए अगले दौर के लिए पहुंची।,neutral,sports,1
धाविका ने प्रतियोगिता में निराशाजनक प्रदर्शन किया और लगातार गलतियां कीं।,negative,sports,0
टूर्नामेंट के अहम चरण में फॉरवर्ड ने सेमीफाइनल में कमाल का खेल दिखाकर मुश्किल स्थिति से बाहर निकली।,positive,sports,2
भारत मुकाबला के लिए अगले मुकाबले की तैयारी कर रही है।,neutral,sports,1
टूर्नामेंट के अहम चरण में रेडर का मुकाबला में कमजोर खेल टीम पर भारी पड़ा।,negative,sports,0
क्लब फाइनल के लिए अगले दौर के लिए पहुंची।,neutral,sports,1
गोलकीपर मैच के लिए अगले दौर के लिए पहुंची।,neutral,sports,1
रन चेज लंबे ब्रेक के बाद आयोजित होगा और कप्तान इसमें हिस्सा लेगा।,neutral,sports,1
डिफेंडर ने मैच में लचर प्रदर्शन किया और मुकाबला गंवा दिया।,negative,sports,0
खिलाड़ी फाइनल के लिए अभ्यास सत्र में शामिल हुई।,neutral,sports,1
लंबे ब्रेक के बाद युवा शटलर का मुकाबला में फीका खेल टीम पर भारी पड़ा।,negative,sports,0
इस मुकाबले में डिफेंडर का मुकाबला में बेअसर खेल टीम पर भारी पड़ा।,negative,sports,0
लंबे ब्रेक के बाद एथलीट का रेस में निराशाजनक खेल टीम पर भारी पड़ा।,negative,sports,0
एथलीट की प्रतियोगिता में निराशाजनक रणनीति काम नहीं आई।,negative,sports,0
मेरी कार की सर्विस बहुत महंगी थी।,negative,sentihin,0
वह हादसा मेरी जिंदगी का सबसे कड़वा अनुभव था।,negative,sentihin,0
निर्णायक मैच में हॉकी टीम ने लीग मैच में कमाल का खेल दिखाकर जीत दर्ज की।,positive,sports,2
आपकी सोच हमेशा उत्साहवर्धक रहती है।,positive,sentihin,2
हॉकी टीम लीग मैच के लिए अगले दौर के लिए पहुंची।,neutral,sports,1
लंबे ब्रेक के बाद रेडर ने लीग मैच में कमाल का खेल दिखाकर जीत दर्ज की।,positive,sports,2
निर्णायक मैच में युवा शटलर ने मैच में जबरदस्त खेल दिखाकर मुकाबला अपने नाम कर लिया।,positive,sports,2
यह फिल्म पूरी तरह असफल रही।,negative,sentihin,0
निर्णायक मैच में हॉकी टीम लीग मैच से पहले प्रशिक्षण कर रहा है।,neutral,sports,1
लगातार तीसरे मैच में टेनिस स्टार का फाइनल में बेअसर खेल टीम पर भारी पड़ा।,negative,sports,0
बाज़ार में भीड़ है।,neutral,sentihin,1
फॉरवर्ड सेमीफाइनल के लिए अगले मुकाबले की तैयारी कर रही है।,neutral,sports,1
प्रशंसकों के सामने एथलीट का इवेंट में असंगत खेल टीम पर भारी पड़ा।,negative,sports,0
निर्णायक मैच में खिलाड़ी ने फाइनल से पहले प्रशिक्षण पूरा किया।,neutral,sports,1
महत्वपूर्ण मौके पर टेनिस स्टार ने सेट में कमाल का खेल दिखाकर शानदार वापसी की।,positive,sports,2
घरेलू मैदान पर कप्तान ने सीरीज में कई आसान मौके गंवाए।,negative,sports,0
कप्तान की लीग मैच में असंगत रणनीति काम नहीं आई।,negative,sports,0
रेडर ने फाइनल में कमाल का प्रदर्शन करते हुए महत्वपूर्ण योगदान दिया।,positive,sports,2
आपका सहयोग हमेशा प्रेरणादायक रहता है।,positive,sentihin,2
तुम्हारे शब्दों में जो सच्चाई है वह दिल को छू जाती है।,positive,sentihin,2
घरेलू मैदान पर हॉकी टीम ने मुकाबला में बेहतरीन खेल दिखाकर शानदार वापसी की।,positive,sports,2
टूर्नामेंट के अहम चरण में भारतीय खिलाड़ी का सेट में लचर खेल टीम पर भारी पड़ा।,negative,sports,0
बल्लेबाज ओवर के लिए टूर्नामेंट में हिस्सा ले रही है।,neutral,sports,1
सेमीफाइनल लंबे ब्रेक के बाद आयोजित होगा और डिफेंडर इसमें हिस्सा लेगा।,neutral,sports,1
दबाव वाले मुकाबले में रेडर का प्लेऑफ में बेअसर खेल टीम पर भारी पड़ा।,negative,sports,0
महत्वपूर्ण मौके पर गेंदबाज ने पारी में जबरदस्त खेल दिखाकर जीत दर्ज की।,positive,sports,2
टेनिस स्टार मुकाबला के लिए टूर्नामेंट में हिस्सा ले रही है।,neutral,sports,1
आज खिलाड़ी ने फाइनल में धमाकेदार खेल दिखाकर मुकाबला अपने नाम कर लिया।,positive,sports,2
चैंपियन मुकाबला के लिए रणनीति पर चर्चा कर रही है।,neutral,sports,1
हॉकी टीम ने मैच में कमजोर खेल दिखाया और टीम को नुकसान हुआ।,negative,sports,0
महत्वपूर्ण मौके पर युवा शटलर ने मुकाबला में जबरदस्त खेल दिखाकर मुश्किल स्थिति से बाहर निकली।,positive,sports,2
धाविका ने फाइनल में निराशाजनक प्रदर्शन किया और लगातार गलतियां कीं।,negative,sports,0
फाइनल इस मुकाबले में आयोजित होगा और खिलाड़ी इसमें हिस्सा लेगा।,neutral,sports,1
मैं इस मामले में कोई पक्ष नहीं लूंगा।,neutral,sentihin,1
यह सेवा पूरी तरह बेकार साबित हुई।,negative,sentihin,0
मुझे इसमें कोई खास बदलाव महसूस नहीं हुआ।,neutral,sentihin,1
मैं दो बजे खाना खाता हूं।,neutral,sentihin,1
मुझे इस विषय पर कोई स्पष्ट राय नहीं बन पाई।,neutral,sentihin,1
प्रशंसकों के सामने भारतीय टीम का रन चेज में फीका खेल टीम पर भारी पड़ा।,negative,sports,0
फाइनल प्रशंसकों के सामने आयोजित होगा और टेनिस स्टार इसमें हिस्सा लेगा।,neutral,sports,1
टूर्नामेंट के अहम चरण में भारतीय शटलर ने गेम में यादगार खेल दिखाकर मुश्किल स्थिति से बाहर निकली।,positive,sports,2
टूर्नामेंट के अहम चरण में टेनिस स्टार ने मुकाबला में कमाल का खेल दिखाकर जीत दर्ज की।,positive,sports,2
आज युवा एथलीट प्रतियोगिता से पहले प्रशिक्षण कर रहा है।,neutral,sports,1
दबाव वाले मुकाबले में भारत ने रन चेज में बेहतरीन खेल दिखाकर मुश्किल स्थिति से बाहर निकली।,positive,sports,2
धाविका ने मेहनत तो की लेकिन प्रतियोगिता में अपनी बढ़त गंवा दी।,negative,sports,0
निर्णायक चरण में दोनों टीमों ने मैच से पहले प्रशिक्षण किया।,neutral,sports,1
दबाव वाले मुकाबले में चैंपियन ने सेट में शानदार खेल दिखाकर मुश्किल स्थिति से बाहर निकली।,positive,sports,2
कप्तान ने फाइनल में लचर प्रदर्शन किया और बढ़त गंवा दी।,negative,sports,0
प्रशंसकों के सामने युवा खिलाड़ी ने क्वार्टरफाइनल में उत्कृष्ट खेल दिखाकर महत्वपूर्ण योगदान दिया।,positive,sports,2
आज कप्तान का लीग मैच में फीका खेल टीम पर भारी पड़ा।,negative,sports,0
निर्णायक मैच में भारतीय टीम ने सीरीज में शानदार खेल दिखाकर शानदार वापसी की।,positive,sports,2
गेंदबाज की रन चेज में फीका रणनीति काम नहीं आई।,negative,sports,0
भारतीय टीम पारी के लिए अगले मुकाबले की तैयारी कर रही है।,neutral,sports,1
आज युवा एथलीट ने दौड़ में शानदार खेल दिखाकर लगातार अच्छा प्रदर्शन किया।,positive,sports,2
आज भारतीय धावक ने प्रतियोगिता से पहले प्रशिक्षण पूरा किया।,neutral,sports,1
मैं इस बात से बहुत निराश हूं।,negative,sentihin,0
युवा शटलर गेम के लिए अगले दौर के लिए पहुंची।,neutral,sports,1
सेट टूर्नामेंट के अहम चरण में आयोजित होगा और खिलाड़ी इसमें हिस्सा लेगा।,neutral,sports,1
लगातार तीसरे मैच में फॉरवर्ड ने लीग मैच में उत्कृष्ट खेल दिखाकर शानदार वापसी की।,positive,sports,2
लगातार तीसरे मैच में हॉकी टीम ने मैच में धमाकेदार खेल दिखाकर दबदबा कायम रखा।,positive,sports,2
आज युवा शटलर ने मैच में उत्कृष्ट खेल दिखाकर दबदबा कायम रखा।,positive,sports,2
मुझे इसमें कोई आकर्षण नहीं लगा।,neutral,sentihin,1
इस दुकान का स्टाफ बहुत असभ्य था।,negative,sentihin,0
मैं इस मुद्दे पर कोई बात नहीं करूंगा।,neutral,sentihin,1
मुझे इसमें कुछ भी विशेष नजर नहीं आया।,neutral,sentihin,1
गोलकीपर ने मुकाबला में बेअसर प्रदर्शन किया और उम्मीदों पर खरी नहीं उतरी।,negative,sports,0
भारतीय खिलाड़ी फाइनल के लिए अभ्यास सत्र में शामिल हुई।,neutral,sports,1
निर्णायक मैच में भारतीय टीम ने फाइनल में बेहतरीन खेल दिखाकर शानदार वापसी की।,positive,sports,2
इस मुकाबले में गेंदबाज ओवर से पहले प्रशिक्षण कर रहा है।,neutral,sports,1
मैं रोज़ाना अपने सपनों के बारे में सोचता हूं।,neutral,sentihin,1
प्रशंसकों के सामने भारतीय शटलर ने मैच में जबरदस्त खेल दिखाकर मुकाबला अपने नाम कर लिया।,positive,sports,2
आपका समर्थन हमेशा अनमोल रहेगा।,positive,sentihin,2
यह उपन्यास पढ़ने में बहुत मजेदार है।,positive,sentihin,2
डिफेंडर ने लीग मैच में बेअसर प्रदर्शन किया और अपनी लय खो दी।,negative,sports,0
गेंदबाज ने पारी में असंगत प्रदर्शन किया और अपनी लय खो दी।,negative,sports,0
हॉकी टीम की टीम फाइनल के लिए अपनी अंतिम सूची तैयार कर रही है।,neutral,sports,1
भारतीय टीम ने लीग मैच में निराश करने वाला खेल दिखाया और टीम को नुकसान हुआ।,negative,sports,0
फॉरवर्ड ने लीग मैच में निराश करने वाला प्रदर्शन किया और लगातार गलतियां कीं।,negative,sports,0
महत्वपूर्ण मौके पर कप्तान का मुकाबला में निराशाजनक खेल टीम पर भारी पड़ा।,negative,sports,0
बल्लेबाज मुकाबला के लिए टूर्नामेंट में हिस्सा ले रही है।,neutral,sports,1
क्लब ने मैच में फीका प्रदर्शन किया और बढ़त गंवा दी।,negative,sports,0
महत्वपूर्ण मौके पर एथलीट ने रेस में शानदार खेल दिखाकर दबदबा कायम रखा।,positive,sports,2
क्वार्टरफाइनल घरेलू मैदान पर आयोजित होगा और खिलाड़ी इसमें हिस्सा लेगा।,neutral,sports,1
घरेलू मैदान पर टीम ने अगले मुकाबले की तैयारी शुरू कर दी।,neutral,sports,1
लीग मैच प्रशंसकों के सामने आयोजित होगा और भारतीय टीम इसमें हिस्सा लेगा।,neutral,sports,1
टूर्नामेंट के अहम चरण में गेंदबाज ने मुकाबला में कमाल का खेल दिखाकर मुकाबला अपने नाम कर लिया।,positive,sports,2
टूर्नामेंट के अहम चरण में हॉकी टीम ने लीग मैच में बेहतरीन खेल दिखाकर मुकाबला अपने नाम कर लिया।,positive,sports,2
महत्वपूर्ण मौके पर खिलाड़ी का रेस में खराब खेल टीम पर भारी पड़ा।,negative,sports,0
महत्वपूर्ण मौके पर भारतीय टीम का लीग मैच में कमजोर खेल टीम पर भारी पड़ा।,negative,sports,0
दबाव वाले मुकाबले में भारतीय खिलाड़ी मुकाबला से पहले प्रशिक्षण कर रहा है।,neutral,sports,1
लीग मैच टूर्नामेंट के अहम चरण में आयोजित होगा और खिलाड़ी इसमें हिस्सा लेगा।,neutral,sports,1
टूर्नामेंट के अहम चरण में फॉरवर्ड फाइनल से पहले प्रशिक्षण कर रहा है।,neutral,sports,1
भारतीय शटलर गेम के लिए टूर्नामेंट में हिस्सा ले रही है।,neutral,sports,1
भारत मुकाबला के लिए रणनीति पर चर्चा कर रही है।,neutral,sports,1
लंबे ब्रेक के बाद खिलाड़ी का लीग मैच में असंगत खेल टीम पर भारी पड़ा।,negative,sports,0
इस मुकाबले में खिलाड़ी ने रेस में बेहतरीन खेल दिखाकर लगातार अच्छा प्रदर्शन किया।,positive,sports,2
मुकाबला आज आयोजित होगा और युवा खिलाड़ी इसमें हिस्सा लेगा।,neutral,sports,1
तुम्हारी हंसी दिल जीत लेती है।,positive,sentihin,2
कप्तान ने मुकाबला के लिए यात्रा कार्यक्रम साझा किया।,neutral,sports,1
उसकी आलोचना अनुचित रही।,negative,sentihin,0
निर्णायक मैच में रेडर ने लीग मैच में शानदार खेल दिखाकर जीत दर्ज की।,positive,sports,2
महत्वपूर्ण मौके पर धाविका ने रेस में कमाल का खेल दिखाकर शानदार वापसी की।,positive,sports,2
महत्वपूर्ण मौके पर भारत का ओवर में लचर खेल टीम पर भारी पड़ा।,negative,sports,0
महत्वपूर्ण मौके पर चैंपियन ने फाइनल से पहले प्रशिक्षण पूरा किया।,neutral,sports,1
यह फिल्म मेरे जीवन की सबसे बेहतरीन फिल्मों में से एक थी।,positive,sentihin,2
वह प्रस्तुति बहुत प्रभावशाली रही।,positive,sentihin,2
सेमीफाइनल दबाव वाले मुकाबले में आयोजित होगा और डिफेंडर इसमें हिस्सा लेगा।,neutral,sports,1
यह फिल्म बहुत निराशाजनक रही।,negative,sentihin,0
मुझे इसमें कोई बदलाव नहीं चाहिए,neutral,sentihin,1
टूर्नामेंट के अहम चरण में भारतीय टीम ने मुकाबला में उत्कृष्ट खेल दिखाकर महत्वपूर्ण योगदान दिया।,positive,sports,2
इस मुकाबले में बल्लेबाज ने पारी में कमाल का खेल दिखाकर मुश्किल स्थिति से बाहर निकली।,positive,sports,2
विकेटकीपर ने पारी में कमजोर प्रदर्शन किया और बढ़त गंवा दी।,negative,sports,0
आज युवा खिलाड़ी ने फाइनल में यादगार खेल दिखाकर दबदबा कायम रखा।,positive,sports,2
प्रशंसकों के सामने बल्लेबाज का पारी में कमजोर खेल टीम पर भारी पड़ा।,negative,sports,0
निर्णायक मैच में कप्तान ने फाइनल में यादगार खेल दिखाकर जीत दर्ज की।,positive,sports,2
कप्तान ने सेमीफाइनल में निराशाजनक प्रदर्शन किया और अपनी लय खो दी।,negative,sports,0
कप्तान ने लीग मैच में फीका प्रदर्शन किया और महत्वपूर्ण मौका गंवाया।,negative,sports,0
घरेलू मैदान पर खिलाड़ी ने गेम में जबरदस्त खेल दिखाकर जीत दर्ज की।,positive,sports,2
एथलीट की फाइनल में निराश करने वाला रणनीति काम नहीं आई।,negative,sports,0
रन चेज प्रशंसकों के सामने आयोजित होगा और भारतीय टीम इसमें हिस्सा लेगा।,neutral,sports,1
खिलाड़ी ने मैच में बेअसर प्रदर्शन किया और अपनी लय खो दी।,negative,sports,0
रेडर ने मैच में लाजवाब प्रदर्शन करते हुए महत्वपूर्ण योगदान दिया।,positive,sports,2
आपकी मुस्कान दिल खुश कर देती है।,positive,sentihin,2
आपके प्रोत्साहन से मन प्रसन्न होता है।,positive,sentihin,2
टूर्नामेंट के अहम चरण में जोड़ी ने सेट में धमाकेदार खेल दिखाकर दबदबा कायम रखा।,positive,sports,2
तुम्हारे प्रयासों की ईमानदारी हर किसी को प्रेरित करती है।,positive,sentihin,2
विकेटकीपर ने मुकाबला में फीका प्रदर्शन किया और अपनी लय खो दी।,negative,sports,0
मुकाबला लंबे ब्रेक के बाद आयोजित होगा और जोड़ी इसमें हिस्सा लेगा।,neutral,sports,1
डिफेंडर ने फाइनल में खराब प्रदर्शन किया और मुकाबला गंवा दिया।,negative,sports,0
निर्णायक मैच में फॉरवर्ड ने सेमीफाइनल में लाजवाब खेल दिखाकर मुकाबला अपने नाम कर लिया।,positive,sports,2
टूर्नामेंट के अहम चरण में चैंपियन ने मैच में बेहतरीन खेल दिखाकर मुकाबला अपने नाम कर लिया।,positive,sports,2
आपका संदेश पढ़कर दिल खुश हो गया।,positive,sentihin,2
इस मुकाबले में जोड़ी का मैच में बेअसर खेल टीम पर भारी पड़ा।,negative,sports,0
लगातार तीसरे मैच में भारतीय टीम ने प्लेऑफ से पहले प्रशिक्षण पूरा किया।,neutral,sports,1
दबाव वाले मुकाबले में गोलकीपर ने मैच में यादगार खेल दिखाकर लगातार अच्छा प्रदर्शन किया।,positive,sports,2
महत्वपूर्ण मौके पर भारतीय टीम ने प्लेऑफ में शानदार खेल दिखाकर शानदार वापसी की।,positive,sports,2
भारतीय टीम ने रन चेज में निराशाजनक खेल दिखाया और टीम को नुकसान हुआ।,negative,sports,0
फॉरवर्ड सेमीफाइनल के लिए अभ्यास सत्र में शामिल हुई।,neutral,sports,1
लगातार तीसरे मैच में भारतीय शटलर ने गेम से पहले प्रशिक्षण पूरा किया।,neutral,sports,1
आज क्लब ने फाइनल में लाजवाब खेल दिखाकर लगातार अच्छा प्रदर्शन किया।,positive,sports,2
घरेलू मैदान पर खिलाड़ी का मैच में कमजोर खेल टीम पर भारी पड़ा।,negative,sports,0
हॉकी टीम को मैच के लिए टीम में शामिल किया गया है।,neutral,sports,1
प्रशंसकों के सामने भारतीय टीम ने मुकाबला में जबरदस्त खेल दिखाकर लगातार अच्छा प्रदर्शन किया।,positive,sports,2
युवा एथलीट की दौड़ में कमजोर रणनीति काम नहीं आई।,negative,sports,0
लगातार तीसरे मैच में कप्तान का पारी में निराशाजनक खेल टीम पर भारी पड़ा।,negative,sports,0
भारतीय धावक ने रेस में निराश करने वाला प्रदर्शन किया और अपनी लय खो दी।,negative,sports,0
मुझे यह सब कुछ सामान्य लगा।,neutral,sentihin,1
लंबे ब्रेक के बाद टेनिस स्टार ने मैच में धमाकेदार खेल दिखाकर जीत दर्ज की।,positive,sports,2
बल्लेबाज को रन चेज के लिए टीम में शामिल किया गया है।,neutral,sports,1
महत्वपूर्ण मौके पर धाविका ने फाइनल में उत्कृष्ट खेल दिखाकर शानदार वापसी की।,positive,sports,2
मुझे इससे कोई खास अनुभूति नहीं।,neutral,sentihin,1
मुझे इस पर कोई विशेष राय नहीं है।,neutral,sentihin,1
Pressure ke beech Captain ne next game ki strategy discuss ki,neutral,sports,1
यह व्यवहार अस्वीकार्य है।,negative,sentihin,0
इस मुकाबले में भारतीय खिलाड़ी ने क्वार्टरफाइनल में धमाकेदार खेल दिखाकर शानदार वापसी की।,positive,sports,2
फॉरवर्ड ने मैच में जबरदस्त खेल दिखाया और टीम को जीत दिलाई।,positive,sports,2
भारतीय टीम ने पारी में खराब प्रदर्शन किया और बढ़त गंवा दी।,negative,sports,0
फॉरवर्ड ने सेमीफाइनल में कमजोर प्रदर्शन किया और अपनी लय खो दी।,negative,sports,0
मैच दबाव वाले मुकाबले में आयोजित होगा और गेंदबाज इसमें हिस्सा लेगा।,neutral,sports,1
इस प्रश्न पर मेरी कोई प्रतिक्रिया नहीं है।,neutral,sentihin,1
लगातार तीसरे मैच में कप्तान ने लीग मैच में बेहतरीन खेल दिखाकर महत्वपूर्ण योगदान दिया।,positive,sports,2
युवा शटलर को फाइनल के लिए टीम में शामिल किया गया है।,neutral,sports,1
लंबे ब्रेक के बाद हॉकी टीम का लीग मैच में बेअसर खेल टीम पर भारी पड़ा।,negative,sports,0
युवा एथलीट की टीम इवेंट के लिए अपनी अंतिम सूची तैयार कर रही है।,neutral,sports,1
दबाव वाले मुकाबले में कप्तान ने रन चेज में बेहतरीन खेल दिखाकर लगातार अच्छा प्रदर्शन किया।,positive,sports,2
टूर्नामेंट के अहम चरण में रेडर ने लीग मैच में जबरदस्त खेल दिखाकर महत्वपूर्ण योगदान दिया।,positive,sports,2
निर्णायक मैच में एथलीट ने इवेंट में लाजवाब खेल दिखाकर जीत दर्ज की।,positive,sports,2
मुझे यह खाना पसंद नहीं आया।,negative,sentihin,0
प्रशंसकों के सामने कप्तान ने ओवर में बेहतरीन खेल दिखाकर लगातार अच्छा प्रदर्शन किया।,positive,sports,2
निर्णायक मैच में गोलकीपर का सेमीफाइनल में निराशाजनक खेल टीम पर भारी पड़ा।,negative,sports,0
सेवा का स्तर संतोषजनक था,positive,sentihin,2
मुझे इस विषय पर कोई सोच नहीं है।,neutral,sentihin,1
फाइनल इस मुकाबले में आयोजित होगा और चैंपियन इसमें हिस्सा लेगा।,neutral,sports,1
यह फूलों का बगीचा बहुत सुगंधित है।,positive,sentihin,2
वह घटना इतनी दुखद थी कि दिल भर आया।,negative,sentihin,0
लगातार तीसरे मैच में रेडर का प्लेऑफ में बेअसर खेल टीम पर भारी पड़ा।,negative,sports,0
आज विकेटकीपर ने मुकाबला में कमाल का खेल दिखाकर लगातार अच्छा प्रदर्शन किया।,positive,sports,2
उसकी उपेक्षा ने मुझे अकेला और असहाय महसूस कराया।,negative,sentihin,0
डिफेंडर ने फाइनल में फीका प्रदर्शन किया और महत्वपूर्ण मौका गंवाया।,negative,sports,0
भारतीय धावक की इवेंट में खराब रणनीति काम नहीं आई।,negative,sports,0
टेनिस स्टार ने फाइनल में कमजोर प्रदर्शन किया और लगातार गलतियां कीं।,negative,sports,0
यह प्रोडक्ट मेरे काम आया,positive,sentihin,2
वह शो बहुत प्रेरणादायक था।,positive,sentihin,2
भारतीय टीम ने मैच में बेअसर प्रदर्शन किया और दबाव में बिखर गई।,negative,sports,0
निर्णायक मैच में डिफेंडर ने लीग मैच से पहले प्रशिक्षण पूरा किया।,neutral,sports,1
लगातार तीसरे मैच में गेंदबाज ने मैच में धमाकेदार खेल दिखाकर मुश्किल स्थिति से बाहर निकली।,positive,sports,2
खिलाड़ी ने मैच के लिए तैयारी शुरू कर दी।,neutral,sports,1
घरेलू मैदान पर बल्लेबाज ने ओवर में बेहतरीन खेल दिखाकर दबदबा कायम रखा।,positive,sports,2
टूर्नामेंट के अहम चरण में रेडर ने मुकाबला में धमाकेदार खेल दिखाकर महत्वपूर्ण योगदान दिया।,positive,sports,2
टूर्नामेंट के अहम चरण में गोलकीपर ने सेमीफाइनल में बेहतरीन खेल दिखाकर मुश्किल स्थिति से बाहर निकली।,positive,sports,2
घरेलू मैदान पर विकेटकीपर का सीरीज में खराब खेल टीम पर भारी पड़ा।,negative,sports,0
खिलाड़ी की मैच में असंगत रणनीति काम नहीं आई।,negative,sports,0
भारत ने रन चेज में शानदार प्रदर्शन करते हुए दबदबा कायम रखा।,positive,sports,2
लगातार तीसरे मैच में धाविका ने प्रतियोगिता में लाजवाब खेल दिखाकर मुकाबला अपने नाम कर लिया।,positive,sports,2
निर्णायक मैच में डिफेंडर ने प्लेऑफ में बेहतरीन खेल दिखाकर महत्वपूर्ण योगदान दिया।,positive,sports,2
गोलकीपर लीग मैच के लिए टूर्नामेंट में हिस्सा ले रही है।,neutral,sports,1
टूर्नामेंट के अहम चरण में खिलाड़ी ने मैच में कमाल का खेल दिखाकर महत्वपूर्ण योगदान दिया।,positive,sports,2
मौसम आज कुछ सामान्य है।,neutral,sentihin,1
प्रशंसकों के सामने खिलाड़ी ने फाइनल में कमाल का खेल दिखाकर शानदार वापसी की।,positive,sports,2
इस खबर को सुनकर मुझे न तो खुशी हुई न ही दुख।,neutral,sentihin,1
जोड़ी गेम के लिए टूर्नामेंट में हिस्सा ले रही है।,neutral,sports,1
भारतीय टीम ने प्लेऑफ में धमाकेदार खेल दिखाया और टीम को जीत दिलाई।,positive,sports,2
इस मुकाबले में टेनिस स्टार ने मुकाबला में बेहतरीन तालमेल के साथ जीत हासिल की।,positive,sports,2
दौड़ निर्णायक मैच में आयोजित होगा और भारतीय धावक इसमें हिस्सा लेगा।,neutral,sports,1
महत्वपूर्ण मौके पर टेनिस स्टार ने मुकाबला में कमाल का खेल दिखाकर जीत दर्ज की।,positive,sports,2
महत्वपूर्ण मौके पर डिफेंडर ने लीग मैच में कमाल का खेल दिखाकर मुकाबला अपने नाम कर लिया।,positive,sports,2
इस मुकाबले में कप्तान ने मुकाबला में जबरदस्त खेल दिखाकर दबदबा कायम रखा।,positive,sports,2
तुम्हारा काम शानदार है।,positive,sentihin,2
दबाव वाले मुकाबले में भारतीय टीम ने लीग मैच में कई आसान मौके गंवाए।,negative,sports,0
लगातार तीसरे मैच में फॉरवर्ड ने सेमीफाइनल में जबरदस्त खेल दिखाकर मुश्किल स्थिति से बाहर निकली।,positive,sports,2
घरेलू मैदान पर भारत ने सीरीज में उत्कृष्ट खेल दिखाकर शानदार वापसी की।,positive,sports,2
इस मुकाबले में खिलाड़ी का दौड़ में फीका खेल टीम पर भारी पड़ा।,negative,sports,0
मुझे इसमें कोई खास राय नहीं है।,neutral,sentihin,1
इस मुकाबले में जोड़ी का मुकाबला में खराब खेल टीम पर भारी पड़ा।,negative,sports,0
यह योजना उत्कृष्ट रही।,positive,sentihin,2
यह डिज़ाइन देखने में ठीक लगता है।,neutral,sentihin,1
मुझे इसमें कोई विशेष बदलाव महसूस नहीं हुआ।,neutral,sentihin,1
मेरी बहन ने अपनी पढ़ाई पूरी की है।,positive,sentihin,2
भारतीय खिलाड़ी का कमजोर प्रदर्शन मुकाबला में हार का कारण बना।,negative,sports,0
फॉरवर्ड ने लीग मैच में फीका प्रदर्शन किया और मुकाबला गंवा दिया।,negative,sports,0
महत्वपूर्ण मौके पर फॉरवर्ड ने मैच में कमाल का खेल दिखाकर महत्वपूर्ण योगदान दिया।,positive,sports,2
तुम्हारी मुस्कान बहुत प्यारी है।,positive,sentihin,2
लगातार तीसरे मैच में भारतीय शटलर ने मैच में शानदार खेल दिखाकर लगातार अच्छा प्रदर्शन किया।,positive,sports,2
प्रशंसकों के सामने गेंदबाज ने सीरीज में बेहतरीन खेल दिखाकर महत्वपूर्ण योगदान दिया।,positive,sports,2
मैच महत्वपूर्ण मौके पर आयोजित होगा और जोड़ी इसमें हिस्सा लेगा।,neutral,sports,1
निर्णायक मैच में युवा खिलाड़ी ने फाइनल में बेहतरीन खेल दिखाकर जीत दर्ज की।,positive,sports,2
इस मुकाबले में फॉरवर्ड सेमीफाइनल से पहले प्रशिक्षण कर रहा है।,neutral,sports,1
दौड़ आज आयोजित होगा और खिलाड़ी इसमें हिस्सा लेगा।,neutral,sports,1
मैं इस मामले में कोई फैसला नहीं लूंगा।,neutral,sentihin,1
लंबे ब्रेक के बाद फॉरवर्ड ने फाइनल में जबरदस्त खेल दिखाकर जीत दर्ज की।,positive,sports,2
लंबे ब्रेक के बाद युवा खिलाड़ी ने मैच में यादगार खेल दिखाकर मुकाबला अपने नाम कर लिया।,positive,sports,2
डिफेंडर ने मैच में खराब प्रदर्शन किया और अपनी लय खो दी।,negative,sports,0
निर्णायक मैच में डिफेंडर का मुकाबला में खराब खेल टीम पर भारी पड़ा।,negative,sports,0
प्रशंसकों के सामने कप्तान ने प्लेऑफ में उत्कृष्ट खेल दिखाकर मुश्किल स्थिति से बाहर निकली।,positive,sports,2
दबाव वाले मुकाबले में भारतीय धावक का इवेंट में कमजोर खेल टीम पर भारी पड़ा।,negative,sports,0
लगातार तीसरे मैच में युवा खिलाड़ी का सेट में कमजोर खेल टीम पर भारी पड़ा।,negative,sports,0
मुकाबला महत्वपूर्ण मौके पर आयोजित होगा और डिफेंडर इसमें हिस्सा लेगा।,neutral,sports,1
प्रशंसकों के सामने कप्तान ने सेट से पहले प्रशिक्षण पूरा किया।,neutral,sports,1
रेस निर्णायक मैच में आयोजित होगा और खिलाड़ी इसमें हिस्सा लेगा।,neutral,sports,1
लगातार तीसरे मैच में खिलाड़ी का मुकाबला में बेअसर खेल टीम पर भारी पड़ा।,negative,sports,0
लंबे ब्रेक के बाद गोलकीपर ने मैच से पहले प्रशिक्षण पूरा किया।,neutral,sports,1
लंबे ब्रेक के बाद कप्तान ने मुकाबला में शानदार खेल दिखाकर महत्वपूर्ण योगदान दिया।,positive,sports,2
घरेलू मैदान पर डिफेंडर ने सेमीफाइनल में बेहतरीन तालमेल के साथ जीत हासिल की।,positive,sports,2
लंबे ब्रेक के बाद विकेटकीपर का सीरीज में फीका खेल टीम पर भारी पड़ा।,negative,sports,0
हॉकी टीम मुकाबला के लिए रणनीति पर चर्चा कर रही है।,neutral,sports,1
एथलीट की दौड़ में असंगत रणनीति काम नहीं आई।,negative,sports,0
बल्लेबाज रन चेज के लिए अगले मुकाबले की तैयारी कर रही है।,neutral,sports,1
चैंपियन ने मुकाबला में फीका प्रदर्शन किया और मुकाबला गंवा दिया।,negative,sports,0
इस मुकाबले में डिफेंडर मैच से पहले प्रशिक्षण कर रहा है।,neutral,sports,1
फाइनल निर्णायक मैच में आयोजित होगा और भारतीय टीम इसमें हिस्सा लेगा।,neutral,sports,1
लंबे ब्रेक के बाद डिफेंडर ने फाइनल में बेहतरीन खेल दिखाकर शानदार वापसी की।,positive,sports,2
महत्वपूर्ण मौके पर धाविका ने फाइनल से पहले प्रशिक्षण पूरा किया।,neutral,sports,1
फाइनल प्रशंसकों के सामने आयोजित होगा और हॉकी टीम इसमें हिस्सा लेगा।,neutral,sports,1
प्रशंसकों के सामने युवा एथलीट ने दौड़ में जबरदस्त खेल दिखाकर लगातार अच्छा प्रदर्शन किया।,positive,sports,2
मैं इस विषय पर अपनी राय बाद में दूँगा।,neutral,sentihin,1
लंबे ब्रेक के बाद बल्लेबाज मुकाबला से पहले प्रशिक्षण कर रहा है।,neutral,sports,1
लंबे ब्रेक के बाद खिलाड़ी ने मुकाबला में कमाल का खेल दिखाकर लगातार अच्छा प्रदर्शन किया।,positive,sports,2
महत्वपूर्ण मौके पर हॉकी टीम ने सेमीफाइनल में कमाल का खेल दिखाकर लगातार अच्छा प्रदर्शन किया।,positive,sports,2
टेनिस स्टार ने मुकाबला के लिए तैयारी शुरू कर दी।,neutral,sports,1
यह निर्णय अत्यंत निराशाजनक रहा।,negative,sentihin,0
क्वार्टरफाइनल लगातार तीसरे मैच में आयोजित होगा और खिलाड़ी इसमें हिस्सा लेगा।,neutral,sports,1
लगातार तीसरे मैच में कप्तान का ओवर में निराशाजनक खेल टीम पर भारी पड़ा।,negative,sports,0
घरेलू मैदान पर फॉरवर्ड ने फाइनल में लाजवाब खेल दिखाकर दबदबा कायम रखा।,positive,sports,2
महत्वपूर्ण मौके पर फॉरवर्ड मुकाबला से पहले प्रशिक्षण कर रहा है।,neutral,sports,1
दबाव वाले मुकाबले में कप्तान ने फाइनल में धमाकेदार खेल दिखाकर लगातार अच्छा प्रदर्शन किया।,positive,sports,2
महत्वपूर्ण मौके पर टेनिस स्टार का क्वार्टरफाइनल में असंगत खेल टीम पर भारी पड़ा।,negative,sports,0
टूर्नामेंट के अहम चरण में खिलाड़ी रेस से पहले प्रशिक्षण कर रहा है।,neutral,sports,1
दबाव वाले मुकाबले में भारतीय टीम ने फाइनल से पहले प्रशिक्षण पूरा किया।,neutral,sports,1
हॉकी टीम ने मैच में फीका प्रदर्शन किया और उम्मीदों पर खरी नहीं उतरी।,negative,sports,0
घरेलू मैदान पर गेंदबाज ओवर से पहले प्रशिक्षण कर रहा है।,neutral,sports,1
लगातार तीसरे मैच में युवा एथलीट का रेस में बेअसर खेल टीम पर भारी पड़ा।,negative,sports,0
इस अवसर ने मुझे नई ऊर्जा से भर दिया।,positive,sentihin,2
प्रशंसकों के सामने हॉकी टीम सेमीफाइनल से पहले प्रशिक्षण कर रहा है।,neutral,sports,1
धाविका ने इवेंट में खराब प्रदर्शन किया और बढ़त गंवा दी।,negative,sports,0
आज खिलाड़ी ने दौड़ में जबरदस्त खेल दिखाकर जीत दर्ज की।,positive,sports,2
निर्णायक मैच में चैंपियन का सेट में असंगत खेल टीम पर भारी पड़ा।,negative,sports,0
दबाव वाले मुकाबले में कप्तान ने पारी में लाजवाब खेल दिखाकर महत्वपूर्ण योगदान दिया।,positive,sports,2
लंबे ब्रेक के बाद कप्तान ने लीग मैच में उत्कृष्ट खेल दिखाकर मुकाबला अपने नाम कर लिया।,positive,sports,2
मैच घरेलू मैदान पर आयोजित होगा और कप्तान इसमें हिस्सा लेगा।,neutral,sports,1
प्रशंसकों के सामने एथलीट ने इवेंट में कई आसान मौके गंवाए।,negative,sports,0
कप्तान ने फाइनल में कमाल का प्रदर्शन करते हुए महत्वपूर्ण योगदान दिया।,positive,sports,2
दबाव वाले मुकाबले में भारतीय खिलाड़ी का क्वार्टरफाइनल में असंगत खेल टीम पर भारी पड़ा।,negative,sports,0
लंबे ब्रेक के बाद बल्लेबाज ने पारी में उत्कृष्ट खेल दिखाकर मुकाबला अपने नाम कर लिया।,positive,sports,2
भारत पारी के लिए टूर्नामेंट में हिस्सा ले रही है।,neutral,sports,1
फॉरवर्ड ने सेमीफाइनल में यादगार प्रदर्शन करते हुए महत्वपूर्ण योगदान दिया।,positive,sports,2
रास्ते में मौसम खुशगवार था,positive,sentihin,2
फॉरवर्ड ने मैच में शानदार प्रदर्शन करते हुए महत्वपूर्ण योगदान दिया।,positive,sports,2
महत्वपूर्ण मौके पर जोड़ी ने सेट में जबरदस्त खेल दिखाकर शानदार वापसी की।,positive,sports,2
वह अनुभव कष्टकारी था।,negative,sentihin,0
उसकी तीखी आलोचना ने मुझे दुखी किया।,negative,sentihin,0
भारत ने पारी में बेअसर प्रदर्शन किया और महत्वपूर्ण मौका गंवाया।,negative,sports,0
इस मुकाबले में फॉरवर्ड ने मुकाबला में उत्कृष्ट खेल दिखाकर मुश्किल स्थिति से बाहर निकली।,positive,sports,2
इस पर बोलने से मैं फिलहाल बचना चाहता हूं।,neutral,sentihin,1
महत्वपूर्ण मौके पर भारतीय खिलाड़ी ने मुकाबला में धमाकेदार खेल दिखाकर मुश्किल स्थिति से बाहर निकली।,positive,sports,2
लंबे ब्रेक के बाद चैंपियन ने गेम में धमाकेदार खेल दिखाकर लगातार अच्छा प्रदर्शन किया।,positive,sports,2
लगातार तीसरे मैच में जोड़ी फाइनल से पहले प्रशिक्षण कर रहा है।,neutral,sports,1
लगातार तीसरे मैच में भारतीय शटलर का गेम में बेअसर खेल टीम पर भारी पड़ा।,negative,sports,0
दबाव वाले मुकाबले में भारतीय टीम ने मैच में लाजवाब खेल दिखाकर महत्वपूर्ण योगदान दिया।,positive,sports,2
लंबे ब्रेक के बाद गेंदबाज का मुकाबला में खराब खेल टीम पर भारी पड़ा।,negative,sports,0
लगातार तीसरे मैच में क्लब ने सेमीफाइनल में कमाल का खेल दिखाकर जीत दर्ज की।,positive,sports,2
आज खिलाड़ी ने फाइनल में जबरदस्त खेल दिखाकर मुकाबला अपने नाम कर लिया।,positive,sports,2
आज एथलीट प्रतियोगिता से पहले प्रशिक्षण कर रहा है।,neutral,sports,1
बल्लेबाज ने मुकाबला के लिए यात्रा कार्यक्रम साझा किया।,neutral,sports,1
बल्लेबाज ने मुकाबला के दौरान लगातार बेहतर निर्णय लिए।,positive,sports,2
Is tournament mein Players pressure mein bikhar gaye,negative,sports,0
हॉकी टीम मुकाबला के लिए अभ्यास सत्र में शामिल हुई।,neutral,sports,1
निर्णायक मैच में चैंपियन ने फाइनल में धमाकेदार खेल दिखाकर जीत दर्ज की।,positive,sports,2
भारतीय शटलर ने मैच के लिए तैयारी शुरू कर दी।,neutral,sports,1
Match se pehle Team aaj ke match ke liye ready hai,neutral,sports,1
टूर्नामेंट के अहम चरण में भारतीय खिलाड़ी ने सेट में लाजवाब खेल दिखाकर दबदबा कायम रखा।,positive,sports,2
आज खिलाड़ी ने मैच में कई आसान मौके गंवाए।,negative,sports,0
आज खिलाड़ी ने फाइनल में उत्कृष्ट खेल दिखाकर लगातार अच्छा प्रदर्शन किया।,positive,sports,2
यह सेवा बिल्कुल बेकार थी।,negative,sentihin,0
दबाव वाले मुकाबले में हॉकी टीम ने लीग मैच में जबरदस्त खेल दिखाकर लगातार अच्छा प्रदर्शन किया।,positive,sports,2
लगातार तीसरे मैच में भारतीय टीम ने लीग मैच में लाजवाब खेल दिखाकर जीत दर्ज की।,positive,sports,2
कप्तान ने फाइनल में निराश करने वाला प्रदर्शन किया और उम्मीदों पर खरी नहीं उतरी।,negative,sports,0
फॉरवर्ड ने मुकाबला में निराशाजनक प्रदर्शन किया और दबाव में बिखर गई।,negative,sports,0
घरेलू मैदान पर रेडर ने फाइनल में कई आसान मौके गंवाए।,negative,sports,0
इस मुकाबले में भारतीय धावक ने दौड़ में कमाल का खेल दिखाकर मुश्किल स्थिति से बाहर निकली।,positive,sports,2
यह अनुभव पूरी तरह असफल रहा।,negative,sentihin,0
लगातार तीसरे मैच में कप्तान का मुकाबला में फीका खेल टीम पर भारी पड़ा।,negative,sports,0
इस फूल की खुशबू बहुत मनमोहक है।,positive,sentihin,2
मुझे नहीं लगता इसमें कुछ खास था।,neutral,sentihin,1
आपकी सोच मेरे लिए प्रेरणादायक है।,positive,sentihin,2
टूर्नामेंट में खिलाड़ियों ने निर्णायक मौके पर गलतियां कीं।,negative,sports,0
निर्णायक मैच में भारतीय टीम ने सेमीफाइनल में कमाल का खेल दिखाकर शानदार वापसी की।,positive,sports,2
यह सेवा पूरी तरह असंतोषजनक रही।,negative,sentihin,0
प्रशंसकों के सामने भारतीय खिलाड़ी ने क्वार्टरफाइनल में बेहतरीन तालमेल के साथ जीत हासिल की।,positive,sports,2
इस अवसर ने मुझे अपनी क्षमताओं पर विश्वास दिलाया।,positive,sentihin,2
दबाव वाले मुकाबले में खिलाड़ी मुकाबला से पहले प्रशिक्षण कर रहा है।,neutral,sports,1
सेवा का स्तर सामान्य था,neutral,sentihin,1
मैच महत्वपूर्ण मौके पर आयोजित होगा और फॉरवर्ड इसमें हिस्सा लेगा।,neutral,sports,1
विकेटकीपर ने ओवर में कमजोर प्रदर्शन किया और अपनी लय खो दी।,negative,sports,0
लगातार तीसरे मैच में युवा खिलाड़ी का मुकाबला में असंगत खेल टीम पर भारी पड़ा।,negative,sports,0
निर्णायक मैच में भारतीय खिलाड़ी का सेट में फीका खेल टीम पर भारी पड़ा।,negative,sports,0
लंबे ब्रेक के बाद युवा खिलाड़ी ने सेट से पहले प्रशिक्षण पूरा किया।,neutral,sports,1
इस मुकाबले में कप्तान मैच से पहले प्रशिक्षण कर रहा है।,neutral,sports,1
लगातार तीसरे मैच में बल्लेबाज ने मैच में बेहतरीन तालमेल के साथ जीत हासिल की।,positive,sports,2
लंबे ब्रेक के बाद क्लब का लीग मैच में फीका खेल टीम पर भारी पड़ा।,negative,sports,0
लगातार तीसरे मैच में भारतीय खिलाड़ी ने फाइनल में बेहतरीन खेल दिखाकर लगातार अच्छा प्रदर्शन किया।,positive,sports,2
मुझे यह अनुभव साधारण लगा।,neutral,sentihin,1
रेडर फाइनल के लिए प्रशिक्षण जारी रखे हुए है।,neutral,sports,1
डिफेंडर लीग मैच के लिए अभ्यास सत्र में शामिल हुई।,neutral,sports,1
दबाव वाले मुकाबले में भारतीय धावक का इवेंट में निराश करने वाला खेल टीम पर भारी पड़ा।,negative,sports,0
खिलाड़ी ने फाइनल में लचर प्रदर्शन किया और महत्वपूर्ण मौका गंवाया।,negative,sports,0
वह फिल्म देखकर मन खुश हुआ।,positive,sentihin,2
घरेलू मैदान पर भारत ने पारी में धमाकेदार खेल दिखाकर शानदार वापसी की।,positive,sports,2
लीग मैच लंबे ब्रेक के बाद आयोजित होगा और खिलाड़ी इसमें हिस्सा लेगा।,neutral,sports,1
कप्तान सीरीज के लिए मैच के लिए रवाना हुई।,neutral,sports,1
लगातार तीसरे मैच में कप्तान ने मैच में कमाल का खेल दिखाकर लगातार अच्छा प्रदर्शन किया।,positive,sports,2
कप्तान ने सेट में बेअसर प्रदर्शन किया और दबाव में बिखर गई।,negative,sports,0
युवा एथलीट ने रेस के लिए यात्रा कार्यक्रम साझा किया।,neutral,sports,1
लगातार तीसरे मैच में धाविका का प्रतियोगिता में कमजोर खेल टीम पर भारी पड़ा।,negative,sports,0
डिफेंडर ने लीग मैच में कमजोर प्रदर्शन किया और उम्मीदों पर खरी नहीं उतरी।,negative,sports,0
आज मौसम ठीक है।,neutral,sentihin,1
यह यात्रा पूरी तरह थकाने वाली थी।,negative,sentihin,0
खिलाड़ी ने रेस में खराब प्रदर्शन किया और अपनी लय खो दी।,negative,sports,0
रन चेज घरेलू मैदान पर आयोजित होगा और कप्तान इसमें हिस्सा लेगा।,neutral,sports,1
भारतीय शटलर की मैच में खराब रणनीति काम नहीं आई।,negative,sports,0
टूर्नामेंट के अहम चरण में भारतीय टीम ने मैच में उत्कृष्ट खेल दिखाकर मुश्किल स्थिति से बाहर निकली।,positive,sports,2
वह अनुभव दुखद रहा।,negative,sentihin,0
प्रशंसकों के सामने एथलीट ने इवेंट में यादगार खेल दिखाकर महत्वपूर्ण योगदान दिया।,positive,sports,2
महत्वपूर्ण मौके पर टेनिस स्टार ने सेट में उत्कृष्ट खेल दिखाकर लगातार अच्छा प्रदर्शन किया।,positive,sports,2
सेमीफाइनल टूर्नामेंट के अहम चरण में आयोजित होगा और गोलकीपर इसमें हिस्सा लेगा।,neutral,sports,1
मुझे इसमें कोई नवीनता नहीं मिली।,neutral,sentihin,1
धाविका ने दौड़ में असंगत प्रदर्शन किया और मुकाबला गंवा दिया।,negative,sports,0
प्रतियोगिता घरेलू मैदान पर आयोजित होगा और धाविका इसमें हिस्सा लेगा।,neutral,sports,1
रन चेज आज आयोजित होगा और विकेटकीपर इसमें हिस्सा लेगा।,neutral,sports,1
इस विषय पर कोई ठोस विचार नहीं है।,neutral,sentihin,1
भारतीय टीम ने सेमीफाइनल में कमजोर प्रदर्शन किया और बढ़त गंवा दी।,negative,sports,0
युवा शटलर ने मुकाबला में लाजवाब प्रदर्शन करते हुए मुश्किल स्थिति से बाहर निकली।,positive,sports,2
तुम्हारा सहयोग प्रेरणा है।,positive,sentihin,2
प्रशंसकों के सामने जोड़ी ने फाइनल में जबरदस्त खेल दिखाकर दबदबा कायम रखा।,positive,sports,2
आज डिफेंडर लीग मैच से पहले प्रशिक्षण कर रहा है।,neutral,sports,1
यह निर्णय बेकार था।,negative,sentihin,0
यह मौसम न गर्म है न ठंडा।,neutral,sentihin,1
महत्वपूर्ण मौके पर भारतीय टीम ने सीरीज में कई आसान मौके गंवाए।,negative,sports,0
Is tournament mein Player ne brilliant performance diya,positive,sports,2
सेवा का अनुभव सामान्य रहा,neutral,sentihin,1
मुझे वहाँ का माहौल उबाऊ लगा।,negative,sentihin,0
तुम्हारे विचार हमेशा सकारात्मक ऊर्जा से भरपूर रहते हैं।,positive,sentihin,2
सेवा का स्तर औसत था,neutral,sentihin,1
निर्णायक मैच में गोलकीपर ने फाइनल में शानदार खेल दिखाकर शानदार वापसी की।,positive,sports,2
घरेलू मैदान पर टेनिस स्टार का मैच में खराब खेल टीम पर भारी पड़ा।,negative,sports,0
मैं फिल्म देखता हूं।,neutral,sentihin,1
प्रशंसकों के सामने डिफेंडर ने लीग मैच से पहले प्रशिक्षण पूरा किया।,neutral,sports,1
सेमीफाइनल इस मुकाबले में आयोजित होगा और डिफेंडर इसमें हिस्सा लेगा।,neutral,sports,1
घरेलू मैदान पर गेंदबाज सीरीज से पहले प्रशिक्षण कर रहा है।,neutral,sports,1
विकेटकीपर ने मुकाबला में खराब प्रदर्शन किया और उम्मीदों पर खरी नहीं उतरी।,negative,sports,0
दबाव वाले मुकाबले में भारतीय धावक का दौड़ में बेअसर खेल टीम पर भारी पड़ा।,negative,sports,0
प्रशंसकों के सामने फॉरवर्ड ने लीग मैच में कमाल का खेल दिखाकर शानदार वापसी की।,positive,sports,2
सेमीफाइनल निर्णायक मैच में आयोजित होगा और क्लब इसमें हिस्सा लेगा।,neutral,sports,1
पारी लगातार तीसरे मैच में आयोजित होगा और विकेटकीपर इसमें हिस्सा लेगा।,neutral,sports,1
उसकी आलोचना अनुचित लगी।,negative,sentihin,0
प्रशंसकों के सामने गोलकीपर ने लीग मैच में कई आसान मौके गंवाए।,negative,sports,0
मुझे यह व्यवहार अच्छा नहीं लगा।,negative,sentihin,0
सड़क जाम में फंसकर बहुत चिढ़ हुई।,negative,sentihin,0
रन चेज घरेलू मैदान पर आयोजित होगा और भारत इसमें हिस्सा लेगा।,neutral,sports,1
मुझे इससे कोई खास फर्क महसूस नहीं हुआ।,neutral,sentihin,1
टेनिस स्टार ने क्वार्टरफाइनल में असंगत खेल दिखाया और टीम को नुकसान हुआ।,negative,sports,0
आज एथलीट ने इवेंट में उत्कृष्ट खेल दिखाकर लगातार अच्छा प्रदर्शन किया।,positive,sports,2
घरेलू मैदान पर बल्लेबाज ने मैच में जबरदस्त खेल दिखाकर दबदबा कायम रखा।,positive,sports,2
यह संगीत कार्यक्रम बहुत शानदार था।,positive,sentihin,2
इवेंट महत्वपूर्ण मौके पर आयोजित होगा और एथलीट इसमें हिस्सा लेगा।,neutral,sports,1
प्लेऑफ महत्वपूर्ण मौके पर आयोजित होगा और डिफेंडर इसमें हिस्सा लेगा।,neutral,sports,1
तुम्हारा यह प्रयास सराहनीय है।,positive,sentihin,2
यह योजना पूरी तरह असफल रही।,negative,sentihin,0
मुझे इस बारे में कोई राय नहीं है।,neutral,sentihin,1
दबाव वाले मुकाबले में धाविका इवेंट से पहले प्रशिक्षण कर रहा है।,neutral,sports,1
निर्णायक मैच में युवा खिलाड़ी ने क्वार्टरफाइनल में धमाकेदार खेल दिखाकर मुश्किल स्थिति से बाहर निकली।,positive,sports,2
मेरे मित्र का नया व्यवसाय बहुत सफल है।,positive,sentihin,2
तुम्हारी मदद ने असंभव कार्य को संभव कर दिखाया।,positive,sentihin,2
विकेटकीपर की मेहनत से सीरीज में टीम का आत्मविश्वास बढ़ा।,positive,sports,2
रन चेज प्रशंसकों के सामने आयोजित होगा और कप्तान इसमें हिस्सा लेगा।,neutral,sports,1
यह अनुभव निराशाजनक था।,negative,sentihin,0
खिलाड़ी मैच के लिए रणनीति पर चर्चा कर रही है।,neutral,sports,1
लगातार तीसरे मैच में भारतीय टीम का मुकाबला में निराश करने वाला खेल टीम पर भारी पड़ा।,negative,sports,0
मैं इस विषय पर और जानकारी चाहता हूँ।,neutral,sentihin,1
कप्तान ने सीरीज में बेअसर प्रदर्शन किया और उम्मीदों पर खरी नहीं उतरी।,negative,sports,0
मुझे इससे कोई विशेष भावना महसूस नहीं हुई।,neutral,sentihin,1
दबाव वाले मुकाबले में फॉरवर्ड ने मैच में जबरदस्त खेल दिखाकर लगातार अच्छा प्रदर्शन किया।,positive,sports,2
निर्णायक मैच में क्लब का मुकाबला में निराशाजनक खेल टीम पर भारी पड़ा।,negative,sports,0
गोलकीपर लीग मैच के लिए प्रशिक्षण जारी रखे हुए है।,neutral,sports,1
टूर्नामेंट के अहम चरण में रेडर मुकाबला से पहले प्रशिक्षण कर रहा है।,neutral,sports,1
एथलीट ने रेस में लचर प्रदर्शन किया और लगातार गलतियां कीं।,negative,sports,0
घरेलू मैदान पर खिलाड़ी ने सेट में यादगार खेल दिखाकर मुश्किल स्थिति से बाहर निकली।,positive,sports,2
यह पहाड़ों की हवा बहुत ताजी और स्वच्छ है।,positive,sentihin,2
यह योजना लाभकारी रही।,positive,sentihin,2
तुम्हारे विचार इतने स्पष्ट और प्रेरक हैं कि सुनकर अच्छा लगता है।,positive,sentihin,2
टूर्नामेंट के अहम चरण में डिफेंडर ने मैच में शानदार खेल दिखाकर शानदार वापसी की।,positive,sports,2
दबाव वाले मुकाबले में भारत सीरीज से पहले प्रशिक्षण कर रहा है।,neutral,sports,1
मुकाबला दबाव वाले मुकाबले में आयोजित होगा और युवा शटलर इसमें हिस्सा लेगा।,neutral,sports,1
प्रशंसकों के सामने डिफेंडर मैच से पहले प्रशिक्षण कर रहा है।,neutral,sports,1
आज जोड़ी गेम से पहले प्रशिक्षण कर रहा है।,neutral,sports,1
निर्णायक मैच में युवा खिलाड़ी का फाइनल में लचर खेल टीम पर भारी पड़ा।,negative,sports,0
भारतीय टीम ने मुकाबला में फीका प्रदर्शन किया और दबाव में बिखर गई।,negative,sports,0
हॉकी टीम फाइनल के लिए अगले मुकाबले की तैयारी कर रही है।,neutral,sports,1
लगातार तीसरे मैच में चैंपियन फाइनल से पहले प्रशिक्षण कर रहा है।,neutral,sports,1
टूर्नामेंट के अहम चरण में रेडर का मैच में निराशाजनक खेल टीम पर भारी पड़ा।,negative,sports,0
खिलाड़ी ने प्लेऑफ में खराब प्रदर्शन किया और महत्वपूर्ण मौका गंवाया।,negative,sports,0
बल्लेबाज पारी के लिए अगले मुकाबले की तैयारी कर रही है।,neutral,sports,1
घरेलू मैदान पर भारतीय टीम पारी से पहले प्रशिक्षण कर रहा है।,neutral,sports,1
वह प्रस्तुति देखकर आनंद मिला।,positive,sentihin,2
सेट प्रशंसकों के सामने आयोजित होगा और युवा खिलाड़ी इसमें हिस्सा लेगा।,neutral,sports,1
यह निर्णय निराशाजनक था।,negative,sentihin,0
इस योजना में कोई नई बात नहीं है,neutral,sentihin,1
लंबे ब्रेक के बाद बल्लेबाज ने सीरीज में बेहतरीन तालमेल के साथ जीत हासिल की।,positive,sports,2
निर्णायक मैच में गोलकीपर मुकाबला से पहले प्रशिक्षण कर रहा है।,neutral,sports,1
फॉरवर्ड ने मैच में उत्कृष्ट प्रदर्शन करते हुए शानदार वापसी की।,positive,sports,2
टूर्नामेंट के अहम चरण में फॉरवर्ड का सेमीफाइनल में खराब खेल टीम पर भारी पड़ा।,negative,sports,0
तुम्हारे स्नेह ने हमेशा मुश्किल समय में सहारा दिया है।,positive,sentihin,2
हॉकी टीम की सेमीफाइनल में खराब रणनीति काम नहीं आई।,negative,sports,0
ट्रैफिक आज सामान्य है।,neutral,sentihin,1
वह घटना इतनी दर्दनाक थी कि मैं उसे भूलना चाहता हूं।,negative,sentihin,0
खिलाड़ी की प्लेऑफ में निराश करने वाला रणनीति काम नहीं आई।,negative,sports,0
आज डिफेंडर का सेमीफाइनल में निराश करने वाला खेल टीम पर भारी पड़ा।,negative,sports,0
सेट इस मुकाबले में आयोजित होगा और खिलाड़ी इसमें हिस्सा लेगा।,neutral,sports,1
सेवा बहुत ही संतोषजनक रही,positive,sentihin,2
युवा शटलर मुकाबला के लिए अगले दौर के लिए पहुंची।,neutral,sports,1
इस मुकाबले में गोलकीपर का मैच में कमजोर खेल टीम पर भारी पड़ा।,negative,sports,0
फॉरवर्ड ने मुकाबला में खराब प्रदर्शन किया और महत्वपूर्ण मौका गंवाया।,negative,sports,0
टूर्नामेंट के अहम चरण में युवा शटलर मुकाबला से पहले प्रशिक्षण कर रहा है।,neutral,sports,1
रेडर मुकाबला के लिए प्रशिक्षण जारी रखे हुए है।,neutral,sports,1
मुझे इस विषय में कोई जानकारी नहीं है।,neutral,sentihin,1
डिफेंडर मैच के लिए टूर्नामेंट में हिस्सा ले रही है।,neutral,sports,1
फाइनल दबाव वाले मुकाबले में आयोजित होगा और फॉरवर्ड इसमें हिस्सा लेगा।,neutral,sports,1
सेमीफाइनल आज आयोजित होगा और भारतीय टीम इसमें हिस्सा लेगा।,neutral,sports,1
इस मुकाबले में विकेटकीपर रन चेज से पहले प्रशिक्षण कर रहा है।,neutral,sports,1
लगातार तीसरे मैच में भारतीय टीम का फाइनल में फीका खेल टीम पर भारी पड़ा।,negative,sports,0
तुम्हारे सहयोग ने हर मुश्किल को आसान कर दिया।,positive,sentihin,2
प्रशंसकों के सामने डिफेंडर ने लीग मैच में लाजवाब खेल दिखाकर लगातार अच्छा प्रदर्शन किया।,positive,sports,2
यह कार की कंडिशन बहुत खराब है।,negative,sentihin,0
मुझे वहाँ का खाना पसंद नहीं आया।,negative,sentihin,0
क्वार्टरफाइनल निर्णायक मैच में आयोजित होगा और युवा खिलाड़ी इसमें हिस्सा लेगा।,neutral,sports,1
लगातार तीसरे मैच में कप्तान ने रन चेज में धमाकेदार खेल दिखाकर मुश्किल स्थिति से बाहर निकली।,positive,sports,2
डिफेंडर ने सेमीफाइनल में लचर प्रदर्शन किया और अपनी लय खो दी।,negative,sports,0
प्रशंसकों के सामने भारत का मुकाबला में खराब खेल टीम पर भारी पड़ा।,negative,sports,0
लगातार तीसरे मैच में टेनिस स्टार का सेट में खराब खेल टीम पर भारी पड़ा।,negative,sports,0
मुकाबला इस मुकाबले में आयोजित होगा और रेडर इसमें हिस्सा लेगा।,neutral,sports,1
आपके विचार सुनकर अच्छा लगा।,positive,sentihin,2
तुम्हारा आभार व्यक्त करता हूं।,positive,sentihin,2
खिलाड़ी गेम के लिए प्रशिक्षण जारी रखे हुए है।,neutral,sports,1
इस मुकाबले में जोड़ी ने फाइनल से पहले प्रशिक्षण पूरा किया।,neutral,sports,1
इस उपलब्धि पर मुझे गर्व महसूस हो रहा है।,positive,sentihin,2
यह प्रयास बेहद सफल रहा।,positive,sentihin,2
कप्तान मैच के लिए अगले मुकाबले की तैयारी कर रही है।,neutral,sports,1
दबाव वाले मुकाबले में खिलाड़ी ने इवेंट में कमाल का खेल दिखाकर मुकाबला अपने नाम कर लिया।,positive,sports,2
लंबे ब्रेक के बाद कप्तान का फाइनल में निराशाजनक खेल टीम पर भारी पड़ा।,negative,sports,0
टूर्नामेंट के अहम चरण में हॉकी टीम मुकाबला से पहले प्रशिक्षण कर रहा है।,neutral,sports,1
दबाव वाले मुकाबले में भारतीय टीम का मैच में लचर खेल टीम पर भारी पड़ा।,negative,sports,0
भारतीय टीम ने लीग मैच में बेअसर प्रदर्शन किया और अपनी लय खो दी।,negative,sports,0
तुम्हारा आत्मबल मेरे लिए सदैव प्रेरणा का स्रोत रहा है।,positive,sentihin,2
लंबे ब्रेक के बाद चैंपियन ने सेट में शानदार खेल दिखाकर मुकाबला अपने नाम कर लिया।,positive,sports,2
महत्वपूर्ण मौके पर फॉरवर्ड मैच से पहले प्रशिक्षण कर रहा है।,neutral,sports,1
यह अनुभव एकदम व्यर्थ था।,negative,sentihin,0
जोड़ी ने फाइनल में कमजोर प्रदर्शन किया और बढ़त गंवा दी।,negative,sports,0
मुझे उसकी सलाह से हानि हुई।,negative,sentihin,0
लगातार तीसरे मैच में भारतीय टीम ने सीरीज में कई आसान मौके गंवाए।,negative,sports,0
मुकाबला महत्वपूर्ण मौके पर आयोजित होगा और बल्लेबाज इसमें हिस्सा लेगा।,neutral,sports,1
आपकी यह सफलता मुझे गर्व से भर देती है।,positive,sentihin,2
मुझे इस विषय में कोई रुचि नहीं।,neutral,sentihin,1
महत्वपूर्ण मौके पर रेडर का मुकाबला में लचर खेल टीम पर भारी पड़ा।,negative,sports,0
मेरे बेटे ने अपनी पहली नौकरी पाई है।,positive,sentihin,2
भारतीय टीम ने मुकाबला में असंगत प्रदर्शन किया और उम्मीदों पर खरी नहीं उतरी।,negative,sports,0
एथलीट के शानदार प्रदर्शन ने दौड़ का रुख बदल दिया।,positive,sports,2
फॉरवर्ड ने लीग मैच के लिए तैयारी शुरू कर दी।,neutral,sports,1
लीग मैच निर्णायक मैच में आयोजित होगा और भारतीय टीम इसमें हिस्सा लेगा।,neutral,sports,1
प्रशंसकों के सामने फॉरवर्ड फाइनल से पहले प्रशिक्षण कर रहा है।,neutral,sports,1
प्रशंसकों के सामने कप्तान मैच से पहले प्रशिक्षण कर रहा है।,neutral,sports,1
डिफेंडर ने लीग मैच में असंगत प्रदर्शन किया और मुकाबला गंवा दिया।,negative,sports,0
यह निर्णय पूरी तरह व्यर्थ रहा।,negative,sentihin,0
सीरीज घरेलू मैदान पर आयोजित होगा और गेंदबाज इसमें हिस्सा लेगा।,neutral,sports,1
आज धाविका का रेस में फीका खेल टीम पर भारी पड़ा।,negative,sports,0
प्रशंसकों के सामने युवा खिलाड़ी ने फाइनल में उत्कृष्ट खेल दिखाकर जीत दर्ज की।,positive,sports,2
घरेलू मैदान पर कप्तान सीरीज से पहले प्रशिक्षण कर रहा है।,neutral,sports,1
यह सेवा पूरी तरह विफल रही।,negative,sentihin,0
युवा खिलाड़ी ने फाइनल में निराशाजनक प्रदर्शन किया और लगातार गलतियां कीं।,negative,sports,0
फाइनल टूर्नामेंट के अहम चरण में आयोजित होगा और गोलकीपर इसमें हिस्सा लेगा।,neutral,sports,1
भारत ने ओवर में यादगार प्रदर्शन करते हुए लगातार अच्छा प्रदर्शन किया।,positive,sports,2
यह ऐप बहुत मददगार है,positive,sentihin,2
खिलाड़ी ने सेट में कमाल का प्रदर्शन करते हुए शानदार वापसी की।,positive,sports,2
लगातार तीसरे मैच में चैंपियन ने मैच में शानदार खेल दिखाकर जीत दर्ज की।,positive,sports,2
यह निर्णय दुखद रहा।,negative,sentihin,0
महत्वपूर्ण मौके पर भारतीय टीम ने लीग मैच में शानदार खेल दिखाकर महत्वपूर्ण योगदान दिया।,positive,sports,2
आज खिलाड़ी ने प्रतियोगिता में जबरदस्त खेल दिखाकर दबदबा कायम रखा।,positive,sports,2
यह कार का इंजन बहुत शोर मचाता है।,negative,sentihin,0
दबाव वाले मुकाबले में भारतीय शटलर ने गेम में लाजवाब खेल दिखाकर मुश्किल स्थिति से बाहर निकली।,positive,sports,2
Is tournament mein Match evening mein start hoga,neutral,sports,1
आज मैंने एक रोचक किताब पढ़ी।,positive,sentihin,2
निर्णायक मैच में डिफेंडर ने मैच से पहले प्रशिक्षण पूरा किया।,neutral,sports,1
लगातार तीसरे मैच में खिलाड़ी ने सेट में यादगार खेल दिखाकर शानदार वापसी की।,positive,sports,2
इस विषय पर कोई विचार नहीं बना पाया हूं।,neutral,sentihin,1
बल्लेबाज पारी के लिए रणनीति पर चर्चा कर रही है।,neutral,sports,1
वह घटना इतनी दुखद थी कि आंखें भर आईं।,negative,sentihin,0
कप्तान की क्वार्टरफाइनल में निराशाजनक रणनीति काम नहीं आई।,negative,sports,0
भारतीय धावक ने प्रतियोगिता में निराशाजनक प्रदर्शन किया और उम्मीदों पर खरी नहीं उतरी।,negative,sports,0
इस पर कोई राय देना उचित नहीं होगा।,neutral,sentihin,1
टूर्नामेंट के अहम चरण में चैंपियन ने गेम से पहले प्रशिक्षण पूरा किया।,neutral,sports,1
महत्वपूर्ण मौके पर खिलाड़ी ने लीग मैच में उत्कृष्ट खेल दिखाकर मुश्किल स्थिति से बाहर निकली।,positive,sports,2
आज भारतीय टीम फाइनल से पहले प्रशिक्षण कर रहा है।,neutral,sports,1
आज खिलाड़ी ने प्रतियोगिता में बेहतरीन खेल दिखाकर मुश्किल स्थिति से बाहर निकली।,positive,sports,2
आज भारत का पारी में फीका खेल टीम पर भारी पड़ा।,negative,sports,0
टूर्नामेंट के अहम चरण में जोड़ी ने मुकाबला में यादगार खेल दिखाकर शानदार वापसी की।,positive,sports,2
तुम्हारी तारीफ सुनकर अच्छा लगा।,positive,sentihin,2
इस मुकाबले में एथलीट ने रेस में कमाल का खेल दिखाकर मुश्किल स्थिति से बाहर निकली।,positive,sports,2
लंबे ब्रेक के बाद युवा शटलर ने सेट में शानदार खेल दिखाकर दबदबा कायम रखा।,positive,sports,2
दबाव वाले मुकाबले में डिफेंडर ने मैच में शानदार खेल दिखाकर जीत दर्ज की।,positive,sports,2
आज मैंने अपनी पसंदीदा जगह देखी।,positive,sentihin,2
घरेलू मैदान पर गेंदबाज का पारी में लचर खेल टीम पर भारी पड़ा।,negative,sports,0
कप्तान की टीम पारी के लिए अपनी अंतिम सूची तैयार कर रही है।,neutral,sports,1
मैं कल की बैठक के लिए तैयार हूँ।,neutral,sentihin,1
टूर्नामेंट के अहम चरण में टेनिस स्टार का सेट में असंगत खेल टीम पर भारी पड़ा।,negative,sports,0
ओवर घरेलू मैदान पर आयोजित होगा और भारत इसमें हिस्सा लेगा।,neutral,sports,1
प्रशंसकों के सामने खिलाड़ी का गेम में बेअसर खेल टीम पर भारी पड़ा।,negative,sports,0
टेनिस स्टार मुकाबला के लिए अगले दौर के लिए पहुंची।,neutral,sports,1
प्रशंसकों के सामने चैंपियन ने गेम में जबरदस्त खेल दिखाकर लगातार अच्छा प्रदर्शन किया।,positive,sports,2
निर्णायक मैच में खिलाड़ी ने लीग मैच में शानदार खेल दिखाकर दबदबा कायम रखा।,positive,sports,2
प्रशंसकों के सामने युवा खिलाड़ी का सेट में कमजोर खेल टीम पर भारी पड़ा।,negative,sports,0
मैच महत्वपूर्ण मौके पर आयोजित होगा और युवा खिलाड़ी इसमें हिस्सा लेगा।,neutral,sports,1
इस मुकाबले में टेनिस स्टार ने मैच में बेहतरीन खेल दिखाकर दबदबा कायम रखा।,positive,sports,2
आज कप्तान सेट से पहले प्रशिक्षण कर रहा है।,neutral,sports,1
लंबे ब्रेक के बाद जोड़ी मुकाबला से पहले प्रशिक्षण कर रहा है।,neutral,sports,1
यह यात्रा अविस्मरणीय रही।,positive,sentihin,2
आज डिफेंडर का सेमीफाइनल में लचर खेल टीम पर भारी पड़ा।,negative,sports,0
लगातार तीसरे मैच में भारतीय खिलाड़ी का सेट में निराश करने वाला खेल टीम पर भारी पड़ा।,negative,sports,0
खिलाड़ी ने गेम में असंगत प्रदर्शन किया और मुकाबला गंवा दिया।,negative,sports,0
निर्णायक मैच में जोड़ी ने सेट में कमाल का खेल दिखाकर लगातार अच्छा प्रदर्शन किया।,positive,sports,2
तुम्हारा व्यवहार बहुत सराहनीय है।,positive,sentihin,2
प्रशंसकों के सामने डिफेंडर का मुकाबला में लचर खेल टीम पर भारी पड़ा।,negative,sports,0
दबाव वाले मुकाबले में खिलाड़ी ने फाइनल में बेहतरीन खेल दिखाकर महत्वपूर्ण योगदान दिया।,positive,sports,2
निर्णायक मैच में युवा खिलाड़ी क्वार्टरफाइनल से पहले प्रशिक्षण कर रहा है।,neutral,sports,1
मैं इस विषय में कोई पक्ष नहीं लूंगा।,neutral,sentihin,1
इस मुकाबले में कप्तान ने ओवर में कई आसान मौके गंवाए।,negative,sports,0
यह निर्णय मुझे ठीक नहीं लगा।,negative,sentihin,0
आज खिलाड़ी ने फाइनल में बेहतरीन खेल दिखाकर महत्वपूर्ण योगदान दिया।,positive,sports,2
प्रशंसकों के सामने भारतीय टीम ने मुकाबला से पहले प्रशिक्षण पूरा किया।,neutral,sports,1
लंबे ब्रेक के बाद विकेटकीपर ने रन चेज से पहले प्रशिक्षण पूरा किया।,neutral,sports,1
आज भारतीय शटलर ने गेम में जबरदस्त खेल दिखाकर शानदार वापसी की।,positive,sports,2
आपकी मुस्कान हमेशा प्रसन्नता देती है।,positive,sentihin,2
यह कार्य असफल रहा।,negative,sentihin,0
इस मुकाबले में युवा खिलाड़ी ने क्वार्टरफाइनल में बेहतरीन खेल दिखाकर मुश्किल स्थिति से बाहर निकली।,positive,sports,2
इस ऐप ने मेरी मदद की,positive,sentihin,2
महत्वपूर्ण मौके पर चैंपियन ने फाइनल में लाजवाब खेल दिखाकर महत्वपूर्ण योगदान दिया।,positive,sports,2
लंबे ब्रेक के बाद टेनिस स्टार का मैच में लचर खेल टीम पर भारी पड़ा।,negative,sports,0
टूर्नामेंट के अहम चरण में डिफेंडर ने मुकाबला में जबरदस्त खेल दिखाकर शानदार वापसी की।,positive,sports,2
इस मुकाबले में युवा एथलीट ने प्रतियोगिता में बेहतरीन खेल दिखाकर मुश्किल स्थिति से बाहर निकली।,positive,sports,2
यह मिठाई बहुत स्वादिष्ट और मीठी है।,positive,sentihin,2
तुम्हारे विचार इतने प्रेरक हैं कि निराशा भी दूर हो जाती है।,positive,sentihin,2
इस दुकान की ग्राहक सेवा बहुत खराब है।,negative,sentihin,0
मुझे वहाँ का माहौल बोझिल लगा।,negative,sentihin,0
गोलकीपर ने फाइनल में लचर प्रदर्शन किया और दबाव में बिखर गई।,negative,sports,0
मैं इस विषय पर और जानकारी इकट्ठा करूँगा।,neutral,sentihin,1
आज भारतीय टीम का ओवर में कमजोर खेल टीम पर भारी पड़ा।,negative,sports,0
मैच से पहले भारत ने आज मैदान में धूम मचा दी।,positive,sports,2
निर्णायक मैच में खिलाड़ी का लीग मैच में असंगत खेल टीम पर भारी पड़ा।,negative,sports,0
डिफेंडर ने मैच में कमाल का खेल दिखाया और टीम को जीत दिलाई।,positive,sports,2
इस अनुभव ने मुझे अंदर से सशक्त किया।,positive,sentihin,2
लगातार तीसरे मैच में धाविका ने प्रतियोगिता में उत्कृष्ट खेल दिखाकर दबदबा कायम रखा।,positive,sports,2
मैच निर्णायक मैच में आयोजित होगा और डिफेंडर इसमें हिस्सा लेगा।,neutral,sports,1
आज भारत ने आज मैदान में धूम मचा दी।,positive,sports,2
लंबे ब्रेक के बाद युवा खिलाड़ी ने फाइनल से पहले प्रशिक्षण पूरा किया।,neutral,sports,1
घरेलू मैदान पर हॉकी टीम ने मुकाबला से पहले प्रशिक्षण पूरा किया।,neutral,sports,1
आज युवा खिलाड़ी ने फाइनल से पहले प्रशिक्षण पूरा किया।,neutral,sports,1
खिलाड़ी ने मुकाबला में निराश करने वाला प्रदर्शन किया और लगातार गलतियां कीं।,negative,sports,0
लंबे ब्रेक के बाद भारतीय टीम प्लेऑफ से पहले प्रशिक्षण कर रहा है।,neutral,sports,1
निर्णायक मैच में गोलकीपर का मैच में खराब खेल टीम पर भारी पड़ा।,negative,sports,0
लगातार तीसरे मैच में भारत ने रन चेज में यादगार खेल दिखाकर लगातार अच्छा प्रदर्शन किया।,positive,sports,2
प्रशंसकों के सामने भारतीय टीम मुकाबला से पहले प्रशिक्षण कर रहा है।,neutral,sports,1
डिफेंडर ने लीग मैच में निराश करने वाला प्रदर्शन किया और महत्वपूर्ण मौका गंवाया।,negative,sports,0
महत्वपूर्ण मौके पर टेनिस स्टार ने क्वार्टरफाइनल से पहले प्रशिक्षण पूरा किया।,neutral,sports,1
टूर्नामेंट के अहम चरण में भारत का सीरीज में निराश करने वाला खेल टीम पर भारी पड़ा।,negative,sports,0
प्रशंसकों के सामने टेनिस स्टार ने मुकाबला में शानदार खेल दिखाकर लगातार अच्छा प्रदर्शन किया।,positive,sports,2
आज भारतीय धावक का प्रतियोगिता में बेअसर खेल टीम पर भारी पड़ा।,negative,sports,0
महत्वपूर्ण मौके पर बल्लेबाज का ओवर में कमजोर खेल टीम पर भारी पड़ा।,negative,sports,0
फाइनल आज आयोजित होगा और खिलाड़ी इसमें हिस्सा लेगा।,neutral,sports,1
खिलाड़ी की फाइनल में असंगत रणनीति काम नहीं आई।,negative,sports,0
दबाव वाले मुकाबले में कप्तान प्लेऑफ से पहले प्रशिक्षण कर रहा है।,neutral,sports,1
धाविका ने इवेंट में निराश करने वाला प्रदर्शन किया और बढ़त गंवा दी।,negative,sports,0
लंबे ब्रेक के बाद एथलीट ने रेस में शानदार खेल दिखाकर दबदबा कायम रखा।,positive,sports,2
दबाव वाले मुकाबले में खिलाड़ी ने फाइनल में धमाकेदार खेल दिखाकर मुकाबला अपने नाम कर लिया।,positive,sports,2
दबाव वाले मुकाबले में विकेटकीपर ने सीरीज से पहले प्रशिक्षण पूरा किया।,neutral,sports,1
प्रशंसकों के सामने भारतीय टीम ने सेमीफाइनल में कमाल का खेल दिखाकर लगातार अच्छा प्रदर्शन किया।,positive,sports,2
दबाव वाले मुकाबले में रेडर ने प्लेऑफ में कई आसान मौके गंवाए।,negative,sports,0
मुझे यह सब सामान्य लगा।,neutral,sentihin,1
प्रशंसकों के सामने खिलाड़ी ने लीग मैच में शानदार खेल दिखाकर महत्वपूर्ण योगदान दिया।,positive,sports,2
निर्णायक मैच में खिलाड़ी ने फाइनल में यादगार खेल दिखाकर मुकाबला अपने नाम कर लिया।,positive,sports,2
यह समुद्र तट बहुत साफ और सुंदर है।,positive,sentihin,2
खिलाड़ी मुकाबला के लिए अभ्यास सत्र में शामिल हुई।,neutral,sports,1
लंबे ब्रेक के बाद कप्तान का सेट में निराशाजनक खेल टीम पर भारी पड़ा।,negative,sports,0
निर्णायक मैच में युवा शटलर का मैच में खराब खेल टीम पर भारी पड़ा।,negative,sports,0
तुम्हारा यह काम मेरे लिए प्रेरणादायक है।,positive,sentihin,2
यह होटल का कमरा बहुत गंदा और अंधकारमय था।,negative,sentihin,0
भारतीय टीम ने रन चेज में फीका प्रदर्शन किया और लगातार गलतियां कीं।,negative,sports,0
प्रशंसकों के सामने कप्तान ने मैच से पहले रणनीति पर बात की।,neutral,sports,1
घरेलू मैदान पर भारतीय टीम ने मैच में शानदार खेल दिखाकर मुकाबला अपने नाम कर लिया।,positive,sports,2
यह वेबसाइट बहुत धीमी है।,negative,sentihin,0
प्रतियोगिता घरेलू मैदान पर आयोजित होगा और खिलाड़ी इसमें हिस्सा लेगा।,neutral,sports,1
कप्तान की लीग मैच में कमजोर रणनीति काम नहीं आई।,negative,sports,0
इस मुकाबले में युवा एथलीट रेस से पहले प्रशिक्षण कर रहा है।,neutral,sports,1
युवा शटलर ने फाइनल के लिए तैयारी शुरू कर दी।,neutral,sports,1
भारतीय टीम रन चेज के लिए अभ्यास सत्र में शामिल हुई।,neutral,sports,1
लंबे ब्रेक के बाद युवा शटलर ने मुकाबला में शानदार खेल दिखाकर दबदबा कायम रखा।,positive,sports,2
उसका व्यव्हार कटु था।,negative,sentihin,0
महत्वपूर्ण मौके पर कप्तान ने मुकाबला में बेहतरीन खेल दिखाकर महत्वपूर्ण योगदान दिया।,positive,sports,2
लगातार तीसरे मैच में भारतीय खिलाड़ी का क्वार्टरफाइनल में असंगत खेल टीम पर भारी पड़ा।,negative,sports,0
महत्वपूर्ण मौके पर बल्लेबाज रन चेज से पहले प्रशिक्षण कर रहा है।,neutral,sports,1
आपका सहयोग मेरे लिए बहुत प्रेरक है।,positive,sentihin,2
दबाव वाले मुकाबले में भारतीय टीम का लीग मैच में निराशाजनक खेल टीम पर भारी पड़ा।,negative,sports,0
दीवार पर घड़ी लगी है।,neutral,sentihin,1
दबाव वाले मुकाबले में भारतीय शटलर का मैच में खराब खेल टीम पर भारी पड़ा।,negative,sports,0
घरेलू मैदान पर डिफेंडर ने लीग मैच में बेहतरीन खेल दिखाकर महत्वपूर्ण योगदान दिया।,positive,sports,2
इस मुकाबले में कप्तान का रन चेज में निराश करने वाला खेल टीम पर भारी पड़ा।,negative,sports,0
मुझे इससे कोई खास फर्क नहीं पड़ा।,neutral,sentihin,1
दबाव वाले मुकाबले में कप्तान ने फाइनल में धमाकेदार खेल दिखाकर महत्वपूर्ण योगदान दिया।,positive,sports,2
निर्णायक मैच में कप्तान ने लीग मैच में लाजवाब खेल दिखाकर मुश्किल स्थिति से बाहर निकली।,positive,sports,2
भारत ने रन चेज में निराशाजनक प्रदर्शन किया और बढ़त गंवा दी।,negative,sports,0
महत्वपूर्ण मौके पर जोड़ी ने मैच में जबरदस्त खेल दिखाकर महत्वपूर्ण योगदान दिया।,positive,sports,2
उसका चिड़चिड़ा स्वभाव सब पर नकारात्मक असर डालता है।,negative,sentihin,0
टूर्नामेंट के अहम चरण में भारतीय टीम ने मैच में लाजवाब खेल दिखाकर मुश्किल स्थिति से बाहर निकली।,positive,sports,2
इवेंट लगातार तीसरे मैच में आयोजित होगा और धाविका इसमें हिस्सा लेगा।,neutral,sports,1
इस मुकाबले में खिलाड़ी ने इवेंट में जबरदस्त खेल दिखाकर महत्वपूर्ण योगदान दिया।,positive,sports,2
निर्णायक मैच में गोलकीपर का सेमीफाइनल में निराश करने वाला खेल टीम पर भारी पड़ा।,negative,sports,0
घरेलू मैदान पर भारतीय शटलर ने मुकाबला में यादगार खेल दिखाकर जीत दर्ज की।,positive,sports,2
यह सेवा बेहद घटिया थी।,negative,sentihin,0
मुझे इसमें कोई नया अनुभव नजर नहीं आया।,neutral,sentihin,1
भारतीय खिलाड़ी ने क्वार्टरफाइनल में लचर प्रदर्शन किया और उम्मीदों पर खरी नहीं उतरी।,negative,sports,0
लीग मैच दबाव वाले मुकाबले में आयोजित होगा और खिलाड़ी इसमें हिस्सा लेगा।,neutral,sports,1
डिफेंडर ने फाइनल में लचर प्रदर्शन किया और दबाव में बिखर गई।,negative,sports,0
यह निर्णय पूरी तरह से गलत साबित हुआ।,negative,sentihin,0
भारतीय शटलर ने सेट में निराशाजनक प्रदर्शन किया और महत्वपूर्ण मौका गंवाया।,negative,sports,0
भारतीय शटलर मैच के लिए टूर्नामेंट में हिस्सा ले रही है।,neutral,sports,1
डिफेंडर लीग मैच के लिए मैच के लिए रवाना हुई।,neutral,sports,1
निर्णायक मैच में भारतीय टीम सीरीज से पहले प्रशिक्षण कर रहा है।,neutral,sports,1
आज भारतीय धावक ने रेस में यादगार खेल दिखाकर महत्वपूर्ण योगदान दिया।,positive,sports,2
निर्णायक मैच में भारतीय टीम का मुकाबला में लचर खेल टीम पर भारी पड़ा।,negative,sports,0
निर्णायक मैच में भारतीय खिलाड़ी का फाइनल में बेअसर खेल टीम पर भारी पड़ा।,negative,sports,0
भारतीय टीम मैच के लिए अगले मुकाबले की तैयारी कर रही है।,neutral,sports,1
दबाव वाले मुकाबले में हॉकी टीम मैच से पहले प्रशिक्षण कर रहा है।,neutral,sports,1
खिलाड़ी अगले दौड़ से पहले कोच के साथ बैठक करेगा।,neutral,sports,1
दबाव वाले मुकाबले में गोलकीपर का मुकाबला में निराशाजनक खेल टीम पर भारी पड़ा।,negative,sports,0
महत्वपूर्ण मौके पर चैंपियन मुकाबला से पहले प्रशिक्षण कर रहा है।,neutral,sports,1
निर्णायक मैच में डिफेंडर का मुकाबला में निराशाजनक खेल टीम पर भारी पड़ा।,negative,sports,0
यह प्रस्ताव मुझे अस्वीकार्य है।,negative,sentihin,0
इस मुकाबले में डिफेंडर ने सेमीफाइनल में शानदार खेल दिखाकर मुश्किल स्थिति से बाहर निकली।,positive,sports,2
कप्तान ने लीग मैच में असंगत प्रदर्शन किया और दबाव में बिखर गई।,negative,sports,0
इस मुद्दे पर मैं तटस्थ रहूंगा।,neutral,sentihin,1
खिलाड़ी ने फाइनल में बेअसर प्रदर्शन किया और महत्वपूर्ण मौका गंवाया।,negative,sports,0
निर्णायक मैच में धाविका का प्रतियोगिता में खराब खेल टीम पर भारी पड़ा।,negative,sports,0
टूर्नामेंट के अहम चरण में जोड़ी ने सेट में जबरदस्त खेल दिखाकर शानदार वापसी की।,positive,sports,2
विकेटकीपर की पारी में फीका रणनीति काम नहीं आई।,negative,sports,0
निर्णायक मैच में भारतीय टीम ने मुकाबला से पहले प्रशिक्षण पूरा किया।,neutral,sports,1
आज विकेटकीपर मुकाबला से पहले प्रशिक्षण कर रहा है।,neutral,sports,1
मुकाबला महत्वपूर्ण मौके पर आयोजित होगा और गेंदबाज इसमें हिस्सा लेगा।,neutral,sports,1
खिलाड़ी दौड़ के लिए रणनीति पर चर्चा कर रही है।,neutral,sports,1
धाविका इवेंट के लिए प्रशिक्षण जारी रखे हुए है।,neutral,sports,1
लंबे ब्रेक के बाद टेनिस स्टार ने मुकाबला में बेहतरीन खेल दिखाकर लगातार अच्छा प्रदर्शन किया।,positive,sports,2
लंबे ब्रेक के बाद भारतीय शटलर ने मुकाबला में यादगार खेल दिखाकर लगातार अच्छा प्रदर्शन किया।,positive,sports,2
महत्वपूर्ण मौके पर कप्तान ने क्वार्टरफाइनल में कमाल का खेल दिखाकर महत्वपूर्ण योगदान दिया।,positive,sports,2
क्लब ने मुकाबला में निराशाजनक प्रदर्शन किया और बढ़त गंवा दी।,negative,sports,0
टूर्नामेंट के अहम चरण में रेडर ने लीग मैच में कमाल का खेल दिखाकर महत्वपूर्ण योगदान दिया।,positive,sports,2
यह निर्णय बेहद निराशाजनक था।,negative,sentihin,0
लंबे ब्रेक के बाद युवा शटलर का सेट में खराब खेल टीम पर भारी पड़ा।,negative,sports,0
संगठन का रवैया सहयोगपूर्ण रहा,positive,sentihin,2
इस मुकाबले में भारतीय टीम का मैच में लचर खेल टीम पर भारी पड़ा।,negative,sports,0
आज कप्तान ने सीरीज से पहले प्रशिक्षण पूरा किया।,neutral,sports,1
प्रशंसकों के सामने भारतीय टीम का पारी में खराब खेल टीम पर भारी पड़ा।,negative,sports,0
मैं रोज़ाना डायरी लिखता हूं।,neutral,sentihin,1
कप्तान ने लीग मैच में कमजोर प्रदर्शन किया और बढ़त गंवा दी।,negative,sports,0
मुझे यह यात्रा बहुत थकाऊ और लंबी लगी।,negative,sentihin,0
घरेलू मैदान पर खिलाड़ी ने क्वार्टरफाइनल में धमाकेदार खेल दिखाकर दबदबा कायम रखा।,positive,sports,2
आज एथलीट का इवेंट में निराशाजनक खेल टीम पर भारी पड़ा।,negative,sports,0
मैं इस किताब को जल्दी खत्म करना चाहता हूँ।,neutral,sentihin,1
लगातार तीसरे मैच में रेडर ने लीग मैच में उत्कृष्ट खेल दिखाकर जीत दर्ज की।,positive,sports,2
कप्तान ने फाइनल में शानदार प्रदर्शन करते हुए महत्वपूर्ण योगदान दिया।,positive,sports,2
भारतीय टीम ने फाइनल में निराशाजनक प्रदर्शन किया और अपनी लय खो दी।,negative,sports,0
महत्वपूर्ण मौके पर खिलाड़ी ने फाइनल में शानदार खेल दिखाकर दबदबा कायम रखा।,positive,sports,2
युवा शटलर ने मेहनत तो की लेकिन सेट में अपनी बढ़त गंवा दी।,negative,sports,0
डिफेंडर ने मैच में असंगत प्रदर्शन किया और उम्मीदों पर खरी नहीं उतरी।,negative,sports,0
यह ऐप बहुत उपयोगी है,positive,sentihin,2
लंबे ब्रेक के बाद डिफेंडर सेमीफाइनल से पहले प्रशिक्षण कर रहा है।,neutral,sports,1
जोड़ी ने मैच में असंगत प्रदर्शन किया और दबाव में बिखर गई।,negative,sports,0
सेवा की स्थिति खराब थी,negative,sentihin,0
इस मुकाबले में टेनिस स्टार का मैच में निराश करने वाला खेल टीम पर भारी पड़ा।,negative,sports,0
यह फिल्म अत्यंत घटिया थी और समय की बर्बादी।,negative,sentihin,0
मुझे इससे कोई अंतर नहीं पड़ा।,neutral,sentihin,1
टूर्नामेंट के अहम चरण में खिलाड़ी ने गेम में उत्कृष्ट खेल दिखाकर लगातार अच्छा प्रदर्शन किया।,positive,sports,2
निर्णायक मैच में टेनिस स्टार ने सेट में धमाकेदार खेल दिखाकर मुश्किल स्थिति से बाहर निकली।,positive,sports,2
मुझे इससे कोई विशेष फर्क नहीं पड़ा।,neutral,sentihin,1
धाविका फाइनल के लिए अभ्यास सत्र में शामिल हुई।,neutral,sports,1
महत्वपूर्ण मौके पर भारतीय धावक ने फाइनल में कमाल का खेल दिखाकर महत्वपूर्ण योगदान दिया।,positive,sports,2
दबाव वाले मुकाबले में हॉकी टीम का सेमीफाइनल में असंगत खेल टीम पर भारी पड़ा।,negative,sports,0
मुझे इसकी गुणवत्ता पसंद आई,positive,sentihin,2
मुझे यह उपहार बहुत पसंद आया।,positive,sentihin,2
रेडर ने प्लेऑफ के दौरान लगातार गलत फैसले लिए।,negative,sports,0
खिलाड़ी की मुकाबला में असंगत रणनीति काम नहीं आई।,negative,sports,0
टूर्नामेंट के अहम चरण में कप्तान ने प्लेऑफ में शानदार खेल दिखाकर मुकाबला अपने नाम कर लिया।,positive,sports,2
एथलीट ने दौड़ में लाजवाब प्रदर्शन करते हुए मुश्किल स्थिति से बाहर निकली।,positive,sports,2
टूर्नामेंट के अहम चरण में कप्तान ने मुकाबला में जबरदस्त खेल दिखाकर दबदबा कायम रखा।,positive,sports,2
टूर्नामेंट के अहम चरण में खिलाड़ी का फाइनल में निराश करने वाला खेल टीम पर भारी पड़ा।,negative,sports,0
आज जोड़ी ने सेट से पहले प्रशिक्षण पूरा किया।,neutral,sports,1
दबाव वाले मुकाबले में फॉरवर्ड ने लीग मैच में जबरदस्त खेल दिखाकर लगातार अच्छा प्रदर्शन किया।,positive,sports,2
सेट लगातार तीसरे मैच में आयोजित होगा और खिलाड़ी इसमें हिस्सा लेगा।,neutral,sports,1
आज युवा खिलाड़ी का क्वार्टरफाइनल में फीका खेल टीम पर भारी पड़ा।,negative,sports,0
डिफेंडर ने फाइनल में असंगत प्रदर्शन किया और महत्वपूर्ण मौका गंवाया।,negative,sports,0
घरेलू मैदान पर जोड़ी का फाइनल में असंगत खेल टीम पर भारी पड़ा।,negative,sports,0
लंबे ब्रेक के बाद विकेटकीपर का रन चेज में लचर खेल टीम पर भारी पड़ा।,negative,sports,0
आपका प्रोत्साहन मेरे लिए वरदान है।,positive,sentihin,2
विकेटकीपर ने मैच में बेअसर खेल दिखाया और टीम को नुकसान हुआ।,negative,sports,0
इस मुकाबले में भारतीय टीम ने रन चेज में उत्कृष्ट खेल दिखाकर मुकाबला अपने नाम कर लिया।,positive,sports,2
विकेटकीपर के ओवर में धमाकेदार प्रदर्शन से टीम को फायदा हुआ।,positive,sports,2
गोलकीपर ने मुकाबला में जबरदस्त प्रदर्शन करते हुए मुकाबला अपने नाम कर लिया।,positive,sports,2
दबाव वाले मुकाबले में भारतीय शटलर का सेट में निराश करने वाला खेल टीम पर भारी पड़ा।,negative,sports,0
महत्वपूर्ण मौके पर खिलाड़ी ने मैच में जबरदस्त खेल दिखाकर महत्वपूर्ण योगदान दिया।,positive,sports,2
वह संगीत कार्यक्रम अद्भुत था।,positive,sentihin,2
यह डिज़ाइन साधारण लग रहा है।,neutral,sentihin,1
फाइनल टूर्नामेंट के अहम चरण में आयोजित होगा और रेडर इसमें हिस्सा लेगा।,neutral,sports,1
इस ट्रेन की सीटें बहुत असुविधाजनक हैं।,negative,sentihin,0
दबाव वाले मुकाबले में धाविका का इवेंट में निराश करने वाला खेल टीम पर भारी पड़ा।,negative,sports,0
खिलाड़ी ने गेम में लचर प्रदर्शन किया और महत्वपूर्ण मौका गंवाया।,negative,sports,0
टेनिस स्टार ने फाइनल में बेअसर प्रदर्शन किया और दबाव में बिखर गई।,negative,sports,0
आपकी सलाह ने मेरी समस्या तुरंत सुलझा दी।,positive,sentihin,2
खिलाड़ी ने फाइनल में कमजोर खेल दिखाया और टीम को नुकसान हुआ।,negative,sports,0
निर्णायक मैच में भारतीय शटलर ने मुकाबला में जबरदस्त खेल दिखाकर महत्वपूर्ण योगदान दिया।,positive,sports,2
मुझे इसमें कोई नयी बात नजर नहीं आई।,neutral,sentihin,1
प्रशंसकों के सामने डिफेंडर का मैच में निराश करने वाला खेल टीम पर भारी पड़ा।,negative,sports,0
खिलाड़ी ने गेम में उत्कृष्ट प्रदर्शन करते हुए मुकाबला अपने नाम कर लिया।,positive,sports,2
मैं रोज़ाना संगीत सुनता हूं।,neutral,sentihin,1
प्लेऑफ निर्णायक मैच में आयोजित होगा और डिफेंडर इसमें हिस्सा लेगा।,neutral,sports,1
गेंदबाज पारी के लिए प्रशिक्षण जारी रखे हुए है।,neutral,sports,1
लगातार तीसरे मैच में टेनिस स्टार फाइनल से पहले प्रशिक्षण कर रहा है।,neutral,sports,1
इस योजना ने मेरी जिंदगी बदल दी।,positive,sentihin,2
महत्वपूर्ण मौके पर बल्लेबाज का पारी में असंगत खेल टीम पर भारी पड़ा।,negative,sports,0
भारतीय खिलाड़ी ने फाइनल में निराश करने वाला प्रदर्शन किया और मुकाबला गंवा दिया।,negative,sports,0
आज भारतीय धावक ने प्रतियोगिता में लाजवाब खेल दिखाकर मुश्किल स्थिति से बाहर निकली।,positive,sports,2
बल्लेबाज के मैच में शानदार प्रदर्शन से टीम को फायदा हुआ।,positive,sports,2
आज भारतीय धावक ने प्रतियोगिता में लाजवाब खेल दिखाकर जीत दर्ज की।,positive,sports,2
प्रतियोगिता प्रशंसकों के सामने आयोजित होगा और एथलीट इसमें हिस्सा लेगा।,neutral,sports,1
उसका चिड़चिड़ा व्यवहार सभी को असहज कर देता है।,negative,sentihin,0
मुझे यह सब तटस्थ लगा।,neutral,sentihin,1
आज एथलीट ने दौड़ में बेहतरीन तालमेल के साथ जीत हासिल की।,positive,sports,2
इस सेवा ने मेरे काम को अत्यधिक सरल बनाया।,positive,sentihin,2
प्रतियोगिता घरेलू मैदान पर आयोजित होगा और युवा एथलीट इसमें हिस्सा लेगा।,neutral,sports,1
टूर्नामेंट के अहम चरण में हॉकी टीम ने फाइनल में शानदार खेल दिखाकर दबदबा कायम रखा।,positive,sports,2
युवा खिलाड़ी मुकाबला के लिए अभ्यास सत्र में शामिल हुई।,neutral,sports,1
आज युवा शटलर ने गेम में जबरदस्त खेल दिखाकर दबदबा कायम रखा।,positive,sports,2
मैं इस विषय पर कोई टिप्पणी नहीं करना चाहता।,neutral,sentihin,1
लगातार तीसरे मैच में कप्तान ने फाइनल में धमाकेदार खेल दिखाकर मुश्किल स्थिति से बाहर निकली।,positive,sports,2
फाइनल दबाव वाले मुकाबले में आयोजित होगा और गोलकीपर इसमें हिस्सा लेगा।,neutral,sports,1
प्रशंसकों के सामने फॉरवर्ड का सेमीफाइनल में फीका खेल टीम पर भारी पड़ा।,negative,sports,0
घरेलू मैदान पर भारतीय टीम ने मैच में बेहतरीन खेल दिखाकर दबदबा कायम रखा।,positive,sports,2
खिलाड़ी मैच के लिए मैच के लिए रवाना हुई।,neutral,sports,1
रेडर ने फाइनल में खराब प्रदर्शन किया और अपनी लय खो दी।,negative,sports,0
मुझे इसमें कोई नयी बात नहीं दिखी।,neutral,sentihin,1
सेवा का स्तर संतोषजनक रहा,positive,sentihin,2
इस पर विचार करने का अभी सही समय नहीं लग रहा।,neutral,sentihin,1
लगातार तीसरे मैच में भारतीय शटलर ने फाइनल में लाजवाब खेल दिखाकर दबदबा कायम रखा।,positive,sports,2
मुझे उनकी बातें कुछ ठीक नहीं लगीं।,negative,sentihin,0
वह दिन मेरे लिए बेहद अपमानजनक साबित हुआ।,negative,sentihin,0
इस मुकाबले में कप्तान ने मैच से पहले प्रशिक्षण पूरा किया।,neutral,sports,1
हॉकी टीम की मुकाबला में असंगत रणनीति काम नहीं आई।,negative,sports,0
प्रशंसकों के सामने जोड़ी ने मुकाबला से पहले प्रशिक्षण पूरा किया।,neutral,sports,1
उसकी उपेक्षा से मन में कई सवाल पैदा हो गए।,negative,sentihin,0
घरेलू मैदान पर खिलाड़ी ने मुकाबला में कमाल का खेल दिखाकर मुकाबला अपने नाम कर लिया।,positive,sports,2
इस मुकाबले में चैंपियन का मुकाबला में फीका खेल टीम पर भारी पड़ा।,negative,sports,0
महत्वपूर्ण मौके पर जोड़ी मैच से पहले प्रशिक्षण कर रहा है।,neutral,sports,1
प्रशंसकों के सामने भारतीय टीम लीग मैच से पहले प्रशिक्षण कर रहा है।,neutral,sports,1
धाविका ने प्रतियोगिता में निराश करने वाला प्रदर्शन किया और मुकाबला गंवा दिया।,negative,sports,0
टूर्नामेंट के अहम चरण में खिलाड़ी ने प्लेऑफ में लाजवाब खेल दिखाकर मुकाबला अपने नाम कर लिया।,positive,sports,2
एथलीट ने इवेंट में कमजोर प्रदर्शन किया और दबाव में बिखर गई।,negative,sports,0
इस मुकाबले में भारतीय शटलर ने गेम में कमाल का खेल दिखाकर शानदार वापसी की।,positive,sports,2
दबाव वाले मुकाबले में गेंदबाज ने सीरीज से पहले प्रशिक्षण पूरा किया।,neutral,sports,1
महत्वपूर्ण मौके पर भारतीय टीम फाइनल से पहले प्रशिक्षण कर रहा है।,neutral,sports,1
मैं इस पर कोई भावना नहीं रखता।,neutral,sentihin,1
युवा शटलर फाइनल के लिए अभ्यास सत्र में शामिल हुई।,neutral,sports,1
प्रशंसकों के सामने भारतीय खिलाड़ी ने सेट में शानदार खेल दिखाकर महत्वपूर्ण योगदान दिया।,positive,sports,2
यह संगीत मेरे कानों को अच्छा लगता है।,positive,sentihin,2
मुझे इसमें कोई खास उत्साह नहीं।,neutral,sentihin,1
निर्णायक मैच में भारतीय टीम ने फाइनल में यादगार खेल दिखाकर लगातार अच्छा प्रदर्शन किया।,positive,sports,2
उसका व्यंग्यभरा लहजा सुनकर सभी असहज हो गए।,negative,sentihin,0
दबाव वाले मुकाबले में कप्तान फाइनल से पहले प्रशिक्षण कर रहा है।,neutral,sports,1
टूर्नामेंट के अहम चरण में भारतीय खिलाड़ी का मैच में निराशाजनक खेल टीम पर भारी पड़ा।,negative,sports,0
दबाव वाले मुकाबले में कप्तान ने क्वार्टरफाइनल में उत्कृष्ट खेल दिखाकर मुश्किल स्थिति से बाहर निकली।,positive,sports,2
आज खिलाड़ी ने सेट में जबरदस्त खेल दिखाकर दबदबा कायम रखा।,positive,sports,2
यह निर्णय पूरी तरह व्यर्थ था।,negative,sentihin,0
एथलीट दौड़ के लिए अगले मुकाबले की तैयारी कर रही है।,neutral,sports,1
लगातार तीसरे मैच में बल्लेबाज ने मैच में यादगार खेल दिखाकर मुश्किल स्थिति से बाहर निकली।,positive,sports,2
टूर्नामेंट के अहम चरण में विकेटकीपर ने ओवर से पहले प्रशिक्षण पूरा किया।,neutral,sports,1
टूर्नामेंट के अहम चरण में डिफेंडर का फाइनल में निराशाजनक खेल टीम पर भारी पड़ा।,negative,sports,0
फॉरवर्ड फाइनल के लिए प्रशिक्षण जारी रखे हुए है।,neutral,sports,1
यह फूलों की खुशबू बहुत मनमोहक है।,positive,sentihin,2
यह होटल औसत दर्जे का था,neutral,sentihin,1
लंबे ब्रेक के बाद भारतीय टीम ने फाइनल में यादगार खेल दिखाकर मुश्किल स्थिति से बाहर निकली।,positive,sports,2
लीग मैच इस मुकाबले में आयोजित होगा और गोलकीपर इसमें हिस्सा लेगा।,neutral,sports,1
आज धाविका का फाइनल में फीका खेल टीम पर भारी पड़ा।,negative,sports,0
महत्वपूर्ण मौके पर बल्लेबाज ने पारी में कई आसान मौके गंवाए।,negative,sports,0
टूर्नामेंट के अहम चरण में भारतीय धावक ने दौड़ में लाजवाब खेल दिखाकर जीत दर्ज की।,positive,sports,2
सीरीज आज आयोजित होगा और कप्तान इसमें हिस्सा लेगा।,neutral,sports,1
लंबे ब्रेक के बाद भारतीय धावक ने दौड़ में कई आसान मौके गंवाए।,negative,sports,0
इस मुकाबले में भारत रन चेज से पहले प्रशिक्षण कर रहा है।,neutral,sports,1
फाइनल प्रशंसकों के सामने आयोजित होगा और क्लब इसमें हिस्सा लेगा।,neutral,sports,1
टूर्नामेंट के अहम चरण में गोलकीपर का मैच में निराशाजनक खेल टीम पर भारी पड़ा।,negative,sports,0
टूर्नामेंट के अहम चरण में युवा एथलीट ने इवेंट से पहले प्रशिक्षण पूरा किया।,neutral,sports,1
आपका साथ बहुत सुकूनदायक है।,positive,sentihin,2
घरेलू मैदान पर युवा शटलर ने मैच में उत्कृष्ट खेल दिखाकर जीत दर्ज की।,positive,sports,2
महत्वपूर्ण मौके पर विकेटकीपर ने रन चेज में लाजवाब खेल दिखाकर मुकाबला अपने नाम कर लिया।,positive,sports,2
बल्लेबाज ने पारी के लिए तैयारी शुरू कर दी।,neutral,sports,1
आज युवा खिलाड़ी ने सेट में उत्कृष्ट खेल दिखाकर दबदबा कायम रखा।,positive,sports,2
टूर्नामेंट के अहम चरण में युवा शटलर मैच से पहले प्रशिक्षण कर रहा है।,neutral,sports,1
लगातार तीसरे मैच में बल्लेबाज का रन चेज में फीका खेल टीम पर भारी पड़ा।,negative,sports,0
इस मुकाबले में क्लब का फाइनल में बेअसर खेल टीम पर भारी पड़ा।,negative,sports,0
दबाव वाले मुकाबले में बल्लेबाज सीरीज से पहले प्रशिक्षण कर रहा है।,neutral,sports,1
यह अनुभव सामान्य रहा।,neutral,sentihin,1
आज बल्लेबाज ने पारी में कमाल का खेल दिखाकर जीत दर्ज की।,positive,sports,2
गेम दबाव वाले मुकाबले में आयोजित होगा और भारतीय शटलर इसमें हिस्सा लेगा।,neutral,sports,1
उसकी कटुता ने माहौल को नकारात्मक बना दिया।,negative,sentihin,0
मुझे इससे कोई लेना देना नहीं।,neutral,sentihin,1
मुकाबला आज आयोजित होगा और गोलकीपर इसमें हिस्सा लेगा।,neutral,sports,1
भारतीय खिलाड़ी ने मैच में लचर प्रदर्शन किया और लगातार गलतियां कीं।,negative,sports,0
भारतीय टीम ओवर के लिए रणनीति पर चर्चा कर रही है।,neutral,sports,1
टूर्नामेंट के अहम चरण में डिफेंडर ने फाइनल में धमाकेदार खेल दिखाकर मुश्किल स्थिति से बाहर निकली।,positive,sports,2
विकेटकीपर सीरीज के लिए टूर्नामेंट में हिस्सा ले रही है।,neutral,sports,1
टूर्नामेंट के अहम चरण में बल्लेबाज ने मैच में कमाल का खेल दिखाकर जीत दर्ज की।,positive,sports,2
घरेलू मैदान पर डिफेंडर ने मैच में बेहतरीन खेल दिखाकर जीत दर्ज की।,positive,sports,2
यह सेवा उम्मीद से कहीं बेहतर थी।,positive,sentihin,2
कप्तान रन चेज के लिए प्रशिक्षण जारी रखे हुए है।,neutral,sports,1
एथलीट की दौड़ में कमजोर रणनीति काम नहीं आई।,negative,sports,0
आपकी मुस्कान में सच्चाई झलकती है।,positive,sentihin,2
कंपनी के प्रोडक्ट ने पूरी तरह निराश किया,negative,sentihin,0
यह निर्णय पूरी तरह बेकार साबित हुआ।,negative,sentihin,0
लंबे ब्रेक के बाद कप्तान ने मैच में कई आसान मौके गंवाए।,negative,sports,0
मुझे इसमें कोई नई जानकारी नहीं मिली,neutral,sentihin,1
लगातार तीसरे मैच में क्लब लीग मैच से पहले प्रशिक्षण कर रहा है।,neutral,sports,1
विकेटकीपर ने सीरीज में असंगत प्रदर्शन किया और महत्वपूर्ण मौका गंवाया।,negative,sports,0
इस मुकाबले में भारतीय टीम ने लीग मैच से पहले प्रशिक्षण पूरा किया।,neutral,sports,1
भारतीय धावक ने दौड़ में असंगत प्रदर्शन किया और बढ़त गंवा दी।,negative,sports,0
लंबे ब्रेक के बाद हॉकी टीम ने फाइनल में कई आसान मौके गंवाए।,negative,sports,0
गोलकीपर ने फाइनल में निराश करने वाला प्रदर्शन किया और अपनी लय खो दी।,negative,sports,0
फाइनल महत्वपूर्ण मौके पर आयोजित होगा और भारतीय टीम इसमें हिस्सा लेगा।,neutral,sports,1
निर्णायक मैच में भारतीय शटलर ने सेट में यादगार खेल दिखाकर जीत दर्ज की।,positive,sports,2
मुझे इसमें कोई उपयोगिता नहीं दिखी,negative,sentihin,0
भारतीय टीम की मैच में कमजोर रणनीति काम नहीं आई।,negative,sports,0
दबाव वाले मुकाबले में क्लब ने लीग मैच में लाजवाब खेल दिखाकर महत्वपूर्ण योगदान दिया।,positive,sports,2
सब कुछ वैसा ही रहा जैसा सोचा था।,neutral,sentihin,1
निर्णायक मैच में गोलकीपर का मैच में फीका खेल टीम पर भारी पड़ा।,negative,sports,0
डिफेंडर ने मुकाबला में खराब प्रदर्शन किया और उम्मीदों पर खरी नहीं उतरी।,negative,sports,0
भारतीय खिलाड़ी की सेट में कमजोर रणनीति काम नहीं आई।,negative,sports,0
यह सेवा बहुत महंगी और बेकार है।,negative,sentihin,0
लंबे ब्रेक के बाद फॉरवर्ड मैच से पहले प्रशिक्षण कर रहा है।,neutral,sports,1
यह छुट्टी मेरे लिए अविस्मरणीय थी।,positive,sentihin,2
लगातार तीसरे मैच में बल्लेबाज ने मुकाबला में बेहतरीन तालमेल के साथ जीत हासिल की।,positive,sports,2
खिलाड़ी ने दौड़ में असंगत प्रदर्शन किया और दबाव में बिखर गई।,negative,sports,0
मुझे इसमें कोई खास बात नहीं लगी।,neutral,sentihin,1
उसकी कड़वी बातें लंबे समय तक मन में चुभती रहीं।,negative,sentihin,0
टूर्नामेंट के अहम चरण में भारतीय टीम ने ओवर में कमाल का खेल दिखाकर जीत दर्ज की।,positive,sports,2
उसकी टिप्पणियाँ मेरे आत्मसम्मान को ठेस पहुँचाती रहीं।,negative,sentihin,0
यह निर्णय मेरे लिए विनाशकारी साबित हुआ।,negative,sentihin,0
टूर्नामेंट के अहम चरण में क्लब का सेमीफाइनल में बेअसर खेल टीम पर भारी पड़ा।,negative,sports,0
भारतीय टीम ने सेमीफाइनल में लचर प्रदर्शन किया और महत्वपूर्ण मौका गंवाया।,negative,sports,0
आज क्लब ने फाइनल में कमाल का खेल दिखाकर महत्वपूर्ण योगदान दिया।,positive,sports,2
मुझे यह बात अच्छी नहीं लगी।,negative,sentihin,0
महत्वपूर्ण मौके पर कप्तान ने सेमीफाइनल में धमाकेदार खेल दिखाकर मुश्किल स्थिति से बाहर निकली।,positive,sports,2
कप्तान ने सेमीफाइनल में असंगत प्रदर्शन किया और बढ़त गंवा दी।,negative,sports,0
यह निर्णय नुकसानदेह रहा।,negative,sentihin,0
आपकी मदद से मनोबल बढ़ा।,positive,sentihin,2
शाम के मुकाबले में हमारी टीम ने विरोधी को पूरी तरह दबा दिया।,positive,sports,2
महत्वपूर्ण मौके पर बल्लेबाज ओवर से पहले प्रशिक्षण कर रहा है।,neutral,sports,1
महत्वपूर्ण मौके पर युवा खिलाड़ी का मुकाबला में खराब खेल टीम पर भारी पड़ा।,negative,sports,0
आज गोलकीपर का मुकाबला में फीका खेल टीम पर भारी पड़ा।,negative,sports,0
दबाव वाले मुकाबले में भारतीय टीम ने रन चेज से पहले प्रशिक्षण पूरा किया।,neutral,sports,1
लंबे ब्रेक के बाद एथलीट ने इवेंट से पहले प्रशिक्षण पूरा किया।,neutral,sports,1
जोड़ी का कमजोर प्रदर्शन मैच में हार का कारण बना।,negative,sports,0
दबाव वाले मुकाबले में युवा शटलर का सेट में खराब खेल टीम पर भारी पड़ा।,negative,sports,0
आपकी मदद ने हर मुश्किल आसान कर दी।,positive,sentihin,2
धाविका दौड़ के लिए मैच के लिए रवाना हुई।,neutral,sports,1
युवा एथलीट ने रेस में निराश करने वाला प्रदर्शन किया और दबाव में बिखर गई।,negative,sports,0
दबाव वाले मुकाबले में विकेटकीपर मैच से पहले प्रशिक्षण कर रहा है।,neutral,sports,1
आज गोलकीपर ने मैच में बेहतरीन खेल दिखाकर लगातार अच्छा प्रदर्शन किया।,positive,sports,2
डिफेंडर की सेमीफाइनल में असंगत रणनीति काम नहीं आई।,negative,sports,0
निर्णायक मैच में जोड़ी ने मुकाबला में शानदार खेल दिखाकर महत्वपूर्ण योगदान दिया।,positive,sports,2
महत्वपूर्ण मौके पर खिलाड़ी ने सेट से पहले प्रशिक्षण पूरा किया।,neutral,sports,1
टूर्नामेंट के अहम चरण में भारतीय टीम का लीग मैच में फीका खेल टीम पर भारी पड़ा।,negative,sports,0
लंबे ब्रेक के बाद हॉकी टीम ने सेमीफाइनल में धमाकेदार खेल दिखाकर शानदार वापसी की।,positive,sports,2
इस मुकाबले में युवा शटलर का मुकाबला में लचर खेल टीम पर भारी पड़ा।,negative,sports,0
टूर्नामेंट के अहम चरण में गोलकीपर ने सेमीफाइनल में कई आसान मौके गंवाए।,negative,sports,0
जोड़ी ने मैच में लचर प्रदर्शन किया और उम्मीदों पर खरी नहीं उतरी।,negative,sports,0
महत्वपूर्ण मौके पर युवा खिलाड़ी ने क्वार्टरफाइनल में उत्कृष्ट खेल दिखाकर लगातार अच्छा प्रदर्शन किया।,positive,sports,2
टूर्नामेंट के अहम चरण में एथलीट का रेस में निराश करने वाला खेल टीम पर भारी पड़ा।,negative,sports,0
निर्णायक मैच में हॉकी टीम ने सेमीफाइनल से पहले प्रशिक्षण पूरा किया।,neutral,sports,1
इस मुकाबले में खिलाड़ी ने मुकाबला में जबरदस्त खेल दिखाकर लगातार अच्छा प्रदर्शन किया।,positive,sports,2
टूर्नामेंट के अहम चरण में कप्तान ने सेमीफाइनल में लाजवाब खेल दिखाकर शानदार वापसी की।,positive,sports,2
महत्वपूर्ण मौके पर खिलाड़ी फाइनल से पहले प्रशिक्षण कर रहा है।,neutral,sports,1
दबाव वाले मुकाबले में भारतीय खिलाड़ी का क्वार्टरफाइनल में बेअसर खेल टीम पर भारी पड़ा।,negative,sports,0
टूर्नामेंट के अहम चरण में भारत ने ओवर में उत्कृष्ट खेल दिखाकर लगातार अच्छा प्रदर्शन किया।,positive,sports,2
यह जगह बहुत गंदी है।,negative,sentihin,0
आज क्लब ने लीग मैच में कमाल का खेल दिखाकर शानदार वापसी की।,positive,sports,2
घरेलू मैदान पर खिलाड़ी ने सेट में कमाल का खेल दिखाकर शानदार वापसी की।,positive,sports,2
भारतीय शटलर गेम के लिए मैच के लिए रवाना हुई।,neutral,sports,1
इस मुकाबले में भारतीय टीम ने सीरीज से पहले प्रशिक्षण पूरा किया।,neutral,sports,1
इस मुकाबले में कप्तान ने फाइनल में लाजवाब खेल दिखाकर दबदबा कायम रखा।,positive,sports,2
खिलाड़ी ने सेट में कमजोर प्रदर्शन किया और महत्वपूर्ण मौका गंवाया।,negative,sports,0
इस मुद्दे में कोई खास रुचि नहीं है।,neutral,sentihin,1
भारतीय खिलाड़ी ने मुकाबला में बेअसर प्रदर्शन किया और अपनी लय खो दी।,negative,sports,0
चैंपियन की गेम में फीका रणनीति काम नहीं आई।,negative,sports,0
आज डिफेंडर ने लीग मैच में जबरदस्त खेल दिखाकर दबदबा कायम रखा।,positive,sports,2
लगातार तीसरे मैच में खिलाड़ी का क्वार्टरफाइनल में खराब खेल टीम पर भारी पड़ा।,negative,sports,0
पारी दबाव वाले मुकाबले में आयोजित होगा और कप्तान इसमें हिस्सा लेगा।,neutral,sports,1
यह रेस्टोरेंट की सेवा बहुत अव्यवस्थित है।,negative,sentihin,0
चैंपियन ने गेम के लिए यात्रा कार्यक्रम साझा किया।,neutral,sports,1
घरेलू मैदान पर धाविका फाइनल से पहले प्रशिक्षण कर रहा है।,neutral,sports,1
रन चेज दबाव वाले मुकाबले में आयोजित होगा और कप्तान इसमें हिस्सा लेगा।,neutral,sports,1
लंबे ब्रेक के बाद कप्तान ने फाइनल में शानदार खेल दिखाकर मुश्किल स्थिति से बाहर निकली।,positive,sports,2
वह परिस्थिति इतनी कठिन थी कि संभालना मुश्किल हो गया।,negative,sentihin,0
घरेलू मैदान पर युवा एथलीट इवेंट से पहले प्रशिक्षण कर रहा है।,neutral,sports,1
आज भारतीय शटलर ने मैच में शानदार खेल दिखाकर मुकाबला अपने नाम कर लिया।,positive,sports,2
निर्णायक मैच में युवा शटलर मैच से पहले प्रशिक्षण कर रहा है।,neutral,sports,1
एथलीट ने दौड़ में खराब खेल दिखाया और टीम को नुकसान हुआ।,negative,sports,0
घरेलू मैदान पर डिफेंडर ने लीग मैच में यादगार खेल दिखाकर महत्वपूर्ण योगदान दिया।,positive,sports,2
लंबे ब्रेक के बाद बल्लेबाज ओवर से पहले प्रशिक्षण कर रहा है।,neutral,sports,1
भारतीय धावक का कमजोर प्रदर्शन रेस में हार का कारण बना।,negative,sports,0
इस मुकाबले में युवा शटलर ने मुकाबला में जबरदस्त खेल दिखाकर दबदबा कायम रखा।,positive,sports,2
निर्णायक मैच में युवा शटलर का फाइनल में बेअसर खेल टीम पर भारी पड़ा।,negative,sports,0
मुझे इस पर कोई भरोसा नहीं है,negative,sentihin,0
आज कप्तान ने पारी में कमाल का खेल दिखाकर मुकाबला अपने नाम कर लिया।,positive,sports,2
बल्लेबाज की मुकाबला में लचर रणनीति काम नहीं आई।,negative,sports,0
घरेलू मैदान पर खिलाड़ी ने फाइनल में जबरदस्त खेल दिखाकर महत्वपूर्ण योगदान दिया।,positive,sports,2
युवा एथलीट ने फाइनल में यादगार प्रदर्शन करते हुए लगातार अच्छा प्रदर्शन किया।,positive,sports,2
मुकाबला टूर्नामेंट के अहम चरण में आयोजित होगा और कप्तान इसमें हिस्सा लेगा।,neutral,sports,1
मुकाबला लंबे ब्रेक के बाद आयोजित होगा और हॉकी टीम इसमें हिस्सा लेगा।,neutral,sports,1
मुझे इसमें कोई विशेष आकर्षण नहीं मिला।,neutral,sentihin,1
टूर्नामेंट के अहम चरण में गोलकीपर का फाइनल में निराशाजनक खेल टीम पर भारी पड़ा।,negative,sports,0
गेम दबाव वाले मुकाबले में आयोजित होगा और खिलाड़ी इसमें हिस्सा लेगा।,neutral,sports,1
लगातार तीसरे मैच में डिफेंडर ने फाइनल से पहले प्रशिक्षण पूरा किया।,neutral,sports,1
इस मुकाबले में रेडर मैच से पहले प्रशिक्षण कर रहा है।,neutral,sports,1
लंबे ब्रेक के बाद कप्तान का मुकाबला में लचर खेल टीम पर भारी पड़ा।,negative,sports,0
आज खिलाड़ी ने फाइनल में बेहतरीन खेल दिखाकर शानदार वापसी की।,positive,sports,2
आपकी मदद से आत्मबल मिलता है।,positive,sentihin,2
निर्णायक मैच में गेंदबाज ने सीरीज में कई आसान मौके गंवाए।,negative,sports,0
ओवर प्रशंसकों के सामने आयोजित होगा और कप्तान इसमें हिस्सा लेगा।,neutral,sports,1
जोड़ी को फाइनल के लिए टीम में शामिल किया गया है।,neutral,sports,1
लाइट चली गई थी सब अंधेरा हो गया।,negative,sentihin,0
मुझे इस बारे में कोई ठोस राय नहीं बन पाई।,neutral,sentihin,1
लगातार तीसरे मैच में भारत ने ओवर में यादगार खेल दिखाकर मुश्किल स्थिति से बाहर निकली।,positive,sports,2
आज धाविका ने रेस से पहले प्रशिक्षण पूरा किया।,neutral,sports,1
फॉरवर्ड लीग मैच के लिए अगले दौर के लिए पहुंची।,neutral,sports,1
टूर्नामेंट के अहम चरण में विकेटकीपर ने रन चेज में शानदार खेल दिखाकर लगातार अच्छा प्रदर्शन किया।,positive,sports,2
प्रशंसकों के सामने भारतीय धावक ने इवेंट में लाजवाब खेल दिखाकर दबदबा कायम रखा।,positive,sports,2
दबाव वाले मुकाबले में युवा शटलर का मैच में फीका खेल टीम पर भारी पड़ा।,negative,sports,0
इस मुकाबले में विकेटकीपर ने पारी में उत्कृष्ट खेल दिखाकर मुश्किल स्थिति से बाहर निकली।,positive,sports,2
आज बल्लेबाज का सीरीज में खराब खेल टीम पर भारी पड़ा।,negative,sports,0
Pressure ke beech India ne aaj zabardast comeback kiya,positive,sports,2
लंबे ब्रेक के बाद टेनिस स्टार ने फाइनल में कमाल का खेल दिखाकर शानदार वापसी की।,positive,sports,2
इस होटल की सेवा बहुत खराब थी।,negative,sentihin,0
दबाव वाले मुकाबले में भारतीय टीम का मुकाबला में कमजोर खेल टीम पर भारी पड़ा।,negative,sports,0
हॉकी टीम ने लीग मैच में असंगत प्रदर्शन किया और अपनी लय खो दी।,negative,sports,0
Match se pehle Match evening mein start hoga,neutral,sports,1
लंबे ब्रेक के बाद खिलाड़ी ने फाइनल में लाजवाब खेल दिखाकर जीत दर्ज की।,positive,sports,2
बल्लेबाज ने मुकाबला में खराब खेल दिखाया और टीम को नुकसान हुआ।,negative,sports,0
टूर्नामेंट के अहम चरण में डिफेंडर का मैच में असंगत खेल टीम पर भारी पड़ा।,negative,sports,0
निर्णायक मैच में टेनिस स्टार ने मैच में शानदार खेल दिखाकर दबदबा कायम रखा।,positive,sports,2
आज कप्तान ने फाइनल में जबरदस्त खेल दिखाकर मुश्किल स्थिति से बाहर निकली।,positive,sports,2
प्लेऑफ लंबे ब्रेक के बाद आयोजित होगा और रेडर इसमें हिस्सा लेगा।,neutral,sports,1
क्लब ने लीग मैच में कमजोर प्रदर्शन किया और उम्मीदों पर खरी नहीं उतरी।,negative,sports,0
भारतीय टीम ने लीग मैच में बेअसर प्रदर्शन किया और महत्वपूर्ण मौका गंवाया।,negative,sports,0
एथलीट ने इवेंट के लिए तैयारी शुरू कर दी।,neutral,sports,1
प्रशंसकों के सामने डिफेंडर का सेमीफाइनल में लचर खेल टीम पर भारी पड़ा।,negative,sports,0
खिलाड़ी प्लेऑफ के लिए टूर्नामेंट में हिस्सा ले रही है।,neutral,sports,1
दबाव वाले मुकाबले में भारतीय टीम ने सेमीफाइनल में धमाकेदार खेल दिखाकर मुश्किल स्थिति से बाहर निकली।,positive,sports,2
डिफेंडर ने फाइनल में असंगत प्रदर्शन किया और बढ़त गंवा दी।,negative,sports,0
लगातार तीसरे मैच में गोलकीपर फाइनल से पहले प्रशिक्षण कर रहा है।,neutral,sports,1
लगातार तीसरे मैच में भारतीय टीम ने ओवर में जबरदस्त खेल दिखाकर मुकाबला अपने नाम कर लिया।,positive,sports,2
काम की अधिकता से बहुत तनाव हो रहा है।,negative,sentihin,0
महत्वपूर्ण मौके पर खिलाड़ी ने सेट में कमाल का खेल दिखाकर महत्वपूर्ण योगदान दिया।,positive,sports,2
फाइनल निर्णायक मैच में आयोजित होगा और रेडर इसमें हिस्सा लेगा।,neutral,sports,1
लगातार तीसरे मैच में डिफेंडर ने फाइनल में लाजवाब खेल दिखाकर जीत दर्ज की।,positive,sports,2
प्रतियोगिता महत्वपूर्ण मौके पर आयोजित होगा और धाविका इसमें हिस्सा लेगा।,neutral,sports,1
भारतीय टीम फाइनल के लिए मैच के लिए रवाना हुई।,neutral,sports,1
भारतीय शटलर के मुकाबला में धमाकेदार प्रदर्शन से टीम को फायदा हुआ।,positive,sports,2
निर्णायक मैच में कप्तान सेमीफाइनल से पहले प्रशिक्षण कर रहा है।,neutral,sports,1
इस मुकाबले में रेडर ने फाइनल में उत्कृष्ट खेल दिखाकर दबदबा कायम रखा।,positive,sports,2
पुस्तक ने कोई गहरी छाप नहीं छोड़ी,neutral,sentihin,1
प्रशंसकों के सामने गेंदबाज ने सीरीज में कमाल का खेल दिखाकर मुकाबला अपने नाम कर लिया।,positive,sports,2
भारतीय खिलाड़ी ने सेट में असंगत खेल दिखाया और टीम को नुकसान हुआ।,negative,sports,0
महत्वपूर्ण मौके पर धाविका ने इवेंट में बेहतरीन तालमेल के साथ जीत हासिल की।,positive,sports,2
टूर्नामेंट के अहम चरण में भारतीय खिलाड़ी मुकाबला से पहले प्रशिक्षण कर रहा है।,neutral,sports,1
प्रशंसकों के सामने बल्लेबाज ने रन चेज में बेहतरीन खेल दिखाकर मुकाबला अपने नाम कर लिया।,positive,sports,2
इस फिल्म की कहानी प्रेरक थी,positive,sentihin,2
लंबे ब्रेक के बाद जोड़ी ने गेम में उत्कृष्ट खेल दिखाकर लगातार अच्छा प्रदर्शन किया।,positive,sports,2
लगातार तीसरे मैच में डिफेंडर ने फाइनल में उत्कृष्ट खेल दिखाकर महत्वपूर्ण योगदान दिया।,positive,sports,2
इस मुकाबले में जोड़ी का गेम में निराशाजनक खेल टीम पर भारी पड़ा।,negative,sports,0
लगातार तीसरे मैच में भारतीय धावक ने इवेंट में धमाकेदार खेल दिखाकर मुश्किल स्थिति से बाहर निकली।,positive,sports,2
भारत ने सीरीज में लचर प्रदर्शन किया और उम्मीदों पर खरी नहीं उतरी।,negative,sports,0
भारतीय शटलर मैच के लिए रणनीति पर चर्चा कर रही है।,neutral,sports,1
मुकाबला टूर्नामेंट के अहम चरण में आयोजित होगा और जोड़ी इसमें हिस्सा लेगा।,neutral,sports,1
भारतीय टीम ने मैच में खराब प्रदर्शन किया और महत्वपूर्ण मौका गंवाया।,negative,sports,0
आपकी सोच बहुत प्रेरक है।,positive,sentihin,2
सीरीज महत्वपूर्ण मौके पर आयोजित होगा और भारत इसमें हिस्सा लेगा।,neutral,sports,1
प्रशंसकों के सामने खिलाड़ी ने गेम में उत्कृष्ट खेल दिखाकर मुकाबला अपने नाम कर लिया।,positive,sports,2
टूर्नामेंट में अगले दौर का कार्यक्रम आयोजकों ने जारी किया।,neutral,sports,1
मैं रोज़ाना अपने दोस्तों के साथ चैट करता हूं।,neutral,sentihin,1
लंबे ब्रेक के बाद कप्तान ने सीरीज में शानदार खेल दिखाकर मुकाबला अपने नाम कर लिया।,positive,sports,2
आज गोलकीपर का सेमीफाइनल में लचर खेल टीम पर भारी पड़ा।,negative,sports,0
चैंपियन ने फाइनल में निराश करने वाला प्रदर्शन किया और अपनी लय खो दी।,negative,sports,0
आज का मौसम बहुत सुहाना है।,positive,sentihin,2
मैच लगातार तीसरे मैच में आयोजित होगा और बल्लेबाज इसमें हिस्सा लेगा।,neutral,sports,1
लंबे ब्रेक के बाद एथलीट का फाइनल में असंगत खेल टीम पर भारी पड़ा।,negative,sports,0
प्रशंसकों के सामने डिफेंडर ने फाइनल में शानदार खेल दिखाकर महत्वपूर्ण योगदान दिया।,positive,sports,2
लगातार तीसरे मैच में भारतीय टीम ने ओवर में धमाकेदार खेल दिखाकर महत्वपूर्ण योगदान दिया।,positive,sports,2
यह फिल्म पूरी तरह असफल साबित हुई।,negative,sentihin,0
निर्णायक मैच में गोलकीपर ने मैच से पहले प्रशिक्षण पूरा किया।,neutral,sports,1
मैं इस विषय पर कुछ नहीं कहना चाहता।,neutral,sentihin,1
टूर्नामेंट के अहम चरण में खिलाड़ी का दौड़ में लचर खेल टीम पर भारी पड़ा।,negative,sports,0
टूर्नामेंट के अहम चरण में हॉकी टीम ने फाइनल में कमाल का खेल दिखाकर महत्वपूर्ण योगदान दिया।,positive,sports,2
हॉकी टीम मुकाबला के लिए अगले मुकाबले की तैयारी कर रही है।,neutral,sports,1
आपका यह विचार क्रांतिकारी है।,positive,sentihin,2
मुकाबला टूर्नामेंट के अहम चरण में आयोजित होगा और भारतीय खिलाड़ी इसमें हिस्सा लेगा।,neutral,sports,1
लीग मैच महत्वपूर्ण मौके पर आयोजित होगा और कप्तान इसमें हिस्सा लेगा।,neutral,sports,1
यह जानकारी मेरे लिए महत्वहीन है।,neutral,sentihin,1
दबाव वाले मुकाबले में डिफेंडर ने लीग मैच में बेहतरीन खेल दिखाकर महत्वपूर्ण योगदान दिया।,positive,sports,2
यह घटना मेरे लिए पीड़ादायक थी।,negative,sentihin,0
आज गेंदबाज का सीरीज में लचर खेल टीम पर भारी पड़ा।,negative,sports,0
प्रशंसकों के सामने गोलकीपर का मैच में निराश करने वाला खेल टीम पर भारी पड़ा।,negative,sports,0
दबाव वाले मुकाबले में डिफेंडर ने मैच में शानदार खेल दिखाकर शानदार वापसी की।,positive,sports,2
भारतीय धावक रेस के लिए टूर्नामेंट में हिस्सा ले रही है।,neutral,sports,1
टूर्नामेंट के अहम चरण में चैंपियन फाइनल से पहले प्रशिक्षण कर रहा है।,neutral,sports,1
आपका यह उपकार मेरे लिए अविस्मरणीय है।,positive,sentihin,2
महत्वपूर्ण मौके पर जोड़ी ने मुकाबला में कमाल का खेल दिखाकर मुकाबला अपने नाम कर लिया।,positive,sports,2
फाइनल लगातार तीसरे मैच में आयोजित होगा और डिफेंडर इसमें हिस्सा लेगा।,neutral,sports,1
कप्तान ने लीग मैच में खराब प्रदर्शन किया और दबाव में बिखर गई।,negative,sports,0
महत्वपूर्ण मौके पर फॉरवर्ड का मुकाबला में खराब खेल टीम पर भारी पड़ा।,negative,sports,0
इस विषय पर मैं अनिश्चित हूं,neutral,sentihin,1
यह सबसे बेकार चीज थी जो मैंने देखी।,negative,sentihin,0
मुझे इसमें कोई राय व्यक्त नहीं करनी है।,neutral,sentihin,1
एप्लिकेशन का इंटरफेस सहज और सुंदर है,positive,sentihin,2
आपकी मदद के लिए दिल से धन्यवाद।,positive,sentihin,2
निर्णायक मैच में भारतीय टीम का लीग मैच में असंगत खेल टीम पर भारी पड़ा।,negative,sports,0
इस सेवा का अनुभव बेकार रहा,negative,sentihin,0
मैं रोज़ाना अपने सपनों पर काम करता हूं।,neutral,sentihin,1
आज गेंदबाज ने सीरीज में लाजवाब खेल दिखाकर लगातार अच्छा प्रदर्शन किया।,positive,sports,2
फाइनल दबाव वाले मुकाबले में आयोजित होगा और रेडर इसमें हिस्सा लेगा।,neutral,sports,1
दबाव वाले मुकाबले में भारतीय खिलाड़ी ने मुकाबला में यादगार खेल दिखाकर महत्वपूर्ण योगदान दिया।,positive,sports,2
सुबह के सत्र में टीम ने अगले मुकाबले की तैयारी शुरू कर दी।,neutral,sports,1
टूर्नामेंट के अहम चरण में टेनिस स्टार मुकाबला से पहले प्रशिक्षण कर रहा है।,neutral,sports,1
क्वार्टरफाइनल महत्वपूर्ण मौके पर आयोजित होगा और टेनिस स्टार इसमें हिस्सा लेगा।,neutral,sports,1
यह यात्रा पूरी तरह असफल साबित हुई।,negative,sentihin,0
प्रशंसकों के सामने भारतीय टीम का मुकाबला में असंगत खेल टीम पर भारी पड़ा।,negative,sports,0
आज फॉरवर्ड ने मैच में कमाल का खेल दिखाकर मुकाबला अपने नाम कर लिया।,positive,sports,2
युवा खिलाड़ी अगले मुकाबला से पहले कोच के साथ बैठक करेगा।,neutral,sports,1
लंबे ब्रेक के बाद फॉरवर्ड सेमीफाइनल से पहले प्रशिक्षण कर रहा है।,neutral,sports,1
मैच घरेलू मैदान पर आयोजित होगा और जोड़ी इसमें हिस्सा लेगा।,neutral,sports,1
घरेलू मैदान पर गोलकीपर ने लीग मैच में धमाकेदार खेल दिखाकर शानदार वापसी की।,positive,sports,2
भारतीय टीम ने कठिन रन चेज में धैर्य रखते हुए सफलता हासिल की।,positive,sports,2
भारतीय शटलर फाइनल के लिए प्रशिक्षण जारी रखे हुए है।,neutral,sports,1
आज भारतीय खिलाड़ी फाइनल से पहले प्रशिक्षण कर रहा है।,neutral,sports,1
मुकाबला निर्णायक मैच में आयोजित होगा और हॉकी टीम इसमें हिस्सा लेगा।,neutral,sports,1
आपकी मदद ने मेरे काम को बहुत आसान बना दिया।,positive,sentihin,2
दौड़ लंबे ब्रेक के बाद आयोजित होगा और एथलीट इसमें हिस्सा लेगा।,neutral,sports,1
लगातार तीसरे मैच में युवा खिलाड़ी का क्वार्टरफाइनल में फीका खेल टीम पर भारी पड़ा।,negative,sports,0
निर्णायक मैच में टेनिस स्टार ने मैच से पहले प्रशिक्षण पूरा किया।,neutral,sports,1
कप्तान को सीरीज के लिए टीम में शामिल किया गया है।,neutral,sports,1
हॉकी टीम के मैच में धमाकेदार प्रदर्शन से टीम को फायदा हुआ।,positive,sports,2
रेडर मुकाबला के लिए मैच के लिए रवाना हुई।,neutral,sports,1
घरेलू मैदान पर डिफेंडर ने मुकाबला में यादगार खेल दिखाकर लगातार अच्छा प्रदर्शन किया।,positive,sports,2
मुकाबला घरेलू मैदान पर आयोजित होगा और गोलकीपर इसमें हिस्सा लेगा।,neutral,sports,1
खिलाड़ी ने मैच में कमजोर प्रदर्शन किया और महत्वपूर्ण मौका गंवाया।,negative,sports,0
दबाव वाले मुकाबले में खिलाड़ी का सेट में खराब खेल टीम पर भारी पड़ा।,negative,sports,0
खिलाड़ी फाइनल के लिए टूर्नामेंट में हिस्सा ले रही है।,neutral,sports,1
दबाव वाले मुकाबले में गोलकीपर का मुकाबला में कमजोर खेल टीम पर भारी पड़ा।,negative,sports,0
खिलाड़ी फाइनल के लिए प्रशिक्षण जारी रखे हुए है।,neutral,sports,1
यह कहानी बहुत दिलचस्प और रोमांचक है।,positive,sentihin,2
मैच लंबे ब्रेक के बाद आयोजित होगा और भारतीय खिलाड़ी इसमें हिस्सा लेगा।,neutral,sports,1
क्वार्टरफाइनल टूर्नामेंट के अहम चरण में आयोजित होगा और युवा खिलाड़ी इसमें हिस्सा लेगा।,neutral,sports,1
चैंपियन ने मैच में फीका प्रदर्शन किया और महत्वपूर्ण मौका गंवाया।,negative,sports,0
लगातार तीसरे मैच में कप्तान ने मुकाबला में जबरदस्त खेल दिखाकर मुकाबला अपने नाम कर लिया।,positive,sports,2
प्रशंसकों के सामने गोलकीपर ने मुकाबला से पहले प्रशिक्षण पूरा किया।,neutral,sports,1
तुम्हारी विनम्रता ने मुझे बहुत प्रभावित किया है।,positive,sentihin,2
जोड़ी फाइनल के लिए रणनीति पर चर्चा कर रही है।,neutral,sports,1
यह सेवा बहुत महंगी और अनुपयोगी है।,negative,sentihin,0
फॉरवर्ड ने सेमीफाइनल में खराब प्रदर्शन किया और महत्वपूर्ण मौका गंवाया।,negative,sports,0
लंबे ब्रेक के बाद कप्तान ने क्वार्टरफाइनल में शानदार खेल दिखाकर महत्वपूर्ण योगदान दिया।,positive,sports,2
प्रशंसकों के सामने फॉरवर्ड ने फाइनल में शानदार खेल दिखाकर दबदबा कायम रखा।,positive,sports,2
यह फिल्म पूरी तरह बेकार साबित हुई।,negative,sentihin,0
महत्वपूर्ण मौके पर खिलाड़ी मैच से पहले प्रशिक्षण कर रहा है।,neutral,sports,1
यह कलर कॉम्बिनेशन ठीक लग रहा है।,neutral,sentihin,1
निर्णायक मैच में डिफेंडर का मैच में निराशाजनक खेल टीम पर भारी पड़ा।,negative,sports,0
भारतीय टीम ने फाइनल में फीका प्रदर्शन किया और उम्मीदों पर खरी नहीं उतरी।,negative,sports,0
सेमीफाइनल प्रशंसकों के सामने आयोजित होगा और डिफेंडर इसमें हिस्सा लेगा।,neutral,sports,1
टूर्नामेंट के अहम चरण में भारतीय शटलर ने मैच में बेहतरीन खेल दिखाकर शानदार वापसी की।,positive,sports,2
टूर्नामेंट के अहम चरण में कप्तान ने मुकाबला से पहले प्रशिक्षण पूरा किया।,neutral,sports,1
ओवर लंबे ब्रेक के बाद आयोजित होगा और गेंदबाज इसमें हिस्सा लेगा।,neutral,sports,1
इस मुद्दे पर कुछ भी कहना उचित नहीं समझता।,neutral,sentihin,1
भारतीय धावक ने फाइनल में शानदार खेल दिखाया और टीम को जीत दिलाई।,positive,sports,2
मुझे इस विषय पर कोई मजबूत राय नहीं है।,neutral,sentihin,1
कप्तान मैच के लिए प्रशिक्षण जारी रखे हुए है।,neutral,sports,1
लगातार तीसरे मैच में डिफेंडर ने फाइनल में शानदार खेल दिखाकर महत्वपूर्ण योगदान दिया।,positive,sports,2
मैच से पहले खिलाड़ी ने निर्णायक क्षण में बेहतरीन प्रदर्शन किया।,positive,sports,2
मुझे इसमें कोई विशेष अनुभव नहीं हुआ।,neutral,sentihin,1
खिलाड़ी ने लीग मैच में लाजवाब प्रदर्शन करते हुए लगातार अच्छा प्रदर्शन किया।,positive,sports,2
भारत ने ओवर के लिए नया अभ्यास कार्यक्रम शुरू किया।,neutral,sports,1
लंबे ब्रेक के बाद भारतीय टीम का मैच में फीका खेल टीम पर भारी पड़ा।,negative,sports,0
निर्णायक मैच में एथलीट इवेंट से पहले प्रशिक्षण कर रहा है।,neutral,sports,1
टूर्नामेंट के अहम चरण में कप्तान फाइनल से पहले प्रशिक्षण कर रहा है।,neutral,sports,1
महत्वपूर्ण मौके पर भारतीय टीम ने मैच में धमाकेदार खेल दिखाकर लगातार अच्छा प्रदर्शन किया।,positive,sports,2
यह सूर्यास्त का दृश्य अद्भुत था।,positive,sentihin,2
इस पर विचार करना मेरे लिए आसान नहीं है।,neutral,sentihin,1
टूर्नामेंट के अहम चरण में भारतीय टीम का पारी में असंगत खेल टीम पर भारी पड़ा।,negative,sports,0
प्रशंसकों के सामने भारतीय धावक रेस से पहले प्रशिक्षण कर रहा है।,neutral,sports,1
खिलाड़ी ने मुकाबला में असंगत प्रदर्शन किया और बढ़त गंवा दी।,negative,sports,0
इस मुकाबले में फॉरवर्ड ने मैच में उत्कृष्ट खेल दिखाकर शानदार वापसी की।,positive,sports,2
घरेलू मैदान पर भारत पारी से पहले प्रशिक्षण कर रहा है।,neutral,sports,1
उसकी चुप्पी ने माहौल को और भी ज्यादा तनावपूर्ण बना दिया।,negative,sentihin,0
महत्वपूर्ण मौके पर भारतीय टीम ने फाइनल से पहले प्रशिक्षण पूरा किया।,neutral,sports,1
इस मुकाबले में डिफेंडर ने फाइनल में बेहतरीन खेल दिखाकर महत्वपूर्ण योगदान दिया।,positive,sports,2
निर्णायक मैच में भारत ओवर से पहले प्रशिक्षण कर रहा है।,neutral,sports,1
दबाव वाले मुकाबले में एथलीट का फाइनल में निराशाजनक खेल टीम पर भारी पड़ा।,negative,sports,0
महत्वपूर्ण मौके पर खिलाड़ी का मुकाबला में बेअसर खेल टीम पर भारी पड़ा।,negative,sports,0
निर्णायक मैच में कप्तान मुकाबला से पहले प्रशिक्षण कर रहा है।,neutral,sports,1
चैंपियन फाइनल के लिए प्रशिक्षण जारी रखे हुए है।,neutral,sports,1
घरेलू मैदान पर भारत ने रन चेज में उत्कृष्ट खेल दिखाकर शानदार वापसी की।,positive,sports,2
गेम लगातार तीसरे मैच में आयोजित होगा और युवा शटलर इसमें हिस्सा लेगा।,neutral,sports,1
भारतीय टीम रन चेज के लिए अगले मुकाबले की तैयारी कर रही है।,neutral,sports,1
गेम लंबे ब्रेक के बाद आयोजित होगा और खिलाड़ी इसमें हिस्सा लेगा।,neutral,sports,1
यह सफलता मेरे सपनों को पूरा करती है।,positive,sentihin,2
लंबे ब्रेक के बाद टेनिस स्टार मैच से पहले प्रशिक्षण कर रहा है।,neutral,sports,1
यह कार्यशाला मेरे लिए अत्यंत ज्ञानवर्धक रही।,positive,sentihin,2
कप्तान अगले फाइनल से पहले कोच के साथ बैठक करेगा।,neutral,sports,1
दबाव वाले मुकाबले में हॉकी टीम का लीग मैच में बेअसर खेल टीम पर भारी पड़ा।,negative,sports,0
टूर्नामेंट के अहम चरण में खिलाड़ी का सेट में खराब खेल टीम पर भारी पड़ा।,negative,sports,0
भारतीय टीम ने मैच में शानदार खेल दिखाया और टीम को जीत दिलाई।,positive,sports,2
लंबे ब्रेक के बाद भारतीय टीम ने मुकाबला में बेहतरीन खेल दिखाकर दबदबा कायम रखा।,positive,sports,2
मैच घरेलू मैदान पर आयोजित होगा और भारतीय खिलाड़ी इसमें हिस्सा लेगा।,neutral,sports,1
डिफेंडर ने मुकाबला में यादगार खेल दिखाया और टीम को जीत दिलाई।,positive,sports,2
मुझे इसमें कोई विशेष भावनाएँ नहीं हुईं।,neutral,sentihin,1
भारतीय टीम ने लीग मैच में कमजोर प्रदर्शन किया और लगातार गलतियां कीं।,negative,sports,0
निर्णायक मैच में युवा एथलीट ने इवेंट में बेहतरीन खेल दिखाकर मुकाबला अपने नाम कर लिया।,positive,sports,2
इस मुकाबले में भारतीय टीम ने सेमीफाइनल में उत्कृष्ट खेल दिखाकर शानदार वापसी की।,positive,sports,2
प्रशंसकों के सामने फॉरवर्ड लीग मैच से पहले प्रशिक्षण कर रहा है।,neutral,sports,1
भारतीय टीम अगले फाइनल से पहले कोच के साथ बैठक करेगा।,neutral,sports,1
इस मुकाबले में कप्तान का फाइनल में लचर खेल टीम पर भारी पड़ा।,negative,sports,0
चैंपियन मुकाबला के लिए मैच के लिए रवाना हुई।,neutral,sports,1
टूर्नामेंट के अहम चरण में गेंदबाज ने सीरीज में उत्कृष्ट खेल दिखाकर महत्वपूर्ण योगदान दिया।,positive,sports,2
यह यात्रा अत्यंत निराशाजनक रही।,negative,sentihin,0
टूर्नामेंट के अहम चरण में खिलाड़ी ने गेम से पहले प्रशिक्षण पूरा किया।,neutral,sports,1
दबाव वाले मुकाबले में हॉकी टीम ने फाइनल में कमाल का खेल दिखाकर महत्वपूर्ण योगदान दिया।,positive,sports,2
टूर्नामेंट के अहम चरण में फॉरवर्ड ने लीग मैच में जबरदस्त खेल दिखाकर महत्वपूर्ण योगदान दिया।,positive,sports,2
लंबे ब्रेक के बाद कप्तान ने फाइनल में जबरदस्त खेल दिखाकर महत्वपूर्ण योगदान दिया।,positive,sports,2
प्रशंसकों के सामने भारतीय खिलाड़ी का मुकाबला में फीका खेल टीम पर भारी पड़ा।,negative,sports,0
भारतीय टीम ने फाइनल में असंगत प्रदर्शन किया और अपनी लय खो दी।,negative,sports,0
मेरे भाई की आज सगाई हुई है।,positive,sentihin,2
दबाव वाले मुकाबले में खिलाड़ी का लीग मैच में निराश करने वाला खेल टीम पर भारी पड़ा।,negative,sports,0
युवा शटलर ने मैच में जबरदस्त खेल दिखाया और टीम को जीत दिलाई।,positive,sports,2
घरेलू मैदान पर टेनिस स्टार ने सेट में उत्कृष्ट खेल दिखाकर लगातार अच्छा प्रदर्शन किया।,positive,sports,2
यह सेवा बहुत खराब है।,negative,sentihin,0
आपने बहुत अच्छा काम किया है।,positive,sentihin,2
प्रशंसकों के सामने युवा खिलाड़ी ने सेट में जबरदस्त खेल दिखाकर जीत दर्ज की।,positive,sports,2
धाविका ने प्रतियोगिता में शानदार प्रदर्शन करते हुए मुश्किल स्थिति से बाहर निकली।,positive,sports,2
वह जगह बहुत सुंदर और शांत थी।,positive,sentihin,2
लगातार तीसरे मैच में डिफेंडर ने सेमीफाइनल में लाजवाब खेल दिखाकर जीत दर्ज की।,positive,sports,2
भारतीय धावक को इवेंट के लिए टीम में शामिल किया गया है।,neutral,sports,1
यह होटल का कमरा बहुत गंदा था।,negative,sentihin,0
घरेलू मैदान पर गोलकीपर का लीग मैच में कमजोर खेल टीम पर भारी पड़ा।,negative,sports,0
आपकी सोच मेरे लिए उत्साह का स्रोत है।,positive,sentihin,2
इस मुकाबले में कप्तान का ओवर में लचर खेल टीम पर भारी पड़ा।,negative,sports,0
टूर्नामेंट के अहम चरण में डिफेंडर ने फाइनल में बेहतरीन खेल दिखाकर लगातार अच्छा प्रदर्शन किया।,positive,sports,2
आज भारतीय शटलर का मैच में लचर खेल टीम पर भारी पड़ा।,negative,sports,0
मुझे वहाँ की स्थिति ठीक नहीं लगी।,negative,sentihin,0
लगातार तीसरे मैच में कप्तान का लीग मैच में निराशाजनक खेल टीम पर भारी पड़ा।,negative,sports,0
दबाव वाले मुकाबले में गेंदबाज रन चेज से पहले प्रशिक्षण कर रहा है।,neutral,sports,1
भारतीय शटलर ने फाइनल में खराब प्रदर्शन किया और बढ़त गंवा दी।,negative,sports,0
फॉरवर्ड फाइनल के लिए अगले दौर के लिए पहुंची।,neutral,sports,1
मुकाबला प्रशंसकों के सामने आयोजित होगा और डिफेंडर इसमें हिस्सा लेगा।,neutral,sports,1
यह मामला देखने में साधारण है।,neutral,sentihin,1
प्रशंसकों के सामने हमारी टीम ने विरोधी को पूरी तरह दबा दिया।,positive,sports,2
इस मुकाबले में कप्तान ने सीरीज में उत्कृष्ट खेल दिखाकर लगातार अच्छा प्रदर्शन किया।,positive,sports,2
दबाव वाले मुकाबले में चैंपियन ने मुकाबला से पहले प्रशिक्षण पूरा किया।,neutral,sports,1
लंबे ब्रेक के बाद भारतीय टीम ने सीरीज में कमाल का खेल दिखाकर जीत दर्ज की।,positive,sports,2
धाविका के फाइनल में बेहतरीन प्रदर्शन से टीम को फायदा हुआ।,positive,sports,2
यह रंग देखने में ठीक लग रहा है।,neutral,sentihin,1
प्रशंसकों के सामने डिफेंडर ने मुकाबला में बेहतरीन खेल दिखाकर शानदार वापसी की।,positive,sports,2
इस यात्रा का अनुभव सुखद रहा,positive,sentihin,2
वह तिरस्कार भरा व्यवहार मुझे आज भी आहत करता है।,negative,sentihin,0
इवेंट निर्णायक मैच में आयोजित होगा और खिलाड़ी इसमें हिस्सा लेगा।,neutral,sports,1
इस विषय पर कोई मत व्यक्त करना मेरे लिए उचित नहीं होगा।,neutral,sentihin,1
डिफेंडर ने सेमीफाइनल में कमजोर प्रदर्शन किया और दबाव में बिखर गई।,negative,sports,0
निर्णायक मैच में डिफेंडर का लीग मैच में निराशाजनक खेल टीम पर भारी पड़ा।,negative,sports,0
दबाव वाले मुकाबले में चैंपियन ने फाइनल में कई आसान मौके गंवाए।,negative,sports,0
घरेलू मैदान पर खिलाड़ी ने दौड़ में शानदार खेल दिखाकर मुकाबला अपने नाम कर लिया।,positive,sports,2
महत्वपूर्ण मौके पर भारतीय खिलाड़ी का सेट में लचर खेल टीम पर भारी पड़ा।,negative,sports,0
लंबे ब्रेक के बाद जोड़ी ने फाइनल में जबरदस्त खेल दिखाकर महत्वपूर्ण योगदान दिया।,positive,sports,2
उसके ताने सुनकर मेरा मन बहुत आहत हुआ।,negative,sentihin,0
इस होटल का खाना खराब था,negative,sentihin,0
युवा शटलर ने मुकाबला में फीका प्रदर्शन किया और महत्वपूर्ण मौका गंवाया।,negative,sports,0
आज एथलीट ने दौड़ में बेहतरीन खेल दिखाकर मुश्किल स्थिति से बाहर निकली।,positive,sports,2
प्रशंसकों के सामने गेंदबाज ने ओवर में धमाकेदार खेल दिखाकर जीत दर्ज की।,positive,sports,2
तुम्हारे साथ बिताया हर दिन मेरे जीवन का अनमोल हिस्सा है।,positive,sentihin,2
वह प्रस्तुति बहुत शानदार रही।,positive,sentihin,2
मेरा फोन खराब हो गया है।,negative,sentihin,0
घरेलू मैदान पर युवा खिलाड़ी मैच से पहले प्रशिक्षण कर रहा है।,neutral,sports,1
प्रशंसकों के सामने कप्तान मुकाबला से पहले प्रशिक्षण कर रहा है।,neutral,sports,1
प्रशंसकों के सामने एथलीट इवेंट से पहले प्रशिक्षण कर रहा है।,neutral,sports,1
दौड़ निर्णायक मैच में आयोजित होगा और खिलाड़ी इसमें हिस्सा लेगा।,neutral,sports,1
वह मोबाइल फोन सच में कमाल का है।,positive,sentihin,2
प्रशंसकों के सामने युवा शटलर का गेम में फीका खेल टीम पर भारी पड़ा।,negative,sports,0
आज का दिन सामान्य रहा।,neutral,sentihin,1
मैच से पहले दोनों टीमों ने मैच से पहले प्रशिक्षण किया।,neutral,sports,1
सेमीफाइनल लंबे ब्रेक के बाद आयोजित होगा और फॉरवर्ड इसमें हिस्सा लेगा।,neutral,sports,1
सेमीफाइनल लगातार तीसरे मैच में आयोजित होगा और कप्तान इसमें हिस्सा लेगा।,neutral,sports,1
आज मेरे पिताजी को प्रमोशन मिला।,positive,sentihin,2
इस परिस्थिति को लेकर मेरा नजरिया अब तक स्पष्ट नहीं हुआ है।,neutral,sentihin,1
महत्वपूर्ण मौके पर गोलकीपर ने फाइनल में लाजवाब खेल दिखाकर महत्वपूर्ण योगदान दिया।,positive,sports,2
चैंपियन ने फाइनल में खराब प्रदर्शन किया और बढ़त गंवा दी।,negative,sports,0
लगातार तीसरे मैच में बल्लेबाज का रन चेज में निराश करने वाला खेल टीम पर भारी पड़ा।,negative,sports,0
मुझे इस विषय पर कोई स्पष्ट विचार नहीं आया।,neutral,sentihin,1
आज विकेटकीपर का सीरीज में निराशाजनक खेल टीम पर भारी पड़ा।,negative,sports,0
दबाव वाले मुकाबले में भारत ओवर से पहले प्रशिक्षण कर रहा है।,neutral,sports,1
भारतीय टीम ने फाइनल में बेअसर प्रदर्शन किया और उम्मीदों पर खरी नहीं उतरी।,negative,sports,0
मुझे इससे कोई फ़र्क नहीं पड़ता।,neutral,sentihin,1
मुझे इसमें कोई रोचक बात नहीं लगी,neutral,sentihin,1
मुझे इसमें कोई अंतर नहीं लगा।,neutral,sentihin,1
मुकाबला लंबे ब्रेक के बाद आयोजित होगा और गोलकीपर इसमें हिस्सा लेगा।,neutral,sports,1
कार्यशाला में उत्साहजनक माहौल रहा,positive,sentihin,2
निर्णायक मैच में खिलाड़ी लीग मैच से पहले प्रशिक्षण कर रहा है।,neutral,sports,1
घरेलू मैदान पर जोड़ी ने सेट में बेहतरीन खेल दिखाकर जीत दर्ज की।,positive,sports,2
धाविका प्रतियोगिता के लिए रणनीति पर चर्चा कर रही है।,neutral,sports,1
इस विषय में मुझे कोई खास दिलचस्पी नहीं है।,neutral,sentihin,1
महत्वपूर्ण मौके पर रेडर मुकाबला से पहले प्रशिक्षण कर रहा है।,neutral,sports,1
लंबे ब्रेक के बाद भारतीय खिलाड़ी का मुकाबला में बेअसर खेल टीम पर भारी पड़ा।,negative,sports,0
मुझे इसमें कोई उत्सुकता महसूस नहीं हुई।,neutral,sentihin,1
दबाव वाले मुकाबले में खिलाड़ी का इवेंट में फीका खेल टीम पर भारी पड़ा।,negative,sports,0
महत्वपूर्ण मौके पर बल्लेबाज ने मैच में कमाल का खेल दिखाकर जीत दर्ज की।,positive,sports,2
सेवा की गुणवत्ता औसत थी,neutral,sentihin,1
टेनिस स्टार ने फाइनल में लचर प्रदर्शन किया और लगातार गलतियां कीं।,negative,sports,0
मुझे यह काम बहुत थकाऊ लगता है।,negative,sentihin,0
डिफेंडर ने मैच में लचर प्रदर्शन किया और उम्मीदों पर खरी नहीं उतरी।,negative,sports,0
टूर्नामेंट के अहम चरण में धाविका का प्रतियोगिता में खराब खेल टीम पर भारी पड़ा।,negative,sports,0
भारतीय शटलर गेम के लिए रणनीति पर चर्चा कर रही है।,neutral,sports,1
लगातार तीसरे मैच में डिफेंडर ने मैच में कई आसान मौके गंवाए।,negative,sports,0
आज भारत ने सीरीज में शानदार खेल दिखाकर महत्वपूर्ण योगदान दिया।,positive,sports,2
घरेलू मैदान पर कप्तान मुकाबला से पहले प्रशिक्षण कर रहा है।,neutral,sports,1
प्रशंसकों के सामने भारतीय धावक ने रेस में जबरदस्त खेल दिखाकर शानदार वापसी की।,positive,sports,2
इस विषय में अभी मेरी कोई ठोस धारणा नहीं बन पाई है।,neutral,sentihin,1
निर्णायक मैच में डिफेंडर मैच से पहले प्रशिक्षण कर रहा है।,neutral,sports,1
कप्तान ने प्लेऑफ में खराब प्रदर्शन किया और दबाव में बिखर गई।,negative,sports,0
लगातार तीसरे मैच में विकेटकीपर का मुकाबला में निराशाजनक खेल टीम पर भारी पड़ा।,negative,sports,0
यह दिन मेरे लिए यादगार रहेगा।,positive,sentihin,2
मुकाबला टूर्नामेंट के अहम चरण में आयोजित होगा और युवा खिलाड़ी इसमें हिस्सा लेगा।,neutral,sports,1
इस विषय पर मेरी राय नहीं है।,neutral,sentihin,1
टूर्नामेंट के अहम चरण में डिफेंडर प्लेऑफ से पहले प्रशिक्षण कर रहा है।,neutral,sports,1
मैच प्रशंसकों के सामने आयोजित होगा और भारतीय खिलाड़ी इसमें हिस्सा लेगा।,neutral,sports,1
मुझे इस पर कुछ नहीं कहना।,neutral,sentihin,1
मुकाबला लंबे ब्रेक के बाद आयोजित होगा और बल्लेबाज इसमें हिस्सा लेगा।,neutral,sports,1
प्रशंसकों के सामने भारत ने मैच में बेहतरीन तालमेल के साथ जीत हासिल की।,positive,sports,2
लंबे ब्रेक के बाद कप्तान का मुकाबला में निराश करने वाला खेल टीम पर भारी पड़ा।,negative,sports,0
वह फिल्म शानदार अभिनय से भरपूर थी।,positive,sentihin,2
भारतीय खिलाड़ी फाइनल के लिए अगले दौर के लिए पहुंची।,neutral,sports,1
कप्तान के क्वार्टरफाइनल में उत्कृष्ट प्रदर्शन से टीम को फायदा हुआ।,positive,sports,2
आपकी मुस्कान सदा आत्मबल बढ़ाती है।,positive,sentihin,2
लीग मैच लंबे ब्रेक के बाद आयोजित होगा और क्लब इसमें हिस्सा लेगा।,neutral,sports,1
भारतीय टीम ने सीरीज के दौरान लगातार बेहतर निर्णय लिए।,positive,sports,2
लंबे ब्रेक के बाद खिलाड़ी लीग मैच से पहले प्रशिक्षण कर रहा है।,neutral,sports,1
दबाव वाले मुकाबले में भारत मैच से पहले प्रशिक्षण कर रहा है।,neutral,sports,1
दबाव वाले मुकाबले में खिलाड़ी ने प्रतियोगिता में शानदार खेल दिखाकर शानदार वापसी की।,positive,sports,2
भारतीय शटलर फाइनल के लिए टूर्नामेंट में हिस्सा ले रही है।,neutral,sports,1
महत्वपूर्ण मौके पर विकेटकीपर पारी से पहले प्रशिक्षण कर रहा है।,neutral,sports,1
इस मुकाबले में भारतीय धावक ने फाइनल में बेहतरीन खेल दिखाकर जीत दर्ज की।,positive,sports,2
टूर्नामेंट के अहम चरण में धाविका का इवेंट में निराशाजनक खेल टीम पर भारी पड़ा।,negative,sports,0
आपकी सोच सदा सकारात्मक ऊर्जा से भरपूर है।,positive,sentihin,2
टूर्नामेंट के अहम चरण में फॉरवर्ड का मैच में कमजोर खेल टीम पर भारी पड़ा।,negative,sports,0
मैंने इतनी खराब सेवा पहले कभी नहीं देखी।,negative,sentihin,0
मुझे इस पर कोई विशेष विचार नहीं है।,neutral,sentihin,1
आज डिफेंडर ने मैच में जबरदस्त खेल दिखाकर शानदार वापसी की।,positive,sports,2
लंबे ब्रेक के बाद गोलकीपर का लीग मैच में निराश करने वाला खेल टीम पर भारी पड़ा।,negative,sports,0
दबाव वाले मुकाबले में रेडर लीग मैच से पहले प्रशिक्षण कर रहा है।,neutral,sports,1
मुझे इससे कोई खास असर महसूस नहीं हुआ।,neutral,sentihin,1
युवा शटलर सेट के लिए अगले मुकाबले की तैयारी कर रही है।,neutral,sports,1
मुकाबला आज आयोजित होगा और डिफेंडर इसमें हिस्सा लेगा।,neutral,sports,1
इस विषय में मेरा रुख अभी अनिर्णीत है।,neutral,sentihin,1
कप्तान ने प्लेऑफ में फीका प्रदर्शन किया और दबाव में बिखर गई।,negative,sports,0
टूर्नामेंट के अहम चरण में कप्तान ने मुकाबला में धमाकेदार खेल दिखाकर महत्वपूर्ण योगदान दिया।,positive,sports,2
आपकी मुस्कान से सुकून मिलता है।,positive,sentihin,2
फॉरवर्ड की फाइनल में लचर रणनीति काम नहीं आई।,negative,sports,0
टेनिस स्टार ने कठिन फाइनल में धैर्य रखते हुए सफलता हासिल की।,positive,sports,2
यह सेवा केंद्र बहुत अव्यवस्थित और धीमा है।,negative,sentihin,0
निर्णायक मैच में भारतीय टीम का फाइनल में निराशाजनक खेल टीम पर भारी पड़ा।,negative,sports,0
मुकाबला निर्णायक मैच में आयोजित होगा और खिलाड़ी इसमें हिस्सा लेगा।,neutral,sports,1
टूर्नामेंट में टीम ने मुकाबला अपने नाम कर लिया।,positive,sports,2
लगातार तीसरे मैच में खिलाड़ी का इवेंट में खराब खेल टीम पर भारी पड़ा।,negative,sports,0
मुझे वहाँ का माहौल निराशाजनक लगा।,negative,sentihin,0
महत्वपूर्ण मौके पर डिफेंडर ने लीग मैच से पहले प्रशिक्षण पूरा किया।,neutral,sports,1
घरेलू मैदान पर टेनिस स्टार क्वार्टरफाइनल से पहले प्रशिक्षण कर रहा है।,neutral,sports,1
लंबे ब्रेक के बाद भारतीय टीम ने फाइनल में शानदार खेल दिखाकर मुश्किल स्थिति से बाहर निकली।,positive,sports,2
रेडर मैच के लिए मैच के लिए रवाना हुई।,neutral,sports,1
घरेलू मैदान पर युवा खिलाड़ी ने फाइनल में उत्कृष्ट खेल दिखाकर जीत दर्ज की।,positive,sports,2
बल्लेबाज ने पारी में लाजवाब प्रदर्शन करते हुए मुश्किल स्थिति से बाहर निकली।,positive,sports,2
युवा शटलर ने गेम में खराब प्रदर्शन किया और अपनी लय खो दी।,negative,sports,0
इस मुकाबले में खिलाड़ी ने मैच में कमाल का खेल दिखाकर मुश्किल स्थिति से बाहर निकली।,positive,sports,2
घरेलू मैदान पर गेंदबाज ने मुकाबला में उत्कृष्ट खेल दिखाकर दबदबा कायम रखा।,positive,sports,2
मुझे इसका स्वाद बहुत बढ़िया लगा,positive,sentihin,2
मुकाबला लगातार तीसरे मैच में आयोजित होगा और टेनिस स्टार इसमें हिस्सा लेगा।,neutral,sports,1
लंबे ब्रेक के बाद एथलीट ने इवेंट में जबरदस्त खेल दिखाकर मुकाबला अपने नाम कर लिया।,positive,sports,2
खिलाड़ी की सेट में खराब रणनीति काम नहीं आई।,negative,sports,0
जोड़ी ने फाइनल के लिए तैयारी शुरू कर दी।,neutral,sports,1
लंबे ब्रेक के बाद गोलकीपर ने मुकाबला में उत्कृष्ट खेल दिखाकर जीत दर्ज की।,positive,sports,2
लंबे ब्रेक के बाद युवा खिलाड़ी ने मुकाबला में शानदार खेल दिखाकर मुश्किल स्थिति से बाहर निकली।,positive,sports,2
महत्वपूर्ण मौके पर धाविका इवेंट से पहले प्रशिक्षण कर रहा है।,neutral,sports,1
लंबे ब्रेक के बाद कप्तान ने फाइनल में बेहतरीन खेल दिखाकर महत्वपूर्ण योगदान दिया।,positive,sports,2
मुकाबला दबाव वाले मुकाबले में आयोजित होगा और भारतीय शटलर इसमें हिस्सा लेगा।,neutral,sports,1
गोलकीपर ने सेमीफाइनल में कमजोर प्रदर्शन किया और बढ़त गंवा दी।,negative,sports,0
आज चैंपियन ने सेट से पहले प्रशिक्षण पूरा किया।,neutral,sports,1
मैं रोज़ाना किताब पढ़ता हूं।,neutral,sentihin,1
यह कपड़ा खराब क्वालिटी का है।,negative,sentihin,0
तुम्हारा समर्पण और लगन काबिल ए तारीफ है।,positive,sentihin,2
भारतीय टीम के मैच में कमाल का प्रदर्शन से टीम को फायदा हुआ।,positive,sports,2
महत्वपूर्ण मौके पर भारतीय टीम ने सेमीफाइनल में जबरदस्त खेल दिखाकर दबदबा कायम रखा।,positive,sports,2
इस मुकाबले में रेडर का प्लेऑफ में निराशाजनक खेल टीम पर भारी पड़ा।,negative,sports,0
इस विषय पर मैं कोई फैसला नहीं कर पाया हूं।,neutral,sentihin,1
इस मुकाबले में खिलाड़ी ने फाइनल में शानदार खेल दिखाकर दबदबा कायम रखा।,positive,sports,2
फॉरवर्ड ने सेमीफाइनल में बेअसर प्रदर्शन किया और उम्मीदों पर खरी नहीं उतरी।,negative,sports,0
भारतीय टीम ने मेहनत तो की लेकिन सीरीज में अपनी बढ़त गंवा दी।,negative,sports,0
इस मुद्दे पर मैं कोई फैसला नहीं ले पा रहा हूं।,neutral,sentihin,1
डिफेंडर ने फाइनल में यादगार खेल दिखाया और टीम को जीत दिलाई।,positive,sports,2
प्रतियोगिता लगातार तीसरे मैच में आयोजित होगा और एथलीट इसमें हिस्सा लेगा।,neutral,sports,1
कप्तान ने फाइनल में लचर प्रदर्शन किया और दबाव में बिखर गई।,negative,sports,0
युवा एथलीट फाइनल के लिए अभ्यास सत्र में शामिल हुई।,neutral,sports,1
यह निर्णय पूरी तरह असंतोषजनक साबित हुआ।,negative,sentihin,0
तुम्हारी दोस्ती अनमोल है।,positive,sentihin,2
युवा एथलीट ने रेस में बेअसर प्रदर्शन किया और बढ़त गंवा दी।,negative,sports,0
युवा एथलीट ने इवेंट में निराशाजनक प्रदर्शन किया और उम्मीदों पर खरी नहीं उतरी।,negative,sports,0
प्रतियोगिता निर्णायक मैच में आयोजित होगा और एथलीट इसमें हिस्सा लेगा।,neutral,sports,1
यह यात्रा बहुत खराब रही।,negative,sentihin,0
प्रशंसकों के सामने गोलकीपर ने मुकाबला में धमाकेदार खेल दिखाकर महत्वपूर्ण योगदान दिया।,positive,sports,2
लगातार तीसरे मैच में खिलाड़ी ने मैच में उत्कृष्ट खेल दिखाकर दबदबा कायम रखा।,positive,sports,2
मुझे इस विषय में कोई स्पष्ट राय नहीं है,neutral,sentihin,1
दबाव वाले मुकाबले में फॉरवर्ड ने मैच में जबरदस्त खेल दिखाकर जीत दर्ज की।,positive,sports,2
महत्वपूर्ण मौके पर युवा खिलाड़ी ने मुकाबला में उत्कृष्ट खेल दिखाकर जीत दर्ज की।,positive,sports,2
टूर्नामेंट के अहम चरण में गेंदबाज ने मुकाबला में जबरदस्त खेल दिखाकर मुश्किल स्थिति से बाहर निकली।,positive,sports,2
दबाव वाले मुकाबले में डिफेंडर ने फाइनल में यादगार खेल दिखाकर मुश्किल स्थिति से बाहर निकली।,positive,sports,2
मैं इस विषय में कोई हस्तक्षेप नहीं करूंगा।,neutral,sentihin,1
लीग मैच लंबे ब्रेक के बाद आयोजित होगा और भारतीय टीम इसमें हिस्सा लेगा।,neutral,sports,1
टूर्नामेंट के अहम चरण में खिलाड़ी ने क्वार्टरफाइनल में धमाकेदार खेल दिखाकर महत्वपूर्ण योगदान दिया।,positive,sports,2
दबाव वाले मुकाबले में भारतीय धावक का रेस में निराश करने वाला खेल टीम पर भारी पड़ा।,negative,sports,0
लीग मैच महत्वपूर्ण मौके पर आयोजित होगा और रेडर इसमें हिस्सा लेगा।,neutral,sports,1
चैंपियन ने फाइनल में असंगत प्रदर्शन किया और लगातार गलतियां कीं।,negative,sports,0
हॉकी टीम की मैच में फीका रणनीति काम नहीं आई।,negative,sports,0
महत्वपूर्ण मौके पर चैंपियन मैच से पहले प्रशिक्षण कर रहा है।,neutral,sports,1
निर्णायक मैच में भारतीय टीम ने लीग मैच में लाजवाब खेल दिखाकर लगातार अच्छा प्रदर्शन किया।,positive,sports,2
वह सेवा प्रशंसनीय रही।,positive,sentihin,2
सेवा का अनुभव संतोषजनक था,positive,sentihin,2
मुझे वहाँ की गंदगी से दुख हुआ।,negative,sentihin,0
दबाव वाले मुकाबले में भारतीय टीम का मुकाबला में निराश करने वाला खेल टीम पर भारी पड़ा।,negative,sports,0
कप्तान की सेट में कमजोर रणनीति काम नहीं आई।,negative,sports,0
खिलाड़ी ने मैच में बेहतरीन प्रदर्शन करते हुए शानदार वापसी की।,positive,sports,2
टूर्नामेंट के अहम चरण में भारत का मैच में बेअसर खेल टीम पर भारी पड़ा।,negative,sports,0
जोड़ी ने सेट में शानदार प्रदर्शन करते हुए शानदार वापसी की।,positive,sports,2
जोड़ी ने फाइनल में बेअसर प्रदर्शन किया और अपनी लय खो दी।,negative,sports,0
निर्णायक मैच में भारत ने सीरीज में धमाकेदार खेल दिखाकर लगातार अच्छा प्रदर्शन किया।,positive,sports,2
घरेलू मैदान पर जोड़ी का गेम में निराश करने वाला खेल टीम पर भारी पड़ा।,negative,sports,0
महत्वपूर्ण मौके पर जोड़ी ने फाइनल में जबरदस्त खेल दिखाकर शानदार वापसी की।,positive,sports,2
निर्णायक मैच में युवा शटलर ने फाइनल में जबरदस्त खेल दिखाकर शानदार वापसी की।,positive,sports,2
रेडर ने प्लेऑफ में निराशाजनक प्रदर्शन किया और अपनी लय खो दी।,negative,sports,0
यह खुशी मेरे चेहरे पर चमक लाती है।,positive,sentihin,2
एथलीट ने फाइनल में कमजोर प्रदर्शन किया और बढ़त गंवा दी।,negative,sports,0
मुझे इससे कोई उत्सुकता नहीं हुई।,neutral,sentihin,1
महत्वपूर्ण मौके पर गोलकीपर ने लीग मैच में उत्कृष्ट खेल दिखाकर महत्वपूर्ण योगदान दिया।,positive,sports,2
कप्तान क्वार्टरफाइनल के लिए अभ्यास सत्र में शामिल हुई।,neutral,sports,1
लगातार तीसरे मैच में कप्तान ने मुकाबला में उत्कृष्ट खेल दिखाकर मुश्किल स्थिति से बाहर निकली।,positive,sports,2
घरेलू मैदान पर भारत ने रन चेज में लाजवाब खेल दिखाकर लगातार अच्छा प्रदर्शन किया।,positive,sports,2
टूर्नामेंट के अहम चरण में विकेटकीपर ओवर से पहले प्रशिक्षण कर रहा है।,neutral,sports,1
आपका समर्थन हमेशा महत्वपूर्ण रहता है।,positive,sentihin,2
मेरे विचार इस पर स्पष्ट नहीं हैं।,neutral,sentihin,1
टूर्नामेंट के अहम चरण में भारतीय टीम ओवर से पहले प्रशिक्षण कर रहा है।,neutral,sports,1
युवा एथलीट ने प्रतियोगिता में यादगार प्रदर्शन करते हुए लगातार अच्छा प्रदर्शन किया।,positive,sports,2
टूर्नामेंट के अहम चरण में गोलकीपर ने फाइनल में उत्कृष्ट खेल दिखाकर जीत दर्ज की।,positive,sports,2
घरेलू मैदान पर डिफेंडर ने मैच से पहले प्रशिक्षण पूरा किया।,neutral,sports,1
आज भारतीय टीम ने फाइनल में जबरदस्त खेल दिखाकर लगातार अच्छा प्रदर्शन किया।,positive,sports,2
भारतीय शटलर ने फाइनल में लचर प्रदर्शन किया और बढ़त गंवा दी।,negative,sports,0
युवा शटलर मुकाबला के लिए अभ्यास सत्र में शामिल हुई।,neutral,sports,1
कप्तान लीग मैच के लिए टूर्नामेंट में हिस्सा ले रही है।,neutral,sports,1
मुझे यह नृत्य पसंद आया।,positive,sentihin,2
गेंदबाज ओवर के लिए अगले दौर के लिए पहुंची।,neutral,sports,1
भारतीय शटलर मुकाबला के लिए अभ्यास सत्र में शामिल हुई।,neutral,sports,1
फॉरवर्ड को फाइनल के लिए टीम में शामिल किया गया है।,neutral,sports,1
मेरे पिताजी आज बहुत प्रसन्न हैं।,positive,sentihin,2
घरेलू मैदान पर डिफेंडर ने फाइनल में बेहतरीन खेल दिखाकर शानदार वापसी की।,positive,sports,2
टूर्नामेंट के अहम चरण में जोड़ी ने मैच में धमाकेदार खेल दिखाकर दबदबा कायम रखा।,positive,sports,2
उसकी आलोचना ने मेरी छवि को नुकसान पहुँचाया।,negative,sentihin,0
विकेटकीपर को सीरीज के लिए टीम में शामिल किया गया है।,neutral,sports,1
आज खिलाड़ी ने प्लेऑफ में बेहतरीन खेल दिखाकर मुकाबला अपने नाम कर लिया।,positive,sports,2
युवा शटलर ने मुकाबला में निराशाजनक प्रदर्शन किया और महत्वपूर्ण मौका गंवाया।,negative,sports,0
मैच लंबे ब्रेक के बाद आयोजित होगा और भारत इसमें हिस्सा लेगा।,neutral,sports,1
आपकी उपस्थिति सुखद होती है।,positive,sentihin,2
आपकी सहायता ने मेरे आत्मविश्वास को बल दिया।,positive,sentihin,2
मुकाबला टूर्नामेंट के अहम चरण में आयोजित होगा और खिलाड़ी इसमें हिस्सा लेगा।,neutral,sports,1
लंबे ब्रेक के बाद टेनिस स्टार ने सेट से पहले प्रशिक्षण पूरा किया।,neutral,sports,1
निर्णायक मैच में जोड़ी का फाइनल में फीका खेल टीम पर भारी पड़ा।,negative,sports,0
प्रशंसकों के सामने खिलाड़ी ने गेम में यादगार खेल दिखाकर मुकाबला अपने नाम कर लिया।,positive,sports,2
मुझे यह सेवा बहुत धीमी लगी।,negative,sentihin,0
प्रशंसकों के सामने युवा शटलर ने फाइनल में यादगार खेल दिखाकर दबदबा कायम रखा।,positive,sports,2
लगातार तीसरे मैच में खिलाड़ी ने प्लेऑफ में शानदार खेल दिखाकर जीत दर्ज की।,positive,sports,2
टूर्नामेंट के अहम चरण में कप्तान मैच से पहले प्रशिक्षण कर रहा है।,neutral,sports,1
प्रशंसकों के सामने गोलकीपर ने मैच में बेहतरीन खेल दिखाकर मुश्किल स्थिति से बाहर निकली।,positive,sports,2
फोन बार बार डिसकनेक्ट हो रहा है।,negative,sentihin,0
टूर्नामेंट के अहम चरण में खिलाड़ी का मुकाबला में निराश करने वाला खेल टीम पर भारी पड़ा।,negative,sports,0
टूर्नामेंट के अहम चरण में गोलकीपर ने मुकाबला में बेहतरीन खेल दिखाकर महत्वपूर्ण योगदान दिया।,positive,sports,2
बल्लेबाज को मैच के लिए टीम में शामिल किया गया है।,neutral,sports,1
घरेलू मैदान पर खिलाड़ी ने निर्णायक क्षण में बेहतरीन प्रदर्शन किया।,positive,sports,2
घरेलू मैदान पर धाविका का फाइनल में फीका खेल टीम पर भारी पड़ा।,negative,sports,0
टूर्नामेंट के अहम चरण में भारतीय टीम मुकाबला से पहले प्रशिक्षण कर रहा है।,neutral,sports,1
दबाव वाले मुकाबले में जोड़ी ने मैच में बेहतरीन खेल दिखाकर मुकाबला अपने नाम कर लिया।,positive,sports,2
मुझे यह जगह बिल्कुल पसंद नहीं आई।,negative,sentihin,0
खिलाड़ी ने गेम में बेअसर प्रदर्शन किया और उम्मीदों पर खरी नहीं उतरी।,negative,sports,0
Aaj Player ne brilliant performance diya,positive,sports,2
रेडर ने प्लेऑफ में कमजोर प्रदर्शन किया और अपनी लय खो दी।,negative,sports,0
लगातार तीसरे मैच में भारतीय टीम का मुकाबला में खराब खेल टीम पर भारी पड़ा।,negative,sports,0
प्रशंसकों के सामने फॉरवर्ड मुकाबला से पहले प्रशिक्षण कर रहा है।,neutral,sports,1
मेरे नए जूतों की गुणवत्ता बहुत खराब है।,negative,sentihin,0
योजना पर काम धीमी गति से हुआ,negative,sentihin,0
इस मुकाबले में हॉकी टीम का लीग मैच में लचर खेल टीम पर भारी पड़ा।,negative,sports,0
कप्तान ने लीग मैच में निराश करने वाला प्रदर्शन किया और महत्वपूर्ण मौका गंवाया।,negative,sports,0
युवा शटलर ने गेम में निराशाजनक प्रदर्शन किया और अपनी लय खो दी।,negative,sports,0
फॉरवर्ड फाइनल के लिए रणनीति पर चर्चा कर रही है।,neutral,sports,1
फॉरवर्ड की टीम मैच के लिए अपनी अंतिम सूची तैयार कर रही है।,neutral,sports,1
प्रशंसकों के सामने कप्तान ने फाइनल में शानदार खेल दिखाकर लगातार अच्छा प्रदर्शन किया।,positive,sports,2
आज विकेटकीपर ने रन चेज में धमाकेदार खेल दिखाकर लगातार अच्छा प्रदर्शन किया।,positive,sports,2
टूर्नामेंट के अहम चरण में भारतीय खिलाड़ी सेट से पहले प्रशिक्षण कर रहा है।,neutral,sports,1
ओवर महत्वपूर्ण मौके पर आयोजित होगा और गेंदबाज इसमें हिस्सा लेगा।,neutral,sports,1
यह उपलब्धि मेरे जीवन की सबसे बड़ी सफलता है।,positive,sentihin,2
आपका सहयोग मेरे लिए महत्वपूर्ण है।,positive,sentihin,2
टूर्नामेंट के अहम चरण में क्लब का मैच में असंगत खेल टीम पर भारी पड़ा।,negative,sports,0
लंबे ब्रेक के बाद बल्लेबाज ने सीरीज में कई आसान मौके गंवाए।,negative,sports,0
गेम निर्णायक मैच में आयोजित होगा और भारतीय शटलर इसमें हिस्सा लेगा।,neutral,sports,1
फाइनल महत्वपूर्ण मौके पर आयोजित होगा और क्लब इसमें हिस्सा लेगा।,neutral,sports,1
यह किताब अद्भुत है।,positive,sentihin,2
इस मुकाबले में खिलाड़ी मैच से पहले प्रशिक्षण कर रहा है।,neutral,sports,1
उसकी तीखी नजरों ने मुझे बहुत असहज कर दिया।,negative,sentihin,0
इस मुकाबले में डिफेंडर ने लीग मैच में धमाकेदार खेल दिखाकर मुकाबला अपने नाम कर लिया।,positive,sports,2
इस मुकाबले में गोलकीपर ने मैच में यादगार खेल दिखाकर मुकाबला अपने नाम कर लिया।,positive,sports,2
यह सेवा पूरी तरह नाकाम रही।,negative,sentihin,0
कप्तान ने मैच में लचर प्रदर्शन किया और लगातार गलतियां कीं।,negative,sports,0
टूर्नामेंट के अहम चरण में भारत ने मैच में कमाल का खेल दिखाकर दबदबा कायम रखा।,positive,sports,2
महत्वपूर्ण मौके पर युवा खिलाड़ी का फाइनल में निराश करने वाला खेल टीम पर भारी पड़ा।,negative,sports,0
यह निर्णय मेरे लिए बेहद खराब रहा।,negative,sentihin,0
टूर्नामेंट के अहम चरण में डिफेंडर का प्लेऑफ में खराब खेल टीम पर भारी पड़ा।,negative,sports,0
निर्णायक मैच में विकेटकीपर ने पारी में बेहतरीन तालमेल के साथ जीत हासिल की।,positive,sports,2
लगातार तीसरे मैच में विकेटकीपर ने मुकाबला में धमाकेदार खेल दिखाकर लगातार अच्छा प्रदर्शन किया।,positive,sports,2
तुम्हारे प्रेरक विचार हमेशा मुझे नई राह दिखाते हैं।,positive,sentihin,2
निर्णायक मैच में जोड़ी का गेम में निराशाजनक खेल टीम पर भारी पड़ा।,negative,sports,0
सीरीज निर्णायक मैच में आयोजित होगा और बल्लेबाज इसमें हिस्सा लेगा।,neutral,sports,1
लंबे ब्रेक के बाद युवा खिलाड़ी ने मैच में लाजवाब खेल दिखाकर लगातार अच्छा प्रदर्शन किया।,positive,sports,2
लंबे ब्रेक के बाद फॉरवर्ड लीग मैच से पहले प्रशिक्षण कर रहा है।,neutral,sports,1
इवेंट टूर्नामेंट के अहम चरण में आयोजित होगा और भारतीय धावक इसमें हिस्सा लेगा।,neutral,sports,1
आपका यह काम बहुत बढ़िया है।,positive,sentihin,2
निर्णायक मैच में गोलकीपर मैच से पहले प्रशिक्षण कर रहा है।,neutral,sports,1
आपकी मुस्कान सदा सकारात्मक प्रेरणा देती है।,positive,sentihin,2
आज खिलाड़ी ने रेस में जबरदस्त खेल दिखाकर दबदबा कायम रखा।,positive,sports,2
घरेलू मैदान पर क्लब ने फाइनल में लाजवाब खेल दिखाकर शानदार वापसी की।,positive,sports,2
निर्णायक मैच में फॉरवर्ड ने लीग मैच से पहले प्रशिक्षण पूरा किया।,neutral,sports,1
यह प्रयास सफल नहीं हुआ।,negative,sentihin,0
खिलाड़ी फाइनल के लिए रणनीति पर चर्चा कर रही है।,neutral,sports,1
लगातार तीसरे मैच में भारतीय टीम का प्लेऑफ में खराब खेल टीम पर भारी पड़ा।,negative,sports,0
लंबे ब्रेक के बाद रेडर ने फाइनल से पहले प्रशिक्षण पूरा किया।,neutral,sports,1
फॉरवर्ड ने फाइनल में लाजवाब प्रदर्शन करते हुए दबदबा कायम रखा।,positive,sports,2
बारिश ने सारे प्लान बिगाड़ दिए।,negative,sentihin,0
मुकाबला लंबे ब्रेक के बाद आयोजित होगा और रेडर इसमें हिस्सा लेगा।,neutral,sports,1
दबाव वाले मुकाबले में फॉरवर्ड ने मुकाबला में यादगार खेल दिखाकर शानदार वापसी की।,positive,sports,2
घरेलू मैदान पर भारतीय खिलाड़ी ने मुकाबला में उत्कृष्ट खेल दिखाकर महत्वपूर्ण योगदान दिया।,positive,sports,2
दबाव वाले मुकाबले में भारतीय टीम का सेमीफाइनल में लचर खेल टीम पर भारी पड़ा।,negative,sports,0
इस विषय पर मेरी कोई स्पष्ट राय नहीं है।,neutral,sentihin,1
घरेलू मैदान पर भारतीय टीम ने मैच से पहले प्रशिक्षण पूरा किया।,neutral,sports,1
भारतीय खिलाड़ी ने मुकाबला के लिए नया अभ्यास कार्यक्रम शुरू किया।,neutral,sports,1
निर्णायक मैच में बल्लेबाज का सीरीज में लचर खेल टीम पर भारी पड़ा।,negative,sports,0
दबाव वाले मुकाबले में कप्तान ने मैच में कई आसान मौके गंवाए।,negative,sports,0
आपकी सोच से नई प्रेरणा मिलती है।,positive,sentihin,2
आज भारतीय शटलर ने गेम में उत्कृष्ट खेल दिखाकर दबदबा कायम रखा।,positive,sports,2
प्रशंसकों के सामने युवा खिलाड़ी क्वार्टरफाइनल से पहले प्रशिक्षण कर रहा है।,neutral,sports,1
महत्वपूर्ण मौके पर खिलाड़ी ने फाइनल से पहले प्रशिक्षण पूरा किया।,neutral,sports,1
लगातार तीसरे मैच में भारतीय खिलाड़ी का फाइनल में खराब खेल टीम पर भारी पड़ा।,negative,sports,0
महत्वपूर्ण मौके पर युवा खिलाड़ी ने फाइनल में लाजवाब खेल दिखाकर दबदबा कायम रखा।,positive,sports,2
लीग मैच इस मुकाबले में आयोजित होगा और रेडर इसमें हिस्सा लेगा।,neutral,sports,1
दौड़ टूर्नामेंट के अहम चरण में आयोजित होगा और भारतीय धावक इसमें हिस्सा लेगा।,neutral,sports,1
निर्णायक मैच में टेनिस स्टार ने क्वार्टरफाइनल में बेहतरीन खेल दिखाकर शानदार वापसी की।,positive,sports,2
फॉरवर्ड मैच के लिए मैच के लिए रवाना हुई।,neutral,sports,1
टूर्नामेंट के अहम चरण में रेडर का मैच में बेअसर खेल टीम पर भारी पड़ा।,negative,sports,0
दबाव वाले मुकाबले में कप्तान का ओवर में निराशाजनक खेल टीम पर भारी पड़ा।,negative,sports,0
यह इमारत काफी पुरानी है।,neutral,sentihin,1
मैं कल दिल्ली जाऊंगा।,neutral,sentihin,1
टूर्नामेंट के अहम चरण में युवा शटलर ने मुकाबला में धमाकेदार खेल दिखाकर शानदार वापसी की।,positive,sports,2
लगातार तीसरे मैच में गेंदबाज मुकाबला से पहले प्रशिक्षण कर रहा है।,neutral,sports,1
यह रंग ठीक लग रहा है।,neutral,sentihin,1
घरेलू मैदान पर बल्लेबाज ने मुकाबला में धमाकेदार खेल दिखाकर मुकाबला अपने नाम कर लिया।,positive,sports,2
कप्तान ने पारी में फीका प्रदर्शन किया और अपनी लय खो दी।,negative,sports,0
फाइनल लगातार तीसरे मैच में आयोजित होगा और भारतीय टीम इसमें हिस्सा लेगा।,neutral,sports,1
बल्लेबाज ने पारी में कमाल का प्रदर्शन करते हुए मुश्किल स्थिति से बाहर निकली।,positive,sports,2
लंबे ब्रेक के बाद जोड़ी का सेट में फीका खेल टीम पर भारी पड़ा।,negative,sports,0
टेनिस स्टार को मुकाबला के लिए टीम में शामिल किया गया है।,neutral,sports,1
निर्णायक मैच में चैंपियन का सेट में लचर खेल टीम पर भारी पड़ा।,negative,sports,0
मैच प्रशंसकों के सामने आयोजित होगा और टेनिस स्टार इसमें हिस्सा लेगा।,neutral,sports,1
मैच लगातार तीसरे मैच में आयोजित होगा और विकेटकीपर इसमें हिस्सा लेगा।,neutral,sports,1
इस मुकाबले में विकेटकीपर मुकाबला से पहले प्रशिक्षण कर रहा है।,neutral,sports,1
भारतीय धावक ने रेस में बेअसर प्रदर्शन किया और अपनी लय खो दी।,negative,sports,0
घरेलू मैदान पर भारतीय खिलाड़ी सेट से पहले प्रशिक्षण कर रहा है।,neutral,sports,1
रेडर लीग मैच के लिए टूर्नामेंट में हिस्सा ले रही है।,neutral,sports,1
मैं आपसे मिलकर बहुत खुश हूं।,positive,sentihin,2
भारतीय टीम ने ओवर में बेअसर प्रदर्शन किया और मुकाबला गंवा दिया।,negative,sports,0
युवा एथलीट ने दौड़ में कमाल का प्रदर्शन करते हुए शानदार वापसी की।,positive,sports,2
तुम्हारे विचारों से मैं प्रेरित हूं।,positive,sentihin,2
घरेलू मैदान पर एथलीट का प्रतियोगिता में लचर खेल टीम पर भारी पड़ा।,negative,sports,0
मैं रोज़ाना अपने लक्ष्य के बारे में सोचता हूं।,neutral,sentihin,1
लंबे ब्रेक के बाद डिफेंडर ने फाइनल में धमाकेदार खेल दिखाकर दबदबा कायम रखा।,positive,sports,2
घरेलू मैदान पर भारतीय धावक ने प्रतियोगिता में कई आसान मौके गंवाए।,negative,sports,0
हॉकी टीम ने फाइनल में निराशाजनक प्रदर्शन किया और उम्मीदों पर खरी नहीं उतरी।,negative,sports,0
सेट लगातार तीसरे मैच में आयोजित होगा और भारतीय खिलाड़ी इसमें हिस्सा लेगा।,neutral,sports,1
इस पर कुछ भी कहना मेरे लिए सहज नहीं।,neutral,sentihin,1
डिफेंडर ने मैच में फीका प्रदर्शन किया और अपनी लय खो दी।,negative,sports,0
खिलाड़ी ने फाइनल में असंगत प्रदर्शन किया और अपनी लय खो दी।,negative,sports,0
डिफेंडर ने फाइनल में असंगत प्रदर्शन किया और दबाव में बिखर गई।,negative,sports,0
फॉरवर्ड ने लीग मैच में लाजवाब प्रदर्शन करते हुए मुश्किल स्थिति से बाहर निकली।,positive,sports,2
भारतीय धावक ने रेस में फीका प्रदर्शन किया और अपनी लय खो दी।,negative,sports,0
आज रेडर ने मैच में उत्कृष्ट खेल दिखाकर दबदबा कायम रखा।,positive,sports,2
यह प्रयास व्यर्थ गया।,negative,sentihin,0
दबाव वाले मुकाबले में भारतीय टीम ने सेमीफाइनल में उत्कृष्ट खेल दिखाकर जीत दर्ज की।,positive,sports,2
लंबे ब्रेक के बाद भारतीय शटलर गेम से पहले प्रशिक्षण कर रहा है।,neutral,sports,1
फाइनल घरेलू मैदान पर आयोजित होगा और कप्तान इसमें हिस्सा लेगा।,neutral,sports,1
गेंदबाज अगले मैच से पहले कोच के साथ बैठक करेगा।,neutral,sports,1
दबाव वाले मुकाबले में भारतीय धावक ने रेस में शानदार खेल दिखाकर लगातार अच्छा प्रदर्शन किया।,positive,sports,2
खिलाड़ी की सेट में फीका रणनीति काम नहीं आई।,negative,sports,0
प्रशंसकों के सामने भारतीय टीम का सेमीफाइनल में निराश करने वाला खेल टीम पर भारी पड़ा।,negative,sports,0
एथलीट ने इवेंट में कमाल का प्रदर्शन करते हुए मुश्किल स्थिति से बाहर निकली।,positive,sports,2
आज कप्तान का मैच में निराशाजनक खेल टीम पर भारी पड़ा।,negative,sports,0
यह निर्णय मेरे लिए बेहद हानिकारक साबित हुआ।,negative,sentihin,0
लीग मैच निर्णायक मैच में आयोजित होगा और गोलकीपर इसमें हिस्सा लेगा।,neutral,sports,1
यह निर्णय असफल रहा।,negative,sentihin,0
आज जोड़ी मुकाबला से पहले प्रशिक्षण कर रहा है।,neutral,sports,1
मुकाबला आज आयोजित होगा और खिलाड़ी इसमें हिस्सा लेगा।,neutral,sports,1
खरीदारी का अनुभव औसत रहा,neutral,sentihin,1
विकेटकीपर ने सीरीज में खराब प्रदर्शन किया और महत्वपूर्ण मौका गंवाया।,negative,sports,0
मुझे वहाँ की व्यवस्था पसंद नहीं आई।,negative,sentihin,0
गेंदबाज ने सीरीज में धमाकेदार प्रदर्शन करते हुए दबदबा कायम रखा।,positive,sports,2
फाइनल प्रशंसकों के सामने आयोजित होगा और युवा खिलाड़ी इसमें हिस्सा लेगा।,neutral,sports,1
प्रशंसकों के सामने धाविका ने फाइनल से पहले प्रशिक्षण पूरा किया।,neutral,sports,1
लंबे ब्रेक के बाद धाविका का रेस में निराश करने वाला खेल टीम पर भारी पड़ा।,negative,sports,0
आज खिलाड़ी का फाइनल में कमजोर खेल टीम पर भारी पड़ा।,negative,sports,0
मुझे इससे कोई विशेष प्रभाव महसूस नहीं हुआ।,neutral,sentihin,1
मुझे यह स्थिति बहुत निराशाजनक लग रही है।,negative,sentihin,0
यह अवसर बेहद सुखद रहा।,positive,sentihin,2
भारतीय खिलाड़ी क्वार्टरफाइनल के लिए अगले दौर के लिए पहुंची।,neutral,sports,1
दबाव वाले मुकाबले में डिफेंडर ने मुकाबला में बेहतरीन खेल दिखाकर मुश्किल स्थिति से बाहर निकली।,positive,sports,2
खिलाड़ी के क्वार्टरफाइनल में शानदार प्रदर्शन से टीम को फायदा हुआ।,positive,sports,2
महत्वपूर्ण मौके पर धाविका ने प्रतियोगिता में लाजवाब खेल दिखाकर मुकाबला अपने नाम कर लिया।,positive,sports,2
दबाव वाले मुकाबले में डिफेंडर ने मैच में शानदार खेल दिखाकर लगातार अच्छा प्रदर्शन किया।,positive,sports,2
एथलीट ने इवेंट में लाजवाब खेल दिखाया और टीम को जीत दिलाई।,positive,sports,2
यह फिल्म पूरी तरह से निराशाजनक रही।,negative,sentihin,0
रेडर फाइनल के लिए रणनीति पर चर्चा कर रही है।,neutral,sports,1
प्रशंसकों के सामने गोलकीपर ने फाइनल में शानदार खेल दिखाकर महत्वपूर्ण योगदान दिया।,positive,sports,2
मुझे इससे कोई ठोस प्रतिक्रिया नहीं हुई।,neutral,sentihin,1
इस मुकाबले में फॉरवर्ड ने फाइनल में कमाल का खेल दिखाकर शानदार वापसी की।,positive,sports,2
डिफेंडर फाइनल के लिए अगले दौर के लिए पहुंची।,neutral,sports,1
आज खिलाड़ी का गेम में निराशाजनक खेल टीम पर भारी पड़ा।,negative,sports,0
लगातार तीसरे मैच में चैंपियन ने गेम से पहले प्रशिक्षण पूरा किया।,neutral,sports,1
आपकी तारीफ से आत्मविश्वास बढ़ता है।,positive,sentihin,2
एथलीट ने इवेंट में धमाकेदार प्रदर्शन करते हुए दबदबा कायम रखा।,positive,sports,2
घरेलू मैदान पर डिफेंडर ने मुकाबला में जबरदस्त खेल दिखाकर लगातार अच्छा प्रदर्शन किया।,positive,sports,2
टूर्नामेंट के अहम चरण में फॉरवर्ड ने मुकाबला में लाजवाब खेल दिखाकर जीत दर्ज की।,positive,sports,2
दबाव वाले मुकाबले में भारतीय शटलर ने सेट में शानदार खेल दिखाकर मुश्किल स्थिति से बाहर निकली।,positive,sports,2
दबाव वाले मुकाबले में गेंदबाज ने पारी में कमाल का खेल दिखाकर लगातार अच्छा प्रदर्शन किया।,positive,sports,2
यह अनुभव अत्यधिक निराशाजनक साबित हुआ।,negative,sentihin,0
प्रशंसकों के सामने कप्तान ने रन चेज में शानदार खेल दिखाकर मुकाबला अपने नाम कर लिया।,positive,sports,2
लगातार तीसरे मैच में कप्तान ने सेट में जबरदस्त खेल दिखाकर दबदबा कायम रखा।,positive,sports,2
मुकाबला आज आयोजित होगा और भारतीय टीम इसमें हिस्सा लेगा।,neutral,sports,1
तुम्हारे आत्मबल ने हर चुनौती में मुझे संभाले रखा।,positive,sentihin,2
खिलाड़ी प्रतियोगिता के लिए अगले दौर के लिए पहुंची।,neutral,sports,1
महत्वपूर्ण मौके पर फॉरवर्ड का मुकाबला में निराशाजनक खेल टीम पर भारी पड़ा।,negative,sports,0
यह अवसर बेहद लाभकारी रहा।,positive,sentihin,2
लंबे ब्रेक के बाद डिफेंडर का मुकाबला में खराब खेल टीम पर भारी पड़ा।,negative,sports,0
आज क्लब ने लीग मैच में धमाकेदार खेल दिखाकर दबदबा कायम रखा।,positive,sports,2
कप्तान की रन चेज में कमजोर रणनीति काम नहीं आई।,negative,sports,0
सीरीज इस मुकाबले में आयोजित होगा और गेंदबाज इसमें हिस्सा लेगा।,neutral,sports,1
लंबे ब्रेक के बाद कप्तान का प्लेऑफ में निराशाजनक खेल टीम पर भारी पड़ा।,negative,sports,0
इस कंपनी का काम बहुत बेहतरीन है।,positive,sentihin,2
लगातार तीसरे मैच में खिलाड़ी का इवेंट में बेअसर खेल टीम पर भारी पड़ा।,negative,sports,0
फॉरवर्ड ने मैच में बेअसर प्रदर्शन किया और अपनी लय खो दी।,negative,sports,0
भारत ओवर के लिए रणनीति पर चर्चा कर रही है।,neutral,sports,1
धाविका इवेंट के लिए अगले दौर के लिए पहुंची।,neutral,sports,1
लगातार तीसरे मैच में भारतीय टीम ने ओवर से पहले प्रशिक्षण पूरा किया।,neutral,sports,1
युवा एथलीट दौड़ के लिए प्रशिक्षण जारी रखे हुए है।,neutral,sports,1
गेंदबाज की ओवर में बेअसर रणनीति काम नहीं आई।,negative,sports,0
मैं रोज़ाना अपने बगीचे में फूल देखता हूं।,neutral,sentihin,1
खिलाड़ी प्लेऑफ के लिए रणनीति पर चर्चा कर रही है।,neutral,sports,1
दबाव वाले मुकाबले में विकेटकीपर ने मुकाबला से पहले प्रशिक्षण पूरा किया।,neutral,sports,1
हॉकी टीम ने मैच में जबरदस्त प्रदर्शन करते हुए जीत दर्ज की।,positive,sports,2
प्रशंसकों के सामने एथलीट दौड़ से पहले प्रशिक्षण कर रहा है।,neutral,sports,1
लगातार तीसरे मैच में भारतीय टीम का ओवर में फीका खेल टीम पर भारी पड़ा।,negative,sports,0
आज डिफेंडर ने मुकाबला में जबरदस्त खेल दिखाकर महत्वपूर्ण योगदान दिया।,positive,sports,2
यह अनुभव पूरी तरह विफल रहा।,negative,sentihin,0
इस फिल्म की पटकथा कमजोर थी,negative,sentihin,0
खिलाड़ी ने फाइनल में बेअसर प्रदर्शन किया और बढ़त गंवा दी।,negative,sports,0
मैं इस रेस्तरां में पहले भी खा चुका हूँ।,neutral,sentihin,1
सेट घरेलू मैदान पर आयोजित होगा और कप्तान इसमें हिस्सा लेगा।,neutral,sports,1
टूर्नामेंट के अहम चरण में खिलाड़ी का मुकाबला में खराब खेल टीम पर भारी पड़ा।,negative,sports,0
टूर्नामेंट के अहम चरण में फॉरवर्ड ने लीग मैच में बेहतरीन खेल दिखाकर महत्वपूर्ण योगदान दिया।,positive,sports,2
लगातार तीसरे मैच में खिलाड़ी ने फाइनल में जबरदस्त खेल दिखाकर मुश्किल स्थिति से बाहर निकली।,positive,sports,2
प्रशंसकों के सामने खिलाड़ी ने फाइनल में कई आसान मौके गंवाए।,negative,sports,0
घरेलू मैदान पर धाविका का इवेंट में खराब खेल टीम पर भारी पड़ा।,negative,sports,0
टूर्नामेंट के अहम चरण में जोड़ी का मुकाबला में बेअसर खेल टीम पर भारी पड़ा।,negative,sports,0
घरेलू मैदान पर फॉरवर्ड का फाइनल में निराशाजनक खेल टीम पर भारी पड़ा।,negative,sports,0
गेंदबाज ने मैच में खराब प्रदर्शन किया और महत्वपूर्ण मौका गंवाया।,negative,sports,0
प्रशंसकों के सामने फॉरवर्ड ने लीग मैच में कई आसान मौके गंवाए।,negative,sports,0
मुझे इसमें कोई दिलचस्पी नहीं।,neutral,sentihin,1
रन चेज निर्णायक मैच में आयोजित होगा और बल्लेबाज इसमें हिस्सा लेगा।,neutral,sports,1
मुकाबला इस मुकाबले में आयोजित होगा और डिफेंडर इसमें हिस्सा लेगा।,neutral,sports,1
भारतीय धावक ने रेस में असंगत प्रदर्शन किया और उम्मीदों पर खरी नहीं उतरी।,negative,sports,0
टूर्नामेंट के अहम चरण में भारतीय टीम का सेमीफाइनल में कमजोर खेल टीम पर भारी पड़ा।,negative,sports,0
यह जूता टाइट है।,negative,sentihin,0
तुम्हारे साथ बिताया हर पल मुझे यादगार लगता है और दिल को सुकून देता है।,positive,sentihin,2
महत्वपूर्ण मौके पर कप्तान ने प्लेऑफ में शानदार खेल दिखाकर मुकाबला अपने नाम कर लिया।,positive,sports,2
डिफेंडर सेमीफाइनल के लिए अगले मुकाबले की तैयारी कर रही है।,neutral,sports,1
खिलाड़ी ने मैच में निराशाजनक प्रदर्शन किया और बढ़त गंवा दी।,negative,sports,0
लगातार तीसरे मैच में युवा शटलर ने गेम में बेहतरीन खेल दिखाकर मुश्किल स्थिति से बाहर निकली।,positive,sports,2
आपकी सहायता ने इस कार्य को सफल बनाया।,positive,sentihin,2
घरेलू मैदान पर डिफेंडर ने मुकाबला में शानदार खेल दिखाकर जीत दर्ज की।,positive,sports,2
निर्णायक मैच में एथलीट ने रेस में बेहतरीन खेल दिखाकर दबदबा कायम रखा।,positive,sports,2
दबाव वाले मुकाबले में डिफेंडर ने मुकाबला में जबरदस्त खेल दिखाकर जीत दर्ज की।,positive,sports,2
निर्णायक मैच में गेंदबाज ने रन चेज में यादगार खेल दिखाकर दबदबा कायम रखा।,positive,sports,2
विकेटकीपर रन चेज के लिए अभ्यास सत्र में शामिल हुई।,neutral,sports,1
भारतीय टीम ओवर के लिए टूर्नामेंट में हिस्सा ले रही है।,neutral,sports,1
यह खबर बहुत निराशाजनक थी।,negative,sentihin,0
मुझे वहाँ की सुविधाएं असुविधाजनक लगीं।,negative,sentihin,0
यह अनुभव बहुत ही असंतोषजनक था।,negative,sentihin,0
दबाव वाले मुकाबले में गोलकीपर का मैच में निराशाजनक खेल टीम पर भारी पड़ा।,negative,sports,0
टूर्नामेंट के अहम चरण में चैंपियन सेट से पहले प्रशिक्षण कर रहा है।,neutral,sports,1
विकेटकीपर अगले मैच से पहले कोच के साथ बैठक करेगा।,neutral,sports,1
धाविका ने फाइनल में खराब प्रदर्शन किया और दबाव में बिखर गई।,negative,sports,0
आज भारतीय धावक प्रतियोगिता से पहले प्रशिक्षण कर रहा है।,neutral,sports,1
खिलाड़ी ने फाइनल में बेअसर प्रदर्शन किया और अपनी लय खो दी।,negative,sports,0
इस मुकाबले में रेडर ने प्लेऑफ से पहले प्रशिक्षण पूरा किया।,neutral,sports,1
दबाव वाले मुकाबले में कप्तान ने लीग मैच में लाजवाब खेल दिखाकर दबदबा कायम रखा।,positive,sports,2
घरेलू मैदान पर गोलकीपर ने मुकाबला में बेहतरीन खेल दिखाकर महत्वपूर्ण योगदान दिया।,positive,sports,2
आज भारत ने सीरीज में लाजवाब खेल दिखाकर महत्वपूर्ण योगदान दिया।,positive,sports,2
यह योजना एकदम नाकाम रही।,negative,sentihin,0
फॉरवर्ड ने मैच में खराब प्रदर्शन किया और दबाव में बिखर गई।,negative,sports,0
फाइनल निर्णायक मैच में आयोजित होगा और डिफेंडर इसमें हिस्सा लेगा।,neutral,sports,1
मुकाबला लंबे ब्रेक के बाद आयोजित होगा और भारतीय खिलाड़ी इसमें हिस्सा लेगा।,neutral,sports,1
लगातार तीसरे मैच में टेनिस स्टार का क्वार्टरफाइनल में बेअसर खेल टीम पर भारी पड़ा।,negative,sports,0
महत्वपूर्ण मौके पर खिलाड़ी ने मैच में लाजवाब खेल दिखाकर लगातार अच्छा प्रदर्शन किया।,positive,sports,2
यह खरीददारी पूरी तरह व्यर्थ रही।,negative,sentihin,0
टूर्नामेंट के अहम चरण में भारतीय टीम का फाइनल में फीका खेल टीम पर भारी पड़ा।,negative,sports,0
मुझे उस पर विश्वास नहीं हुआ।,negative,sentihin,0
भारतीय टीम ने रन चेज में निराश करने वाला प्रदर्शन किया और बढ़त गंवा दी।,negative,sports,0
दबाव वाले मुकाबले में खिलाड़ी लीग मैच से पहले प्रशिक्षण कर रहा है।,neutral,sports,1
गोलकीपर ने मुकाबला में यादगार प्रदर्शन करते हुए जीत दर्ज की।,positive,sports,2
खिलाड़ी प्रतियोगिता के लिए मैच के लिए रवाना हुई।,neutral,sports,1
यह अनुभव बेहद असंतोषजनक रहा।,negative,sentihin,0
फाइनल दबाव वाले मुकाबले में आयोजित होगा और भारतीय टीम इसमें हिस्सा लेगा।,neutral,sports,1
लंबे ब्रेक के बाद जोड़ी ने मैच में उत्कृष्ट खेल दिखाकर लगातार अच्छा प्रदर्शन किया।,positive,sports,2
पारी लंबे ब्रेक के बाद आयोजित होगा और भारतीय टीम इसमें हिस्सा लेगा।,neutral,sports,1
इस दुकान में सामान की विविधता कम है।,negative,sentihin,0
लंबे ब्रेक के बाद भारतीय टीम ने सेमीफाइनल में लाजवाब खेल दिखाकर मुश्किल स्थिति से बाहर निकली।,positive,sports,2
आपकी सोच बहुत सकारात्मक है।,positive,sentihin,2
लीग मैच महत्वपूर्ण मौके पर आयोजित होगा और भारतीय टीम इसमें हिस्सा लेगा।,neutral,sports,1
निर्णायक मैच में गेंदबाज सीरीज से पहले प्रशिक्षण कर रहा है।,neutral,sports,1
रेडर ने लीग मैच में असंगत प्रदर्शन किया और दबाव में बिखर गई।,negative,sports,0
भारतीय धावक रेस के लिए रणनीति पर चर्चा कर रही है।,neutral,sports,1
इस मुकाबले में खिलाड़ी ने मुकाबला में उत्कृष्ट खेल दिखाकर महत्वपूर्ण योगदान दिया।,positive,sports,2
लड़ाई की वजह से पूरा दिन खराब हो गया।,negative,sentihin,0
प्रशंसकों के सामने गोलकीपर ने मैच से पहले प्रशिक्षण पूरा किया।,neutral,sports,1
प्रशंसकों के सामने भारत ने मैच में धमाकेदार खेल दिखाकर मुश्किल स्थिति से बाहर निकली।,positive,sports,2
आज खिलाड़ी ने सेट में यादगार खेल दिखाकर मुकाबला अपने नाम कर लिया।,positive,sports,2
एथलीट के रेस में धमाकेदार प्रदर्शन से टीम को फायदा हुआ।,positive,sports,2
पारी टूर्नामेंट के अहम चरण में आयोजित होगा और बल्लेबाज इसमें हिस्सा लेगा।,neutral,sports,1
दबाव वाले मुकाबले में गोलकीपर का मैच में फीका खेल टीम पर भारी पड़ा।,negative,sports,0
दबाव वाले मुकाबले में युवा एथलीट का फाइनल में असंगत खेल टीम पर भारी पड़ा।,negative,sports,0
प्रशंसकों के सामने खिलाड़ी ने मुकाबला से पहले प्रशिक्षण पूरा किया।,neutral,sports,1
घरेलू मैदान पर भारतीय धावक ने दौड़ में लाजवाब खेल दिखाकर जीत दर्ज की।,positive,sports,2
यात्रा के अनुभव पर कोई विशेष राय नहीं बन पाई,neutral,sentihin,1
आज डिफेंडर ने मैच में धमाकेदार खेल दिखाकर मुश्किल स्थिति से बाहर निकली।,positive,sports,2
लीग मैच टूर्नामेंट के अहम चरण में आयोजित होगा और रेडर इसमें हिस्सा लेगा।,neutral,sports,1
महत्वपूर्ण मौके पर टेनिस स्टार फाइनल से पहले प्रशिक्षण कर रहा है।,neutral,sports,1
यह सेवा पूरी तरह असफल रही।,negative,sentihin,0
इस विषय पर मेरी राय स्पष्ट नहीं है।,neutral,sentihin,1
टूर्नामेंट के अहम चरण में धाविका ने फाइनल में कमाल का खेल दिखाकर जीत दर्ज की।,positive,sports,2
लगातार तीसरे मैच में भारतीय टीम मैच से पहले प्रशिक्षण कर रहा है।,neutral,sports,1
मुकाबला लगातार तीसरे मैच में आयोजित होगा और गोलकीपर इसमें हिस्सा लेगा।,neutral,sports,1
आज भारतीय खिलाड़ी ने मैच से पहले प्रशिक्षण पूरा किया।,neutral,sports,1
घरेलू मैदान पर बल्लेबाज का सीरीज में लचर खेल टीम पर भारी पड़ा।,negative,sports,0
दबाव वाले मुकाबले में कप्तान का प्लेऑफ में लचर खेल टीम पर भारी पड़ा।,negative,sports,0
खिलाड़ी ने सेट में बेअसर प्रदर्शन किया और उम्मीदों पर खरी नहीं उतरी।,negative,sports,0
महत्वपूर्ण मौके पर युवा एथलीट ने फाइनल में उत्कृष्ट खेल दिखाकर मुश्किल स्थिति से बाहर निकली।,positive,sports,2
टूर्नामेंट के अहम चरण में युवा एथलीट ने दौड़ में उत्कृष्ट खेल दिखाकर महत्वपूर्ण योगदान दिया।,positive,sports,2
चैंपियन गेम के लिए अगले मुकाबले की तैयारी कर रही है।,neutral,sports,1
मैं अपने कार्यालय में काम करता हूं।,neutral,sentihin,1
लंबे ब्रेक के बाद कप्तान ने फाइनल में धमाकेदार खेल दिखाकर मुश्किल स्थिति से बाहर निकली।,positive,sports,2
फॉरवर्ड मुकाबला के लिए अगले दौर के लिए पहुंची।,neutral,sports,1
लगातार तीसरे मैच में फॉरवर्ड का फाइनल में बेअसर खेल टीम पर भारी पड़ा।,negative,sports,0
भारतीय टीम ने सीरीज के लिए नया अभ्यास कार्यक्रम शुरू किया।,neutral,sports,1
दबाव वाले मुकाबले में भारतीय खिलाड़ी का फाइनल में लचर खेल टीम पर भारी पड़ा।,negative,sports,0
घरेलू मैदान पर कप्तान ने फाइनल में कमाल का खेल दिखाकर मुकाबला अपने नाम कर लिया।,positive,sports,2
दबाव वाले मुकाबले में गेंदबाज ने मुकाबला से पहले प्रशिक्षण पूरा किया।,neutral,sports,1
दबाव वाले मुकाबले में फॉरवर्ड ने सेमीफाइनल में कमाल का खेल दिखाकर जीत दर्ज की।,positive,sports,2
घरेलू मैदान पर डिफेंडर लीग मैच से पहले प्रशिक्षण कर रहा है।,neutral,sports,1
भारतीय शटलर मुकाबला के लिए मैच के लिए रवाना हुई।,neutral,sports,1
प्रशंसकों के सामने अगले दौर का कार्यक्रम आयोजकों ने जारी किया।,neutral,sports,1
यह निर्णय पूरी तरह से असफल साबित हुआ।,negative,sentihin,0
इस मुकाबले में एथलीट दौड़ से पहले प्रशिक्षण कर रहा है।,neutral,sports,1
आपकी बातों ने मेरी सोच बदल दी।,positive,sentihin,2
वह फिल्म सुखद अनुभव रही।,positive,sentihin,2
टूर्नामेंट के अहम चरण में खिलाड़ी ने मैच में शानदार खेल दिखाकर जीत दर्ज की।,positive,sports,2
इस विषय में कोई भी पक्ष लेना उचित नहीं समझता।,neutral,sentihin,1
लंबे ब्रेक के बाद फॉरवर्ड ने मैच में लाजवाब खेल दिखाकर शानदार वापसी की।,positive,sports,2
कप्तान ने मुकाबला में असंगत प्रदर्शन किया और मुकाबला गंवा दिया।,negative,sports,0
महत्वपूर्ण मौके पर भारतीय धावक ने दौड़ में बेहतरीन तालमेल के साथ जीत हासिल की।,positive,sports,2
कप्तान ने फाइनल में निराशाजनक प्रदर्शन किया और अपनी लय खो दी।,negative,sports,0
मैं इस स्थिति से डरा हुआ हूं।,negative,sentihin,0
प्रशंसकों के सामने एथलीट ने रेस में कमाल का खेल दिखाकर शानदार वापसी की।,positive,sports,2
यह जगह मेरे लिए स्वर्ग है।,positive,sentihin,2
मुझे इस मुद्दे पर कोई खास राय नहीं है।,neutral,sentihin,1
निर्णायक मैच में गोलकीपर का मैच में लचर खेल टीम पर भारी पड़ा।,negative,sports,0
लंबे ब्रेक के बाद भारतीय टीम ने लीग मैच में लाजवाब खेल दिखाकर मुकाबला अपने नाम कर लिया।,positive,sports,2
दबाव वाले मुकाबले में भारतीय शटलर ने फाइनल में शानदार खेल दिखाकर शानदार वापसी की।,positive,sports,2
प्रशंसकों के सामने खिलाड़ी ने मैच में धमाकेदार खेल दिखाकर मुश्किल स्थिति से बाहर निकली।,positive,sports,2
यह यात्रा पूरी तरह बेकार थी।,negative,sentihin,0
उसकी बातें अपमानजनक थीं।,negative,sentihin,0
इस मुकाबले में एथलीट का दौड़ में निराशाजनक खेल टीम पर भारी पड़ा।,negative,sports,0
मेरा फोन बार बार हैंग हो जाता है।,negative,sentihin,0
फाइनल महत्वपूर्ण मौके पर आयोजित होगा और गोलकीपर इसमें हिस्सा लेगा।,neutral,sports,1
प्रशंसकों के सामने गोलकीपर ने मुकाबला में शानदार खेल दिखाकर लगातार अच्छा प्रदर्शन किया।,positive,sports,2
दबाव वाले मुकाबले में एथलीट दौड़ से पहले प्रशिक्षण कर रहा है।,neutral,sports,1
भारतीय धावक ने रेस में कमजोर प्रदर्शन किया और बढ़त गंवा दी।,negative,sports,0
लंबे ब्रेक के बाद डिफेंडर ने सेमीफाइनल में धमाकेदार खेल दिखाकर मुश्किल स्थिति से बाहर निकली।,positive,sports,2
गेम लगातार तीसरे मैच में आयोजित होगा और खिलाड़ी इसमें हिस्सा लेगा।,neutral,sports,1
यह काम बहुत निराशाजनक साबित हुआ।,negative,sentihin,0
दबाव वाले मुकाबले में एथलीट ने प्रतियोगिता में लाजवाब खेल दिखाकर मुश्किल स्थिति से बाहर निकली।,positive,sports,2
धाविका दौड़ के लिए अगले मुकाबले की तैयारी कर रही है।,neutral,sports,1
मैच निर्णायक मैच में आयोजित होगा और टेनिस स्टार इसमें हिस्सा लेगा।,neutral,sports,1
आपका सहयोग सदा प्रशंसनीय रहेगा।,positive,sentihin,2
उसकी बातें कटु थीं।,negative,sentihin,0
सेमीफाइनल टूर्नामेंट के अहम चरण में आयोजित होगा और भारतीय टीम इसमें हिस्सा लेगा।,neutral,sports,1
भारत ने ओवर में फीका प्रदर्शन किया और उम्मीदों पर खरी नहीं उतरी।,negative,sports,0
यह ऐप बहुत धीमा और बग्स से भरा है।,negative,sentihin,0
प्रशंसकों के सामने गेंदबाज ने ओवर में बेहतरीन खेल दिखाकर महत्वपूर्ण योगदान दिया।,positive,sports,2
जोड़ी ने फाइनल में यादगार प्रदर्शन करते हुए महत्वपूर्ण योगदान दिया।,positive,sports,2
आज क्लब सेमीफाइनल से पहले प्रशिक्षण कर रहा है।,neutral,sports,1
प्रशंसकों के सामने भारतीय टीम का मुकाबला में निराशाजनक खेल टीम पर भारी पड़ा।,negative,sports,0
आपकी मदद से यह काम संभव हो पाया।,positive,sentihin,2
मुकाबला निर्णायक मैच में आयोजित होगा और भारतीय शटलर इसमें हिस्सा लेगा।,neutral,sports,1
आपके विचार प्रेरणादायक हैं।,positive,sentihin,2
भारतीय खिलाड़ी ने फाइनल में शानदार प्रदर्शन करते हुए दबदबा कायम रखा।,positive,sports,2
लंबे ब्रेक के बाद हॉकी टीम ने मैच में लाजवाब खेल दिखाकर महत्वपूर्ण योगदान दिया।,positive,sports,2
यह अनुभव बेहद दुखद था।,negative,sentihin,0
डिफेंडर लीग मैच के लिए अगले मुकाबले की तैयारी कर रही है।,neutral,sports,1
लगातार तीसरे मैच में टेनिस स्टार मैच से पहले प्रशिक्षण कर रहा है।,neutral,sports,1
घरेलू मैदान पर डिफेंडर ने मुकाबला में शानदार खेल दिखाकर शानदार वापसी की।,positive,sports,2
तुम्हारी प्रशंसा में शब्द कम पड़ जाते हैं।,positive,sentihin,2
घरेलू मैदान पर भारतीय धावक फाइनल से पहले प्रशिक्षण कर रहा है।,neutral,sports,1
इस मुकाबले में डिफेंडर ने सेमीफाइनल से पहले प्रशिक्षण पूरा किया।,neutral,sports,1
मेरा इस मुद्दे पर कोई पक्ष नहीं है।,neutral,sentihin,1
यह अनुभव पूरी तरह बेकार था।,negative,sentihin,0
जोड़ी फाइनल के लिए प्रशिक्षण जारी रखे हुए है।,neutral,sports,1
टूर्नामेंट के अहम चरण में भारतीय खिलाड़ी ने क्वार्टरफाइनल में शानदार खेल दिखाकर मुश्किल स्थिति से बाहर निकली।,positive,sports,2
निर्णायक मैच में डिफेंडर लीग मैच से पहले प्रशिक्षण कर रहा है।,neutral,sports,1
आज खिलाड़ी ने प्रतियोगिता में उत्कृष्ट खेल दिखाकर जीत दर्ज की।,positive,sports,2
महत्वपूर्ण मौके पर खिलाड़ी ने लीग मैच से पहले प्रशिक्षण पूरा किया।,neutral,sports,1
प्रशंसकों के सामने खिलाड़ी ने इवेंट में शानदार खेल दिखाकर मुकाबला अपने नाम कर लिया।,positive,sports,2
मैच से पहले खिलाड़ियों ने सुबह अभ्यास सत्र में हिस्सा लिया।,neutral,sports,1
घरेलू मैदान पर भारतीय टीम मुकाबला से पहले प्रशिक्षण कर रहा है।,neutral,sports,1
यह यात्रा पूरी तरह बेकार रही।,negative,sentihin,0
मुकाबला घरेलू मैदान पर आयोजित होगा और खिलाड़ी इसमें हिस्सा लेगा।,neutral,sports,1
आज गोलकीपर ने मुकाबला में शानदार खेल दिखाकर महत्वपूर्ण योगदान दिया।,positive,sports,2
महत्वपूर्ण मौके पर खिलाड़ी का लीग मैच में निराश करने वाला खेल टीम पर भारी पड़ा।,negative,sports,0
डिफेंडर ने फाइनल के लिए नया अभ्यास कार्यक्रम शुरू किया।,neutral,sports,1
युवा शटलर ने मुकाबला में कमाल का प्रदर्शन करते हुए मुकाबला अपने नाम कर लिया।,positive,sports,2
लगातार तीसरे मैच में खिलाड़ी रेस से पहले प्रशिक्षण कर रहा है।,neutral,sports,1
दबाव वाले मुकाबले में युवा खिलाड़ी मुकाबला से पहले प्रशिक्षण कर रहा है।,neutral,sports,1
इस समारोह का आयोजन बहुत शानदार था।,positive,sentihin,2
निर्णायक मैच में कप्तान ने सेट में उत्कृष्ट खेल दिखाकर दबदबा कायम रखा।,positive,sports,2
घरेलू मैदान पर एथलीट ने प्रतियोगिता में शानदार खेल दिखाकर दबदबा कायम रखा।,positive,sports,2
टूर्नामेंट के अहम चरण में भारतीय धावक ने प्रतियोगिता में धमाकेदार खेल दिखाकर मुश्किल स्थिति से बाहर निकली।,positive,sports,2
इस मुद्दे पर कोई ठोस मत नहीं है।,neutral,sentihin,1
महत्वपूर्ण मौके पर एथलीट का दौड़ में बेअसर खेल टीम पर भारी पड़ा।,negative,sports,0
आपका समर्थन हमेशा उत्साहवर्धक होता है।,positive,sentihin,2
दबाव वाले मुकाबले में चैंपियन ने सेट में लाजवाब खेल दिखाकर शानदार वापसी की।,positive,sports,2
धाविका ने रेस में लाजवाब प्रदर्शन करते हुए दबदबा कायम रखा।,positive,sports,2
महत्वपूर्ण मौके पर युवा शटलर ने सेट से पहले प्रशिक्षण पूरा किया।,neutral,sports,1
पुस्तक पढ़ने लायक नहीं लगी,negative,sentihin,0
दबाव वाले मुकाबले में खिलाड़ी का फाइनल में निराश करने वाला खेल टीम पर भारी पड़ा।,negative,sports,0
इस मुकाबले में खिलाड़ी ने मैच में बेहतरीन खेल दिखाकर लगातार अच्छा प्रदर्शन किया।,positive,sports,2
टूर्नामेंट के अहम चरण में भारत पारी से पहले प्रशिक्षण कर रहा है।,neutral,sports,1
जोड़ी ने मुकाबला के लिए तैयारी शुरू कर दी।,neutral,sports,1
टूर्नामेंट के अहम चरण में भारतीय टीम ने मुकाबला में जबरदस्त खेल दिखाकर महत्वपूर्ण योगदान दिया।,positive,sports,2
आज कप्तान ने मैच में लाजवाब खेल दिखाकर महत्वपूर्ण योगदान दिया।,positive,sports,2
ओवर निर्णायक मैच में आयोजित होगा और विकेटकीपर इसमें हिस्सा लेगा।,neutral,sports,1
इस मुकाबले में डिफेंडर का फाइनल में फीका खेल टीम पर भारी पड़ा।,negative,sports,0
लगातार तीसरे मैच में भारतीय टीम ने फाइनल से पहले प्रशिक्षण पूरा किया।,neutral,sports,1
रेडर ने मैच में निराश करने वाला प्रदर्शन किया और मुकाबला गंवा दिया।,negative,sports,0
लगातार तीसरे मैच में युवा खिलाड़ी फाइनल से पहले प्रशिक्षण कर रहा है।,neutral,sports,1
चैंपियन ने फाइनल में असंगत प्रदर्शन किया और मुकाबला गंवा दिया।,negative,sports,0
डिफेंडर ने लीग मैच के लिए नया अभ्यास कार्यक्रम शुरू किया।,neutral,sports,1
यह प्रोडक्ट मेरी उम्मीदों पर खरा उतरा,positive,sentihin,2
मुझे यह किताब औसत लगी।,neutral,sentihin,1
लगातार तीसरे मैच में युवा खिलाड़ी मुकाबला से पहले प्रशिक्षण कर रहा है।,neutral,sports,1
मुकाबला लगातार तीसरे मैच में आयोजित होगा और भारतीय शटलर इसमें हिस्सा लेगा।,neutral,sports,1
रेडर ने मुकाबला में असंगत प्रदर्शन किया और मुकाबला गंवा दिया।,negative,sports,0
लगातार तीसरे मैच में क्लब ने लीग मैच में बेहतरीन तालमेल के साथ जीत हासिल की।,positive,sports,2
मुझे यह काम बहुत निराशाजनक लग रहा है।,negative,sentihin,0
आज कप्तान का रन चेज में निराश करने वाला खेल टीम पर भारी पड़ा।,negative,sports,0
खिलाड़ी ने प्लेऑफ में कमजोर प्रदर्शन किया और मुकाबला गंवा दिया।,negative,sports,0
घरेलू मैदान पर गेंदबाज ने सीरीज में लाजवाब खेल दिखाकर लगातार अच्छा प्रदर्शन किया।,positive,sports,2
प्रशंसकों के सामने खिलाड़ी लगातार अपनी लय खोते रहे।,negative,sports,0
भारतीय शटलर ने सेट में धमाकेदार प्रदर्शन करते हुए शानदार वापसी की।,positive,sports,2
फॉरवर्ड का कमजोर प्रदर्शन लीग मैच में हार का कारण बना।,negative,sports,0
इस मुद्दे पर मेरी सोच अभी अधूरी है।,neutral,sentihin,1
इस मुकाबले में युवा खिलाड़ी का सेट में खराब खेल टीम पर भारी पड़ा।,negative,sports,0
कप्तान ने मुकाबला में लाजवाब प्रदर्शन करते हुए मुश्किल स्थिति से बाहर निकली।,positive,sports,2
सेमीफाइनल लगातार तीसरे मैच में आयोजित होगा और क्लब इसमें हिस्सा लेगा।,neutral,sports,1
मुझे इसमें कोई विशेष रुचि नहीं है।,neutral,sentihin,1
मुझे यह किताब पढ़कर बहुत निराशा हुई।,negative,sentihin,0
भारतीय शटलर ने फाइनल में बेअसर प्रदर्शन किया और लगातार गलतियां कीं।,negative,sports,0
निर्णायक मैच में गोलकीपर फाइनल से पहले प्रशिक्षण कर रहा है।,neutral,sports,1
लंबे ब्रेक के बाद खिलाड़ी का मुकाबला में बेअसर खेल टीम पर भारी पड़ा।,negative,sports,0
डिफेंडर ने फाइनल में खराब प्रदर्शन किया और उम्मीदों पर खरी नहीं उतरी।,negative,sports,0
विकेटकीपर ने मैच में लचर प्रदर्शन किया और बढ़त गंवा दी।,negative,sports,0
लगातार तीसरे मैच में डिफेंडर ने मैच में शानदार खेल दिखाकर मुकाबला अपने नाम कर लिया।,positive,sports,2
भारतीय टीम के लीग मैच में यादगार प्रदर्शन से टीम को फायदा हुआ।,positive,sports,2
गोलकीपर मैच के लिए अभ्यास सत्र में शामिल हुई।,neutral,sports,1
यह निर्णय एकदम गलत था।,negative,sentihin,0
मुकाबला लगातार तीसरे मैच में आयोजित होगा और गेंदबाज इसमें हिस्सा लेगा।,neutral,sports,1
महत्वपूर्ण मौके पर जोड़ी का गेम में लचर खेल टीम पर भारी पड़ा।,negative,sports,0
लीग मैच निर्णायक मैच में आयोजित होगा और हॉकी टीम इसमें हिस्सा लेगा।,neutral,sports,1
मुझे इसमें कोई असुविधा नहीं हुई,positive,sentihin,2
भारतीय टीम ने लीग मैच में कमजोर प्रदर्शन किया और महत्वपूर्ण मौका गंवाया।,negative,sports,0
टूर्नामेंट के अहम चरण में धाविका का रेस में खराब खेल टीम पर भारी पड़ा।,negative,sports,0
टूर्नामेंट के अहम चरण में गेंदबाज ने मैच से पहले प्रशिक्षण पूरा किया।,neutral,sports,1
प्रशंसकों के सामने भारतीय टीम का ओवर में असंगत खेल टीम पर भारी पड़ा।,negative,sports,0
दबाव वाले मुकाबले में खिलाड़ी का क्वार्टरफाइनल में कमजोर खेल टीम पर भारी पड़ा।,negative,sports,0
दबाव वाले मुकाबले में कप्तान का मैच में निराश करने वाला खेल टीम पर भारी पड़ा।,negative,sports,0
प्रशंसकों के सामने कप्तान का फाइनल में निराशाजनक खेल टीम पर भारी पड़ा।,negative,sports,0
युवा शटलर ने मैच में निराशाजनक प्रदर्शन किया और अपनी लय खो दी।,negative,sports,0
आपकी सोच हमेशा प्रेरणा का स्रोत रहती है।,positive,sentihin,2
फॉरवर्ड ने मुकाबला में बेअसर प्रदर्शन किया और दबाव में बिखर गई।,negative,sports,0
महत्वपूर्ण मौके पर बल्लेबाज का ओवर में फीका खेल टीम पर भारी पड़ा।,negative,sports,0
घरेलू मैदान पर कप्तान का मुकाबला में कमजोर खेल टीम पर भारी पड़ा।,negative,sports,0
टूर्नामेंट के अहम चरण में भारतीय टीम ने मैच में कमाल का खेल दिखाकर लगातार अच्छा प्रदर्शन किया।,positive,sports,2
भारतीय टीम ने मैच में कमजोर खेल दिखाया और टीम को नुकसान हुआ।,negative,sports,0
खिलाड़ी लीग मैच के लिए अगले मुकाबले की तैयारी कर रही है।,neutral,sports,1
दबाव वाले मुकाबले में खिलाड़ी प्रतियोगिता से पहले प्रशिक्षण कर रहा है।,neutral,sports,1
प्रशंसकों के सामने भारतीय टीम का मुकाबला में बेअसर खेल टीम पर भारी पड़ा।,negative,sports,0
महत्वपूर्ण मौके पर खिलाड़ी का फाइनल में असंगत खेल टीम पर भारी पड़ा।,negative,sports,0
युवा खिलाड़ी ने मैच में खराब प्रदर्शन किया और उम्मीदों पर खरी नहीं उतरी।,negative,sports,0
टेनिस स्टार मैच के लिए टूर्नामेंट में हिस्सा ले रही है।,neutral,sports,1
मुझे इसमें कोई विशेष बदलाव नहीं दिखा।,neutral,sentihin,1
प्रशंसकों के सामने युवा एथलीट ने रेस में धमाकेदार खेल दिखाकर लगातार अच्छा प्रदर्शन किया।,positive,sports,2
आपकी मुस्कान से मन को प्रसन्नता मिलती है।,positive,sentihin,2
मुझे इसमें कोई नई बात नहीं दिखी,neutral,sentihin,1
इस मुकाबले में धाविका ने प्रतियोगिता में शानदार खेल दिखाकर शानदार वापसी की।,positive,sports,2
प्रशंसकों के सामने कप्तान ने मैच में धमाकेदार खेल दिखाकर महत्वपूर्ण योगदान दिया।,positive,sports,2
मुझे इसमें कोई नया अनुभव महसूस नहीं हुआ।,neutral,sentihin,1
प्रशंसकों के सामने जोड़ी मैच से पहले प्रशिक्षण कर रहा है।,neutral,sports,1
सुबह के सत्र में खिलाड़ी ने आज मैदान पर आग लगा दी।,positive,sports,2
सेट आज आयोजित होगा और टेनिस स्टार इसमें हिस्सा लेगा।,neutral,sports,1
महत्वपूर्ण मौके पर गोलकीपर का लीग मैच में लचर खेल टीम पर भारी पड़ा।,negative,sports,0
मैं रोज़ाना बागवानी करता हूं।,neutral,sentihin,1
इस मुकाबले में डिफेंडर ने फाइनल में शानदार खेल दिखाकर महत्वपूर्ण योगदान दिया।,positive,sports,2
महत्वपूर्ण मौके पर भारतीय टीम का मैच में खराब खेल टीम पर भारी पड़ा।,negative,sports,0
कंपनी ने अच्छी सुविधा उपलब्ध कराई,positive,sentihin,2
क्लब ने मैच में कमजोर प्रदर्शन किया और लगातार गलतियां कीं।,negative,sports,0
इवेंट आज आयोजित होगा और युवा एथलीट इसमें हिस्सा लेगा।,neutral,sports,1
टूर्नामेंट के अहम चरण में भारतीय शटलर ने मुकाबला में जबरदस्त खेल दिखाकर महत्वपूर्ण योगदान दिया।,positive,sports,2
आज हॉकी टीम का सेमीफाइनल में लचर खेल टीम पर भारी पड़ा।,negative,sports,0
आज गोलकीपर ने लीग मैच में लाजवाब खेल दिखाकर शानदार वापसी की।,positive,sports,2
प्रतियोगिता प्रशंसकों के सामने आयोजित होगा और धाविका इसमें हिस्सा लेगा।,neutral,sports,1
मुझे इस मुद्दे पर कोई ठोस प्रतिक्रिया नहीं है।,neutral,sentihin,1
टूर्नामेंट के अहम चरण में भारतीय टीम ने सेमीफाइनल में यादगार खेल दिखाकर जीत दर्ज की।,positive,sports,2
मुझे यह व्यवस्था बहुत खराब लगती है।,negative,sentihin,0
इस मुकाबले में युवा खिलाड़ी सेट से पहले प्रशिक्षण कर रहा है।,neutral,sports,1
यह खबर दुखद रही।,negative,sentihin,0
टूर्नामेंट के अहम चरण में एथलीट ने फाइनल में यादगार खेल दिखाकर शानदार वापसी की।,positive,sports,2
मेरी उम्र पैंतीस साल है।,neutral,sentihin,1
मुझे यह नई नीति समझ में नहीं आई।,negative,sentihin,0
डिफेंडर ने प्लेऑफ में असंगत प्रदर्शन किया और लगातार गलतियां कीं।,negative,sports,0
मुझे इसमें कोई विशेष बात महसूस नहीं हुई।,neutral,sentihin,1
आज गुरुवार है।,neutral,sentihin,1
इस मुकाबले में फॉरवर्ड ने फाइनल में धमाकेदार खेल दिखाकर जीत दर्ज की।,positive,sports,2
घरेलू मैदान पर हॉकी टीम ने मुकाबला में शानदार खेल दिखाकर दबदबा कायम रखा।,positive,sports,2
प्रशंसकों के सामने कप्तान ने सेट में कई आसान मौके गंवाए।,negative,sports,0
लंबे ब्रेक के बाद रेडर मैच से पहले प्रशिक्षण कर रहा है।,neutral,sports,1
इस मुकाबले में कप्तान ने फाइनल में बेहतरीन खेल दिखाकर दबदबा कायम रखा।,positive,sports,2
तुम्हारे साथ बिताए पलों की यादें आज भी मन को सुकून देती हैं।,positive,sentihin,2
कप्तान ने फाइनल में बेअसर प्रदर्शन किया और लगातार गलतियां कीं।,negative,sports,0
निर्णायक मैच में क्लब ने सेमीफाइनल में बेहतरीन खेल दिखाकर दबदबा कायम रखा।,positive,sports,2
भारत ने रन चेज में बेअसर प्रदर्शन किया और मुकाबला गंवा दिया।,negative,sports,0
Match se pehle Players pressure mein bikhar gaye,negative,sports,0
आज मैंने एक अच्छी फिल्म देखी।,positive,sentihin,2
टूर्नामेंट के अहम चरण में युवा खिलाड़ी मैच से पहले प्रशिक्षण कर रहा है।,neutral,sports,1
दबाव वाले मुकाबले में भारतीय टीम ने प्लेऑफ में धमाकेदार खेल दिखाकर दबदबा कायम रखा।,positive,sports,2
बल्लेबाज ने रन चेज के लिए नया अभ्यास कार्यक्रम शुरू किया।,neutral,sports,1
मैं इस बारे में कोई राय नहीं रखता।,neutral,sentihin,1
प्लेऑफ घरेलू मैदान पर आयोजित होगा और खिलाड़ी इसमें हिस्सा लेगा।,neutral,sports,1
युवा खिलाड़ी ने सेट में असंगत प्रदर्शन किया और दबाव में बिखर गई।,negative,sports,0
महत्वपूर्ण मौके पर चैंपियन ने मैच में धमाकेदार खेल दिखाकर मुकाबला अपने नाम कर लिया।,positive,sports,2
आपका व्यवहार दिल को छू गया।,positive,sentihin,2
घरेलू मैदान पर डिफेंडर ने लीग मैच से पहले प्रशिक्षण पूरा किया।,neutral,sports,1
घरेलू मैदान पर रेडर ने फाइनल में उत्कृष्ट खेल दिखाकर शानदार वापसी की।,positive,sports,2
प्रशंसकों के सामने डिफेंडर ने मैच में शानदार खेल दिखाकर मुश्किल स्थिति से बाहर निकली।,positive,sports,2
निर्णायक मैच में युवा खिलाड़ी ने सेट में जबरदस्त खेल दिखाकर मुकाबला अपने नाम कर लिया।,positive,sports,2
भारत ने पारी में कमजोर प्रदर्शन किया और मुकाबला गंवा दिया।,negative,sports,0
लंबे ब्रेक के बाद कप्तान ने सेट में लाजवाब खेल दिखाकर मुश्किल स्थिति से बाहर निकली।,positive,sports,2
गोलकीपर फाइनल के लिए अगले मुकाबले की तैयारी कर रही है।,neutral,sports,1
टूर्नामेंट के अहम चरण में धाविका इवेंट से पहले प्रशिक्षण कर रहा है।,neutral,sports,1
उसकी मदद से मेरा काम आसान हो गया।,positive,sentihin,2
लगातार तीसरे मैच में भारत का पारी में असंगत खेल टीम पर भारी पड़ा।,negative,sports,0
बच्चे पार्क में खेल रहे हैं।,neutral,sentihin,1
निर्णायक मैच में युवा एथलीट ने दौड़ में जबरदस्त खेल दिखाकर लगातार अच्छा प्रदर्शन किया।,positive,sports,2
फाइनल निर्णायक मैच में आयोजित होगा और युवा खिलाड़ी इसमें हिस्सा लेगा।,neutral,sports,1
मुझे यह प्रोडक्ट बहुत घटिया लगा।,negative,sentihin,0
सेट निर्णायक मैच में आयोजित होगा और खिलाड़ी इसमें हिस्सा लेगा।,neutral,sports,1
मुझे इससे कोई परेशानी नहीं।,neutral,sentihin,1
दबाव वाले मुकाबले में टेनिस स्टार फाइनल से पहले प्रशिक्षण कर रहा है।,neutral,sports,1
महत्वपूर्ण मौके पर भारतीय टीम ने लीग मैच में उत्कृष्ट खेल दिखाकर महत्वपूर्ण योगदान दिया।,positive,sports,2
प्रतियोगिता दबाव वाले मुकाबले में आयोजित होगा और भारतीय धावक इसमें हिस्सा लेगा।,neutral,sports,1
फाइनल घरेलू मैदान पर आयोजित होगा और एथलीट इसमें हिस्सा लेगा।,neutral,sports,1
प्रशंसकों के सामने फॉरवर्ड ने लीग मैच में धमाकेदार खेल दिखाकर दबदबा कायम रखा।,positive,sports,2
दबाव वाले मुकाबले में डिफेंडर का मुकाबला में फीका खेल टीम पर भारी पड़ा।,negative,sports,0
भारतीय शटलर को मैच के लिए टीम में शामिल किया गया है।,neutral,sports,1
लगातार तीसरे मैच में बल्लेबाज का सीरीज में कमजोर खेल टीम पर भारी पड़ा।,negative,sports,0
क्लब सेमीफाइनल के लिए मैच के लिए रवाना हुई।,neutral,sports,1
दबाव वाले मुकाबले में भारतीय खिलाड़ी ने फाइनल में शानदार खेल दिखाकर शानदार वापसी की।,positive,sports,2
इस मुकाबले में युवा खिलाड़ी का मुकाबला में खराब खेल टीम पर भारी पड़ा।,negative,sports,0
खिलाड़ी ने क्वार्टरफाइनल में खराब प्रदर्शन किया और लगातार गलतियां कीं।,negative,sports,0
महत्वपूर्ण मौके पर खिलाड़ी ने फाइनल में बेहतरीन खेल दिखाकर महत्वपूर्ण योगदान दिया।,positive,sports,2
इस मुकाबले में डिफेंडर ने लीग मैच में लाजवाब खेल दिखाकर लगातार अच्छा प्रदर्शन किया।,positive,sports,2
प्रशंसकों के सामने भारतीय टीम ने लीग मैच में जबरदस्त खेल दिखाकर मुश्किल स्थिति से बाहर निकली।,positive,sports,2
भारत की चूक से ओवर में टीम की स्थिति बिगड़ गई।,negative,sports,0
आज कप्तान का रन चेज में निराशाजनक खेल टीम पर भारी पड़ा।,negative,sports,0
धाविका रेस के लिए अगले दौर के लिए पहुंची।,neutral,sports,1
लंबे ब्रेक के बाद भारतीय टीम का लीग मैच में बेअसर खेल टीम पर भारी पड़ा।,negative,sports,0
खिलाड़ी ने सेट में खराब प्रदर्शन किया और बढ़त गंवा दी।,negative,sports,0
युवा एथलीट ने प्रतियोगिता में बेअसर प्रदर्शन किया और लगातार गलतियां कीं।,negative,sports,0
महत्वपूर्ण मौके पर युवा खिलाड़ी ने फाइनल में बेहतरीन खेल दिखाकर दबदबा कायम रखा।,positive,sports,2
तुम्हारे शब्द सुकूनदायक हैं।,positive,sentihin,2
इस सफलता के लिए बधाई।,positive,sentihin,2
क्लब ने फाइनल में फीका प्रदर्शन किया और मुकाबला गंवा दिया।,negative,sports,0
इस मुकाबले में कप्तान का मुकाबला में खराब खेल टीम पर भारी पड़ा।,negative,sports,0
महत्वपूर्ण मौके पर कप्तान क्वार्टरफाइनल से पहले प्रशिक्षण कर रहा है।,neutral,sports,1
इवेंट महत्वपूर्ण मौके पर आयोजित होगा और युवा एथलीट इसमें हिस्सा लेगा।,neutral,sports,1
प्रशंसकों के सामने भारतीय टीम ने प्लेऑफ में कई आसान मौके गंवाए।,negative,sports,0
मैच इस मुकाबले में आयोजित होगा और भारतीय टीम इसमें हिस्सा लेगा।,neutral,sports,1
गोलकीपर की फाइनल में निराश करने वाला रणनीति काम नहीं आई।,negative,sports,0
सेट लंबे ब्रेक के बाद आयोजित होगा और भारतीय खिलाड़ी इसमें हिस्सा लेगा।,neutral,sports,1
इस मुकाबले में युवा शटलर सेट से पहले प्रशिक्षण कर रहा है।,neutral,sports,1
भारतीय टीम ने लीग मैच में फीका प्रदर्शन किया और उम्मीदों पर खरी नहीं उतरी।,negative,sports,0
रन चेज दबाव वाले मुकाबले में आयोजित होगा और भारत इसमें हिस्सा लेगा।,neutral,sports,1
प्रशंसकों के सामने युवा खिलाड़ी फाइनल से पहले प्रशिक्षण कर रहा है।,neutral,sports,1
प्रशंसकों के सामने खिलाड़ी फाइनल से पहले प्रशिक्षण कर रहा है।,neutral,sports,1
मैच इस मुकाबले में आयोजित होगा और जोड़ी इसमें हिस्सा लेगा।,neutral,sports,1
भारतीय धावक प्रतियोगिता के लिए अगले मुकाबले की तैयारी कर रही है।,neutral,sports,1
इस मुकाबले में भारतीय खिलाड़ी ने मुकाबला में उत्कृष्ट खेल दिखाकर मुश्किल स्थिति से बाहर निकली।,positive,sports,2
इस मुद्दे पर मैं किसी पक्ष में नहीं रहना चाहता।,neutral,sentihin,1
कप्तान के मैच में धमाकेदार प्रदर्शन से टीम को फायदा हुआ।,positive,sports,2
खिलाड़ी ने दौड़ में बेअसर प्रदर्शन किया और बढ़त गंवा दी।,negative,sports,0
खिलाड़ी ने मैच में निराश करने वाला खेल दिखाया और टीम को नुकसान हुआ।,negative,sports,0
उसकी बेरुखी ने मुझे अंदर तक दुखी कर दिया।,negative,sentihin,0
बल्लेबाज ने ओवर में खराब खेल दिखाया और टीम को नुकसान हुआ।,negative,sports,0
प्रशंसकों के सामने कप्तान ने रन चेज में कई आसान मौके गंवाए।,negative,sports,0
चैंपियन ने मैच में धमाकेदार प्रदर्शन करते हुए मुकाबला अपने नाम कर लिया।,positive,sports,2
प्रशंसकों के सामने खिलाड़ी का मैच में निराशाजनक खेल टीम पर भारी पड़ा।,negative,sports,0
मुझे यह स्थिति बहुत डरावनी लग रही है।,negative,sentihin,0
जोड़ी ने मुकाबला में फीका प्रदर्शन किया और मुकाबला गंवा दिया।,negative,sports,0
घरेलू मैदान पर गोलकीपर ने सेमीफाइनल में शानदार खेल दिखाकर मुकाबला अपने नाम कर लिया।,positive,sports,2
घरेलू मैदान पर भारत का पारी में खराब खेल टीम पर भारी पड़ा।,negative,sports,0
टूर्नामेंट के अहम चरण में भारतीय शटलर ने मुकाबला में जबरदस्त खेल दिखाकर मुकाबला अपने नाम कर लिया।,positive,sports,2
निर्णायक मैच में भारतीय धावक ने प्रतियोगिता में कमाल का खेल दिखाकर जीत दर्ज की।,positive,sports,2
लगातार तीसरे मैच में भारतीय खिलाड़ी ने सेट में उत्कृष्ट खेल दिखाकर दबदबा कायम रखा।,positive,sports,2
तुम्हारे आत्मविश्वास ने मुझे भी मजबूत बनाया है।,positive,sentihin,2
आज क्लब ने लीग मैच में बेहतरीन खेल दिखाकर दबदबा कायम रखा।,positive,sports,2
दबाव वाले मुकाबले में विकेटकीपर ने पारी में लाजवाब खेल दिखाकर मुश्किल स्थिति से बाहर निकली।,positive,sports,2
इस मुकाबले में क्लब ने मुकाबला में शानदार खेल दिखाकर लगातार अच्छा प्रदर्शन किया।,positive,sports,2
प्रशंसकों के सामने फॉरवर्ड का मैच में असंगत खेल टीम पर भारी पड़ा।,negative,sports,0
क्वार्टरफाइनल लगातार तीसरे मैच में आयोजित होगा और युवा खिलाड़ी इसमें हिस्सा लेगा।,neutral,sports,1
हॉकी टीम ने मैच में निराश करने वाला प्रदर्शन किया और अपनी लय खो दी।,negative,sports,0
युवा शटलर ने फाइनल में कमजोर खेल दिखाया और टीम को नुकसान हुआ।,negative,sports,0
लंबे ब्रेक के बाद खिलाड़ी ने इवेंट में उत्कृष्ट खेल दिखाकर दबदबा कायम रखा।,positive,sports,2
घरेलू मैदान पर क्लब का सेमीफाइनल में फीका खेल टीम पर भारी पड़ा।,negative,sports,0
महत्वपूर्ण मौके पर भारतीय धावक का रेस में लचर खेल टीम पर भारी पड़ा।,negative,sports,0
आज भारतीय टीम ने मैच में कमाल का खेल दिखाकर महत्वपूर्ण योगदान दिया।,positive,sports,2
आपके विचार हमेशा उत्साह देते हैं।,positive,sentihin,2
मुझे इससे कोई खास प्रभाव महसूस नहीं हुआ।,neutral,sentihin,1
इस मुकाबले में युवा खिलाड़ी ने सेट में यादगार खेल दिखाकर महत्वपूर्ण योगदान दिया।,positive,sports,2
आज डिफेंडर ने लीग मैच में बेहतरीन खेल दिखाकर जीत दर्ज की।,positive,sports,2
मैं इस उत्पाद के बारे में और जानना चाहता हूँ।,neutral,sentihin,1
दबाव वाले मुकाबले में भारतीय टीम ने मुकाबला में जबरदस्त खेल दिखाकर जीत दर्ज की।,positive,sports,2
युवा एथलीट इवेंट के लिए प्रशिक्षण जारी रखे हुए है।,neutral,sports,1
लगातार तीसरे मैच में भारतीय टीम ने मैच में यादगार खेल दिखाकर मुकाबला अपने नाम कर लिया।,positive,sports,2
डिफेंडर की लीग मैच में बेअसर रणनीति काम नहीं आई।,negative,sports,0
घरेलू मैदान पर एथलीट ने दौड़ में उत्कृष्ट खेल दिखाकर शानदार वापसी की।,positive,sports,2
क्वार्टरफाइनल प्रशंसकों के सामने आयोजित होगा और खिलाड़ी इसमें हिस्सा लेगा।,neutral,sports,1
घरेलू मैदान पर खिलाड़ी ने प्लेऑफ में लाजवाब खेल दिखाकर दबदबा कायम रखा।,positive,sports,2
घरेलू मैदान पर रेडर का प्लेऑफ में निराशाजनक खेल टीम पर भारी पड़ा।,negative,sports,0
लगातार तीसरे मैच में भारत का ओवर में बेअसर खेल टीम पर भारी पड़ा।,negative,sports,0
टूर्नामेंट के अहम चरण में धाविका ने फाइनल में जबरदस्त खेल दिखाकर मुश्किल स्थिति से बाहर निकली।,positive,sports,2
वह प्रस्तुति बहुत सराहनीय थी।,positive,sentihin,2
लगातार तीसरे मैच में भारत का मैच में कमजोर खेल टीम पर भारी पड़ा।,negative,sports,0
जोड़ी मैच के लिए अभ्यास सत्र में शामिल हुई।,neutral,sports,1
आपकी तारीफ सुनकर अच्छा लगा।,positive,sentihin,2
बल्लेबाज की टीम मुकाबला के लिए अपनी अंतिम सूची तैयार कर रही है।,neutral,sports,1
दबाव वाले मुकाबले में भारतीय शटलर ने सेट में लाजवाब खेल दिखाकर महत्वपूर्ण योगदान दिया।,positive,sports,2
घरेलू मैदान पर कप्तान ने मुकाबला में कई आसान मौके गंवाए।,negative,sports,0
मुझे इस विषय में कोई भावना नहीं है।,neutral,sentihin,1
घरेलू मैदान पर हॉकी टीम का मैच में कमजोर खेल टीम पर भारी पड़ा।,negative,sports,0
मुझे वहाँ का माहौल अच्छा नहीं लगा।,negative,sentihin,0
निर्णायक मैच में रेडर प्लेऑफ से पहले प्रशिक्षण कर रहा है।,neutral,sports,1
चैंपियन ने मैच में जबरदस्त प्रदर्शन करते हुए मुकाबला अपने नाम कर लिया।,positive,sports,2
विकेटकीपर ने मैच में फीका प्रदर्शन किया और दबाव में बिखर गई।,negative,sports,0
गेंदबाज ने ओवर में खराब प्रदर्शन किया और उम्मीदों पर खरी नहीं उतरी।,negative,sports,0
आज धाविका ने फाइनल में लाजवाब खेल दिखाकर जीत दर्ज की।,positive,sports,2
मुझे इस विषय पर कोई विशेष विचार नहीं हैं।,neutral,sentihin,1
यह फिल्म इतनी खराब थी कि समय की बर्बादी लगी।,negative,sentihin,0
सेमीफाइनल लंबे ब्रेक के बाद आयोजित होगा और भारतीय टीम इसमें हिस्सा लेगा।,neutral,sports,1
सेमीफाइनल महत्वपूर्ण मौके पर आयोजित होगा और हॉकी टीम इसमें हिस्सा लेगा।,neutral,sports,1
निर्णायक मैच में कप्तान ने फाइनल में जबरदस्त खेल दिखाकर दबदबा कायम रखा।,positive,sports,2
भारतीय टीम ने लीग मैच में बेअसर प्रदर्शन किया और मुकाबला गंवा दिया।,negative,sports,0
क्वार्टरफाइनल प्रशंसकों के सामने आयोजित होगा और युवा खिलाड़ी इसमें हिस्सा लेगा।,neutral,sports,1
कंपनी की नीतियां थोड़ी उलझनभरी थीं,neutral,sentihin,1
मैच लगातार तीसरे मैच में आयोजित होगा और खिलाड़ी इसमें हिस्सा लेगा।,neutral,sports,1
टूर्नामेंट के अहम चरण में भारतीय टीम ने प्लेऑफ में धमाकेदार खेल दिखाकर मुकाबला अपने नाम कर लिया।,positive,sports,2
इस सेवा से मैं बहुत खुश हूं,positive,sentihin,2
मुकाबला निर्णायक मैच में आयोजित होगा और गोलकीपर इसमें हिस्सा लेगा।,neutral,sports,1
लगातार तीसरे मैच में युवा एथलीट प्रतियोगिता से पहले प्रशिक्षण कर रहा है।,neutral,sports,1
प्रशंसकों के सामने डिफेंडर ने लीग मैच में कमाल का खेल दिखाकर मुश्किल स्थिति से बाहर निकली।,positive,sports,2
यह निर्णय पूरी तरह असंतोषजनक रहा।,negative,sentihin,0
टूर्नामेंट के अहम चरण में एथलीट का प्रतियोगिता में निराशाजनक खेल टीम पर भारी पड़ा।,negative,sports,0
रन चेज लंबे ब्रेक के बाद आयोजित होगा और गेंदबाज इसमें हिस्सा लेगा।,neutral,sports,1
यह निर्णय पूरी तरह असंतोषजनक था।,negative,sentihin,0
प्रशंसकों के सामने डिफेंडर का लीग मैच में कमजोर खेल टीम पर भारी पड़ा।,negative,sports,0
लंबे ब्रेक के बाद भारतीय टीम ने मुकाबला में यादगार खेल दिखाकर शानदार वापसी की।,positive,sports,2
लगातार तीसरे मैच में भारतीय टीम ने सीरीज में यादगार खेल दिखाकर लगातार अच्छा प्रदर्शन किया।,positive,sports,2
निर्णायक मैच में धाविका का दौड़ में बेअसर खेल टीम पर भारी पड़ा।,negative,sports,0
लंबे ब्रेक के बाद गेंदबाज ने मुकाबला में कई आसान मौके गंवाए।,negative,sports,0
सेट लंबे ब्रेक के बाद आयोजित होगा और कप्तान इसमें हिस्सा लेगा।,neutral,sports,1
इस मुकाबले में खिलाड़ी ने रेस में बेहतरीन खेल दिखाकर महत्वपूर्ण योगदान दिया।,positive,sports,2
तुम्हारी मदद के बिना यह काम संभव नहीं था।,positive,sentihin,2
भारतीय टीम को प्लेऑफ के लिए टीम में शामिल किया गया है।,neutral,sports,1
मैं इस विषय पर तटस्थ हूं।,neutral,sentihin,1
युवा शटलर ने मुकाबला के लिए यात्रा कार्यक्रम साझा किया।,neutral,sports,1
एथलीट ने दौड़ में निराशाजनक प्रदर्शन किया और मुकाबला गंवा दिया।,negative,sports,0
लंबे ब्रेक के बाद भारतीय टीम का सेमीफाइनल में लचर खेल टीम पर भारी पड़ा।,negative,sports,0
लंबे ब्रेक के बाद चैंपियन का सेट में बेअसर खेल टीम पर भारी पड़ा।,negative,sports,0
दबाव वाले मुकाबले में एथलीट ने फाइनल में बेहतरीन तालमेल के साथ जीत हासिल की।,positive,sports,2
कप्तान ने प्लेऑफ में लाजवाब प्रदर्शन करते हुए लगातार अच्छा प्रदर्शन किया।,positive,sports,2
टूर्नामेंट के अहम चरण में क्लब ने फाइनल में जबरदस्त खेल दिखाकर मुकाबला अपने नाम कर लिया।,positive,sports,2
मुझे इसमें कोई नयापन नजर नहीं आया।,neutral,sentihin,1
इस मुकाबले में भारत ने मैच में कमाल का खेल दिखाकर लगातार अच्छा प्रदर्शन किया।,positive,sports,2
इस मुकाबले में क्लब मुकाबला से पहले प्रशिक्षण कर रहा है।,neutral,sports,1
इस पर मेरी कोई ठोस राय नहीं बन पाई।,neutral,sentihin,1
कप्तान मुकाबला के लिए अगले मुकाबले की तैयारी कर रही है।,neutral,sports,1
दबाव वाले मुकाबले में खिलाड़ी ने लीग मैच में धमाकेदार खेल दिखाकर महत्वपूर्ण योगदान दिया।,positive,sports,2
तुम्हारी मदद अमूल्य है।,positive,sentihin,2
इस मुकाबले में युवा खिलाड़ी का फाइनल में फीका खेल टीम पर भारी पड़ा।,negative,sports,0
महत्वपूर्ण मौके पर गोलकीपर का फाइनल में निराश करने वाला खेल टीम पर भारी पड़ा।,negative,sports,0
आपकी सलाह ने मुझे सही दिशा में आगे बढ़ाया।,positive,sentihin,2
भारतीय धावक इवेंट के लिए मैच के लिए रवाना हुई।,neutral,sports,1
गोलकीपर ने मुकाबला में असंगत प्रदर्शन किया और उम्मीदों पर खरी नहीं उतरी।,negative,sports,0
युवा शटलर ने मुकाबला में कमजोर प्रदर्शन किया और अपनी लय खो दी।,negative,sports,0
प्रशंसकों के सामने युवा एथलीट ने फाइनल में लाजवाब खेल दिखाकर मुकाबला अपने नाम कर लिया।,positive,sports,2
फॉरवर्ड ने मुकाबला में निराशाजनक प्रदर्शन किया और मुकाबला गंवा दिया।,negative,sports,0
टूर्नामेंट के अहम चरण में जोड़ी का सेट में निराशाजनक खेल टीम पर भारी पड़ा।,negative,sports,0
लंबे ब्रेक के बाद भारतीय टीम ने सीरीज में बेहतरीन खेल दिखाकर महत्वपूर्ण योगदान दिया।,positive,sports,2
घरेलू मैदान पर भारतीय धावक दौड़ से पहले प्रशिक्षण कर रहा है।,neutral,sports,1
गोलकीपर ने लीग मैच में कमजोर प्रदर्शन किया और मुकाबला गंवा दिया।,negative,sports,0
खिलाड़ी ने मैच में असंगत प्रदर्शन किया और उम्मीदों पर खरी नहीं उतरी।,negative,sports,0
आज धाविका का फाइनल में बेअसर खेल टीम पर भारी पड़ा।,negative,sports,0
लगातार तीसरे मैच में गोलकीपर का सेमीफाइनल में कमजोर खेल टीम पर भारी पड़ा।,negative,sports,0
धाविका ने दौड़ के लिए नया अभ्यास कार्यक्रम शुरू किया।,neutral,sports,1
टूर्नामेंट के अहम चरण में भारतीय टीम ने मुकाबला में कई आसान मौके गंवाए।,negative,sports,0
आपकी मुस्कान से ऊर्जा मिलती है।,positive,sentihin,2
निर्णायक मैच में कप्तान ने ओवर में कमाल का खेल दिखाकर जीत दर्ज की।,positive,sports,2
यह सेवा पूरी तरह असंतोषजनक थी।,negative,sentihin,0
इस योजना से मैं असहमत हूँ।,negative,sentihin,0
मुझे इससे कोई भावनात्मक असर नहीं पड़ा।,neutral,sentihin,1
खिलाड़ी ने मैच में बेअसर प्रदर्शन किया और बढ़त गंवा दी।,negative,sports,0
आज युवा एथलीट ने प्रतियोगिता में कमाल का खेल दिखाकर मुकाबला अपने नाम कर लिया।,positive,sports,2
युवा खिलाड़ी ने सेट में बेअसर प्रदर्शन किया और बढ़त गंवा दी।,negative,sports,0
लीग मैच इस मुकाबले में आयोजित होगा और कप्तान इसमें हिस्सा लेगा।,neutral,sports,1
गोलकीपर ने लीग मैच में खराब खेल दिखाया और टीम को नुकसान हुआ।,negative,sports,0
कप्तान ने मैच में लचर प्रदर्शन किया और उम्मीदों पर खरी नहीं उतरी।,negative,sports,0
निर्णायक मैच में युवा खिलाड़ी ने क्वार्टरफाइनल में जबरदस्त खेल दिखाकर मुश्किल स्थिति से बाहर निकली।,positive,sports,2
घरेलू मैदान पर भारत ने आज मैदान में धूम मचा दी।,positive,sports,2
प्रशंसकों के सामने कप्तान का ओवर में खराब खेल टीम पर भारी पड़ा।,negative,sports,0
आपके प्रयासों की जितनी प्रशंसा करूं उतनी कम है।,positive,sentihin,2
मैं इस स्थिति से निराश हूं।,negative,sentihin,0
निर्णायक मैच में कप्तान ने मैच में जबरदस्त खेल दिखाकर लगातार अच्छा प्रदर्शन किया।,positive,sports,2
फाइनल घरेलू मैदान पर आयोजित होगा और भारतीय टीम इसमें हिस्सा लेगा।,neutral,sports,1
निर्णायक मैच में विकेटकीपर ने मैच में धमाकेदार खेल दिखाकर जीत दर्ज की।,positive,sports,2
रेडर की मैच में निराश करने वाला रणनीति काम नहीं आई।,negative,sports,0
मुझे यह बात बहुत दुखदायी लगी।,negative,sentihin,0
यह रिपोर्ट औसत दर्जे की है।,neutral,sentihin,1
खिलाड़ी ने प्रतियोगिता में फीका प्रदर्शन किया और महत्वपूर्ण मौका गंवाया।,negative,sports,0
इस योजना ने मुझे आत्मनिर्भर बनाया।,positive,sentihin,2
मैच टूर्नामेंट के अहम चरण में आयोजित होगा और डिफेंडर इसमें हिस्सा लेगा।,neutral,sports,1
टूर्नामेंट के अहम चरण में विकेटकीपर का मैच में कमजोर खेल टीम पर भारी पड़ा।,negative,sports,0
युवा शटलर ने फाइनल में बेअसर प्रदर्शन किया और महत्वपूर्ण मौका गंवाया।,negative,sports,0
क्लब ने मुकाबला के लिए तैयारी शुरू कर दी।,neutral,sports,1
टूर्नामेंट के अहम चरण में क्लब ने मैच में बेहतरीन तालमेल के साथ जीत हासिल की।,positive,sports,2
वह किताब पढ़कर प्रेरणा मिली।,positive,sentihin,2
प्रशंसकों के सामने एथलीट ने प्रतियोगिता में यादगार खेल दिखाकर दबदबा कायम रखा।,positive,sports,2
प्रशंसकों के सामने भारतीय टीम ने रन चेज में लाजवाब खेल दिखाकर लगातार अच्छा प्रदर्शन किया।,positive,sports,2
इस मुकाबले में रेडर प्लेऑफ से पहले प्रशिक्षण कर रहा है।,neutral,sports,1
महत्वपूर्ण मौके पर डिफेंडर ने फाइनल में यादगार खेल दिखाकर मुश्किल स्थिति से बाहर निकली।,positive,sports,2
सेमीफाइनल प्रशंसकों के सामने आयोजित होगा और हॉकी टीम इसमें हिस्सा लेगा।,neutral,sports,1
लगातार तीसरे मैच में क्लब मुकाबला से पहले प्रशिक्षण कर रहा है।,neutral,sports,1
लीग मैच घरेलू मैदान पर आयोजित होगा और हॉकी टीम इसमें हिस्सा लेगा।,neutral,sports,1
भारतीय टीम फाइनल के लिए टूर्नामेंट में हिस्सा ले रही है।,neutral,sports,1
इस किताब में कुछ नया नहीं था,negative,sentihin,0
टूर्नामेंट के अहम चरण में भारतीय टीम का लीग मैच में असंगत खेल टीम पर भारी पड़ा।,negative,sports,0
उसकी बातों से मैं हतोत्साहित हुआ।,negative,sentihin,0
कप्तान प्लेऑफ के लिए मैच के लिए रवाना हुई।,neutral,sports,1
निर्णायक मैच में बल्लेबाज का सीरीज में बेअसर खेल टीम पर भारी पड़ा।,negative,sports,0
इस मुकाबले में खिलाड़ी का क्वार्टरफाइनल में निराश करने वाला खेल टीम पर भारी पड़ा।,negative,sports,0
मैं इस काम से बहुत परेशान हूं।,negative,sentihin,0
गेम दबाव वाले मुकाबले में आयोजित होगा और चैंपियन इसमें हिस्सा लेगा।,neutral,sports,1
निर्णायक मैच में गोलकीपर ने मैच में धमाकेदार खेल दिखाकर शानदार वापसी की।,positive,sports,2
लगातार तीसरे मैच में भारतीय टीम ने मैच में कमाल का खेल दिखाकर मुश्किल स्थिति से बाहर निकली।,positive,sports,2
टूर्नामेंट के अहम चरण में कप्तान सीरीज से पहले प्रशिक्षण कर रहा है।,neutral,sports,1
आज टेनिस स्टार का मुकाबला में बेअसर खेल टीम पर भारी पड़ा।,negative,sports,0
डिफेंडर की टीम मुकाबला के लिए अपनी अंतिम सूची तैयार कर रही है।,neutral,sports,1
इस मुकाबले में धाविका प्रतियोगिता से पहले प्रशिक्षण कर रहा है।,neutral,sports,1
लगातार तीसरे मैच में चैंपियन मैच से पहले प्रशिक्षण कर रहा है।,neutral,sports,1
लगातार तीसरे मैच में कप्तान ने फाइनल में जबरदस्त खेल दिखाकर लगातार अच्छा प्रदर्शन किया।,positive,sports,2
घरेलू मैदान पर भारतीय खिलाड़ी फाइनल से पहले प्रशिक्षण कर रहा है।,neutral,sports,1
घरेलू मैदान पर भारतीय धावक का रेस में असंगत खेल टीम पर भारी पड़ा।,negative,sports,0
इस मुकाबले में कप्तान का फाइनल में खराब खेल टीम पर भारी पड़ा।,negative,sports,0
आज युवा शटलर ने मैच में शानदार खेल दिखाकर मुश्किल स्थिति से बाहर निकली।,positive,sports,2
लंबे ब्रेक के बाद कप्तान ने फाइनल से पहले प्रशिक्षण पूरा किया।,neutral,sports,1
इवेंट इस मुकाबले में आयोजित होगा और खिलाड़ी इसमें हिस्सा लेगा।,neutral,sports,1
महत्वपूर्ण मौके पर युवा खिलाड़ी ने मैच में उत्कृष्ट खेल दिखाकर लगातार अच्छा प्रदर्शन किया।,positive,sports,2
लीग मैच इस मुकाबले में आयोजित होगा और डिफेंडर इसमें हिस्सा लेगा।,neutral,sports,1
सीरीज महत्वपूर्ण मौके पर आयोजित होगा और गेंदबाज इसमें हिस्सा लेगा।,neutral,sports,1
महत्वपूर्ण मौके पर बल्लेबाज का ओवर में बेअसर खेल टीम पर भारी पड़ा।,negative,sports,0
टूर्नामेंट के अहम चरण में डिफेंडर का मुकाबला में लचर खेल टीम पर भारी पड़ा।,negative,sports,0
धाविका ने इवेंट में जबरदस्त खेल दिखाया और टीम को जीत दिलाई।,positive,sports,2
घरेलू मैदान पर क्लब ने मैच में लाजवाब खेल दिखाकर मुश्किल स्थिति से बाहर निकली।,positive,sports,2
कप्तान ने सेमीफाइनल में लचर प्रदर्शन किया और बढ़त गंवा दी।,negative,sports,0
युवा खिलाड़ी ने सेट में निराश करने वाला प्रदर्शन किया और लगातार गलतियां कीं।,negative,sports,0
आपकी उपस्थिति से मन को सुख मिलता है।,positive,sentihin,2
महत्वपूर्ण मौके पर कप्तान ने रन चेज में उत्कृष्ट खेल दिखाकर लगातार अच्छा प्रदर्शन किया।,positive,sports,2
इस मुकाबले में डिफेंडर ने मुकाबला से पहले प्रशिक्षण पूरा किया।,neutral,sports,1
भारतीय खिलाड़ी ने सेट में फीका प्रदर्शन किया और मुकाबला गंवा दिया।,negative,sports,0
भारतीय टीम की लीग मैच में निराशाजनक रणनीति काम नहीं आई।,negative,sports,0
सेट आज आयोजित होगा और खिलाड़ी इसमें हिस्सा लेगा।,neutral,sports,1
इस मामले में मेरी कोई विशेष रुचि नहीं है।,neutral,sentihin,1
भारतीय शटलर का कमजोर प्रदर्शन मुकाबला में हार का कारण बना।,negative,sports,0
भारतीय टीम के सेमीफाइनल में जबरदस्त प्रदर्शन से टीम को फायदा हुआ।,positive,sports,2
महत्वपूर्ण मौके पर भारतीय शटलर ने सेट में कमाल का खेल दिखाकर शानदार वापसी की।,positive,sports,2
इस मुद्दे को लेकर मेरा मन पूरी तरह तटस्थ है।,neutral,sentihin,1
लंबे ब्रेक के बाद भारतीय टीम ने ओवर में कमाल का खेल दिखाकर जीत दर्ज की।,positive,sports,2
मैच आज आयोजित होगा और भारतीय खिलाड़ी इसमें हिस्सा लेगा।,neutral,sports,1
फाइनल घरेलू मैदान पर आयोजित होगा और गोलकीपर इसमें हिस्सा लेगा।,neutral,sports,1
घरेलू मैदान पर कप्तान का लीग मैच में फीका खेल टीम पर भारी पड़ा।,negative,sports,0
हॉकी टीम ने फाइनल में निराश करने वाला प्रदर्शन किया और अपनी लय खो दी।,negative,sports,0
मैच निर्णायक मैच में आयोजित होगा और कप्तान इसमें हिस्सा लेगा।,neutral,sports,1
ऑर्डर रद्द करना बेहद मुश्किल था,negative,sentihin,0
यह निर्णय मेरे लिए पूरी तरह बुरा रहा।,negative,sentihin,0
इस मुकाबले में क्लब का सेमीफाइनल में निराश करने वाला खेल टीम पर भारी पड़ा।,negative,sports,0
फॉरवर्ड ने मैच में धमाकेदार प्रदर्शन करते हुए शानदार वापसी की।,positive,sports,2
आज टीम दबाव में पूरी तरह बिखर गई।,negative,sports,0
Match se pehle Captain ne next game ki strategy discuss ki,neutral,sports,1
यह ऐप साधारण है,neutral,sentihin,1
इस पर कुछ भी कहना कठिन है।,neutral,sentihin,1
मुकाबला दबाव वाले मुकाबले में आयोजित होगा और डिफेंडर इसमें हिस्सा लेगा।,neutral,sports,1
फॉरवर्ड ने सेमीफाइनल में निराशाजनक प्रदर्शन किया और दबाव में बिखर गई।,negative,sports,0
यह फिल्म इतनी खराब थी कि मैं किसी को नहीं सुझाऊंगा।,negative,sentihin,0
लंबे ब्रेक के बाद विकेटकीपर ने ओवर में लाजवाब खेल दिखाकर जीत दर्ज की।,positive,sports,2
मैं रोज़ाना अपने दोस्तों से मिलता हूं।,neutral,sentihin,1
मैं इसे नकारात्मक या सकारात्मक नहीं मानता।,neutral,sentihin,1
प्रशंसकों के सामने रेडर मुकाबला से पहले प्रशिक्षण कर रहा है।,neutral,sports,1
दबाव वाले मुकाबले में भारतीय टीम ने प्लेऑफ में लाजवाब खेल दिखाकर शानदार वापसी की।,positive,sports,2
आज खिलाड़ी ने निर्णायक क्षण में बेहतरीन प्रदर्शन किया।,positive,sports,2
लंबे ब्रेक के बाद भारतीय टीम का सीरीज में लचर खेल टीम पर भारी पड़ा।,negative,sports,0
यह फिल्म बहुत उबाऊ और लंबी थी।,negative,sentihin,0
इस मुकाबले में खिलाड़ी ने सेट में लाजवाब खेल दिखाकर मुश्किल स्थिति से बाहर निकली।,positive,sports,2
मौसम की खराबी ने मूड खराब कर दिया।,negative,sentihin,0
यह खुशी मेरे जीवन में नया रंग भरती है।,positive,sentihin,2
कप्तान की सेट में खराब रणनीति काम नहीं आई।,negative,sports,0
गेम महत्वपूर्ण मौके पर आयोजित होगा और भारतीय शटलर इसमें हिस्सा लेगा।,neutral,sports,1
मैच निर्णायक मैच में आयोजित होगा और युवा शटलर इसमें हिस्सा लेगा।,neutral,sports,1
प्रशंसकों के सामने खिलाड़ी का मुकाबला में असंगत खेल टीम पर भारी पड़ा।,negative,sports,0
महत्वपूर्ण मौके पर धाविका का प्रतियोगिता में लचर खेल टीम पर भारी पड़ा।,negative,sports,0
आपका फोन कॉल बहुत राहत भरा था।,positive,sentihin,2
Pressure ke beech Team ne easy chance miss karke match gawa diya,negative,sports,0
इस मुकाबले में रेडर ने मैच में शानदार खेल दिखाकर मुश्किल स्थिति से बाहर निकली।,positive,sports,2
इस मुकाबले में गेंदबाज ने मैच में धमाकेदार खेल दिखाकर महत्वपूर्ण योगदान दिया।,positive,sports,2
घरेलू मैदान पर विकेटकीपर ने मैच में यादगार खेल दिखाकर मुश्किल स्थिति से बाहर निकली।,positive,sports,2
आज कप्तान ने फाइनल में कमाल का खेल दिखाकर महत्वपूर्ण योगदान दिया।,positive,sports,2
भारतीय शटलर गेम के लिए अगले मुकाबले की तैयारी कर रही है।,neutral,sports,1
आज खिलाड़ी ने फाइनल में जबरदस्त खेल दिखाकर लगातार अच्छा प्रदर्शन किया।,positive,sports,2
विकेटकीपर ने मैच में निराश करने वाला प्रदर्शन किया और बढ़त गंवा दी।,negative,sports,0
आपकी तारीफ से दिल खुश होता है।,positive,sentihin,2
युवा एथलीट ने इवेंट में निराशाजनक प्रदर्शन किया और महत्वपूर्ण मौका गंवाया।,negative,sports,0
जोड़ी ने गेम में असंगत प्रदर्शन किया और अपनी लय खो दी।,negative,sports,0
आज भारतीय टीम का मैच में कमजोर खेल टीम पर भारी पड़ा।,negative,sports,0
टूर्नामेंट के अहम चरण में फॉरवर्ड ने सेमीफाइनल में शानदार खेल दिखाकर दबदबा कायम रखा।,positive,sports,2
तुम्हारा यह हुनर कमाल का है।,positive,sentihin,2
इस मुकाबले में गोलकीपर का फाइनल में फीका खेल टीम पर भारी पड़ा।,negative,sports,0
भारतीय धावक ने फाइनल में यादगार प्रदर्शन करते हुए शानदार वापसी की।,positive,sports,2
घरेलू मैदान पर विकेटकीपर का ओवर में बेअसर खेल टीम पर भारी पड़ा।,negative,sports,0
महत्वपूर्ण मौके पर युवा एथलीट ने इवेंट में यादगार खेल दिखाकर लगातार अच्छा प्रदर्शन किया।,positive,sports,2
भारतीय टीम ने सेमीफाइनल में कमाल का खेल दिखाया और टीम को जीत दिलाई।,positive,sports,2
घरेलू मैदान पर फॉरवर्ड का फाइनल में खराब खेल टीम पर भारी पड़ा।,negative,sports,0
फाइनल इस मुकाबले में आयोजित होगा और युवा शटलर इसमें हिस्सा लेगा।,neutral,sports,1
विकेटकीपर पारी के लिए अगले मुकाबले की तैयारी कर रही है।,neutral,sports,1
गोलकीपर के लीग मैच में बेहतरीन प्रदर्शन से टीम को फायदा हुआ।,positive,sports,2
दबाव वाले मुकाबले में कप्तान ने सेट में शानदार खेल दिखाकर दबदबा कायम रखा।,positive,sports,2
मुझे इसमें कोई फर्क नहीं दिखता।,neutral,sentihin,1
फाइनल लगातार तीसरे मैच में आयोजित होगा और खिलाड़ी इसमें हिस्सा लेगा।,neutral,sports,1
मैं रोज़ाना अपने जीवन में शांति और प्रेम फैलाने की कोशिश करता हूं।,neutral,sentihin,1
प्रशंसकों के सामने हॉकी टीम का मुकाबला में लचर खेल टीम पर भारी पड़ा।,negative,sports,0
प्रशंसकों के सामने डिफेंडर ने सेमीफाइनल में लाजवाब खेल दिखाकर लगातार अच्छा प्रदर्शन किया।,positive,sports,2
इस यात्रा ने मुझे खुश किया,positive,sentihin,2
लंबे ब्रेक के बाद भारतीय शटलर ने मुकाबला में यादगार खेल दिखाकर मुश्किल स्थिति से बाहर निकली।,positive,sports,2
प्रशंसकों के सामने बल्लेबाज पारी से पहले प्रशिक्षण कर रहा है।,neutral,sports,1
पढ़ाई में लगातार असफलता बहुत दुखद है।,negative,sentihin,0
बल्लेबाज ने मैच में खराब प्रदर्शन किया और महत्वपूर्ण मौका गंवाया।,negative,sports,0
टूर्नामेंट के अहम चरण में विकेटकीपर ने मैच में बेहतरीन खेल दिखाकर शानदार वापसी की।,positive,sports,2
महत्वपूर्ण मौके पर युवा एथलीट ने फाइनल में शानदार खेल दिखाकर जीत दर्ज की।,positive,sports,2
महत्वपूर्ण मौके पर कप्तान ने क्वार्टरफाइनल में लाजवाब खेल दिखाकर मुकाबला अपने नाम कर लिया।,positive,sports,2
महत्वपूर्ण मौके पर युवा एथलीट का दौड़ में निराश करने वाला खेल टीम पर भारी पड़ा।,negative,sports,0
टूर्नामेंट के अहम चरण में धाविका का इवेंट में फीका खेल टीम पर भारी पड़ा।,negative,sports,0
एथलीट फाइनल के लिए मैच के लिए रवाना हुई।,neutral,sports,1
आज एथलीट ने इवेंट में धमाकेदार खेल दिखाकर महत्वपूर्ण योगदान दिया।,positive,sports,2
लगातार तीसरे मैच में भारत ने ओवर में धमाकेदार खेल दिखाकर लगातार अच्छा प्रदर्शन किया।,positive,sports,2
आज खिलाड़ी का मैच में कमजोर खेल टीम पर भारी पड़ा।,negative,sports,0
इस मुकाबले में भारतीय टीम ने लीग मैच में कमाल का खेल दिखाकर मुकाबला अपने नाम कर लिया।,positive,sports,2
Kal Captain ne next game ki strategy discuss ki,neutral,sports,1
भारत की टीम रन चेज के लिए अपनी अंतिम सूची तैयार कर रही है।,neutral,sports,1
भारतीय टीम ने सेमीफाइनल में निराश करने वाला प्रदर्शन किया और अपनी लय खो दी।,negative,sports,0
मुझे उस सलाह से नुकसान हुआ।,negative,sentihin,0
मैच आज आयोजित होगा और भारतीय टीम इसमें हिस्सा लेगा।,neutral,sports,1
मुझे यह बात दुखदायी लगी।,negative,sentihin,0
क्लब ने लीग मैच में बेअसर प्रदर्शन किया और उम्मीदों पर खरी नहीं उतरी।,negative,sports,0
टूर्नामेंट के अहम चरण में रेडर का प्लेऑफ में असंगत खेल टीम पर भारी पड़ा।,negative,sports,0
भारतीय टीम ने सेमीफाइनल में कमजोर प्रदर्शन किया और दबाव में बिखर गई।,negative,sports,0
इस विषय पर मैं कोई पक्ष नहीं ले रहा हूं।,neutral,sentihin,1
लगातार तीसरे मैच में भारतीय शटलर ने सेट में उत्कृष्ट खेल दिखाकर मुश्किल स्थिति से बाहर निकली।,positive,sports,2
दबाव वाले मुकाबले में डिफेंडर ने लीग मैच से पहले प्रशिक्षण पूरा किया।,neutral,sports,1
लगातार तीसरे मैच में कप्तान ने लीग मैच से पहले प्रशिक्षण पूरा किया।,neutral,sports,1
रन चेज लंबे ब्रेक के बाद आयोजित होगा और भारत इसमें हिस्सा लेगा।,neutral,sports,1
कप्तान की लीग मैच में बेअसर रणनीति काम नहीं आई।,negative,sports,0
मैं इस व्यक्ति से बहुत निराश हूं।,negative,sentihin,0
तुम्हारे साथ बिताया समय हमेशा यादगार रहेगा।,positive,sentihin,2
घरेलू मैदान पर भारतीय शटलर का सेट में खराब खेल टीम पर भारी पड़ा।,negative,sports,0
टूर्नामेंट के अहम चरण में जोड़ी का गेम में फीका खेल टीम पर भारी पड़ा।,negative,sports,0
इस मुकाबले में हॉकी टीम का फाइनल में लचर खेल टीम पर भारी पड़ा।,negative,sports,0
भारतीय टीम ने फाइनल में निराश करने वाला प्रदर्शन किया और उम्मीदों पर खरी नहीं उतरी।,negative,sports,0
मैं इस मामले में तटस्थ रहूंगा।,neutral,sentihin,1
वह घटना बहुत दुखद थी।,negative,sentihin,0
इस मुद्दे में मेरी कोई विशेष भूमिका नहीं है।,neutral,sentihin,1
एथलीट इवेंट के लिए अगले मुकाबले की तैयारी कर रही है।,neutral,sports,1
आज खिलाड़ी का प्लेऑफ में बेअसर खेल टीम पर भारी पड़ा।,negative,sports,0
घरेलू मैदान पर डिफेंडर ने लीग मैच में धमाकेदार खेल दिखाकर जीत दर्ज की।,positive,sports,2
डिफेंडर ने मैच में बेअसर प्रदर्शन किया और बढ़त गंवा दी।,negative,sports,0
घरेलू मैदान पर टेनिस स्टार का सेट में कमजोर खेल टीम पर भारी पड़ा।,negative,sports,0
हॉकी टीम ने मैच में फीका प्रदर्शन किया और महत्वपूर्ण मौका गंवाया।,negative,sports,0
यह फिल्म अत्यंत निराशाजनक साबित हुई।,negative,sentihin,0
गोलकीपर ने सेमीफाइनल में बेअसर प्रदर्शन किया और मुकाबला गंवा दिया।,negative,sports,0
घरेलू मैदान पर एथलीट का रेस में बेअसर खेल टीम पर भारी पड़ा।,negative,sports,0
यह ऐप बहुत धीमा और अनुपयोगी है।,negative,sentihin,0
आपकी मदद सदा सराहनीय है।,positive,sentihin,2
एथलीट फाइनल के लिए अगले मुकाबले की तैयारी कर रही है।,neutral,sports,1
खिलाड़ी ने इवेंट में खराब प्रदर्शन किया और मुकाबला गंवा दिया।,negative,sports,0
दौड़ लगातार तीसरे मैच में आयोजित होगा और खिलाड़ी इसमें हिस्सा लेगा।,neutral,sports,1
बल्लेबाज के मैच में यादगार प्रदर्शन से टीम को फायदा हुआ।,positive,sports,2
खिलाड़ी ने फाइनल में जबरदस्त प्रदर्शन करते हुए लगातार अच्छा प्रदर्शन किया।,positive,sports,2
आज खिलाड़ी सेट से पहले प्रशिक्षण कर रहा है।,neutral,sports,1
लगातार तीसरे मैच में हॉकी टीम ने मैच में जबरदस्त खेल दिखाकर शानदार वापसी की।,positive,sports,2
वह किताब पढ़ना आनंददायक अनुभव था।,positive,sentihin,2
महत्वपूर्ण मौके पर गोलकीपर का मुकाबला में खराब खेल टीम पर भारी पड़ा।,negative,sports,0
वह यात्रा सुखद अनुभव रही।,positive,sentihin,2
कप्तान ने सीरीज में लचर प्रदर्शन किया और अपनी लय खो दी।,negative,sports,0
डिफेंडर प्लेऑफ के लिए अगले दौर के लिए पहुंची।,neutral,sports,1
उसका तीखा लहजा सबको खल गया।,negative,sentihin,0
घरेलू मैदान पर युवा शटलर का फाइनल में बेअसर खेल टीम पर भारी पड़ा।,negative,sports,0
लगातार तीसरे मैच में डिफेंडर का प्लेऑफ में बेअसर खेल टीम पर भारी पड़ा।,negative,sports,0
दबाव वाले मुकाबले में विकेटकीपर मुकाबला से पहले प्रशिक्षण कर रहा है।,neutral,sports,1
चैंपियन के सेट में यादगार प्रदर्शन से टीम को फायदा हुआ।,positive,sports,2
प्रशंसकों के सामने धाविका ने दौड़ में कमाल का खेल दिखाकर मुकाबला अपने नाम कर लिया।,positive,sports,2
आज खिलाड़ी दौड़ से पहले प्रशिक्षण कर रहा है।,neutral,sports,1
युवा खिलाड़ी ने मैच में लचर प्रदर्शन किया और लगातार गलतियां कीं।,negative,sports,0
तुम्हारा साथ हर मुश्किल को आसान बना देता है।,positive,sentihin,2
दबाव वाले मुकाबले में खिलाड़ी का फाइनल में निराशाजनक खेल टीम पर भारी पड़ा।,negative,sports,0
फाइनल टूर्नामेंट के अहम चरण में आयोजित होगा और चैंपियन इसमें हिस्सा लेगा।,neutral,sports,1
यह होटल का स्टाफ बहुत अशिष्ट था।,negative,sentihin,0
बल्लेबाज ने सीरीज में शानदार प्रदर्शन करते हुए दबदबा कायम रखा।,positive,sports,2
युवा शटलर ने सेट में खराब प्रदर्शन किया और महत्वपूर्ण मौका गंवाया।,negative,sports,0
युवा शटलर ने सेट के लिए यात्रा कार्यक्रम साझा किया।,neutral,sports,1
क्वार्टरफाइनल महत्वपूर्ण मौके पर आयोजित होगा और भारतीय खिलाड़ी इसमें हिस्सा लेगा।,neutral,sports,1
यह सेवा केंद्र बहुत अव्यवस्थित है।,negative,sentihin,0
वह फिल्म देखकर खुशी हुई।,positive,sentihin,2
आज विकेटकीपर का मैच में खराब खेल टीम पर भारी पड़ा।,negative,sports,0
टूर्नामेंट के अहम चरण में बल्लेबाज ने मुकाबला में उत्कृष्ट खेल दिखाकर दबदबा कायम रखा।,positive,sports,2
निर्णायक मैच में युवा खिलाड़ी का सेट में फीका खेल टीम पर भारी पड़ा।,negative,sports,0
फॉरवर्ड लीग मैच के लिए अगले मुकाबले की तैयारी कर रही है।,neutral,sports,1
आज भारतीय टीम मुकाबला से पहले प्रशिक्षण कर रहा है।,neutral,sports,1
उसका स्वर इतना कटु था कि मैं कुछ कह ही नहीं पाया।,negative,sentihin,0
कार्यशाला से बहुत कुछ सीखने को मिला,positive,sentihin,2
आज भारतीय टीम ने लीग मैच में बेहतरीन खेल दिखाकर लगातार अच्छा प्रदर्शन किया।,positive,sports,2
घरेलू मैदान पर बल्लेबाज का सीरीज में फीका खेल टीम पर भारी पड़ा।,negative,sports,0
दबाव वाले मुकाबले में कप्तान ने मैच से पहले प्रशिक्षण पूरा किया।,neutral,sports,1
इस मुकाबले में युवा एथलीट फाइनल से पहले प्रशिक्षण कर रहा है।,neutral,sports,1
कप्तान ने मुकाबला में बेहतरीन प्रदर्शन करते हुए लगातार अच्छा प्रदर्शन किया।,positive,sports,2
प्रशंसकों के सामने फॉरवर्ड ने मैच में धमाकेदार खेल दिखाकर मुश्किल स्थिति से बाहर निकली।,positive,sports,2
प्रशंसकों के सामने विकेटकीपर मैच से पहले प्रशिक्षण कर रहा है।,neutral,sports,1
एथलीट ने दौड़ में खराब प्रदर्शन किया और अपनी लय खो दी।,negative,sports,0
टूर्नामेंट के अहम चरण में खिलाड़ी का मुकाबला में असंगत खेल टीम पर भारी पड़ा।,negative,sports,0
इवेंट दबाव वाले मुकाबले में आयोजित होगा और भारतीय धावक इसमें हिस्सा लेगा।,neutral,sports,1
टूर्नामेंट के अहम चरण में गेंदबाज का ओवर में खराब खेल टीम पर भारी पड़ा।,negative,sports,0
लगातार तीसरे मैच में युवा खिलाड़ी का सेट में खराब खेल टीम पर भारी पड़ा।,negative,sports,0
लंबे ब्रेक के बाद खिलाड़ी ने प्रतियोगिता में लाजवाब खेल दिखाकर शानदार वापसी की।,positive,sports,2
प्रशंसकों के सामने गेंदबाज ने मुकाबला में लाजवाब खेल दिखाकर दबदबा कायम रखा।,positive,sports,2
इस मुकाबले में भारत ने मैच में कमाल का खेल दिखाकर मुकाबला अपने नाम कर लिया।,positive,sports,2
मेरे नए लैपटॉप की स्क्रीन खराब हो गई।,negative,sentihin,0
क्लब सेमीफाइनल के लिए अभ्यास सत्र में शामिल हुई।,neutral,sports,1
खिलाड़ी की मेहनत से मैच में टीम का आत्मविश्वास बढ़ा।,positive,sports,2
महत्वपूर्ण मौके पर गेंदबाज ने मैच से पहले प्रशिक्षण पूरा किया।,neutral,sports,1
डिफेंडर ने मैच में खराब प्रदर्शन किया और मुकाबला गंवा दिया।,negative,sports,0
कप्तान ने फाइनल में कमजोर प्रदर्शन किया और उम्मीदों पर खरी नहीं उतरी।,negative,sports,0
गोलकीपर ने फाइनल में बेअसर प्रदर्शन किया और बढ़त गंवा दी।,negative,sports,0
सीरीज घरेलू मैदान पर आयोजित होगा और बल्लेबाज इसमें हिस्सा लेगा।,neutral,sports,1
वह व्याख्यान अत्यंत ज्ञानवर्धक था।,positive,sentihin,2
इस मुकाबले में जोड़ी का सेट में खराब खेल टीम पर भारी पड़ा।,negative,sports,0
कप्तान ने प्लेऑफ में लाजवाब प्रदर्शन करते हुए दबदबा कायम रखा।,positive,sports,2
आपकी सहायता से मनोबल बढ़ता है।,positive,sentihin,2
वह अनुभव इतना बुरा था कि मैं उसे भूलना चाहता हूं।,negative,sentihin,0
युवा एथलीट रेस के लिए अभ्यास सत्र में शामिल हुई।,neutral,sports,1
महत्वपूर्ण मौके पर कप्तान ओवर से पहले प्रशिक्षण कर रहा है।,neutral,sports,1
मैं रोज़ाना सफाई करता हूं।,neutral,sentihin,1
प्रशंसकों के सामने डिफेंडर लीग मैच से पहले प्रशिक्षण कर रहा है।,neutral,sports,1
खिलाड़ी ने प्रतियोगिता के लिए तैयारी शुरू कर दी।,neutral,sports,1
यह निर्णय मेरे विरुद्ध है।,negative,sentihin,0
खिलाड़ी ने फाइनल में बेअसर प्रदर्शन किया और लगातार गलतियां कीं।,negative,sports,0
निर्णायक मैच में खिलाड़ी ने गेम में लाजवाब खेल दिखाकर मुश्किल स्थिति से बाहर निकली।,positive,sports,2
इस ऐप का उपयोग आसान था,positive,sentihin,2
इस शहर का माहौल बहुत जीवंत है।,positive,sentihin,2
दबाव वाले मुकाबले में खिलाड़ी ने रेस में जबरदस्त खेल दिखाकर लगातार अच्छा प्रदर्शन किया।,positive,sports,2
कप्तान ने मेहनत तो की लेकिन मैच में अपनी बढ़त गंवा दी।,negative,sports,0
दबाव वाले मुकाबले में कप्तान ने मुकाबला में लाजवाब खेल दिखाकर दबदबा कायम रखा।,positive,sports,2
बस स्टॉप यहां से पास है।,neutral,sentihin,1
यह समाचार सामान्य लग रहा है।,neutral,sentihin,1
फॉरवर्ड ने फाइनल के लिए नया अभ्यास कार्यक्रम शुरू किया।,neutral,sports,1
निर्णायक मैच में गेंदबाज का सीरीज में निराशाजनक खेल टीम पर भारी पड़ा।,negative,sports,0
आपके विचार से प्रेरणा मिलती है।,positive,sentihin,2
लंबे ब्रेक के बाद एथलीट ने प्रतियोगिता में शानदार खेल दिखाकर मुश्किल स्थिति से बाहर निकली।,positive,sports,2
प्रशंसकों के सामने युवा खिलाड़ी ने क्वार्टरफाइनल में शानदार खेल दिखाकर दबदबा कायम रखा।,positive,sports,2
इस अवसर ने मुझे भविष्य के लिए प्रेरित किया।,positive,sentihin,2
मैच आज आयोजित होगा और जोड़ी इसमें हिस्सा लेगा।,neutral,sports,1
गोलकीपर ने सेमीफाइनल में बेअसर प्रदर्शन किया और उम्मीदों पर खरी नहीं उतरी।,negative,sports,0
टूर्नामेंट के अहम चरण में फॉरवर्ड मुकाबला से पहले प्रशिक्षण कर रहा है।,neutral,sports,1
आज मैंने एक सुंदर सपना देखा।,positive,sentihin,2
निर्णायक मैच में रेडर ने प्लेऑफ में बेहतरीन खेल दिखाकर महत्वपूर्ण योगदान दिया।,positive,sports,2
घरेलू मैदान पर बल्लेबाज मुकाबला से पहले प्रशिक्षण कर रहा है।,neutral,sports,1
भारतीय टीम मुकाबला के लिए टूर्नामेंट में हिस्सा ले रही है।,neutral,sports,1
Match se pehle Player ne brilliant performance diya,positive,sports,2
प्रशंसकों के सामने खिलाड़ी क्वार्टरफाइनल से पहले प्रशिक्षण कर रहा है।,neutral,sports,1
सेमीफाइनल घरेलू मैदान पर आयोजित होगा और हॉकी टीम इसमें हिस्सा लेगा।,neutral,sports,1
टूर्नामेंट के अहम चरण में भारत ने मैच से पहले प्रशिक्षण पूरा किया।,neutral,sports,1
दबाव वाले मुकाबले में भारतीय टीम ने लीग मैच में उत्कृष्ट खेल दिखाकर महत्वपूर्ण योगदान दिया।,positive,sports,2
मुझे वहाँ की भीड़ असहज लगी।,negative,sentihin,0
मुझे इसका अनुभव अच्छा लगा,positive,sentihin,2
आज खिलाड़ी लीग मैच से पहले प्रशिक्षण कर रहा है।,neutral,sports,1
युवा एथलीट ने इवेंट में फीका प्रदर्शन किया और उम्मीदों पर खरी नहीं उतरी।,negative,sports,0
लगातार तीसरे मैच में विकेटकीपर ने सीरीज में शानदार खेल दिखाकर शानदार वापसी की।,positive,sports,2
लंबे ब्रेक के बाद फॉरवर्ड मुकाबला से पहले प्रशिक्षण कर रहा है।,neutral,sports,1
मुझे इसमें कोई रुचि नहीं है।,neutral,sentihin,1
मुझे यह सब साधारण लगा।,neutral,sentihin,1
मुझे इसमें कोई रूचि नहीं है।,neutral,sentihin,1
भारतीय धावक ने प्रतियोगिता में यादगार प्रदर्शन करते हुए लगातार अच्छा प्रदर्शन किया।,positive,sports,2
प्रतियोगिता लंबे ब्रेक के बाद आयोजित होगा और एथलीट इसमें हिस्सा लेगा।,neutral,sports,1
लगातार तीसरे मैच में भारत ने ओवर में लाजवाब खेल दिखाकर महत्वपूर्ण योगदान दिया।,positive,sports,2
यह फैसला मेरे लिए बुरा रहा।,negative,sentihin,0
भारतीय शटलर ने मुकाबला के दौरान लगातार बेहतर निर्णय लिए।,positive,sports,2
यह संगीत कार्यक्रम शानदार था।,positive,sentihin,2
टूर्नामेंट के अहम चरण में कप्तान ने मुकाबला में उत्कृष्ट खेल दिखाकर लगातार अच्छा प्रदर्शन किया।,positive,sports,2
निर्णायक मैच में विकेटकीपर ने पारी में धमाकेदार खेल दिखाकर जीत दर्ज की।,positive,sports,2
तुम्हारे विचार मन को भा गए।,positive,sentihin,2
निर्णायक मैच में फॉरवर्ड ने मैच में धमाकेदार खेल दिखाकर जीत दर्ज की।,positive,sports,2
फाइनल आज आयोजित होगा और कप्तान इसमें हिस्सा लेगा।,neutral,sports,1
आज रेडर ने मैच में कई आसान मौके गंवाए।,negative,sports,0
तुम्हारे आत्मबल से ही मैं कई मुश्किलें पार कर पाया।,positive,sentihin,2
घरेलू मैदान पर टेनिस स्टार ने क्वार्टरफाइनल में कमाल का खेल दिखाकर दबदबा कायम रखा।,positive,sports,2
आज क्लब ने फाइनल में शानदार खेल दिखाकर लगातार अच्छा प्रदर्शन किया।,positive,sports,2
आज धाविका ने रेस में जबरदस्त खेल दिखाकर जीत दर्ज की।,positive,sports,2
निर्णायक मैच में डिफेंडर का लीग मैच में कमजोर खेल टीम पर भारी पड़ा।,negative,sports,0
निर्णायक मैच में जोड़ी मुकाबला से पहले प्रशिक्षण कर रहा है।,neutral,sports,1
यह अनुभव मेरे लिए सामान्य रहा।,neutral,sentihin,1
उसकी आलोचना से ठेस पहुँची।,negative,sentihin,0
प्रशंसकों के सामने गोलकीपर ने फाइनल में बेहतरीन तालमेल के साथ जीत हासिल की।,positive,sports,2
यह सेवा पूरी तरह असफल साबित हुई।,negative,sentihin,0
गेंदबाज ने मैच के लिए यात्रा कार्यक्रम साझा किया।,neutral,sports,1
आज का दिन बहुत शानदार रहा।,positive,sentihin,2
चैंपियन को गेम के लिए टीम में शामिल किया गया है।,neutral,sports,1
कप्तान की मुकाबला में कमजोर रणनीति काम नहीं आई।,negative,sports,0
यह प्रोडक्ट बेकार था,negative,sentihin,0
सेमीफाइनल निर्णायक मैच में आयोजित होगा और गोलकीपर इसमें हिस्सा लेगा।,neutral,sports,1
भारतीय शटलर ने फाइनल के लिए यात्रा कार्यक्रम साझा किया।,neutral,sports,1
यह निर्णय पूरी तरह गलत था।,negative,sentihin,0
प्रशंसकों के सामने खिलाड़ी का दौड़ में लचर खेल टीम पर भारी पड़ा।,negative,sports,0
लगातार तीसरे मैच में रेडर ने मैच में यादगार खेल दिखाकर शानदार वापसी की।,positive,sports,2
लंबे ब्रेक के बाद खिलाड़ी प्लेऑफ से पहले प्रशिक्षण कर रहा है।,neutral,sports,1
वह हमेशा सकारात्मक सोचता है।,positive,sentihin,2
घरेलू मैदान पर चैंपियन ने मैच में धमाकेदार खेल दिखाकर शानदार वापसी की।,positive,sports,2
दबाव वाले मुकाबले में फॉरवर्ड लीग मैच से पहले प्रशिक्षण कर रहा है।,neutral,sports,1
टूर्नामेंट के अहम चरण में डिफेंडर मुकाबला से पहले प्रशिक्षण कर रहा है।,neutral,sports,1
युवा एथलीट फाइनल के लिए रणनीति पर चर्चा कर रही है।,neutral,sports,1
भारतीय टीम सीरीज के लिए मैच के लिए रवाना हुई।,neutral,sports,1
फाइनल आज आयोजित होगा और युवा खिलाड़ी इसमें हिस्सा लेगा।,neutral,sports,1
प्रशंसकों के सामने युवा खिलाड़ी ने मैच से पहले प्रशिक्षण पूरा किया।,neutral,sports,1
महत्वपूर्ण मौके पर फॉरवर्ड ने मुकाबला में शानदार खेल दिखाकर महत्वपूर्ण योगदान दिया।,positive,sports,2
इस मुकाबले में खिलाड़ी ने फाइनल में जबरदस्त खेल दिखाकर मुश्किल स्थिति से बाहर निकली।,positive,sports,2
मुझे यह प्रोडक्ट बिल्कुल पसंद नहीं आया।,negative,sentihin,0
यह अवसर विशेष रहा।,positive,sentihin,2
आपकी मदद के लिए मैं दिल से आभारी हूं।,positive,sentihin,2
इस मुकाबले में कप्तान फाइनल से पहले प्रशिक्षण कर रहा है।,neutral,sports,1
मुझे इसमें कोई बदलाव नजर नहीं आया।,neutral,sentihin,1
एथलीट ने इवेंट में खराब प्रदर्शन किया और बढ़त गंवा दी।,negative,sports,0
महत्वपूर्ण मौके पर युवा शटलर ने मैच से पहले प्रशिक्षण पूरा किया।,neutral,sports,1
फॉरवर्ड ने मुकाबला में जबरदस्त प्रदर्शन करते हुए दबदबा कायम रखा।,positive,sports,2
घरेलू मैदान पर भारतीय टीम ने लीग मैच से पहले प्रशिक्षण पूरा किया।,neutral,sports,1
खिलाड़ी ने प्लेऑफ में निराशाजनक प्रदर्शन किया और लगातार गलतियां कीं।,negative,sports,0
यह कार्य मुझे नापसंद है।,negative,sentihin,0
यह फिल्म बहुत ही असफल साबित हुई।,negative,sentihin,0
विकेटकीपर अगले रन चेज से पहले कोच के साथ बैठक करेगा।,neutral,sports,1
टूर्नामेंट के अहम चरण में युवा शटलर ने सेट में कमाल का खेल दिखाकर लगातार अच्छा प्रदर्शन किया।,positive,sports,2
कप्तान क्वार्टरफाइनल के लिए रणनीति पर चर्चा कर रही है।,neutral,sports,1
दबाव वाले मुकाबले में गेंदबाज का मुकाबला में निराश करने वाला खेल टीम पर भारी पड़ा।,negative,sports,0
दौड़ घरेलू मैदान पर आयोजित होगा और खिलाड़ी इसमें हिस्सा लेगा।,neutral,sports,1
लगातार तीसरे मैच में कप्तान ने पारी में बेहतरीन तालमेल के साथ जीत हासिल की।,positive,sports,2
मुकाबला टूर्नामेंट के अहम चरण में आयोजित होगा और रेडर इसमें हिस्सा लेगा।,neutral,sports,1
टूर्नामेंट के अहम चरण में फॉरवर्ड का लीग मैच में खराब खेल टीम पर भारी पड़ा।,negative,sports,0
मुकाबला इस मुकाबले में आयोजित होगा और भारतीय शटलर इसमें हिस्सा लेगा।,neutral,sports,1
आज भारतीय टीम ने मुकाबला में लाजवाब खेल दिखाकर दबदबा कायम रखा।,positive,sports,2
लंबे ब्रेक के बाद रेडर ने फाइनल में जबरदस्त खेल दिखाकर मुकाबला अपने नाम कर लिया।,positive,sports,2
यह सेवा तटस्थ रही।,neutral,sentihin,1
लंबे ब्रेक के बाद भारतीय टीम का प्लेऑफ में निराशाजनक खेल टीम पर भारी पड़ा।,negative,sports,0
गोलकीपर मुकाबला के लिए मैच के लिए रवाना हुई।,neutral,sports,1
निर्णायक मैच में खिलाड़ी ने दौड़ में यादगार खेल दिखाकर शानदार वापसी की।,positive,sports,2
निर्णायक मैच में बल्लेबाज मुकाबला से पहले प्रशिक्षण कर रहा है।,neutral,sports,1
खिलाड़ी सेट के लिए अगले दौर के लिए पहुंची।,neutral,sports,1
मुझे इसमें कुछ भी खास नहीं लगा।,neutral,sentihin,1
खिलाड़ी प्रतियोगिता के लिए रणनीति पर चर्चा कर रही है।,neutral,sports,1
प्रशंसकों के सामने युवा खिलाड़ी ने मैच में उत्कृष्ट खेल दिखाकर शानदार वापसी की।,positive,sports,2
मुकाबला इस मुकाबले में आयोजित होगा और कप्तान इसमें हिस्सा लेगा।,neutral,sports,1
प्रशंसकों के सामने खिलाड़ी का मैच में बेअसर खेल टीम पर भारी पड़ा।,negative,sports,0
दबाव वाले मुकाबले में युवा एथलीट इवेंट से पहले प्रशिक्षण कर रहा है।,neutral,sports,1
लंबे ब्रेक के बाद भारत का सीरीज में असंगत खेल टीम पर भारी पड़ा।,negative,sports,0
घरेलू मैदान पर भारतीय टीम मैच से पहले प्रशिक्षण कर रहा है।,neutral,sports,1
निर्णायक मैच में जोड़ी का गेम में बेअसर खेल टीम पर भारी पड़ा।,negative,sports,0
इस कहानी ने मुझे बहुत प्रेरित किया।,positive,sentihin,2
इस मुकाबले में गोलकीपर ने फाइनल में बेहतरीन खेल दिखाकर दबदबा कायम रखा।,positive,sports,2
जोड़ी ने फाइनल के लिए नया अभ्यास कार्यक्रम शुरू किया।,neutral,sports,1
दबाव वाले मुकाबले में गोलकीपर ने फाइनल से पहले प्रशिक्षण पूरा किया।,neutral,sports,1
दबाव वाले मुकाबले में चैंपियन ने गेम से पहले प्रशिक्षण पूरा किया।,neutral,sports,1
युवा खिलाड़ी क्वार्टरफाइनल के लिए प्रशिक्षण जारी रखे हुए है।,neutral,sports,1
टूर्नामेंट के अहम चरण में कप्तान का क्वार्टरफाइनल में बेअसर खेल टीम पर भारी पड़ा।,negative,sports,0
दबाव वाले मुकाबले में टेनिस स्टार का क्वार्टरफाइनल में निराशाजनक खेल टीम पर भारी पड़ा।,negative,sports,0
भारतीय टीम लीग मैच के लिए अगले मुकाबले की तैयारी कर रही है।,neutral,sports,1
प्रशंसकों के सामने खिलाड़ी ने सेट से पहले प्रशिक्षण पूरा किया।,neutral,sports,1
टूर्नामेंट के अहम चरण में खिलाड़ी ने क्वार्टरफाइनल से पहले प्रशिक्षण पूरा किया।,neutral,sports,1
दबाव वाले मुकाबले में भारतीय धावक प्रतियोगिता से पहले प्रशिक्षण कर रहा है।,neutral,sports,1
मुझे इस मोबाइल की बैटरी लाइफ से निराशा हुई।,negative,sentihin,0
वह उत्पाद अत्यंत उपयोगी साबित हुआ।,positive,sentihin,2
तुम्हारा आत्मविश्वास प्रेरित करता है।,positive,sentihin,2
महत्वपूर्ण मौके पर खिलाड़ी का क्वार्टरफाइनल में लचर खेल टीम पर भारी पड़ा।,negative,sports,0
तुम्हारा धैर्य हमेशा मुझे चकित करता है।,positive,sentihin,2
लगातार तीसरे मैच में डिफेंडर ने लीग मैच से पहले प्रशिक्षण पूरा किया।,neutral,sports,1
यह सूर्यास्त का दृश्य बहुत रोमांटिक था।,positive,sentihin,2
यह सेवा बहुत महंगी और अनावश्यक है।,negative,sentihin,0
आज चैंपियन का फाइनल में बेअसर खेल टीम पर भारी पड़ा।,negative,sports,0
महत्वपूर्ण मौके पर युवा खिलाड़ी ने मुकाबला में जबरदस्त खेल दिखाकर मुकाबला अपने नाम कर लिया।,positive,sports,2
मुझे इसमें कोई नई बात नहीं लगी।,neutral,sentihin,1
टूर्नामेंट के अहम चरण में एथलीट का रेस में खराब खेल टीम पर भारी पड़ा।,negative,sports,0
लगातार तीसरे मैच में खिलाड़ी ने फाइनल में धमाकेदार खेल दिखाकर जीत दर्ज की।,positive,sports,2
मुझे इससे कोई खास प्रेरणा नहीं मिली।,neutral,sentihin,1
निर्णायक मैच में कप्तान ने मैच से पहले प्रशिक्षण पूरा किया।,neutral,sports,1
यह निर्णय मेरे लिए उचित था,positive,sentihin,2
कप्तान ने लीग मैच में लचर प्रदर्शन किया और मुकाबला गंवा दिया।,negative,sports,0
तुम्हारा सहयोग सराहनीय है।,positive,sentihin,2
घरेलू मैदान पर धाविका रेस से पहले प्रशिक्षण कर रहा है।,neutral,sports,1
आपकी सोच हमेशा प्रेरणा देती है।,positive,sentihin,2
सेट घरेलू मैदान पर आयोजित होगा और भारतीय शटलर इसमें हिस्सा लेगा।,neutral,sports,1
टूर्नामेंट के अहम चरण में युवा शटलर ने मैच में शानदार खेल दिखाकर लगातार अच्छा प्रदर्शन किया।,positive,sports,2
उसकी बातों से मुझे गुस्सा आया।,negative,sentihin,0
लगातार तीसरे मैच में कप्तान ने मैच में कमाल का खेल दिखाकर जीत दर्ज की।,positive,sports,2
क्लब ने लीग मैच में कमजोर प्रदर्शन किया और लगातार गलतियां कीं।,negative,sports,0
मैं इस व्यक्ति से परेशान हूं।,negative,sentihin,0
इस मुकाबले में खिलाड़ी का मैच में बेअसर खेल टीम पर भारी पड़ा।,negative,sports,0
भारतीय टीम ने फाइनल में लचर प्रदर्शन किया और मुकाबला गंवा दिया।,negative,sports,0
मुझे वहाँ का अनुभव खराब लगा।,negative,sentihin,0
दबाव वाले मुकाबले में भारत का मैच में फीका खेल टीम पर भारी पड़ा।,negative,sports,0
लंबे ब्रेक के बाद गोलकीपर ने फाइनल में लाजवाब खेल दिखाकर मुश्किल स्थिति से बाहर निकली।,positive,sports,2
घरेलू मैदान पर डिफेंडर ने फाइनल में जबरदस्त खेल दिखाकर शानदार वापसी की।,positive,sports,2
गोलकीपर सेमीफाइनल के लिए अगले दौर के लिए पहुंची।,neutral,sports,1
पारी निर्णायक मैच में आयोजित होगा और भारत इसमें हिस्सा लेगा।,neutral,sports,1
घरेलू मैदान पर कप्तान रन चेज से पहले प्रशिक्षण कर रहा है।,neutral,sports,1
मुझे वहाँ की अव्यवस्था परेशान कर गई।,negative,sentihin,0
निर्णायक मैच में खिलाड़ी का गेम में असंगत खेल टीम पर भारी पड़ा।,negative,sports,0
हॉकी टीम मैच के लिए अभ्यास सत्र में शामिल हुई।,neutral,sports,1
यह घटना बहुत कष्टकारी रही।,negative,sentihin,0
धाविका की इवेंट में फीका रणनीति काम नहीं आई।,negative,sports,0
निर्णायक मैच में गोलकीपर ने सेमीफाइनल में धमाकेदार खेल दिखाकर मुश्किल स्थिति से बाहर निकली।,positive,sports,2
लगातार तीसरे मैच में भारतीय टीम ने मैच में लाजवाब खेल दिखाकर दबदबा कायम रखा।,positive,sports,2
दबाव वाले मुकाबले में खिलाड़ी ने मुकाबला में बेहतरीन खेल दिखाकर मुकाबला अपने नाम कर लिया।,positive,sports,2
इस मुकाबले में कप्तान का फाइनल में कमजोर खेल टीम पर भारी पड़ा।,negative,sports,0
दबाव वाले मुकाबले में धाविका का इवेंट में खराब खेल टीम पर भारी पड़ा।,negative,sports,0
डिफेंडर मुकाबला के लिए रणनीति पर चर्चा कर रही है।,neutral,sports,1
महत्वपूर्ण मौके पर भारतीय टीम ने फाइनल में बेहतरीन खेल दिखाकर लगातार अच्छा प्रदर्शन किया।,positive,sports,2
इस मुकाबले में कप्तान ने मैच में यादगार खेल दिखाकर शानदार वापसी की।,positive,sports,2
वह फिल्म प्रेरणादायक थी।,positive,sentihin,2
खिलाड़ी ने लीग मैच में खराब प्रदर्शन किया और लगातार गलतियां कीं।,negative,sports,0
निर्णायक मैच में खिलाड़ी ने रेस में जबरदस्त खेल दिखाकर शानदार वापसी की।,positive,sports,2
यह जानकारी मेरे लिए कोई खास महत्व नहीं रखती।,neutral,sentihin,1
दबाव वाले मुकाबले में भारतीय टीम ने सेमीफाइनल में यादगार खेल दिखाकर मुकाबला अपने नाम कर लिया।,positive,sports,2
मुझे इसमें कोई रुचि नहीं।,neutral,sentihin,1
आज रविवार है।,neutral,sentihin,1
इस मुकाबले में गोलकीपर ने सेमीफाइनल में धमाकेदार खेल दिखाकर मुकाबला अपने नाम कर लिया।,positive,sports,2
महत्वपूर्ण मौके पर कप्तान मुकाबला से पहले प्रशिक्षण कर रहा है।,neutral,sports,1
वह दिन मेरी जिंदगी का सबसे दुखद दिन था।,negative,sentihin,0
यह सफलता मेरे लिए गौरव की बात है।,positive,sentihin,2
तुम्हारे समर्थन से ही मैंने मुश्किल हालात को पार किया।,positive,sentihin,2
लगातार तीसरे मैच में भारतीय शटलर का मैच में फीका खेल टीम पर भारी पड़ा।,negative,sports,0
निर्णायक मैच में भारतीय टीम ने सीरीज में कमाल का खेल दिखाकर महत्वपूर्ण योगदान दिया।,positive,sports,2
आपके विचार सुनकर प्रेरणा मिली।,positive,sentihin,2
आज गोलकीपर ने मैच से पहले प्रशिक्षण पूरा किया।,neutral,sports,1
घरेलू मैदान पर गोलकीपर का सेमीफाइनल में असंगत खेल टीम पर भारी पड़ा।,negative,sports,0
आपकी मदद मेरे लिए सदा महत्वपूर्ण रहेगी।,positive,sentihin,2
महत्वपूर्ण मौके पर खिलाड़ी का सेट में लचर खेल टीम पर भारी पड़ा।,negative,sports,0
खिलाड़ी ने फाइनल में कमजोर प्रदर्शन किया और अपनी लय खो दी।,negative,sports,0
होटल के कमरे बेहद संकरे थे,negative,sentihin,0
खिलाड़ी दौड़ के लिए टूर्नामेंट में हिस्सा ले रही है।,neutral,sports,1
टूर्नामेंट के अहम चरण में रेडर का मुकाबला में लचर खेल टीम पर भारी पड़ा।,negative,sports,0
यह खाना बहुत खराब था।,negative,sentihin,0
टूर्नामेंट के अहम चरण में एथलीट ने दौड़ में जबरदस्त खेल दिखाकर मुश्किल स्थिति से बाहर निकली।,positive,sports,2
महत्वपूर्ण मौके पर जोड़ी ने सेट में उत्कृष्ट खेल दिखाकर जीत दर्ज की।,positive,sports,2
आपका व्यवहार बहुत अच्छा है।,positive,sentihin,2
मुझे यह काम करने में कठिनाई हो रही है।,negative,sentihin,0
टूर्नामेंट के अहम चरण में भारतीय टीम ने सेमीफाइनल में धमाकेदार खेल दिखाकर शानदार वापसी की।,positive,sports,2
खिलाड़ी ने क्वार्टरफाइनल के लिए तैयारी शुरू कर दी।,neutral,sports,1
आज खिलाड़ी प्रतियोगिता से पहले प्रशिक्षण कर रहा है।,neutral,sports,1
कप्तान ने रन चेज में धमाकेदार प्रदर्शन करते हुए मुकाबला अपने नाम कर लिया।,positive,sports,2
लंबे ब्रेक के बाद फॉरवर्ड का सेमीफाइनल में असंगत खेल टीम पर भारी पड़ा।,negative,sports,0
तुम्हारी मेहनत और ईमानदारी का कोई जवाब नहीं।,positive,sentihin,2
लीग मैच दबाव वाले मुकाबले में आयोजित होगा और भारतीय टीम इसमें हिस्सा लेगा।,neutral,sports,1
भारतीय टीम ने मुकाबला में बेअसर प्रदर्शन किया और मुकाबला गंवा दिया।,negative,sports,0
इस विषय में कुछ भी कहना मेरे लिए कठिन है।,neutral,sentihin,1
यह यात्रा पूरी तरह असफल थी।,negative,sentihin,0
प्रशंसकों के सामने भारतीय धावक ने फाइनल से पहले प्रशिक्षण पूरा किया।,neutral,sports,1
फॉरवर्ड ने मैच में बेअसर प्रदर्शन किया और बढ़त गंवा दी।,negative,sports,0
इस मुकाबले में विकेटकीपर ने सीरीज में शानदार खेल दिखाकर महत्वपूर्ण योगदान दिया।,positive,sports,2
लीग मैच दबाव वाले मुकाबले में आयोजित होगा और डिफेंडर इसमें हिस्सा लेगा।,neutral,sports,1
फॉरवर्ड ने मैच में खराब प्रदर्शन किया और अपनी लय खो दी।,negative,sports,0
लगातार तीसरे मैच में खिलाड़ी प्लेऑफ से पहले प्रशिक्षण कर रहा है।,neutral,sports,1
उसकी बेरुखी ने मेरे दिल में कई सवाल खड़े कर दिए।,negative,sentihin,0
भारतीय टीम ने मैच में निराश करने वाला प्रदर्शन किया और बढ़त गंवा दी।,negative,sports,0
यह प्रोडक्ट खराब था,negative,sentihin,0
इस मुकाबले में भारतीय टीम का मैच में असंगत खेल टीम पर भारी पड़ा।,negative,sports,0
लंबे ब्रेक के बाद भारतीय धावक ने इवेंट में लाजवाब खेल दिखाकर दबदबा कायम रखा।,positive,sports,2
एथलीट ने रेस में फीका प्रदर्शन किया और दबाव में बिखर गई।,negative,sports,0
यह अनुभव शानदार था,positive,sentihin,2
चैंपियन फाइनल के लिए अभ्यास सत्र में शामिल हुई।,neutral,sports,1
मुझे यह काम करने में बहुत दिक्कत हो रही है।,negative,sentihin,0
घरेलू मैदान पर रेडर ने लीग मैच में जबरदस्त खेल दिखाकर मुकाबला अपने नाम कर लिया।,positive,sports,2
वह सेवा अत्यंत उत्कृष्ट थी।,positive,sentihin,2
एथलीट ने दौड़ में निराश करने वाला खेल दिखाया और टीम को नुकसान हुआ।,negative,sports,0
आज बल्लेबाज का मैच में फीका खेल टीम पर भारी पड़ा।,negative,sports,0
टूर्नामेंट के अहम चरण में जोड़ी ने फाइनल में लाजवाब खेल दिखाकर लगातार अच्छा प्रदर्शन किया।,positive,sports,2
घरेलू मैदान पर बल्लेबाज ने पारी में बेहतरीन तालमेल के साथ जीत हासिल की।,positive,sports,2
यह गाना मेरे दिल को छू गया।,positive,sentihin,2
इस मुकाबले में कप्तान ने रन चेज में बेहतरीन खेल दिखाकर जीत दर्ज की।,positive,sports,2
आज भारतीय टीम का मैच में निराश करने वाला खेल टीम पर भारी पड़ा।,negative,sports,0
यह कंपनी का रवैया बहुत अशिष्ट है।,negative,sentihin,0
आज गेंदबाज ओवर से पहले प्रशिक्षण कर रहा है।,neutral,sports,1
एथलीट ने दौड़ में फीका प्रदर्शन किया और उम्मीदों पर खरी नहीं उतरी।,negative,sports,0
युवा शटलर मैच के लिए अगले दौर के लिए पहुंची।,neutral,sports,1
भारतीय खिलाड़ी ने मैच में खराब प्रदर्शन किया और उम्मीदों पर खरी नहीं उतरी।,negative,sports,0
मेरे दोस्त की नई नौकरी बहुत अच्छी है।,positive,sentihin,2
भारतीय धावक ने दौड़ में निराश करने वाला प्रदर्शन किया और उम्मीदों पर खरी नहीं उतरी।,negative,sports,0
Pressure ke beech Team aaj ke match ke liye ready hai,neutral,sports,1
मैच घरेलू मैदान पर आयोजित होगा और चैंपियन इसमें हिस्सा लेगा।,neutral,sports,1
खाना ताजगी से भरा था,positive,sentihin,2
गेंदबाज के शानदार प्रदर्शन ने पारी का रुख बदल दिया।,positive,sports,2
महत्वपूर्ण मौके पर खिलाड़ी का दौड़ में असंगत खेल टीम पर भारी पड़ा।,negative,sports,0
लगातार तीसरे मैच में डिफेंडर ने प्लेऑफ से पहले प्रशिक्षण पूरा किया।,neutral,sports,1
दबाव वाले मुकाबले में कप्तान का पारी में असंगत खेल टीम पर भारी पड़ा।,negative,sports,0
प्रशंसकों के सामने एथलीट रेस से पहले प्रशिक्षण कर रहा है।,neutral,sports,1
तुम्हारे आत्मबल ने मेरे अंदर साहस भरा।,positive,sentihin,2
डिफेंडर ने सेमीफाइनल में लचर प्रदर्शन किया और उम्मीदों पर खरी नहीं उतरी।,negative,sports,0
प्रतियोगिता निर्णायक मैच में आयोजित होगा और युवा एथलीट इसमें हिस्सा लेगा।,neutral,sports,1
प्रतियोगिता प्रशंसकों के सामने आयोजित होगा और भारतीय धावक इसमें हिस्सा लेगा।,neutral,sports,1
विकेटकीपर ने मैच में असंगत प्रदर्शन किया और मुकाबला गंवा दिया।,negative,sports,0
महत्वपूर्ण मौके पर गेंदबाज सीरीज से पहले प्रशिक्षण कर रहा है।,neutral,sports,1
धाविका दबाव के कारण कठिन इवेंट में लय नहीं बना सका।,negative,sports,0
मुझे यह सॉफ्टवेयर बिल्कुल पसंद नहीं आया।,negative,sentihin,0
डिफेंडर ने फाइनल में उत्कृष्ट प्रदर्शन करते हुए मुश्किल स्थिति से बाहर निकली।,positive,sports,2
महत्वपूर्ण मौके पर खिलाड़ी सेट से पहले प्रशिक्षण कर रहा है।,neutral,sports,1
दबाव वाले मुकाबले में बल्लेबाज रन चेज से पहले प्रशिक्षण कर रहा है।,neutral,sports,1
खिलाड़ी ने दौड़ में बेअसर प्रदर्शन किया और महत्वपूर्ण मौका गंवाया।,negative,sports,0
मुझे इसमें कोई विचार व्यक्त नहीं करना है।,neutral,sentihin,1
निर्णायक मैच में गेंदबाज ने मुकाबला में बेहतरीन खेल दिखाकर मुकाबला अपने नाम कर लिया।,positive,sports,2
निर्णायक मैच में भारतीय धावक का रेस में असंगत खेल टीम पर भारी पड़ा।,negative,sports,0
भारतीय शटलर सेट के लिए अगले दौर के लिए पहुंची।,neutral,sports,1
मौसम आज ठीक ठाक है।,neutral,sentihin,1
लंबे ब्रेक के बाद भारतीय धावक ने दौड़ में धमाकेदार खेल दिखाकर दबदबा कायम रखा।,positive,sports,2
निर्णायक मैच में जोड़ी ने सेट में लाजवाब खेल दिखाकर महत्वपूर्ण योगदान दिया।,positive,sports,2
इस मुकाबले में गोलकीपर ने मैच में कई आसान मौके गंवाए।,negative,sports,0
महत्वपूर्ण मौके पर बल्लेबाज ने पारी में यादगार खेल दिखाकर जीत दर्ज की।,positive,sports,2
मेरे भाई ने आज एक नई कार खरीदी।,positive,sentihin,2
फाइनल इस मुकाबले में आयोजित होगा और एथलीट इसमें हिस्सा लेगा।,neutral,sports,1
धाविका ने दौड़ में खराब प्रदर्शन किया और उम्मीदों पर खरी नहीं उतरी।,negative,sports,0
आज फॉरवर्ड मुकाबला से पहले प्रशिक्षण कर रहा है।,neutral,sports,1
Aaj Team ne pressure mein solid finish kiya,positive,sports,2
उसका व्यवहार हर बार मुझे निराश करता रहा है।,negative,sentihin,0
मुझे इस पर भरोसा नहीं है,negative,sentihin,0
आज टेनिस स्टार ने मुकाबला में लाजवाब खेल दिखाकर शानदार वापसी की।,positive,sports,2
महत्वपूर्ण मौके पर भारत ने मैच में बेहतरीन खेल दिखाकर जीत दर्ज की।,positive,sports,2
कप्तान ने मुकाबला में कमाल का प्रदर्शन करते हुए दबदबा कायम रखा।,positive,sports,2
इस मामले में कोई निष्कर्ष पर पहुँचना कठिन है।,neutral,sentihin,1
तुम्हारे काम की सादगी में एक अलग ही सुंदरता है।,positive,sentihin,2
महत्वपूर्ण मौके पर कप्तान ने फाइनल में यादगार खेल दिखाकर जीत दर्ज की।,positive,sports,2
मैच से पहले टीम दबाव में पूरी तरह बिखर गई।,negative,sports,0
लगातार तीसरे मैच में गोलकीपर का मुकाबला में असंगत खेल टीम पर भारी पड़ा।,negative,sports,0
लंबे ब्रेक के बाद भारतीय शटलर ने गेम में जबरदस्त खेल दिखाकर लगातार अच्छा प्रदर्शन किया।,positive,sports,2
ओवर महत्वपूर्ण मौके पर आयोजित होगा और विकेटकीपर इसमें हिस्सा लेगा।,neutral,sports,1
भारतीय टीम ने फाइनल में निराश करने वाला प्रदर्शन किया और दबाव में बिखर गई।,negative,sports,0
रिव्यू पढ़कर सही निर्णय लेने में मदद मिली,positive,sentihin,2
दबाव वाले मुकाबले में कप्तान का मुकाबला में निराश करने वाला खेल टीम पर भारी पड़ा।,negative,sports,0
लंबे ब्रेक के बाद युवा एथलीट रेस से पहले प्रशिक्षण कर रहा है।,neutral,sports,1
यह निर्णय पूरी तरह विफल साबित हुआ।,negative,sentihin,0
फाइनल लगातार तीसरे मैच में आयोजित होगा और हॉकी टीम इसमें हिस्सा लेगा।,neutral,sports,1
सेट लंबे ब्रेक के बाद आयोजित होगा और खिलाड़ी इसमें हिस्सा लेगा।,neutral,sports,1
आपकी मदद मेरे लिए अमूल्य है।,positive,sentihin,2
दबाव वाले मुकाबले में बल्लेबाज ने पारी में शानदार खेल दिखाकर जीत दर्ज की।,positive,sports,2
कप्तान ने लीग मैच में उत्कृष्ट प्रदर्शन करते हुए जीत दर्ज की।,positive,sports,2
इस मुकाबले में भारतीय टीम का मैच में खराब खेल टीम पर भारी पड़ा।,negative,sports,0
खिलाड़ी के इवेंट में यादगार प्रदर्शन से टीम को फायदा हुआ।,positive,sports,2
मुझे यह रंग पसंद नहीं है।,negative,sentihin,0
प्रशंसकों के सामने युवा खिलाड़ी ने फाइनल में शानदार खेल दिखाकर जीत दर्ज की।,positive,sports,2
लंबे ब्रेक के बाद बल्लेबाज ने मैच में कई आसान मौके गंवाए।,negative,sports,0
फाइनल निर्णायक मैच में आयोजित होगा और गोलकीपर इसमें हिस्सा लेगा।,neutral,sports,1
लगातार तीसरे मैच में एथलीट ने रेस में धमाकेदार खेल दिखाकर जीत दर्ज की।,positive,sports,2
मुकाबला प्रशंसकों के सामने आयोजित होगा और टेनिस स्टार इसमें हिस्सा लेगा।,neutral,sports,1
प्रशंसकों के सामने भारत का मैच में खराब खेल टीम पर भारी पड़ा।,negative,sports,0
लंबे ब्रेक के बाद विकेटकीपर ओवर से पहले प्रशिक्षण कर रहा है।,neutral,sports,1
आज दोनों टीमों ने मैच से पहले प्रशिक्षण किया।,neutral,sports,1
Match se pehle Team ka performance bahut disappointing raha,negative,sports,0
इस पर मेरी राय अधूरी है।,neutral,sentihin,1
डिफेंडर के सेमीफाइनल में उत्कृष्ट प्रदर्शन से टीम को फायदा हुआ।,positive,sports,2
महत्वपूर्ण मौके पर गेंदबाज ने रन चेज में उत्कृष्ट खेल दिखाकर शानदार वापसी की।,positive,sports,2
यह यात्रा पूरी तरह निराशाजनक रही।,negative,sentihin,0
निर्णायक मैच में हॉकी टीम ने लीग मैच में जबरदस्त खेल दिखाकर मुश्किल स्थिति से बाहर निकली।,positive,sports,2
लगातार तीसरे मैच में भारतीय टीम का सेमीफाइनल में निराश करने वाला खेल टीम पर भारी पड़ा।,negative,sports,0
घरेलू मैदान पर भारतीय खिलाड़ी का फाइनल में खराब खेल टीम पर भारी पड़ा।,negative,sports,0
आज खिलाड़ी ने फाइनल में लाजवाब खेल दिखाकर महत्वपूर्ण योगदान दिया।,positive,sports,2
खिलाड़ी मुकाबला के लिए अगले मुकाबले की तैयारी कर रही है।,neutral,sports,1
महत्वपूर्ण मौके पर भारतीय टीम सेमीफाइनल से पहले प्रशिक्षण कर रहा है।,neutral,sports,1
वह होटल की सेवा प्रशंसनीय थी।,positive,sentihin,2
गोलकीपर ने मैच में शानदार प्रदर्शन करते हुए दबदबा कायम रखा।,positive,sports,2
प्रतियोगिता महत्वपूर्ण मौके पर आयोजित होगा और युवा एथलीट इसमें हिस्सा लेगा।,neutral,sports,1
आज कप्तान का लीग मैच में असंगत खेल टीम पर भारी पड़ा।,negative,sports,0
इस मुकाबले में युवा खिलाड़ी ने मैच में उत्कृष्ट खेल दिखाकर दबदबा कायम रखा।,positive,sports,2
रेडर ने फाइनल के लिए नया अभ्यास कार्यक्रम शुरू किया।,neutral,sports,1
आज डिफेंडर ने फाइनल में जबरदस्त खेल दिखाकर मुकाबला अपने नाम कर लिया।,positive,sports,2
लंबे ब्रेक के बाद क्लब ने मैच में यादगार खेल दिखाकर मुकाबला अपने नाम कर लिया।,positive,sports,2
घरेलू मैदान पर भारतीय टीम ने मैच में यादगार खेल दिखाकर शानदार वापसी की।,positive,sports,2
दबाव वाले मुकाबले में कप्तान ने फाइनल में यादगार खेल दिखाकर दबदबा कायम रखा।,positive,sports,2
दबाव वाले मुकाबले में खिलाड़ी ने गेम में बेहतरीन तालमेल के साथ जीत हासिल की।,positive,sports,2
घरेलू मैदान पर खिलाड़ी ने मैच में लाजवाब खेल दिखाकर मुकाबला अपने नाम कर लिया।,positive,sports,2
मैं रोज़ाना अपने पड़ोसियों से मिलता हूं।,neutral,sentihin,1
एथलीट ने रेस में लचर प्रदर्शन किया और अपनी लय खो दी।,negative,sports,0
आज खिलाड़ी का प्रतियोगिता में फीका खेल टीम पर भारी पड़ा।,negative,sports,0
इस विषय पर मेरी कोई सोच नहीं है।,neutral,sentihin,1
मैं रोज़ाना अपने स्वास्थ्य का ध्यान रखता हूं।,neutral,sentihin,1
मैच प्रशंसकों के सामने आयोजित होगा और कप्तान इसमें हिस्सा लेगा।,neutral,sports,1
मुझे यह काम बहुत बोरिंग और मुश्किल लगता है।,negative,sentihin,0
खिलाड़ी ने मैच में खराब प्रदर्शन किया और अपनी लय खो दी।,negative,sports,0
इस मुकाबले में फॉरवर्ड ने सेमीफाइनल में बेहतरीन खेल दिखाकर महत्वपूर्ण योगदान दिया।,positive,sports,2
लंबे ब्रेक के बाद डिफेंडर का लीग मैच में फीका खेल टीम पर भारी पड़ा।,negative,sports,0
फाइनल दबाव वाले मुकाबले में आयोजित होगा और हॉकी टीम इसमें हिस्सा लेगा।,neutral,sports,1
सीरीज इस मुकाबले में आयोजित होगा और भारतीय टीम इसमें हिस्सा लेगा।,neutral,sports,1
इस मुकाबले में विकेटकीपर ने सीरीज में यादगार खेल दिखाकर लगातार अच्छा प्रदर्शन किया।,positive,sports,2
भारतीय धावक की मेहनत से रेस में टीम का आत्मविश्वास बढ़ा।,positive,sports,2
लंबे ब्रेक के बाद खिलाड़ी का सेट में असंगत खेल टीम पर भारी पड़ा।,negative,sports,0
वह परिस्थिति इतनी अपमानजनक थी कि शब्द नहीं मिल रहे।,negative,sentihin,0
प्रशंसकों के सामने भारत ने रन चेज में जबरदस्त खेल दिखाकर महत्वपूर्ण योगदान दिया।,positive,sports,2
भारतीय धावक ने दौड़ में बेहतरीन प्रदर्शन करते हुए मुकाबला अपने नाम कर लिया।,positive,sports,2
उसका रवैया बहुत निराशाजनक था।,negative,sentihin,0
यह अनुभव तटस्थ रहा।,neutral,sentihin,1
लगातार तीसरे मैच में रेडर ने लीग मैच में बेहतरीन खेल दिखाकर शानदार वापसी की।,positive,sports,2
घरेलू मैदान पर रेडर ने मैच में धमाकेदार खेल दिखाकर दबदबा कायम रखा।,positive,sports,2
लंबे ब्रेक के बाद धाविका ने दौड़ में धमाकेदार खेल दिखाकर मुकाबला अपने नाम कर लिया।,positive,sports,2
खिलाड़ी ने मुकाबला में निराश करने वाला प्रदर्शन किया और दबाव में बिखर गई।,negative,sports,0
निर्णायक मैच में विकेटकीपर मुकाबला से पहले प्रशिक्षण कर रहा है।,neutral,sports,1
आज गेंदबाज पारी से पहले प्रशिक्षण कर रहा है।,neutral,sports,1
युवा एथलीट ने दौड़ में असंगत प्रदर्शन किया और मुकाबला गंवा दिया।,negative,sports,0
आज भारतीय टीम ओवर से पहले प्रशिक्षण कर रहा है।,neutral,sports,1
सेट महत्वपूर्ण मौके पर आयोजित होगा और टेनिस स्टार इसमें हिस्सा लेगा।,neutral,sports,1
प्रशंसकों के सामने गोलकीपर का मुकाबला में कमजोर खेल टीम पर भारी पड़ा।,negative,sports,0
आज फॉरवर्ड ने सेमीफाइनल में उत्कृष्ट खेल दिखाकर महत्वपूर्ण योगदान दिया।,positive,sports,2
फाइनल इस मुकाबले में आयोजित होगा और डिफेंडर इसमें हिस्सा लेगा।,neutral,sports,1
शाम के मुकाबले में खिलाड़ी लगातार अपनी लय खोते रहे।,negative,sports,0
टूर्नामेंट के अहम चरण में रेडर ने मुकाबला में कमाल का खेल दिखाकर महत्वपूर्ण योगदान दिया।,positive,sports,2
निर्णायक मैच में डिफेंडर ने फाइनल से पहले प्रशिक्षण पूरा किया।,neutral,sports,1
लगातार तीसरे मैच में कप्तान का सीरीज में लचर खेल टीम पर भारी पड़ा।,negative,sports,0
महत्वपूर्ण मौके पर युवा एथलीट का प्रतियोगिता में लचर खेल टीम पर भारी पड़ा।,negative,sports,0
घरेलू मैदान पर भारतीय शटलर का मैच में कमजोर खेल टीम पर भारी पड़ा।,negative,sports,0
इवेंट इस मुकाबले में आयोजित होगा और युवा एथलीट इसमें हिस्सा लेगा।,neutral,sports,1
खिलाड़ी ने मैच में निराशाजनक खेल दिखाया और टीम को नुकसान हुआ।,negative,sports,0
चैंपियन ने मैच में फीका प्रदर्शन किया और दबाव में बिखर गई।,negative,sports,0
लगातार तीसरे मैच में टेनिस स्टार का क्वार्टरफाइनल में फीका खेल टीम पर भारी पड़ा।,negative,sports,0
घरेलू मैदान पर खिलाड़ी ने मैच में बेहतरीन खेल दिखाकर मुकाबला अपने नाम कर लिया।,positive,sports,2
धाविका फाइनल के लिए टूर्नामेंट में हिस्सा ले रही है।,neutral,sports,1
निर्णायक मैच में भारतीय शटलर ने सेट में शानदार खेल दिखाकर महत्वपूर्ण योगदान दिया।,positive,sports,2
भारत ने ओवर में फीका प्रदर्शन किया और मुकाबला गंवा दिया।,negative,sports,0
दबाव वाले मुकाबले में युवा एथलीट ने दौड़ में जबरदस्त खेल दिखाकर दबदबा कायम रखा।,positive,sports,2
ऑनलाइन खरीददारी सरल और तेज थी,positive,sentihin,2
दबाव वाले मुकाबले में गेंदबाज ने रन चेज में शानदार खेल दिखाकर महत्वपूर्ण योगदान दिया।,positive,sports,2
प्रशंसकों के सामने भारत ने रन चेज में शानदार खेल दिखाकर मुकाबला अपने नाम कर लिया।,positive,sports,2
टूर्नामेंट के अहम चरण में एथलीट रेस से पहले प्रशिक्षण कर रहा है।,neutral,sports,1
टूर्नामेंट के अहम चरण में जोड़ी ने फाइनल में उत्कृष्ट खेल दिखाकर महत्वपूर्ण योगदान दिया।,positive,sports,2
कप्तान पारी के लिए अगले दौर के लिए पहुंची।,neutral,sports,1
मैं ट्रेन में यात्रा करता हूं।,neutral,sentihin,1
निर्णायक मैच में भारतीय टीम ने सेमीफाइनल से पहले प्रशिक्षण पूरा किया।,neutral,sports,1
रन चेज निर्णायक मैच में आयोजित होगा और भारत इसमें हिस्सा लेगा।,neutral,sports,1
निर्णायक मैच में रेडर का फाइनल में खराब खेल टीम पर भारी पड़ा।,negative,sports,0
निर्णायक मैच में भारतीय टीम मुकाबला से पहले प्रशिक्षण कर रहा है।,neutral,sports,1
तुम्हारा साथ अनमोल है।,positive,sentihin,2
मैं इस निर्णय से सहमत भी नहीं हूं असहमत भी नहीं।,neutral,sentihin,1
आज टेनिस स्टार का क्वार्टरफाइनल में लचर खेल टीम पर भारी पड़ा।,negative,sports,0
प्रशंसकों के सामने खिलाड़ी ने क्वार्टरफाइनल में लाजवाब खेल दिखाकर शानदार वापसी की।,positive,sports,2
इस मुकाबले में कप्तान ने सेट से पहले प्रशिक्षण पूरा किया।,neutral,sports,1
आज फॉरवर्ड ने मुकाबला में कई आसान मौके गंवाए।,negative,sports,0
मैं रोज़ाना अपने गुरु को प्रणाम करता हूं।,neutral,sentihin,1
दबाव वाले मुकाबले में गोलकीपर का सेमीफाइनल में असंगत खेल टीम पर भारी पड़ा।,negative,sports,0
क्वार्टरफाइनल इस मुकाबले में आयोजित होगा और कप्तान इसमें हिस्सा लेगा।,neutral,sports,1
यह निर्णय पूरी तरह असंवेदनशील था।,negative,sentihin,0
बल्लेबाज सीरीज के लिए टूर्नामेंट में हिस्सा ले रही है।,neutral,sports,1
हॉकी टीम के फाइनल में बेहतरीन प्रदर्शन से टीम को फायदा हुआ।,positive,sports,2
गेम आज आयोजित होगा और चैंपियन इसमें हिस्सा लेगा।,neutral,sports,1
भारतीय टीम ने लीग मैच में निराशाजनक प्रदर्शन किया और अपनी लय खो दी।,negative,sports,0
आपके शब्द हमेशा प्रेरणा देते हैं।,positive,sentihin,2
प्रशंसकों के सामने जोड़ी ने मैच में बेहतरीन खेल दिखाकर मुकाबला अपने नाम कर लिया।,positive,sports,2
लीग मैच इस मुकाबले में आयोजित होगा और भारतीय टीम इसमें हिस्सा लेगा।,neutral,sports,1
टूर्नामेंट के अहम चरण में चैंपियन ने फाइनल से पहले प्रशिक्षण पूरा किया।,neutral,sports,1
मुझे यह स्थिति बहुत सामान्य लगी।,neutral,sentihin,1
इस जगह की खूबसूरती अद्वितीय है,positive,sentihin,2
इस अनुभव ने मुझे अपने लक्ष्य के प्रति सजग किया।,positive,sentihin,2
लगातार तीसरे मैच में भारतीय टीम का मैच में बेअसर खेल टीम पर भारी पड़ा।,negative,sports,0
जोड़ी ने मुकाबला में शानदार प्रदर्शन करते हुए मुकाबला अपने नाम कर लिया।,positive,sports,2
उसकी चुप्पी ने सबको उलझन में डाल दिया।,negative,sentihin,0
वह क्षण मेरे लिए बेहद अपमानजनक साबित हुआ।,negative,sentihin,0
मुझे वहाँ की स्थिति से असुविधा हुई।,negative,sentihin,0
एथलीट की इवेंट में निराश करने वाला रणनीति काम नहीं आई।,negative,sports,0
लगातार तीसरे मैच में कप्तान का सेट में बेअसर खेल टीम पर भारी पड़ा।,negative,sports,0
मुझे यह काम करने में डर लगता है।,negative,sentihin,0
लगातार तीसरे मैच में डिफेंडर ने मुकाबला में कमाल का खेल दिखाकर मुश्किल स्थिति से बाहर निकली।,positive,sports,2
तुम्हारा सहयोग मेरे हर प्रयास को सफल बनाता है।,positive,sentihin,2
दबाव वाले मुकाबले में भारतीय खिलाड़ी ने मैच में बेहतरीन खेल दिखाकर जीत दर्ज की।,positive,sports,2
लंबे ब्रेक के बाद डिफेंडर का मैच में फीका खेल टीम पर भारी पड़ा।,negative,sports,0
प्रशंसकों के सामने टेनिस स्टार का क्वार्टरफाइनल में फीका खेल टीम पर भारी पड़ा।,negative,sports,0
इस मुकाबले में युवा एथलीट का इवेंट में निराशाजनक खेल टीम पर भारी पड़ा।,negative,sports,0
कप्तान सीरीज के लिए अभ्यास सत्र में शामिल हुई।,neutral,sports,1
धाविका दौड़ के लिए अगले दौर के लिए पहुंची।,neutral,sports,1
प्रशंसकों के सामने एथलीट का रेस में असंगत खेल टीम पर भारी पड़ा।,negative,sports,0
मैं दोस्तों के साथ बैठता हूं।,neutral,sentihin,1
निर्णायक मैच में भारतीय टीम ने लीग मैच में शानदार खेल दिखाकर जीत दर्ज की।,positive,sports,2
तुम्हारी प्रेरणा से ही मैं आज यह मुकाम हासिल कर पाया हूं।,positive,sentihin,2
मुझे यह बात बहुत बुरी लगी।,negative,sentihin,0
लंबे ब्रेक के बाद डिफेंडर ने मैच में कई आसान मौके गंवाए।,negative,sports,0
जोड़ी ने सेट में बेअसर प्रदर्शन किया और मुकाबला गंवा दिया।,negative,sports,0
प्रशंसकों के सामने भारतीय शटलर गेम से पहले प्रशिक्षण कर रहा है।,neutral,sports,1
बल्लेबाज ने पारी के दौरान लगातार गलत फैसले लिए।,negative,sports,0
फाइनल आज आयोजित होगा और भारतीय धावक इसमें हिस्सा लेगा।,neutral,sports,1
इस विषय में कोई भी राय अभी नहीं बन पाई।,neutral,sentihin,1
आपकी उपस्थिति सकारात्मक ऊर्जा लाती है।,positive,sentihin,2
घरेलू मैदान पर धाविका ने प्रतियोगिता में कमाल का खेल दिखाकर मुकाबला अपने नाम कर लिया।,positive,sports,2
इस मुकाबले में टेनिस स्टार ने सेट में बेहतरीन खेल दिखाकर जीत दर्ज की।,positive,sports,2
दबाव वाले मुकाबले में गोलकीपर का सेमीफाइनल में बेअसर खेल टीम पर भारी पड़ा।,negative,sports,0
महत्वपूर्ण मौके पर भारतीय शटलर ने गेम में यादगार खेल दिखाकर मुकाबला अपने नाम कर लिया।,positive,sports,2
वह यात्रा स्मरणीय रही।,positive,sentihin,2
उसका व्यवहार न केवल असभ्य था बल्कि अत्यधिक अपमानजनक भी।,negative,sentihin,0
टूर्नामेंट के अहम चरण में भारतीय टीम का लीग मैच में कमजोर खेल टीम पर भारी पड़ा।,negative,sports,0
दबाव वाले मुकाबले में गेंदबाज ने मुकाबला में लाजवाब खेल दिखाकर जीत दर्ज की।,positive,sports,2
लंबे ब्रेक के बाद भारत ने रन चेज में लाजवाब खेल दिखाकर शानदार वापसी की।,positive,sports,2
प्रशंसकों के सामने कप्तान ने मुकाबला से पहले प्रशिक्षण पूरा किया।,neutral,sports,1
प्रशंसकों के सामने खिलाड़ी सेट से पहले प्रशिक्षण कर रहा है।,neutral,sports,1
यह योजना असफल होने के कारण मुझे काफी नुकसान हुआ।,negative,sentihin,0
फाइनल लंबे ब्रेक के बाद आयोजित होगा और युवा खिलाड़ी इसमें हिस्सा लेगा।,neutral,sports,1
यह बच्चों का खेल बहुत रोचक था।,positive,sentihin,2
कप्तान ने लीग मैच में बेहतरीन खेल दिखाया और टीम को जीत दिलाई।,positive,sports,2
कप्तान फाइनल के लिए मैच के लिए रवाना हुई।,neutral,sports,1
प्रशंसकों के सामने फॉरवर्ड ने मैच में कमाल का खेल दिखाकर लगातार अच्छा प्रदर्शन किया।,positive,sports,2
महत्वपूर्ण मौके पर डिफेंडर प्लेऑफ से पहले प्रशिक्षण कर रहा है।,neutral,sports,1
मुझे यह आवाज़ परेशान करती है।,negative,sentihin,0
मुझे यह अनुभव न अच्छा लगा न बुरा।,neutral,sentihin,1
महत्वपूर्ण मौके पर कप्तान का ओवर में असंगत खेल टीम पर भारी पड़ा।,negative,sports,0
धाविका ने इवेंट के लिए तैयारी शुरू कर दी।,neutral,sports,1
धाविका ने रेस में यादगार प्रदर्शन करते हुए दबदबा कायम रखा।,positive,sports,2
कप्तान ने सेट में लचर प्रदर्शन किया और दबाव में बिखर गई।,negative,sports,0
युवा शटलर ने मैच में खराब प्रदर्शन किया और दबाव में बिखर गई।,negative,sports,0
लगातार तीसरे मैच में खिलाड़ी ने मैच में धमाकेदार खेल दिखाकर मुश्किल स्थिति से बाहर निकली।,positive,sports,2
फॉरवर्ड ने लीग मैच में निराश करने वाला प्रदर्शन किया और मुकाबला गंवा दिया।,negative,sports,0
इस मुकाबले में खिलाड़ी ने सेट में उत्कृष्ट खेल दिखाकर जीत दर्ज की।,positive,sports,2
घरेलू मैदान पर फॉरवर्ड का सेमीफाइनल में निराशाजनक खेल टीम पर भारी पड़ा।,negative,sports,0
मैं कपड़े धोता हूं।,neutral,sentihin,1
महत्वपूर्ण मौके पर रेडर ने लीग मैच में लाजवाब खेल दिखाकर लगातार अच्छा प्रदर्शन किया।,positive,sports,2
फॉरवर्ड सेमीफाइनल के लिए अगले दौर के लिए पहुंची।,neutral,sports,1
लंबे ब्रेक के बाद भारतीय टीम का फाइनल में निराश करने वाला खेल टीम पर भारी पड़ा।,negative,sports,0
भारतीय खिलाड़ी क्वार्टरफाइनल के लिए टूर्नामेंट में हिस्सा ले रही है।,neutral,sports,1
भारतीय टीम लीग मैच के लिए प्रशिक्षण जारी रखे हुए है।,neutral,sports,1
निर्णायक मैच में भारतीय शटलर ने मुकाबला में जबरदस्त खेल दिखाकर जीत दर्ज की।,positive,sports,2
युवा एथलीट ने प्रतियोगिता में निराशाजनक प्रदर्शन किया और महत्वपूर्ण मौका गंवाया।,negative,sports,0
निर्णायक मैच में खिलाड़ी ने फाइनल में उत्कृष्ट खेल दिखाकर जीत दर्ज की।,positive,sports,2
रेडर अगले लीग मैच से पहले कोच के साथ बैठक करेगा।,neutral,sports,1
निर्णायक मैच में एथलीट ने इवेंट में उत्कृष्ट खेल दिखाकर दबदबा कायम रखा।,positive,sports,2
हॉकी टीम फाइनल के लिए अभ्यास सत्र में शामिल हुई।,neutral,sports,1
भारतीय टीम ने सीरीज में निराशाजनक खेल दिखाया और टीम को नुकसान हुआ।,negative,sports,0
प्रशंसकों के सामने एथलीट का रेस में खराब खेल टीम पर भारी पड़ा।,negative,sports,0
मुकाबला प्रशंसकों के सामने आयोजित होगा और गोलकीपर इसमें हिस्सा लेगा।,neutral,sports,1
विकेटकीपर ने रन चेज में खराब प्रदर्शन किया और अपनी लय खो दी।,negative,sports,0
आपका व्यवहार सराहनीय है।,positive,sentihin,2
आपकी सोच सकारात्मक दिशा दिखाती है।,positive,sentihin,2
दबाव वाले मुकाबले में कप्तान रन चेज से पहले प्रशिक्षण कर रहा है।,neutral,sports,1
घरेलू मैदान पर युवा एथलीट ने रेस से पहले प्रशिक्षण पूरा किया।,neutral,sports,1
वह कार्यक्रम अत्यंत रोचक था।,positive,sentihin,2
आज मैंने अपने पसंदीदा गाने सुने।,positive,sentihin,2
निर्णायक मैच में खिलाड़ी फाइनल से पहले प्रशिक्षण कर रहा है।,neutral,sports,1
मेरा इंटरनेट कनेक्शन बार बार टूट रहा है।,negative,sentihin,0
लगातार तीसरे मैच में जोड़ी का मैच में असंगत खेल टीम पर भारी पड़ा।,negative,sports,0
आपका तोहफा मेरे लिए बहुत खास है।,positive,sentihin,2
घरेलू मैदान पर खिलाड़ी प्लेऑफ से पहले प्रशिक्षण कर रहा है।,neutral,sports,1
मुझे इसमें कोई अनुभव नहीं हुआ।,neutral,sentihin,1
क्लब ने लीग मैच में जबरदस्त खेल दिखाया और टीम को जीत दिलाई।,positive,sports,2
निर्णायक मैच में गोलकीपर ने सेमीफाइनल में धमाकेदार खेल दिखाकर महत्वपूर्ण योगदान दिया।,positive,sports,2
मुझे इसमें कोई नई बात नजर नहीं आई,neutral,sentihin,1
टूर्नामेंट के अहम चरण में चैंपियन ने गेम में शानदार खेल दिखाकर जीत दर्ज की।,positive,sports,2
यह रेस्टोरेंट की सेवा बहुत धीमी है।,negative,sentihin,0
महत्वपूर्ण मौके पर कप्तान ने सेट में बेहतरीन खेल दिखाकर मुकाबला अपने नाम कर लिया।,positive,sports,2
प्रतियोगिता प्रशंसकों के सामने आयोजित होगा और खिलाड़ी इसमें हिस्सा लेगा।,neutral,sports,1
मैं रोज़ाना व्यायाम करता हूं।,neutral,sentihin,1
सेट लंबे ब्रेक के बाद आयोजित होगा और युवा खिलाड़ी इसमें हिस्सा लेगा।,neutral,sports,1
दबाव वाले मुकाबले में फॉरवर्ड ने फाइनल में यादगार खेल दिखाकर मुश्किल स्थिति से बाहर निकली।,positive,sports,2
घरेलू मैदान पर भारतीय टीम ने लीग मैच में शानदार खेल दिखाकर महत्वपूर्ण योगदान दिया।,positive,sports,2
निर्णायक मैच में भारतीय टीम सेमीफाइनल से पहले प्रशिक्षण कर रहा है।,neutral,sports,1
घरेलू मैदान पर डिफेंडर का मुकाबला में बेअसर खेल टीम पर भारी पड़ा।,negative,sports,0
महत्वपूर्ण मौके पर गोलकीपर मुकाबला से पहले प्रशिक्षण कर रहा है।,neutral,sports,1
निर्णायक मैच में खिलाड़ी मुकाबला से पहले प्रशिक्षण कर रहा है।,neutral,sports,1
घरेलू मैदान पर टेनिस स्टार ने क्वार्टरफाइनल में शानदार खेल दिखाकर शानदार वापसी की।,positive,sports,2
लगातार तीसरे मैच में कप्तान का लीग मैच में लचर खेल टीम पर भारी पड़ा।,negative,sports,0
मैं रोज़ाना अपने देश के लिए प्रार्थना करता हूं।,neutral,sentihin,1
सीरीज प्रशंसकों के सामने आयोजित होगा और विकेटकीपर इसमें हिस्सा लेगा।,neutral,sports,1
गोलकीपर ने सेमीफाइनल में असंगत प्रदर्शन किया और लगातार गलतियां कीं।,negative,sports,0
घरेलू मैदान पर खिलाड़ी का फाइनल में बेअसर खेल टीम पर भारी पड़ा।,negative,sports,0
टूर्नामेंट के अहम चरण में खिलाड़ी लीग मैच से पहले प्रशिक्षण कर रहा है।,neutral,sports,1
टूर्नामेंट के अहम चरण में डिफेंडर ने मैच में जबरदस्त खेल दिखाकर शानदार वापसी की।,positive,sports,2
महत्वपूर्ण मौके पर कप्तान ने मैच से पहले प्रशिक्षण पूरा किया।,neutral,sports,1
खिलाड़ी ने मुकाबला में कमजोर प्रदर्शन किया और अपनी लय खो दी।,negative,sports,0
लंबे ब्रेक के बाद डिफेंडर फाइनल से पहले प्रशिक्षण कर रहा है।,neutral,sports,1
इस पर विचार करने का अभी सही समय नहीं है।,neutral,sentihin,1
प्रशंसकों के सामने फॉरवर्ड ने मुकाबला में धमाकेदार खेल दिखाकर मुकाबला अपने नाम कर लिया।,positive,sports,2
लगातार तीसरे मैच में विकेटकीपर ने ओवर में शानदार खेल दिखाकर शानदार वापसी की।,positive,sports,2
युवा शटलर ने मेहनत तो की लेकिन मैच में अपनी बढ़त गंवा दी।,negative,sports,0
दबाव वाले मुकाबले में कप्तान का फाइनल में असंगत खेल टीम पर भारी पड़ा।,negative,sports,0
निर्णायक मैच में कप्तान का सेट में फीका खेल टीम पर भारी पड़ा।,negative,sports,0
टूर्नामेंट के अहम चरण में खिलाड़ी का क्वार्टरफाइनल में निराशाजनक खेल टीम पर भारी पड़ा।,negative,sports,0
निर्णायक मैच में जोड़ी ने सेट में यादगार खेल दिखाकर मुकाबला अपने नाम कर लिया।,positive,sports,2
टूर्नामेंट के अहम चरण में डिफेंडर का मुकाबला में खराब खेल टीम पर भारी पड़ा।,negative,sports,0
भारतीय टीम ने लीग मैच में फीका प्रदर्शन किया और महत्वपूर्ण मौका गंवाया।,negative,sports,0
इस मुकाबले में फॉरवर्ड ने फाइनल में शानदार खेल दिखाकर दबदबा कायम रखा।,positive,sports,2
यह खबर काफी दुखद रही।,negative,sentihin,0
लंबे ब्रेक के बाद रेडर ने मुकाबला में कमाल का खेल दिखाकर महत्वपूर्ण योगदान दिया।,positive,sports,2
दबाव वाले मुकाबले में जोड़ी ने मुकाबला में धमाकेदार खेल दिखाकर जीत दर्ज की।,positive,sports,2
भारतीय टीम फाइनल के लिए रणनीति पर चर्चा कर रही है।,neutral,sports,1
यह सेवा औसत रही।,neutral,sentihin,1
महत्वपूर्ण मौके पर भारतीय टीम मैच से पहले प्रशिक्षण कर रहा है।,neutral,sports,1
यह काम व्यर्थ हो गया।,negative,sentihin,0
सेमीफाइनल महत्वपूर्ण मौके पर आयोजित होगा और डिफेंडर इसमें हिस्सा लेगा।,neutral,sports,1
आज युवा शटलर ने गेम में धमाकेदार खेल दिखाकर दबदबा कायम रखा।,positive,sports,2
युवा एथलीट ने कठिन फाइनल में धैर्य रखते हुए सफलता हासिल की।,positive,sports,2
आज भारत का सीरीज में निराश करने वाला खेल टीम पर भारी पड़ा।,negative,sports,0
लगातार तीसरे मैच में कप्तान ने लीग मैच में लाजवाब खेल दिखाकर शानदार वापसी की।,positive,sports,2
गेंदबाज ने पारी के लिए नया अभ्यास कार्यक्रम शुरू किया।,neutral,sports,1
युवा खिलाड़ी ने मैच में लाजवाब प्रदर्शन करते हुए मुकाबला अपने नाम कर लिया।,positive,sports,2
भारतीय धावक फाइनल के लिए अगले मुकाबले की तैयारी कर रही है।,neutral,sports,1
एथलीट ने इवेंट में खराब प्रदर्शन किया और मुकाबला गंवा दिया।,negative,sports,0
दबाव वाले मुकाबले में रेडर का लीग मैच में बेअसर खेल टीम पर भारी पड़ा।,negative,sports,0
महत्वपूर्ण मौके पर चैंपियन का सेट में निराश करने वाला खेल टीम पर भारी पड़ा।,negative,sports,0
दबाव वाले मुकाबले में चैंपियन ने सेट में यादगार खेल दिखाकर शानदार वापसी की।,positive,sports,2
भारतीय धावक ने प्रतियोगिता में फीका प्रदर्शन किया और लगातार गलतियां कीं।,negative,sports,0
यह अनुभव पूरी तरह व्यर्थ था।,negative,sentihin,0
इस बस की सीटें बहुत असहज थीं।,negative,sentihin,0
फॉरवर्ड ने मुकाबला के लिए तैयारी शुरू कर दी।,neutral,sports,1
लंबे ब्रेक के बाद डिफेंडर का लीग मैच में निराश करने वाला खेल टीम पर भारी पड़ा।,negative,sports,0
लंबे ब्रेक के बाद गोलकीपर का सेमीफाइनल में निराशाजनक खेल टीम पर भारी पड़ा।,negative,sports,0
लंबे ब्रेक के बाद विकेटकीपर ने पारी में उत्कृष्ट खेल दिखाकर दबदबा कायम रखा।,positive,sports,2
फाइनल निर्णायक मैच में आयोजित होगा और चैंपियन इसमें हिस्सा लेगा।,neutral,sports,1
उसका रूखा व्यवहार सबको असहज कर देता है।,negative,sentihin,0
लंबे ब्रेक के बाद भारतीय टीम ने ओवर में यादगार खेल दिखाकर शानदार वापसी की।,positive,sports,2
टूर्नामेंट के अहम चरण में गेंदबाज ने मुकाबला से पहले प्रशिक्षण पूरा किया।,neutral,sports,1
यह निर्णय मेरे लिए सामान्य था।,neutral,sentihin,1
टूर्नामेंट के अहम चरण में भारतीय टीम ने पारी से पहले प्रशिक्षण पूरा किया।,neutral,sports,1
इस मुकाबले में गोलकीपर लीग मैच से पहले प्रशिक्षण कर रहा है।,neutral,sports,1
गोलकीपर ने मैच में फीका प्रदर्शन किया और बढ़त गंवा दी।,negative,sports,0
इस मुकाबले में खिलाड़ी ने रेस में कमाल का खेल दिखाकर मुकाबला अपने नाम कर लिया।,positive,sports,2
आज फॉरवर्ड का मैच में निराश करने वाला खेल टीम पर भारी पड़ा।,negative,sports,0
आज का मौसम कुछ खास नहीं है बस सामान्य सा ही लग रहा है।,neutral,sentihin,1
महत्वपूर्ण मौके पर भारतीय टीम का मुकाबला में निराश करने वाला खेल टीम पर भारी पड़ा।,negative,sports,0
निर्णायक मैच में जोड़ी ने मैच में धमाकेदार खेल दिखाकर दबदबा कायम रखा।,positive,sports,2
आपकी प्रेरणा से बहुत कुछ सीखा।,positive,sentihin,2
मुझे इसमें कोई विशेषता नजर नहीं आई।,neutral,sentihin,1
टूर्नामेंट के अहम चरण में भारतीय टीम ने मुकाबला में यादगार खेल दिखाकर लगातार अच्छा प्रदर्शन किया।,positive,sports,2
भारतीय शटलर ने गेम में लचर प्रदर्शन किया और महत्वपूर्ण मौका गंवाया।,negative,sports,0
भारतीय शटलर की मुकाबला में लचर रणनीति काम नहीं आई।,negative,sports,0
महत्वपूर्ण मौके पर भारत का रन चेज में असंगत खेल टीम पर भारी पड़ा।,negative,sports,0
मेरा इस विषय पर कोई राय नहीं है।,neutral,sentihin,1
सेवा के बारे में कोई ठोस राय नहीं है,neutral,sentihin,1
महत्वपूर्ण मौके पर एथलीट का इवेंट में कमजोर खेल टीम पर भारी पड़ा।,negative,sports,0
दबाव वाले मुकाबले में गेंदबाज का मुकाबला में फीका खेल टीम पर भारी पड़ा।,negative,sports,0
भारतीय टीम की टीम प्लेऑफ के लिए अपनी अंतिम सूची तैयार कर रही है।,neutral,sports,1
रेस लगातार तीसरे मैच में आयोजित होगा और भारतीय धावक इसमें हिस्सा लेगा।,neutral,sports,1
मुझे इससे कोई विशेष अंतर नहीं पड़ा।,neutral,sentihin,1
आज बल्लेबाज ने मुकाबला में उत्कृष्ट खेल दिखाकर लगातार अच्छा प्रदर्शन किया।,positive,sports,2
रेडर मैच के लिए रणनीति पर चर्चा कर रही है।,neutral,sports,1
आपकी मदद ने मुझे आत्मनिर्भर बनाया।,positive,sentihin,2
लगातार तीसरे मैच में गेंदबाज ने ओवर से पहले प्रशिक्षण पूरा किया।,neutral,sports,1
गोलकीपर ने मैच में लाजवाब खेल दिखाया और टीम को जीत दिलाई।,positive,sports,2
निर्णायक मैच में फॉरवर्ड का मुकाबला में खराब खेल टीम पर भारी पड़ा।,negative,sports,0
चैंपियन ने मुकाबला में निराश करने वाला प्रदर्शन किया और महत्वपूर्ण मौका गंवाया।,negative,sports,0
आज मुझे एक अच्छी खबर मिली।,positive,sentihin,2
युवा एथलीट ने दौड़ में बेअसर प्रदर्शन किया और उम्मीदों पर खरी नहीं उतरी।,negative,sports,0
महत्वपूर्ण मौके पर खिलाड़ी ने रेस में उत्कृष्ट खेल दिखाकर मुकाबला अपने नाम कर लिया।,positive,sports,2
इस यात्रा ने मुझे खुश कर दिया,positive,sentihin,2
दबाव वाले मुकाबले में भारतीय टीम ने फाइनल में उत्कृष्ट खेल दिखाकर दबदबा कायम रखा।,positive,sports,2
खिलाड़ी ने सेट में कमजोर प्रदर्शन किया और अपनी लय खो दी।,negative,sports,0
घरेलू मैदान पर भारतीय धावक ने इवेंट में शानदार खेल दिखाकर मुश्किल स्थिति से बाहर निकली।,positive,sports,2
आज गेंदबाज ने रन चेज में धमाकेदार खेल दिखाकर मुश्किल स्थिति से बाहर निकली।,positive,sports,2
लंबे ब्रेक के बाद फॉरवर्ड का फाइनल में निराश करने वाला खेल टीम पर भारी पड़ा।,negative,sports,0
मुझे इसमें कोई खास भावना नहीं है।,neutral,sentihin,1
भारतीय शटलर की मैच में असंगत रणनीति काम नहीं आई।,negative,sports,0
महत्वपूर्ण मौके पर भारतीय धावक रेस से पहले प्रशिक्षण कर रहा है।,neutral,sports,1
मुझे यह काम बहुत कठिन और जटिल लगता है।,negative,sentihin,0
घरेलू मैदान पर क्लब सेमीफाइनल से पहले प्रशिक्षण कर रहा है।,neutral,sports,1
रन चेज लगातार तीसरे मैच में आयोजित होगा और भारतीय टीम इसमें हिस्सा लेगा।,neutral,sports,1
वह व्यवहार अनुचित था।,negative,sentihin,0
वह सेवा अत्यंत प्रशंसनीय रही।,positive,sentihin,2
खिलाड़ी ने क्वार्टरफाइनल में कमजोर प्रदर्शन किया और मुकाबला गंवा दिया।,negative,sports,0
टूर्नामेंट के अहम चरण में बल्लेबाज ने ओवर में शानदार खेल दिखाकर दबदबा कायम रखा।,positive,sports,2
भारतीय खिलाड़ी ने सेट में खराब प्रदर्शन किया और अपनी लय खो दी।,negative,sports,0
खराब सेवाओं ने पूरे अनुभव को बर्बाद कर दिया,negative,sentihin,0
टूर्नामेंट के अहम चरण में खिलाड़ी मुकाबला से पहले प्रशिक्षण कर रहा है।,neutral,sports,1
दबाव वाले मुकाबले में भारतीय टीम फाइनल से पहले प्रशिक्षण कर रहा है।,neutral,sports,1
लंबे ब्रेक के बाद गोलकीपर का फाइनल में असंगत खेल टीम पर भारी पड़ा।,negative,sports,0
कप्तान ने लीग मैच में कमाल का प्रदर्शन करते हुए मुकाबला अपने नाम कर लिया।,positive,sports,2
आज युवा एथलीट का फाइनल में फीका खेल टीम पर भारी पड़ा।,negative,sports,0
फाइनल आज आयोजित होगा और युवा शटलर इसमें हिस्सा लेगा।,neutral,sports,1
आपकी मदद से आत्मविश्वास बढ़ता है।,positive,sentihin,2
भारतीय टीम ने सेमीफाइनल में खराब प्रदर्शन किया और बढ़त गंवा दी।,negative,sports,0
महत्वपूर्ण मौके पर धाविका ने इवेंट में कमाल का खेल दिखाकर मुश्किल स्थिति से बाहर निकली।,positive,sports,2
महत्वपूर्ण मौके पर डिफेंडर ने लीग मैच में यादगार खेल दिखाकर मुकाबला अपने नाम कर लिया।,positive,sports,2
लंबे ब्रेक के बाद खिलाड़ी का फाइनल में खराब खेल टीम पर भारी पड़ा।,negative,sports,0
लगातार तीसरे मैच में भारतीय शटलर का मुकाबला में निराश करने वाला खेल टीम पर भारी पड़ा।,negative,sports,0
प्रशंसकों के सामने कप्तान ओवर से पहले प्रशिक्षण कर रहा है।,neutral,sports,1
भारतीय टीम मैच के लिए मैच के लिए रवाना हुई।,neutral,sports,1
लगातार तीसरे मैच में युवा एथलीट दौड़ से पहले प्रशिक्षण कर रहा है।,neutral,sports,1
खिलाड़ी ने दौड़ में लचर प्रदर्शन किया और दबाव में बिखर गई।,negative,sports,0
दबाव वाले मुकाबले में एथलीट का इवेंट में खराब खेल टीम पर भारी पड़ा।,negative,sports,0
आज गोलकीपर ने मैच में उत्कृष्ट खेल दिखाकर जीत दर्ज की।,positive,sports,2
लंबे ब्रेक के बाद युवा खिलाड़ी ने सेट में धमाकेदार खेल दिखाकर जीत दर्ज की।,positive,sports,2
लंबे ब्रेक के बाद जोड़ी ने मुकाबला में कमाल का खेल दिखाकर शानदार वापसी की।,positive,sports,2
भारत सीरीज के लिए टूर्नामेंट में हिस्सा ले रही है।,neutral,sports,1
आज डिफेंडर ने मैच में बेहतरीन खेल दिखाकर मुश्किल स्थिति से बाहर निकली।,positive,sports,2
महत्वपूर्ण मौके पर भारतीय धावक फाइनल से पहले प्रशिक्षण कर रहा है।,neutral,sports,1
भारतीय शटलर ने मैच में बेअसर खेल दिखाया और टीम को नुकसान हुआ।,negative,sports,0
हॉकी टीम की टीम मैच के लिए अपनी अंतिम सूची तैयार कर रही है।,neutral,sports,1
मुझे यह नया घर बहुत पसंद आया।,positive,sentihin,2
दबाव वाले मुकाबले में विकेटकीपर का मैच में खराब खेल टीम पर भारी पड़ा।,negative,sports,0
महत्वपूर्ण मौके पर एथलीट फाइनल से पहले प्रशिक्षण कर रहा है।,neutral,sports,1
भारतीय टीम ने फाइनल में शानदार प्रदर्शन करते हुए मुकाबला अपने नाम कर लिया।,positive,sports,2
टूर्नामेंट के अहम चरण में भारतीय टीम ने प्लेऑफ में उत्कृष्ट खेल दिखाकर मुश्किल स्थिति से बाहर निकली।,positive,sports,2
मैच लगातार तीसरे मैच में आयोजित होगा और भारत इसमें हिस्सा लेगा।,neutral,sports,1
भारतीय शटलर ने सेट में धमाकेदार प्रदर्शन करते हुए महत्वपूर्ण योगदान दिया।,positive,sports,2
युवा खिलाड़ी की फाइनल में निराशाजनक रणनीति काम नहीं आई।,negative,sports,0
मैच महत्वपूर्ण मौके पर आयोजित होगा और बल्लेबाज इसमें हिस्सा लेगा।,neutral,sports,1
मुझे इससे कोई नयी अनुभूति नहीं हुई।,neutral,sentihin,1
इस मुकाबले में भारत सीरीज से पहले प्रशिक्षण कर रहा है।,neutral,sports,1
इस मुकाबले में जोड़ी ने मुकाबला में बेहतरीन खेल दिखाकर दबदबा कायम रखा।,positive,sports,2
घरेलू मैदान पर भारतीय खिलाड़ी ने फाइनल से पहले प्रशिक्षण पूरा किया।,neutral,sports,1
निर्णायक मैच में युवा खिलाड़ी मैच से पहले प्रशिक्षण कर रहा है।,neutral,sports,1
दबाव वाले मुकाबले में गोलकीपर मैच से पहले प्रशिक्षण कर रहा है।,neutral,sports,1
Is tournament mein Team ne easy chance miss karke match gawa diya,negative,sports,0
मैं इस काम से ऊब गया हूं।,negative,sentihin,0
महत्वपूर्ण मौके पर फॉरवर्ड ने सेमीफाइनल में लाजवाब खेल दिखाकर मुश्किल स्थिति से बाहर निकली।,positive,sports,2
घरेलू मैदान पर भारतीय शटलर ने मैच में बेहतरीन खेल दिखाकर मुश्किल स्थिति से बाहर निकली।,positive,sports,2
निर्णायक मैच में भारत ने रन चेज में यादगार खेल दिखाकर लगातार अच्छा प्रदर्शन किया।,positive,sports,2
मैच आज आयोजित होगा और बल्लेबाज इसमें हिस्सा लेगा।,neutral,sports,1
इस मुकाबले में टेनिस स्टार ने क्वार्टरफाइनल में जबरदस्त खेल दिखाकर लगातार अच्छा प्रदर्शन किया।,positive,sports,2
मैं रोज़ाना अखबार पढ़ता हूं।,neutral,sentihin,1
प्रशंसकों के सामने खिलाड़ी ने मुकाबला में जबरदस्त खेल दिखाकर लगातार अच्छा प्रदर्शन किया।,positive,sports,2
प्रशंसकों के सामने भारतीय खिलाड़ी ने मुकाबला से पहले प्रशिक्षण पूरा किया।,neutral,sports,1
इस मुकाबले में खिलाड़ी रेस से पहले प्रशिक्षण कर रहा है।,neutral,sports,1
टूर्नामेंट के अहम चरण में खिलाड़ी ने फाइनल में शानदार खेल दिखाकर महत्वपूर्ण योगदान दिया।,positive,sports,2
यह नया रेस्तरां शहर में सबसे अच्छा है।,positive,sentihin,2
आपकी मुस्कान से आत्मबल मिलता है।,positive,sentihin,2
टूर्नामेंट के अहम चरण में युवा एथलीट का फाइनल में खराब खेल टीम पर भारी पड़ा।,negative,sports,0
आपका व्यवहार बहुत प्रेरणादायक है।,positive,sentihin,2
आज भारतीय शटलर ने फाइनल में बेहतरीन खेल दिखाकर मुश्किल स्थिति से बाहर निकली।,positive,sports,2
इस मुकाबले में कप्तान ने मुकाबला में धमाकेदार खेल दिखाकर दबदबा कायम रखा।,positive,sports,2
लगातार तीसरे मैच में कप्तान ने मैच में यादगार खेल दिखाकर लगातार अच्छा प्रदर्शन किया।,positive,sports,2
घरेलू मैदान पर भारतीय धावक का दौड़ में बेअसर खेल टीम पर भारी पड़ा।,negative,sports,0
महत्वपूर्ण मौके पर भारतीय टीम का ओवर में लचर खेल टीम पर भारी पड़ा।,negative,sports,0
युवा शटलर ने मुकाबला में लाजवाब प्रदर्शन करते हुए जीत दर्ज की।,positive,sports,2
आज डिफेंडर ने लीग मैच में जबरदस्त खेल दिखाकर महत्वपूर्ण योगदान दिया।,positive,sports,2
चैंपियन ने गेम में असंगत प्रदर्शन किया और मुकाबला गंवा दिया।,negative,sports,0
प्रशंसकों के सामने जोड़ी ने सेट में धमाकेदार खेल दिखाकर शानदार वापसी की।,positive,sports,2
भारतीय शटलर मुकाबला के लिए अगले दौर के लिए पहुंची।,neutral,sports,1
लगातार तीसरे मैच में गोलकीपर का मुकाबला में खराब खेल टीम पर भारी पड़ा।,negative,sports,0
कप्तान ने फाइनल में निराश करने वाला प्रदर्शन किया और लगातार गलतियां कीं।,negative,sports,0
मैच लंबे ब्रेक के बाद आयोजित होगा और बल्लेबाज इसमें हिस्सा लेगा।,neutral,sports,1
विकेटकीपर ओवर के लिए मैच के लिए रवाना हुई।,neutral,sports,1
घरेलू मैदान पर फॉरवर्ड मुकाबला से पहले प्रशिक्षण कर रहा है।,neutral,sports,1
घरेलू मैदान पर डिफेंडर ने सेमीफाइनल में शानदार खेल दिखाकर दबदबा कायम रखा।,positive,sports,2
निर्णायक मैच में धाविका ने इवेंट में धमाकेदार खेल दिखाकर शानदार वापसी की।,positive,sports,2
भारतीय टीम मैच के लिए रणनीति पर चर्चा कर रही है।,neutral,sports,1
मैच लगातार तीसरे मैच में आयोजित होगा और चैंपियन इसमें हिस्सा लेगा।,neutral,sports,1
मुकाबला महत्वपूर्ण मौके पर आयोजित होगा और रेडर इसमें हिस्सा लेगा।,neutral,sports,1
घरेलू मैदान पर गोलकीपर ने सेमीफाइनल से पहले प्रशिक्षण पूरा किया।,neutral,sports,1
लंबे ब्रेक के बाद हॉकी टीम का लीग मैच में असंगत खेल टीम पर भारी पड़ा।,negative,sports,0
मुझे यह जगह बहुत शोर शराबे वाली लगी।,negative,sentihin,0
प्लेऑफ इस मुकाबले में आयोजित होगा और खिलाड़ी इसमें हिस्सा लेगा।,neutral,sports,1
आज भारतीय शटलर का सेट में खराब खेल टीम पर भारी पड़ा।,negative,sports,0
युवा शटलर ने सेट में लाजवाब प्रदर्शन करते हुए लगातार अच्छा प्रदर्शन किया।,positive,sports,2
आज रेडर ने लीग मैच में जबरदस्त खेल दिखाकर महत्वपूर्ण योगदान दिया।,positive,sports,2
वह मेरी जिंदगी का खास हिस्सा है।,positive,sentihin,2
इस मुकाबले में भारतीय टीम ने प्लेऑफ में जबरदस्त खेल दिखाकर लगातार अच्छा प्रदर्शन किया।,positive,sports,2
भारतीय टीम सेमीफाइनल के लिए अगले दौर के लिए पहुंची।,neutral,sports,1
घरेलू मैदान पर टेनिस स्टार ने सेट में कमाल का खेल दिखाकर मुश्किल स्थिति से बाहर निकली।,positive,sports,2
इस मुकाबले में टेनिस स्टार ने सेट में उत्कृष्ट खेल दिखाकर मुकाबला अपने नाम कर लिया।,positive,sports,2
दबाव वाले मुकाबले में भारतीय टीम का सेमीफाइनल में कमजोर खेल टीम पर भारी पड़ा।,negative,sports,0
भारत सीरीज के लिए अगले दौर के लिए पहुंची।,neutral,sports,1
निर्णायक मैच में युवा एथलीट का इवेंट में लचर खेल टीम पर भारी पड़ा।,negative,sports,0
इस मुकाबले में हॉकी टीम का लीग मैच में निराशाजनक खेल टीम पर भारी पड़ा।,negative,sports,0
निर्णायक मैच में कप्तान ने फाइनल में लाजवाब खेल दिखाकर महत्वपूर्ण योगदान दिया।,positive,sports,2
गोलकीपर मुकाबला के लिए अगले दौर के लिए पहुंची।,neutral,sports,1
युवा खिलाड़ी ने फाइनल में लचर प्रदर्शन किया और महत्वपूर्ण मौका गंवाया।,negative,sports,0
प्रशंसकों के सामने डिफेंडर का मुकाबला में निराशाजनक खेल टीम पर भारी पड़ा।,negative,sports,0
लंबे ब्रेक के बाद फॉरवर्ड ने सेमीफाइनल में शानदार खेल दिखाकर लगातार अच्छा प्रदर्शन किया।,positive,sports,2
खिलाड़ी की सेट में असंगत रणनीति काम नहीं आई।,negative,sports,0
यह अनुभव कष्टदायक था।,negative,sentihin,0
आपका सहयोग मेरे लिए हमेशा महत्वपूर्ण है।,positive,sentihin,2
क्वार्टरफाइनल आज आयोजित होगा और कप्तान इसमें हिस्सा लेगा।,neutral,sports,1
हॉकी टीम ने सेमीफाइनल में फीका प्रदर्शन किया और लगातार गलतियां कीं।,negative,sports,0
युवा खिलाड़ी ने मैच में धमाकेदार प्रदर्शन करते हुए मुकाबला अपने नाम कर लिया।,positive,sports,2
इस मुकाबले में खिलाड़ी ने रेस में जबरदस्त खेल दिखाकर मुकाबला अपने नाम कर लिया।,positive,sports,2
लगातार तीसरे मैच में गोलकीपर ने फाइनल में बेहतरीन खेल दिखाकर मुश्किल स्थिति से बाहर निकली।,positive,sports,2
दबाव वाले मुकाबले में डिफेंडर का मैच में बेअसर खेल टीम पर भारी पड़ा।,negative,sports,0
महत्वपूर्ण मौके पर कप्तान मैच से पहले प्रशिक्षण कर रहा है।,neutral,sports,1
प्रशंसकों के सामने विकेटकीपर का ओवर में निराशाजनक खेल टीम पर भारी पड़ा।,negative,sports,0
तुम्हारा आत्मविश्वास देखकर मेरी भी हिम्मत बढ़ गई।,positive,sentihin,2
लगातार तीसरे मैच में भारतीय टीम का मैच में लचर खेल टीम पर भारी पड़ा।,negative,sports,0
लंबे ब्रेक के बाद भारतीय शटलर ने सेट में धमाकेदार खेल दिखाकर मुकाबला अपने नाम कर लिया।,positive,sports,2
दबाव वाले मुकाबले में क्लब का सेमीफाइनल में असंगत खेल टीम पर भारी पड़ा।,negative,sports,0
इस योजना ने मेरे आत्मबल को बढ़ाया।,positive,sentihin,2
लगातार तीसरे मैच में खिलाड़ी ने क्वार्टरफाइनल में उत्कृष्ट खेल दिखाकर शानदार वापसी की।,positive,sports,2
कप्तान ने लीग मैच में उत्कृष्ट प्रदर्शन करते हुए दबदबा कायम रखा।,positive,sports,2
गोलकीपर ने मुकाबला में असंगत प्रदर्शन किया और मुकाबला गंवा दिया।,negative,sports,0
आज हॉकी टीम का फाइनल में बेअसर खेल टीम पर भारी पड़ा।,negative,sports,0
लीग मैच प्रशंसकों के सामने आयोजित होगा और फॉरवर्ड इसमें हिस्सा लेगा।,neutral,sports,1
आज बल्लेबाज ने मुकाबला से पहले प्रशिक्षण पूरा किया।,neutral,sports,1
मैं इस नीति से असंतुष्ट हूं।,negative,sentihin,0
फॉरवर्ड अगले मैच से पहले कोच के साथ बैठक करेगा।,neutral,sports,1
इस विषय पर मेरे विचार तटस्थ हैं।,neutral,sentihin,1
मुझे यह नई फिल्म बहुत उबाऊ लगी।,negative,sentihin,0
डिफेंडर ने लीग मैच में फीका प्रदर्शन किया और महत्वपूर्ण मौका गंवाया।,negative,sports,0
इस मुकाबले में भारतीय धावक ने रेस में बेहतरीन खेल दिखाकर मुकाबला अपने नाम कर लिया।,positive,sports,2
महत्वपूर्ण मौके पर हॉकी टीम ने फाइनल में बेहतरीन खेल दिखाकर मुश्किल स्थिति से बाहर निकली।,positive,sports,2
तुम्हारे शब्द मेरे लिए अमूल्य हैं।,positive,sentihin,2
भारतीय टीम ने मुकाबला में उत्कृष्ट खेल दिखाया और टीम को जीत दिलाई।,positive,sports,2
डिफेंडर ने मुकाबला के लिए तैयारी शुरू कर दी।,neutral,sports,1
टूर्नामेंट के अहम चरण में युवा एथलीट का रेस में फीका खेल टीम पर भारी पड़ा।,negative,sports,0
मुझे इसका उपयोग सरल लगा,positive,sentihin,2
फाइनल इस मुकाबले में आयोजित होगा और भारतीय खिलाड़ी इसमें हिस्सा लेगा।,neutral,sports,1
मैच इस मुकाबले में आयोजित होगा और गोलकीपर इसमें हिस्सा लेगा।,neutral,sports,1
आज रेडर फाइनल से पहले प्रशिक्षण कर रहा है।,neutral,sports,1
आज भारतीय धावक ने रेस में बेहतरीन खेल दिखाकर लगातार अच्छा प्रदर्शन किया।,positive,sports,2
लगातार तीसरे मैच में विकेटकीपर ओवर से पहले प्रशिक्षण कर रहा है।,neutral,sports,1
यह सेवा बेहद घटिया रही।,negative,sentihin,0
दबाव वाले मुकाबले में भारतीय खिलाड़ी ने सेट से पहले प्रशिक्षण पूरा किया।,neutral,sports,1
सेमीफाइनल प्रशंसकों के सामने आयोजित होगा और फॉरवर्ड इसमें हिस्सा लेगा।,neutral,sports,1
महत्वपूर्ण मौके पर धाविका फाइनल से पहले प्रशिक्षण कर रहा है।,neutral,sports,1
एथलीट फाइनल के लिए प्रशिक्षण जारी रखे हुए है।,neutral,sports,1
मैं इस घटना से बहुत निराश हूं।,negative,sentihin,0
प्रशंसकों के सामने एथलीट ने रेस से पहले प्रशिक्षण पूरा किया।,neutral,sports,1
Match se pehle India ne aaj zabardast comeback kiya,positive,sports,2
निर्णायक मैच में भारतीय धावक प्रतियोगिता से पहले प्रशिक्षण कर रहा है।,neutral,sports,1
डिफेंडर ने प्लेऑफ में निराशाजनक प्रदर्शन किया और महत्वपूर्ण मौका गंवाया।,negative,sports,0
घरेलू मैदान पर भारतीय खिलाड़ी का मुकाबला में निराश करने वाला खेल टीम पर भारी पड़ा।,negative,sports,0
मुझे इससे कोई भावना नहीं हुई।,neutral,sentihin,1
मुकाबला लगातार तीसरे मैच में आयोजित होगा और क्लब इसमें हिस्सा लेगा।,neutral,sports,1
घरेलू मैदान पर डिफेंडर ने फाइनल में उत्कृष्ट खेल दिखाकर मुश्किल स्थिति से बाहर निकली।,positive,sports,2
टूर्नामेंट के अहम चरण में कप्तान ने लीग मैच में बेहतरीन तालमेल के साथ जीत हासिल की।,positive,sports,2
महत्वपूर्ण मौके पर हॉकी टीम फाइनल से पहले प्रशिक्षण कर रहा है।,neutral,sports,1
वह अनुभव बहुत ही रोचक था।,positive,sentihin,2
इवेंट घरेलू मैदान पर आयोजित होगा और एथलीट इसमें हिस्सा लेगा।,neutral,sports,1
मुझे इसमें कोई नई बात नहीं दिखी।,neutral,sentihin,1
विकेटकीपर पारी के लिए प्रशिक्षण जारी रखे हुए है।,neutral,sports,1
घरेलू मैदान पर खिलाड़ी ने फाइनल से पहले प्रशिक्षण पूरा किया।,neutral,sports,1
निर्णायक मैच में डिफेंडर का लीग मैच में निराश करने वाला खेल टीम पर भारी पड़ा।,negative,sports,0
लंबे ब्रेक के बाद भारतीय टीम ने लीग मैच से पहले प्रशिक्षण पूरा किया।,neutral,sports,1
टेनिस स्टार मुकाबला के लिए अभ्यास सत्र में शामिल हुई।,neutral,sports,1
लंबे ब्रेक के बाद डिफेंडर ने फाइनल में यादगार खेल दिखाकर मुश्किल स्थिति से बाहर निकली।,positive,sports,2
मुझे इसमें कुछ अनोखा नहीं लगा।,neutral,sentihin,1
घरेलू मैदान पर एथलीट ने रेस में धमाकेदार खेल दिखाकर मुकाबला अपने नाम कर लिया।,positive,sports,2
दबाव वाले मुकाबले में खिलाड़ी ने मुकाबला में लाजवाब खेल दिखाकर जीत दर्ज की।,positive,sports,2
टूर्नामेंट के अहम चरण में कप्तान का मुकाबला में खराब खेल टीम पर भारी पड़ा।,negative,sports,0
लगातार तीसरे मैच में कप्तान का मुकाबला में कमजोर खेल टीम पर भारी पड़ा।,negative,sports,0
लंबे ब्रेक के बाद कप्तान ने फाइनल में कमाल का खेल दिखाकर लगातार अच्छा प्रदर्शन किया।,positive,sports,2
चैंपियन ने मेहनत तो की लेकिन गेम में अपनी बढ़त गंवा दी।,negative,sports,0
दबाव वाले मुकाबले में बल्लेबाज ने मुकाबला में कई आसान मौके गंवाए।,negative,sports,0
दबाव वाले मुकाबले में युवा शटलर ने गेम में बेहतरीन खेल दिखाकर जीत दर्ज की।,positive,sports,2
निर्णायक मैच में खिलाड़ी ने क्वार्टरफाइनल में लाजवाब खेल दिखाकर शानदार वापसी की।,positive,sports,2
गोलकीपर ने लीग मैच में असंगत खेल दिखाया और टीम को नुकसान हुआ।,negative,sports,0
दौड़ इस मुकाबले में आयोजित होगा और भारतीय धावक इसमें हिस्सा लेगा।,neutral,sports,1
लंबे ब्रेक के बाद युवा शटलर का सेट में फीका खेल टीम पर भारी पड़ा।,negative,sports,0
टूर्नामेंट के अहम चरण में भारतीय टीम ने सीरीज में धमाकेदार खेल दिखाकर शानदार वापसी की।,positive,sports,2
इस मुकाबले में भारतीय धावक ने इवेंट में लाजवाब खेल दिखाकर जीत दर्ज की।,positive,sports,2
लंबे ब्रेक के बाद खिलाड़ी का सेट में लचर खेल टीम पर भारी पड़ा।,negative,sports,0
मुझे इससे कोई भावनात्मक असर नहीं हुआ।,neutral,sentihin,1
Kal Player ne brilliant performance diya,positive,sports,2
दबाव वाले मुकाबले में जोड़ी ने गेम में उत्कृष्ट खेल दिखाकर जीत दर्ज की।,positive,sports,2
इस मुकाबले में खिलाड़ी का प्लेऑफ में खराब खेल टीम पर भारी पड़ा।,negative,sports,0
सेमीफाइनल घरेलू मैदान पर आयोजित होगा और डिफेंडर इसमें हिस्सा लेगा।,neutral,sports,1
निर्णायक चरण में टीम दबाव में पूरी तरह बिखर गई।,negative,sports,0
मुझे इसका डिज़ाइन साधारण लगा,neutral,sentihin,1
आपकी मुस्कान मेरे लिए प्रेरणा है।,positive,sentihin,2
इस मुकाबले में एथलीट का इवेंट में बेअसर खेल टीम पर भारी पड़ा।,negative,sports,0
लगातार तीसरे मैच में कप्तान ने मैच में बेहतरीन खेल दिखाकर जीत दर्ज की।,positive,sports,2
लगातार तीसरे मैच में गोलकीपर ने सेमीफाइनल में शानदार खेल दिखाकर जीत दर्ज की।,positive,sports,2
क्लब सेमीफाइनल के लिए टूर्नामेंट में हिस्सा ले रही है।,neutral,sports,1
टूर्नामेंट के अहम चरण में भारतीय टीम ने फाइनल में शानदार खेल दिखाकर जीत दर्ज की।,positive,sports,2
भारतीय धावक फाइनल के लिए मैच के लिए रवाना हुई।,neutral,sports,1
यह यात्रा बेहद खास थी,positive,sentihin,2
मुझे इसमें कुछ विशेष नहीं दिखा।,neutral,sentihin,1
यह निर्णय अत्यंत असंतोषजनक रहा।,negative,sentihin,0
लगातार तीसरे मैच में हॉकी टीम का लीग मैच में निराशाजनक खेल टीम पर भारी पड़ा।,negative,sports,0
लगातार तीसरे मैच में डिफेंडर का मैच में बेअसर खेल टीम पर भारी पड़ा।,negative,sports,0
इस मुकाबले में युवा शटलर ने मुकाबला में कई आसान मौके गंवाए।,negative,sports,0
मुझे इस पर कोई प्रतिक्रिया नहीं देनी।,neutral,sentihin,1
युवा शटलर ने फाइनल में कमजोर प्रदर्शन किया और लगातार गलतियां कीं।,negative,sports,0
घरेलू मैदान पर भारतीय टीम फाइनल से पहले प्रशिक्षण कर रहा है।,neutral,sports,1
मुकाबला प्रशंसकों के सामने आयोजित होगा और क्लब इसमें हिस्सा लेगा।,neutral,sports,1
लंबे ब्रेक के बाद कप्तान ओवर से पहले प्रशिक्षण कर रहा है।,neutral,sports,1
खिलाड़ी लीग मैच के लिए टूर्नामेंट में हिस्सा ले रही है।,neutral,sports,1
निर्णायक मैच में टेनिस स्टार का सेट में कमजोर खेल टीम पर भारी पड़ा।,negative,sports,0
टूर्नामेंट के अहम चरण में डिफेंडर का लीग मैच में निराशाजनक खेल टीम पर भारी पड़ा।,negative,sports,0
आपके प्रोत्साहन से आत्मविश्वास मिला।,positive,sentihin,2
प्रशंसकों के सामने एथलीट ने इवेंट में शानदार खेल दिखाकर लगातार अच्छा प्रदर्शन किया।,positive,sports,2
आपके सहयोग से सब आसान हुआ।,positive,sentihin,2
इस पर कुछ भी कहना मेरे लिए कठिन होगा।,neutral,sentihin,1
निर्णायक मैच में एथलीट ने प्रतियोगिता में शानदार खेल दिखाकर मुकाबला अपने नाम कर लिया।,positive,sports,2
महत्वपूर्ण मौके पर कप्तान ने सेट में बेहतरीन तालमेल के साथ जीत हासिल की।,positive,sports,2
लंबे ब्रेक के बाद हॉकी टीम का सेमीफाइनल में निराशाजनक खेल टीम पर भारी पड़ा।,negative,sports,0
घरेलू मैदान पर टीम दबाव में पूरी तरह बिखर गई।,negative,sports,0
जोड़ी ने सेट में निराश करने वाला प्रदर्शन किया और लगातार गलतियां कीं।,negative,sports,0
प्रशंसकों के सामने जोड़ी ने मुकाबला में जबरदस्त खेल दिखाकर महत्वपूर्ण योगदान दिया।,positive,sports,2
भारतीय शटलर ने फाइनल में निराशाजनक प्रदर्शन किया और मुकाबला गंवा दिया।,negative,sports,0
महत्वपूर्ण मौके पर भारतीय टीम का लीग मैच में लचर खेल टीम पर भारी पड़ा।,negative,sports,0
महत्वपूर्ण मौके पर गोलकीपर ने फाइनल में कमाल का खेल दिखाकर जीत दर्ज की।,positive,sports,2
मुझे इसमें कोई खास रुचि नहीं हुई।,neutral,sentihin,1
प्रशंसकों के सामने एथलीट ने इवेंट से पहले प्रशिक्षण पूरा किया।,neutral,sports,1
लंबे ब्रेक के बाद भारतीय टीम ने पारी से पहले प्रशिक्षण पूरा किया।,neutral,sports,1
लगातार तीसरे मैच में भारतीय टीम ने सेमीफाइनल में बेहतरीन तालमेल के साथ जीत हासिल की।,positive,sports,2
भारत की ओवर में लचर रणनीति काम नहीं आई।,negative,sports,0
लगातार तीसरे मैच में भारतीय टीम लीग मैच से पहले प्रशिक्षण कर रहा है।,neutral,sports,1
वह अनुभव बेहद सुखद था।,positive,sentihin,2
दबाव वाले मुकाबले में कप्तान ने क्वार्टरफाइनल में शानदार खेल दिखाकर शानदार वापसी की।,positive,sports,2
एथलीट की दौड़ में फीका रणनीति काम नहीं आई।,negative,sports,0
तुम्हारा यह प्रदर्शन शानदार था।,positive,sentihin,2
वह यात्रा यादगार अनुभव रही।,positive,sentihin,2
खिलाड़ी की क्वार्टरफाइनल में खराब रणनीति काम नहीं आई।,negative,sports,0
टूर्नामेंट के अहम चरण में हॉकी टीम ने मैच में लाजवाब खेल दिखाकर मुश्किल स्थिति से बाहर निकली।,positive,sports,2
गोलकीपर ने मैच में निराश करने वाला प्रदर्शन किया और अपनी लय खो दी।,negative,sports,0
फॉरवर्ड ने फाइनल में खराब प्रदर्शन किया और दबाव में बिखर गई।,negative,sports,0
वह प्रस्तुति देखकर खुशी हुई।,positive,sentihin,2
चैंपियन ने मैच के दौरान लगातार बेहतर निर्णय लिए।,positive,sports,2
प्रतियोगिता टूर्नामेंट के अहम चरण में आयोजित होगा और खिलाड़ी इसमें हिस्सा लेगा।,neutral,sports,1
भारतीय टीम ने सेमीफाइनल में उत्कृष्ट प्रदर्शन करते हुए शानदार वापसी की।,positive,sports,2
प्रशंसकों के सामने बल्लेबाज ने पारी में कमाल का खेल दिखाकर दबदबा कायम रखा।,positive,sports,2
मुझे इसमें कोई अनुभव महसूस नहीं हुआ।,neutral,sentihin,1
इस मुकाबले में युवा खिलाड़ी मैच से पहले प्रशिक्षण कर रहा है।,neutral,sports,1
आज कप्तान का ओवर में निराशाजनक खेल टीम पर भारी पड़ा।,negative,sports,0
भारत ओवर के लिए अगले मुकाबले की तैयारी कर रही है।,neutral,sports,1
इस मुकाबले में खिलाड़ी ने मुकाबला में शानदार खेल दिखाकर दबदबा कायम रखा।,positive,sports,2
लंबे ब्रेक के बाद क्लब मुकाबला से पहले प्रशिक्षण कर रहा है।,neutral,sports,1
प्रशंसकों के सामने हॉकी टीम ने सेमीफाइनल में बेहतरीन खेल दिखाकर शानदार वापसी की।,positive,sports,2
प्रशंसकों के सामने डिफेंडर ने फाइनल से पहले प्रशिक्षण पूरा किया।,neutral,sports,1
तुम्हारे विचारों में इतनी स्पष्टता है कि हर समस्या का हल मिल जाता है।,positive,sentihin,2
भारत ने ओवर में धमाकेदार खेल दिखाया और टीम को जीत दिलाई।,positive,sports,2
लगातार तीसरे मैच में कप्तान का ओवर में लचर खेल टीम पर भारी पड़ा।,negative,sports,0
महत्वपूर्ण मौके पर भारतीय टीम ने प्लेऑफ में जबरदस्त खेल दिखाकर दबदबा कायम रखा।,positive,sports,2
लगातार तीसरे मैच में युवा खिलाड़ी का फाइनल में बेअसर खेल टीम पर भारी पड़ा।,negative,sports,0
लंबे ब्रेक के बाद फॉरवर्ड का लीग मैच में कमजोर खेल टीम पर भारी पड़ा।,negative,sports,0
आज चैंपियन ने मुकाबला में लाजवाब खेल दिखाकर दबदबा कायम रखा।,positive,sports,2
निर्णायक मैच में डिफेंडर का मैच में बेअसर खेल टीम पर भारी पड़ा।,negative,sports,0
आज युवा शटलर ने मैच में लाजवाब खेल दिखाकर मुश्किल स्थिति से बाहर निकली।,positive,sports,2
प्रशंसकों के सामने फॉरवर्ड का मैच में कमजोर खेल टीम पर भारी पड़ा।,negative,sports,0
लंबे ब्रेक के बाद जोड़ी ने सेट से पहले प्रशिक्षण पूरा किया।,neutral,sports,1
इस अनुभव ने मुझे सकारात्मक सोच दी।,positive,sentihin,2
प्रशंसकों के सामने भारतीय टीम ने मुकाबला में उत्कृष्ट खेल दिखाकर शानदार वापसी की।,positive,sports,2
टूर्नामेंट के अहम चरण में खिलाड़ी ने प्रतियोगिता में कमाल का खेल दिखाकर जीत दर्ज की।,positive,sports,2
बल्लेबाज मैच के लिए अभ्यास सत्र में शामिल हुई।,neutral,sports,1
फाइनल लंबे ब्रेक के बाद आयोजित होगा और गोलकीपर इसमें हिस्सा लेगा।,neutral,sports,1
लगातार तीसरे मैच में कप्तान ने फाइनल में धमाकेदार खेल दिखाकर लगातार अच्छा प्रदर्शन किया।,positive,sports,2
खिलाड़ी ने मुकाबला में कमजोर प्रदर्शन किया और बढ़त गंवा दी।,negative,sports,0
लगातार तीसरे मैच में क्लब ने मैच में बेहतरीन खेल दिखाकर जीत दर्ज की।,positive,sports,2
लगातार तीसरे मैच में भारतीय खिलाड़ी ने फाइनल में लाजवाब खेल दिखाकर लगातार अच्छा प्रदर्शन किया।,positive,sports,2
लगातार तीसरे मैच में भारतीय टीम ने सीरीज से पहले प्रशिक्षण पूरा किया।,neutral,sports,1
उसकी बातें सुनकर मन भारी हो गया।,negative,sentihin,0
टूर्नामेंट के अहम चरण में खिलाड़ी ने मैच में धमाकेदार खेल दिखाकर लगातार अच्छा प्रदर्शन किया।,positive,sports,2
खिलाड़ी ने मैच में निराशाजनक प्रदर्शन किया और दबाव में बिखर गई।,negative,sports,0
भारतीय टीम ने मैच में लचर प्रदर्शन किया और महत्वपूर्ण मौका गंवाया।,negative,sports,0
यह नया गाना मेरे पसंदीदा गानों में से एक है।,positive,sentihin,2
भारतीय टीम ने फाइनल में बेअसर प्रदर्शन किया और महत्वपूर्ण मौका गंवाया।,negative,sports,0
इस मुकाबले में हॉकी टीम ने मैच में बेहतरीन खेल दिखाकर महत्वपूर्ण योगदान दिया।,positive,sports,2
आज हॉकी टीम का फाइनल में फीका खेल टीम पर भारी पड़ा।,negative,sports,0
महत्वपूर्ण मौके पर जोड़ी का गेम में असंगत खेल टीम पर भारी पड़ा।,negative,sports,0
रेस निर्णायक मैच में आयोजित होगा और एथलीट इसमें हिस्सा लेगा।,neutral,sports,1
Kal Team aaj ke match ke liye ready hai,neutral,sports,1
इस मुकाबले में भारतीय टीम ने फाइनल में धमाकेदार खेल दिखाकर मुश्किल स्थिति से बाहर निकली।,positive,sports,2
इस पहल से मुझे भविष्य के लिए प्रेरणा मिली।,positive,sentihin,2
इस मुकाबले में फॉरवर्ड ने मैच से पहले प्रशिक्षण पूरा किया।,neutral,sports,1
खिलाड़ी ने गेम में असंगत खेल दिखाया और टीम को नुकसान हुआ।,negative,sports,0
गोलकीपर ने लीग मैच में खराब प्रदर्शन किया और महत्वपूर्ण मौका गंवाया।,negative,sports,0
आज क्लब ने लीग मैच में शानदार खेल दिखाकर शानदार वापसी की।,positive,sports,2
टूर्नामेंट के अहम चरण में रेडर फाइनल से पहले प्रशिक्षण कर रहा है।,neutral,sports,1
आपकी मुस्कान सदा आत्मबल देती है।,positive,sentihin,2
सेमीफाइनल महत्वपूर्ण मौके पर आयोजित होगा और क्लब इसमें हिस्सा लेगा।,neutral,sports,1
मुझे वहाँ की अव्यवस्था से दुख हुआ।,negative,sentihin,0
इस मुकाबले में खिलाड़ी ने मुकाबला में बेहतरीन खेल दिखाकर महत्वपूर्ण योगदान दिया।,positive,sports,2
लगातार तीसरे मैच में खिलाड़ी ने प्रतियोगिता में कई आसान मौके गंवाए।,negative,sports,0
इस विषय में कोई खास आकर्षण महसूस नहीं होता।,neutral,sentihin,1
प्रशंसकों के सामने गोलकीपर का मुकाबला में खराब खेल टीम पर भारी पड़ा।,negative,sports,0
आज धाविका प्रतियोगिता से पहले प्रशिक्षण कर रहा है।,neutral,sports,1
आज डिफेंडर ने सेमीफाइनल में शानदार खेल दिखाकर शानदार वापसी की।,positive,sports,2
दबाव वाले मुकाबले में टेनिस स्टार ने मुकाबला में लाजवाब खेल दिखाकर शानदार वापसी की।,positive,sports,2
टूर्नामेंट के अहम चरण में भारतीय धावक ने प्रतियोगिता में शानदार खेल दिखाकर मुश्किल स्थिति से बाहर निकली।,positive,sports,2
क्लब लीग मैच के लिए अगले दौर के लिए पहुंची।,neutral,sports,1
निर्णायक मैच में खिलाड़ी का रेस में लचर खेल टीम पर भारी पड़ा।,negative,sports,0
लगातार तीसरे मैच में क्लब का मुकाबला में बेअसर खेल टीम पर भारी पड़ा।,negative,sports,0
प्रशंसकों के सामने भारतीय टीम का मैच में बेअसर खेल टीम पर भारी पड़ा।,negative,sports,0
फॉरवर्ड ने मुकाबला में निराशाजनक प्रदर्शन किया और बढ़त गंवा दी।,negative,sports,0
मैच टूर्नामेंट के अहम चरण में आयोजित होगा और बल्लेबाज इसमें हिस्सा लेगा।,neutral,sports,1
लगातार तीसरे मैच में रेडर ने मुकाबला से पहले प्रशिक्षण पूरा किया।,neutral,sports,1
टूर्नामेंट के अहम चरण में धाविका फाइनल से पहले प्रशिक्षण कर रहा है।,neutral,sports,1
सेमीफाइनल निर्णायक मैच में आयोजित होगा और भारतीय टीम इसमें हिस्सा लेगा।,neutral,sports,1
लंबे अंतराल के बाद टीम ने मुकाबला अपने नाम कर लिया।,positive,sports,2
युवा शटलर ने फाइनल में खराब प्रदर्शन किया और मुकाबला गंवा दिया।,negative,sports,0
महत्वपूर्ण मौके पर डिफेंडर ने फाइनल से पहले प्रशिक्षण पूरा किया।,neutral,sports,1
इस मामले में मेरी कोई राय नहीं है।,neutral,sentihin,1
दबाव वाले मुकाबले में खिलाड़ी ने फाइनल में उत्कृष्ट खेल दिखाकर मुश्किल स्थिति से बाहर निकली।,positive,sports,2
प्रशंसकों के सामने हॉकी टीम ने लीग मैच में यादगार खेल दिखाकर जीत दर्ज की।,positive,sports,2
टूर्नामेंट के अहम चरण में जोड़ी का सेट में बेअसर खेल टीम पर भारी पड़ा।,negative,sports,0
लगातार तीसरे मैच में बल्लेबाज ने सीरीज में जबरदस्त खेल दिखाकर दबदबा कायम रखा।,positive,sports,2
घरेलू मैदान पर धाविका का प्रतियोगिता में बेअसर खेल टीम पर भारी पड़ा।,negative,sports,0
आज युवा एथलीट का फाइनल में खराब खेल टीम पर भारी पड़ा।,negative,sports,0
भारत ओवर के लिए टूर्नामेंट में हिस्सा ले रही है।,neutral,sports,1
लगातार तीसरे मैच में चैंपियन सेट से पहले प्रशिक्षण कर रहा है।,neutral,sports,1
सेवा का स्तर उम्मीदों से कम रहा,negative,sentihin,0
उसका स्वर इतना कटु था कि सब स्तब्ध रह गए।,negative,sentihin,0
इस मुकाबले में भारतीय टीम ने सेमीफाइनल में यादगार खेल दिखाकर शानदार वापसी की।,positive,sports,2
मैं इस जगह के बारे में ज्यादा नहीं जानता।,neutral,sentihin,1
यह कंपनी की नीति बहुत जटिल है।,negative,sentihin,0
टेनिस स्टार ने मैच के लिए तैयारी शुरू कर दी।,neutral,sports,1
फॉरवर्ड ने लीग मैच के लिए नया अभ्यास कार्यक्रम शुरू किया।,neutral,sports,1
इस मुकाबले में खिलाड़ी का इवेंट में खराब खेल टीम पर भारी पड़ा।,negative,sports,0
कप्तान मुकाबला के लिए टूर्नामेंट में हिस्सा ले रही है।,neutral,sports,1
भारतीय शटलर ने मुकाबला में खराब प्रदर्शन किया और दबाव में बिखर गई।,negative,sports,0
टूर्नामेंट के अहम चरण में भारतीय टीम ने पारी में धमाकेदार खेल दिखाकर मुकाबला अपने नाम कर लिया।,positive,sports,2
निर्णायक चरण में टीम की रक्षात्मक चूक भारी पड़ गई।,negative,sports,0
डिफेंडर ने प्लेऑफ में निराशाजनक प्रदर्शन किया और बढ़त गंवा दी।,negative,sports,0
भारतीय टीम सेमीफाइनल के लिए प्रशिक्षण जारी रखे हुए है।,neutral,sports,1
घरेलू मैदान पर खिलाड़ी का फाइनल में कमजोर खेल टीम पर भारी पड़ा।,negative,sports,0
मुकाबला महत्वपूर्ण मौके पर आयोजित होगा और खिलाड़ी इसमें हिस्सा लेगा।,neutral,sports,1
लंबे ब्रेक के बाद बल्लेबाज ने सीरीज में लाजवाब खेल दिखाकर मुश्किल स्थिति से बाहर निकली।,positive,sports,2
प्रशंसकों के सामने चैंपियन का गेम में असंगत खेल टीम पर भारी पड़ा।,negative,sports,0
निर्णायक मैच में हॉकी टीम ने मैच में लाजवाब खेल दिखाकर जीत दर्ज की।,positive,sports,2
लंबे ब्रेक के बाद चैंपियन ने सेट में बेहतरीन खेल दिखाकर जीत दर्ज की।,positive,sports,2
फॉरवर्ड की सेमीफाइनल में लचर रणनीति काम नहीं आई।,negative,sports,0
भारतीय खिलाड़ी ने क्वार्टरफाइनल के दौरान लगातार गलत फैसले लिए।,negative,sports,0
आज हॉकी टीम का लीग मैच में लचर खेल टीम पर भारी पड़ा।,negative,sports,0
इस मुकाबले में डिफेंडर का सेमीफाइनल में कमजोर खेल टीम पर भारी पड़ा।,negative,sports,0
लगातार तीसरे मैच में डिफेंडर ने सेमीफाइनल में कमाल का खेल दिखाकर महत्वपूर्ण योगदान दिया।,positive,sports,2
वह घटना इतनी दुखद थी कि उसे याद कर भी मन भारी हो जाता है।,negative,sentihin,0
भारतीय टीम प्लेऑफ के लिए प्रशिक्षण जारी रखे हुए है।,neutral,sports,1
टूर्नामेंट के अहम चरण में भारतीय टीम ने मुकाबला में जबरदस्त खेल दिखाकर लगातार अच्छा प्रदर्शन किया।,positive,sports,2
महत्वपूर्ण मौके पर युवा खिलाड़ी ने क्वार्टरफाइनल में कमाल का खेल दिखाकर महत्वपूर्ण योगदान दिया।,positive,sports,2
प्रशंसकों के सामने गोलकीपर ने मैच में लाजवाब खेल दिखाकर मुश्किल स्थिति से बाहर निकली।,positive,sports,2
यह अनुभव एकदम निराशाजनक था।,negative,sentihin,0
इस मुकाबले में चैंपियन का फाइनल में लचर खेल टीम पर भारी पड़ा।,negative,sports,0
निर्णायक मैच में कप्तान फाइनल से पहले प्रशिक्षण कर रहा है।,neutral,sports,1
निर्णायक मैच में गोलकीपर ने मुकाबला से पहले प्रशिक्षण पूरा किया।,neutral,sports,1
इवेंट लगातार तीसरे मैच में आयोजित होगा और एथलीट इसमें हिस्सा लेगा।,neutral,sports,1
भारतीय खिलाड़ी ने मैच में कमजोर प्रदर्शन किया और अपनी लय खो दी।,negative,sports,0
मुकाबला टूर्नामेंट के अहम चरण में आयोजित होगा और चैंपियन इसमें हिस्सा लेगा।,neutral,sports,1
लंबे ब्रेक के बाद भारतीय खिलाड़ी मैच से पहले प्रशिक्षण कर रहा है।,neutral,sports,1
इस मुकाबले में भारतीय खिलाड़ी ने मैच में जबरदस्त खेल दिखाकर दबदबा कायम रखा।,positive,sports,2
महत्वपूर्ण मौके पर युवा एथलीट ने दौड़ में धमाकेदार खेल दिखाकर मुकाबला अपने नाम कर लिया।,positive,sports,2
धाविका इवेंट के लिए टूर्नामेंट में हिस्सा ले रही है।,neutral,sports,1
प्रशंसकों के सामने फॉरवर्ड ने मैच में बेहतरीन तालमेल के साथ जीत हासिल की।,positive,sports,2
दौड़ महत्वपूर्ण मौके पर आयोजित होगा और युवा एथलीट इसमें हिस्सा लेगा।,neutral,sports,1
दौड़ लगातार तीसरे मैच में आयोजित होगा और धाविका इसमें हिस्सा लेगा।,neutral,sports,1
इस मुकाबले में भारतीय खिलाड़ी ने मैच में कई आसान मौके गंवाए।,negative,sports,0
उसका व्यव्हार रूखा था।,negative,sentihin,0
टूर्नामेंट के अहम चरण में भारतीय टीम ने सीरीज में बेहतरीन तालमेल के साथ जीत हासिल की।,positive,sports,2
यह निर्णय बहुत ही बेकार था।,negative,sentihin,0
मुझे यह नया फोन बिल्कुल पसंद नहीं आया।,negative,sentihin,0
प्रशंसकों के सामने गेंदबाज पारी से पहले प्रशिक्षण कर रहा है।,neutral,sports,1
लगातार तीसरे मैच में भारतीय टीम ने मुकाबला से पहले प्रशिक्षण पूरा किया।,neutral,sports,1
इस मुकाबले में डिफेंडर का मैच में खराब खेल टीम पर भारी पड़ा।,negative,sports,0
खिलाड़ी ने गेम में शानदार प्रदर्शन करते हुए जीत दर्ज की।,positive,sports,2
यह खबर सुनकर मैं खुश हो गया।,positive,sentihin,2
प्रशंसकों के सामने डिफेंडर ने फाइनल में बेहतरीन तालमेल के साथ जीत हासिल की।,positive,sports,2
मुझे इसमें कोई आकर्षण नहीं दिखा,neutral,sentihin,1
बल्लेबाज ने ओवर में कमजोर प्रदर्शन किया और लगातार गलतियां कीं।,negative,sports,0
मुझे वहाँ का वातावरण खराब लगा।,negative,sentihin,0
टूर्नामेंट के अहम चरण में भारतीय टीम सेमीफाइनल से पहले प्रशिक्षण कर रहा है।,neutral,sports,1
दबाव वाले मुकाबले में भारतीय टीम ने फाइनल में धमाकेदार खेल दिखाकर महत्वपूर्ण योगदान दिया।,positive,sports,2
निर्णायक मैच में फॉरवर्ड ने फाइनल से पहले प्रशिक्षण पूरा किया।,neutral,sports,1
लगातार तीसरे मैच में फॉरवर्ड का मुकाबला में खराब खेल टीम पर भारी पड़ा।,negative,sports,0
फाइनल निर्णायक मैच में आयोजित होगा और धाविका इसमें हिस्सा लेगा।,neutral,sports,1
मुझे यह नई नीति समझ नहीं आई।,negative,sentihin,0
यह निर्णय बहुत ही असंतोषजनक था।,negative,sentihin,0
आज फॉरवर्ड ने सेमीफाइनल से पहले प्रशिक्षण पूरा किया।,neutral,sports,1
यह आयोजन पूरी तरह खराब था।,negative,sentihin,0
प्रशंसकों के सामने बल्लेबाज ने सीरीज से पहले प्रशिक्षण पूरा किया।,neutral,sports,1
यह व्यंजन स्वादिष्ट और लाजवाब है।,positive,sentihin,2
भारत की रन चेज में निराशाजनक रणनीति काम नहीं आई।,negative,sports,0
महत्वपूर्ण मौके पर युवा एथलीट ने रेस में जबरदस्त खेल दिखाकर मुश्किल स्थिति से बाहर निकली।,positive,sports,2
फॉरवर्ड ने सेमीफाइनल में असंगत खेल दिखाया और टीम को नुकसान हुआ।,negative,sports,0
युवा एथलीट की फाइनल में निराश करने वाला रणनीति काम नहीं आई।,negative,sports,0
भारतीय शटलर ने फाइनल में उत्कृष्ट खेल दिखाया और टीम को जीत दिलाई।,positive,sports,2
वह यात्रा मेरे लिए यादगार बन गई।,positive,sentihin,2
उसकी कड़वी बातों ने मुझे भीतर से तोड़ दिया।,negative,sentihin,0
इस मुकाबले में डिफेंडर का मैच में लचर खेल टीम पर भारी पड़ा।,negative,sports,0
घरेलू मैदान पर भारत का मैच में कमजोर खेल टीम पर भारी पड़ा।,negative,sports,0
कप्तान ने लीग मैच के लिए तैयारी शुरू कर दी।,neutral,sports,1
इस मुद्दे पर मेरी कोई निश्चित राय नहीं बन पाई है।,neutral,sentihin,1
मैच लंबे ब्रेक के बाद आयोजित होगा और गोलकीपर इसमें हिस्सा लेगा।,neutral,sports,1
धाविका रेस के लिए अभ्यास सत्र में शामिल हुई।,neutral,sports,1
इस मुकाबले में भारतीय टीम ने मुकाबला में लाजवाब खेल दिखाकर मुश्किल स्थिति से बाहर निकली।,positive,sports,2
महत्वपूर्ण मौके पर फॉरवर्ड ने सेमीफाइनल में धमाकेदार खेल दिखाकर लगातार अच्छा प्रदर्शन किया।,positive,sports,2
खिलाड़ी को दौड़ के लिए टीम में शामिल किया गया है।,neutral,sports,1
गोलकीपर ने मैच में खराब खेल दिखाया और टीम को नुकसान हुआ।,negative,sports,0
निर्णायक मैच में युवा शटलर का गेम में खराब खेल टीम पर भारी पड़ा।,negative,sports,0
लंबे ब्रेक के बाद भारत ने मुकाबला में लाजवाब खेल दिखाकर मुश्किल स्थिति से बाहर निकली।,positive,sports,2
डिफेंडर ने फाइनल में निराशाजनक प्रदर्शन किया और अपनी लय खो दी।,negative,sports,0
प्रशंसकों के सामने हॉकी टीम ने सेमीफाइनल से पहले प्रशिक्षण पूरा किया।,neutral,sports,1
लंबे ब्रेक के बाद गोलकीपर ने सेमीफाइनल में बेहतरीन खेल दिखाकर महत्वपूर्ण योगदान दिया।,positive,sports,2
टेनिस स्टार क्वार्टरफाइनल के लिए रणनीति पर चर्चा कर रही है।,neutral,sports,1
मुकाबला लंबे ब्रेक के बाद आयोजित होगा और युवा खिलाड़ी इसमें हिस्सा लेगा।,neutral,sports,1
मुझे इस दुकान की ग्राहक सेवा से निराशा हुई।,negative,sentihin,0
प्रशंसकों के सामने भारतीय शटलर मैच से पहले प्रशिक्षण कर रहा है।,neutral,sports,1
भारत ने पारी में लचर प्रदर्शन किया और अपनी लय खो दी।,negative,sports,0
यह अनुभव अत्यंत दुखद रहा।,negative,sentihin,0
दबाव वाले मुकाबले में डिफेंडर का मुकाबला में लचर खेल टीम पर भारी पड़ा।,negative,sports,0
प्रशंसकों के सामने युवा खिलाड़ी का सेट में लचर खेल टीम पर भारी पड़ा।,negative,sports,0
लगातार तीसरे मैच में खिलाड़ी ने मैच में शानदार खेल दिखाकर मुश्किल स्थिति से बाहर निकली।,positive,sports,2
इस पर कुछ कहना मेरे लिए उचित नहीं होगा।,neutral,sentihin,1
भारतीय खिलाड़ी सेट के लिए रणनीति पर चर्चा कर रही है।,neutral,sports,1
इस मुकाबले में खिलाड़ी ने फाइनल में उत्कृष्ट खेल दिखाकर लगातार अच्छा प्रदर्शन किया।,positive,sports,2
दौड़ प्रशंसकों के सामने आयोजित होगा और एथलीट इसमें हिस्सा लेगा।,neutral,sports,1
टूर्नामेंट के अहम चरण में कप्तान ने क्वार्टरफाइनल में लाजवाब खेल दिखाकर मुश्किल स्थिति से बाहर निकली।,positive,sports,2
तुम्हारी ईमानदारी ने हमेशा मेरा भरोसा कायम रखा है।,positive,sentihin,2
डिफेंडर ने फाइनल में बेहतरीन प्रदर्शन करते हुए मुश्किल स्थिति से बाहर निकली।,positive,sports,2
यह किताब बहुत प्रेरणादायक है।,positive,sentihin,2
दबाव वाले मुकाबले में धाविका ने फाइनल में यादगार खेल दिखाकर जीत दर्ज की।,positive,sports,2
लंबे ब्रेक के बाद भारतीय खिलाड़ी ने सेट में उत्कृष्ट खेल दिखाकर मुश्किल स्थिति से बाहर निकली।,positive,sports,2
दौड़ घरेलू मैदान पर आयोजित होगा और धाविका इसमें हिस्सा लेगा।,neutral,sports,1
महत्वपूर्ण मौके पर फॉरवर्ड ने लीग मैच में कमाल का खेल दिखाकर महत्वपूर्ण योगदान दिया।,positive,sports,2
मुझे यह नई फिल्म बहुत निराशाजनक लगी।,negative,sentihin,0
सुबह के सत्र में दोनों टीमों ने मैच से पहले प्रशिक्षण किया।,neutral,sports,1
प्रशंसकों के सामने विकेटकीपर का ओवर में निराश करने वाला खेल टीम पर भारी पड़ा।,negative,sports,0
आज डिफेंडर ने फाइनल से पहले प्रशिक्षण पूरा किया।,neutral,sports,1
क्वार्टरफाइनल टूर्नामेंट के अहम चरण में आयोजित होगा और खिलाड़ी इसमें हिस्सा लेगा।,neutral,sports,1
गेंदबाज ने सीरीज में निराश करने वाला प्रदर्शन किया और दबाव में बिखर गई।,negative,sports,0
निर्णायक मैच में बल्लेबाज का मुकाबला में फीका खेल टीम पर भारी पड़ा।,negative,sports,0
आज कप्तान का फाइनल में लचर खेल टीम पर भारी पड़ा।,negative,sports,0
लगातार तीसरे मैच में खिलाड़ी ने दौड़ में बेहतरीन खेल दिखाकर शानदार वापसी की।,positive,sports,2
उसकी कटुता ने मेरे मन को तोड़ दिया।,negative,sentihin,0
निर्णायक मैच में जोड़ी ने मुकाबला में जबरदस्त खेल दिखाकर दबदबा कायम रखा।,positive,sports,2
लंबे ब्रेक के बाद चैंपियन ने मैच में उत्कृष्ट खेल दिखाकर मुकाबला अपने नाम कर लिया।,positive,sports,2
गोलकीपर की मैच में निराशाजनक रणनीति काम नहीं आई।,negative,sports,0
आपकी मदद से कठिनाई दूर हुई।,positive,sentihin,2
दबाव वाले मुकाबले में खिलाड़ी ने इवेंट में लाजवाब खेल दिखाकर दबदबा कायम रखा।,positive,sports,2
गेम प्रशंसकों के सामने आयोजित होगा और जोड़ी इसमें हिस्सा लेगा।,neutral,sports,1
टूर्नामेंट के अहम चरण में भारतीय टीम ने रन चेज से पहले प्रशिक्षण पूरा किया।,neutral,sports,1
मेरी नौकरी चली गई है।,negative,sentihin,0
फॉरवर्ड की सेमीफाइनल में कमजोर रणनीति काम नहीं आई।,negative,sports,0
लंबे ब्रेक के बाद फॉरवर्ड फाइनल से पहले प्रशिक्षण कर रहा है।,neutral,sports,1
यह जीत हमारे लिए गौरव की बात है।,positive,sentihin,2
लंबे ब्रेक के बाद गोलकीपर का सेमीफाइनल में बेअसर खेल टीम पर भारी पड़ा।,negative,sports,0
डिफेंडर ने फाइनल में फीका प्रदर्शन किया और लगातार गलतियां कीं।,negative,sports,0
टूर्नामेंट के अहम चरण में बल्लेबाज ने ओवर में जबरदस्त खेल दिखाकर दबदबा कायम रखा।,positive,sports,2
बल्लेबाज ने मुकाबला में निराश करने वाला प्रदर्शन किया और बढ़त गंवा दी।,negative,sports,0
निर्णायक मैच में डिफेंडर ने लीग मैच में धमाकेदार खेल दिखाकर महत्वपूर्ण योगदान दिया।,positive,sports,2
लगातार तीसरे मैच में भारतीय खिलाड़ी का सेट में बेअसर खेल टीम पर भारी पड़ा।,negative,sports,0
मैं इस बारे में कुछ नहीं कह सकता।,neutral,sentihin,1
रन चेज निर्णायक मैच में आयोजित होगा और विकेटकीपर इसमें हिस्सा लेगा।,neutral,sports,1
लगातार तीसरे मैच में कप्तान का प्लेऑफ में निराशाजनक खेल टीम पर भारी पड़ा।,negative,sports,0
फाइनल प्रशंसकों के सामने आयोजित होगा और कप्तान इसमें हिस्सा लेगा।,neutral,sports,1
लगातार तीसरे मैच में डिफेंडर का फाइनल में निराशाजनक खेल टीम पर भारी पड़ा।,negative,sports,0
लंबे ब्रेक के बाद भारतीय खिलाड़ी का सेट में लचर खेल टीम पर भारी पड़ा।,negative,sports,0
यह ऐप हर दिन काम आता है,positive,sentihin,2
आपकी सोच सदा सकारात्मक प्रेरणा देती है।,positive,sentihin,2
निर्णायक मैच में युवा खिलाड़ी का फाइनल में निराश करने वाला खेल टीम पर भारी पड़ा।,negative,sports,0
मैं इस हालत से दुखी हूं।,negative,sentihin,0
टूर्नामेंट के अहम चरण में कप्तान का प्लेऑफ में बेअसर खेल टीम पर भारी पड़ा।,negative,sports,0
युवा खिलाड़ी ने मैच में धमाकेदार प्रदर्शन करते हुए लगातार अच्छा प्रदर्शन किया।,positive,sports,2
लंबे ब्रेक के बाद खिलाड़ी ने मुकाबला में यादगार खेल दिखाकर महत्वपूर्ण योगदान दिया।,positive,sports,2
आज भारतीय धावक का रेस में असंगत खेल टीम पर भारी पड़ा।,negative,sports,0
दबाव वाले मुकाबले में एथलीट का रेस में खराब खेल टीम पर भारी पड़ा।,negative,sports,0
दबाव वाले मुकाबले में डिफेंडर ने सेमीफाइनल से पहले प्रशिक्षण पूरा किया।,neutral,sports,1
घरेलू मैदान पर चैंपियन का सेट में निराश करने वाला खेल टीम पर भारी पड़ा।,negative,sports,0
निर्णायक मैच में डिफेंडर ने सेमीफाइनल में लाजवाब खेल दिखाकर महत्वपूर्ण योगदान दिया।,positive,sports,2
महत्वपूर्ण मौके पर हॉकी टीम ने सेमीफाइनल में यादगार खेल दिखाकर मुश्किल स्थिति से बाहर निकली।,positive,sports,2
Pressure ke beech Team ka performance bahut disappointing raha,negative,sports,0
दबाव वाले मुकाबले में एथलीट इवेंट से पहले प्रशिक्षण कर रहा है।,neutral,sports,1
यह कार की परफॉर्मेंस बहुत खराब है।,negative,sentihin,0
मैं रोज़ाना अपने परिवार के साथ समय बिताता हूं।,neutral,sentihin,1
प्रशंसकों के सामने युवा खिलाड़ी ने मैच में जबरदस्त खेल दिखाकर दबदबा कायम रखा।,positive,sports,2
उसकी उपेक्षा से मन में गहरी कसक रह गई।,negative,sentihin,0
दबाव वाले मुकाबले में क्लब लीग मैच से पहले प्रशिक्षण कर रहा है।,neutral,sports,1
निर्णायक मैच में रेडर ने मैच में उत्कृष्ट खेल दिखाकर महत्वपूर्ण योगदान दिया।,positive,sports,2
डिफेंडर की लीग मैच में असंगत रणनीति काम नहीं आई।,negative,sports,0
दबाव वाले मुकाबले में खिलाड़ी फाइनल से पहले प्रशिक्षण कर रहा है।,neutral,sports,1
मैच प्रशंसकों के सामने आयोजित होगा और गेंदबाज इसमें हिस्सा लेगा।,neutral,sports,1
टूर्नामेंट के अहम चरण में क्लब का लीग मैच में निराश करने वाला खेल टीम पर भारी पड़ा।,negative,sports,0
मैं इस घटना से आहत हूं।,negative,sentihin,0
यह पार्क बच्चों के लिए बहुत सुरक्षित है।,positive,sentihin,2
दौड़ इस मुकाबले में आयोजित होगा और खिलाड़ी इसमें हिस्सा लेगा।,neutral,sports,1
इस मुकाबले में युवा शटलर ने सेट में धमाकेदार खेल दिखाकर मुश्किल स्थिति से बाहर निकली।,positive,sports,2
टूर्नामेंट के अहम चरण में धाविका का रेस में निराश करने वाला खेल टीम पर भारी पड़ा।,negative,sports,0
निर्णायक मैच में युवा खिलाड़ी ने फाइनल में शानदार खेल दिखाकर शानदार वापसी की।,positive,sports,2
महत्वपूर्ण मौके पर टेनिस स्टार मैच से पहले प्रशिक्षण कर रहा है।,neutral,sports,1
लगातार तीसरे मैच में विकेटकीपर ने सीरीज में उत्कृष्ट खेल दिखाकर मुकाबला अपने नाम कर लिया।,positive,sports,2
बल्लेबाज ने ओवर के लिए तैयारी शुरू कर दी।,neutral,sports,1
तुम्हारा प्रेम हर परिस्थिति में मेरा संबल बनता है।,positive,sentihin,2
भारतीय शटलर फाइनल के लिए रणनीति पर चर्चा कर रही है।,neutral,sports,1
यह नया कैफे बहुत शांत और आरामदायक है।,positive,sentihin,2
यह यात्रा औसत रही।,neutral,sentihin,1
चैंपियन ने मुकाबला के दौरान लगातार बेहतर निर्णय लिए।,positive,sports,2
खाना स्वाद में बेहतरीन था,positive,sentihin,2
टूर्नामेंट के अहम चरण में चैंपियन गेम से पहले प्रशिक्षण कर रहा है।,neutral,sports,1
इस मुकाबले में भारतीय खिलाड़ी का फाइनल में खराब खेल टीम पर भारी पड़ा।,negative,sports,0
महत्वपूर्ण मौके पर भारतीय टीम ने फाइनल में कमाल का खेल दिखाकर महत्वपूर्ण योगदान दिया।,positive,sports,2
घरेलू मैदान पर भारतीय धावक ने प्रतियोगिता में जबरदस्त खेल दिखाकर मुश्किल स्थिति से बाहर निकली।,positive,sports,2
यह सेवा इतनी खराब थी कि मैं शिकायत करने पर मजबूर हुआ।,negative,sentihin,0
लंबे ब्रेक के बाद गोलकीपर का सेमीफाइनल में कमजोर खेल टीम पर भारी पड़ा।,negative,sports,0
प्रशंसकों के सामने जोड़ी सेट से पहले प्रशिक्षण कर रहा है।,neutral,sports,1
मुझे यह घटना सामान्य लगी।,neutral,sentihin,1
प्रशंसकों के सामने युवा शटलर ने गेम में धमाकेदार खेल दिखाकर महत्वपूर्ण योगदान दिया।,positive,sports,2
लंबे ब्रेक के बाद रेडर का फाइनल में निराशाजनक खेल टीम पर भारी पड़ा।,negative,sports,0
इस मुकाबले में गोलकीपर मुकाबला से पहले प्रशिक्षण कर रहा है।,neutral,sports,1
फाइनल प्रशंसकों के सामने आयोजित होगा और फॉरवर्ड इसमें हिस्सा लेगा।,neutral,sports,1
मैं इस मामले में कोई हस्तक्षेप नहीं करूंगा।,neutral,sentihin,1
मुझे इससे कोई विशेष अनुभव नहीं हुआ।,neutral,sentihin,1
घरेलू मैदान पर भारत ने पारी में जबरदस्त खेल दिखाकर महत्वपूर्ण योगदान दिया।,positive,sports,2
महत्वपूर्ण मौके पर विकेटकीपर ने मैच में धमाकेदार खेल दिखाकर महत्वपूर्ण योगदान दिया।,positive,sports,2
प्रशंसकों के सामने टेनिस स्टार ने क्वार्टरफाइनल में धमाकेदार खेल दिखाकर लगातार अच्छा प्रदर्शन किया।,positive,sports,2
लंबे ब्रेक के बाद डिफेंडर ने फाइनल में लाजवाब खेल दिखाकर मुकाबला अपने नाम कर लिया।,positive,sports,2
मेरी मां का बनाया खाना हमेशा स्वादिष्ट होता है।,positive,sentihin,2
महत्वपूर्ण मौके पर युवा खिलाड़ी का फाइनल में असंगत खेल टीम पर भारी पड़ा।,negative,sports,0
गोलकीपर लीग मैच के लिए मैच के लिए रवाना हुई।,neutral,sports,1
प्रशंसकों के सामने खिलाड़ी ने प्रतियोगिता में शानदार खेल दिखाकर दबदबा कायम रखा।,positive,sports,2
इस मुकाबले में कप्तान का मुकाबला में लचर खेल टीम पर भारी पड़ा।,negative,sports,0
आपकी सोच मेरे लिए सकारात्मक प्रेरणा है।,positive,sentihin,2
आपकी सोच सदा सकारात्मक सोच पैदा करती है।,positive,sentihin,2
टेनिस स्टार ने फाइनल में बेअसर प्रदर्शन किया और मुकाबला गंवा दिया।,negative,sports,0
आज भारतीय शटलर का फाइनल में बेअसर खेल टीम पर भारी पड़ा।,negative,sports,0
यह दिन बहुत थका देने वाला रहा।,negative,sentihin,0
महत्वपूर्ण मौके पर टेनिस स्टार ने मुकाबला में धमाकेदार खेल दिखाकर महत्वपूर्ण योगदान दिया।,positive,sports,2
फॉरवर्ड मैच के लिए अगले दौर के लिए पहुंची।,neutral,sports,1
डिफेंडर अगले लीग मैच से पहले कोच के साथ बैठक करेगा।,neutral,sports,1
महत्वपूर्ण मौके पर कप्तान ने रन चेज में उत्कृष्ट खेल दिखाकर जीत दर्ज की।,positive,sports,2
निर्णायक मैच में भारतीय टीम ने मुकाबला में शानदार खेल दिखाकर शानदार वापसी की।,positive,sports,2
महत्वपूर्ण मौके पर डिफेंडर लीग मैच से पहले प्रशिक्षण कर रहा है।,neutral,sports,1
उसकी तीखी बातें मुझे बहुत दुखी कर गईं।,negative,sentihin,0
इस मुकाबले में डिफेंडर लीग मैच से पहले प्रशिक्षण कर रहा है।,neutral,sports,1
बल्लेबाज ने सीरीज के लिए तैयारी शुरू कर दी।,neutral,sports,1
जोड़ी ने मैच में निराश करने वाला प्रदर्शन किया और लगातार गलतियां कीं।,negative,sports,0
घरेलू मैदान पर गोलकीपर ने मुकाबला में यादगार खेल दिखाकर मुकाबला अपने नाम कर लिया।,positive,sports,2
प्रशंसकों के सामने खिलाड़ी का मैच में खराब खेल टीम पर भारी पड़ा।,negative,sports,0
इस मुकाबले में डिफेंडर ने लीग मैच में लाजवाब खेल दिखाकर दबदबा कायम रखा।,positive,sports,2
महत्वपूर्ण मौके पर भारतीय धावक ने प्रतियोगिता में कई आसान मौके गंवाए।,negative,sports,0
लगातार तीसरे मैच में कप्तान ने मैच में कमाल का खेल दिखाकर मुश्किल स्थिति से बाहर निकली।,positive,sports,2
फाइनल महत्वपूर्ण मौके पर आयोजित होगा और युवा शटलर इसमें हिस्सा लेगा।,neutral,sports,1
मैं बहुत थक गया हूं।,negative,sentihin,0
लंबे ब्रेक के बाद गेंदबाज ने सीरीज में लाजवाब खेल दिखाकर मुकाबला अपने नाम कर लिया।,positive,sports,2
इस निर्णय से मुझे बहुत हानि हुई है।,negative,sentihin,0
आज डिफेंडर का फाइनल में बेअसर खेल टीम पर भारी पड़ा।,negative,sports,0
डिफेंडर ने फाइनल में कमजोर प्रदर्शन किया और महत्वपूर्ण मौका गंवाया।,negative,sports,0
लगातार तीसरे मैच में भारतीय धावक ने रेस में उत्कृष्ट खेल दिखाकर शानदार वापसी की।,positive,sports,2
प्रशंसकों के सामने भारतीय टीम का मुकाबला में फीका खेल टीम पर भारी पड़ा।,negative,sports,0
आपकी मदद अमूल्य रही।,positive,sentihin,2
चैंपियन सेट के लिए अगले दौर के लिए पहुंची।,neutral,sports,1
आज कप्तान का फाइनल में निराशाजनक खेल टीम पर भारी पड़ा।,negative,sports,0
युवा एथलीट प्रतियोगिता के लिए मैच के लिए रवाना हुई।,neutral,sports,1
लंबे ब्रेक के बाद कप्तान सेट से पहले प्रशिक्षण कर रहा है।,neutral,sports,1
भारतीय शटलर फाइनल के लिए अगले मुकाबले की तैयारी कर रही है।,neutral,sports,1
दबाव वाले मुकाबले में युवा शटलर ने मैच में कमाल का खेल दिखाकर मुश्किल स्थिति से बाहर निकली।,positive,sports,2
घरेलू मैदान पर भारतीय शटलर ने सेट में धमाकेदार खेल दिखाकर महत्वपूर्ण योगदान दिया।,positive,sports,2
इस मुद्दे पर मेरी सोच अधूरी ही है।,neutral,sentihin,1
युवा एथलीट ने प्रतियोगिता के लिए तैयारी शुरू कर दी।,neutral,sports,1
इस मुकाबले में भारतीय शटलर मैच से पहले प्रशिक्षण कर रहा है।,neutral,sports,1
मुझे इसमें कोई उत्साह नहीं दिखा।,neutral,sentihin,1
फाइनल इस मुकाबले में आयोजित होगा और भारतीय धावक इसमें हिस्सा लेगा।,neutral,sports,1
महत्वपूर्ण मौके पर भारतीय धावक ने रेस में जबरदस्त खेल दिखाकर महत्वपूर्ण योगदान दिया।,positive,sports,2
घरेलू मैदान पर कप्तान ने मुकाबला में कमाल का खेल दिखाकर जीत दर्ज की।,positive,sports,2
भारतीय खिलाड़ी ने फाइनल में उत्कृष्ट प्रदर्शन करते हुए जीत दर्ज की।,positive,sports,2
टेनिस स्टार को मैच के लिए टीम में शामिल किया गया है।,neutral,sports,1
टूर्नामेंट के अहम चरण में खिलाड़ी ने सेट में धमाकेदार खेल दिखाकर लगातार अच्छा प्रदर्शन किया।,positive,sports,2
कप्तान ने रन चेज में लचर प्रदर्शन किया और मुकाबला गंवा दिया।,negative,sports,0
भारतीय टीम की मुकाबला में फीका रणनीति काम नहीं आई।,negative,sports,0
मुझे इस विषय पर कोई विशेष रुचि महसूस नहीं हुई।,neutral,sentihin,1
भारतीय धावक ने प्रतियोगिता में लचर प्रदर्शन किया और लगातार गलतियां कीं।,negative,sports,0
महत्वपूर्ण मौके पर धाविका प्रतियोगिता से पहले प्रशिक्षण कर रहा है।,neutral,sports,1
लगातार तीसरे मैच में हॉकी टीम मैच से पहले प्रशिक्षण कर रहा है।,neutral,sports,1
भारत की मुकाबला में खराब रणनीति काम नहीं आई।,negative,sports,0
प्रशंसकों के सामने युवा खिलाड़ी ने मुकाबला से पहले प्रशिक्षण पूरा किया।,neutral,sports,1
घरेलू मैदान पर भारतीय टीम ने फाइनल में लाजवाब खेल दिखाकर मुश्किल स्थिति से बाहर निकली।,positive,sports,2
मैच दबाव वाले मुकाबले में आयोजित होगा और क्लब इसमें हिस्सा लेगा।,neutral,sports,1
लंबे ब्रेक के बाद रेडर का मैच में निराश करने वाला खेल टीम पर भारी पड़ा।,negative,sports,0
गेंदबाज ने मैच में निराश करने वाला प्रदर्शन किया और दबाव में बिखर गई।,negative,sports,0
टूर्नामेंट के अहम चरण में हॉकी टीम का फाइनल में कमजोर खेल टीम पर भारी पड़ा।,negative,sports,0
फिल्म देखने का अनुभव यादगार रहा,positive,sentihin,2
महत्वपूर्ण मौके पर युवा शटलर ने गेम में धमाकेदार खेल दिखाकर मुकाबला अपने नाम कर लिया।,positive,sports,2
दबाव वाले मुकाबले में भारतीय टीम का ओवर में लचर खेल टीम पर भारी पड़ा।,negative,sports,0
विकेटकीपर की ओवर में असंगत रणनीति काम नहीं आई।,negative,sports,0
फाइनल टूर्नामेंट के अहम चरण में आयोजित होगा और खिलाड़ी इसमें हिस्सा लेगा।,neutral,sports,1
आज गेंदबाज ने ओवर में बेहतरीन खेल दिखाकर दबदबा कायम रखा।,positive,sports,2
धाविका की प्रतियोगिता में बेअसर रणनीति काम नहीं आई।,negative,sports,0
भारतीय टीम ने लीग मैच में बेअसर प्रदर्शन किया और दबाव में बिखर गई।,negative,sports,0
कप्तान ने मुकाबला में बेअसर प्रदर्शन किया और महत्वपूर्ण मौका गंवाया।,negative,sports,0
रेडर ने प्लेऑफ के लिए यात्रा कार्यक्रम साझा किया।,neutral,sports,1
आपकी सोच से मन को प्रसन्नता मिलती है।,positive,sentihin,2
प्रशंसकों के सामने युवा शटलर का मुकाबला में फीका खेल टीम पर भारी पड़ा।,negative,sports,0
टूर्नामेंट के अहम चरण में भारतीय खिलाड़ी फाइनल से पहले प्रशिक्षण कर रहा है।,neutral,sports,1
आज भारतीय टीम ने फाइनल में कई आसान मौके गंवाए।,negative,sports,0
इस मुकाबले में भारतीय टीम फाइनल से पहले प्रशिक्षण कर रहा है।,neutral,sports,1
मुझे यह बात समझ नहीं आई।,negative,sentihin,0
प्रशंसकों के सामने गेंदबाज का पारी में कमजोर खेल टीम पर भारी पड़ा।,negative,sports,0
लगातार तीसरे मैच में गेंदबाज का मैच में निराश करने वाला खेल टीम पर भारी पड़ा।,negative,sports,0
आज धाविका ने रेस में शानदार खेल दिखाकर शानदार वापसी की।,positive,sports,2
चैंपियन ने मुकाबला में धमाकेदार प्रदर्शन करते हुए महत्वपूर्ण योगदान दिया।,positive,sports,2
घरेलू मैदान पर धाविका का प्रतियोगिता में निराशाजनक खेल टीम पर भारी पड़ा।,negative,sports,0
खिलाड़ी की चूक से मुकाबला में टीम की स्थिति बिगड़ गई।,negative,sports,0
इस मुकाबले में कप्तान का मैच में असंगत खेल टीम पर भारी पड़ा।,negative,sports,0
आपके साथ बिताया समय यादगार रहा।,positive,sentihin,2
हॉकी टीम ने सेमीफाइनल में खराब प्रदर्शन किया और अपनी लय खो दी।,negative,sports,0
लंबे ब्रेक के बाद एथलीट ने रेस से पहले प्रशिक्षण पूरा किया।,neutral,sports,1
डिफेंडर ने मैच में निराश करने वाला प्रदर्शन किया और लगातार गलतियां कीं।,negative,sports,0
लगातार तीसरे मैच में युवा एथलीट का दौड़ में लचर खेल टीम पर भारी पड़ा।,negative,sports,0
लंबे ब्रेक के बाद कप्तान लीग मैच से पहले प्रशिक्षण कर रहा है।,neutral,sports,1
युवा शटलर ने फाइनल में बेहतरीन प्रदर्शन करते हुए मुश्किल स्थिति से बाहर निकली।,positive,sports,2
खिलाड़ी ने मुकाबला में उत्कृष्ट प्रदर्शन करते हुए मुश्किल स्थिति से बाहर निकली।,positive,sports,2
डिफेंडर ने प्लेऑफ में खराब प्रदर्शन किया और महत्वपूर्ण मौका गंवाया।,negative,sports,0
इस पर अभी कोई निष्कर्ष निकालना जल्दबाजी होगी।,neutral,sentihin,1
मुझे वहाँ का अनुभव असंतोषजनक लगा।,negative,sentihin,0
इस मुकाबले में चैंपियन ने गेम में कमाल का खेल दिखाकर मुकाबला अपने नाम कर लिया।,positive,sports,2
सीरीज टूर्नामेंट के अहम चरण में आयोजित होगा और बल्लेबाज इसमें हिस्सा लेगा।,neutral,sports,1
घरेलू मैदान पर भारतीय शटलर ने गेम से पहले प्रशिक्षण पूरा किया।,neutral,sports,1
रेडर ने मैच में कमजोर प्रदर्शन किया और महत्वपूर्ण मौका गंवाया।,negative,sports,0
मुझे इस उत्पाद की डिलीवरी में देरी हुई।,negative,sentihin,0
महत्वपूर्ण मौके पर विकेटकीपर का पारी में फीका खेल टीम पर भारी पड़ा।,negative,sports,0
मुकाबला महत्वपूर्ण मौके पर आयोजित होगा और युवा शटलर इसमें हिस्सा लेगा।,neutral,sports,1
गेंदबाज ने रन चेज में खराब खेल दिखाया और टीम को नुकसान हुआ।,negative,sports,0
टूर्नामेंट के अहम चरण में युवा एथलीट प्रतियोगिता से पहले प्रशिक्षण कर रहा है।,neutral,sports,1
टूर्नामेंट में प्रदर्शन उम्मीद के मुताबिक नहीं रहा।,negative,sports,0
टूर्नामेंट के अहम चरण में गोलकीपर लीग मैच से पहले प्रशिक्षण कर रहा है।,neutral,sports,1
निर्णायक मैच में युवा शटलर ने मुकाबला में शानदार खेल दिखाकर मुकाबला अपने नाम कर लिया।,positive,sports,2
भारतीय खिलाड़ी सेट के लिए अगले मुकाबले की तैयारी कर रही है।,neutral,sports,1
घरेलू मैदान पर खिलाड़ी सेट से पहले प्रशिक्षण कर रहा है।,neutral,sports,1
आज विकेटकीपर ओवर से पहले प्रशिक्षण कर रहा है।,neutral,sports,1
प्रशंसकों के सामने विकेटकीपर ने मुकाबला में उत्कृष्ट खेल दिखाकर मुश्किल स्थिति से बाहर निकली।,positive,sports,2
जोड़ी फाइनल के लिए अगले मुकाबले की तैयारी कर रही है।,neutral,sports,1
यह अनुभव पूरी तरह से खराब था।,negative,sentihin,0
घरेलू मैदान पर भारतीय टीम ने सेमीफाइनल में उत्कृष्ट खेल दिखाकर महत्वपूर्ण योगदान दिया।,positive,sports,2
निर्णायक मैच में धाविका का फाइनल में खराब खेल टीम पर भारी पड़ा।,negative,sports,0
भारतीय शटलर की टीम मुकाबला के लिए अपनी अंतिम सूची तैयार कर रही है।,neutral,sports,1
भारतीय खिलाड़ी के मैच में उत्कृष्ट प्रदर्शन से टीम को फायदा हुआ।,positive,sports,2
दबाव वाले मुकाबले में युवा एथलीट प्रतियोगिता से पहले प्रशिक्षण कर रहा है।,neutral,sports,1
मुझे यह सुविधा पसंद नहीं है।,negative,sentihin,0
कप्तान ने ओवर में असंगत प्रदर्शन किया और दबाव में बिखर गई।,negative,sports,0
महत्वपूर्ण मौके पर भारतीय धावक का फाइनल में बेअसर खेल टीम पर भारी पड़ा।,negative,sports,0
विकेटकीपर ने सीरीज में निराशाजनक प्रदर्शन किया और महत्वपूर्ण मौका गंवाया।,negative,sports,0
रेडर की मैच में लचर रणनीति काम नहीं आई।,negative,sports,0
धाविका ने इवेंट में फीका प्रदर्शन किया और मुकाबला गंवा दिया।,negative,sports,0
युवा खिलाड़ी फाइनल के लिए प्रशिक्षण जारी रखे हुए है।,neutral,sports,1
निर्णायक मैच में फॉरवर्ड ने लीग मैच में उत्कृष्ट खेल दिखाकर जीत दर्ज की।,positive,sports,2
टूर्नामेंट के अहम चरण में भारतीय टीम ने लीग मैच में जबरदस्त खेल दिखाकर महत्वपूर्ण योगदान दिया।,positive,sports,2
निर्णायक मैच में भारतीय टीम का मैच में कमजोर खेल टीम पर भारी पड़ा।,negative,sports,0
चैंपियन ने गेम में फीका प्रदर्शन किया और उम्मीदों पर खरी नहीं उतरी।,negative,sports,0
महत्वपूर्ण मौके पर एथलीट दौड़ से पहले प्रशिक्षण कर रहा है।,neutral,sports,1
जोड़ी ने मैच में खराब प्रदर्शन किया और उम्मीदों पर खरी नहीं उतरी।,negative,sports,0
निर्णायक मैच में कप्तान ने मुकाबला में कमाल का खेल दिखाकर महत्वपूर्ण योगदान दिया।,positive,sports,2
दबाव वाले मुकाबले में भारतीय टीम ने मैच में शानदार खेल दिखाकर लगातार अच्छा प्रदर्शन किया।,positive,sports,2
जोड़ी ने मैच में बेअसर प्रदर्शन किया और अपनी लय खो दी।,negative,sports,0
मुझे वहाँ का खाना बिल्कुल पसंद नहीं आया।,negative,sentihin,0
टूर्नामेंट के अहम चरण में भारतीय टीम ने मैच में जबरदस्त खेल दिखाकर मुश्किल स्थिति से बाहर निकली।,positive,sports,2
आज कप्तान का मैच में लचर खेल टीम पर भारी पड़ा।,negative,sports,0
बल्लेबाज ने सीरीज में कमजोर प्रदर्शन किया और बढ़त गंवा दी।,negative,sports,0
भारतीय धावक ने दौड़ में शानदार प्रदर्शन करते हुए जीत दर्ज की।,positive,sports,2
महत्वपूर्ण मौके पर युवा एथलीट इवेंट से पहले प्रशिक्षण कर रहा है।,neutral,sports,1
घरेलू मैदान पर डिफेंडर का सेमीफाइनल में खराब खेल टीम पर भारी पड़ा।,negative,sports,0
इस मुकाबले में खिलाड़ी ने प्लेऑफ में कमाल का खेल दिखाकर लगातार अच्छा प्रदर्शन किया।,positive,sports,2
घरेलू मैदान पर धाविका प्रतियोगिता से पहले प्रशिक्षण कर रहा है।,neutral,sports,1
इस मुकाबले में धाविका का दौड़ में लचर खेल टीम पर भारी पड़ा।,negative,sports,0
आपके सहयोग से मेरा आत्मबल बढ़ा।,positive,sentihin,2
इस मुकाबले में हॉकी टीम मैच से पहले प्रशिक्षण कर रहा है।,neutral,sports,1
टूर्नामेंट के अहम चरण में खिलाड़ी ने प्लेऑफ में बेहतरीन खेल दिखाकर दबदबा कायम रखा।,positive,sports,2
मुझे इस मोबाइल की कीमत बहुत ज्यादा लगी।,negative,sentihin,0
लंबे ब्रेक के बाद कप्तान ने लीग मैच में बेहतरीन तालमेल के साथ जीत हासिल की।,positive,sports,2
लगातार तीसरे मैच में डिफेंडर ने लीग मैच में उत्कृष्ट खेल दिखाकर लगातार अच्छा प्रदर्शन किया।,positive,sports,2
घरेलू मैदान पर भारतीय खिलाड़ी का फाइनल में निराशाजनक खेल टीम पर भारी पड़ा।,negative,sports,0
टेनिस स्टार फाइनल के लिए अगले मुकाबले की तैयारी कर रही है।,neutral,sports,1
आज खिलाड़ी ने फाइनल से पहले प्रशिक्षण पूरा किया।,neutral,sports,1
भारतीय टीम ने मुकाबला के लिए तैयारी शुरू कर दी।,neutral,sports,1
मुझे इसमें कुछ विशेष महसूस नहीं हुआ।,neutral,sentihin,1
चैंपियन ने गेम में निराशाजनक प्रदर्शन किया और अपनी लय खो दी।,negative,sports,0
इस मुकाबले में भारतीय शटलर ने सेट में कमाल का खेल दिखाकर जीत दर्ज की।,positive,sports,2
इस पर कोई अंतिम निष्कर्ष निकालना मुश्किल है।,neutral,sentihin,1
बल्लेबाज ने मुकाबला में बेअसर प्रदर्शन किया और बढ़त गंवा दी।,negative,sports,0
इस मुकाबले में कप्तान ने फाइनल में शानदार खेल दिखाकर महत्वपूर्ण योगदान दिया।,positive,sports,2
मुझे इसमें कोई नयी अनुभूति नहीं हुई।,neutral,sentihin,1
लगातार तीसरे मैच में धाविका ने प्रतियोगिता में शानदार खेल दिखाकर जीत दर्ज की।,positive,sports,2
दबाव वाले मुकाबले में खिलाड़ी ने दौड़ में कई आसान मौके गंवाए।,negative,sports,0
युवा खिलाड़ी ने फाइनल में निराश करने वाला प्रदर्शन किया और लगातार गलतियां कीं।,negative,sports,0
लंबे ब्रेक के बाद खिलाड़ी फाइनल से पहले प्रशिक्षण कर रहा है।,neutral,sports,1
इस उत्पाद में गुणवत्ता की कमी महसूस हुई,negative,sentihin,0
दबाव वाले मुकाबले में युवा खिलाड़ी मैच से पहले प्रशिक्षण कर रहा है।,neutral,sports,1
लंबे ब्रेक के बाद रेडर ने लीग मैच में यादगार खेल दिखाकर मुश्किल स्थिति से बाहर निकली।,positive,sports,2
निर्णायक मैच में जोड़ी का मुकाबला में लचर खेल टीम पर भारी पड़ा।,negative,sports,0
निर्णायक मैच में भारतीय धावक ने इवेंट से पहले प्रशिक्षण पूरा किया।,neutral,sports,1
दबाव वाले मुकाबले में गेंदबाज का ओवर में निराशाजनक खेल टीम पर भारी पड़ा।,negative,sports,0
मुझे इसमें कोई विशेष लाभ नहीं मिला,neutral,sentihin,1
इवेंट आज आयोजित होगा और खिलाड़ी इसमें हिस्सा लेगा।,neutral,sports,1
कप्तान ने मुकाबला में फीका प्रदर्शन किया और मुकाबला गंवा दिया।,negative,sports,0
हॉकी टीम ने लीग मैच में कमजोर खेल दिखाया और टीम को नुकसान हुआ।,negative,sports,0
हॉकी टीम ने लीग मैच में निराश करने वाला प्रदर्शन किया और लगातार गलतियां कीं।,negative,sports,0
टूर्नामेंट के अहम चरण में भारतीय टीम ने फाइनल में जबरदस्त खेल दिखाकर महत्वपूर्ण योगदान दिया।,positive,sports,2
लंबे ब्रेक के बाद भारतीय शटलर का मैच में असंगत खेल टीम पर भारी पड़ा।,negative,sports,0
मैच महत्वपूर्ण मौके पर आयोजित होगा और डिफेंडर इसमें हिस्सा लेगा।,neutral,sports,1
लगातार तीसरे मैच में फॉरवर्ड ने सेमीफाइनल में शानदार खेल दिखाकर महत्वपूर्ण योगदान दिया।,positive,sports,2
मुझे इसमें कोई प्रतिक्रिया नहीं।,neutral,sentihin,1
इस विषय में मेरी कोई राय नहीं है,neutral,sentihin,1
लंबे ब्रेक के बाद भारतीय टीम ने सेमीफाइनल से पहले प्रशिक्षण पूरा किया।,neutral,sports,1
खिलाड़ी इवेंट के लिए रणनीति पर चर्चा कर रही है।,neutral,sports,1
यह निर्णय पूरी तरह असफल रहा।,negative,sentihin,0
कप्तान ने ओवर में फीका प्रदर्शन किया और दबाव में बिखर गई।,negative,sports,0
खिलाड़ी ने मैच में धमाकेदार प्रदर्शन करते हुए मुश्किल स्थिति से बाहर निकली।,positive,sports,2
मुकाबला लंबे ब्रेक के बाद आयोजित होगा और फॉरवर्ड इसमें हिस्सा लेगा।,neutral,sports,1
लंबे ब्रेक के बाद युवा शटलर का मुकाबला में निराशाजनक खेल टीम पर भारी पड़ा।,negative,sports,0
दबाव वाले मुकाबले में भारत का पारी में निराश करने वाला खेल टीम पर भारी पड़ा।,negative,sports,0
महत्वपूर्ण मौके पर कप्तान का मुकाबला में असंगत खेल टीम पर भारी पड़ा।,negative,sports,0
मुझे यह उपहार बेकार लगा।,negative,sentihin,0
यह अनुभव सुखद था।,positive,sentihin,2
कप्तान ने मुकाबला में निराश करने वाला प्रदर्शन किया और बढ़त गंवा दी।,negative,sports,0
भारतीय खिलाड़ी मुकाबला के लिए रणनीति पर चर्चा कर रही है।,neutral,sports,1
यह निर्णय बहुत ही खराब निकला।,negative,sentihin,0
क्वार्टरफाइनल दबाव वाले मुकाबले में आयोजित होगा और कप्तान इसमें हिस्सा लेगा।,neutral,sports,1
भारतीय टीम ओवर के लिए अगले मुकाबले की तैयारी कर रही है।,neutral,sports,1
इस मुकाबले में जोड़ी ने फाइनल में लाजवाब खेल दिखाकर मुकाबला अपने नाम कर लिया।,positive,sports,2
मैच प्रशंसकों के सामने आयोजित होगा और जोड़ी इसमें हिस्सा लेगा।,neutral,sports,1
टूर्नामेंट के अहम चरण में भारतीय धावक ने प्रतियोगिता में उत्कृष्ट खेल दिखाकर मुकाबला अपने नाम कर लिया।,positive,sports,2
इस मुकाबले में युवा शटलर का मैच में बेअसर खेल टीम पर भारी पड़ा।,negative,sports,0
यह अनुभव इतना खराब था कि मैं फिर दोबारा नहीं आऊंगा।,negative,sentihin,0
टूर्नामेंट के अहम चरण में हॉकी टीम का मुकाबला में असंगत खेल टीम पर भारी पड़ा।,negative,sports,0
आज खिलाड़ी का प्रतियोगिता में कमजोर खेल टीम पर भारी पड़ा।,negative,sports,0
लंबे ब्रेक के बाद कप्तान ने फाइनल में लाजवाब खेल दिखाकर दबदबा कायम रखा।,positive,sports,2
यह निर्णय अस्वीकार्य था।,negative,sentihin,0
यह निर्णय बेहद निराशाजनक साबित हुआ।,negative,sentihin,0
लीग मैच प्रशंसकों के सामने आयोजित होगा और रेडर इसमें हिस्सा लेगा।,neutral,sports,1
महत्वपूर्ण मौके पर फॉरवर्ड फाइनल से पहले प्रशिक्षण कर रहा है।,neutral,sports,1
तुम्हारे शब्दों ने मुझे खुश कर दिया।,positive,sentihin,2
सुबह के सत्र में टीम ने जीत का सुनहरा मौका गंवा दिया।,negative,sports,0
लंबे ब्रेक के बाद खिलाड़ी ने मुकाबला में उत्कृष्ट खेल दिखाकर मुश्किल स्थिति से बाहर निकली।,positive,sports,2
आज एथलीट का रेस में लचर खेल टीम पर भारी पड़ा।,negative,sports,0
इस मुकाबले में युवा शटलर का सेट में कमजोर खेल टीम पर भारी पड़ा।,negative,sports,0
लीग मैच लगातार तीसरे मैच में आयोजित होगा और फॉरवर्ड इसमें हिस्सा लेगा।,neutral,sports,1
घरेलू मैदान पर रेडर ने मैच में यादगार खेल दिखाकर शानदार वापसी की।,positive,sports,2
निर्णायक मैच में बल्लेबाज का मैच में असंगत खेल टीम पर भारी पड़ा।,negative,sports,0
दबाव वाले मुकाबले में खिलाड़ी ने मुकाबला में उत्कृष्ट खेल दिखाकर लगातार अच्छा प्रदर्शन किया।,positive,sports,2
इस मुकाबले में क्लब का लीग मैच में कमजोर खेल टीम पर भारी पड़ा।,negative,sports,0
लगातार तीसरे मैच में युवा शटलर ने सेट में लाजवाब खेल दिखाकर जीत दर्ज की।,positive,sports,2
निर्णायक मैच में कप्तान ने फाइनल में कमाल का खेल दिखाकर मुकाबला अपने नाम कर लिया।,positive,sports,2
लंबे ब्रेक के बाद खिलाड़ी ने मुकाबला में कमाल का खेल दिखाकर शानदार वापसी की।,positive,sports,2
ओवर आज आयोजित होगा और भारतीय टीम इसमें हिस्सा लेगा।,neutral,sports,1
कप्तान प्लेऑफ के लिए अगले मुकाबले की तैयारी कर रही है।,neutral,sports,1
टेनिस स्टार मुकाबला के लिए रणनीति पर चर्चा कर रही है।,neutral,sports,1
महत्वपूर्ण मौके पर युवा एथलीट ने दौड़ में शानदार खेल दिखाकर दबदबा कायम रखा।,positive,sports,2
निर्णायक मैच में फॉरवर्ड फाइनल से पहले प्रशिक्षण कर रहा है।,neutral,sports,1
गेंदबाज ने ओवर में शानदार प्रदर्शन करते हुए मुश्किल स्थिति से बाहर निकली।,positive,sports,2
प्रशंसकों के सामने भारत ने मुकाबला में धमाकेदार खेल दिखाकर महत्वपूर्ण योगदान दिया।,positive,sports,2
वह घटना दुखद रही।,negative,sentihin,0
निर्णायक मैच में कप्तान का फाइनल में निराश करने वाला खेल टीम पर भारी पड़ा।,negative,sports,0
युवा शटलर ने सेट में असंगत खेल दिखाया और टीम को नुकसान हुआ।,negative,sports,0
टूर्नामेंट के अहम चरण में रेडर का मैच में कमजोर खेल टीम पर भारी पड़ा।,negative,sports,0
टूर्नामेंट के अहम चरण में कप्तान ने सेमीफाइनल में बेहतरीन खेल दिखाकर शानदार वापसी की।,positive,sports,2
क्वार्टरफाइनल इस मुकाबले में आयोजित होगा और खिलाड़ी इसमें हिस्सा लेगा।,neutral,sports,1
Is tournament mein Captain ne next game ki strategy discuss ki,neutral,sports,1
वह हमेशा मेरी मदद करता है।,positive,sentihin,2
युवा एथलीट को फाइनल के लिए टीम में शामिल किया गया है।,neutral,sports,1
डिफेंडर ने प्लेऑफ में असंगत प्रदर्शन किया और मुकाबला गंवा दिया।,negative,sports,0
लगातार तीसरे मैच में डिफेंडर ने फाइनल में धमाकेदार खेल दिखाकर लगातार अच्छा प्रदर्शन किया।,positive,sports,2
चैंपियन ने फाइनल में लचर प्रदर्शन किया और उम्मीदों पर खरी नहीं उतरी।,negative,sports,0
घरेलू मैदान पर फॉरवर्ड ने फाइनल में यादगार खेल दिखाकर मुश्किल स्थिति से बाहर निकली।,positive,sports,2
घरेलू मैदान पर जोड़ी ने सेट में शानदार खेल दिखाकर मुश्किल स्थिति से बाहर निकली।,positive,sports,2
तुम्हारे साथ बिताए हर लम्हे की यादें मेरे लिए अनमोल हैं।,positive,sentihin,2
निर्णायक मैच में भारत ने मुकाबला में कमाल का खेल दिखाकर जीत दर्ज की।,positive,sports,2
कप्तान की फाइनल में निराशाजनक रणनीति काम नहीं आई।,negative,sports,0
प्रशंसकों के सामने खिलाड़ी ने प्रतियोगिता में लाजवाब खेल दिखाकर दबदबा कायम रखा।,positive,sports,2
लगातार तीसरे मैच में युवा शटलर गेम से पहले प्रशिक्षण कर रहा है।,neutral,sports,1
भारतीय शटलर ने सेट में खराब प्रदर्शन किया और दबाव में बिखर गई।,negative,sports,0
लंबे ब्रेक के बाद भारतीय खिलाड़ी ने सेट में धमाकेदार खेल दिखाकर जीत दर्ज की।,positive,sports,2
आज गोलकीपर ने मैच में यादगार खेल दिखाकर मुश्किल स्थिति से बाहर निकली।,positive,sports,2
मुझे वहाँ की सेवा असंतोषजनक लगी।,negative,sentihin,0
मुझे वहाँ का अनुभव अच्छा नहीं लगा।,negative,sentihin,0
प्रशंसकों के सामने टेनिस स्टार का फाइनल में निराश करने वाला खेल टीम पर भारी पड़ा।,negative,sports,0
फॉरवर्ड लीग मैच के लिए टूर्नामेंट में हिस्सा ले रही है।,neutral,sports,1
महत्वपूर्ण मौके पर जोड़ी ने फाइनल में बेहतरीन खेल दिखाकर महत्वपूर्ण योगदान दिया।,positive,sports,2
घरेलू मैदान पर कप्तान ने मैच में जबरदस्त खेल दिखाकर मुकाबला अपने नाम कर लिया।,positive,sports,2
मैच निर्णायक मैच में आयोजित होगा और युवा खिलाड़ी इसमें हिस्सा लेगा।,neutral,sports,1
भारतीय टीम ने ओवर में धमाकेदार प्रदर्शन करते हुए जीत दर्ज की।,positive,sports,2
डिफेंडर ने मैच में कमजोर प्रदर्शन किया और मुकाबला गंवा दिया।,negative,sports,0
इस मुकाबले में गोलकीपर ने फाइनल में जबरदस्त खेल दिखाकर जीत दर्ज की।,positive,sports,2
आज गोलकीपर का लीग मैच में लचर खेल टीम पर भारी पड़ा।,negative,sports,0
आज भारतीय टीम ने मुकाबला में जबरदस्त खेल दिखाकर मुकाबला अपने नाम कर लिया।,positive,sports,2
पारी दबाव वाले मुकाबले में आयोजित होगा और भारत इसमें हिस्सा लेगा।,neutral,sports,1
Is tournament mein Team ne match apne naam kar liya,positive,sports,2
निर्णायक मैच में भारतीय धावक ने इवेंट में उत्कृष्ट खेल दिखाकर शानदार वापसी की।,positive,sports,2
विकेटकीपर ने मैच में निराश करने वाला प्रदर्शन किया और लगातार गलतियां कीं।,negative,sports,0
पारी निर्णायक मैच में आयोजित होगा और कप्तान इसमें हिस्सा लेगा।,neutral,sports,1
कप्तान अगले मुकाबला से पहले कोच के साथ बैठक करेगा।,neutral,sports,1
घरेलू मैदान पर फॉरवर्ड ने मैच में कई आसान मौके गंवाए।,negative,sports,0
टूर्नामेंट के अहम चरण में युवा शटलर ने गेम से पहले प्रशिक्षण पूरा किया।,neutral,sports,1
प्रशंसकों के सामने धाविका का फाइनल में निराश करने वाला खेल टीम पर भारी पड़ा।,negative,sports,0
मुझे इसमें कोई प्रतिक्रिया नहीं देनी है।,neutral,sentihin,1
इस मामले में मेरी सोच अभी अधूरी है।,neutral,sentihin,1
घरेलू मैदान पर चैंपियन का फाइनल में बेअसर खेल टीम पर भारी पड़ा।,negative,sports,0
हॉकी टीम ने फाइनल में बेअसर प्रदर्शन किया और दबाव में बिखर गई।,negative,sports,0
लंबे ब्रेक के बाद भारतीय धावक इवेंट से पहले प्रशिक्षण कर रहा है।,neutral,sports,1
लंबे अंतराल के बाद टीम ने मुश्किल हालात में शानदार जीत हासिल की।,positive,sports,2
लंबे ब्रेक के बाद हॉकी टीम सेमीफाइनल से पहले प्रशिक्षण कर रहा है।,neutral,sports,1
लंबे ब्रेक के बाद कप्तान रन चेज से पहले प्रशिक्षण कर रहा है।,neutral,sports,1
प्रशंसकों के सामने भारतीय टीम ने मुकाबला में यादगार खेल दिखाकर लगातार अच्छा प्रदर्शन किया।,positive,sports,2
दबाव वाले मुकाबले में डिफेंडर का फाइनल में निराशाजनक खेल टीम पर भारी पड़ा।,negative,sports,0
मैच लंबे ब्रेक के बाद आयोजित होगा और टेनिस स्टार इसमें हिस्सा लेगा।,neutral,sports,1
फॉरवर्ड ने कठिन मैच में धैर्य रखते हुए सफलता हासिल की।,positive,sports,2
इस मुकाबले में डिफेंडर ने मैच में बेहतरीन खेल दिखाकर लगातार अच्छा प्रदर्शन किया।,positive,sports,2
भारत पारी के लिए अगले मुकाबले की तैयारी कर रही है।,neutral,sports,1
आज भारतीय टीम ने फाइनल में उत्कृष्ट खेल दिखाकर महत्वपूर्ण योगदान दिया।,positive,sports,2
लगातार तीसरे मैच में एथलीट ने इवेंट में शानदार खेल दिखाकर जीत दर्ज की।,positive,sports,2
इस मुकाबले में भारतीय शटलर ने मैच में शानदार खेल दिखाकर मुश्किल स्थिति से बाहर निकली।,positive,sports,2
लंबे ब्रेक के बाद भारतीय खिलाड़ी ने सेट में कई आसान मौके गंवाए।,negative,sports,0
लगातार तीसरे मैच में खिलाड़ी ने सेट से पहले प्रशिक्षण पूरा किया।,neutral,sports,1
डिफेंडर ने कठिन लीग मैच में धैर्य रखते हुए सफलता हासिल की।,positive,sports,2
मैं इस जगह पर पहले भी आ चुका हूँ।,neutral,sentihin,1
कप्तान ने मुकाबला में निराशाजनक प्रदर्शन किया और अपनी लय खो दी।,negative,sports,0
इस मुकाबले में हॉकी टीम ने फाइनल में बेहतरीन खेल दिखाकर मुकाबला अपने नाम कर लिया।,positive,sports,2
तुम्हारे शब्दों में जो संवेदनशीलता है वह दिल को छू जाती है।,positive,sentihin,2
आज एथलीट ने दौड़ में उत्कृष्ट खेल दिखाकर दबदबा कायम रखा।,positive,sports,2
इस मुकाबले में भारतीय टीम ने लीग मैच में कमाल का खेल दिखाकर दबदबा कायम रखा।,positive,sports,2
लंबे ब्रेक के बाद फॉरवर्ड ने मुकाबला में उत्कृष्ट खेल दिखाकर दबदबा कायम रखा।,positive,sports,2
आपके विचार प्रेरणा से भरे हुए हैं।,positive,sentihin,2
घरेलू मैदान पर भारतीय खिलाड़ी ने मैच में बेहतरीन खेल दिखाकर मुकाबला अपने नाम कर लिया।,positive,sports,2
महत्वपूर्ण मौके पर भारतीय शटलर का मैच में कमजोर खेल टीम पर भारी पड़ा।,negative,sports,0
इस मुकाबले में भारतीय टीम का लीग मैच में निराश करने वाला खेल टीम पर भारी पड़ा।,negative,sports,0
प्रशंसकों के सामने कप्तान सेट से पहले प्रशिक्षण कर रहा है।,neutral,sports,1
आज भारतीय टीम ने मुकाबला में जबरदस्त खेल दिखाकर मुश्किल स्थिति से बाहर निकली।,positive,sports,2
आपकी मुस्कान से प्रेरणा मिलती है।,positive,sentihin,2
गेंदबाज ने ओवर में धमाकेदार प्रदर्शन करते हुए शानदार वापसी की।,positive,sports,2
प्रशंसकों के सामने भारत का रन चेज में निराश करने वाला खेल टीम पर भारी पड़ा।,negative,sports,0
लगातार तीसरे मैच में रेडर फाइनल से पहले प्रशिक्षण कर रहा है।,neutral,sports,1
टूर्नामेंट के अहम चरण में खिलाड़ी ने मुकाबला में कमाल का खेल दिखाकर शानदार वापसी की।,positive,sports,2
आज भारतीय टीम ने फाइनल में उत्कृष्ट खेल दिखाकर शानदार वापसी की।,positive,sports,2
यह सेवा मेरे लिए बेहद निराशाजनक रही।,negative,sentihin,0
जोड़ी ने फाइनल में यादगार प्रदर्शन करते हुए जीत दर्ज की।,positive,sports,2
महत्वपूर्ण मौके पर विकेटकीपर ने पारी में बेहतरीन खेल दिखाकर मुश्किल स्थिति से बाहर निकली।,positive,sports,2
इस मुकाबले में युवा शटलर का फाइनल में बेअसर खेल टीम पर भारी पड़ा।,negative,sports,0
युवा शटलर गेम के लिए प्रशिक्षण जारी रखे हुए है।,neutral,sports,1
बल्लेबाज ने मुकाबला में बेअसर प्रदर्शन किया और उम्मीदों पर खरी नहीं उतरी।,negative,sports,0
टूर्नामेंट के अहम चरण में गोलकीपर का फाइनल में असंगत खेल टीम पर भारी पड़ा।,negative,sports,0
यह प्रकृति का नजारा बहुत मनमोहक है।,positive,sentihin,2
कप्तान ने मैच में निराश करने वाला प्रदर्शन किया और दबाव में बिखर गई।,negative,sports,0
लंबे ब्रेक के बाद डिफेंडर लीग मैच से पहले प्रशिक्षण कर रहा है।,neutral,sports,1
इस मुकाबले में खिलाड़ी ने मुकाबला में कई आसान मौके गंवाए।,negative,sports,0
मुझे इसमें कोई खास बदलाव नहीं लगा।,neutral,sentihin,1
युवा खिलाड़ी ने फाइनल में बेहतरीन प्रदर्शन करते हुए मुकाबला अपने नाम कर लिया।,positive,sports,2
घरेलू मैदान पर युवा एथलीट ने इवेंट से पहले प्रशिक्षण पूरा किया।,neutral,sports,1
इस मुकाबले में क्लब सेमीफाइनल से पहले प्रशिक्षण कर रहा है।,neutral,sports,1
मुझे उनकी बातें कष्टदायक लगीं।,negative,sentihin,0
फाइनल लंबे ब्रेक के बाद आयोजित होगा और रेडर इसमें हिस्सा लेगा।,neutral,sports,1
यह निर्णय अस्वीकार्य रहा।,negative,sentihin,0
क्लब ने फाइनल में फीका प्रदर्शन किया और बढ़त गंवा दी।,negative,sports,0
यह प्रोडक्ट की डिलीवरी बहुत देरी से हुई।,negative,sentihin,0
आपका समर्थन हमेशा मेरे साथ रहा है।,positive,sentihin,2
दबाव वाले मुकाबले में गोलकीपर ने सेमीफाइनल में बेहतरीन खेल दिखाकर मुश्किल स्थिति से बाहर निकली।,positive,sports,2
रेस लंबे ब्रेक के बाद आयोजित होगा और युवा एथलीट इसमें हिस्सा लेगा।,neutral,sports,1
तुम्हारे स्नेह और अपनापन ने हर मुश्किल को आसान कर दिया।,positive,sentihin,2
उसका क्रोधित चेहरा देखकर सभी घबरा गए।,negative,sentihin,0
सेट लंबे ब्रेक के बाद आयोजित होगा और चैंपियन इसमें हिस्सा लेगा।,neutral,sports,1
भारत मुकाबला के लिए मैच के लिए रवाना हुई।,neutral,sports,1
निर्णायक मैच में युवा एथलीट ने प्रतियोगिता में शानदार खेल दिखाकर जीत दर्ज की।,positive,sports,2
भारतीय धावक दौड़ के लिए रणनीति पर चर्चा कर रही है।,neutral,sports,1
मुकाबला टूर्नामेंट के अहम चरण में आयोजित होगा और भारतीय टीम इसमें हिस्सा लेगा।,neutral,sports,1
खिलाड़ी ने फाइनल में कमजोर प्रदर्शन किया और बढ़त गंवा दी।,negative,sports,0
निर्णायक मैच में भारतीय शटलर फाइनल से पहले प्रशिक्षण कर रहा है।,neutral,sports,1
जोड़ी ने गेम के लिए तैयारी शुरू कर दी।,neutral,sports,1
यह निर्णय एकदम असफल साबित हुआ।,negative,sentihin,0
युवा शटलर ने गेम में खराब प्रदर्शन किया और लगातार गलतियां कीं।,negative,sports,0
तुम्हारा समर्थन हमेशा प्रेरणादायक होता है।,positive,sentihin,2
दौड़ टूर्नामेंट के अहम चरण में आयोजित होगा और युवा एथलीट इसमें हिस्सा लेगा।,neutral,sports,1
दबाव वाले मुकाबले में कप्तान ने लीग मैच से पहले प्रशिक्षण पूरा किया।,neutral,sports,1
इस मुकाबले में खिलाड़ी ने प्लेऑफ में शानदार खेल दिखाकर लगातार अच्छा प्रदर्शन किया।,positive,sports,2
डिफेंडर ने मुकाबला में उत्कृष्ट प्रदर्शन करते हुए जीत दर्ज की।,positive,sports,2
दबाव वाले मुकाबले में गोलकीपर लीग मैच से पहले प्रशिक्षण कर रहा है।,neutral,sports,1
भारतीय टीम की मैच में निराशाजनक रणनीति काम नहीं आई।,negative,sports,0
प्रशंसकों के सामने टूर्नामेंट का अगला चरण अगले सप्ताह शुरू होगा।,neutral,sports,1
एथलीट रेस के लिए अभ्यास सत्र में शामिल हुई।,neutral,sports,1
लगातार तीसरे मैच में गोलकीपर लीग मैच से पहले प्रशिक्षण कर रहा है।,neutral,sports,1
इस पर मेरी कोई स्पष्ट राय नहीं है।,neutral,sentihin,1
महत्वपूर्ण मौके पर फॉरवर्ड ने मुकाबला में कई आसान मौके गंवाए।,negative,sports,0
तुम्हारे विचारों से खुशी हुई।,positive,sentihin,2
डिफेंडर की चूक से मैच में टीम की स्थिति बिगड़ गई।,negative,sports,0
इस मुकाबले में फॉरवर्ड ने मैच में धमाकेदार खेल दिखाकर मुश्किल स्थिति से बाहर निकली।,positive,sports,2
इस मुकाबले में धाविका ने प्रतियोगिता में धमाकेदार खेल दिखाकर शानदार वापसी की।,positive,sports,2
भारत ने पारी में फीका प्रदर्शन किया और अपनी लय खो दी।,negative,sports,0
इस मुद्दे में मेरी कोई खास रुचि नहीं है।,neutral,sentihin,1
मैं इस शोर से परेशान हूं।,negative,sentihin,0
महत्वपूर्ण मौके पर कप्तान ने पारी में उत्कृष्ट खेल दिखाकर महत्वपूर्ण योगदान दिया।,positive,sports,2
दबाव वाले मुकाबले में टेनिस स्टार ने मैच में शानदार खेल दिखाकर महत्वपूर्ण योगदान दिया।,positive,sports,2
लगातार तीसरे मैच में फॉरवर्ड ने मुकाबला में उत्कृष्ट खेल दिखाकर शानदार वापसी की।,positive,sports,2
भारतीय शटलर ने मुकाबला में उत्कृष्ट प्रदर्शन करते हुए शानदार वापसी की।,positive,sports,2
लंबे ब्रेक के बाद कप्तान ने मैच से पहले प्रशिक्षण पूरा किया।,neutral,sports,1
प्रशंसकों के सामने कप्तान ने मुकाबला में उत्कृष्ट खेल दिखाकर जीत दर्ज की।,positive,sports,2
कप्तान ने फाइनल में खराब खेल दिखाया और टीम को नुकसान हुआ।,negative,sports,0
बल्लेबाज की ओवर में निराश करने वाला रणनीति काम नहीं आई।,negative,sports,0
मुझे इस विषय पर कोई भावना नहीं है।,neutral,sentihin,1
खिलाड़ी ने मुकाबला में खराब प्रदर्शन किया और अपनी लय खो दी।,negative,sports,0
लगातार तीसरे मैच में डिफेंडर का फाइनल में कमजोर खेल टीम पर भारी पड़ा।,negative,sports,0
प्रशंसकों के सामने कप्तान ने मैच में शानदार खेल दिखाकर मुकाबला अपने नाम कर लिया।,positive,sports,2
धाविका ने इवेंट के लिए यात्रा कार्यक्रम साझा किया।,neutral,sports,1
खिलाड़ी ने प्लेऑफ में निराशाजनक प्रदर्शन किया और मुकाबला गंवा दिया।,negative,sports,0
उसका बर्ताव नकारात्मकता से भरा हुआ था।,negative,sentihin,0
भारत ने पारी के लिए यात्रा कार्यक्रम साझा किया।,neutral,sports,1
प्रशंसकों के सामने भारत ओवर से पहले प्रशिक्षण कर रहा है।,neutral,sports,1
युवा खिलाड़ी ने सेट में लचर प्रदर्शन किया और महत्वपूर्ण मौका गंवाया।,negative,sports,0
विकेटकीपर के पारी में धमाकेदार प्रदर्शन से टीम को फायदा हुआ।,positive,sports,2
आपकी मदद से आत्मबल बढ़ता है।,positive,sentihin,2
दबाव वाले मुकाबले में डिफेंडर ने प्लेऑफ में यादगार खेल दिखाकर महत्वपूर्ण योगदान दिया।,positive,sports,2
सेवा की गति धीमी लगी,negative,sentihin,0
प्रशंसकों के सामने डिफेंडर का लीग मैच में लचर खेल टीम पर भारी पड़ा।,negative,sports,0
लंबे ब्रेक के बाद गोलकीपर ने मैच में यादगार खेल दिखाकर दबदबा कायम रखा।,positive,sports,2
भारतीय धावक ने प्रतियोगिता में निराश करने वाला प्रदर्शन किया और महत्वपूर्ण मौका गंवाया।,negative,sports,0
लंबे ब्रेक के बाद गोलकीपर का मुकाबला में खराब खेल टीम पर भारी पड़ा।,negative,sports,0
इस मुकाबले में फॉरवर्ड का सेमीफाइनल में लचर खेल टीम पर भारी पड़ा।,negative,sports,0
फॉरवर्ड फाइनल के लिए मैच के लिए रवाना हुई।,neutral,sports,1
भारतीय टीम ने फाइनल में कमजोर प्रदर्शन किया और बढ़त गंवा दी।,negative,sports,0
आपकी मदद मेरे लिए अनमोल है।,positive,sentihin,2
टूर्नामेंट के अहम चरण में टेनिस स्टार का फाइनल में खराब खेल टीम पर भारी पड़ा।,negative,sports,0
चैंपियन सेट के लिए मैच के लिए रवाना हुई।,neutral,sports,1
दबाव वाले मुकाबले में गेंदबाज पारी से पहले प्रशिक्षण कर रहा है।,neutral,sports,1
रेडर ने लीग मैच में लाजवाब प्रदर्शन करते हुए लगातार अच्छा प्रदर्शन किया।,positive,sports,2
कप्तान ने मुकाबला के लिए तैयारी शुरू कर दी।,neutral,sports,1
आज फॉरवर्ड ने लीग मैच में कमाल का खेल दिखाकर महत्वपूर्ण योगदान दिया।,positive,sports,2
फॉरवर्ड ने फाइनल में खराब प्रदर्शन किया और उम्मीदों पर खरी नहीं उतरी।,negative,sports,0
घरेलू मैदान पर टेनिस स्टार ने मैच में कई आसान मौके गंवाए।,negative,sports,0
प्रशंसकों के सामने डिफेंडर ने प्लेऑफ में यादगार खेल दिखाकर जीत दर्ज की।,positive,sports,2
भारतीय शटलर की गेम में असंगत रणनीति काम नहीं आई।,negative,sports,0
महत्वपूर्ण मौके पर विकेटकीपर ओवर से पहले प्रशिक्षण कर रहा है।,neutral,sports,1
लगातार तीसरे मैच में भारतीय धावक ने फाइनल में कमाल का खेल दिखाकर शानदार वापसी की।,positive,sports,2
टूर्नामेंट के अहम चरण में एथलीट इवेंट से पहले प्रशिक्षण कर रहा है।,neutral,sports,1
दबाव वाले मुकाबले में कप्तान ने सेट से पहले प्रशिक्षण पूरा किया।,neutral,sports,1
टूर्नामेंट के अहम चरण में फॉरवर्ड ने लीग मैच में उत्कृष्ट खेल दिखाकर दबदबा कायम रखा।,positive,sports,2
आज फॉरवर्ड ने मैच में शानदार खेल दिखाकर शानदार वापसी की।,positive,sports,2
फाइनल महत्वपूर्ण मौके पर आयोजित होगा और युवा खिलाड़ी इसमें हिस्सा लेगा।,neutral,sports,1
युवा एथलीट ने रेस में फीका प्रदर्शन किया और दबाव में बिखर गई।,negative,sports,0
डिफेंडर ने लीग मैच में फीका प्रदर्शन किया और बढ़त गंवा दी।,negative,sports,0
आज खिलाड़ी मैच से पहले प्रशिक्षण कर रहा है।,neutral,sports,1
दबाव वाले मुकाबले में विकेटकीपर का मुकाबला में निराश करने वाला खेल टीम पर भारी पड़ा।,negative,sports,0
यह उपलब्धि मेरे जीवन की सबसे बड़ी खुशी है।,positive,sentihin,2
लगातार तीसरे मैच में हॉकी टीम ने मुकाबला में कई आसान मौके गंवाए।,negative,sports,0
फॉरवर्ड की मुकाबला में निराश करने वाला रणनीति काम नहीं आई।,negative,sports,0
लंबे ब्रेक के बाद डिफेंडर ने फाइनल में यादगार खेल दिखाकर दबदबा कायम रखा।,positive,sports,2
इस मुकाबले में क्लब का लीग मैच में खराब खेल टीम पर भारी पड़ा।,negative,sports,0
इस पर टिप्पणी करना मेरे लिए कठिन होगा।,neutral,sentihin,1
टेनिस स्टार ने सेट में कमजोर प्रदर्शन किया और महत्वपूर्ण मौका गंवाया।,negative,sports,0
इस घटना पर मैं कुछ नहीं कह सकता।,neutral,sentihin,1
उसकी आलोचना से मन में निराशा घर कर गई।,negative,sentihin,0
महत्वपूर्ण मौके पर खिलाड़ी दौड़ से पहले प्रशिक्षण कर रहा है।,neutral,sports,1
मेरे माता पिता का स्वास्थ्य आज बेहतर है।,positive,sentihin,2
बल्लेबाज सीरीज के लिए अगले दौर के लिए पहुंची।,neutral,sports,1
कप्तान मुकाबला के लिए अगले दौर के लिए पहुंची।,neutral,sports,1
प्रशंसकों के सामने गेंदबाज ने मैच में उत्कृष्ट खेल दिखाकर मुकाबला अपने नाम कर लिया।,positive,sports,2
सेट इस मुकाबले में आयोजित होगा और कप्तान इसमें हिस्सा लेगा।,neutral,sports,1
प्रशंसकों के सामने कप्तान ने मैच में कमाल का खेल दिखाकर लगातार अच्छा प्रदर्शन किया।,positive,sports,2
दौड़ प्रशंसकों के सामने आयोजित होगा और धाविका इसमें हिस्सा लेगा।,neutral,sports,1
भारतीय शटलर ने मैच में निराश करने वाला प्रदर्शन किया और दबाव में बिखर गई।,negative,sports,0
दबाव वाले मुकाबले में बल्लेबाज ने पारी में उत्कृष्ट खेल दिखाकर मुकाबला अपने नाम कर लिया।,positive,sports,2
धाविका ने फाइनल के लिए तैयारी शुरू कर दी।,neutral,sports,1
इस मुद्दे पर मेरी कोई स्पष्ट राय नहीं है।,neutral,sentihin,1
आज भारत का मुकाबला में असंगत खेल टीम पर भारी पड़ा।,negative,sports,0
मैच प्रशंसकों के सामने आयोजित होगा और रेडर इसमें हिस्सा लेगा।,neutral,sports,1
इस मुकाबले में कप्तान ने मुकाबला में लाजवाब खेल दिखाकर जीत दर्ज की।,positive,sports,2
खिलाड़ी ने फाइनल में बेअसर प्रदर्शन किया और उम्मीदों पर खरी नहीं उतरी।,negative,sports,0
फॉरवर्ड ने सेमीफाइनल में निराश करने वाला प्रदर्शन किया और महत्वपूर्ण मौका गंवाया।,negative,sports,0
टेनिस स्टार ने मुकाबला में बेअसर प्रदर्शन किया और दबाव में बिखर गई।,negative,sports,0
युवा एथलीट की रेस में असंगत रणनीति काम नहीं आई।,negative,sports,0
प्रशंसकों के सामने युवा खिलाड़ी का मैच में खराब खेल टीम पर भारी पड़ा।,negative,sports,0
घरेलू मैदान पर हॉकी टीम ने मुकाबला में कमाल का खेल दिखाकर मुकाबला अपने नाम कर लिया।,positive,sports,2
लगातार तीसरे मैच में युवा एथलीट ने प्रतियोगिता में यादगार खेल दिखाकर शानदार वापसी की।,positive,sports,2
महत्वपूर्ण मौके पर युवा शटलर गेम से पहले प्रशिक्षण कर रहा है।,neutral,sports,1
दबाव वाले मुकाबले में डिफेंडर ने फाइनल में शानदार खेल दिखाकर मुकाबला अपने नाम कर लिया।,positive,sports,2
मुकाबला दबाव वाले मुकाबले में आयोजित होगा और भारतीय खिलाड़ी इसमें हिस्सा लेगा।,neutral,sports,1
लगातार तीसरे मैच में धाविका ने इवेंट से पहले प्रशिक्षण पूरा किया।,neutral,sports,1
भारतीय शटलर मैच के लिए अगले दौर के लिए पहुंची।,neutral,sports,1
घरेलू मैदान पर गोलकीपर का मैच में फीका खेल टीम पर भारी पड़ा।,negative,sports,0
मुझे वहाँ का खाना अच्छा नहीं लगा।,negative,sentihin,0
गेंदबाज ने मैच में लचर प्रदर्शन किया और अपनी लय खो दी।,negative,sports,0
दबाव वाले मुकाबले में भारतीय टीम ने लीग मैच से पहले प्रशिक्षण पूरा किया।,neutral,sports,1
तुम्हारा यह गीत मन को भाता है।,positive,sentihin,2
मैच दबाव वाले मुकाबले में आयोजित होगा और डिफेंडर इसमें हिस्सा लेगा।,neutral,sports,1
गोलकीपर ने लीग मैच में कमजोर प्रदर्शन किया और दबाव में बिखर गई।,negative,sports,0
निर्णायक मैच में एथलीट का फाइनल में फीका खेल टीम पर भारी पड़ा।,negative,sports,0
निर्णायक मैच में भारतीय टीम का सेमीफाइनल में बेअसर खेल टीम पर भारी पड़ा।,negative,sports,0
आज जोड़ी का गेम में लचर खेल टीम पर भारी पड़ा।,negative,sports,0
घरेलू मैदान पर गेंदबाज ने मैच में जबरदस्त खेल दिखाकर शानदार वापसी की।,positive,sports,2
निर्णायक मैच में धाविका ने फाइनल में उत्कृष्ट खेल दिखाकर मुश्किल स्थिति से बाहर निकली।,positive,sports,2
टेनिस स्टार मैच के लिए अभ्यास सत्र में शामिल हुई।,neutral,sports,1
प्रशंसकों के सामने भारतीय धावक दौड़ से पहले प्रशिक्षण कर रहा है।,neutral,sports,1
Kal Defence ne aaj bahut mistakes ki,negative,sports,0
इस मुकाबले में एथलीट ने इवेंट में कमाल का खेल दिखाकर शानदार वापसी की।,positive,sports,2
गोलकीपर मुकाबला के लिए रणनीति पर चर्चा कर रही है।,neutral,sports,1
तुम्हारी सफलता ने मुझे भी आगे बढ़ने की प्रेरणा दी।,positive,sentihin,2
खिलाड़ी का कमजोर प्रदर्शन क्वार्टरफाइनल में हार का कारण बना।,negative,sports,0
घरेलू मैदान पर युवा शटलर मैच से पहले प्रशिक्षण कर रहा है।,neutral,sports,1
महत्वपूर्ण मौके पर रेडर ने फाइनल में बेहतरीन खेल दिखाकर दबदबा कायम रखा।,positive,sports,2
महत्वपूर्ण मौके पर बल्लेबाज ने रन चेज में जबरदस्त खेल दिखाकर महत्वपूर्ण योगदान दिया।,positive,sports,2
गेम टूर्नामेंट के अहम चरण में आयोजित होगा और युवा शटलर इसमें हिस्सा लेगा।,neutral,sports,1
विकेटकीपर सीरीज के लिए अगले दौर के लिए पहुंची।,neutral,sports,1
चैंपियन मैच के लिए रणनीति पर चर्चा कर रही है।,neutral,sports,1
महत्वपूर्ण मौके पर युवा एथलीट का रेस में कमजोर खेल टीम पर भारी पड़ा।,negative,sports,0
मुकाबला दबाव वाले मुकाबले में आयोजित होगा और भारतीय टीम इसमें हिस्सा लेगा।,neutral,sports,1
दबाव वाले मुकाबले में भारतीय शटलर ने मुकाबला में यादगार खेल दिखाकर शानदार वापसी की।,positive,sports,2
मैं रोज़ाना अपने माता पिता को फोन करता हूं।,neutral,sentihin,1
लंबे ब्रेक के बाद रेडर का मुकाबला में निराश करने वाला खेल टीम पर भारी पड़ा।,negative,sports,0
महत्वपूर्ण मौके पर क्लब ने लीग मैच में लाजवाब खेल दिखाकर लगातार अच्छा प्रदर्शन किया।,positive,sports,2
तुम्हारा आत्मबल हर परिस्थिति में मजबूती देता है।,positive,sentihin,2
आज चैंपियन का सेट में लचर खेल टीम पर भारी पड़ा।,negative,sports,0
दबाव वाले मुकाबले में फॉरवर्ड ने मुकाबला में धमाकेदार खेल दिखाकर शानदार वापसी की।,positive,sports,2
फॉरवर्ड ने मैच में बेअसर खेल दिखाया और टीम को नुकसान हुआ।,negative,sports,0
भारतीय टीम पारी के लिए अभ्यास सत्र में शामिल हुई।,neutral,sports,1
इस मुकाबले में भारतीय शटलर का गेम में फीका खेल टीम पर भारी पड़ा।,negative,sports,0
घरेलू मैदान पर खिलाड़ी ने मुकाबला में शानदार खेल दिखाकर शानदार वापसी की।,positive,sports,2
इवेंट दबाव वाले मुकाबले में आयोजित होगा और खिलाड़ी इसमें हिस्सा लेगा।,neutral,sports,1
लगातार तीसरे मैच में युवा एथलीट रेस से पहले प्रशिक्षण कर रहा है।,neutral,sports,1
गोलकीपर ने फाइनल में बेअसर प्रदर्शन किया और लगातार गलतियां कीं।,negative,sports,0
टूर्नामेंट के अहम चरण में खिलाड़ी ने इवेंट में कमाल का खेल दिखाकर दबदबा कायम रखा।,positive,sports,2
लीग मैच निर्णायक मैच में आयोजित होगा और फॉरवर्ड इसमें हिस्सा लेगा।,neutral,sports,1
यह रेस्टोरेंट का खाना बिल्कुल बेस्वाद था।,negative,sentihin,0
फिल्म का संगीत दिल छू लेने वाला था,positive,sentihin,2
खिलाड़ी ने दौड़ में असंगत प्रदर्शन किया और बढ़त गंवा दी।,negative,sports,0
गोलकीपर ने फाइनल में लचर प्रदर्शन किया और उम्मीदों पर खरी नहीं उतरी।,negative,sports,0
युवा एथलीट ने फाइनल में बेअसर प्रदर्शन किया और अपनी लय खो दी।,negative,sports,0
घरेलू मैदान पर भारतीय टीम लीग मैच से पहले प्रशिक्षण कर रहा है।,neutral,sports,1
रन चेज घरेलू मैदान पर आयोजित होगा और भारतीय टीम इसमें हिस्सा लेगा।,neutral,sports,1
मुझे यह प्रोडक्ट बहुत महंगा लगा।,negative,sentihin,0
ऑनलाइन सपोर्ट ने जल्दी समाधान दिया,positive,sentihin,2
खिलाड़ी फाइनल के लिए अगले दौर के लिए पहुंची।,neutral,sports,1
भारतीय खिलाड़ी ने सेट के लिए नया अभ्यास कार्यक्रम शुरू किया।,neutral,sports,1
पारी प्रशंसकों के सामने आयोजित होगा और भारत इसमें हिस्सा लेगा।,neutral,sports,1
यह निर्णय पूरी तरह गलत और असंवेदनशील रहा।,negative,sentihin,0
घरेलू मैदान पर टेनिस स्टार ने मैच में उत्कृष्ट खेल दिखाकर मुकाबला अपने नाम कर लिया।,positive,sports,2
सेट इस मुकाबले में आयोजित होगा और चैंपियन इसमें हिस्सा लेगा।,neutral,sports,1
इस मुकाबले में भारतीय धावक ने प्रतियोगिता में कमाल का खेल दिखाकर शानदार वापसी की।,positive,sports,2
एथलीट रेस के लिए अगले मुकाबले की तैयारी कर रही है।,neutral,sports,1
आज चैंपियन ने गेम में उत्कृष्ट खेल दिखाकर मुकाबला अपने नाम कर लिया।,positive,sports,2
भारतीय टीम की फाइनल में असंगत रणनीति काम नहीं आई।,negative,sports,0
दबाव वाले मुकाबले में भारतीय शटलर ने गेम में जबरदस्त खेल दिखाकर लगातार अच्छा प्रदर्शन किया।,positive,sports,2
गेंदबाज ने मुकाबला में असंगत प्रदर्शन किया और मुकाबला गंवा दिया।,negative,sports,0
ओवर लंबे ब्रेक के बाद आयोजित होगा और बल्लेबाज इसमें हिस्सा लेगा।,neutral,sports,1
लगातार तीसरे मैच में खिलाड़ी ने मैच से पहले प्रशिक्षण पूरा किया।,neutral,sports,1
Is tournament mein Defence ne aaj bahut mistakes ki,negative,sports,0
निर्णायक मैच में विकेटकीपर ने मैच में धमाकेदार खेल दिखाकर शानदार वापसी की।,positive,sports,2
कप्तान ने मुकाबला में असंगत प्रदर्शन किया और दबाव में बिखर गई।,negative,sports,0
इस अनुभव से मैं न तो प्रसन्न हुआ और न ही दुखी।,neutral,sentihin,1
लंबे ब्रेक के बाद गेंदबाज ने ओवर में जबरदस्त खेल दिखाकर मुकाबला अपने नाम कर लिया।,positive,sports,2
गेंदबाज अगले रन चेज से पहले कोच के साथ बैठक करेगा।,neutral,sports,1
आपकी मुस्कान से मन को खुशी मिलती है।,positive,sentihin,2
लंबे ब्रेक के बाद खिलाड़ी का मुकाबला में खराब खेल टीम पर भारी पड़ा।,negative,sports,0
खिलाड़ी का कमजोर प्रदर्शन लीग मैच में हार का कारण बना।,negative,sports,0
कप्तान ने लीग मैच में फीका प्रदर्शन किया और बढ़त गंवा दी।,negative,sports,0
तुम्हारी मेहनत सराहनीय है।,positive,sentihin,2
निर्णायक मैच में हॉकी टीम ने सेमीफाइनल में धमाकेदार खेल दिखाकर महत्वपूर्ण योगदान दिया।,positive,sports,2
फाइनल लगातार तीसरे मैच में आयोजित होगा और टेनिस स्टार इसमें हिस्सा लेगा।,neutral,sports,1
आपकी बातों से ऊर्जा मिलती है।,positive,sentihin,2
मुझे इससे कोई भावनात्मक प्रतिक्रिया नहीं हुई।,neutral,sentihin,1
दबाव वाले मुकाबले में डिफेंडर ने मैच में लाजवाब खेल दिखाकर लगातार अच्छा प्रदर्शन किया।,positive,sports,2
आज युवा शटलर का मैच में निराश करने वाला खेल टीम पर भारी पड़ा।,negative,sports,0
टूर्नामेंट के अहम चरण में एथलीट ने प्रतियोगिता में धमाकेदार खेल दिखाकर दबदबा कायम रखा।,positive,sports,2
दबाव वाले मुकाबले में रेडर ने लीग मैच से पहले प्रशिक्षण पूरा किया।,neutral,sports,1
महत्वपूर्ण मौके पर कप्तान ने मुकाबला में यादगार खेल दिखाकर लगातार अच्छा प्रदर्शन किया।,positive,sports,2
महत्वपूर्ण मौके पर युवा खिलाड़ी ने फाइनल में कमाल का खेल दिखाकर जीत दर्ज की।,positive,sports,2
टूर्नामेंट के अहम चरण में डिफेंडर का मुकाबला में निराशाजनक खेल टीम पर भारी पड़ा।,negative,sports,0
प्रशंसकों के सामने रेडर ने मैच में लाजवाब खेल दिखाकर लगातार अच्छा प्रदर्शन किया।,positive,sports,2
टेनिस स्टार ने फाइनल में निराशाजनक प्रदर्शन किया और लगातार गलतियां कीं।,negative,sports,0
टूर्नामेंट के अहम चरण में कप्तान का लीग मैच में फीका खेल टीम पर भारी पड़ा।,negative,sports,0
यह सेवा एकदम बेकार थी।,negative,sentihin,0
खिलाड़ी की गेम में फीका रणनीति काम नहीं आई।,negative,sports,0
घरेलू मैदान पर कप्तान ने मैच में उत्कृष्ट खेल दिखाकर लगातार अच्छा प्रदर्शन किया।,positive,sports,2
धाविका ने फाइनल में कमजोर खेल दिखाया और टीम को नुकसान हुआ।,negative,sports,0
आज कप्तान ने क्वार्टरफाइनल में जबरदस्त खेल दिखाकर महत्वपूर्ण योगदान दिया।,positive,sports,2
युवा एथलीट ने प्रतियोगिता में निराश करने वाला प्रदर्शन किया और लगातार गलतियां कीं।,negative,sports,0
घरेलू मैदान पर युवा शटलर का सेट में खराब खेल टीम पर भारी पड़ा।,negative,sports,0
इस विषय में कुछ भी कहना मेरे लिए सहज नहीं है।,neutral,sentihin,1
लंबे ब्रेक के बाद युवा शटलर फाइनल से पहले प्रशिक्षण कर रहा है।,neutral,sports,1
यह यात्रा मेरे लिए यादगार रही,positive,sentihin,2
भारतीय धावक प्रतियोगिता के लिए रणनीति पर चर्चा कर रही है।,neutral,sports,1
निर्णायक मैच में रेडर ने मुकाबला में धमाकेदार खेल दिखाकर दबदबा कायम रखा।,positive,sports,2
क्लब सेमीफाइनल के लिए अगले मुकाबले की तैयारी कर रही है।,neutral,sports,1
दबाव वाले मुकाबले में कप्तान ने क्वार्टरफाइनल में जबरदस्त खेल दिखाकर दबदबा कायम रखा।,positive,sports,2
पारी घरेलू मैदान पर आयोजित होगा और गेंदबाज इसमें हिस्सा लेगा।,neutral,sports,1
दबाव वाले मुकाबले में खिलाड़ी का लीग मैच में खराब खेल टीम पर भारी पड़ा।,negative,sports,0
महत्वपूर्ण मौके पर कप्तान ने सेमीफाइनल में जबरदस्त खेल दिखाकर दबदबा कायम रखा।,positive,sports,2
इस मुकाबले में खिलाड़ी प्रतियोगिता से पहले प्रशिक्षण कर रहा है।,neutral,sports,1
निर्णायक मैच में क्लब फाइनल से पहले प्रशिक्षण कर रहा है।,neutral,sports,1
वह बात बहुत कष्टकारी थी।,negative,sentihin,0
भारत सीरीज के लिए अभ्यास सत्र में शामिल हुई।,neutral,sports,1
निर्णायक मैच में क्लब ने लीग मैच में यादगार खेल दिखाकर महत्वपूर्ण योगदान दिया।,positive,sports,2
घरेलू मैदान पर भारतीय खिलाड़ी का क्वार्टरफाइनल में बेअसर खेल टीम पर भारी पड़ा।,negative,sports,0
फॉरवर्ड लीग मैच के लिए रणनीति पर चर्चा कर रही है।,neutral,sports,1
मुझे इसकी सुविधा पसंद आई,positive,sentihin,2
महत्वपूर्ण मौके पर हॉकी टीम ने मैच में कमाल का खेल दिखाकर मुश्किल स्थिति से बाहर निकली।,positive,sports,2
घरेलू मैदान पर गोलकीपर मैच से पहले प्रशिक्षण कर रहा है।,neutral,sports,1
इस दुकान में सामान की गुणवत्ता कम है।,negative,sentihin,0
लंबे ब्रेक के बाद भारतीय टीम का मैच में असंगत खेल टीम पर भारी पड़ा।,negative,sports,0
प्रशंसकों के सामने भारत ने मुकाबला में यादगार खेल दिखाकर मुकाबला अपने नाम कर लिया।,positive,sports,2
एथलीट ने प्रतियोगिता में खराब प्रदर्शन किया और बढ़त गंवा दी।,negative,sports,0
इस मुकाबले में भारतीय टीम का मुकाबला में निराश करने वाला खेल टीम पर भारी पड़ा।,negative,sports,0
मुझे इस होटल की साफ सफाई से शिकायत है।,negative,sentihin,0
दबाव वाले मुकाबले में जोड़ी ने मुकाबला में शानदार खेल दिखाकर मुकाबला अपने नाम कर लिया।,positive,sports,2
रेडर ने प्लेऑफ में कमजोर प्रदर्शन किया और महत्वपूर्ण मौका गंवाया।,negative,sports,0
आज हॉकी टीम का मुकाबला में फीका खेल टीम पर भारी पड़ा।,negative,sports,0
कप्तान ने लीग मैच में बेअसर प्रदर्शन किया और बढ़त गंवा दी।,negative,sports,0
दबाव वाले मुकाबले में बल्लेबाज ने मुकाबला से पहले प्रशिक्षण पूरा किया।,neutral,sports,1
प्रशंसकों के सामने फॉरवर्ड मैच से पहले प्रशिक्षण कर रहा है।,neutral,sports,1
कप्तान दबाव के कारण कठिन मैच में लय नहीं बना सका।,negative,sports,0
भारतीय टीम फाइनल के लिए अभ्यास सत्र में शामिल हुई।,neutral,sports,1
निर्णायक मैच में बल्लेबाज ने रन चेज में बेहतरीन खेल दिखाकर लगातार अच्छा प्रदर्शन किया।,positive,sports,2
आज भारतीय शटलर मैच से पहले प्रशिक्षण कर रहा है।,neutral,sports,1
आज मैंने एक पुराने दोस्त से बात की।,positive,sentihin,2
घरेलू मैदान पर क्लब का फाइनल में कमजोर खेल टीम पर भारी पड़ा।,negative,sports,0
लगातार तीसरे मैच में टेनिस स्टार ने सेट में कई आसान मौके गंवाए।,negative,sports,0
भारतीय शटलर सेट के लिए मैच के लिए रवाना हुई।,neutral,sports,1
कप्तान ओवर के लिए अगले मुकाबले की तैयारी कर रही है।,neutral,sports,1
निर्णायक मैच में गेंदबाज ने मैच से पहले प्रशिक्षण पूरा किया।,neutral,sports,1
तुम्हारा यह प्रस्ताव शानदार है।,positive,sentihin,2
आज भारतीय टीम का फाइनल में खराब खेल टीम पर भारी पड़ा।,negative,sports,0
दबाव वाले मुकाबले में गेंदबाज ने रन चेज में लाजवाब खेल दिखाकर महत्वपूर्ण योगदान दिया।,positive,sports,2
यह पुरस्कार मेरे लिए सम्मान की बात है।,positive,sentihin,2
लगातार तीसरे मैच में कप्तान ने प्लेऑफ में शानदार खेल दिखाकर मुकाबला अपने नाम कर लिया।,positive,sports,2
भारतीय टीम ने सेमीफाइनल में बेअसर प्रदर्शन किया और बढ़त गंवा दी।,negative,sports,0
फाइनल निर्णायक मैच में आयोजित होगा और एथलीट इसमें हिस्सा लेगा।,neutral,sports,1
टूर्नामेंट के अहम चरण में डिफेंडर ने फाइनल में शानदार खेल दिखाकर महत्वपूर्ण योगदान दिया।,positive,sports,2
सेट महत्वपूर्ण मौके पर आयोजित होगा और खिलाड़ी इसमें हिस्सा लेगा।,neutral,sports,1
लगातार तीसरे मैच में भारतीय शटलर ने मैच में शानदार खेल दिखाकर शानदार वापसी की।,positive,sports,2
वह रेस्तरां बहुत अच्छा था।,positive,sentihin,2
लगातार तीसरे मैच में खिलाड़ी ने मैच में उत्कृष्ट खेल दिखाकर मुकाबला अपने नाम कर लिया।,positive,sports,2
यह निर्णय बेहद निराशाजनक रहा।,negative,sentihin,0
खिलाड़ी ने मुकाबला में निराशाजनक प्रदर्शन किया और महत्वपूर्ण मौका गंवाया।,negative,sports,0
फाइनल आज आयोजित होगा और रेडर इसमें हिस्सा लेगा।,neutral,sports,1
टूर्नामेंट के अहम चरण में गेंदबाज रन चेज से पहले प्रशिक्षण कर रहा है।,neutral,sports,1
कप्तान ने मुकाबला में कमजोर प्रदर्शन किया और मुकाबला गंवा दिया।,negative,sports,0
इस मुकाबले में डिफेंडर ने लीग मैच से पहले प्रशिक्षण पूरा किया।,neutral,sports,1
प्रशंसकों के सामने भारतीय धावक ने प्रतियोगिता में यादगार खेल दिखाकर दबदबा कायम रखा।,positive,sports,2
चैंपियन ने फाइनल में शानदार प्रदर्शन करते हुए महत्वपूर्ण योगदान दिया।,positive,sports,2
उत्पाद की डिलीवरी में बहुत समय लगा,negative,sentihin,0
उसके शब्दों में कड़वाहट साफ झलकती थी।,negative,sentihin,0
निर्णायक मैच में भारतीय टीम ने मैच में यादगार खेल दिखाकर महत्वपूर्ण योगदान दिया।,positive,sports,2
इस पर बोलने से मैं फिलहाल परहेज करना चाहूंगा।,neutral,sentihin,1
यह सेवा पूरी तरह से निराशाजनक साबित हुई।,negative,sentihin,0
दबाव वाले मुकाबले में भारतीय टीम मुकाबला से पहले प्रशिक्षण कर रहा है।,neutral,sports,1
घरेलू मैदान पर भारत ने मुकाबला में लाजवाब खेल दिखाकर शानदार वापसी की।,positive,sports,2
प्रशंसकों के सामने भारतीय खिलाड़ी सेट से पहले प्रशिक्षण कर रहा है।,neutral,sports,1
लगातार तीसरे मैच में हॉकी टीम ने मुकाबला में उत्कृष्ट खेल दिखाकर महत्वपूर्ण योगदान दिया।,positive,sports,2
वह कार्यक्रम अत्यंत रोचक रहा।,positive,sentihin,2
आपकी सोच हमेशा सकारात्मक दिशा देती है।,positive,sentihin,2
दौड़ लंबे ब्रेक के बाद आयोजित होगा और खिलाड़ी इसमें हिस्सा लेगा।,neutral,sports,1
मुझे इसमें कुछ नयापन नहीं लगा।,neutral,sentihin,1
भारतीय टीम ने मैच में फीका प्रदर्शन किया और दबाव में बिखर गई।,negative,sports,0
दबाव वाले मुकाबले में युवा खिलाड़ी ने क्वार्टरफाइनल से पहले प्रशिक्षण पूरा किया।,neutral,sports,1
उसका स्वभाव कठोर है।,negative,sentihin,0
सेट दबाव वाले मुकाबले में आयोजित होगा और खिलाड़ी इसमें हिस्सा लेगा।,neutral,sports,1
खिलाड़ी रेस के लिए टूर्नामेंट में हिस्सा ले रही है।,neutral,sports,1
इस योजना ने मेरे काम को सहज बना दिया।,positive,sentihin,2
गेम इस मुकाबले में आयोजित होगा और जोड़ी इसमें हिस्सा लेगा।,neutral,sports,1
युवा एथलीट अगले रेस से पहले कोच के साथ बैठक करेगा।,neutral,sports,1
लगातार तीसरे मैच में जोड़ी ने मुकाबला में यादगार खेल दिखाकर मुकाबला अपने नाम कर लिया।,positive,sports,2
लंबे ब्रेक के बाद चैंपियन का मैच में लचर खेल टीम पर भारी पड़ा।,negative,sports,0
मैच लगातार तीसरे मैच में आयोजित होगा और फॉरवर्ड इसमें हिस्सा लेगा।,neutral,sports,1
इस मुकाबले में जोड़ी मैच से पहले प्रशिक्षण कर रहा है।,neutral,sports,1
चैंपियन ने फाइनल में निराशाजनक प्रदर्शन किया और अपनी लय खो दी।,negative,sports,0
टूर्नामेंट के अहम चरण में युवा शटलर ने मुकाबला में यादगार खेल दिखाकर लगातार अच्छा प्रदर्शन किया।,positive,sports,2
घरेलू मैदान पर खिलाड़ी का सेट में असंगत खेल टीम पर भारी पड़ा।,negative,sports,0
इस मुकाबले में खिलाड़ी ने मुकाबला में धमाकेदार खेल दिखाकर दबदबा कायम रखा।,positive,sports,2
भारतीय धावक रेस के लिए अभ्यास सत्र में शामिल हुई।,neutral,sports,1
निर्णायक मैच में धाविका का रेस में खराब खेल टीम पर भारी पड़ा।,negative,sports,0
लीग मैच इस मुकाबले में आयोजित होगा और क्लब इसमें हिस्सा लेगा।,neutral,sports,1
लंबे ब्रेक के बाद भारतीय टीम का ओवर में असंगत खेल टीम पर भारी पड़ा।,negative,sports,0
टूर्नामेंट के अहम चरण में डिफेंडर ने सेमीफाइनल में यादगार खेल दिखाकर जीत दर्ज की।,positive,sports,2
इस मुकाबले में हॉकी टीम ने लीग मैच में कमाल का खेल दिखाकर मुकाबला अपने नाम कर लिया।,positive,sports,2
धाविका फाइनल के लिए मैच के लिए रवाना हुई।,neutral,sports,1
लगातार तीसरे मैच में भारत ने पारी से पहले प्रशिक्षण पूरा किया।,neutral,sports,1
आज युवा खिलाड़ी ने मुकाबला से पहले प्रशिक्षण पूरा किया।,neutral,sports,1
मैं इस बात से बहुत क्रोधित हूं।,negative,sentihin,0
धाविका ने प्रतियोगिता में धमाकेदार प्रदर्शन करते हुए शानदार वापसी की।,positive,sports,2
यह फिल्म मेरे लिए बहुत निराशाजनक रही।,negative,sentihin,0
मुझे इसमें कोई विशेष अनुभूति नहीं हुई।,neutral,sentihin,1
इस मुकाबले में भारत ने मैच में लाजवाब खेल दिखाकर मुकाबला अपने नाम कर लिया।,positive,sports,2
घरेलू मैदान पर भारतीय टीम ने मुकाबला में जबरदस्त खेल दिखाकर लगातार अच्छा प्रदर्शन किया।,positive,sports,2
दबाव वाले मुकाबले में हॉकी टीम सेमीफाइनल से पहले प्रशिक्षण कर रहा है।,neutral,sports,1
घरेलू मैदान पर भारतीय टीम ने सेमीफाइनल में लाजवाब खेल दिखाकर महत्वपूर्ण योगदान दिया।,positive,sports,2
महत्वपूर्ण मौके पर भारतीय शटलर ने मुकाबला से पहले प्रशिक्षण पूरा किया।,neutral,sports,1
आपका प्रोत्साहन मेरे लिए अमूल्य है।,positive,sentihin,2
मैं रोज़ाना अपने मन की शांति के लिए प्रार्थना करता हूं।,neutral,sentihin,1
चैंपियन ने मैच में असंगत प्रदर्शन किया और उम्मीदों पर खरी नहीं उतरी।,negative,sports,0
युवा एथलीट ने इवेंट में बेअसर खेल दिखाया और टीम को नुकसान हुआ।,negative,sports,0
तुम्हारी आवाज़ मधुर है।,positive,sentihin,2
मैं इस मामले से चिंतित हूं।,negative,sentihin,0
निर्णायक मैच में भारतीय टीम ने फाइनल से पहले प्रशिक्षण पूरा किया।,neutral,sports,1
रन चेज घरेलू मैदान पर आयोजित होगा और बल्लेबाज इसमें हिस्सा लेगा।,neutral,sports,1
आज की सेवा से मैं पूरी तरह असंतुष्ट हूं।,negative,sentihin,0
आज धाविका दौड़ से पहले प्रशिक्षण कर रहा है।,neutral,sports,1
घरेलू मैदान पर खिलाड़ी का लीग मैच में खराब खेल टीम पर भारी पड़ा।,negative,sports,0
कप्तान ने क्वार्टरफाइनल में खराब प्रदर्शन किया और महत्वपूर्ण मौका गंवाया।,negative,sports,0
महत्वपूर्ण मौके पर फॉरवर्ड ने मुकाबला में बेहतरीन खेल दिखाकर महत्वपूर्ण योगदान दिया।,positive,sports,2
लंबे ब्रेक के बाद फॉरवर्ड ने सेमीफाइनल में लाजवाब खेल दिखाकर महत्वपूर्ण योगदान दिया।,positive,sports,2
मुझे वहाँ की स्थिति कष्टदायक लगी।,negative,sentihin,0
घरेलू मैदान पर चैंपियन मुकाबला से पहले प्रशिक्षण कर रहा है।,neutral,sports,1
प्रशंसकों के सामने बल्लेबाज का ओवर में लचर खेल टीम पर भारी पड़ा।,negative,sports,0
इस होटल में सुविधाएं कम थीं,negative,sentihin,0
महत्वपूर्ण मौके पर युवा शटलर मैच से पहले प्रशिक्षण कर रहा है।,neutral,sports,1
खिलाड़ी मुकाबला के लिए प्रशिक्षण जारी रखे हुए है।,neutral,sports,1
लंबे ब्रेक के बाद भारतीय खिलाड़ी ने फाइनल में कमाल का खेल दिखाकर लगातार अच्छा प्रदर्शन किया।,positive,sports,2
कप्तान मुकाबला के लिए मैच के लिए रवाना हुई।,neutral,sports,1
आपकी मदद से मैं हर बाधा पार कर सका।,positive,sentihin,2
इस पर सोचने के लिए मुझे थोड़ा और समय चाहिए।,neutral,sentihin,1
टूर्नामेंट के अहम चरण में बल्लेबाज का मुकाबला में कमजोर खेल टीम पर भारी पड़ा।,negative,sports,0
टूर्नामेंट के अहम चरण में भारतीय टीम ने मैच में यादगार खेल दिखाकर मुश्किल स्थिति से बाहर निकली।,positive,sports,2
फाइनल प्रशंसकों के सामने आयोजित होगा और एथलीट इसमें हिस्सा लेगा।,neutral,sports,1
पारी प्रशंसकों के सामने आयोजित होगा और गेंदबाज इसमें हिस्सा लेगा।,neutral,sports,1
आपकी तारीफ से मन को शक्ति मिलती है।,positive,sentihin,2
धाविका प्रतियोगिता के लिए मैच के लिए रवाना हुई।,neutral,sports,1
आज भारतीय टीम ने रन चेज में जबरदस्त खेल दिखाकर महत्वपूर्ण योगदान दिया।,positive,sports,2
निर्णायक मैच में गेंदबाज का ओवर में लचर खेल टीम पर भारी पड़ा।,negative,sports,0
आपकी सहायता बहुमूल्य रही।,positive,sentihin,2
रेस इस मुकाबले में आयोजित होगा और खिलाड़ी इसमें हिस्सा लेगा।,neutral,sports,1
आपकी मदद हमेशा महत्व रखती है।,positive,sentihin,2
गेंदबाज ने सीरीज में लाजवाब प्रदर्शन करते हुए मुश्किल स्थिति से बाहर निकली।,positive,sports,2
यह सेवा एकदम घटिया स्तर की थी।,negative,sentihin,0
फाइनल आज आयोजित होगा और भारतीय शटलर इसमें हिस्सा लेगा।,neutral,sports,1
लगातार तीसरे मैच में भारतीय धावक ने रेस में कई आसान मौके गंवाए।,negative,sports,0
युवा खिलाड़ी की टीम फाइनल के लिए अपनी अंतिम सूची तैयार कर रही है।,neutral,sports,1
टूर्नामेंट के अहम चरण में डिफेंडर का मुकाबला में असंगत खेल टीम पर भारी पड़ा।,negative,sports,0
इवेंट लगातार तीसरे मैच में आयोजित होगा और खिलाड़ी इसमें हिस्सा लेगा।,neutral,sports,1
ओवर टूर्नामेंट के अहम चरण में आयोजित होगा और बल्लेबाज इसमें हिस्सा लेगा।,neutral,sports,1
दबाव वाले मुकाबले में बल्लेबाज ने सीरीज में कमाल का खेल दिखाकर शानदार वापसी की।,positive,sports,2
लगातार तीसरे मैच में गोलकीपर ने सेमीफाइनल में बेहतरीन खेल दिखाकर शानदार वापसी की।,positive,sports,2
महत्वपूर्ण मौके पर खिलाड़ी ने फाइनल में कई आसान मौके गंवाए।,negative,sports,0
मुकाबला टूर्नामेंट के अहम चरण में आयोजित होगा और भारतीय शटलर इसमें हिस्सा लेगा।,neutral,sports,1
दबाव वाले मुकाबले में फॉरवर्ड ने मैच में उत्कृष्ट खेल दिखाकर महत्वपूर्ण योगदान दिया।,positive,sports,2
तुम्हारी हर बात में सच्चाई और विश्वास झलकता है।,positive,sentihin,2
भारतीय धावक ने फाइनल में लाजवाब प्रदर्शन करते हुए शानदार वापसी की।,positive,sports,2
यह अवसर बेहतरीन रहा।,positive,sentihin,2
भारतीय शटलर ने सेट में निराश करने वाला प्रदर्शन किया और महत्वपूर्ण मौका गंवाया।,negative,sports,0
उसकी बातें सुनकर मन में गहरी उदासी छा गई।,negative,sentihin,0
प्रशंसकों के सामने खिलाड़ी ने मैच में कमाल का खेल दिखाकर जीत दर्ज की।,positive,sports,2
इस विषय में मैं कोई पक्ष नहीं लेना चाहूंगा।,neutral,sentihin,1
भारतीय टीम ने ओवर के लिए यात्रा कार्यक्रम साझा किया।,neutral,sports,1
मुकाबला महत्वपूर्ण मौके पर आयोजित होगा और भारतीय शटलर इसमें हिस्सा लेगा।,neutral,sports,1
घरेलू मैदान पर जोड़ी ने फाइनल में लाजवाब खेल दिखाकर महत्वपूर्ण योगदान दिया।,positive,sports,2
दबाव वाले मुकाबले में युवा शटलर ने गेम में जबरदस्त खेल दिखाकर जीत दर्ज की।,positive,sports,2
फॉरवर्ड ने सेमीफाइनल में कमजोर प्रदर्शन किया और लगातार गलतियां कीं।,negative,sports,0
आपकी मदद सदा महत्वपूर्ण रहती है।,positive,sentihin,2
लगातार तीसरे मैच में डिफेंडर लीग मैच से पहले प्रशिक्षण कर रहा है।,neutral,sports,1
चैंपियन ने फाइनल में असंगत प्रदर्शन किया और महत्वपूर्ण मौका गंवाया।,negative,sports,0
लगातार तीसरे मैच में फॉरवर्ड ने लीग मैच में उत्कृष्ट खेल दिखाकर दबदबा कायम रखा।,positive,sports,2
आज हॉकी टीम ने मुकाबला में बेहतरीन खेल दिखाकर दबदबा कायम रखा।,positive,sports,2
दबाव वाले मुकाबले में डिफेंडर का मुकाबला में असंगत खेल टीम पर भारी पड़ा।,negative,sports,0
इस मुकाबले में भारतीय टीम का पारी में निराश करने वाला खेल टीम पर भारी पड़ा।,negative,sports,0
आज कप्तान का मैच में निराश करने वाला खेल टीम पर भारी पड़ा।,negative,sports,0
फाइनल आज आयोजित होगा और धाविका इसमें हिस्सा लेगा।,neutral,sports,1
आज डिफेंडर का फाइनल में कमजोर खेल टीम पर भारी पड़ा।,negative,sports,0
महत्वपूर्ण मौके पर युवा खिलाड़ी मुकाबला से पहले प्रशिक्षण कर रहा है।,neutral,sports,1
मुझे यह काम पसंद नहीं है।,negative,sentihin,0
घरेलू मैदान पर कप्तान ने मैच में यादगार खेल दिखाकर शानदार वापसी की।,positive,sports,2
एथलीट की रेस में निराशाजनक रणनीति काम नहीं आई।,negative,sports,0
यह नया पार्क बच्चों के लिए बहुत अच्छा है।,positive,sentihin,2
इस मुकाबले में चैंपियन मैच से पहले प्रशिक्षण कर रहा है।,neutral,sports,1
मेरी बेटी ने आज एक सुंदर चित्र बनाया।,positive,sentihin,2
खिलाड़ी ने फाइनल में निराशाजनक प्रदर्शन किया और बढ़त गंवा दी।,negative,sports,0
भारतीय शटलर मुकाबला के लिए रणनीति पर चर्चा कर रही है।,neutral,sports,1
आज कप्तान ने सेट में जबरदस्त खेल दिखाकर लगातार अच्छा प्रदर्शन किया।,positive,sports,2
खिलाड़ी ने मैच के लिए नया अभ्यास कार्यक्रम शुरू किया।,neutral,sports,1
भारतीय खिलाड़ी फाइनल के लिए टूर्नामेंट में हिस्सा ले रही है।,neutral,sports,1
वह फिल्म मनोरंजक और ज्ञानवर्धक थी।,positive,sentihin,2
तुम्हारे प्रोत्साहन से हर चुनौती आसान लगने लगी है।,positive,sentihin,2
दबाव वाले मुकाबले में भारतीय टीम का फाइनल में खराब खेल टीम पर भारी पड़ा।,negative,sports,0
मुझे इस बस की सेवा से बहुत परेशानी हुई।,negative,sentihin,0
कप्तान ने प्लेऑफ में फीका प्रदर्शन किया और मुकाबला गंवा दिया।,negative,sports,0
निर्णायक मैच में भारतीय टीम ने मैच में जबरदस्त खेल दिखाकर दबदबा कायम रखा।,positive,sports,2
यह ऐप शानदार है,positive,sentihin,2
खिलाड़ी सेट के लिए मैच के लिए रवाना हुई।,neutral,sports,1
तुम्हारा यह काम मेरे दिल को खुशी से भर देता है।,positive,sentihin,2
इस मुकाबले में रेडर का मैच में खराब खेल टीम पर भारी पड़ा।,negative,sports,0
लंबे ब्रेक के बाद कप्तान ने मुकाबला में उत्कृष्ट खेल दिखाकर जीत दर्ज की।,positive,sports,2
तुम्हारी सकारात्मकता ने मुश्किल घड़ी में मेरा हाथ थामा।,positive,sentihin,2
डिफेंडर ने मुकाबला में लचर प्रदर्शन किया और बढ़त गंवा दी।,negative,sports,0
हॉकी टीम लीग मैच के लिए अभ्यास सत्र में शामिल हुई।,neutral,sports,1
जोड़ी की टीम मैच के लिए अपनी अंतिम सूची तैयार कर रही है।,neutral,sports,1
जोड़ी ने फाइनल में निराशाजनक प्रदर्शन किया और दबाव में बिखर गई।,negative,sports,0
डिफेंडर ने फाइनल में निराशाजनक प्रदर्शन किया और बढ़त गंवा दी।,negative,sports,0
निर्णायक मैच में कप्तान का पारी में निराशाजनक खेल टीम पर भारी पड़ा।,negative,sports,0
जोड़ी ने फाइनल में असंगत प्रदर्शन किया और बढ़त गंवा दी।,negative,sports,0
गोलकीपर ने लीग मैच के लिए यात्रा कार्यक्रम साझा किया।,neutral,sports,1
घरेलू मैदान पर गोलकीपर फाइनल से पहले प्रशिक्षण कर रहा है।,neutral,sports,1
महत्वपूर्ण मौके पर धाविका रेस से पहले प्रशिक्षण कर रहा है।,neutral,sports,1
रन चेज प्रशंसकों के सामने आयोजित होगा और गेंदबाज इसमें हिस्सा लेगा।,neutral,sports,1
दबाव वाले मुकाबले में भारतीय खिलाड़ी सेट से पहले प्रशिक्षण कर रहा है।,neutral,sports,1
महत्वपूर्ण मौके पर धाविका का दौड़ में असंगत खेल टीम पर भारी पड़ा।,negative,sports,0
इस टैक्सी ड्राइवर ने मुझसे ज्यादा पैसे लिए।,negative,sentihin,0
वह फिल्म देख कर खुशी हुई।,positive,sentihin,2
मुझे उस होटल की सफाई पसंद नहीं आई।,negative,sentihin,0
इस विषय में मेरे विचार स्पष्ट नहीं हैं।,neutral,sentihin,1
इस योजना ने मुझे सकारात्मक सोच दी।,positive,sentihin,2
लंबे ब्रेक के बाद भारतीय शटलर मैच से पहले प्रशिक्षण कर रहा है।,neutral,sports,1
प्रशंसकों के सामने चैंपियन का सेट में खराब खेल टीम पर भारी पड़ा।,negative,sports,0
लगातार तीसरे मैच में खिलाड़ी ने फाइनल में कमाल का खेल दिखाकर जीत दर्ज की।,positive,sports,2
मुझे इसमें कुछ अलग नहीं दिखा।,neutral,sentihin,1
मुझे इसकी गुणवत्ता पर संदेह है,negative,sentihin,0
इस मुकाबले में खिलाड़ी ने फाइनल में बेहतरीन खेल दिखाकर मुश्किल स्थिति से बाहर निकली।,positive,sports,2
यह शादी का समारोह बहुत भव्य था।,positive,sentihin,2
प्रशंसकों के सामने युवा खिलाड़ी मुकाबला से पहले प्रशिक्षण कर रहा है।,neutral,sports,1
इस मुकाबले में भारतीय टीम का मैच में निराश करने वाला खेल टीम पर भारी पड़ा।,negative,sports,0
जोड़ी फाइनल के लिए टूर्नामेंट में हिस्सा ले रही है।,neutral,sports,1
भारतीय खिलाड़ी ने क्वार्टरफाइनल में असंगत प्रदर्शन किया और दबाव में बिखर गई।,negative,sports,0
महत्वपूर्ण मौके पर विकेटकीपर ने पारी में लाजवाब खेल दिखाकर दबदबा कायम रखा।,positive,sports,2
टूर्नामेंट के अहम चरण में डिफेंडर ने लीग मैच में शानदार खेल दिखाकर महत्वपूर्ण योगदान दिया।,positive,sports,2
वह होटल का कमरा बहुत आरामदायक था।,positive,sentihin,2
खिलाड़ी ने मुकाबला में कमजोर प्रदर्शन किया और महत्वपूर्ण मौका गंवाया।,negative,sports,0
घरेलू मैदान पर भारतीय टीम ने मुकाबला में कई आसान मौके गंवाए।,negative,sports,0
इस मुकाबले में विकेटकीपर ने सीरीज में बेहतरीन तालमेल के साथ जीत हासिल की।,positive,sports,2
यह प्रोडक्ट बेकार है।,negative,sentihin,0
यात्रा की तैयारी में कई दिक्कतें आईं,negative,sentihin,0
यह रेस्तरां अद्भुत खाना परोसता है,positive,sentihin,2
लंबे ब्रेक के बाद जोड़ी मैच से पहले प्रशिक्षण कर रहा है।,neutral,sports,1
भारतीय टीम ने मैच में उत्कृष्ट खेल दिखाया और टीम को जीत दिलाई।,positive,sports,2
लंबे ब्रेक के बाद फॉरवर्ड ने मुकाबला से पहले प्रशिक्षण पूरा किया।,neutral,sports,1
तुम्हारा यह विचार शानदार है।,positive,sentihin,2
यह निर्णय मेरी उम्मीदों पर खरा नहीं उतरा।,negative,sentihin,0
वह फिल्म देख कर मन प्रसन्न हुआ।,positive,sentihin,2
निर्णायक मैच में चैंपियन ने मैच में यादगार खेल दिखाकर जीत दर्ज की।,positive,sports,2
लगातार तीसरे मैच में कप्तान ने प्लेऑफ से पहले प्रशिक्षण पूरा किया।,neutral,sports,1
खिलाड़ी की मुकाबला में कमजोर रणनीति काम नहीं आई।,negative,sports,0
घरेलू मैदान पर फॉरवर्ड का मैच में फीका खेल टीम पर भारी पड़ा।,negative,sports,0
डिफेंडर ने मुकाबला में बेअसर प्रदर्शन किया और मुकाबला गंवा दिया।,negative,sports,0
भारतीय टीम ने पारी के लिए तैयारी शुरू कर दी।,neutral,sports,1
मेरे लिए यह कोई बड़ा मुद्दा नहीं है।,neutral,sentihin,1
रेस घरेलू मैदान पर आयोजित होगा और युवा एथलीट इसमें हिस्सा लेगा।,neutral,sports,1
इस मुकाबले में भारतीय टीम का लीग मैच में खराब खेल टीम पर भारी पड़ा।,negative,sports,0
दबाव वाले मुकाबले में हॉकी टीम का मुकाबला में बेअसर खेल टीम पर भारी पड़ा।,negative,sports,0
फैसले ने कोई खास प्रभाव नहीं डाला,neutral,sentihin,1
टूर्नामेंट के अहम चरण में टेनिस स्टार ने क्वार्टरफाइनल में बेहतरीन खेल दिखाकर दबदबा कायम रखा।,positive,sports,2
आज फॉरवर्ड ने फाइनल में बेहतरीन खेल दिखाकर दबदबा कायम रखा।,positive,sports,2
मुकाबला लंबे ब्रेक के बाद आयोजित होगा और खिलाड़ी इसमें हिस्सा लेगा।,neutral,sports,1
लंबे ब्रेक के बाद कप्तान ने मैच में यादगार खेल दिखाकर दबदबा कायम रखा।,positive,sports,2
गोलकीपर ने मैच में खराब प्रदर्शन किया और अपनी लय खो दी।,negative,sports,0
निर्णायक मैच में क्लब ने सेमीफाइनल में यादगार खेल दिखाकर मुकाबला अपने नाम कर लिया।,positive,sports,2
युवा खिलाड़ी ने सेट में कमजोर प्रदर्शन किया और अपनी लय खो दी।,negative,sports,0
लंबे ब्रेक के बाद क्लब ने सेमीफाइनल में बेहतरीन तालमेल के साथ जीत हासिल की।,positive,sports,2
मुझे वहाँ की सुविधाएं ठीक नहीं लगीं।,negative,sentihin,0
मुझे इसमें कोई उत्साह नजर नहीं आया।,neutral,sentihin,1
लंबे ब्रेक के बाद खिलाड़ी का मैच में निराशाजनक खेल टीम पर भारी पड़ा।,negative,sports,0
यह निर्णय मेरे लिए बहुत हानिकारक रहा।,negative,sentihin,0
इस मुकाबले में खिलाड़ी ने सेट में यादगार खेल दिखाकर मुकाबला अपने नाम कर लिया।,positive,sports,2
रन चेज प्रशंसकों के सामने आयोजित होगा और भारत इसमें हिस्सा लेगा।,neutral,sports,1
दबाव वाले मुकाबले में फॉरवर्ड ने फाइनल में कमाल का खेल दिखाकर मुकाबला अपने नाम कर लिया।,positive,sports,2
बल्लेबाज ने मैच में निराशाजनक प्रदर्शन किया और अपनी लय खो दी।,negative,sports,0
मुकाबला टूर्नामेंट के अहम चरण में आयोजित होगा और युवा शटलर इसमें हिस्सा लेगा।,neutral,sports,1
गोलकीपर ने सेमीफाइनल में फीका प्रदर्शन किया और बढ़त गंवा दी।,negative,sports,0
क्लब ने मैच में निराशाजनक प्रदर्शन किया और मुकाबला गंवा दिया।,negative,sports,0
आज टेनिस स्टार ने फाइनल में जबरदस्त खेल दिखाकर दबदबा कायम रखा।,positive,sports,2
तुम्हारा साथ सुखद है।,positive,sentihin,2
मुझे यह सेवा बहुत निराशाजनक लगी।,negative,sentihin,0
लगातार तीसरे मैच में खिलाड़ी का सेट में फीका खेल टीम पर भारी पड़ा।,negative,sports,0
घरेलू मैदान पर युवा खिलाड़ी का क्वार्टरफाइनल में कमजोर खेल टीम पर भारी पड़ा।,negative,sports,0
एथलीट ने दौड़ में खराब प्रदर्शन किया और मुकाबला गंवा दिया।,negative,sports,0
यह दिन मेरे लिए खुशी का दिन है।,positive,sentihin,2
बल्लेबाज ने पारी में असंगत प्रदर्शन किया और बढ़त गंवा दी।,negative,sports,0
कप्तान ने फाइनल में लचर प्रदर्शन किया और महत्वपूर्ण मौका गंवाया।,negative,sports,0
मुकाबला इस मुकाबले में आयोजित होगा और गेंदबाज इसमें हिस्सा लेगा।,neutral,sports,1
युवा एथलीट प्रतियोगिता के लिए अभ्यास सत्र में शामिल हुई।,neutral,sports,1
इस मुकाबले में फॉरवर्ड का मुकाबला में असंगत खेल टीम पर भारी पड़ा।,negative,sports,0
गेंदबाज ओवर के लिए अभ्यास सत्र में शामिल हुई।,neutral,sports,1
युवा शटलर मुकाबला के लिए रणनीति पर चर्चा कर रही है।,neutral,sports,1
फॉरवर्ड ने मुकाबला के लिए नया अभ्यास कार्यक्रम शुरू किया।,neutral,sports,1
महत्वपूर्ण मौके पर भारतीय शटलर का फाइनल में निराश करने वाला खेल टीम पर भारी पड़ा।,negative,sports,0
घरेलू मैदान पर हॉकी टीम सेमीफाइनल से पहले प्रशिक्षण कर रहा है।,neutral,sports,1
महत्वपूर्ण मौके पर युवा शटलर ने मैच में उत्कृष्ट खेल दिखाकर मुश्किल स्थिति से बाहर निकली।,positive,sports,2
टूर्नामेंट के अहम चरण में युवा शटलर का गेम में लचर खेल टीम पर भारी पड़ा।,negative,sports,0
आपकी यह सफलता मुझे प्रसन्न करती है।,positive,sentihin,2
टेनिस स्टार फाइनल के लिए अभ्यास सत्र में शामिल हुई।,neutral,sports,1
कप्तान क्वार्टरफाइनल के लिए अगले दौर के लिए पहुंची।,neutral,sports,1
निर्णायक मैच में कप्तान ने फाइनल में बेहतरीन खेल दिखाकर मुश्किल स्थिति से बाहर निकली।,positive,sports,2
दबाव वाले मुकाबले में डिफेंडर का फाइनल में कमजोर खेल टीम पर भारी पड़ा।,negative,sports,0
आज खिलाड़ी ने मुकाबला में शानदार खेल दिखाकर महत्वपूर्ण योगदान दिया।,positive,sports,2
चैंपियन ने फाइनल में निराश करने वाला प्रदर्शन किया और मुकाबला गंवा दिया।,negative,sports,0
निर्णायक मैच में गोलकीपर ने सेमीफाइनल से पहले प्रशिक्षण पूरा किया।,neutral,sports,1
खिलाड़ी ने सेट में खराब प्रदर्शन किया और मुकाबला गंवा दिया।,negative,sports,0
दबाव वाले मुकाबले में भारतीय टीम का लीग मैच में कमजोर खेल टीम पर भारी पड़ा।,negative,sports,0
आज धाविका फाइनल से पहले प्रशिक्षण कर रहा है।,neutral,sports,1
टूर्नामेंट के अहम चरण में जोड़ी ने मैच में बेहतरीन खेल दिखाकर शानदार वापसी की।,positive,sports,2
घरेलू मैदान पर भारतीय टीम का सीरीज में खराब खेल टीम पर भारी पड़ा।,negative,sports,0
लगातार तीसरे मैच में भारत का मैच में फीका खेल टीम पर भारी पड़ा।,negative,sports,0
लगातार तीसरे मैच में कप्तान का लीग मैच में कमजोर खेल टीम पर भारी पड़ा।,negative,sports,0
दबाव वाले मुकाबले में फॉरवर्ड ने मैच में बेहतरीन खेल दिखाकर शानदार वापसी की।,positive,sports,2
डिफेंडर ने फाइनल में बेअसर प्रदर्शन किया और उम्मीदों पर खरी नहीं उतरी।,negative,sports,0
सेवा को लेकर कोई विशेष राय नहीं बनी,neutral,sentihin,1
लगातार तीसरे मैच में खिलाड़ी फाइनल से पहले प्रशिक्षण कर रहा है।,neutral,sports,1
प्रशंसकों के सामने युवा एथलीट प्रतियोगिता से पहले प्रशिक्षण कर रहा है।,neutral,sports,1
खरीदी गई चीज़ बेकार निकली,negative,sentihin,0
इस मुकाबले में फॉरवर्ड ने सेमीफाइनल में जबरदस्त खेल दिखाकर महत्वपूर्ण योगदान दिया।,positive,sports,2
टूर्नामेंट के अहम चरण में फॉरवर्ड ने सेमीफाइनल में जबरदस्त खेल दिखाकर लगातार अच्छा प्रदर्शन किया।,positive,sports,2
इस मुकाबले में टेनिस स्टार मैच से पहले प्रशिक्षण कर रहा है।,neutral,sports,1
आज हॉकी टीम ने फाइनल से पहले प्रशिक्षण पूरा किया।,neutral,sports,1
इस मुकाबले में एथलीट ने रेस में बेहतरीन खेल दिखाकर लगातार अच्छा प्रदर्शन किया।,positive,sports,2
हॉकी टीम लीग मैच के लिए टूर्नामेंट में हिस्सा ले रही है।,neutral,sports,1
युवा शटलर ने मुकाबला में लाजवाब प्रदर्शन करते हुए महत्वपूर्ण योगदान दिया।,positive,sports,2
डिफेंडर ने सेमीफाइनल में बेअसर प्रदर्शन किया और लगातार गलतियां कीं।,negative,sports,0
लगातार तीसरे मैच में कप्तान ने फाइनल में लाजवाब खेल दिखाकर लगातार अच्छा प्रदर्शन किया।,positive,sports,2
यह फिल्म काफी अच्छी थी,positive,sentihin,2
चैंपियन ने सेट में फीका प्रदर्शन किया और मुकाबला गंवा दिया।,negative,sports,0
मुझे इसमें कोई असर महसूस नहीं हुआ।,neutral,sentihin,1
महत्वपूर्ण मौके पर युवा एथलीट का दौड़ में बेअसर खेल टीम पर भारी पड़ा।,negative,sports,0
यह यात्रा एकदम विफल रही।,negative,sentihin,0
लंबे ब्रेक के बाद भारतीय टीम का लीग मैच में कमजोर खेल टीम पर भारी पड़ा।,negative,sports,0
गोलकीपर ने मैच में फीका प्रदर्शन किया और उम्मीदों पर खरी नहीं उतरी।,negative,sports,0
खिलाड़ी फाइनल के लिए अगले मुकाबले की तैयारी कर रही है।,neutral,sports,1
क्लब ने मुकाबला में असंगत प्रदर्शन किया और लगातार गलतियां कीं।,negative,sports,0
भारतीय टीम ने लीग मैच के लिए नया अभ्यास कार्यक्रम शुरू किया।,neutral,sports,1
आज खिलाड़ी का मैच में निराशाजनक खेल टीम पर भारी पड़ा।,negative,sports,0
मैच प्रशंसकों के सामने आयोजित होगा और भारतीय टीम इसमें हिस्सा लेगा।,neutral,sports,1
वह प्रस्तुति अत्यधिक प्रेरणादायक रही।,positive,sentihin,2
महत्वपूर्ण मौके पर कप्तान का फाइनल में खराब खेल टीम पर भारी पड़ा।,negative,sports,0
निर्णायक मैच में डिफेंडर का फाइनल में असंगत खेल टीम पर भारी पड़ा।,negative,sports,0
दबाव वाले मुकाबले में बल्लेबाज ने पारी में कमाल का खेल दिखाकर जीत दर्ज की।,positive,sports,2
भारतीय टीम रन चेज के लिए प्रशिक्षण जारी रखे हुए है।,neutral,sports,1
लीग मैच टूर्नामेंट के अहम चरण में आयोजित होगा और हॉकी टीम इसमें हिस्सा लेगा।,neutral,sports,1
प्रशंसकों के सामने भारतीय टीम का लीग मैच में बेअसर खेल टीम पर भारी पड़ा।,negative,sports,0
फिल्म के दृश्य अद्भुत थे,positive,sentihin,2
भारत अगले मैच से पहले कोच के साथ बैठक करेगा।,neutral,sports,1
निर्णायक मैच में हॉकी टीम ने लीग मैच में यादगार खेल दिखाकर लगातार अच्छा प्रदर्शन किया।,positive,sports,2
मुझे इस मुद्दे पर कोई ठोस विचार नहीं है।,neutral,sentihin,1
भारत ने सीरीज में निराशाजनक खेल दिखाया और टीम को नुकसान हुआ।,negative,sports,0
प्रशंसकों के सामने कप्तान ने फाइनल से पहले प्रशिक्षण पूरा किया।,neutral,sports,1
लंबे ब्रेक के बाद क्लब ने सेमीफाइनल में बेहतरीन खेल दिखाकर शानदार वापसी की।,positive,sports,2
निर्णायक मैच में युवा शटलर ने मैच में यादगार खेल दिखाकर महत्वपूर्ण योगदान दिया।,positive,sports,2
आज कप्तान ने पारी से पहले प्रशिक्षण पूरा किया।,neutral,sports,1
मुझे इसमें कोई खास दिलचस्पी नहीं है।,neutral,sentihin,1
वेब साइट का डिज़ाइन काफी पुराना लगा,negative,sentihin,0
इस पर मेरी कोई टिप्पणी नहीं है।,neutral,sentihin,1
महत्वपूर्ण मौके पर रेडर ने फाइनल से पहले प्रशिक्षण पूरा किया।,neutral,sports,1
यह नया पार्क बहुत अच्छा डिज़ाइन किया गया है।,positive,sentihin,2
इस मुकाबले में भारत का पारी में कमजोर खेल टीम पर भारी पड़ा।,negative,sports,0
गोलकीपर सेमीफाइनल के लिए प्रशिक्षण जारी रखे हुए है।,neutral,sports,1
आज खिलाड़ी ने लीग मैच में जबरदस्त खेल दिखाकर दबदबा कायम रखा।,positive,sports,2
तुम्हारे साथ समय बिताना आनंददायक है।,positive,sentihin,2
इस मुकाबले में चैंपियन ने सेट में शानदार खेल दिखाकर दबदबा कायम रखा।,positive,sports,2
महत्वपूर्ण मौके पर हॉकी टीम ने लीग मैच में लाजवाब खेल दिखाकर महत्वपूर्ण योगदान दिया।,positive,sports,2
महत्वपूर्ण मौके पर फॉरवर्ड ने सेमीफाइनल से पहले प्रशिक्षण पूरा किया।,neutral,sports,1
मुकाबला टूर्नामेंट के अहम चरण में आयोजित होगा और गेंदबाज इसमें हिस्सा लेगा।,neutral,sports,1
लगातार तीसरे मैच में भारतीय धावक का इवेंट में निराशाजनक खेल टीम पर भारी पड़ा।,negative,sports,0
निर्णायक मैच में भारतीय टीम ने मुकाबला में कमाल का खेल दिखाकर जीत दर्ज की।,positive,sports,2
फाइनल लगातार तीसरे मैच में आयोजित होगा और धाविका इसमें हिस्सा लेगा।,neutral,sports,1
भारतीय टीम ने सेमीफाइनल में बेअसर खेल दिखाया और टीम को नुकसान हुआ।,negative,sports,0
लगातार तीसरे मैच में खिलाड़ी का लीग मैच में निराशाजनक खेल टीम पर भारी पड़ा।,negative,sports,0
टूर्नामेंट के अहम चरण में भारतीय टीम प्लेऑफ से पहले प्रशिक्षण कर रहा है।,neutral,sports,1
घरेलू मैदान पर गेंदबाज का मैच में निराशाजनक खेल टीम पर भारी पड़ा।,negative,sports,0
यह अवसर मेरे लिए सुनहरा है।,positive,sentihin,2
खिलाड़ी ने सेट में निराश करने वाला प्रदर्शन किया और महत्वपूर्ण मौका गंवाया।,negative,sports,0
दबाव वाले मुकाबले में भारतीय धावक ने प्रतियोगिता में शानदार खेल दिखाकर दबदबा कायम रखा।,positive,sports,2
आज मैंने एक मजेदार खेल खेला।,positive,sentihin,2
फाइनल इस मुकाबले में आयोजित होगा और युवा खिलाड़ी इसमें हिस्सा लेगा।,neutral,sports,1
टूर्नामेंट के अहम चरण में भारतीय शटलर सेट से पहले प्रशिक्षण कर रहा है।,neutral,sports,1
लगातार तीसरे मैच में गेंदबाज ने रन चेज में यादगार खेल दिखाकर मुश्किल स्थिति से बाहर निकली।,positive,sports,2
यह अनुभव साधारण रहा।,neutral,sentihin,1
खिलाड़ी दौड़ के लिए अभ्यास सत्र में शामिल हुई।,neutral,sports,1
महत्वपूर्ण मौके पर गेंदबाज ने पारी से पहले प्रशिक्षण पूरा किया।,neutral,sports,1
चैंपियन ने गेम में निराश करने वाला प्रदर्शन किया और उम्मीदों पर खरी नहीं उतरी।,negative,sports,0
लगातार तीसरे मैच में कप्तान का मुकाबला में निराश करने वाला खेल टीम पर भारी पड़ा।,negative,sports,0
महत्वपूर्ण मौके पर विकेटकीपर ने मुकाबला से पहले प्रशिक्षण पूरा किया।,neutral,sports,1
इस पर कुछ भी कहना उचित नहीं समझता।,neutral,sentihin,1
Aaj India ne aaj zabardast comeback kiya,positive,sports,2
उसकी कड़वी बातों से मन में उदासी छा गई।,negative,sentihin,0
लगातार तीसरे मैच में एथलीट ने प्रतियोगिता में बेहतरीन खेल दिखाकर महत्वपूर्ण योगदान दिया।,positive,sports,2
चैंपियन ने मैच में निराश करने वाला प्रदर्शन किया और मुकाबला गंवा दिया।,negative,sports,0
टूर्नामेंट के अहम चरण में गेंदबाज पारी से पहले प्रशिक्षण कर रहा है।,neutral,sports,1
मुझे यह सब सामान्य अनुभव लगा।,neutral,sentihin,1
टूर्नामेंट के अहम चरण में कप्तान लीग मैच से पहले प्रशिक्षण कर रहा है।,neutral,sports,1
इस मुकाबले में फॉरवर्ड फाइनल से पहले प्रशिक्षण कर रहा है।,neutral,sports,1
घरेलू मैदान पर टेनिस स्टार ने मैच में बेहतरीन खेल दिखाकर दबदबा कायम रखा।,positive,sports,2
दबाव वाले मुकाबले में भारतीय टीम ने मुकाबला में जबरदस्त खेल दिखाकर शानदार वापसी की।,positive,sports,2
गोलकीपर ने लीग मैच में शानदार प्रदर्शन करते हुए मुकाबला अपने नाम कर लिया।,positive,sports,2
टूर्नामेंट के अहम चरण में डिफेंडर फाइनल से पहले प्रशिक्षण कर रहा है।,neutral,sports,1
इस विषय को लेकर मेरी सोच अब भी अधूरी है।,neutral,sentihin,1
मैं इस विषय से बहुत तनावग्रस्त हूं।,negative,sentihin,0
कप्तान ने मुकाबला में निराशाजनक प्रदर्शन किया और मुकाबला गंवा दिया।,negative,sports,0
टूर्नामेंट के अहम चरण में जोड़ी का गेम में निराश करने वाला खेल टीम पर भारी पड़ा।,negative,sports,0
घरेलू मैदान पर गोलकीपर ने लीग मैच में यादगार खेल दिखाकर जीत दर्ज की।,positive,sports,2
लंबे ब्रेक के बाद भारतीय टीम ने मुकाबला में उत्कृष्ट खेल दिखाकर महत्वपूर्ण योगदान दिया।,positive,sports,2
आज भारतीय टीम ने मैच में शानदार खेल दिखाकर दबदबा कायम रखा।,positive,sports,2
दबाव वाले मुकाबले में गेंदबाज का रन चेज में निराशाजनक खेल टीम पर भारी पड़ा।,negative,sports,0
दबाव वाले मुकाबले में भारतीय धावक ने इवेंट में उत्कृष्ट खेल दिखाकर मुकाबला अपने नाम कर लिया।,positive,sports,2
आज गेंदबाज का मैच में बेअसर खेल टीम पर भारी पड़ा।,negative,sports,0
मुकाबला निर्णायक मैच में आयोजित होगा और जोड़ी इसमें हिस्सा लेगा।,neutral,sports,1
दबाव वाले मुकाबले में विकेटकीपर का मैच में कमजोर खेल टीम पर भारी पड़ा।,negative,sports,0
आज कप्तान ने मैच में कमाल का खेल दिखाकर महत्वपूर्ण योगदान दिया।,positive,sports,2
खिलाड़ी रेस के लिए अगले मुकाबले की तैयारी कर रही है।,neutral,sports,1
घरेलू मैदान पर डिफेंडर का सेमीफाइनल में निराश करने वाला खेल टीम पर भारी पड़ा।,negative,sports,0
घरेलू मैदान पर युवा शटलर ने फाइनल में धमाकेदार खेल दिखाकर शानदार वापसी की।,positive,sports,2
गोलकीपर ने मुकाबला में धमाकेदार प्रदर्शन करते हुए मुकाबला अपने नाम कर लिया।,positive,sports,2
फॉरवर्ड की टीम लीग मैच के लिए अपनी अंतिम सूची तैयार कर रही है।,neutral,sports,1
मैं इस मुद्दे पर कोई पक्ष नहीं लूंगा।,neutral,sentihin,1
विकेटकीपर ने सीरीज में लाजवाब प्रदर्शन करते हुए महत्वपूर्ण योगदान दिया।,positive,sports,2
आपके सहयोग से मुझे हर कदम पर प्रोत्साहन मिला।,positive,sentihin,2
आज चैंपियन ने फाइनल में उत्कृष्ट खेल दिखाकर शानदार वापसी की।,positive,sports,2
निर्णायक मैच में कप्तान ने क्वार्टरफाइनल में उत्कृष्ट खेल दिखाकर महत्वपूर्ण योगदान दिया।,positive,sports,2
गेम निर्णायक मैच में आयोजित होगा और खिलाड़ी इसमें हिस्सा लेगा।,neutral,sports,1
लगातार तीसरे मैच में भारत ने सीरीज में शानदार खेल दिखाकर लगातार अच्छा प्रदर्शन किया।,positive,sports,2
वह प्रतिक्रिया इतनी अप्रत्याशित थी कि मैं समझ नहीं पाया।,negative,sentihin,0
बल्लेबाज ओवर के लिए अगले दौर के लिए पहुंची।,neutral,sports,1
लंबे ब्रेक के बाद कप्तान का सेट में बेअसर खेल टीम पर भारी पड़ा।,negative,sports,0
महत्वपूर्ण मौके पर युवा खिलाड़ी ने सेट में लाजवाब खेल दिखाकर जीत दर्ज की।,positive,sports,2
रेडर ने मैच में कमजोर प्रदर्शन किया और लगातार गलतियां कीं।,negative,sports,0
खिलाड़ी ने गेम में खराब खेल दिखाया और टीम को नुकसान हुआ।,negative,sports,0
घरेलू मैदान पर एथलीट ने प्रतियोगिता में यादगार खेल दिखाकर मुकाबला अपने नाम कर लिया।,positive,sports,2
महत्वपूर्ण मौके पर भारतीय धावक ने प्रतियोगिता में यादगार खेल दिखाकर शानदार वापसी की।,positive,sports,2
मुझे वहाँ का व्यवहार अस्वीकार्य लगा।,negative,sentihin,0
तुम्हारी सादगी दिल को छू गई।,positive,sentihin,2
आज हॉकी टीम ने मुकाबला में बेहतरीन तालमेल के साथ जीत हासिल की।,positive,sports,2
निर्णायक मैच में युवा खिलाड़ी का फाइनल में बेअसर खेल टीम पर भारी पड़ा।,negative,sports,0
खिलाड़ी ने मुकाबला में निराश करने वाला प्रदर्शन किया और अपनी लय खो दी।,negative,sports,0
आपके शब्द बहुत सुकूनदायक हैं।,positive,sentihin,2
भारतीय धावक इवेंट के लिए टूर्नामेंट में हिस्सा ले रही है।,neutral,sports,1
दबाव वाले मुकाबले में कप्तान का लीग मैच में बेअसर खेल टीम पर भारी पड़ा।,negative,sports,0
टूर्नामेंट के अहम चरण में टेनिस स्टार ने सेट में धमाकेदार खेल दिखाकर शानदार वापसी की।,positive,sports,2
आज भारतीय धावक ने रेस से पहले प्रशिक्षण पूरा किया।,neutral,sports,1
आज बल्लेबाज का पारी में लचर खेल टीम पर भारी पड़ा।,negative,sports,0
महत्वपूर्ण मौके पर डिफेंडर का लीग मैच में निराश करने वाला खेल टीम पर भारी पड़ा।,negative,sports,0
मुझे यह काम बहुत कठिन लग रहा है।,negative,sentihin,0
उसके रवैये ने मेरे आत्म सम्मान को ठेस पहुँचाई।,negative,sentihin,0
Aaj Players ne morning practice session attend kiya,neutral,sports,1
डिफेंडर ने लीग मैच में लाजवाब प्रदर्शन करते हुए दबदबा कायम रखा।,positive,sports,2
भारतीय टीम के शानदार प्रदर्शन ने मैच का रुख बदल दिया।,positive,sports,2
दबाव वाले मुकाबले में डिफेंडर का फाइनल में खराब खेल टीम पर भारी पड़ा।,negative,sports,0
मुझे आपकी बातों से खुशी हुई।,positive,sentihin,2
युवा खिलाड़ी ने मैच में शानदार प्रदर्शन करते हुए दबदबा कायम रखा।,positive,sports,2
मुझे इस मुद्दे पर कोई खास प्रतिक्रिया नहीं है।,neutral,sentihin,1
प्रशंसकों के सामने क्लब ने मुकाबला में यादगार खेल दिखाकर शानदार वापसी की।,positive,sports,2
लंबे ब्रेक के बाद कप्तान ने फाइनल में लाजवाब खेल दिखाकर महत्वपूर्ण योगदान दिया।,positive,sports,2
आपका व्यवहार बहुत ही प्रशंसनीय है।,positive,sentihin,2
लगातार तीसरे मैच में धाविका ने इवेंट में बेहतरीन खेल दिखाकर मुकाबला अपने नाम कर लिया।,positive,sports,2
भारतीय टीम ने मुकाबला में लचर खेल दिखाया और टीम को नुकसान हुआ।,negative,sports,0
कप्तान ने मुकाबला में कमजोर प्रदर्शन किया और बढ़त गंवा दी।,negative,sports,0
इस मुकाबले में गोलकीपर का सेमीफाइनल में निराश करने वाला खेल टीम पर भारी पड़ा।,negative,sports,0
लंबे ब्रेक के बाद खिलाड़ी ने इवेंट से पहले प्रशिक्षण पूरा किया।,neutral,sports,1
लगातार तीसरे मैच में एथलीट ने रेस में उत्कृष्ट खेल दिखाकर महत्वपूर्ण योगदान दिया।,positive,sports,2
डिफेंडर ने मैच में धमाकेदार प्रदर्शन करते हुए दबदबा कायम रखा।,positive,sports,2
लंबे ब्रेक के बाद युवा शटलर ने गेम में लाजवाब खेल दिखाकर मुकाबला अपने नाम कर लिया।,positive,sports,2
यह सेवा उम्मीद से बहुत खराब थी।,negative,sentihin,0
तुम्हारी मदद के बिना यह कार्य संभव नहीं था।,positive,sentihin,2
प्रतियोगिता इस मुकाबले में आयोजित होगा और धाविका इसमें हिस्सा लेगा।,neutral,sports,1
लगातार तीसरे मैच में विकेटकीपर का रन चेज में फीका खेल टीम पर भारी पड़ा।,negative,sports,0
मुझे यह माहौल अच्छा नहीं लगता।,negative,sentihin,0
मुकाबला आज आयोजित होगा और क्लब इसमें हिस्सा लेगा।,neutral,sports,1
डिफेंडर मैच के लिए अभ्यास सत्र में शामिल हुई।,neutral,sports,1
मुझे यह गंध अच्छी नहीं लगती।,negative,sentihin,0
रेस लंबे ब्रेक के बाद आयोजित होगा और खिलाड़ी इसमें हिस्सा लेगा।,neutral,sports,1
महत्वपूर्ण मौके पर बल्लेबाज ने रन चेज में शानदार खेल दिखाकर जीत दर्ज की।,positive,sports,2
तुम्हारे स्नेह और अपनत्व ने मेरे दिल को छू लिया है।,positive,sentihin,2
क्लब को मैच के लिए टीम में शामिल किया गया है।,neutral,sports,1
लगातार तीसरे मैच में खिलाड़ी का मुकाबला में फीका खेल टीम पर भारी पड़ा।,negative,sports,0
निर्णायक मैच में धाविका ने प्रतियोगिता में कई आसान मौके गंवाए।,negative,sports,0
घरेलू मैदान पर फॉरवर्ड का सेमीफाइनल में फीका खेल टीम पर भारी पड़ा।,negative,sports,0
लंबे ब्रेक के बाद डिफेंडर ने प्लेऑफ में बेहतरीन खेल दिखाकर महत्वपूर्ण योगदान दिया।,positive,sports,2
कप्तान ने प्लेऑफ में लचर प्रदर्शन किया और दबाव में बिखर गई।,negative,sports,0
इस मुकाबले में भारतीय खिलाड़ी ने सेट में लाजवाब खेल दिखाकर दबदबा कायम रखा।,positive,sports,2
महत्वपूर्ण मौके पर जोड़ी ने मुकाबला में यादगार खेल दिखाकर जीत दर्ज की।,positive,sports,2
क्वार्टरफाइनल प्रशंसकों के सामने आयोजित होगा और टेनिस स्टार इसमें हिस्सा लेगा।,neutral,sports,1
हॉकी टीम मैच के लिए टूर्नामेंट में हिस्सा ले रही है।,neutral,sports,1
भारतीय शटलर ने मैच में निराश करने वाला प्रदर्शन किया और अपनी लय खो दी।,negative,sports,0
इस मुकाबले में जोड़ी ने मैच से पहले प्रशिक्षण पूरा किया।,neutral,sports,1
तुम्हारा यह लेख प्रभावशाली है।,positive,sentihin,2
टूर्नामेंट के अहम चरण में विकेटकीपर मैच से पहले प्रशिक्षण कर रहा है।,neutral,sports,1
भारत सीरीज के लिए अगले मुकाबले की तैयारी कर रही है।,neutral,sports,1
मुकाबला लंबे ब्रेक के बाद आयोजित होगा और चैंपियन इसमें हिस्सा लेगा।,neutral,sports,1
दबाव वाले मुकाबले में भारतीय टीम का मैच में निराश करने वाला खेल टीम पर भारी पड़ा।,negative,sports,0
घरेलू मैदान पर फॉरवर्ड ने मुकाबला में बेहतरीन खेल दिखाकर मुकाबला अपने नाम कर लिया।,positive,sports,2
आपके विचार बहुत सकारात्मक हैं।,positive,sentihin,2
आपकी मदद मेरे लिए संबल बनी।,positive,sentihin,2
लंबे ब्रेक के बाद फॉरवर्ड ने सेमीफाइनल में यादगार खेल दिखाकर मुकाबला अपने नाम कर लिया।,positive,sports,2
लगातार तीसरे मैच में कप्तान सेमीफाइनल से पहले प्रशिक्षण कर रहा है।,neutral,sports,1
सेमीफाइनल घरेलू मैदान पर आयोजित होगा और गोलकीपर इसमें हिस्सा लेगा।,neutral,sports,1
युवा शटलर ने फाइनल में निराशाजनक प्रदर्शन किया और महत्वपूर्ण मौका गंवाया।,negative,sports,0
लंबे ब्रेक के बाद भारत ने ओवर में कमाल का खेल दिखाकर शानदार वापसी की।,positive,sports,2
लंबे ब्रेक के बाद धाविका ने रेस में जबरदस्त खेल दिखाकर दबदबा कायम रखा।,positive,sports,2
निर्णायक मैच में कप्तान ने प्लेऑफ में बेहतरीन खेल दिखाकर महत्वपूर्ण योगदान दिया।,positive,sports,2
खिलाड़ी ने क्वार्टरफाइनल में उत्कृष्ट प्रदर्शन करते हुए लगातार अच्छा प्रदर्शन किया।,positive,sports,2
मुझे इसमें कुछ अलग अनुभव नहीं हुआ।,neutral,sentihin,1
घरेलू मैदान पर फॉरवर्ड ने सेमीफाइनल में बेहतरीन खेल दिखाकर जीत दर्ज की।,positive,sports,2
वह अनुभव अत्यंत सुखद था।,positive,sentihin,2
मैच घरेलू मैदान पर आयोजित होगा और फॉरवर्ड इसमें हिस्सा लेगा।,neutral,sports,1
घरेलू मैदान पर डिफेंडर मैच से पहले प्रशिक्षण कर रहा है।,neutral,sports,1
लगातार तीसरे मैच में डिफेंडर का मुकाबला में असंगत खेल टीम पर भारी पड़ा।,negative,sports,0
तुम्हारा विश्वास मेरे लिए बहुत बड़ा सहारा है।,positive,sentihin,2
लगातार तीसरे मैच में डिफेंडर ने फाइनल में धमाकेदार खेल दिखाकर शानदार वापसी की।,positive,sports,2
धाविका ने फाइनल में शानदार खेल दिखाया और टीम को जीत दिलाई।,positive,sports,2
प्रशंसकों के सामने भारतीय शटलर ने फाइनल में जबरदस्त खेल दिखाकर जीत दर्ज की।,positive,sports,2
लगातार तीसरे मैच में कप्तान ने मैच में बेहतरीन खेल दिखाकर दबदबा कायम रखा।,positive,sports,2
लगातार तीसरे मैच में धाविका प्रतियोगिता से पहले प्रशिक्षण कर रहा है।,neutral,sports,1
निर्णायक मैच में भारतीय टीम ने मैच से पहले प्रशिक्षण पूरा किया।,neutral,sports,1
लंबे ब्रेक के बाद धाविका ने इवेंट में उत्कृष्ट खेल दिखाकर मुश्किल स्थिति से बाहर निकली।,positive,sports,2
आज भारतीय टीम ने मुकाबला में लाजवाब खेल दिखाकर मुकाबला अपने नाम कर लिया।,positive,sports,2
आज भारतीय धावक रेस से पहले प्रशिक्षण कर रहा है।,neutral,sports,1
डिफेंडर मुकाबला के लिए अगले मुकाबले की तैयारी कर रही है।,neutral,sports,1
लंबे ब्रेक के बाद गोलकीपर ने फाइनल में कमाल का खेल दिखाकर महत्वपूर्ण योगदान दिया।,positive,sports,2
यह प्रोडक्ट बेहतरीन है,positive,sentihin,2
निर्णायक मैच में गेंदबाज ने पारी में कमाल का खेल दिखाकर शानदार वापसी की।,positive,sports,2
निर्णायक मैच में खिलाड़ी ने मुकाबला में जबरदस्त खेल दिखाकर दबदबा कायम रखा।,positive,sports,2
यह योजना एकदम निरर्थक रही।,negative,sentihin,0
शाम के मुकाबले में टीम ने मुकाबला अपने नाम कर लिया।,positive,sports,2
उसका रूखा व्यवहार हर किसी को दुखी कर गया।,negative,sentihin,0
खिलाड़ी ने रेस में बेहतरीन प्रदर्शन करते हुए मुश्किल स्थिति से बाहर निकली।,positive,sports,2
इस पर मेरी कोई मजबूत भावना नहीं है।,neutral,sentihin,1
भारतीय टीम ने सीरीज में निराशाजनक प्रदर्शन किया और महत्वपूर्ण मौका गंवाया।,negative,sports,0
भारतीय धावक का कमजोर प्रदर्शन प्रतियोगिता में हार का कारण बना।,negative,sports,0
गेंदबाज ने मैच में फीका प्रदर्शन किया और महत्वपूर्ण मौका गंवाया।,negative,sports,0
निर्णायक मैच में खिलाड़ी ने मैच में शानदार खेल दिखाकर मुकाबला अपने नाम कर लिया।,positive,sports,2
दबाव वाले मुकाबले में फॉरवर्ड ने फाइनल में कई आसान मौके गंवाए।,negative,sports,0
इस मुकाबले में जोड़ी ने गेम में जबरदस्त खेल दिखाकर मुश्किल स्थिति से बाहर निकली।,positive,sports,2
टूर्नामेंट के अहम चरण में खिलाड़ी ने गेम में बेहतरीन खेल दिखाकर जीत दर्ज की।,positive,sports,2
लगातार तीसरे मैच में कप्तान ने फाइनल में बेहतरीन खेल दिखाकर महत्वपूर्ण योगदान दिया।,positive,sports,2
भारतीय टीम के सेमीफाइनल में यादगार प्रदर्शन से टीम को फायदा हुआ।,positive,sports,2
प्रशंसकों के सामने गोलकीपर का लीग मैच में खराब खेल टीम पर भारी पड़ा।,negative,sports,0
भारतीय शटलर मैच के लिए अभ्यास सत्र में शामिल हुई।,neutral,sports,1
भारतीय टीम ने फाइनल में कमजोर खेल दिखाया और टीम को नुकसान हुआ।,negative,sports,0
तुम्हारे विचारों की गहराई हर बार नया दृष्टिकोण देती है।,positive,sentihin,2
प्रशंसकों के सामने भारतीय टीम फाइनल से पहले प्रशिक्षण कर रहा है।,neutral,sports,1
युवा एथलीट की टीम दौड़ के लिए अपनी अंतिम सूची तैयार कर रही है।,neutral,sports,1
Is tournament mein India ne aaj zabardast comeback kiya,positive,sports,2
ऑनलाइन ऑर्डर करने में परेशानी हुई,negative,sentihin,0
मैं इस मुद्दे पर कोई टिप्पणी नहीं करूंगा।,neutral,sentihin,1
मैं रोज़ाना अपने लक्ष्य की दिशा में काम करता हूं।,neutral,sentihin,1
महत्वपूर्ण मौके पर कप्तान ने रन चेज में जबरदस्त खेल दिखाकर महत्वपूर्ण योगदान दिया।,positive,sports,2
निर्णायक मैच में युवा एथलीट का इवेंट में खराब खेल टीम पर भारी पड़ा।,negative,sports,0
युवा शटलर ने फाइनल में फीका प्रदर्शन किया और बढ़त गंवा दी।,negative,sports,0
घरेलू मैदान पर भारत का सीरीज में असंगत खेल टीम पर भारी पड़ा।,negative,sports,0
विकेटकीपर ने रन चेज में लचर प्रदर्शन किया और अपनी लय खो दी।,negative,sports,0
यह कार बहुत महंगी और अनुपयोगी है।,negative,sentihin,0
लगातार तीसरे मैच में गोलकीपर मुकाबला से पहले प्रशिक्षण कर रहा है।,neutral,sports,1
लंबे ब्रेक के बाद भारतीय टीम फाइनल से पहले प्रशिक्षण कर रहा है।,neutral,sports,1
उसका व्यवहार हर किसी को असहज महसूस कराता है।,negative,sentihin,0
यह छुट्टी मेरे लिए बहुत ताज़ा थी।,positive,sentihin,2
टूर्नामेंट के अहम चरण में खिलाड़ी का फाइनल में निराशाजनक खेल टीम पर भारी पड़ा।,negative,sports,0
महत्वपूर्ण मौके पर कप्तान का सीरीज में बेअसर खेल टीम पर भारी पड़ा।,negative,sports,0
टूर्नामेंट के अहम चरण में युवा खिलाड़ी का फाइनल में बेअसर खेल टीम पर भारी पड़ा।,negative,sports,0
प्रशंसकों के सामने युवा एथलीट दौड़ से पहले प्रशिक्षण कर रहा है।,neutral,sports,1
टूर्नामेंट के अहम चरण में कप्तान ने मैच से पहले प्रशिक्षण पूरा किया।,neutral,sports,1
घरेलू मैदान पर भारतीय शटलर ने मुकाबला में बेहतरीन खेल दिखाकर मुकाबला अपने नाम कर लिया।,positive,sports,2
गेंदबाज ने रन चेज के लिए तैयारी शुरू कर दी।,neutral,sports,1
जोड़ी सेट के लिए अगले दौर के लिए पहुंची।,neutral,sports,1
लगातार तीसरे मैच में भारतीय धावक ने फाइनल में यादगार खेल दिखाकर लगातार अच्छा प्रदर्शन किया।,positive,sports,2
लंबे अंतराल के बाद कप्तान ने मैच से पहले रणनीति पर बात की।,neutral,sports,1
घरेलू मैदान पर बल्लेबाज ने मैच में यादगार खेल दिखाकर लगातार अच्छा प्रदर्शन किया।,positive,sports,2
लीग मैच महत्वपूर्ण मौके पर आयोजित होगा और डिफेंडर इसमें हिस्सा लेगा।,neutral,sports,1
बल्लेबाज ने पारी में कमजोर प्रदर्शन किया और दबाव में बिखर गई।,negative,sports,0
तुम्हारी मित्रता अनमोल है।,positive,sentihin,2
भारतीय खिलाड़ी ने कठिन सेट में धैर्य रखते हुए सफलता हासिल की।,positive,sports,2
मुझे आपके विचार अच्छे लगे,positive,sentihin,2
दबाव वाले मुकाबले में रेडर मैच से पहले प्रशिक्षण कर रहा है।,neutral,sports,1
मैच आज आयोजित होगा और युवा शटलर इसमें हिस्सा लेगा।,neutral,sports,1
युवा एथलीट ने रेस में खराब प्रदर्शन किया और महत्वपूर्ण मौका गंवाया।,negative,sports,0
दबाव वाले मुकाबले में खिलाड़ी ने इवेंट में लाजवाब खेल दिखाकर जीत दर्ज की।,positive,sports,2
इस छुट्टी का मज़ा बहुत आया।,positive,sentihin,2
युवा खिलाड़ी ने फाइनल में फीका प्रदर्शन किया और लगातार गलतियां कीं।,negative,sports,0
महत्वपूर्ण मौके पर हॉकी टीम मुकाबला से पहले प्रशिक्षण कर रहा है।,neutral,sports,1
उसने सार्वजनिक रूप से मुझे शर्मिंदा कर दिया।,negative,sentihin,0
मुकाबला महत्वपूर्ण मौके पर आयोजित होगा और टेनिस स्टार इसमें हिस्सा लेगा।,neutral,sports,1
यह खुशी मेरे चेहरे पर मुस्कान ले आती है।,positive,sentihin,2
खिलाड़ी ने फाइनल में कमजोर प्रदर्शन किया और महत्वपूर्ण मौका गंवाया।,negative,sports,0
फाइनल प्रशंसकों के सामने आयोजित होगा और गोलकीपर इसमें हिस्सा लेगा।,neutral,sports,1
खिलाड़ी ने मैच में असंगत प्रदर्शन किया और लगातार गलतियां कीं।,negative,sports,0
भारतीय टीम ने सेमीफाइनल में निराशाजनक प्रदर्शन किया और मुकाबला गंवा दिया।,negative,sports,0
मुझे इसमें कुछ खास दिलचस्पी नहीं थी।,neutral,sentihin,1
चैंपियन ने सेट में निराश करने वाला प्रदर्शन किया और उम्मीदों पर खरी नहीं उतरी।,negative,sports,0
भारत ने सीरीज में असंगत खेल दिखाया और टीम को नुकसान हुआ।,negative,sports,0
डिफेंडर सेमीफाइनल के लिए अभ्यास सत्र में शामिल हुई।,neutral,sports,1
खिलाड़ी ने क्वार्टरफाइनल में शानदार खेल दिखाया और टीम को जीत दिलाई।,positive,sports,2
आज क्लब ने सेमीफाइनल में उत्कृष्ट खेल दिखाकर मुश्किल स्थिति से बाहर निकली।,positive,sports,2
मुकाबला प्रशंसकों के सामने आयोजित होगा और कप्तान इसमें हिस्सा लेगा।,neutral,sports,1
टूर्नामेंट के अहम चरण में रेडर ने फाइनल में शानदार खेल दिखाकर महत्वपूर्ण योगदान दिया।,positive,sports,2
प्रशंसकों के सामने भारतीय टीम ने मुकाबला में धमाकेदार खेल दिखाकर शानदार वापसी की।,positive,sports,2
लगातार तीसरे मैच में भारतीय शटलर ने सेट में जबरदस्त खेल दिखाकर मुश्किल स्थिति से बाहर निकली।,positive,sports,2
यह सेवा बेहद खराब साबित हुई।,negative,sentihin,0
तुम्हारी मेहनत का परिणाम देखकर बहुत गर्व होता है।,positive,sentihin,2
रेडर मुकाबला के लिए अगले मुकाबले की तैयारी कर रही है।,neutral,sports,1
सेट निर्णायक मैच में आयोजित होगा और चैंपियन इसमें हिस्सा लेगा।,neutral,sports,1
लीग मैच लंबे ब्रेक के बाद आयोजित होगा और गोलकीपर इसमें हिस्सा लेगा।,neutral,sports,1
गोलकीपर ने फाइनल में खराब खेल दिखाया और टीम को नुकसान हुआ।,negative,sports,0
आज कप्तान ने रन चेज में यादगार खेल दिखाकर लगातार अच्छा प्रदर्शन किया।,positive,sports,2
इस मुकाबले में युवा शटलर का मैच में लचर खेल टीम पर भारी पड़ा।,negative,sports,0
धाविका ने रेस में निराश करने वाला प्रदर्शन किया और मुकाबला गंवा दिया।,negative,sports,0
लगातार तीसरे मैच में रेडर ने लीग मैच में शानदार खेल दिखाकर शानदार वापसी की।,positive,sports,2
दबाव वाले मुकाबले में युवा शटलर का गेम में असंगत खेल टीम पर भारी पड़ा।,negative,sports,0
आज टेनिस स्टार क्वार्टरफाइनल से पहले प्रशिक्षण कर रहा है।,neutral,sports,1
घरेलू मैदान पर भारतीय टीम ने सेमीफाइनल में उत्कृष्ट खेल दिखाकर जीत दर्ज की।,positive,sports,2
कप्तान ने मुकाबला में निराश करने वाला प्रदर्शन किया और महत्वपूर्ण मौका गंवाया।,negative,sports,0
लंबे ब्रेक के बाद एथलीट का इवेंट में खराब खेल टीम पर भारी पड़ा।,negative,sports,0
इस मुद्दे पर अभी निष्कर्ष निकालना जल्दबाज़ी होगी।,neutral,sentihin,1
गेंदबाज ने मैच में असंगत प्रदर्शन किया और लगातार गलतियां कीं।,negative,sports,0
आपकी सोच सदा प्रेरणादायक रहती है।,positive,sentihin,2
टूर्नामेंट के अहम चरण में भारतीय टीम का लीग मैच में लचर खेल टीम पर भारी पड़ा।,negative,sports,0
युवा एथलीट ने दौड़ में बेअसर प्रदर्शन किया और दबाव में बिखर गई।,negative,sports,0
प्रशंसकों के सामने चैंपियन सेट से पहले प्रशिक्षण कर रहा है।,neutral,sports,1
मैं रोज़ाना अपने आप को बेहतर बनाने की कोशिश करता हूं।,neutral,sentihin,1
भारतीय टीम ने ओवर में असंगत प्रदर्शन किया और मुकाबला गंवा दिया।,negative,sports,0
डिफेंडर की लीग मैच में फीका रणनीति काम नहीं आई।,negative,sports,0
घरेलू मैदान पर कप्तान ने मैच में लाजवाब खेल दिखाकर शानदार वापसी की।,positive,sports,2
यह प्रोडक्ट निराशाजनक है,negative,sentihin,0
लगातार तीसरे मैच में भारतीय शटलर ने मैच में बेहतरीन खेल दिखाकर मुश्किल स्थिति से बाहर निकली।,positive,sports,2
बल्लेबाज ने रन चेज में लचर प्रदर्शन किया और अपनी लय खो दी।,negative,sports,0
खिलाड़ी ने सेट में फीका प्रदर्शन किया और लगातार गलतियां कीं।,negative,sports,0
युवा शटलर ने सेट में लचर प्रदर्शन किया और अपनी लय खो दी।,negative,sports,0
मुझे इस मुद्दे पर कोई विशेष भावना नहीं है।,neutral,sentihin,1
डिफेंडर ने मुकाबला में जबरदस्त प्रदर्शन करते हुए मुश्किल स्थिति से बाहर निकली।,positive,sports,2
लगातार तीसरे मैच में क्लब ने लीग मैच से पहले प्रशिक्षण पूरा किया।,neutral,sports,1
निर्णायक मैच में गेंदबाज मुकाबला से पहले प्रशिक्षण कर रहा है।,neutral,sports,1
टूर्नामेंट के अहम चरण में विकेटकीपर ने पारी में बेहतरीन खेल दिखाकर शानदार वापसी की।,positive,sports,2
घरेलू मैदान पर कप्तान सेट से पहले प्रशिक्षण कर रहा है।,neutral,sports,1
निर्णायक मैच में भारतीय टीम ने सेमीफाइनल में यादगार खेल दिखाकर मुकाबला अपने नाम कर लिया।,positive,sports,2
टेनिस स्टार ने सेट में उत्कृष्ट प्रदर्शन करते हुए मुकाबला अपने नाम कर लिया।,positive,sports,2
लगातार तीसरे मैच में एथलीट का इवेंट में बेअसर खेल टीम पर भारी पड़ा।,negative,sports,0
लगातार तीसरे मैच में डिफेंडर ने प्लेऑफ में शानदार खेल दिखाकर महत्वपूर्ण योगदान दिया।,positive,sports,2
निर्णायक मैच में भारतीय शटलर का मैच में लचर खेल टीम पर भारी पड़ा।,negative,sports,0
यह प्रयास अत्यंत सफल रहा।,positive,sentihin,2
निर्णायक मैच में डिफेंडर ने फाइनल में कमाल का खेल दिखाकर मुश्किल स्थिति से बाहर निकली।,positive,sports,2
यह व्यंजन स्वादिष्ट है।,positive,sentihin,2
घरेलू मैदान पर भारतीय शटलर ने सेट में बेहतरीन खेल दिखाकर जीत दर्ज की।,positive,sports,2
मुकाबला लगातार तीसरे मैच में आयोजित होगा और खिलाड़ी इसमें हिस्सा लेगा।,neutral,sports,1
यह खरीददारी बेहद निराशाजनक थी।,negative,sentihin,0
यह अवसर लाभकारी रहा।,positive,sentihin,2
लंबे ब्रेक के बाद गोलकीपर ने सेमीफाइनल में उत्कृष्ट खेल दिखाकर शानदार वापसी की।,positive,sports,2
महत्वपूर्ण मौके पर हॉकी टीम ने लीग मैच में कई आसान मौके गंवाए।,negative,sports,0
आज भारतीय टीम ने मुकाबला में धमाकेदार खेल दिखाकर मुकाबला अपने नाम कर लिया।,positive,sports,2
यह निर्णय अत्यंत असंतोषजनक था।,negative,sentihin,0
मुझे वहाँ की सुविधाएं घटिया लगीं।,negative,sentihin,0
दबाव वाले मुकाबले में हॉकी टीम ने मैच में बेहतरीन तालमेल के साथ जीत हासिल की।,positive,sports,2
मैच लगातार तीसरे मैच में आयोजित होगा और कप्तान इसमें हिस्सा लेगा।,neutral,sports,1
निर्णायक मैच में बल्लेबाज ने पारी में कमाल का खेल दिखाकर दबदबा कायम रखा।,positive,sports,2
दबाव वाले मुकाबले में युवा खिलाड़ी ने सेट से पहले प्रशिक्षण पूरा किया।,neutral,sports,1
इस मुकाबले में खिलाड़ी ने इवेंट में उत्कृष्ट खेल दिखाकर मुश्किल स्थिति से बाहर निकली।,positive,sports,2
लगातार तीसरे मैच में जोड़ी ने मुकाबला में बेहतरीन खेल दिखाकर मुकाबला अपने नाम कर लिया।,positive,sports,2
कप्तान ने मुकाबला में असंगत प्रदर्शन किया और उम्मीदों पर खरी नहीं उतरी।,negative,sports,0
कल खिलाड़ियों ने निर्णायक मौके पर गलतियां कीं।,negative,sports,0
मैं इस फिल्म को दोबारा देख सकता हूँ।,neutral,sentihin,1
बल्लेबाज पारी के लिए अगले दौर के लिए पहुंची।,neutral,sports,1
उसकी नकारात्मक बातें सुनकर आत्मविश्वास डगमगाने लगता है।,negative,sentihin,0
इस मुकाबले में टेनिस स्टार ने सेट में बेहतरीन खेल दिखाकर महत्वपूर्ण योगदान दिया।,positive,sports,2
मुकाबला निर्णायक मैच में आयोजित होगा और रेडर इसमें हिस्सा लेगा।,neutral,sports,1
घरेलू मैदान पर भारतीय टीम ने मुकाबला में यादगार खेल दिखाकर महत्वपूर्ण योगदान दिया।,positive,sports,2
आपका व्यवहार सच में प्रेरणादायक है।,positive,sentihin,2
डिफेंडर फाइनल के लिए प्रशिक्षण जारी रखे हुए है।,neutral,sports,1
लगातार तीसरे मैच में डिफेंडर का फाइनल में असंगत खेल टीम पर भारी पड़ा।,negative,sports,0
कप्तान ने प्लेऑफ में फीका प्रदर्शन किया और अपनी लय खो दी।,negative,sports,0
महत्वपूर्ण मौके पर युवा शटलर ने गेम में धमाकेदार खेल दिखाकर महत्वपूर्ण योगदान दिया।,positive,sports,2
लंबे ब्रेक के बाद भारतीय खिलाड़ी ने मुकाबला में लाजवाब खेल दिखाकर मुश्किल स्थिति से बाहर निकली।,positive,sports,2
यह निर्णय बहुत ही असंतोषजनक साबित हुआ।,negative,sentihin,0
आपकी मदद हमेशा अनमोल रहती है।,positive,sentihin,2
हॉकी टीम ने फाइनल के लिए यात्रा कार्यक्रम साझा किया।,neutral,sports,1
खिलाड़ी ने प्रतियोगिता में कमजोर प्रदर्शन किया और उम्मीदों पर खरी नहीं उतरी।,negative,sports,0
इवेंट लगातार तीसरे मैच में आयोजित होगा और युवा एथलीट इसमें हिस्सा लेगा।,neutral,sports,1
टूर्नामेंट के अहम चरण में डिफेंडर ने सेमीफाइनल में कमाल का खेल दिखाकर लगातार अच्छा प्रदर्शन किया।,positive,sports,2
भारतीय खिलाड़ी मैच के लिए रणनीति पर चर्चा कर रही है।,neutral,sports,1
यह रेस्टोरेंट का बिल बहुत महंगा था।,negative,sentihin,0
मुझे इसमें कोई विशेष रूचि नहीं।,neutral,sentihin,1
भारतीय टीम ने फाइनल में निराशाजनक प्रदर्शन किया और लगातार गलतियां कीं।,negative,sports,0
टूर्नामेंट के अहम चरण में युवा एथलीट ने दौड़ से पहले प्रशिक्षण पूरा किया।,neutral,sports,1
घरेलू मैदान पर कप्तान ने प्लेऑफ से पहले प्रशिक्षण पूरा किया।,neutral,sports,1
टेनिस स्टार ने सेट में खराब प्रदर्शन किया और लगातार गलतियां कीं।,negative,sports,0
टूर्नामेंट के अहम चरण में धाविका ने फाइनल में यादगार खेल दिखाकर महत्वपूर्ण योगदान दिया।,positive,sports,2
इस मुकाबले में क्लब का फाइनल में निराश करने वाला खेल टीम पर भारी पड़ा।,negative,sports,0
इस विषय पर मेरा कोई पक्ष नहीं है।,neutral,sentihin,1
भारत ने मुकाबला में कमजोर प्रदर्शन किया और महत्वपूर्ण मौका गंवाया।,negative,sports,0
यह अनुभव पूरी तरह बेकार रहा।,negative,sentihin,0
मुझे वहाँ का व्यवहार अशिष्ट लगा।,negative,sentihin,0
टेस्ट में कम नंबर आए थोड़ा बुरा लगा।,negative,sentihin,0
मैच घरेलू मैदान पर आयोजित होगा और खिलाड़ी इसमें हिस्सा लेगा।,neutral,sports,1
आज गोलकीपर ने फाइनल में यादगार खेल दिखाकर दबदबा कायम रखा।,positive,sports,2
वह कार्यक्रम बहुत प्रेरणादायक था।,positive,sentihin,2
प्रशंसकों के सामने डिफेंडर का लीग मैच में असंगत खेल टीम पर भारी पड़ा।,negative,sports,0
आज खिलाड़ी गेम से पहले प्रशिक्षण कर रहा है।,neutral,sports,1
आज रेडर ने फाइनल में धमाकेदार खेल दिखाकर शानदार वापसी की।,positive,sports,2
इस मुकाबले में फॉरवर्ड ने फाइनल में बेहतरीन खेल दिखाकर दबदबा कायम रखा।,positive,sports,2
प्रशंसकों के सामने भारतीय खिलाड़ी ने क्वार्टरफाइनल में कमाल का खेल दिखाकर जीत दर्ज की।,positive,sports,2
मुझे इसमें कोई नयापन नहीं दिखा।,neutral,sentihin,1
इस मुकाबले में टेनिस स्टार ने मैच में कमाल का खेल दिखाकर लगातार अच्छा प्रदर्शन किया।,positive,sports,2
टूर्नामेंट के अहम चरण में खिलाड़ी मैच से पहले प्रशिक्षण कर रहा है।,neutral,sports,1
यह निर्णय पूरी तरह निराशाजनक था।,negative,sentihin,0
आज भारतीय टीम का पारी में फीका खेल टीम पर भारी पड़ा।,negative,sports,0
खिलाड़ी ने मुकाबला में फीका प्रदर्शन किया और उम्मीदों पर खरी नहीं उतरी।,negative,sports,0
भारत पारी के लिए अभ्यास सत्र में शामिल हुई।,neutral,sports,1
यह ऐप मेरे लिए फायदेमंद रहा,positive,sentihin,2
इस मुकाबले में भारतीय टीम ने मुकाबला में धमाकेदार खेल दिखाकर मुकाबला अपने नाम कर लिया।,positive,sports,2
तुम्हारा साथ बहुत खास है।,positive,sentihin,2
बल्लेबाज ने मुकाबला में धमाकेदार प्रदर्शन करते हुए मुकाबला अपने नाम कर लिया।,positive,sports,2
महत्वपूर्ण मौके पर गोलकीपर का सेमीफाइनल में निराश करने वाला खेल टीम पर भारी पड़ा।,negative,sports,0
प्लेऑफ लगातार तीसरे मैच में आयोजित होगा और डिफेंडर इसमें हिस्सा लेगा।,neutral,sports,1
दौड़ निर्णायक मैच में आयोजित होगा और युवा एथलीट इसमें हिस्सा लेगा।,neutral,sports,1
मुझे यह परिस्थिति कष्टकारी लगती है।,negative,sentihin,0
महत्वपूर्ण मौके पर कप्तान ने लीग मैच से पहले प्रशिक्षण पूरा किया।,neutral,sports,1
वह होटल में सेवाएं बेहतरीन थीं।,positive,sentihin,2
सेट प्रशंसकों के सामने आयोजित होगा और खिलाड़ी इसमें हिस्सा लेगा।,neutral,sports,1
दबाव वाले मुकाबले में चैंपियन मैच से पहले प्रशिक्षण कर रहा है।,neutral,sports,1
पारी टूर्नामेंट के अहम चरण में आयोजित होगा और भारतीय टीम इसमें हिस्सा लेगा।,neutral,sports,1
आपका यह काम मेरे लिए प्रेरणा का स्रोत है।,positive,sentihin,2
प्रशंसकों के सामने युवा खिलाड़ी मैच से पहले प्रशिक्षण कर रहा है।,neutral,sports,1
भारतीय धावक को फाइनल के लिए टीम में शामिल किया गया है।,neutral,sports,1
आपकी तारीफें सुनकर बहुत खुशी हुई।,positive,sentihin,2
कप्तान ने मुकाबला में निराश करने वाला प्रदर्शन किया और लगातार गलतियां कीं।,negative,sports,0
क्वार्टरफाइनल टूर्नामेंट के अहम चरण में आयोजित होगा और भारतीय खिलाड़ी इसमें हिस्सा लेगा।,neutral,sports,1
मैं दस बजे सो जाता हूं।,neutral,sentihin,1
ओवर घरेलू मैदान पर आयोजित होगा और कप्तान इसमें हिस्सा लेगा।,neutral,sports,1
भारतीय टीम ने मैच के लिए तैयारी शुरू कर दी।,neutral,sports,1
आपकी तारीफ मेरे आत्मबल को बढ़ाती है।,positive,sentihin,2
आपकी बातें दिल को सुकून देती हैं।,positive,sentihin,2
भारतीय टीम ने मुकाबला में निराशाजनक खेल दिखाया और टीम को नुकसान हुआ।,negative,sports,0
मुझे इसमें कोई बदलाव नहीं दिखा।,neutral,sentihin,1
भारतीय खिलाड़ी ने क्वार्टरफाइनल में यादगार प्रदर्शन करते हुए मुश्किल स्थिति से बाहर निकली।,positive,sports,2
महत्वपूर्ण मौके पर खिलाड़ी ने गेम में बेहतरीन खेल दिखाकर शानदार वापसी की।,positive,sports,2
लगातार तीसरे मैच में डिफेंडर ने सेमीफाइनल में कमाल का खेल दिखाकर जीत दर्ज की।,positive,sports,2
टूर्नामेंट के अहम चरण में फॉरवर्ड का मुकाबला में फीका खेल टीम पर भारी पड़ा।,negative,sports,0
डिफेंडर ने फाइनल में निराशाजनक प्रदर्शन किया और उम्मीदों पर खरी नहीं उतरी।,negative,sports,0
यह स्थिति बिल्कुल सामान्य है।,neutral,sentihin,1
मैं इस स्थिति से हार मान रहा हूं।,negative,sentihin,0
इस मुकाबले में गोलकीपर का फाइनल में असंगत खेल टीम पर भारी पड़ा।,negative,sports,0
आपका स्नेह मेरे लिए बहुत मायने रखता है।,positive,sentihin,2
निर्णायक मैच में रेडर ने लीग मैच से पहले प्रशिक्षण पूरा किया।,neutral,sports,1
इस मुकाबले में फॉरवर्ड का लीग मैच में लचर खेल टीम पर भारी पड़ा।,negative,sports,0
मुझे गुस्सा आ रहा है।,negative,sentihin,0
महत्वपूर्ण मौके पर खिलाड़ी ने मुकाबला में लाजवाब खेल दिखाकर महत्वपूर्ण योगदान दिया।,positive,sports,2
मुझे वहाँ की व्यवस्था खराब लगी।,negative,sentihin,0
फॉरवर्ड ने लीग मैच में निराश करने वाला प्रदर्शन किया और बढ़त गंवा दी।,negative,sports,0
कल कप्तान ने मैच से पहले रणनीति पर बात की।,neutral,sports,1
मुझे आपके विचार बहुत अच्छे लगे।,positive,sentihin,2
महत्वपूर्ण मौके पर क्लब फाइनल से पहले प्रशिक्षण कर रहा है।,neutral,sports,1
मैं इस बात से बहुत चिंतित हूं।,negative,sentihin,0
भारत ने सीरीज के लिए यात्रा कार्यक्रम साझा किया।,neutral,sports,1
मुझे इसमें कोई भावना महसूस नहीं हुई।,neutral,sentihin,1
मुझे इस होटल में खाने की गुणवत्ता से शिकायत है।,negative,sentihin,0
मुकाबला महत्वपूर्ण मौके पर आयोजित होगा और भारतीय टीम इसमें हिस्सा लेगा।,neutral,sports,1
महत्वपूर्ण मौके पर युवा एथलीट ने रेस में जबरदस्त खेल दिखाकर महत्वपूर्ण योगदान दिया।,positive,sports,2
धाविका अगले दौड़ से पहले कोच के साथ बैठक करेगा।,neutral,sports,1
जोड़ी ने मैच में शानदार प्रदर्शन करते हुए मुश्किल स्थिति से बाहर निकली।,positive,sports,2
तुम्हारा सहारा मेरे लिए बहुत महत्वपूर्ण रहा है।,positive,sentihin,2
आज रेडर ने मैच में लाजवाब खेल दिखाकर मुकाबला अपने नाम कर लिया।,positive,sports,2
लंबे ब्रेक के बाद रेडर का प्लेऑफ में फीका खेल टीम पर भारी पड़ा।,negative,sports,0
लगातार तीसरे मैच में धाविका का इवेंट में बेअसर खेल टीम पर भारी पड़ा।,negative,sports,0
महत्वपूर्ण मौके पर भारतीय धावक ने दौड़ में यादगार खेल दिखाकर दबदबा कायम रखा।,positive,sports,2
घरेलू मैदान पर फॉरवर्ड ने सेमीफाइनल से पहले प्रशिक्षण पूरा किया।,neutral,sports,1
महत्वपूर्ण मौके पर भारतीय शटलर मुकाबला से पहले प्रशिक्षण कर रहा है।,neutral,sports,1
आज हॉकी टीम ने सेमीफाइनल में जबरदस्त खेल दिखाकर दबदबा कायम रखा।,positive,sports,2
दबाव वाले मुकाबले में भारतीय खिलाड़ी ने क्वार्टरफाइनल में जबरदस्त खेल दिखाकर जीत दर्ज की।,positive,sports,2
फाइनल आज आयोजित होगा और टेनिस स्टार इसमें हिस्सा लेगा।,neutral,sports,1
लंबे अंतराल के बाद हमारी टीम ने विरोधी को पूरी तरह दबा दिया।,positive,sports,2
दबाव वाले मुकाबले में युवा खिलाड़ी का मुकाबला में निराशाजनक खेल टीम पर भारी पड़ा।,negative,sports,0
गेंदबाज ने मुकाबला में असंगत प्रदर्शन किया और बढ़त गंवा दी।,negative,sports,0
महत्वपूर्ण मौके पर भारतीय टीम ने मुकाबला में उत्कृष्ट खेल दिखाकर महत्वपूर्ण योगदान दिया।,positive,sports,2
भारतीय शटलर की मैच में कमजोर रणनीति काम नहीं आई।,negative,sports,0
तुम्हारे उत्साह ने मेरी थकी हुई आत्मा को नई ऊर्जा दी।,positive,sentihin,2
इस पर कोई अंतिम निर्णय लेना जल्दबाज़ी होगी।,neutral,sentihin,1
भारतीय टीम ओवर के लिए मैच के लिए रवाना हुई।,neutral,sports,1
भारतीय खिलाड़ी ने मैच के लिए तैयारी शुरू कर दी।,neutral,sports,1
लगातार तीसरे मैच में भारतीय टीम ने मुकाबला में उत्कृष्ट खेल दिखाकर लगातार अच्छा प्रदर्शन किया।,positive,sports,2
टूर्नामेंट के अहम चरण में फॉरवर्ड का सेमीफाइनल में असंगत खेल टीम पर भारी पड़ा।,negative,sports,0
लंबे ब्रेक के बाद खिलाड़ी ने मुकाबला में कमाल का खेल दिखाकर मुश्किल स्थिति से बाहर निकली।,positive,sports,2
तुम्हारे विचारों की गहराई हर बार मुझे सोचने पर मजबूर करती है।,positive,sentihin,2
सेमीफाइनल निर्णायक मैच में आयोजित होगा और फॉरवर्ड इसमें हिस्सा लेगा।,neutral,sports,1
निर्णायक मैच में हॉकी टीम का फाइनल में असंगत खेल टीम पर भारी पड़ा।,negative,sports,0
मुझे इसमें कुछ नया नहीं लगा।,neutral,sentihin,1
निर्णायक मैच में युवा एथलीट प्रतियोगिता से पहले प्रशिक्षण कर रहा है।,neutral,sports,1
वह व्यक्ति बहुत रूखा व्यवहार करता है।,negative,sentihin,0
लंबे ब्रेक के बाद युवा खिलाड़ी ने फाइनल में कमाल का खेल दिखाकर महत्वपूर्ण योगदान दिया।,positive,sports,2
कप्तान ने मैच में असंगत प्रदर्शन किया और मुकाबला गंवा दिया।,negative,sports,0
ट्रेन में बहुत भीड़ थी और असुविधाजनक थी।,negative,sentihin,0
वह सैर बेहद सुकून भरी थी।,positive,sentihin,2
उसका बर्ताव इतना अप्रत्याशित था कि सब चौंक गए।,negative,sentihin,0
महत्वपूर्ण मौके पर गोलकीपर ने लीग मैच में उत्कृष्ट खेल दिखाकर शानदार वापसी की।,positive,sports,2
यह फैसला अनुचित था,negative,sentihin,0
गोलकीपर के सेमीफाइनल में कमाल का प्रदर्शन से टीम को फायदा हुआ।,positive,sports,2
लंबे ब्रेक के बाद टेनिस स्टार क्वार्टरफाइनल से पहले प्रशिक्षण कर रहा है।,neutral,sports,1
मुझे वहाँ की व्यवस्था उबाऊ लगी।,negative,sentihin,0
लंबे ब्रेक के बाद खिलाड़ी का दौड़ में खराब खेल टीम पर भारी पड़ा।,negative,sports,0
भारतीय शटलर ने मुकाबला में कमजोर प्रदर्शन किया और दबाव में बिखर गई।,negative,sports,0
सारा प्लान बिगड़ गया।,negative,sentihin,0
युवा एथलीट ने प्रतियोगिता में धमाकेदार खेल दिखाया और टीम को जीत दिलाई।,positive,sports,2
टूर्नामेंट के अहम चरण में भारतीय खिलाड़ी ने सेट में कमाल का खेल दिखाकर जीत दर्ज की।,positive,sports,2
जोड़ी ने सेट में निराश करने वाला खेल दिखाया और टीम को नुकसान हुआ।,negative,sports,0
इवेंट लंबे ब्रेक के बाद आयोजित होगा और धाविका इसमें हिस्सा लेगा।,neutral,sports,1
घरेलू मैदान पर रेडर फाइनल से पहले प्रशिक्षण कर रहा है।,neutral,sports,1
आपकी सोच सदा प्रेरणा देती है।,positive,sentihin,2
कप्तान फाइनल के लिए अभ्यास सत्र में शामिल हुई।,neutral,sports,1
लगातार तीसरे मैच में युवा एथलीट ने दौड़ में जबरदस्त खेल दिखाकर जीत दर्ज की।,positive,sports,2
कप्तान ने रन चेज में शानदार प्रदर्शन करते हुए महत्वपूर्ण योगदान दिया।,positive,sports,2
लगातार तीसरे मैच में टेनिस स्टार ने क्वार्टरफाइनल से पहले प्रशिक्षण पूरा किया।,neutral,sports,1
भारतीय खिलाड़ी मैच के लिए अभ्यास सत्र में शामिल हुई।,neutral,sports,1
दबाव वाले मुकाबले में खिलाड़ी ने प्रतियोगिता में यादगार खेल दिखाकर महत्वपूर्ण योगदान दिया।,positive,sports,2
महत्वपूर्ण मौके पर गेंदबाज ने पारी में बेहतरीन तालमेल के साथ जीत हासिल की।,positive,sports,2
हॉकी टीम ने लीग मैच में फीका प्रदर्शन किया और दबाव में बिखर गई।,negative,sports,0
प्रशंसकों के सामने युवा खिलाड़ी ने फाइनल में उत्कृष्ट खेल दिखाकर महत्वपूर्ण योगदान दिया।,positive,sports,2
विकेटकीपर की पारी में कमजोर रणनीति काम नहीं आई।,negative,sports,0
टूर्नामेंट के अहम चरण में भारतीय खिलाड़ी ने फाइनल में उत्कृष्ट खेल दिखाकर लगातार अच्छा प्रदर्शन किया।,positive,sports,2
कप्तान सेट के लिए रणनीति पर चर्चा कर रही है।,neutral,sports,1
भारत ने पारी में बेअसर प्रदर्शन किया और बढ़त गंवा दी।,negative,sports,0
यह निर्णय मेरे खिलाफ है।,negative,sentihin,0
Match se pehle Team ne easy chance miss karke match gawa diya,negative,sports,0
लगातार तीसरे मैच में चैंपियन का मैच में असंगत खेल टीम पर भारी पड़ा।,negative,sports,0
प्रशंसकों के सामने टेनिस स्टार ने मुकाबला से पहले प्रशिक्षण पूरा किया।,neutral,sports,1
निर्णायक मैच में टेनिस स्टार क्वार्टरफाइनल से पहले प्रशिक्षण कर रहा है।,neutral,sports,1
दौड़ इस मुकाबले में आयोजित होगा और युवा एथलीट इसमें हिस्सा लेगा।,neutral,sports,1
Pressure ke beech Team ne match apne naam kar liya,positive,sports,2
सेमीफाइनल इस मुकाबले में आयोजित होगा और क्लब इसमें हिस्सा लेगा।,neutral,sports,1
रन चेज इस मुकाबले में आयोजित होगा और विकेटकीपर इसमें हिस्सा लेगा।,neutral,sports,1
टूर्नामेंट के अहम चरण में बल्लेबाज ने ओवर में जबरदस्त खेल दिखाकर महत्वपूर्ण योगदान दिया।,positive,sports,2
भारत ने मैच में कमजोर प्रदर्शन किया और बढ़त गंवा दी।,negative,sports,0
मैच निर्णायक मैच में आयोजित होगा और भारतीय शटलर इसमें हिस्सा लेगा।,neutral,sports,1
दबाव वाले मुकाबले में भारतीय धावक का रेस में खराब खेल टीम पर भारी पड़ा।,negative,sports,0
महत्वपूर्ण मौके पर खिलाड़ी का मुकाबला में फीका खेल टीम पर भारी पड़ा।,negative,sports,0
खिलाड़ी इवेंट के लिए अभ्यास सत्र में शामिल हुई।,neutral,sports,1
भारतीय टीम ने मुकाबला के दौरान लगातार बेहतर निर्णय लिए।,positive,sports,2
सेमीफाइनल टूर्नामेंट के अहम चरण में आयोजित होगा और डिफेंडर इसमें हिस्सा लेगा।,neutral,sports,1
मुझे इसमें कोई नया अनुभव नहीं हुआ।,neutral,sentihin,1
प्रशंसकों के सामने गोलकीपर मुकाबला से पहले प्रशिक्षण कर रहा है।,neutral,sports,1
प्रशंसकों के सामने डिफेंडर ने मुकाबला से पहले प्रशिक्षण पूरा किया।,neutral,sports,1
टेनिस स्टार ने क्वार्टरफाइनल में बेअसर प्रदर्शन किया और उम्मीदों पर खरी नहीं उतरी।,negative,sports,0
टूर्नामेंट के अहम चरण में भारतीय खिलाड़ी ने मैच में लाजवाब खेल दिखाकर जीत दर्ज की।,positive,sports,2
लंबे ब्रेक के बाद डिफेंडर ने लीग मैच में यादगार खेल दिखाकर दबदबा कायम रखा।,positive,sports,2
आज खिलाड़ी क्वार्टरफाइनल से पहले प्रशिक्षण कर रहा है।,neutral,sports,1
घरेलू मैदान पर दोनों टीमों ने मैच से पहले प्रशिक्षण किया।,neutral,sports,1
निर्णायक मैच में खिलाड़ी ने क्वार्टरफाइनल में उत्कृष्ट खेल दिखाकर दबदबा कायम रखा।,positive,sports,2
लगातार तीसरे मैच में खिलाड़ी ने मैच में यादगार खेल दिखाकर लगातार अच्छा प्रदर्शन किया।,positive,sports,2
लगातार तीसरे मैच में डिफेंडर ने मुकाबला में कई आसान मौके गंवाए।,negative,sports,0
मुकाबला निर्णायक मैच में आयोजित होगा और बल्लेबाज इसमें हिस्सा लेगा।,neutral,sports,1
प्रशंसकों के सामने गोलकीपर ने मुकाबला में शानदार खेल दिखाकर जीत दर्ज की।,positive,sports,2
बल्लेबाज की मुकाबला में बेअसर रणनीति काम नहीं आई।,negative,sports,0
टूर्नामेंट के अहम चरण में भारतीय टीम का मुकाबला में लचर खेल टीम पर भारी पड़ा।,negative,sports,0
सेमीफाइनल आज आयोजित होगा और कप्तान इसमें हिस्सा लेगा।,neutral,sports,1
तुम्हारी मेहनत प्रेरणादायक है।,positive,sentihin,2
यह कंप्यूटर बहुत पुराना और अनुपयोगी है।,negative,sentihin,0
विकेटकीपर ने रन चेज में निराश करने वाला प्रदर्शन किया और महत्वपूर्ण मौका गंवाया।,negative,sports,0
मैच लंबे ब्रेक के बाद आयोजित होगा और खिलाड़ी इसमें हिस्सा लेगा।,neutral,sports,1
फाइनल इस मुकाबले में आयोजित होगा और जोड़ी इसमें हिस्सा लेगा।,neutral,sports,1
एथलीट इवेंट के लिए रणनीति पर चर्चा कर रही है।,neutral,sports,1
मैं इस परिस्थिति से हताश हूं।,negative,sentihin,0
इस मुकाबले में कप्तान ने फाइनल में यादगार खेल दिखाकर मुश्किल स्थिति से बाहर निकली।,positive,sports,2
आपकी मेहनत से यह काम बहुत अच्छे से पूरा हुआ।,positive,sentihin,2
घरेलू मैदान पर कप्तान का मुकाबला में बेअसर खेल टीम पर भारी पड़ा।,negative,sports,0
घरेलू मैदान पर क्लब का सेमीफाइनल में लचर खेल टीम पर भारी पड़ा।,negative,sports,0
भारतीय टीम ने लीग मैच में शानदार प्रदर्शन करते हुए जीत दर्ज की।,positive,sports,2
दबाव वाले मुकाबले में गोलकीपर ने फाइनल में जबरदस्त खेल दिखाकर मुकाबला अपने नाम कर लिया।,positive,sports,2
इस मुकाबले में भारतीय खिलाड़ी ने फाइनल में शानदार खेल दिखाकर मुकाबला अपने नाम कर लिया।,positive,sports,2
महत्वपूर्ण मौके पर भारतीय टीम पारी से पहले प्रशिक्षण कर रहा है।,neutral,sports,1
फाइनल इस मुकाबले में आयोजित होगा और रेडर इसमें हिस्सा लेगा।,neutral,sports,1
भारतीय टीम ने सेमीफाइनल में असंगत प्रदर्शन किया और अपनी लय खो दी।,negative,sports,0
आज टेनिस स्टार मुकाबला से पहले प्रशिक्षण कर रहा है।,neutral,sports,1
टूर्नामेंट के अहम चरण में भारत ने पारी से पहले प्रशिक्षण पूरा किया।,neutral,sports,1
प्रशंसकों के सामने हॉकी टीम ने सेमीफाइनल में शानदार खेल दिखाकर जीत दर्ज की।,positive,sports,2
दबाव वाले मुकाबले में फॉरवर्ड ने फाइनल में यादगार खेल दिखाकर शानदार वापसी की।,positive,sports,2
मैच निर्णायक मैच में आयोजित होगा और रेडर इसमें हिस्सा लेगा।,neutral,sports,1
निर्णायक मैच में भारतीय टीम मैच से पहले प्रशिक्षण कर रहा है।,neutral,sports,1
कप्तान ने लीग मैच में लचर प्रदर्शन किया और महत्वपूर्ण मौका गंवाया।,negative,sports,0
खिलाड़ी ने मुकाबला में निराश करने वाला खेल दिखाया और टीम को नुकसान हुआ।,negative,sports,0
घरेलू मैदान पर गोलकीपर ने सेमीफाइनल में उत्कृष्ट खेल दिखाकर मुकाबला अपने नाम कर लिया।,positive,sports,2
आज विकेटकीपर ने पारी में बेहतरीन खेल दिखाकर जीत दर्ज की।,positive,sports,2
दबाव वाले मुकाबले में गोलकीपर का लीग मैच में निराशाजनक खेल टीम पर भारी पड़ा।,negative,sports,0
कप्तान ने मैच के लिए तैयारी शुरू कर दी।,neutral,sports,1
निर्णायक मैच में कप्तान रन चेज से पहले प्रशिक्षण कर रहा है।,neutral,sports,1
महत्वपूर्ण मौके पर भारतीय टीम का ओवर में कमजोर खेल टीम पर भारी पड़ा।,negative,sports,0
मुझे यह काम बहुत कठिन और थकाऊ लगता है।,negative,sentihin,0
टूर्नामेंट के अहम चरण में कप्तान सेमीफाइनल से पहले प्रशिक्षण कर रहा है।,neutral,sports,1
घरेलू मैदान पर डिफेंडर ने लीग मैच में यादगार खेल दिखाकर लगातार अच्छा प्रदर्शन किया।,positive,sports,2
डिफेंडर फाइनल के लिए रणनीति पर चर्चा कर रही है।,neutral,sports,1
महत्वपूर्ण मौके पर भारतीय टीम ने मुकाबला में धमाकेदार खेल दिखाकर मुकाबला अपने नाम कर लिया।,positive,sports,2
आज खिलाड़ी ने गेम में उत्कृष्ट खेल दिखाकर लगातार अच्छा प्रदर्शन किया।,positive,sports,2
घरेलू मैदान पर भारतीय धावक ने प्रतियोगिता में उत्कृष्ट खेल दिखाकर मुकाबला अपने नाम कर लिया।,positive,sports,2
गेंदबाज ने रन चेज में कमजोर प्रदर्शन किया और उम्मीदों पर खरी नहीं उतरी।,negative,sports,0
दबाव वाले मुकाबले में खिलाड़ी ने मुकाबला में जबरदस्त खेल दिखाकर मुश्किल स्थिति से बाहर निकली।,positive,sports,2
उसकी कठोर भाषा ने सबके सामने मेरा अपमान किया।,negative,sentihin,0
एथलीट ने फाइनल में खराब प्रदर्शन किया और अपनी लय खो दी।,negative,sports,0
मुझे यह स्वाद अच्छा नहीं लगा।,negative,sentihin,0
डिफेंडर ने लीग मैच में लचर प्रदर्शन किया और लगातार गलतियां कीं।,negative,sports,0
इस अवसर ने मुझे आत्मविश्वास दिया।,positive,sentihin,2
निर्णायक मैच में कप्तान ने सेट में शानदार खेल दिखाकर जीत दर्ज की।,positive,sports,2
चैंपियन फाइनल के लिए टूर्नामेंट में हिस्सा ले रही है।,neutral,sports,1
खिलाड़ी ने गेम में कमजोर प्रदर्शन किया और उम्मीदों पर खरी नहीं उतरी।,negative,sports,0
लगातार तीसरे मैच में एथलीट प्रतियोगिता से पहले प्रशिक्षण कर रहा है।,neutral,sports,1
फाइनल आज आयोजित होगा और क्लब इसमें हिस्सा लेगा।,neutral,sports,1
निर्णायक मैच में क्लब सेमीफाइनल से पहले प्रशिक्षण कर रहा है।,neutral,sports,1
क्वार्टरफाइनल दबाव वाले मुकाबले में आयोजित होगा और टेनिस स्टार इसमें हिस्सा लेगा।,neutral,sports,1
दबाव वाले मुकाबले में हॉकी टीम ने लीग मैच में शानदार खेल दिखाकर शानदार वापसी की।,positive,sports,2
इस मुकाबले में भारतीय टीम ने लीग मैच में धमाकेदार खेल दिखाकर मुकाबला अपने नाम कर लिया।,positive,sports,2
टूर्नामेंट के अहम चरण में हॉकी टीम ने मुकाबला में कमाल का खेल दिखाकर लगातार अच्छा प्रदर्शन किया।,positive,sports,2
महत्वपूर्ण मौके पर क्लब ने लीग मैच में शानदार खेल दिखाकर मुश्किल स्थिति से बाहर निकली।,positive,sports,2
तुम्हारे सहयोग से ही मैंने यह काम सफलतापूर्वक पूरा किया।,positive,sentihin,2
यह उपलब्धि गर्व की बात है।,positive,sentihin,2
गेंदबाज पारी के लिए अभ्यास सत्र में शामिल हुई।,neutral,sports,1
सेट दबाव वाले मुकाबले में आयोजित होगा और भारतीय खिलाड़ी इसमें हिस्सा लेगा।,neutral,sports,1
लगातार तीसरे मैच में भारतीय खिलाड़ी मैच से पहले प्रशिक्षण कर रहा है।,neutral,sports,1
प्रशंसकों के सामने भारतीय टीम ने ओवर से पहले प्रशिक्षण पूरा किया।,neutral,sports,1
लगातार तीसरे मैच में बल्लेबाज ने पारी में उत्कृष्ट खेल दिखाकर महत्वपूर्ण योगदान दिया।,positive,sports,2
यह अनुभव पूरी तरह असफल था।,negative,sentihin,0
आपका समर्थन मेरी ताकत है।,positive,sentihin,2
इस मुकाबले में विकेटकीपर ने सीरीज में धमाकेदार खेल दिखाकर मुश्किल स्थिति से बाहर निकली।,positive,sports,2
यह नया गाना दिल को छू लेता है।,positive,sentihin,2
भारतीय टीम अगले मैच से पहले कोच के साथ बैठक करेगा।,neutral,sports,1
फॉरवर्ड मुकाबला के लिए मैच के लिए रवाना हुई।,neutral,sports,1
इस मुकाबले में हॉकी टीम ने सेमीफाइनल में यादगार खेल दिखाकर लगातार अच्छा प्रदर्शन किया।,positive,sports,2
भारत ने ओवर में निराशाजनक खेल दिखाया और टीम को नुकसान हुआ।,negative,sports,0
यह निर्णय निराशाजनक रहा।,negative,sentihin,0
प्रशंसकों के सामने खिलाड़ी का फाइनल में लचर खेल टीम पर भारी पड़ा।,negative,sports,0
रेडर प्लेऑफ के लिए टूर्नामेंट में हिस्सा ले रही है।,neutral,sports,1
टूर्नामेंट के अहम चरण में डिफेंडर का मैच में लचर खेल टीम पर भारी पड़ा।,negative,sports,0
डिफेंडर प्लेऑफ के लिए टूर्नामेंट में हिस्सा ले रही है।,neutral,sports,1
उस होटल का खाना लाजवाब था।,positive,sentihin,2
फॉरवर्ड सेमीफाइनल के लिए प्रशिक्षण जारी रखे हुए है।,neutral,sports,1
निर्णायक मैच में बल्लेबाज मैच से पहले प्रशिक्षण कर रहा है।,neutral,sports,1
रेडर ने मैच में फीका प्रदर्शन किया और महत्वपूर्ण मौका गंवाया।,negative,sports,0
प्रशंसकों के सामने कप्तान का पारी में कमजोर खेल टीम पर भारी पड़ा।,negative,sports,0
लंबे ब्रेक के बाद भारतीय खिलाड़ी का मुकाबला में फीका खेल टीम पर भारी पड़ा।,negative,sports,0
लंबे ब्रेक के बाद खिलाड़ी का फाइनल में फीका खेल टीम पर भारी पड़ा।,negative,sports,0
कप्तान ने लीग मैच में खराब प्रदर्शन किया और बढ़त गंवा दी।,negative,sports,0
दबाव वाले मुकाबले में धाविका फाइनल से पहले प्रशिक्षण कर रहा है।,neutral,sports,1
मैं रोज़ाना अपने पालतू जानवर के साथ खेलता हूं।,neutral,sentihin,1
निर्णायक मैच में फॉरवर्ड ने सेमीफाइनल में धमाकेदार खेल दिखाकर मुश्किल स्थिति से बाहर निकली।,positive,sports,2
मेरा घर यहां से दो किलोमीटर दूर है।,neutral,sentihin,1
निर्णायक मैच में हॉकी टीम ने मुकाबला में लाजवाब खेल दिखाकर मुश्किल स्थिति से बाहर निकली।,positive,sports,2
मुझे इस विषय पर कोई विशेष उत्साह नहीं था।,neutral,sentihin,1
लंबे ब्रेक के बाद खिलाड़ी ने मुकाबला में बेहतरीन तालमेल के साथ जीत हासिल की।,positive,sports,2
इस मुकाबले में कप्तान ने रन चेज में जबरदस्त खेल दिखाकर मुश्किल स्थिति से बाहर निकली।,positive,sports,2
फॉरवर्ड ने सेमीफाइनल में फीका प्रदर्शन किया और दबाव में बिखर गई।,negative,sports,0
महत्वपूर्ण मौके पर गेंदबाज ने मैच में जबरदस्त खेल दिखाकर मुश्किल स्थिति से बाहर निकली।,positive,sports,2
यह अनुभव बेहद खराब था।,negative,sentihin,0
घरेलू मैदान पर भारतीय टीम ने प्लेऑफ में धमाकेदार खेल दिखाकर दबदबा कायम रखा।,positive,sports,2
निर्णायक मैच में खिलाड़ी ने सेट में लाजवाब खेल दिखाकर जीत दर्ज की।,positive,sports,2
मुझे उसकी भाषा आपत्तिजनक लगी।,negative,sentihin,0
इस विषय पर मेरी कोई ठोस धारणा नहीं है।,neutral,sentihin,1
घरेलू मैदान पर खिलाड़ी ने सेट से पहले प्रशिक्षण पूरा किया।,neutral,sports,1
लगातार तीसरे मैच में एथलीट का इवेंट में निराशाजनक खेल टीम पर भारी पड़ा।,negative,sports,0
डिफेंडर फाइनल के लिए अभ्यास सत्र में शामिल हुई।,neutral,sports,1
तुम्हारे विचारों में गहरी समझ और परिपक्वता है।,positive,sentihin,2
लगातार तीसरे मैच में खिलाड़ी ने लीग मैच में कमाल का खेल दिखाकर शानदार वापसी की।,positive,sports,2
मैं रोज़ाना दांत साफ करता हूं।,neutral,sentihin,1
टूर्नामेंट के अहम चरण में खिलाड़ी का मैच में फीका खेल टीम पर भारी पड़ा।,negative,sports,0
दबाव वाले मुकाबले में रेडर का फाइनल में खराब खेल टीम पर भारी पड़ा।,negative,sports,0
इस विषय पर कोई निश्चित मत नहीं है।,neutral,sentihin,1
घरेलू मैदान पर कप्तान का मैच में बेअसर खेल टीम पर भारी पड़ा।,negative,sports,0
यह सेवा इतनी खराब थी कि मुझे बार बार शिकायत करनी पड़ी।,negative,sentihin,0
भारतीय टीम की लीग मैच में असंगत रणनीति काम नहीं आई।,negative,sports,0
दबाव वाले मुकाबले में एथलीट का फाइनल में फीका खेल टीम पर भारी पड़ा।,negative,sports,0
युवा शटलर ने फाइनल में खराब प्रदर्शन किया और दबाव में बिखर गई।,negative,sports,0
इस पर कुछ भी कहना कठिन लग रहा है।,neutral,sentihin,1
लंबे ब्रेक के बाद भारतीय टीम ने मैच से पहले प्रशिक्षण पूरा किया।,neutral,sports,1
भारतीय खिलाड़ी ने सेट के लिए तैयारी शुरू कर दी।,neutral,sports,1
इस मुकाबले में युवा एथलीट ने दौड़ में कई आसान मौके गंवाए।,negative,sports,0
महत्वपूर्ण मौके पर गेंदबाज पारी से पहले प्रशिक्षण कर रहा है।,neutral,sports,1
घरेलू मैदान पर फॉरवर्ड ने सेमीफाइनल में शानदार खेल दिखाकर जीत दर्ज की।,positive,sports,2
फॉरवर्ड ने सेमीफाइनल में खराब प्रदर्शन किया और उम्मीदों पर खरी नहीं उतरी।,negative,sports,0
आपकी सलाह ने मेरी मदद की।,positive,sentihin,2
दबाव वाले मुकाबले में भारतीय खिलाड़ी ने क्वार्टरफाइनल में धमाकेदार खेल दिखाकर मुश्किल स्थिति से बाहर निकली।,positive,sports,2
घरेलू मैदान पर धाविका का प्रतियोगिता में असंगत खेल टीम पर भारी पड़ा।,negative,sports,0
इस मुकाबले में डिफेंडर मुकाबला से पहले प्रशिक्षण कर रहा है।,neutral,sports,1
दबाव वाले मुकाबले में भारतीय टीम प्लेऑफ से पहले प्रशिक्षण कर रहा है।,neutral,sports,1
एथलीट ने फाइनल में निराशाजनक प्रदर्शन किया और मुकाबला गंवा दिया।,negative,sports,0
इस मुकाबले में विकेटकीपर का पारी में बेअसर खेल टीम पर भारी पड़ा।,negative,sports,0
महत्वपूर्ण मौके पर एथलीट का प्रतियोगिता में असंगत खेल टीम पर भारी पड़ा।,negative,sports,0
भारतीय धावक ने इवेंट के लिए तैयारी शुरू कर दी।,neutral,sports,1
घरेलू मैदान पर फॉरवर्ड फाइनल से पहले प्रशिक्षण कर रहा है।,neutral,sports,1
इस मुद्दे पर मेरी स्थिति तटस्थ ही बनी हुई है।,neutral,sentihin,1
मुझे वहाँ की व्यवस्था असंतोषजनक लगी।,negative,sentihin,0
निर्णायक मैच में भारतीय धावक का इवेंट में फीका खेल टीम पर भारी पड़ा।,negative,sports,0
जोड़ी ने मुकाबला के लिए यात्रा कार्यक्रम साझा किया।,neutral,sports,1
निर्णायक मैच में जोड़ी का मैच में कमजोर खेल टीम पर भारी पड़ा।,negative,sports,0
एथलीट ने प्रतियोगिता में कमजोर प्रदर्शन किया और अपनी लय खो दी।,negative,sports,0
इस मुकाबले में डिफेंडर का फाइनल में असंगत खेल टीम पर भारी पड़ा।,negative,sports,0
लंबे ब्रेक के बाद रेडर ने फाइनल में यादगार खेल दिखाकर शानदार वापसी की।,positive,sports,2
युवा शटलर की गेम में लचर रणनीति काम नहीं आई।,negative,sports,0
घरेलू मैदान पर भारतीय शटलर सेट से पहले प्रशिक्षण कर रहा है।,neutral,sports,1
यह अनुभव बहुत दुखदायी था।,negative,sentihin,0
घरेलू मैदान पर जोड़ी ने फाइनल से पहले प्रशिक्षण पूरा किया।,neutral,sports,1
महत्वपूर्ण मौके पर कप्तान ने सीरीज में कई आसान मौके गंवाए।,negative,sports,0
टूर्नामेंट के अहम चरण में चैंपियन ने मैच में जबरदस्त खेल दिखाकर जीत दर्ज की।,positive,sports,2
रेडर फाइनल के लिए अभ्यास सत्र में शामिल हुई।,neutral,sports,1
रेडर ने प्लेऑफ में निराश करने वाला प्रदर्शन किया और बढ़त गंवा दी।,negative,sports,0
क्लब अगले लीग मैच से पहले कोच के साथ बैठक करेगा।,neutral,sports,1
प्रशंसकों के सामने खिलाड़ी ने क्वार्टरफाइनल में धमाकेदार खेल दिखाकर शानदार वापसी की।,positive,sports,2
तुम्हारा यह व्यवहार सुंदर है।,positive,sentihin,2
तुम्हारा साथ हर समय हिम्मत और प्रेरणा देता है।,positive,sentihin,2
भारतीय धावक ने इवेंट में फीका प्रदर्शन किया और बढ़त गंवा दी।,negative,sports,0
लगातार तीसरे मैच में हॉकी टीम ने लीग मैच से पहले प्रशिक्षण पूरा किया।,neutral,sports,1
लीग मैच लगातार तीसरे मैच में आयोजित होगा और गोलकीपर इसमें हिस्सा लेगा।,neutral,sports,1
आपके शब्द मेरे लिए प्रेरणा हैं।,positive,sentihin,2
एथलीट ने रेस में निराशाजनक प्रदर्शन किया और लगातार गलतियां कीं।,negative,sports,0
दबाव वाले मुकाबले में कप्तान का मुकाबला में लचर खेल टीम पर भारी पड़ा।,negative,sports,0
लंबे ब्रेक के बाद भारत का मुकाबला में निराश करने वाला खेल टीम पर भारी पड़ा।,negative,sports,0
खिलाड़ी दौड़ के लिए अगले दौर के लिए पहुंची।,neutral,sports,1
इस मुकाबले में विकेटकीपर का ओवर में बेअसर खेल टीम पर भारी पड़ा।,negative,sports,0
महत्वपूर्ण मौके पर डिफेंडर का फाइनल में खराब खेल टीम पर भारी पड़ा।,negative,sports,0
निर्णायक मैच में भारतीय टीम का फाइनल में निराश करने वाला खेल टीम पर भारी पड़ा।,negative,sports,0
आज शुक्रवार है।,neutral,sentihin,1
वह सैर बहुत आनंददायक थी।,positive,sentihin,2
खिलाड़ी ने रेस में शानदार प्रदर्शन करते हुए मुश्किल स्थिति से बाहर निकली।,positive,sports,2
मैं रोज़ाना फल खाता हूं।,neutral,sentihin,1
मैं इस समस्या से परेशान हूं।,negative,sentihin,0
गोलकीपर ने सेमीफाइनल में बेअसर प्रदर्शन किया और दबाव में बिखर गई।,negative,sports,0
लंबे ब्रेक के बाद फॉरवर्ड का मुकाबला में कमजोर खेल टीम पर भारी पड़ा।,negative,sports,0
टूर्नामेंट के अहम चरण में विकेटकीपर ने रन चेज में उत्कृष्ट खेल दिखाकर दबदबा कायम रखा।,positive,sports,2
इस अवसर ने मुझे अपनी क्षमताओं को पहचानने का मौका दिया।,positive,sentihin,2
आज डिफेंडर ने सेमीफाइनल में जबरदस्त खेल दिखाकर शानदार वापसी की।,positive,sports,2
उसका व्यवहार मुझे बार बार हतोत्साहित कर रहा है।,negative,sentihin,0
कप्तान ने मैच में बेअसर प्रदर्शन किया और लगातार गलतियां कीं।,negative,sports,0
मैच महत्वपूर्ण मौके पर आयोजित होगा और भारतीय शटलर इसमें हिस्सा लेगा।,neutral,sports,1
भारत ने मुकाबला में बेअसर खेल दिखाया और टीम को नुकसान हुआ।,negative,sports,0
यह निर्णय मेरे लिए सहज था,neutral,sentihin,1
कप्तान ने मुकाबला में निराश करने वाला प्रदर्शन किया और उम्मीदों पर खरी नहीं उतरी।,negative,sports,0
दबाव वाले मुकाबले में धाविका ने प्रतियोगिता में यादगार खेल दिखाकर लगातार अच्छा प्रदर्शन किया।,positive,sports,2
रेडर ने प्लेऑफ में बेहतरीन प्रदर्शन करते हुए दबदबा कायम रखा।,positive,sports,2
महत्वपूर्ण मौके पर क्लब लीग मैच से पहले प्रशिक्षण कर रहा है।,neutral,sports,1
कप्तान की फाइनल में कमजोर रणनीति काम नहीं आई।,negative,sports,0
टूर्नामेंट में खिलाड़ी लगातार अपनी लय खोते रहे।,negative,sports,0
टूर्नामेंट के अहम चरण में भारतीय शटलर मुकाबला से पहले प्रशिक्षण कर रहा है।,neutral,sports,1
घरेलू मैदान पर डिफेंडर ने मैच में शानदार खेल दिखाकर मुकाबला अपने नाम कर लिया।,positive,sports,2
प्रशंसकों के सामने खिलाड़ी का गेम में निराशाजनक खेल टीम पर भारी पड़ा।,negative,sports,0
वह सेवा अत्यधिक सराहनीय थी।,positive,sentihin,2
डिफेंडर ने मैच के लिए तैयारी शुरू कर दी।,neutral,sports,1
टूर्नामेंट के अहम चरण में कप्तान ने मैच में शानदार खेल दिखाकर दबदबा कायम रखा।,positive,sports,2
तुम्हारी मुस्कान प्यारी है।,positive,sentihin,2
प्रशंसकों के सामने भारतीय टीम ने मुकाबला में यादगार खेल दिखाकर मुश्किल स्थिति से बाहर निकली।,positive,sports,2
महत्वपूर्ण मौके पर डिफेंडर का लीग मैच में लचर खेल टीम पर भारी पड़ा।,negative,sports,0
चैंपियन गेम के लिए प्रशिक्षण जारी रखे हुए है।,neutral,sports,1
लगातार तीसरे मैच में डिफेंडर ने सेमीफाइनल से पहले प्रशिक्षण पूरा किया।,neutral,sports,1
यह यात्रा एकदम असफल रही।,negative,sentihin,0
मैच इस मुकाबले में आयोजित होगा और खिलाड़ी इसमें हिस्सा लेगा।,neutral,sports,1
खिलाड़ी ने रेस में निराश करने वाला प्रदर्शन किया और उम्मीदों पर खरी नहीं उतरी।,negative,sports,0
टूर्नामेंट के अहम चरण में भारतीय टीम मैच से पहले प्रशिक्षण कर रहा है।,neutral,sports,1
टूर्नामेंट के अहम चरण में क्लब ने मुकाबला में धमाकेदार खेल दिखाकर दबदबा कायम रखा।,positive,sports,2
यह प्रोडक्ट उपयोगी है,positive,sentihin,2
कप्तान ने क्वार्टरफाइनल में शानदार प्रदर्शन करते हुए मुश्किल स्थिति से बाहर निकली।,positive,sports,2
निर्णायक मैच में खिलाड़ी ने प्लेऑफ में शानदार खेल दिखाकर मुश्किल स्थिति से बाहर निकली।,positive,sports,2
इस मुकाबले में डिफेंडर ने मुकाबला में कमाल का खेल दिखाकर मुश्किल स्थिति से बाहर निकली।,positive,sports,2
भारतीय शटलर ने सेट में खराब प्रदर्शन किया और महत्वपूर्ण मौका गंवाया।,negative,sports,0
गोलकीपर ने लीग मैच के लिए नया अभ्यास कार्यक्रम शुरू किया।,neutral,sports,1
तुम्हारे प्रयास सराहनीय हैं।,positive,sentihin,2
युवा एथलीट ने दौड़ में खराब प्रदर्शन किया और दबाव में बिखर गई।,negative,sports,0
यह फोन साधारण है,neutral,sentihin,1
दबाव वाले मुकाबले में भारतीय टीम ने फाइनल में उत्कृष्ट खेल दिखाकर मुकाबला अपने नाम कर लिया।,positive,sports,2
तुम्हारे साथ समय बिताना सुखद है।,positive,sentihin,2
जोड़ी गेम के लिए अगले मुकाबले की तैयारी कर रही है।,neutral,sports,1
आज एथलीट ने प्रतियोगिता में बेहतरीन खेल दिखाकर मुकाबला अपने नाम कर लिया।,positive,sports,2
इस मुकाबले में युवा शटलर ने मुकाबला में जबरदस्त खेल दिखाकर मुकाबला अपने नाम कर लिया।,positive,sports,2
मेरे दोस्त की शादी बहुत शानदार थी।,positive,sentihin,2
भारतीय खिलाड़ी ने मुकाबला में निराश करने वाला प्रदर्शन किया और मुकाबला गंवा दिया।,negative,sports,0
प्रशंसकों के सामने धाविका ने प्रतियोगिता में जबरदस्त खेल दिखाकर लगातार अच्छा प्रदर्शन किया।,positive,sports,2
गेंदबाज ने ओवर में उत्कृष्ट प्रदर्शन करते हुए दबदबा कायम रखा।,positive,sports,2
आज भारतीय धावक ने प्रतियोगिता में धमाकेदार खेल दिखाकर मुश्किल स्थिति से बाहर निकली।,positive,sports,2
घरेलू मैदान पर भारतीय टीम का रन चेज में बेअसर खेल टीम पर भारी पड़ा।,negative,sports,0
तुम्हारी मेहनत से ही यह असंभव काम संभव हो सका।,positive,sentihin,2
आज डिफेंडर ने फाइनल में कमाल का खेल दिखाकर शानदार वापसी की।,positive,sports,2
निर्णायक मैच में भारतीय टीम का मैच में लचर खेल टीम पर भारी पड़ा।,negative,sports,0
महत्वपूर्ण मौके पर खिलाड़ी ने गेम में शानदार खेल दिखाकर मुश्किल स्थिति से बाहर निकली।,positive,sports,2
गोलकीपर की टीम मुकाबला के लिए अपनी अंतिम सूची तैयार कर रही है।,neutral,sports,1
आज हवा चल रही है।,neutral,sentihin,1
प्रशंसकों के सामने रेडर ने लीग मैच में कमाल का खेल दिखाकर महत्वपूर्ण योगदान दिया।,positive,sports,2
इस विषय पर मेरी कोई खास राय नहीं है।,neutral,sentihin,1
आपका समर्थन मेरे लिए आत्मबल है।,positive,sentihin,2
भारतीय टीम पारी के लिए मैच के लिए रवाना हुई।,neutral,sports,1
एथलीट अगले फाइनल से पहले कोच के साथ बैठक करेगा।,neutral,sports,1
यह यात्रा मेरे लिए जीवन का एक सुंदर अनुभव रही।,positive,sentihin,2
चैंपियन मुकाबला के लिए अगले मुकाबले की तैयारी कर रही है।,neutral,sports,1
आपकी मुस्कान दिल को छू जाती है।,positive,sentihin,2
भारतीय टीम ने मैच में कमजोर प्रदर्शन किया और उम्मीदों पर खरी नहीं उतरी।,negative,sports,0
फाइनल निर्णायक मैच में आयोजित होगा और खिलाड़ी इसमें हिस्सा लेगा।,neutral,sports,1
आज भारतीय शटलर ने मैच में बेहतरीन खेल दिखाकर शानदार वापसी की।,positive,sports,2
कप्तान ने मैच में लाजवाब प्रदर्शन करते हुए मुश्किल स्थिति से बाहर निकली।,positive,sports,2
दबाव वाले मुकाबले में कप्तान का ओवर में लचर खेल टीम पर भारी पड़ा।,negative,sports,0
महत्वपूर्ण मौके पर गोलकीपर ने मुकाबला में धमाकेदार खेल दिखाकर शानदार वापसी की।,positive,sports,2
भारतीय खिलाड़ी मैच के लिए प्रशिक्षण जारी रखे हुए है।,neutral,sports,1
मुझे इस विषय पर कोई बात नहीं करनी।,neutral,sentihin,1
भारतीय धावक दौड़ के लिए अगले दौर के लिए पहुंची।,neutral,sports,1
बाहर बारिश हो रही है।,neutral,sentihin,1
इस मुकाबले में भारतीय टीम ने लीग मैच में कमाल का खेल दिखाकर महत्वपूर्ण योगदान दिया।,positive,sports,2
टूर्नामेंट के अहम चरण में कप्तान ने पारी में कमाल का खेल दिखाकर मुकाबला अपने नाम कर लिया।,positive,sports,2
प्रशंसकों के सामने कप्तान का सीरीज में निराश करने वाला खेल टीम पर भारी पड़ा।,negative,sports,0
महत्वपूर्ण मौके पर डिफेंडर ने फाइनल में धमाकेदार खेल दिखाकर मुकाबला अपने नाम कर लिया।,positive,sports,2
प्रशंसकों के सामने भारतीय खिलाड़ी ने क्वार्टरफाइनल में जबरदस्त खेल दिखाकर शानदार वापसी की।,positive,sports,2
टूर्नामेंट के अहम चरण में भारतीय शटलर ने गेम में जबरदस्त खेल दिखाकर मुकाबला अपने नाम कर लिया।,positive,sports,2
कप्तान सीरीज के लिए अगले मुकाबले की तैयारी कर रही है।,neutral,sports,1
युवा शटलर की टीम मैच के लिए अपनी अंतिम सूची तैयार कर रही है।,neutral,sports,1
आज चैंपियन का फाइनल में फीका खेल टीम पर भारी पड़ा।,negative,sports,0
लंबे ब्रेक के बाद भारतीय टीम का सेमीफाइनल में बेअसर खेल टीम पर भारी पड़ा।,negative,sports,0
घरेलू मैदान पर खिलाड़ी ने क्वार्टरफाइनल में शानदार खेल दिखाकर लगातार अच्छा प्रदर्शन किया।,positive,sports,2
यह निर्णय पूरी तरह गलत निकला।,negative,sentihin,0
मुझे इसमें कुछ नया महसूस नहीं हुआ।,neutral,sentihin,1
निर्णायक मैच में कप्तान ने मुकाबला में बेहतरीन तालमेल के साथ जीत हासिल की।,positive,sports,2
सेवा में कोई उल्लेखनीय बात नहीं थी,neutral,sentihin,1
खिलाड़ी ने मैच में निराशाजनक प्रदर्शन किया और अपनी लय खो दी।,negative,sports,0
एथलीट रेस के लिए अगले दौर के लिए पहुंची।,neutral,sports,1
यह योजना बेकार साबित हुई।,negative,sentihin,0
घरेलू मैदान पर कप्तान का फाइनल में लचर खेल टीम पर भारी पड़ा।,negative,sports,0
इस मुकाबले में खिलाड़ी ने दौड़ से पहले प्रशिक्षण पूरा किया।,neutral,sports,1
घरेलू मैदान पर डिफेंडर ने सेमीफाइनल में लाजवाब खेल दिखाकर मुकाबला अपने नाम कर लिया।,positive,sports,2
निर्णायक मैच में भारतीय टीम का मुकाबला में बेअसर खेल टीम पर भारी पड़ा।,negative,sports,0
लंबे ब्रेक के बाद भारतीय धावक ने रेस में यादगार खेल दिखाकर शानदार वापसी की।,positive,sports,2
आपके प्रयास काबिल ए तारीफ हैं।,positive,sentihin,2
यह निर्णय पूरी तरह गलत साबित हुआ।,negative,sentihin,0
युवा खिलाड़ी फाइनल के लिए रणनीति पर चर्चा कर रही है।,neutral,sports,1
यह यात्रा बहुत आनंददायक थी,positive,sentihin,2
मेरी ट्रेन फिर से देरी से चल रही है।,negative,sentihin,0
मुझे यह नियम गलत लगता है।,negative,sentihin,0
मुझे इसमें कुछ नया अनुभव नहीं हुआ।,neutral,sentihin,1
निर्णायक मैच में रेडर ने मुकाबला में बेहतरीन खेल दिखाकर मुकाबला अपने नाम कर लिया।,positive,sports,2
भारतीय खिलाड़ी मैच के लिए मैच के लिए रवाना हुई।,neutral,sports,1
टेनिस स्टार ने क्वार्टरफाइनल में लचर प्रदर्शन किया और अपनी लय खो दी।,negative,sports,0
खिलाड़ी की इवेंट में लचर रणनीति काम नहीं आई।,negative,sports,0
युवा खिलाड़ी ने मैच में असंगत प्रदर्शन किया और मुकाबला गंवा दिया।,negative,sports,0
इस मुकाबले में एथलीट ने फाइनल से पहले प्रशिक्षण पूरा किया।,neutral,sports,1
आज भारतीय टीम का रन चेज में फीका खेल टीम पर भारी पड़ा।,negative,sports,0
प्रशंसकों के सामने भारतीय टीम का सीरीज में निराशाजनक खेल टीम पर भारी पड़ा।,negative,sports,0
सुबह के सत्र में खिलाड़ी ने निर्णायक क्षण में बेहतरीन प्रदर्शन किया।,positive,sports,2
इस रेस्तरां का खाना लाजवाब है,positive,sentihin,2
आपकी मुस्कान बहुत सुंदर है।,positive,sentihin,2
यह सेवा अत्यंत लाभकारी रही।,positive,sentihin,2
आज भारतीय धावक इवेंट से पहले प्रशिक्षण कर रहा है।,neutral,sports,1
मुकाबला घरेलू मैदान पर आयोजित होगा और कप्तान इसमें हिस्सा लेगा।,neutral,sports,1
प्रशंसकों के सामने कप्तान ने फाइनल में उत्कृष्ट खेल दिखाकर लगातार अच्छा प्रदर्शन किया।,positive,sports,2
इस मुकाबले में युवा एथलीट का इवेंट में कमजोर खेल टीम पर भारी पड़ा।,negative,sports,0
घरेलू मैदान पर भारतीय खिलाड़ी ने सेट में कमाल का खेल दिखाकर मुकाबला अपने नाम कर लिया।,positive,sports,2
निर्णायक मैच में डिफेंडर ने सेमीफाइनल में जबरदस्त खेल दिखाकर लगातार अच्छा प्रदर्शन किया।,positive,sports,2
मुकाबला आज आयोजित होगा और चैंपियन इसमें हिस्सा लेगा।,neutral,sports,1
आपकी यह सोच मेरे लिए प्रेरणादायक है।,positive,sentihin,2
लगातार तीसरे मैच में डिफेंडर का प्लेऑफ में खराब खेल टीम पर भारी पड़ा।,negative,sports,0
आज खिलाड़ी ने लीग मैच में बेहतरीन तालमेल के साथ जीत हासिल की।,positive,sports,2
भारतीय टीम ने सेमीफाइनल में कमजोर प्रदर्शन किया और महत्वपूर्ण मौका गंवाया।,negative,sports,0
मुझे इस होटल की बुकिंग प्रक्रिया से परेशानी हुई।,negative,sentihin,0
आज भारतीय टीम का सेमीफाइनल में खराब खेल टीम पर भारी पड़ा।,negative,sports,0
फॉरवर्ड ने सेमीफाइनल में कमजोर प्रदर्शन किया और बढ़त गंवा दी।,negative,sports,0
इस मुकाबले में विकेटकीपर का ओवर में असंगत खेल टीम पर भारी पड़ा।,negative,sports,0
महत्वपूर्ण मौके पर एथलीट का प्रतियोगिता में लचर खेल टीम पर भारी पड़ा।,negative,sports,0
प्रशंसकों के सामने एथलीट ने इवेंट में कमाल का खेल दिखाकर मुश्किल स्थिति से बाहर निकली।,positive,sports,2
मुझे इस पर कोई राय नहीं बनानी।,neutral,sentihin,1
भारतीय खिलाड़ी ने सेट में बेअसर प्रदर्शन किया और उम्मीदों पर खरी नहीं उतरी।,negative,sports,0
महत्वपूर्ण मौके पर डिफेंडर ने सेमीफाइनल से पहले प्रशिक्षण पूरा किया।,neutral,sports,1
कप्तान ने सीरीज में असंगत प्रदर्शन किया और उम्मीदों पर खरी नहीं उतरी।,negative,sports,0
टूर्नामेंट के अहम चरण में डिफेंडर ने सेमीफाइनल से पहले प्रशिक्षण पूरा किया।,neutral,sports,1
घरेलू मैदान पर हॉकी टीम ने मुकाबला में धमाकेदार खेल दिखाकर दबदबा कायम रखा।,positive,sports,2
प्लेऑफ टूर्नामेंट के अहम चरण में आयोजित होगा और कप्तान इसमें हिस्सा लेगा।,neutral,sports,1
इस मुकाबले में युवा एथलीट ने प्रतियोगिता में यादगार खेल दिखाकर लगातार अच्छा प्रदर्शन किया।,positive,sports,2
मुझे यह स्थिति असहनीय लग रही है।,negative,sentihin,0
टूर्नामेंट के अहम चरण में बल्लेबाज ने मैच में कई आसान मौके गंवाए।,negative,sports,0
खिलाड़ी ने गेम में बेअसर प्रदर्शन किया और महत्वपूर्ण मौका गंवाया।,negative,sports,0
इस मुकाबले में भारत ने मुकाबला में बेहतरीन तालमेल के साथ जीत हासिल की।,positive,sports,2
दबाव वाले मुकाबले में रेडर मुकाबला से पहले प्रशिक्षण कर रहा है।,neutral,sports,1
गेंदबाज रन चेज के लिए मैच के लिए रवाना हुई।,neutral,sports,1
प्रशंसकों के सामने जोड़ी का मैच में असंगत खेल टीम पर भारी पड़ा।,negative,sports,0
आपका यह विचार अत्यंत प्रभावशाली है।,positive,sentihin,2
इस मुकाबले में क्लब ने फाइनल में कमाल का खेल दिखाकर दबदबा कायम रखा।,positive,sports,2
गोलकीपर ने फाइनल में कमाल का प्रदर्शन करते हुए मुश्किल स्थिति से बाहर निकली।,positive,sports,2
मुझे इसकी कीमत अधिक लगी,negative,sentihin,0
घरेलू मैदान पर बल्लेबाज ओवर से पहले प्रशिक्षण कर रहा है।,neutral,sports,1
यह कमरा बहुत छोटा है।,negative,sentihin,0
यह सफलता मेरी मेहनत का नतीजा है।,positive,sentihin,2
गोलकीपर मैच के लिए अगले मुकाबले की तैयारी कर रही है।,neutral,sports,1
दबाव वाले मुकाबले में फॉरवर्ड ने मुकाबला में बेहतरीन खेल दिखाकर लगातार अच्छा प्रदर्शन किया।,positive,sports,2
भारतीय शटलर की सेट में लचर रणनीति काम नहीं आई।,negative,sports,0
तुम्हारे भरोसे ने मुझे मुश्किल घड़ी में हिम्मत दी और आगे बढ़ने की प्रेरणा दी।,positive,sentihin,2
लगातार तीसरे मैच में गोलकीपर ने सेमीफाइनल में यादगार खेल दिखाकर महत्वपूर्ण योगदान दिया।,positive,sports,2
गोलकीपर मुकाबला के लिए अगले मुकाबले की तैयारी कर रही है।,neutral,sports,1
मुझे यह काम बहुत कठिन लगता है।,negative,sentihin,0
लगातार तीसरे मैच में खिलाड़ी ने प्रतियोगिता से पहले प्रशिक्षण पूरा किया।,neutral,sports,1
मैं इस विषय पर ज्यादा नहीं बोलना चाहता।,neutral,sentihin,1
लंबे ब्रेक के बाद डिफेंडर का प्लेऑफ में निराश करने वाला खेल टीम पर भारी पड़ा।,negative,sports,0
लगातार तीसरे मैच में चैंपियन ने मुकाबला में लाजवाब खेल दिखाकर जीत दर्ज की।,positive,sports,2
दबाव वाले मुकाबले में गोलकीपर ने लीग मैच में बेहतरीन खेल दिखाकर शानदार वापसी की।,positive,sports,2
आज युवा खिलाड़ी मैच से पहले प्रशिक्षण कर रहा है।,neutral,sports,1
लगातार तीसरे मैच में हॉकी टीम का मैच में लचर खेल टीम पर भारी पड़ा।,negative,sports,0
घरेलू मैदान पर फॉरवर्ड ने सेमीफाइनल में कमाल का खेल दिखाकर मुश्किल स्थिति से बाहर निकली।,positive,sports,2
महत्वपूर्ण मौके पर खिलाड़ी ने प्रतियोगिता में जबरदस्त खेल दिखाकर जीत दर्ज की।,positive,sports,2
टूर्नामेंट के अहम चरण में जोड़ी ने मैच में लाजवाब खेल दिखाकर लगातार अच्छा प्रदर्शन किया।,positive,sports,2
प्रशंसकों के सामने चैंपियन ने फाइनल में शानदार खेल दिखाकर महत्वपूर्ण योगदान दिया।,positive,sports,2
निर्णायक मैच में भारत मुकाबला से पहले प्रशिक्षण कर रहा है।,neutral,sports,1
गोलकीपर ने सेमीफाइनल में असंगत प्रदर्शन किया और अपनी लय खो दी।,negative,sports,0
इस मुकाबले में गेंदबाज ने रन चेज में शानदार खेल दिखाकर दबदबा कायम रखा।,positive,sports,2
मैच दबाव वाले मुकाबले में आयोजित होगा और भारतीय टीम इसमें हिस्सा लेगा।,neutral,sports,1
यह फिल्म अत्यंत असंतोषजनक रही।,negative,sentihin,0
मुझे इसका कोई फायदा नहीं हुआ,negative,sentihin,0
इस मुकाबले में खिलाड़ी ने मैच में धमाकेदार खेल दिखाकर जीत दर्ज की।,positive,sports,2
घरेलू मैदान पर रेडर लीग मैच से पहले प्रशिक्षण कर रहा है।,neutral,sports,1
आज डिफेंडर ने सेमीफाइनल में जबरदस्त खेल दिखाकर मुश्किल स्थिति से बाहर निकली।,positive,sports,2
घरेलू मैदान पर जोड़ी ने गेम में जबरदस्त खेल दिखाकर मुकाबला अपने नाम कर लिया।,positive,sports,2
फाइनल प्रशंसकों के सामने आयोजित होगा और रेडर इसमें हिस्सा लेगा।,neutral,sports,1
ओवर घरेलू मैदान पर आयोजित होगा और विकेटकीपर इसमें हिस्सा लेगा।,neutral,sports,1
सीरीज टूर्नामेंट के अहम चरण में आयोजित होगा और गेंदबाज इसमें हिस्सा लेगा।,neutral,sports,1
मुझे उस व्यक्ति पर भरोसा नहीं हुआ।,negative,sentihin,0
महत्वपूर्ण मौके पर एथलीट रेस से पहले प्रशिक्षण कर रहा है।,neutral,sports,1
प्रशंसकों के सामने टेनिस स्टार का फाइनल में असंगत खेल टीम पर भारी पड़ा।,negative,sports,0
भारतीय खिलाड़ी सेट के लिए टूर्नामेंट में हिस्सा ले रही है।,neutral,sports,1
फॉरवर्ड अगले लीग मैच से पहले कोच के साथ बैठक करेगा।,neutral,sports,1
गोलकीपर ने मुकाबला में लाजवाब खेल दिखाया और टीम को जीत दिलाई।,positive,sports,2
घरेलू मैदान पर डिफेंडर ने लीग मैच में बेहतरीन खेल दिखाकर मुकाबला अपने नाम कर लिया।,positive,sports,2
फाइनल लगातार तीसरे मैच में आयोजित होगा और कप्तान इसमें हिस्सा लेगा।,neutral,sports,1
आज क्लब ने लीग मैच में जबरदस्त खेल दिखाकर शानदार वापसी की।,positive,sports,2
टेनिस स्टार क्वार्टरफाइनल के लिए अगले मुकाबले की तैयारी कर रही है।,neutral,sports,1
मुकाबला दबाव वाले मुकाबले में आयोजित होगा और युवा खिलाड़ी इसमें हिस्सा लेगा।,neutral,sports,1
हॉकी टीम लीग मैच के लिए मैच के लिए रवाना हुई।,neutral,sports,1
लंबे ब्रेक के बाद फॉरवर्ड का फाइनल में बेअसर खेल टीम पर भारी पड़ा।,negative,sports,0
गोलकीपर ने सेमीफाइनल में निराशाजनक प्रदर्शन किया और उम्मीदों पर खरी नहीं उतरी।,negative,sports,0
तुम्हारी बातों से सुकून और आत्मविश्वास दोनों मिलता है।,positive,sentihin,2
जोड़ी ने मैच के लिए तैयारी शुरू कर दी।,neutral,sports,1
यह फिल्म बेहद असंतोषजनक साबित हुई।,negative,sentihin,0
दबाव वाले मुकाबले में भारतीय टीम का फाइनल में बेअसर खेल टीम पर भारी पड़ा।,negative,sports,0
लगातार तीसरे मैच में खिलाड़ी ने इवेंट में उत्कृष्ट खेल दिखाकर जीत दर्ज की।,positive,sports,2
आपके साथ हर बात आसान लगती है।,positive,sentihin,2
मुझे इसमें कोई उत्सुकता नहीं।,neutral,sentihin,1
मुझे इस विषय में कोई राय नहीं बन पाई,neutral,sentihin,1
यह अनुभव अत्यंत असंतोषजनक रहा।,negative,sentihin,0
यह कंपनी की नीति बहुत कठोर और अनुचित है।,negative,sentihin,0
यह निर्णय बेहद असंतोषजनक था।,negative,sentihin,0
लंबे ब्रेक के बाद एथलीट ने दौड़ में धमाकेदार खेल दिखाकर लगातार अच्छा प्रदर्शन किया।,positive,sports,2
निर्णायक मैच में खिलाड़ी ने मुकाबला में यादगार खेल दिखाकर शानदार वापसी की।,positive,sports,2
यह अवसर उत्कृष्ट रहा।,positive,sentihin,2
प्रशंसकों के सामने भारतीय शटलर ने मुकाबला में बेहतरीन खेल दिखाकर मुकाबला अपने नाम कर लिया।,positive,sports,2
मुझे यह जगह डरावनी लगती है।,negative,sentihin,0
Aaj Team ne easy chance miss karke match gawa diya,negative,sports,0
आज भारतीय धावक का इवेंट में असंगत खेल टीम पर भारी पड़ा।,negative,sports,0
लगातार तीसरे मैच में युवा शटलर ने फाइनल से पहले प्रशिक्षण पूरा किया।,neutral,sports,1
फिल्म के संवाद प्रभावशाली थे,positive,sentihin,2
घरेलू मैदान पर कप्तान ने सीरीज में बेहतरीन खेल दिखाकर दबदबा कायम रखा।,positive,sports,2
प्रशंसकों के सामने खिलाड़ी का प्रतियोगिता में खराब खेल टीम पर भारी पड़ा।,negative,sports,0
Is tournament mein Team ne pressure mein solid finish kiya,positive,sports,2
आपका साथ एक तोहफे जैसा है।,positive,sentihin,2
तुम्हारे प्रोत्साहन ने मुझे नई राह दिखाई।,positive,sentihin,2
टूर्नामेंट के अहम चरण में भारतीय शटलर ने मुकाबला में उत्कृष्ट खेल दिखाकर लगातार अच्छा प्रदर्शन किया।,positive,sports,2
प्रशंसकों के सामने कप्तान ने मैच में लाजवाब खेल दिखाकर महत्वपूर्ण योगदान दिया।,positive,sports,2
दबाव वाले मुकाबले में भारतीय टीम ने लीग मैच में बेहतरीन तालमेल के साथ जीत हासिल की।,positive,sports,2
लंबे ब्रेक के बाद कप्तान ने सीरीज में कई आसान मौके गंवाए।,negative,sports,0
क्लब ने सेमीफाइनल में लाजवाब प्रदर्शन करते हुए शानदार वापसी की।,positive,sports,2
बल्लेबाज मैच के लिए मैच के लिए रवाना हुई।,neutral,sports,1
मुझे इसमें कोई रुचि नहीं रही,neutral,sentihin,1
यह नया उत्पाद मेरी उम्मीदों से बेहतर है।,positive,sentihin,2
बल्लेबाज ने पारी में फीका प्रदर्शन किया और दबाव में बिखर गई।,negative,sports,0
मुझे इस विषय में कोई खास दिलचस्पी नहीं थी।,neutral,sentihin,1
कप्तान ने मैच में खराब प्रदर्शन किया और उम्मीदों पर खरी नहीं उतरी।,negative,sports,0
लंबे ब्रेक के बाद युवा एथलीट का दौड़ में निराश करने वाला खेल टीम पर भारी पड़ा।,negative,sports,0
टूर्नामेंट के अहम चरण में डिफेंडर का प्लेऑफ में फीका खेल टीम पर भारी पड़ा।,negative,sports,0
निर्णायक मैच में एथलीट ने इवेंट में जबरदस्त खेल दिखाकर दबदबा कायम रखा।,positive,sports,2
लगातार तीसरे मैच में एथलीट ने फाइनल से पहले प्रशिक्षण पूरा किया।,neutral,sports,1
आज कप्तान का लीग मैच में लचर खेल टीम पर भारी पड़ा।,negative,sports,0
आपकी मुस्कान से आत्मबल बढ़ता है।,positive,sentihin,2
निर्णायक मैच में डिफेंडर ने फाइनल में बेहतरीन खेल दिखाकर महत्वपूर्ण योगदान दिया।,positive,sports,2
मैं इस मामले में कोई टिप्पणी नहीं करूंगा।,neutral,sentihin,1
दबाव वाले मुकाबले में कप्तान का मैच में खराब खेल टीम पर भारी पड़ा।,negative,sports,0
इस मुकाबले में क्लब ने लीग मैच में कई आसान मौके गंवाए।,negative,sports,0
लगातार तीसरे मैच में युवा खिलाड़ी ने सेट में जबरदस्त खेल दिखाकर महत्वपूर्ण योगदान दिया।,positive,sports,2
इस मुकाबले में भारतीय शटलर का फाइनल में फीका खेल टीम पर भारी पड़ा।,negative,sports,0
लगातार तीसरे मैच में एथलीट ने इवेंट में जबरदस्त खेल दिखाकर लगातार अच्छा प्रदर्शन किया।,positive,sports,2
आज भारतीय धावक ने फाइनल में शानदार खेल दिखाकर जीत दर्ज की।,positive,sports,2
आज भारतीय टीम ने रन चेज से पहले प्रशिक्षण पूरा किया।,neutral,sports,1
गोलकीपर ने फाइनल के लिए तैयारी शुरू कर दी।,neutral,sports,1
तुम्हारी मुस्कान मन को नई उम्मीद देती है।,positive,sentihin,2
लंबे ब्रेक के बाद भारतीय टीम का सेमीफाइनल में निराश करने वाला खेल टीम पर भारी पड़ा।,negative,sports,0
लंबे ब्रेक के बाद भारतीय टीम सेमीफाइनल से पहले प्रशिक्षण कर रहा है।,neutral,sports,1
यह निर्णय गलत था।,negative,sentihin,0
मुझे यह सेवा बहुत निराशाजनक और धीमी लगी।,negative,sentihin,0
आज कप्तान ने मैच में जबरदस्त खेल दिखाकर मुश्किल स्थिति से बाहर निकली।,positive,sports,2
वह यात्रा स्मरणीय अनुभव रही।,positive,sentihin,2
कप्तान ने मुकाबला में कमजोर प्रदर्शन किया और उम्मीदों पर खरी नहीं उतरी।,negative,sports,0
घरेलू मैदान पर विकेटकीपर ने मैच में बेहतरीन तालमेल के साथ जीत हासिल की।,positive,sports,2
लीग मैच आज आयोजित होगा और हॉकी टीम इसमें हिस्सा लेगा।,neutral,sports,1
आज एथलीट का प्रतियोगिता में लचर खेल टीम पर भारी पड़ा।,negative,sports,0
मुझे यह व्यवस्था गलत लगती है।,negative,sentihin,0
भारत ने मैच में असंगत प्रदर्शन किया और मुकाबला गंवा दिया।,negative,sports,0
उसकी आलोचना ने मुझे कई दिन तक परेशान रखा।,negative,sentihin,0
मैं रोज़ाना अपने भाई बहन के साथ खेलता हूं।,neutral,sentihin,1
दबाव वाले मुकाबले में क्लब मुकाबला से पहले प्रशिक्षण कर रहा है।,neutral,sports,1
निर्णायक मैच में चैंपियन ने गेम में लाजवाब खेल दिखाकर दबदबा कायम रखा।,positive,sports,2
टूर्नामेंट के अहम चरण में क्लब ने मैच में जबरदस्त खेल दिखाकर शानदार वापसी की।,positive,sports,2
जोड़ी ने सेट के लिए तैयारी शुरू कर दी।,neutral,sports,1
लंबे ब्रेक के बाद खिलाड़ी ने मैच में जबरदस्त खेल दिखाकर जीत दर्ज की।,positive,sports,2
प्रशंसकों के सामने युवा खिलाड़ी ने मुकाबला में लाजवाब खेल दिखाकर लगातार अच्छा प्रदर्शन किया।,positive,sports,2
भारत पारी के लिए अगले दौर के लिए पहुंची।,neutral,sports,1
हॉकी टीम मैच के लिए अगले दौर के लिए पहुंची।,neutral,sports,1
आपकी मदद सदा आत्मबल बढ़ाती है।,positive,sentihin,2
निर्णायक मैच में भारतीय टीम का सीरीज में खराब खेल टीम पर भारी पड़ा।,negative,sports,0
लंबे ब्रेक के बाद टेनिस स्टार ने मुकाबला में उत्कृष्ट खेल दिखाकर शानदार वापसी की।,positive,sports,2
मैच महत्वपूर्ण मौके पर आयोजित होगा और गेंदबाज इसमें हिस्सा लेगा।,neutral,sports,1
टूर्नामेंट के अहम चरण में युवा एथलीट का प्रतियोगिता में निराश करने वाला खेल टीम पर भारी पड़ा।,negative,sports,0
दबाव वाले मुकाबले में रेडर का फाइनल में असंगत खेल टीम पर भारी पड़ा।,negative,sports,0
इस मुकाबले में धाविका ने फाइनल में जबरदस्त खेल दिखाकर मुश्किल स्थिति से बाहर निकली।,positive,sports,2
डिफेंडर ने मुकाबला में बेहतरीन प्रदर्शन करते हुए दबदबा कायम रखा।,positive,sports,2
रेस घरेलू मैदान पर आयोजित होगा और एथलीट इसमें हिस्सा लेगा।,neutral,sports,1
इस दुकान की कीमतें बहुत ज्यादा हैं।,negative,sentihin,0
प्रशंसकों के सामने फॉरवर्ड का मैच में फीका खेल टीम पर भारी पड़ा।,negative,sports,0
खिलाड़ी अगले सेट से पहले कोच के साथ बैठक करेगा।,neutral,sports,1
भारतीय टीम मैच के लिए अभ्यास सत्र में शामिल हुई।,neutral,sports,1
लंबे ब्रेक के बाद जोड़ी सेट से पहले प्रशिक्षण कर रहा है।,neutral,sports,1
दबाव वाले मुकाबले में डिफेंडर ने सेमीफाइनल में यादगार खेल दिखाकर महत्वपूर्ण योगदान दिया।,positive,sports,2
वह समीक्षा बहुत सकारात्मक थी।,positive,sentihin,2
टूर्नामेंट के अहम चरण में गोलकीपर का सेमीफाइनल में लचर खेल टीम पर भारी पड़ा।,negative,sports,0
तुम्हारा प्रेम अमूल्य है।,positive,sentihin,2
खिलाड़ी ने मुकाबला में खराब प्रदर्शन किया और बढ़त गंवा दी।,negative,sports,0
Kal Players ne morning practice session attend kiya,neutral,sports,1
टेनिस स्टार ने फाइनल में असंगत खेल दिखाया और टीम को नुकसान हुआ।,negative,sports,0
घरेलू मैदान पर एथलीट का रेस में निराशाजनक खेल टीम पर भारी पड़ा।,negative,sports,0
आज डिफेंडर मैच से पहले प्रशिक्षण कर रहा है।,neutral,sports,1
आज का अनुभव पूरी तरह से खराब रहा।,negative,sentihin,0
टूर्नामेंट के अहम चरण में डिफेंडर ने लीग मैच में शानदार खेल दिखाकर मुकाबला अपने नाम कर लिया।,positive,sports,2
मुझे इस बस की समय सारिणी समझ नहीं आई।,negative,sentihin,0
गेंदबाज ने सीरीज में असंगत प्रदर्शन किया और दबाव में बिखर गई।,negative,sports,0
फॉरवर्ड ने सेमीफाइनल में असंगत प्रदर्शन किया और उम्मीदों पर खरी नहीं उतरी।,negative,sports,0
रेस निर्णायक मैच में आयोजित होगा और धाविका इसमें हिस्सा लेगा।,neutral,sports,1
लगातार तीसरे मैच में भारतीय टीम ने लीग मैच में कई आसान मौके गंवाए।,negative,sports,0
घरेलू मैदान पर फॉरवर्ड ने फाइनल में धमाकेदार खेल दिखाकर मुश्किल स्थिति से बाहर निकली।,positive,sports,2
इस मुकाबले में भारतीय टीम ने मुकाबला में बेहतरीन खेल दिखाकर दबदबा कायम रखा।,positive,sports,2
निर्णायक मैच में कप्तान ने मुकाबला में उत्कृष्ट खेल दिखाकर महत्वपूर्ण योगदान दिया।,positive,sports,2
निर्णायक मैच में रेडर ने लीग मैच में जबरदस्त खेल दिखाकर लगातार अच्छा प्रदर्शन किया।,positive,sports,2
वह किताब प्रेरक और रोचक थी।,positive,sentihin,2
क्वार्टरफाइनल प्रशंसकों के सामने आयोजित होगा और कप्तान इसमें हिस्सा लेगा।,neutral,sports,1
कप्तान ने फाइनल में निराशाजनक प्रदर्शन किया और मुकाबला गंवा दिया।,negative,sports,0
वह उत्पाद मेरी अपेक्षाओं पर खरा उतरा।,positive,sentihin,2
कप्तान ओवर के लिए अगले दौर के लिए पहुंची।,neutral,sports,1
निर्णायक मैच में जोड़ी ने मुकाबला में यादगार खेल दिखाकर दबदबा कायम रखा।,positive,sports,2
प्रशंसकों के सामने युवा शटलर ने मुकाबला से पहले प्रशिक्षण पूरा किया।,neutral,sports,1
दबाव वाले मुकाबले में डिफेंडर सेमीफाइनल से पहले प्रशिक्षण कर रहा है।,neutral,sports,1
रेडर ने मुकाबला में लचर प्रदर्शन किया और उम्मीदों पर खरी नहीं उतरी।,negative,sports,0
घरेलू मैदान पर भारतीय टीम ने लीग मैच में लाजवाब खेल दिखाकर जीत दर्ज की।,positive,sports,2
मुझे आपकी सलाह ने हिम्मत दी।,positive,sentihin,2
प्रशंसकों के सामने भारतीय धावक ने दौड़ में शानदार खेल दिखाकर मुकाबला अपने नाम कर लिया।,positive,sports,2
डिफेंडर को मैच के लिए टीम में शामिल किया गया है।,neutral,sports,1
टूर्नामेंट के अहम चरण में हॉकी टीम सेमीफाइनल से पहले प्रशिक्षण कर रहा है।,neutral,sports,1
सीरीज लगातार तीसरे मैच में आयोजित होगा और बल्लेबाज इसमें हिस्सा लेगा।,neutral,sports,1
इस मुद्दे पर कोई निष्कर्ष अभी तक नहीं निकला।,neutral,sentihin,1
आज टेनिस स्टार ने सेट में बेहतरीन खेल दिखाकर मुश्किल स्थिति से बाहर निकली।,positive,sports,2
आज धाविका का दौड़ में लचर खेल टीम पर भारी पड़ा।,negative,sports,0
दबाव वाले मुकाबले में युवा खिलाड़ी ने मैच से पहले प्रशिक्षण पूरा किया।,neutral,sports,1
टूर्नामेंट के अहम चरण में गेंदबाज ने ओवर में उत्कृष्ट खेल दिखाकर मुकाबला अपने नाम कर लिया।,positive,sports,2
यह निर्णय बेहद असंतोषजनक रहा।,negative,sentihin,0
घरेलू मैदान पर युवा शटलर का फाइनल में निराश करने वाला खेल टीम पर भारी पड़ा।,negative,sports,0
महत्वपूर्ण मौके पर भारतीय शटलर का मैच में निराश करने वाला खेल टीम पर भारी पड़ा।,negative,sports,0
महत्वपूर्ण मौके पर भारतीय टीम ने मैच में शानदार खेल दिखाकर महत्वपूर्ण योगदान दिया।,positive,sports,2
इंटरनेट की खराबी ने काम बिगाड़ दिया।,negative,sentihin,0
दबाव वाले मुकाबले में फॉरवर्ड ने लीग मैच में उत्कृष्ट खेल दिखाकर जीत दर्ज की।,positive,sports,2
घरेलू मैदान पर कप्तान लीग मैच से पहले प्रशिक्षण कर रहा है।,neutral,sports,1
खिलाड़ी ने मुकाबला में निराशाजनक प्रदर्शन किया और लगातार गलतियां कीं।,negative,sports,0
आपकी सहायता से विश्वास बढ़ता है।,positive,sentihin,2
लगातार तीसरे मैच में भारत ने मैच में यादगार खेल दिखाकर दबदबा कायम रखा।,positive,sports,2
दबाव वाले मुकाबले में भारतीय खिलाड़ी का फाइनल में बेअसर खेल टीम पर भारी पड़ा।,negative,sports,0
प्रशंसकों के सामने भारतीय टीम का रन चेज में बेअसर खेल टीम पर भारी पड़ा।,negative,sports,0
लंबे ब्रेक के बाद बल्लेबाज का मैच में बेअसर खेल टीम पर भारी पड़ा।,negative,sports,0
टूर्नामेंट के अहम चरण में खिलाड़ी ने लीग मैच में धमाकेदार खेल दिखाकर मुकाबला अपने नाम कर लिया।,positive,sports,2
घरेलू मैदान पर फॉरवर्ड ने मुकाबला में यादगार खेल दिखाकर दबदबा कायम रखा।,positive,sports,2
इस मुकाबले में बल्लेबाज का मुकाबला में खराब खेल टीम पर भारी पड़ा।,negative,sports,0
रेस्तरां की मेन्यू में विविधता थी,positive,sentihin,2
घरेलू मैदान पर डिफेंडर ने मुकाबला में उत्कृष्ट खेल दिखाकर मुश्किल स्थिति से बाहर निकली।,positive,sports,2
वह प्रस्तुति बेहद शानदार रही।,positive,sentihin,2
मुकाबला टूर्नामेंट के अहम चरण में आयोजित होगा और हॉकी टीम इसमें हिस्सा लेगा।,neutral,sports,1
मुझे इसमें कुछ खास अनुभव नहीं हुआ।,neutral,sentihin,1
दबाव वाले मुकाबले में युवा खिलाड़ी का फाइनल में लचर खेल टीम पर भारी पड़ा।,negative,sports,0
टूर्नामेंट के अहम चरण में फॉरवर्ड ने लीग मैच में यादगार खेल दिखाकर दबदबा कायम रखा।,positive,sports,2
आज युवा खिलाड़ी ने सेट में लाजवाब खेल दिखाकर शानदार वापसी की।,positive,sports,2
मैं रोज़ाना जीवन के छोटे छोटे सुखों का आनंद लेता हूं।,neutral,sentihin,1
भारतीय शटलर गेम के लिए प्रशिक्षण जारी रखे हुए है।,neutral,sports,1
यह सेवा एकदम निराशाजनक थी।,negative,sentihin,0
महत्वपूर्ण मौके पर युवा एथलीट दौड़ से पहले प्रशिक्षण कर रहा है।,neutral,sports,1
निर्णायक मैच में हॉकी टीम का मुकाबला में लचर खेल टीम पर भारी पड़ा।,negative,sports,0
गेंदबाज मुकाबला के लिए अगले दौर के लिए पहुंची।,neutral,sports,1
घरेलू मैदान पर एथलीट ने रेस में बेहतरीन खेल दिखाकर शानदार वापसी की।,positive,sports,2
टेनिस स्टार ने सेट में शानदार प्रदर्शन करते हुए शानदार वापसी की।,positive,sports,2
गोलकीपर ने सेमीफाइनल में असंगत प्रदर्शन किया और मुकाबला गंवा दिया।,negative,sports,0
मुकाबला लंबे ब्रेक के बाद आयोजित होगा और डिफेंडर इसमें हिस्सा लेगा।,neutral,sports,1
आज युवा खिलाड़ी का क्वार्टरफाइनल में लचर खेल टीम पर भारी पड़ा।,negative,sports,0
प्रशंसकों के सामने रेडर ने मुकाबला में बेहतरीन खेल दिखाकर शानदार वापसी की।,positive,sports,2
प्रशंसकों के सामने डिफेंडर मुकाबला से पहले प्रशिक्षण कर रहा है।,neutral,sports,1
टूर्नामेंट के अहम चरण में युवा खिलाड़ी ने सेट में उत्कृष्ट खेल दिखाकर लगातार अच्छा प्रदर्शन किया।,positive,sports,2
महत्वपूर्ण मौके पर क्लब का मुकाबला में बेअसर खेल टीम पर भारी पड़ा।,negative,sports,0
लंबे ब्रेक के बाद भारतीय टीम ने लीग मैच में धमाकेदार खेल दिखाकर मुकाबला अपने नाम कर लिया।,positive,sports,2
यह बच्चों का खेल बहुत मजेदार था।,positive,sentihin,2
घरेलू मैदान पर धाविका दौड़ से पहले प्रशिक्षण कर रहा है।,neutral,sports,1
लंबे ब्रेक के बाद टेनिस स्टार ने मुकाबला में जबरदस्त खेल दिखाकर जीत दर्ज की।,positive,sports,2
यह निर्णय पूरी तरह से गलत और असंवेदनशील था।,negative,sentihin,0
आज हॉकी टीम मुकाबला से पहले प्रशिक्षण कर रहा है।,neutral,sports,1
भारतीय शटलर ने मैच में धमाकेदार प्रदर्शन करते हुए मुश्किल स्थिति से बाहर निकली।,positive,sports,2
विकेटकीपर ने मैच में निराश करने वाला प्रदर्शन किया और उम्मीदों पर खरी नहीं उतरी।,negative,sports,0
लंबे ब्रेक के बाद कप्तान ने सेट में बेहतरीन खेल दिखाकर महत्वपूर्ण योगदान दिया।,positive,sports,2
प्रशंसकों के सामने कप्तान ने फाइनल में कमाल का खेल दिखाकर जीत दर्ज की।,positive,sports,2
मुझे यह रेस्टोरेंट का खाना बिल्कुल पसंद नहीं आया।,negative,sentihin,0
इस मुकाबले में विकेटकीपर ने सीरीज में बेहतरीन खेल दिखाकर लगातार अच्छा प्रदर्शन किया।,positive,sports,2
चैंपियन की मुकाबला में निराश करने वाला रणनीति काम नहीं आई।,negative,sports,0
महत्वपूर्ण मौके पर भारतीय खिलाड़ी का मैच में बेअसर खेल टीम पर भारी पड़ा।,negative,sports,0
टूर्नामेंट के अहम चरण में एथलीट प्रतियोगिता से पहले प्रशिक्षण कर रहा है।,neutral,sports,1
भारतीय खिलाड़ी ने मैच में लचर प्रदर्शन किया और उम्मीदों पर खरी नहीं उतरी।,negative,sports,0
लंबे ब्रेक के बाद भारतीय टीम ने सीरीज में धमाकेदार खेल दिखाकर शानदार वापसी की।,positive,sports,2
प्रशंसकों के सामने खिलाड़ी ने मुकाबला में शानदार खेल दिखाकर महत्वपूर्ण योगदान दिया।,positive,sports,2
फाइनल प्रशंसकों के सामने आयोजित होगा और युवा एथलीट इसमें हिस्सा लेगा।,neutral,sports,1
दबाव वाले मुकाबले में भारतीय टीम ने मुकाबला में कई आसान मौके गंवाए।,negative,sports,0
महत्वपूर्ण मौके पर गोलकीपर का फाइनल में फीका खेल टीम पर भारी पड़ा।,negative,sports,0
दबाव वाले मुकाबले में कप्तान ने मुकाबला में उत्कृष्ट खेल दिखाकर दबदबा कायम रखा।,positive,sports,2
डिफेंडर लीग मैच के लिए अगले दौर के लिए पहुंची।,neutral,sports,1
लगातार तीसरे मैच में गोलकीपर का लीग मैच में फीका खेल टीम पर भारी पड़ा।,negative,sports,0
आज विकेटकीपर ने मैच में कई आसान मौके गंवाए।,negative,sports,0
भारत मुकाबला के लिए टूर्नामेंट में हिस्सा ले रही है।,neutral,sports,1
आज गेंदबाज ने रन चेज में धमाकेदार खेल दिखाकर शानदार वापसी की।,positive,sports,2
महत्वपूर्ण मौके पर खिलाड़ी का फाइनल में कमजोर खेल टीम पर भारी पड़ा।,negative,sports,0
मुझे वह अनुभव असहज लगा।,negative,sentihin,0
आपका सहयोग मेरे लिए प्रेरणास्रोत है।,positive,sentihin,2
लंबे ब्रेक के बाद डिफेंडर का फाइनल में निराश करने वाला खेल टीम पर भारी पड़ा।,negative,sports,0
प्रशंसकों के सामने खिलाड़ी का मैच में लचर खेल टीम पर भारी पड़ा।,negative,sports,0
डिफेंडर ने मुकाबला में निराश करने वाला प्रदर्शन किया और अपनी लय खो दी।,negative,sports,0
चैंपियन ने फाइनल में कमजोर प्रदर्शन किया और दबाव में बिखर गई।,negative,sports,0
लीग मैच प्रशंसकों के सामने आयोजित होगा और खिलाड़ी इसमें हिस्सा लेगा।,neutral,sports,1
मुझे इससे कोई समस्या नहीं।,neutral,sentihin,1
आज भारतीय टीम ने मैच में जबरदस्त खेल दिखाकर मुकाबला अपने नाम कर लिया।,positive,sports,2
प्रशंसकों के सामने गेंदबाज का मुकाबला में बेअसर खेल टीम पर भारी पड़ा।,negative,sports,0
मैच आज आयोजित होगा और युवा खिलाड़ी इसमें हिस्सा लेगा।,neutral,sports,1
टूर्नामेंट के अहम चरण में युवा एथलीट ने रेस में धमाकेदार खेल दिखाकर लगातार अच्छा प्रदर्शन किया।,positive,sports,2
कप्तान के मैच में शानदार प्रदर्शन से टीम को फायदा हुआ।,positive,sports,2
यह सेवा बेहद असंतोषजनक साबित हुई।,negative,sentihin,0
खिलाड़ी ने मुकाबला में असंगत खेल दिखाया और टीम को नुकसान हुआ।,negative,sports,0
फॉरवर्ड ने मुकाबला में बेअसर प्रदर्शन किया और अपनी लय खो दी।,negative,sports,0
लीग मैच लगातार तीसरे मैच में आयोजित होगा और भारतीय टीम इसमें हिस्सा लेगा।,neutral,sports,1
कप्तान ने ओवर में लचर प्रदर्शन किया और लगातार गलतियां कीं।,negative,sports,0
इस मुकाबले में युवा एथलीट ने दौड़ से पहले प्रशिक्षण पूरा किया।,neutral,sports,1
प्रशंसकों के सामने भारतीय टीम ने रन चेज में बेहतरीन तालमेल के साथ जीत हासिल की।,positive,sports,2
गोलकीपर लीग मैच के लिए अभ्यास सत्र में शामिल हुई।,neutral,sports,1
यह खुशी का मौका है।,positive,sentihin,2
लंबे ब्रेक के बाद हॉकी टीम का लीग मैच में लचर खेल टीम पर भारी पड़ा।,negative,sports,0
मैं इस फिल्म के रिव्यू पढ़ना चाहता हूँ।,neutral,sentihin,1
घरेलू मैदान पर भारतीय टीम ने मुकाबला में धमाकेदार खेल दिखाकर शानदार वापसी की।,positive,sports,2
आपकी मदद ने मेरे जीवन में सकारात्मक बदलाव लाया।,positive,sentihin,2
तुम्हारा यह काम शानदार है।,positive,sentihin,2
खिलाड़ी मुकाबला के लिए मैच के लिए रवाना हुई।,neutral,sports,1
आपकी सलाह हमेशा उपयोगी रहती है।,positive,sentihin,2
वह यात्रा बहुत ही सुखद थी।,positive,sentihin,2
मुझे इस बारे में कुछ खास महसूस नहीं हुआ।,neutral,sentihin,1
घरेलू मैदान पर खिलाड़ी ने आज मैदान पर आग लगा दी।,positive,sports,2
खिलाड़ी की टीम इवेंट के लिए अपनी अंतिम सूची तैयार कर रही है।,neutral,sports,1
दबाव वाले मुकाबले में हॉकी टीम लीग मैच से पहले प्रशिक्षण कर रहा है।,neutral,sports,1
मैं इस जगह के इतिहास के बारे में जानना चाहता हूँ।,neutral,sentihin,1
हॉकी टीम मुकाबला के लिए टूर्नामेंट में हिस्सा ले रही है।,neutral,sports,1
आज चैंपियन ने सेट में उत्कृष्ट खेल दिखाकर महत्वपूर्ण योगदान दिया।,positive,sports,2
दबाव वाले मुकाबले में भारतीय शटलर ने गेम में जबरदस्त खेल दिखाकर शानदार वापसी की।,positive,sports,2
इस मुकाबले में भारतीय टीम ने सेमीफाइनल में जबरदस्त खेल दिखाकर जीत दर्ज की।,positive,sports,2
मुझे इसमें कोई विशेष उत्सुकता नहीं हुई।,neutral,sentihin,1
आज डिफेंडर ने फाइनल में लाजवाब खेल दिखाकर जीत दर्ज की।,positive,sports,2
क्लास में माहौल बहुत उबाऊ था।,negative,sentihin,0
यह सूर्योदय का दृश्य बहुत खूबसूरत था।,positive,sentihin,2
लीग मैच घरेलू मैदान पर आयोजित होगा और खिलाड़ी इसमें हिस्सा लेगा।,neutral,sports,1
यह छुट्टी मेरे लिए बहुत यादगार थी।,positive,sentihin,2
भारतीय टीम अगले मुकाबला से पहले कोच के साथ बैठक करेगा।,neutral,sports,1
महत्वपूर्ण मौके पर हॉकी टीम लीग मैच से पहले प्रशिक्षण कर रहा है।,neutral,sports,1
आज डिफेंडर का लीग मैच में कमजोर खेल टीम पर भारी पड़ा।,negative,sports,0
आज खिलाड़ी ने इवेंट में जबरदस्त खेल दिखाकर मुकाबला अपने नाम कर लिया।,positive,sports,2
लंबे ब्रेक के बाद डिफेंडर ने लीग मैच से पहले प्रशिक्षण पूरा किया।,neutral,sports,1
निर्णायक मैच में कप्तान ने मैच में उत्कृष्ट खेल दिखाकर मुकाबला अपने नाम कर लिया।,positive,sports,2
प्रतियोगिता टूर्नामेंट के अहम चरण में आयोजित होगा और भारतीय धावक इसमें हिस्सा लेगा।,neutral,sports,1
यह पुस्तक मेरे दिल को छू गई।,positive,sentihin,2
घरेलू मैदान पर भारतीय टीम का फाइनल में खराब खेल टीम पर भारी पड़ा।,negative,sports,0
मैं सुबह योग करता हूं।,neutral,sentihin,1
लंबे ब्रेक के बाद खिलाड़ी गेम से पहले प्रशिक्षण कर रहा है।,neutral,sports,1
तुम्हारी मदद के लिए धन्यवाद।,positive,sentihin,2
दबाव वाले मुकाबले में टेनिस स्टार का सेट में निराशाजनक खेल टीम पर भारी पड़ा।,negative,sports,0
प्रशंसकों के सामने भारतीय टीम का मैच में खराब खेल टीम पर भारी पड़ा।,negative,sports,0
लगातार तीसरे मैच में डिफेंडर का फाइनल में फीका खेल टीम पर भारी पड़ा।,negative,sports,0
प्रशंसकों के सामने हॉकी टीम लीग मैच से पहले प्रशिक्षण कर रहा है।,neutral,sports,1
निर्णायक मैच में गेंदबाज का पारी में निराश करने वाला खेल टीम पर भारी पड़ा।,negative,sports,0
निर्णायक मैच में क्लब ने मुकाबला में उत्कृष्ट खेल दिखाकर मुकाबला अपने नाम कर लिया।,positive,sports,2
टूर्नामेंट के अहम चरण में कप्तान ने मुकाबला में यादगार खेल दिखाकर लगातार अच्छा प्रदर्शन किया।,positive,sports,2
विकेटकीपर मैच के लिए रणनीति पर चर्चा कर रही है।,neutral,sports,1
टूर्नामेंट के अहम चरण में भारतीय खिलाड़ी ने क्वार्टरफाइनल में बेहतरीन खेल दिखाकर जीत दर्ज की।,positive,sports,2
प्रशंसकों के सामने गेंदबाज ने सीरीज से पहले प्रशिक्षण पूरा किया।,neutral,sports,1
लीग मैच इस मुकाबले में आयोजित होगा और हॉकी टीम इसमें हिस्सा लेगा।,neutral,sports,1
प्रशंसकों के सामने खिलाड़ी प्रतियोगिता से पहले प्रशिक्षण कर रहा है।,neutral,sports,1
आपकी मदद हमेशा प्रशंसनीय है।,positive,sentihin,2
उसका व्यव्हार अनुचित था।,negative,sentihin,0
चैंपियन ने मुकाबला के लिए तैयारी शुरू कर दी।,neutral,sports,1
लगातार तीसरे मैच में गोलकीपर ने फाइनल में कमाल का खेल दिखाकर महत्वपूर्ण योगदान दिया।,positive,sports,2
यह सेवा मेरी उम्मीदों से बहुत कमतर रही।,negative,sentihin,0
कप्तान ने फाइनल के लिए यात्रा कार्यक्रम साझा किया।,neutral,sports,1
प्रशंसकों के सामने विकेटकीपर पारी से पहले प्रशिक्षण कर रहा है।,neutral,sports,1
लंबे ब्रेक के बाद खिलाड़ी रेस से पहले प्रशिक्षण कर रहा है।,neutral,sports,1
यह सेवा अनुभव बहुत खराब रहा।,negative,sentihin,0
भारतीय खिलाड़ी ने फाइनल में असंगत प्रदर्शन किया और अपनी लय खो दी।,negative,sports,0
दबाव वाले मुकाबले में धाविका का इवेंट में फीका खेल टीम पर भारी पड़ा।,negative,sports,0
मुझे वहाँ की व्यवस्था कष्टदायक लगी।,negative,sentihin,0
भारतीय टीम सेमीफाइनल के लिए टूर्नामेंट में हिस्सा ले रही है।,neutral,sports,1
जोड़ी ने मैच में खराब प्रदर्शन किया और दबाव में बिखर गई।,negative,sports,0
यह कहानी मेरे दिल को छू गई।,positive,sentihin,2
प्रशंसकों के सामने धाविका इवेंट से पहले प्रशिक्षण कर रहा है।,neutral,sports,1
महत्वपूर्ण मौके पर टेनिस स्टार ने फाइनल में बेहतरीन खेल दिखाकर लगातार अच्छा प्रदर्शन किया।,positive,sports,2
आपकी बातें सुनकर दिल खुश हो गया।,positive,sentihin,2
दबाव वाले मुकाबले में युवा शटलर का गेम में बेअसर खेल टीम पर भारी पड़ा।,negative,sports,0
क्वार्टरफाइनल टूर्नामेंट के अहम चरण में आयोजित होगा और टेनिस स्टार इसमें हिस्सा लेगा।,neutral,sports,1
चैंपियन ने सेट में निराश करने वाला प्रदर्शन किया और मुकाबला गंवा दिया।,negative,sports,0
धाविका दौड़ के लिए अभ्यास सत्र में शामिल हुई।,neutral,sports,1
कप्तान ने मुकाबला में बेअसर प्रदर्शन किया और उम्मीदों पर खरी नहीं उतरी।,negative,sports,0
निर्णायक मैच में गेंदबाज ने ओवर में जबरदस्त खेल दिखाकर लगातार अच्छा प्रदर्शन किया।,positive,sports,2
फाइनल टूर्नामेंट के अहम चरण में आयोजित होगा और हॉकी टीम इसमें हिस्सा लेगा।,neutral,sports,1
निर्णायक मैच में खिलाड़ी ने फाइनल में उत्कृष्ट खेल दिखाकर मुकाबला अपने नाम कर लिया।,positive,sports,2
मुझे इस बारे में कुछ भी नहीं कहना है।,neutral,sentihin,1
तुम्हारा सहयोग हमेशा याद रहेगा।,positive,sentihin,2
फाइनल घरेलू मैदान पर आयोजित होगा और क्लब इसमें हिस्सा लेगा।,neutral,sports,1
महत्वपूर्ण मौके पर युवा खिलाड़ी ने फाइनल में शानदार खेल दिखाकर महत्वपूर्ण योगदान दिया।,positive,sports,2
गोलकीपर का कमजोर प्रदर्शन मैच में हार का कारण बना।,negative,sports,0
उसका तिरस्कार बार बार सहन करना आसान नहीं रहा।,negative,sentihin,0
भारतीय टीम ने फाइनल में निराशाजनक प्रदर्शन किया और बढ़त गंवा दी।,negative,sports,0
दबाव वाले मुकाबले में चैंपियन का मैच में खराब खेल टीम पर भारी पड़ा।,negative,sports,0
लगातार तीसरे मैच में भारतीय शटलर ने मुकाबला से पहले प्रशिक्षण पूरा किया।,neutral,sports,1
टेनिस स्टार ने सेट में कमजोर प्रदर्शन किया और अपनी लय खो दी।,negative,sports,0
एथलीट की रेस में फीका रणनीति काम नहीं आई।,negative,sports,0
प्रशंसकों के सामने कप्तान लीग मैच से पहले प्रशिक्षण कर रहा है।,neutral,sports,1
लगातार तीसरे मैच में भारत ने रन चेज में यादगार खेल दिखाकर महत्वपूर्ण योगदान दिया।,positive,sports,2
लंबे ब्रेक के बाद डिफेंडर ने मैच में धमाकेदार खेल दिखाकर मुश्किल स्थिति से बाहर निकली।,positive,sports,2
तुम्हारा व्यवहार बहुत प्रशंसनीय है।,positive,sentihin,2
बल्लेबाज सीरीज के लिए रणनीति पर चर्चा कर रही है।,neutral,sports,1
फॉरवर्ड ने फाइनल में कमजोर प्रदर्शन किया और मुकाबला गंवा दिया।,negative,sports,0
मुझे इसमें कोई विशेष विचार नहीं है।,neutral,sentihin,1
दबाव वाले मुकाबले में फॉरवर्ड सेमीफाइनल से पहले प्रशिक्षण कर रहा है।,neutral,sports,1
लगातार तीसरे मैच में डिफेंडर का मैच में कमजोर खेल टीम पर भारी पड़ा।,negative,sports,0
आज चैंपियन ने फाइनल में जबरदस्त खेल दिखाकर लगातार अच्छा प्रदर्शन किया।,positive,sports,2
युवा खिलाड़ी की सेट में लचर रणनीति काम नहीं आई।,negative,sports,0
घरेलू मैदान पर युवा खिलाड़ी ने सेट में शानदार खेल दिखाकर दबदबा कायम रखा।,positive,sports,2
लंबे ब्रेक के बाद युवा शटलर का मुकाबला में असंगत खेल टीम पर भारी पड़ा।,negative,sports,0
यह खबर मेरे लिए मायने नहीं रखती।,neutral,sentihin,1
भारतीय खिलाड़ी ने मैच में निराश करने वाला प्रदर्शन किया और दबाव में बिखर गई।,negative,sports,0
मुझे यह काम बहुत बोरिंग लगता है।,negative,sentihin,0
महत्वपूर्ण मौके पर युवा खिलाड़ी फाइनल से पहले प्रशिक्षण कर रहा है।,neutral,sports,1
एथलीट ने रेस में बेअसर प्रदर्शन किया और महत्वपूर्ण मौका गंवाया।,negative,sports,0
खिलाड़ी ने मुकाबला में लचर प्रदर्शन किया और महत्वपूर्ण मौका गंवाया।,negative,sports,0
सीरीज लगातार तीसरे मैच में आयोजित होगा और भारत इसमें हिस्सा लेगा।,neutral,sports,1
खिलाड़ी ने प्रतियोगिता में बेअसर खेल दिखाया और टीम को नुकसान हुआ।,negative,sports,0
निर्णायक मैच में बल्लेबाज रन चेज से पहले प्रशिक्षण कर रहा है।,neutral,sports,1
भारतीय खिलाड़ी ने फाइनल में शानदार प्रदर्शन करते हुए लगातार अच्छा प्रदर्शन किया।,positive,sports,2
मुझे यह उपहार पसंद आया।,positive,sentihin,2
प्रतियोगिता घरेलू मैदान पर आयोजित होगा और भारतीय धावक इसमें हिस्सा लेगा।,neutral,sports,1
बल्लेबाज ने ओवर में लाजवाब प्रदर्शन करते हुए दबदबा कायम रखा।,positive,sports,2
आज कप्तान ने मुकाबला से पहले प्रशिक्षण पूरा किया।,neutral,sports,1
तुम्हारा यह काम प्रशंसनीय है।,positive,sentihin,2
इस मुकाबले में गेंदबाज का रन चेज में निराश करने वाला खेल टीम पर भारी पड़ा।,negative,sports,0
प्रशंसकों के सामने खिलाड़ी ने सेट में लाजवाब खेल दिखाकर मुकाबला अपने नाम कर लिया।,positive,sports,2
फाइनल घरेलू मैदान पर आयोजित होगा और टेनिस स्टार इसमें हिस्सा लेगा।,neutral,sports,1
निर्णायक मैच में डिफेंडर का मुकाबला में असंगत खेल टीम पर भारी पड़ा।,negative,sports,0
लगातार तीसरे मैच में गोलकीपर का फाइनल में असंगत खेल टीम पर भारी पड़ा।,negative,sports,0
लगातार तीसरे मैच में कप्तान का सेमीफाइनल में फीका खेल टीम पर भारी पड़ा।,negative,sports,0
युवा शटलर ने फाइनल में असंगत प्रदर्शन किया और अपनी लय खो दी।,negative,sports,0
प्रशंसकों के सामने भारतीय टीम ने मैच से पहले प्रशिक्षण पूरा किया।,neutral,sports,1
घरेलू मैदान पर चैंपियन ने मैच में उत्कृष्ट खेल दिखाकर दबदबा कायम रखा।,positive,sports,2
यह फिल्म एकदम घटिया और असफल रही।,negative,sentihin,0
निर्णायक मैच में खिलाड़ी ने सेट से पहले प्रशिक्षण पूरा किया।,neutral,sports,1
पारी टूर्नामेंट के अहम चरण में आयोजित होगा और कप्तान इसमें हिस्सा लेगा।,neutral,sports,1
इस मुकाबले में भारतीय शटलर ने फाइनल में शानदार खेल दिखाकर दबदबा कायम रखा।,positive,sports,2
मुझे यह तरीका गलत लगता है।,negative,sentihin,0
घरेलू मैदान पर टेनिस स्टार ने क्वार्टरफाइनल में बेहतरीन तालमेल के साथ जीत हासिल की।,positive,sports,2
घरेलू मैदान पर भारतीय टीम का ओवर में लचर खेल टीम पर भारी पड़ा।,negative,sports,0
कप्तान ने फाइनल के लिए नया अभ्यास कार्यक्रम शुरू किया।,neutral,sports,1
रेडर ने मुकाबला में बेअसर प्रदर्शन किया और अपनी लय खो दी।,negative,sports,0
महत्वपूर्ण मौके पर बल्लेबाज पारी से पहले प्रशिक्षण कर रहा है।,neutral,sports,1
विकेटकीपर ने मुकाबला में शानदार प्रदर्शन करते हुए मुकाबला अपने नाम कर लिया।,positive,sports,2
महत्वपूर्ण मौके पर भारतीय शटलर का मैच में असंगत खेल टीम पर भारी पड़ा।,negative,sports,0
दबाव वाले मुकाबले में बल्लेबाज ने ओवर में धमाकेदार खेल दिखाकर जीत दर्ज की।,positive,sports,2
घरेलू मैदान पर भारतीय धावक ने इवेंट से पहले प्रशिक्षण पूरा किया।,neutral,sports,1
रेडर फाइनल के लिए टूर्नामेंट में हिस्सा ले रही है।,neutral,sports,1
प्रशंसकों के सामने भारतीय टीम ने प्लेऑफ में धमाकेदार खेल दिखाकर महत्वपूर्ण योगदान दिया।,positive,sports,2
इस मुकाबले में बल्लेबाज ने ओवर से पहले प्रशिक्षण पूरा किया।,neutral,sports,1
उसका तिरस्कार भरा व्यवहार दिल को गहरे तक चोट पहुँचा गया।,negative,sentihin,0
मुझे इसमें कोई खास असर महसूस नहीं हुआ।,neutral,sentihin,1
डिफेंडर ने सेमीफाइनल में लचर खेल दिखाया और टीम को नुकसान हुआ।,negative,sports,0
गेंदबाज की टीम रन चेज के लिए अपनी अंतिम सूची तैयार कर रही है।,neutral,sports,1
आज हॉकी टीम मैच से पहले प्रशिक्षण कर रहा है।,neutral,sports,1
कप्तान अगले सेमीफाइनल से पहले कोच के साथ बैठक करेगा।,neutral,sports,1
मौसम आज सामान्य है।,neutral,sentihin,1
इस मुकाबले में कप्तान लीग मैच से पहले प्रशिक्षण कर रहा है।,neutral,sports,1
Is tournament mein Team ka performance bahut disappointing raha,negative,sports,0
सेट लगातार तीसरे मैच में आयोजित होगा और टेनिस स्टार इसमें हिस्सा लेगा।,neutral,sports,1
यह निर्णय एकदम असंतोषजनक साबित हुआ।,negative,sentihin,0
आपकी सोच हमेशा नई दिशा देती है।,positive,sentihin,2
डिफेंडर ने मैच में खराब प्रदर्शन किया और महत्वपूर्ण मौका गंवाया।,negative,sports,0
वह व्यवहार सभी के लिए अपमानजनक साबित हुआ।,negative,sentihin,0
प्रशंसकों के सामने रेडर फाइनल से पहले प्रशिक्षण कर रहा है।,neutral,sports,1
महत्वपूर्ण मौके पर जोड़ी का मैच में खराब खेल टीम पर भारी पड़ा।,negative,sports,0
खिलाड़ी प्रतियोगिता के लिए अगले मुकाबले की तैयारी कर रही है।,neutral,sports,1
इस मुकाबले में हॉकी टीम का फाइनल में फीका खेल टीम पर भारी पड़ा।,negative,sports,0
लंबे ब्रेक के बाद धाविका ने प्रतियोगिता में कमाल का खेल दिखाकर महत्वपूर्ण योगदान दिया।,positive,sports,2
महत्वपूर्ण मौके पर डिफेंडर ने मुकाबला में कमाल का खेल दिखाकर मुकाबला अपने नाम कर लिया।,positive,sports,2
निर्णायक मैच में एथलीट फाइनल से पहले प्रशिक्षण कर रहा है।,neutral,sports,1
गोलकीपर के मुकाबला में उत्कृष्ट प्रदर्शन से टीम को फायदा हुआ।,positive,sports,2
खिलाड़ी ने लीग मैच में कमाल का प्रदर्शन करते हुए मुकाबला अपने नाम कर लिया।,positive,sports,2
लीग मैच टूर्नामेंट के अहम चरण में आयोजित होगा और भारतीय टीम इसमें हिस्सा लेगा।,neutral,sports,1
इस मुकाबले में गोलकीपर ने लीग मैच में लाजवाब खेल दिखाकर मुकाबला अपने नाम कर लिया।,positive,sports,2
लगातार तीसरे मैच में बल्लेबाज ने रन चेज में बेहतरीन खेल दिखाकर दबदबा कायम रखा।,positive,sports,2
फाइनल लगातार तीसरे मैच में आयोजित होगा और भारतीय शटलर इसमें हिस्सा लेगा।,neutral,sports,1
बल्लेबाज ने ओवर में कमजोर प्रदर्शन किया और दबाव में बिखर गई।,negative,sports,0
लंबे ब्रेक के बाद युवा शटलर ने मुकाबला से पहले प्रशिक्षण पूरा किया।,neutral,sports,1
आपकी सोच हमेशा उत्साह बढ़ाती है।,positive,sentihin,2
लंबे ब्रेक के बाद गोलकीपर ने मुकाबला में जबरदस्त खेल दिखाकर जीत दर्ज की।,positive,sports,2
उनकी मदद सराहनीय थी,positive,sentihin,2
मेरी पत्नी ने आज एक नई रेसिपी बनाई।,positive,sentihin,2
आपका अनुभव सुनकर अच्छा लगा।,positive,sentihin,2
टेनिस स्टार सेट के लिए टूर्नामेंट में हिस्सा ले रही है।,neutral,sports,1
लंबे ब्रेक के बाद टेनिस स्टार ने सेट में जबरदस्त खेल दिखाकर दबदबा कायम रखा।,positive,sports,2
मुझे वह सुझाव व्यर्थ लगा।,negative,sentihin,0
घरेलू मैदान पर डिफेंडर ने लीग मैच में उत्कृष्ट खेल दिखाकर दबदबा कायम रखा।,positive,sports,2
इस यात्रा ने मुझे बहुत कुछ सिखाया।,positive,sentihin,2
यह सेवा बेहद निराशाजनक थी।,negative,sentihin,0
फाइनल टूर्नामेंट के अहम चरण में आयोजित होगा और भारतीय शटलर इसमें हिस्सा लेगा।,neutral,sports,1
लंबे ब्रेक के बाद खिलाड़ी का लीग मैच में निराशाजनक खेल टीम पर भारी पड़ा।,negative,sports,0
मुकाबला दबाव वाले मुकाबले में आयोजित होगा और हॉकी टीम इसमें हिस्सा लेगा।,neutral,sports,1
टूर्नामेंट के अहम चरण में एथलीट ने प्रतियोगिता में बेहतरीन खेल दिखाकर महत्वपूर्ण योगदान दिया।,positive,sports,2
मुझे इससे गहरा दुख हुआ।,negative,sentihin,0
विकेटकीपर ने सीरीज में फीका प्रदर्शन किया और दबाव में बिखर गई।,negative,sports,0
इस मुकाबले में खिलाड़ी सेट से पहले प्रशिक्षण कर रहा है।,neutral,sports,1
आपका व्यवहार बहुत सम्मानजनक है।,positive,sentihin,2
दौड़ दबाव वाले मुकाबले में आयोजित होगा और खिलाड़ी इसमें हिस्सा लेगा।,neutral,sports,1
इस मुकाबले में गोलकीपर ने मैच में कमाल का खेल दिखाकर लगातार अच्छा प्रदर्शन किया।,positive,sports,2
इस मुकाबले में भारतीय टीम सीरीज से पहले प्रशिक्षण कर रहा है।,neutral,sports,1
प्रशंसकों के सामने भारतीय टीम ने लीग मैच में शानदार खेल दिखाकर महत्वपूर्ण योगदान दिया।,positive,sports,2
मुझे वहाँ की व्यवस्था घटिया लगी।,negative,sentihin,0
मुझे इस विषय पर कोई ठोस राय नहीं बन पाई।,neutral,sentihin,1
घरेलू मैदान पर क्लब ने लीग मैच में कमाल का खेल दिखाकर मुकाबला अपने नाम कर लिया।,positive,sports,2
भारत ने सीरीज में निराशाजनक प्रदर्शन किया और महत्वपूर्ण मौका गंवाया।,negative,sports,0
प्रशंसकों के सामने खिलाड़ी का प्रतियोगिता में फीका खेल टीम पर भारी पड़ा।,negative,sports,0
टूर्नामेंट के अहम चरण में युवा खिलाड़ी ने मुकाबला से पहले प्रशिक्षण पूरा किया।,neutral,sports,1
प्रशंसकों के सामने खिलाड़ी ने सेट में यादगार खेल दिखाकर जीत दर्ज की।,positive,sports,2
मुझे इसमें कुछ खास नहीं मिला।,neutral,sentihin,1
मुझे यह खाना बिल्कुल पसंद नहीं आया।,negative,sentihin,0
यात्रा के दौरान कोई कठिनाई नहीं हुई,positive,sentihin,2
मुझे इससे कोई विशेष फर्क नहीं।,neutral,sentihin,1
मुझे यह आदत बुरी लगती है।,negative,sentihin,0
आज जोड़ी ने मुकाबला से पहले प्रशिक्षण पूरा किया।,neutral,sports,1
कप्तान ने सेट में कमजोर प्रदर्शन किया और उम्मीदों पर खरी नहीं उतरी।,negative,sports,0
धाविका रेस के लिए अगले मुकाबले की तैयारी कर रही है।,neutral,sports,1
कप्तान ने मुकाबला में निराशाजनक प्रदर्शन किया और दबाव में बिखर गई।,negative,sports,0
गोलकीपर फाइनल के लिए रणनीति पर चर्चा कर रही है।,neutral,sports,1
यह फैसला पूरी तरह असफल था।,negative,sentihin,0
यह प्रयास व्यर्थ रहा।,negative,sentihin,0
रसोई में खाना बन रहा है।,neutral,sentihin,1
मैच आज आयोजित होगा और भारतीय शटलर इसमें हिस्सा लेगा।,neutral,sports,1
दबाव वाले मुकाबले में डिफेंडर ने लीग मैच में लाजवाब खेल दिखाकर शानदार वापसी की।,positive,sports,2
चैंपियन ने फाइनल के लिए तैयारी शुरू कर दी।,neutral,sports,1
इस मुकाबले में खिलाड़ी ने फाइनल से पहले प्रशिक्षण पूरा किया।,neutral,sports,1
तुम्हारे मुस्कराते चेहरे को देखना ही सुकून देता है।,positive,sentihin,2
मैच लगातार तीसरे मैच में आयोजित होगा और हॉकी टीम इसमें हिस्सा लेगा।,neutral,sports,1
डिफेंडर ने फाइनल में जबरदस्त प्रदर्शन करते हुए मुकाबला अपने नाम कर लिया।,positive,sports,2
यह कंप्यूटर बहुत पुराना और धीमा है।,negative,sentihin,0
लंबे ब्रेक के बाद भारतीय धावक ने इवेंट में धमाकेदार खेल दिखाकर मुकाबला अपने नाम कर लिया।,positive,sports,2
मुझे यह खबर सुनकर दुख हुआ।,negative,sentihin,0
टूर्नामेंट के अहम चरण में जोड़ी मैच से पहले प्रशिक्षण कर रहा है।,neutral,sports,1
टूर्नामेंट के अहम चरण में भारतीय टीम ने फाइनल में कमाल का खेल दिखाकर लगातार अच्छा प्रदर्शन किया।,positive,sports,2
जोड़ी के सेट में यादगार प्रदर्शन से टीम को फायदा हुआ।,positive,sports,2
कप्तान ने क्वार्टरफाइनल में लचर प्रदर्शन किया और बढ़त गंवा दी।,negative,sports,0
इस मुकाबले में डिफेंडर ने फाइनल से पहले प्रशिक्षण पूरा किया।,neutral,sports,1
विकेटकीपर मैच के लिए अगले दौर के लिए पहुंची।,neutral,sports,1
हॉकी टीम ने मैच के लिए तैयारी शुरू कर दी।,neutral,sports,1
आज डिफेंडर ने सेमीफाइनल में कमाल का खेल दिखाकर महत्वपूर्ण योगदान दिया।,positive,sports,2
दुकान शाम छह बजे बंद हो जाती है।,neutral,sentihin,1
गेंदबाज ने मुकाबला में यादगार खेल दिखाया और टीम को जीत दिलाई।,positive,sports,2
घरेलू मैदान पर युवा शटलर गेम से पहले प्रशिक्षण कर रहा है।,neutral,sports,1
लंबे ब्रेक के बाद रेडर का लीग मैच में निराशाजनक खेल टीम पर भारी पड़ा।,negative,sports,0
प्रस्तुति में कोई नवीनता नहीं दिखी,neutral,sentihin,1
महत्वपूर्ण मौके पर कप्तान ने मैच में यादगार खेल दिखाकर दबदबा कायम रखा।,positive,sports,2
मुझे इस विषय पर तटस्थ रहना है।,neutral,sentihin,1
क्वार्टरफाइनल निर्णायक मैच में आयोजित होगा और भारतीय खिलाड़ी इसमें हिस्सा लेगा।,neutral,sports,1
खिलाड़ी दौड़ के लिए प्रशिक्षण जारी रखे हुए है।,neutral,sports,1
टूर्नामेंट के अहम चरण में भारतीय टीम ने मैच से पहले प्रशिक्षण पूरा किया।,neutral,sports,1
मैं इस बारे में कोई राय नहीं दे सकता।,neutral,sentihin,1
आज युवा खिलाड़ी ने क्वार्टरफाइनल में बेहतरीन खेल दिखाकर शानदार वापसी की।,positive,sports,2
डिफेंडर ने फाइनल में जबरदस्त खेल दिखाया और टीम को जीत दिलाई।,positive,sports,2
दबाव वाले मुकाबले में कप्तान मुकाबला से पहले प्रशिक्षण कर रहा है।,neutral,sports,1
इस मुकाबले में भारतीय टीम का मुकाबला में फीका खेल टीम पर भारी पड़ा।,negative,sports,0
इस मुकाबले में फॉरवर्ड ने फाइनल में धमाकेदार खेल दिखाकर महत्वपूर्ण योगदान दिया।,positive,sports,2
सेट घरेलू मैदान पर आयोजित होगा और खिलाड़ी इसमें हिस्सा लेगा।,neutral,sports,1
महत्वपूर्ण मौके पर भारतीय टीम लीग मैच से पहले प्रशिक्षण कर रहा है।,neutral,sports,1
गोलकीपर अगले मैच से पहले कोच के साथ बैठक करेगा।,neutral,sports,1
आपका साथ पाकर खुद को भाग्यशाली समझता हूं।,positive,sentihin,2
प्रशंसकों के सामने खिलाड़ी ने मुकाबला में शानदार खेल दिखाकर दबदबा कायम रखा।,positive,sports,2
आज गेंदबाज ने सीरीज में कमाल का खेल दिखाकर लगातार अच्छा प्रदर्शन किया।,positive,sports,2
लंबे ब्रेक के बाद कप्तान ने फाइनल में जबरदस्त खेल दिखाकर मुकाबला अपने नाम कर लिया।,positive,sports,2
महत्वपूर्ण मौके पर विकेटकीपर ने सीरीज में धमाकेदार खेल दिखाकर शानदार वापसी की।,positive,sports,2
इस मुकाबले में युवा एथलीट ने दौड़ में बेहतरीन खेल दिखाकर शानदार वापसी की।,positive,sports,2
निर्णायक मैच में टेनिस स्टार ने मैच में जबरदस्त खेल दिखाकर मुश्किल स्थिति से बाहर निकली।,positive,sports,2
क्लब फाइनल के लिए टूर्नामेंट में हिस्सा ले रही है।,neutral,sports,1
प्रशंसकों के सामने भारत मुकाबला से पहले प्रशिक्षण कर रहा है।,neutral,sports,1
लंबे ब्रेक के बाद फॉरवर्ड का लीग मैच में फीका खेल टीम पर भारी पड़ा।,negative,sports,0
लंबे ब्रेक के बाद गोलकीपर ने सेमीफाइनल में कई आसान मौके गंवाए।,negative,sports,0
रेडर ने प्लेऑफ में निराशाजनक प्रदर्शन किया और उम्मीदों पर खरी नहीं उतरी।,negative,sports,0
आपके विचार मेरे लिए महत्वपूर्ण हैं।,positive,sentihin,2
लंबे ब्रेक के बाद फॉरवर्ड ने लीग मैच में बेहतरीन तालमेल के साथ जीत हासिल की।,positive,sports,2
दबाव वाले मुकाबले में खिलाड़ी का फाइनल में फीका खेल टीम पर भारी पड़ा।,negative,sports,0
महत्वपूर्ण मौके पर भारतीय टीम ने मैच में जबरदस्त खेल दिखाकर महत्वपूर्ण योगदान दिया।,positive,sports,2
हॉकी टीम की मैच में लचर रणनीति काम नहीं आई।,negative,sports,0
टूर्नामेंट के अहम चरण में भारतीय धावक का फाइनल में फीका खेल टीम पर भारी पड़ा।,negative,sports,0
दबाव वाले मुकाबले में डिफेंडर ने फाइनल में शानदार खेल दिखाकर जीत दर्ज की।,positive,sports,2
यह फिल्म देखने लायक है,positive,sentihin,2
युवा एथलीट ने प्रतियोगिता में बेअसर प्रदर्शन किया और उम्मीदों पर खरी नहीं उतरी।,negative,sports,0
लंबे ब्रेक के बाद खिलाड़ी इवेंट से पहले प्रशिक्षण कर रहा है।,neutral,sports,1
टूर्नामेंट के अहम चरण में भारतीय धावक ने रेस में बेहतरीन खेल दिखाकर मुश्किल स्थिति से बाहर निकली।,positive,sports,2
खिलाड़ी ने मैच में बेअसर प्रदर्शन किया और उम्मीदों पर खरी नहीं उतरी।,negative,sports,0
सेवा का अनुभव अच्छा रहा,positive,sentihin,2
घरेलू मैदान पर बल्लेबाज ने मुकाबला से पहले प्रशिक्षण पूरा किया।,neutral,sports,1
लगातार तीसरे मैच में क्लब का मैच में निराश करने वाला खेल टीम पर भारी पड़ा।,negative,sports,0
दबाव वाले मुकाबले में क्लब ने सेमीफाइनल में बेहतरीन खेल दिखाकर लगातार अच्छा प्रदर्शन किया।,positive,sports,2
भारतीय टीम फाइनल के लिए अगले दौर के लिए पहुंची।,neutral,sports,1
प्रशंसकों के सामने खिलाड़ी का मैच में फीका खेल टीम पर भारी पड़ा।,negative,sports,0
डिफेंडर फाइनल के लिए अगले मुकाबले की तैयारी कर रही है।,neutral,sports,1
कप्तान ने फाइनल में बेअसर प्रदर्शन किया और अपनी लय खो दी।,negative,sports,0
इस मुकाबले में गोलकीपर ने लीग मैच में जबरदस्त खेल दिखाकर महत्वपूर्ण योगदान दिया।,positive,sports,2
निर्णायक मैच में कप्तान ने फाइनल में जबरदस्त खेल दिखाकर जीत दर्ज की।,positive,sports,2
दबाव वाले मुकाबले में भारतीय टीम ने मैच में लाजवाब खेल दिखाकर लगातार अच्छा प्रदर्शन किया।,positive,sports,2
मुकाबला घरेलू मैदान पर आयोजित होगा और बल्लेबाज इसमें हिस्सा लेगा।,neutral,sports,1
तुम्हारे विचारों की गहराई ने मुझे सोचने पर मजबूर कर दिया।,positive,sentihin,2
युवा एथलीट ने फाइनल में कमजोर प्रदर्शन किया और महत्वपूर्ण मौका गंवाया।,negative,sports,0
शाम के मुकाबले में टीम ने मुश्किल हालात में शानदार जीत हासिल की।,positive,sports,2
मैं इस बारे में कुछ खास नहीं कह सकता।,neutral,sentihin,1
घरेलू मैदान पर क्लब का सेमीफाइनल में निराशाजनक खेल टीम पर भारी पड़ा।,negative,sports,0
मुझे यह प्रस्ताव अस्वीकार्य लगा,negative,sentihin,0
मैच इस मुकाबले में आयोजित होगा और डिफेंडर इसमें हिस्सा लेगा।,neutral,sports,1
हॉकी टीम ने सेमीफाइनल में खराब प्रदर्शन किया और बढ़त गंवा दी।,negative,sports,0
महत्वपूर्ण मौके पर भारतीय टीम का लीग मैच में निराश करने वाला खेल टीम पर भारी पड़ा।,negative,sports,0
युवा शटलर ने मैच में खराब प्रदर्शन किया और लगातार गलतियां कीं।,negative,sports,0
दबाव वाले मुकाबले में डिफेंडर फाइनल से पहले प्रशिक्षण कर रहा है।,neutral,sports,1
टूर्नामेंट के अहम चरण में एथलीट ने इवेंट में लाजवाब खेल दिखाकर जीत दर्ज की।,positive,sports,2
घरेलू मैदान पर खिलाड़ी ने मुकाबला में यादगार खेल दिखाकर शानदार वापसी की।,positive,sports,2
यह निर्णय पूरी तरह अस्वीकार्य था।,negative,sentihin,0
खिलाड़ी ने मैच में निराश करने वाला प्रदर्शन किया और मुकाबला गंवा दिया।,negative,sports,0
लंबे ब्रेक के बाद धाविका का इवेंट में निराश करने वाला खेल टीम पर भारी पड़ा।,negative,sports,0
यह फिल्म देखकर मुझे बहुत पछतावा हुआ।,negative,sentihin,0
लीग मैच लगातार तीसरे मैच में आयोजित होगा और कप्तान इसमें हिस्सा लेगा।,neutral,sports,1
यह प्रयास पूरी तरह असफल रहा।,negative,sentihin,0
प्रशंसकों के सामने कप्तान का क्वार्टरफाइनल में बेअसर खेल टीम पर भारी पड़ा।,negative,sports,0
कप्तान ने मुकाबला में निराशाजनक प्रदर्शन किया और लगातार गलतियां कीं।,negative,sports,0
दबाव वाले मुकाबले में कप्तान का सेमीफाइनल में असंगत खेल टीम पर भारी पड़ा।,negative,sports,0
भारतीय टीम के फाइनल में जबरदस्त प्रदर्शन से टीम को फायदा हुआ।,positive,sports,2
लंबे ब्रेक के बाद फॉरवर्ड ने सेमीफाइनल से पहले प्रशिक्षण पूरा किया।,neutral,sports,1
मेरी मां ने आज एक सुंदर पेंटिंग बनाई।,positive,sentihin,2
इस मुकाबले में युवा खिलाड़ी ने फाइनल में कमाल का खेल दिखाकर मुश्किल स्थिति से बाहर निकली।,positive,sports,2
आज गोलकीपर फाइनल से पहले प्रशिक्षण कर रहा है।,neutral,sports,1
दबाव वाले मुकाबले में रेडर ने फाइनल में उत्कृष्ट खेल दिखाकर मुकाबला अपने नाम कर लिया।,positive,sports,2
निर्णायक मैच में हॉकी टीम ने लीग मैच में शानदार खेल दिखाकर दबदबा कायम रखा।,positive,sports,2
मुझे इस विषय में कोई जानकारी नहीं है,neutral,sentihin,1
फॉरवर्ड की लीग मैच में असंगत रणनीति काम नहीं आई।,negative,sports,0
लगातार तीसरे मैच में युवा खिलाड़ी का मुकाबला में बेअसर खेल टीम पर भारी पड़ा।,negative,sports,0
प्रशंसकों के सामने क्लब फाइनल से पहले प्रशिक्षण कर रहा है।,neutral,sports,1
मैच टूर्नामेंट के अहम चरण में आयोजित होगा और खिलाड़ी इसमें हिस्सा लेगा।,neutral,sports,1
इस मुकाबले में भारतीय टीम ने मैच में जबरदस्त खेल दिखाकर दबदबा कायम रखा।,positive,sports,2
यह सेवा पूरी तरह बेकार थी।,negative,sentihin,0
आज कप्तान ने फाइनल में शानदार खेल दिखाकर महत्वपूर्ण योगदान दिया।,positive,sports,2
यह निर्णय पूरी तरह निराशाजनक रहा।,negative,sentihin,0
निर्णायक मैच में डिफेंडर का फाइनल में निराश करने वाला खेल टीम पर भारी पड़ा।,negative,sports,0
मुझे इस पर कोई भावनाएँ नहीं हैं।,neutral,sentihin,1
सीरीज लगातार तीसरे मैच में आयोजित होगा और भारतीय टीम इसमें हिस्सा लेगा।,neutral,sports,1
क्लब ने मुकाबला में कमजोर प्रदर्शन किया और उम्मीदों पर खरी नहीं उतरी।,negative,sports,0
महत्वपूर्ण मौके पर युवा शटलर मुकाबला से पहले प्रशिक्षण कर रहा है।,neutral,sports,1
यह काम निराशाजनक था।,negative,sentihin,0
कप्तान ने मैच में निराशाजनक खेल दिखाया और टीम को नुकसान हुआ।,negative,sports,0
लंबे ब्रेक के बाद रेडर ने फाइनल में यादगार खेल दिखाकर महत्वपूर्ण योगदान दिया।,positive,sports,2
सेवा का अनुभव औसत रहा,neutral,sentihin,1
यह खाना बिल्कुल बेस्वाद है।,negative,sentihin,0
भारतीय टीम ने मैच के लिए यात्रा कार्यक्रम साझा किया।,neutral,sports,1
लगातार तीसरे मैच में डिफेंडर मैच से पहले प्रशिक्षण कर रहा है।,neutral,sports,1
यह ऐप उपयोग में आसान है,positive,sentihin,2
टूर्नामेंट के अहम चरण में विकेटकीपर ने सीरीज में यादगार खेल दिखाकर महत्वपूर्ण योगदान दिया।,positive,sports,2
मुझे इससे कोई फर्क नहीं पड़ता।,neutral,sentihin,1
लंबे ब्रेक के बाद डिफेंडर ने लीग मैच में बेहतरीन खेल दिखाकर लगातार अच्छा प्रदर्शन किया।,positive,sports,2
मुझे इसका संगीत अच्छा लगा,positive,sentihin,2
दबाव वाले मुकाबले में खिलाड़ी का मैच में कमजोर खेल टीम पर भारी पड़ा।,negative,sports,0
मुझे इसमें कुछ खास नजर नहीं आता।,neutral,sentihin,1
आज हॉकी टीम ने सेमीफाइनल में उत्कृष्ट खेल दिखाकर मुश्किल स्थिति से बाहर निकली।,positive,sports,2
धाविका ने फाइनल में निराशाजनक प्रदर्शन किया और बढ़त गंवा दी।,negative,sports,0
टूर्नामेंट के अहम चरण में युवा खिलाड़ी फाइनल से पहले प्रशिक्षण कर रहा है।,neutral,sports,1
भारतीय खिलाड़ी ने फाइनल में लचर प्रदर्शन किया और बढ़त गंवा दी।,negative,sports,0
आज गोलकीपर ने मुकाबला में लाजवाब खेल दिखाकर मुश्किल स्थिति से बाहर निकली।,positive,sports,2
तुम्हारी प्रशंसा सुनकर खुशी हुई।,positive,sentihin,2
यह फिल्म समय की बर्बादी थी।,negative,sentihin,0
युवा शटलर फाइनल के लिए मैच के लिए रवाना हुई।,neutral,sports,1
मैं इस बात से बहुत दुखी हूं।,negative,sentihin,0
कप्तान रन चेज के लिए अभ्यास सत्र में शामिल हुई।,neutral,sports,1
युवा एथलीट दौड़ के लिए रणनीति पर चर्चा कर रही है।,neutral,sports,1
यह प्रस्तुति औसत थी,neutral,sentihin,1
घरेलू मैदान पर कप्तान ने मैच में कमाल का खेल दिखाकर महत्वपूर्ण योगदान दिया।,positive,sports,2
टूर्नामेंट के अहम चरण में खिलाड़ी ने गेम में जबरदस्त खेल दिखाकर शानदार वापसी की।,positive,sports,2
दबाव वाले मुकाबले में भारतीय टीम ने सेमीफाइनल से पहले प्रशिक्षण पूरा किया।,neutral,sports,1
ट्रेन तीन घंटे लेट है।,negative,sentihin,0
गेंदबाज अगले ओवर से पहले कोच के साथ बैठक करेगा।,neutral,sports,1
घरेलू मैदान पर क्लब का सेमीफाइनल में असंगत खेल टीम पर भारी पड़ा।,negative,sports,0
आज क्लब फाइनल से पहले प्रशिक्षण कर रहा है।,neutral,sports,1
निर्णायक मैच में भारतीय धावक ने रेस से पहले प्रशिक्षण पूरा किया।,neutral,sports,1
सेमीफाइनल लगातार तीसरे मैच में आयोजित होगा और फॉरवर्ड इसमें हिस्सा लेगा।,neutral,sports,1
लगातार तीसरे मैच में खिलाड़ी का दौड़ में निराशाजनक खेल टीम पर भारी पड़ा।,negative,sports,0
इस मुकाबले में जोड़ी का मैच में कमजोर खेल टीम पर भारी पड़ा।,negative,sports,0
खिलाड़ी ने क्वार्टरफाइनल में कमजोर प्रदर्शन किया और महत्वपूर्ण मौका गंवाया।,negative,sports,0
डिफेंडर का कमजोर प्रदर्शन सेमीफाइनल में हार का कारण बना।,negative,sports,0
मैं रोज़ाना अपने जीवन में संतुलन बनाए रखने की कोशिश करता हूं।,neutral,sentihin,1
आपका सहयोग सदा सराहनीय रहेगा।,positive,sentihin,2
टूर्नामेंट के अहम चरण में भारत का रन चेज में निराशाजनक खेल टीम पर भारी पड़ा।,negative,sports,0
आपकी सोच सदा सकारात्मक ऊर्जा देती है।,positive,sentihin,2
एथलीट ने इवेंट में असंगत प्रदर्शन किया और दबाव में बिखर गई।,negative,sports,0
खिलाड़ी सेट के लिए रणनीति पर चर्चा कर रही है।,neutral,sports,1
इस मुकाबले में खिलाड़ी ने फाइनल में बेहतरीन खेल दिखाकर मुकाबला अपने नाम कर लिया।,positive,sports,2
महत्वपूर्ण मौके पर डिफेंडर फाइनल से पहले प्रशिक्षण कर रहा है।,neutral,sports,1
इस प्रोडक्ट की कीमत काफी ज्यादा है,negative,sentihin,0
दबाव वाले मुकाबले में युवा खिलाड़ी का क्वार्टरफाइनल में खराब खेल टीम पर भारी पड़ा।,negative,sports,0
महत्वपूर्ण मौके पर खिलाड़ी ने फाइनल में धमाकेदार खेल दिखाकर महत्वपूर्ण योगदान दिया।,positive,sports,2
धाविका ने प्रतियोगिता में लचर प्रदर्शन किया और दबाव में बिखर गई।,negative,sports,0
लंबे ब्रेक के बाद हॉकी टीम का फाइनल में फीका खेल टीम पर भारी पड़ा।,negative,sports,0
सेट इस मुकाबले में आयोजित होगा और युवा शटलर इसमें हिस्सा लेगा।,neutral,sports,1
गोलकीपर अगले लीग मैच से पहले कोच के साथ बैठक करेगा।,neutral,sports,1
आज डिफेंडर ने फाइनल में जबरदस्त खेल दिखाकर मुश्किल स्थिति से बाहर निकली।,positive,sports,2
घरेलू मैदान पर रेडर मैच से पहले प्रशिक्षण कर रहा है।,neutral,sports,1
युवा खिलाड़ी ने फाइनल में लचर प्रदर्शन किया और उम्मीदों पर खरी नहीं उतरी।,negative,sports,0
फैसला अभी स्पष्ट नहीं है,neutral,sentihin,1
कप्तान ने मैच में जबरदस्त प्रदर्शन करते हुए लगातार अच्छा प्रदर्शन किया।,positive,sports,2
प्रशंसकों के सामने डिफेंडर ने प्लेऑफ में जबरदस्त खेल दिखाकर जीत दर्ज की।,positive,sports,2
आपकी सहायता मेरे लिए अमूल्य रही।,positive,sentihin,2
घरेलू मैदान पर खिलाड़ी ने दौड़ में धमाकेदार खेल दिखाकर लगातार अच्छा प्रदर्शन किया।,positive,sports,2
निर्णायक मैच में भारतीय टीम का सेमीफाइनल में असंगत खेल टीम पर भारी पड़ा।,negative,sports,0
मुझे वहाँ का खाना बेस्वाद लगा।,negative,sentihin,0
वह सेवा समय पर और उत्तम थी।,positive,sentihin,2
खिलाड़ी की क्वार्टरफाइनल में फीका रणनीति काम नहीं आई।,negative,sports,0
निर्णायक मैच में डिफेंडर ने लीग मैच में लाजवाब खेल दिखाकर मुकाबला अपने नाम कर लिया।,positive,sports,2
गोलकीपर ने मुकाबला में फीका प्रदर्शन किया और बढ़त गंवा दी।,negative,sports,0
यह उपहार मेरे लिए खुशी की बात है।,positive,sentihin,2
यह अवसर सुखद रहा।,positive,sentihin,2
लगातार तीसरे मैच में हॉकी टीम ने मुकाबला में शानदार खेल दिखाकर मुकाबला अपने नाम कर लिया।,positive,sports,2
आज बल्लेबाज ने मैच में यादगार खेल दिखाकर दबदबा कायम रखा।,positive,sports,2
मैच लंबे ब्रेक के बाद आयोजित होगा और हॉकी टीम इसमें हिस्सा लेगा।,neutral,sports,1
फाइनल लंबे ब्रेक के बाद आयोजित होगा और जोड़ी इसमें हिस्सा लेगा।,neutral,sports,1
यह अनुभव बेहद दुखद रहा।,negative,sentihin,0
मुझे यह नीति गलत लगती है।,negative,sentihin,0
इस मुकाबले में टेनिस स्टार ने फाइनल में बेहतरीन तालमेल के साथ जीत हासिल की।,positive,sports,2
Pressure ke beech Player ne brilliant performance diya,positive,sports,2
महत्वपूर्ण मौके पर खिलाड़ी का फाइनल में बेअसर खेल टीम पर भारी पड़ा।,negative,sports,0
भारतीय टीम ने मैच में निराश करने वाला प्रदर्शन किया और उम्मीदों पर खरी नहीं उतरी।,negative,sports,0
लंबे ब्रेक के बाद कप्तान ने प्लेऑफ में धमाकेदार खेल दिखाकर मुश्किल स्थिति से बाहर निकली।,positive,sports,2
टूर्नामेंट के अहम चरण में कप्तान ने मुकाबला में जबरदस्त खेल दिखाकर मुकाबला अपने नाम कर लिया।,positive,sports,2
प्रतियोगिता आज आयोजित होगा और धाविका इसमें हिस्सा लेगा।,neutral,sports,1
खिलाड़ी लीग मैच के लिए प्रशिक्षण जारी रखे हुए है।,neutral,sports,1
मैच प्रशंसकों के सामने आयोजित होगा और बल्लेबाज इसमें हिस्सा लेगा।,neutral,sports,1
लगातार तीसरे मैच में भारतीय धावक का रेस में कमजोर खेल टीम पर भारी पड़ा।,negative,sports,0
प्रस्तुति में स्पष्टता की कमी रही,negative,sentihin,0
टूर्नामेंट के अहम चरण में भारतीय टीम ने फाइनल में कमाल का खेल दिखाकर दबदबा कायम रखा।,positive,sports,2
लगातार तीसरे मैच में चैंपियन मुकाबला से पहले प्रशिक्षण कर रहा है।,neutral,sports,1
दबाव वाले मुकाबले में खिलाड़ी ने मैच में शानदार खेल दिखाकर जीत दर्ज की।,positive,sports,2
महत्वपूर्ण मौके पर खिलाड़ी ने फाइनल में बेहतरीन खेल दिखाकर जीत दर्ज की।,positive,sports,2
प्रशंसकों के सामने भारतीय शटलर मुकाबला से पहले प्रशिक्षण कर रहा है।,neutral,sports,1
यह कार्य बेकार साबित हुआ।,negative,sentihin,0
मुझे इसमें कोई टिप्पणी नहीं है।,neutral,sentihin,1
निर्णायक मैच में डिफेंडर ने प्लेऑफ में कई आसान मौके गंवाए।,negative,sports,0
दबाव वाले मुकाबले में कप्तान का क्वार्टरफाइनल में खराब खेल टीम पर भारी पड़ा।,negative,sports,0
टेनिस स्टार ने सेट में असंगत प्रदर्शन किया और लगातार गलतियां कीं।,negative,sports,0
घरेलू मैदान पर भारतीय खिलाड़ी का मुकाबला में असंगत खेल टीम पर भारी पड़ा।,negative,sports,0
निर्णायक मैच में भारतीय टीम ने मैच में शानदार खेल दिखाकर महत्वपूर्ण योगदान दिया।,positive,sports,2
दबाव वाले मुकाबले में जोड़ी का मुकाबला में निराश करने वाला खेल टीम पर भारी पड़ा।,negative,sports,0
आज कप्तान लीग मैच से पहले प्रशिक्षण कर रहा है।,neutral,sports,1
टूर्नामेंट के अहम चरण में भारत सीरीज से पहले प्रशिक्षण कर रहा है।,neutral,sports,1
बल्लेबाज ने मैच में लचर प्रदर्शन किया और दबाव में बिखर गई।,negative,sports,0
यह जानकारी सामान्य लग रही है।,neutral,sentihin,1
आज हॉकी टीम फाइनल से पहले प्रशिक्षण कर रहा है।,neutral,sports,1
मुकाबला निर्णायक मैच में आयोजित होगा और क्लब इसमें हिस्सा लेगा।,neutral,sports,1
उसके शब्द दिल छू लेने वाले थे।,positive,sentihin,2
यह फिल्म पूरी तरह नाकाम रही।,negative,sentihin,0
यह सेवा इतनी घटिया थी कि मुझे खेद हुआ।,negative,sentihin,0
टूर्नामेंट के अहम चरण में भारतीय टीम ने पारी में बेहतरीन खेल दिखाकर जीत दर्ज की।,positive,sports,2
फाइनल दबाव वाले मुकाबले में आयोजित होगा और खिलाड़ी इसमें हिस्सा लेगा।,neutral,sports,1
लंबे ब्रेक के बाद कप्तान मुकाबला से पहले प्रशिक्षण कर रहा है।,neutral,sports,1
मुझे इस जगह में कुछ खास नहीं लगा,neutral,sentihin,1
लगातार तीसरे मैच में भारतीय टीम का लीग मैच में बेअसर खेल टीम पर भारी पड़ा।,negative,sports,0
मुझे इस फिल्म की कहानी कमजोर लगी,negative,sentihin,0
घरेलू मैदान पर फॉरवर्ड ने लीग मैच से पहले प्रशिक्षण पूरा किया।,neutral,sports,1
युवा एथलीट इवेंट के लिए टूर्नामेंट में हिस्सा ले रही है।,neutral,sports,1
इस मुकाबले में बल्लेबाज रन चेज से पहले प्रशिक्षण कर रहा है।,neutral,sports,1
भारतीय टीम ने लीग मैच में लचर प्रदर्शन किया और उम्मीदों पर खरी नहीं उतरी।,negative,sports,0
मुझे इसमें कोई खास फर्क नहीं दिखा।,neutral,sentihin,1
यह अनुभव सुखद रहा,positive,sentihin,2
प्लेऑफ टूर्नामेंट के अहम चरण में आयोजित होगा और डिफेंडर इसमें हिस्सा लेगा।,neutral,sports,1
सेट दबाव वाले मुकाबले में आयोजित होगा और जोड़ी इसमें हिस्सा लेगा।,neutral,sports,1
निर्णायक मैच में विकेटकीपर सीरीज से पहले प्रशिक्षण कर रहा है।,neutral,sports,1
खिलाड़ी ने गेम के लिए तैयारी शुरू कर दी।,neutral,sports,1
लंबे ब्रेक के बाद युवा शटलर मुकाबला से पहले प्रशिक्षण कर रहा है।,neutral,sports,1
टेनिस स्टार की चूक से सेट में टीम की स्थिति बिगड़ गई।,negative,sports,0
एथलीट रेस के लिए प्रशिक्षण जारी रखे हुए है।,neutral,sports,1
निर्णायक मैच में विकेटकीपर का मुकाबला में फीका खेल टीम पर भारी पड़ा।,negative,sports,0
लगातार तीसरे मैच में युवा शटलर मुकाबला से पहले प्रशिक्षण कर रहा है।,neutral,sports,1
भारतीय शटलर ने मुकाबला के लिए तैयारी शुरू कर दी।,neutral,sports,1
घरेलू मैदान पर खिलाड़ी क्वार्टरफाइनल से पहले प्रशिक्षण कर रहा है।,neutral,sports,1
फाइनल घरेलू मैदान पर आयोजित होगा और जोड़ी इसमें हिस्सा लेगा।,neutral,sports,1
लंबे ब्रेक के बाद धाविका इवेंट से पहले प्रशिक्षण कर रहा है।,neutral,sports,1
लंबे ब्रेक के बाद रेडर ने लीग मैच से पहले प्रशिक्षण पूरा किया।,neutral,sports,1
डिफेंडर ने मैच में उत्कृष्ट प्रदर्शन करते हुए मुकाबला अपने नाम कर लिया।,positive,sports,2
लगातार तीसरे मैच में डिफेंडर मुकाबला से पहले प्रशिक्षण कर रहा है।,neutral,sports,1
लगातार तीसरे मैच में भारतीय टीम ने मैच से पहले प्रशिक्षण पूरा किया।,neutral,sports,1
दबाव वाले मुकाबले में खिलाड़ी का लीग मैच में निराशाजनक खेल टीम पर भारी पड़ा।,negative,sports,0
युवा एथलीट प्रतियोगिता के लिए टूर्नामेंट में हिस्सा ले रही है।,neutral,sports,1
तुम्हारे द्वारा दी गई छोटी सी मुस्कान ने दिन बना दिया।,positive,sentihin,2
मैच महत्वपूर्ण मौके पर आयोजित होगा और गोलकीपर इसमें हिस्सा लेगा।,neutral,sports,1
आज दोस्तों से मिलकर बहुत अच्छा लगा।,positive,sentihin,2
लगातार तीसरे मैच में युवा शटलर का गेम में असंगत खेल टीम पर भारी पड़ा।,negative,sports,0
निर्णायक मैच में कप्तान ने मुकाबला में उत्कृष्ट खेल दिखाकर मुश्किल स्थिति से बाहर निकली।,positive,sports,2
घरेलू मैदान पर भारतीय टीम ने पारी में यादगार खेल दिखाकर लगातार अच्छा प्रदर्शन किया।,positive,sports,2
सेट इस मुकाबले में आयोजित होगा और युवा खिलाड़ी इसमें हिस्सा लेगा।,neutral,sports,1
लगातार तीसरे मैच में गेंदबाज ने मुकाबला में बेहतरीन खेल दिखाकर लगातार अच्छा प्रदर्शन किया।,positive,sports,2
लीग मैच दबाव वाले मुकाबले में आयोजित होगा और रेडर इसमें हिस्सा लेगा।,neutral,sports,1
इस मुकाबले में खिलाड़ी ने मुकाबला में लाजवाब खेल दिखाकर लगातार अच्छा प्रदर्शन किया।,positive,sports,2
लंबे ब्रेक के बाद भारतीय टीम का प्लेऑफ में कमजोर खेल टीम पर भारी पड़ा।,negative,sports,0
निर्णायक मैच में खिलाड़ी ने लीग मैच में कई आसान मौके गंवाए।,negative,sports,0
टूर्नामेंट के अहम चरण में डिफेंडर का फाइनल में फीका खेल टीम पर भारी पड़ा।,negative,sports,0
लंबे ब्रेक के बाद टेनिस स्टार का सेट में फीका खेल टीम पर भारी पड़ा।,negative,sports,0
महत्वपूर्ण मौके पर कप्तान ने मैच में बेहतरीन तालमेल के साथ जीत हासिल की।,positive,sports,2
फाइनल निर्णायक मैच में आयोजित होगा और युवा शटलर इसमें हिस्सा लेगा।,neutral,sports,1
इस मोबाइल की बैटरी लाइफ बहुत खराब है।,negative,sentihin,0
दबाव वाले मुकाबले में डिफेंडर का लीग मैच में असंगत खेल टीम पर भारी पड़ा।,negative,sports,0
यह फिल्म इतनी खराब थी कि बीच में ही छोड़ दी।,negative,sentihin,0
वह अनुभव मेरे लिए बहुत कष्टकारी रहा।,negative,sentihin,0
टूर्नामेंट के अहम चरण में हॉकी टीम ने लीग मैच में बेहतरीन तालमेल के साथ जीत हासिल की।,positive,sports,2
घरेलू मैदान पर युवा खिलाड़ी ने फाइनल में शानदार खेल दिखाकर मुकाबला अपने नाम कर लिया।,positive,sports,2
निर्णायक मैच में रेडर ने मुकाबला में उत्कृष्ट खेल दिखाकर लगातार अच्छा प्रदर्शन किया।,positive,sports,2
मैं इस घटना से दुखी हूं।,negative,sentihin,0
लगातार तीसरे मैच में खिलाड़ी का सेट में कमजोर खेल टीम पर भारी पड़ा।,negative,sports,0
टेनिस स्टार ने सेट में असंगत खेल दिखाया और टीम को नुकसान हुआ।,negative,sports,0
टूर्नामेंट के अहम चरण में डिफेंडर ने मुकाबला में शानदार खेल दिखाकर शानदार वापसी की।,positive,sports,2
टूर्नामेंट के अहम चरण में युवा खिलाड़ी का मैच में निराश करने वाला खेल टीम पर भारी पड़ा।,negative,sports,0
निर्णायक मैच में टेनिस स्टार ने सेट में बेहतरीन खेल दिखाकर शानदार वापसी की।,positive,sports,2
मुझे यह सुझाव पसंद नहीं आया,negative,sentihin,0
महत्वपूर्ण मौके पर गोलकीपर ने मैच में धमाकेदार खेल दिखाकर शानदार वापसी की।,positive,sports,2
महत्वपूर्ण मौके पर भारतीय टीम ने मैच में उत्कृष्ट खेल दिखाकर जीत दर्ज की।,positive,sports,2
आज मैंने एक नया स्किल सीखा।,positive,sentihin,2
टूर्नामेंट के अहम चरण में कप्तान का लीग मैच में बेअसर खेल टीम पर भारी पड़ा।,negative,sports,0
कप्तान मैच के लिए मैच के लिए रवाना हुई।,neutral,sports,1
मैं इस मुद्दे पर तटस्थ रहना चाहता हूं।,neutral,sentihin,1
युवा खिलाड़ी ने मुकाबला में धमाकेदार प्रदर्शन करते हुए लगातार अच्छा प्रदर्शन किया।,positive,sports,2
निर्णायक मैच में क्लब का लीग मैच में लचर खेल टीम पर भारी पड़ा।,negative,sports,0
लगातार तीसरे मैच में गोलकीपर मैच से पहले प्रशिक्षण कर रहा है।,neutral,sports,1
कप्तान मुकाबला के लिए प्रशिक्षण जारी रखे हुए है।,neutral,sports,1
जोड़ी मैच के लिए प्रशिक्षण जारी रखे हुए है।,neutral,sports,1
दबाव वाले मुकाबले में खिलाड़ी ने फाइनल में उत्कृष्ट खेल दिखाकर मुकाबला अपने नाम कर लिया।,positive,sports,2
लगातार तीसरे मैच में गोलकीपर ने सेमीफाइनल में बेहतरीन खेल दिखाकर दबदबा कायम रखा।,positive,sports,2
यह मेरी दृष्टि में सामान्य बात है।,neutral,sentihin,1
यह निर्णय नुकसानदायक रहा।,negative,sentihin,0
युवा एथलीट ने इवेंट में लचर प्रदर्शन किया और मुकाबला गंवा दिया।,negative,sports,0
भारतीय शटलर ने फाइनल में कमजोर प्रदर्शन किया और बढ़त गंवा दी।,negative,sports,0
आपकी सलाह बहुत काम की है।,positive,sentihin,2
आज युवा एथलीट ने इवेंट में शानदार खेल दिखाकर दबदबा कायम रखा।,positive,sports,2
लंबे ब्रेक के बाद टेनिस स्टार फाइनल से पहले प्रशिक्षण कर रहा है।,neutral,sports,1
गोलकीपर अगले सेमीफाइनल से पहले कोच के साथ बैठक करेगा।,neutral,sports,1
इस मुकाबले में कप्तान का लीग मैच में कमजोर खेल टीम पर भारी पड़ा।,negative,sports,0
मुझे इसमें कुछ नया समझ नहीं आया।,neutral,sentihin,1
वो व्यवहार अस्वीकार्य था।,negative,sentihin,0
यह रेस्टोरेंट की सेवा बहुत धीमी और खराब है।,negative,sentihin,0
एथलीट के इवेंट में कमाल का प्रदर्शन से टीम को फायदा हुआ।,positive,sports,2
यह संगीत मेरे कानों को सुकून देता है।,positive,sentihin,2
टूर्नामेंट के अहम चरण में युवा खिलाड़ी का सेट में कमजोर खेल टीम पर भारी पड़ा।,negative,sports,0
मैच महत्वपूर्ण मौके पर आयोजित होगा और रेडर इसमें हिस्सा लेगा।,neutral,sports,1
मुझे इससे कोई फर्क नहीं पड़ा।,neutral,sentihin,1
प्रशंसकों के सामने कप्तान ने मैच में शानदार खेल दिखाकर दबदबा कायम रखा।,positive,sports,2
महत्वपूर्ण मौके पर खिलाड़ी का मुकाबला में निराश करने वाला खेल टीम पर भारी पड़ा।,negative,sports,0
इस मुकाबले में जोड़ी फाइनल से पहले प्रशिक्षण कर रहा है।,neutral,sports,1
घरेलू मैदान पर चैंपियन फाइनल से पहले प्रशिक्षण कर रहा है।,neutral,sports,1
ओवर टूर्नामेंट के अहम चरण में आयोजित होगा और विकेटकीपर इसमें हिस्सा लेगा।,neutral,sports,1
यह किताब ज्ञानवर्धक है,positive,sentihin,2
फॉरवर्ड ने मुकाबला में निराशाजनक प्रदर्शन किया और महत्वपूर्ण मौका गंवाया।,negative,sports,0
यह खरीददारी एकदम बेकार थी।,negative,sentihin,0
डिफेंडर की फाइनल में कमजोर रणनीति काम नहीं आई।,negative,sports,0
महत्वपूर्ण मौके पर कप्तान का मैच में लचर खेल टीम पर भारी पड़ा।,negative,sports,0
प्रशंसकों के सामने युवा शटलर का मुकाबला में असंगत खेल टीम पर भारी पड़ा।,negative,sports,0
आज डिफेंडर ने लीग मैच से पहले प्रशिक्षण पूरा किया।,neutral,sports,1
डिफेंडर की सेमीफाइनल में निराश करने वाला रणनीति काम नहीं आई।,negative,sports,0
रेडर मैच के लिए अगले मुकाबले की तैयारी कर रही है।,neutral,sports,1
मैच निर्णायक मैच में आयोजित होगा और खिलाड़ी इसमें हिस्सा लेगा।,neutral,sports,1
टूर्नामेंट के अहम चरण में डिफेंडर का सेमीफाइनल में बेअसर खेल टीम पर भारी पड़ा।,negative,sports,0
यह संगीत समारोह अविस्मरणीय था।,positive,sentihin,2
आपकी सहायता ने मेरे पूरे कार्य को सरल बना दिया।,positive,sentihin,2
खिलाड़ी ने फाइनल में फीका प्रदर्शन किया और दबाव में बिखर गई।,negative,sports,0
मुझे वहाँ की भीड़ पसंद नहीं आई।,negative,sentihin,0
प्रशंसकों के सामने भारतीय टीम ने मुकाबला में कमाल का खेल दिखाकर शानदार वापसी की।,positive,sports,2
यह फिल्म बेहद निराशाजनक साबित हुई।,negative,sentihin,0
लंबे ब्रेक के बाद कप्तान का मुकाबला में खराब खेल टीम पर भारी पड़ा।,negative,sports,0
घरेलू मैदान पर भारतीय टीम का मैच में फीका खेल टीम पर भारी पड़ा।,negative,sports,0
महत्वपूर्ण मौके पर कप्तान ने फाइनल से पहले प्रशिक्षण पूरा किया।,neutral,sports,1
कप्तान ने फाइनल में निराशाजनक प्रदर्शन किया और उम्मीदों पर खरी नहीं उतरी।,negative,sports,0
मुकाबला दबाव वाले मुकाबले में आयोजित होगा और चैंपियन इसमें हिस्सा लेगा।,neutral,sports,1
लगातार तीसरे मैच में डिफेंडर सेमीफाइनल से पहले प्रशिक्षण कर रहा है।,neutral,sports,1
यह निर्णय मेरे लिए निराशाजनक था।,negative,sentihin,0
निर्णायक मैच में खिलाड़ी का मैच में असंगत खेल टीम पर भारी पड़ा।,negative,sports,0
महत्वपूर्ण मौके पर गेंदबाज ने ओवर से पहले प्रशिक्षण पूरा किया।,neutral,sports,1
प्रशंसकों के सामने धाविका दौड़ से पहले प्रशिक्षण कर रहा है।,neutral,sports,1
खरीदी गई वस्तु ने आशा के विपरीत प्रदर्शन किया,negative,sentihin,0
आज युवा एथलीट ने रेस में कई आसान मौके गंवाए।,negative,sports,0
यह सेवा इतनी खराब थी कि मैं किसी को सुझाव नहीं दूंगा।,negative,sentihin,0
भारतीय शटलर की मुकाबला में कमजोर रणनीति काम नहीं आई।,negative,sports,0
चैंपियन मुकाबला के लिए अभ्यास सत्र में शामिल हुई।,neutral,sports,1
इस मुकाबले में भारतीय टीम का लीग मैच में लचर खेल टीम पर भारी पड़ा।,negative,sports,0
युवा शटलर ने मुकाबला में फीका प्रदर्शन किया और दबाव में बिखर गई।,negative,sports,0
इवेंट लंबे ब्रेक के बाद आयोजित होगा और युवा एथलीट इसमें हिस्सा लेगा।,neutral,sports,1
मुकाबला दबाव वाले मुकाबले में आयोजित होगा और रेडर इसमें हिस्सा लेगा।,neutral,sports,1
मुझे इसमें कोई उत्सुकता नहीं हुई।,neutral,sentihin,1
लंबे ब्रेक के बाद गोलकीपर सेमीफाइनल से पहले प्रशिक्षण कर रहा है।,neutral,sports,1
निर्णायक मैच में खिलाड़ी सेट से पहले प्रशिक्षण कर रहा है।,neutral,sports,1
गोलकीपर ने सेमीफाइनल के लिए नया अभ्यास कार्यक्रम शुरू किया।,neutral,sports,1
गेंदबाज ने मुकाबला में बेअसर प्रदर्शन किया और बढ़त गंवा दी।,negative,sports,0
लंबे ब्रेक के बाद भारत ने पारी में बेहतरीन खेल दिखाकर मुश्किल स्थिति से बाहर निकली।,positive,sports,2
मुकाबला प्रशंसकों के सामने आयोजित होगा और भारतीय टीम इसमें हिस्सा लेगा।,neutral,sports,1
आज डिफेंडर का मुकाबला में निराशाजनक खेल टीम पर भारी पड़ा।,negative,sports,0
दबाव वाले मुकाबले में फॉरवर्ड का फाइनल में कमजोर खेल टीम पर भारी पड़ा।,negative,sports,0
इस मुकाबले में भारतीय शटलर ने गेम में उत्कृष्ट खेल दिखाकर मुकाबला अपने नाम कर लिया।,positive,sports,2
घरेलू मैदान पर डिफेंडर का फाइनल में बेअसर खेल टीम पर भारी पड़ा।,negative,sports,0
भारतीय शटलर मैच के लिए प्रशिक्षण जारी रखे हुए है।,neutral,sports,1
निर्णायक मैच में धाविका का फाइनल में बेअसर खेल टीम पर भारी पड़ा।,negative,sports,0
प्रशंसकों के सामने खिलाड़ी ने इवेंट में धमाकेदार खेल दिखाकर शानदार वापसी की।,positive,sports,2
हॉकी टीम ने मैच में लाजवाब प्रदर्शन करते हुए शानदार वापसी की।,positive,sports,2
घरेलू मैदान पर भारतीय शटलर फाइनल से पहले प्रशिक्षण कर रहा है।,neutral,sports,1
इस मुकाबले में टेनिस स्टार का फाइनल में लचर खेल टीम पर भारी पड़ा।,negative,sports,0
लगातार तीसरे मैच में भारतीय टीम मुकाबला से पहले प्रशिक्षण कर रहा है।,neutral,sports,1
क्लब ने लीग मैच में निराशाजनक प्रदर्शन किया और बढ़त गंवा दी।,negative,sports,0
प्रशंसकों के सामने एथलीट ने प्रतियोगिता में कमाल का खेल दिखाकर महत्वपूर्ण योगदान दिया।,positive,sports,2
सेमीफाइनल दबाव वाले मुकाबले में आयोजित होगा और फॉरवर्ड इसमें हिस्सा लेगा।,neutral,sports,1
यह अनुभव मेरे लिए बहुत सुखद था।,positive,sentihin,2
गोलकीपर मैच के लिए प्रशिक्षण जारी रखे हुए है।,neutral,sports,1
निर्णायक मैच में धाविका का इवेंट में फीका खेल टीम पर भारी पड़ा।,negative,sports,0
टेनिस स्टार ने मुकाबला में खराब प्रदर्शन किया और अपनी लय खो दी।,negative,sports,0
टूर्नामेंट के अहम चरण में गोलकीपर का फाइनल में फीका खेल टीम पर भारी पड़ा।,negative,sports,0
विकेटकीपर ओवर के लिए प्रशिक्षण जारी रखे हुए है।,neutral,sports,1
महत्वपूर्ण मौके पर युवा एथलीट फाइनल से पहले प्रशिक्षण कर रहा है।,neutral,sports,1
विकेटकीपर ने पारी में फीका प्रदर्शन किया और दबाव में बिखर गई।,negative,sports,0
लंबे ब्रेक के बाद गेंदबाज का रन चेज में खराब खेल टीम पर भारी पड़ा।,negative,sports,0
सेवा की गति धीमी थी,negative,sentihin,0
इस मुकाबले में भारतीय धावक का दौड़ में असंगत खेल टीम पर भारी पड़ा।,negative,sports,0
आपकी उपस्थिति से माहौल अच्छा होता है।,positive,sentihin,2
लगातार तीसरे मैच में भारतीय टीम सेमीफाइनल से पहले प्रशिक्षण कर रहा है।,neutral,sports,1
इस योजना से मुझे उम्मीद से अधिक लाभ मिला।,positive,sentihin,2
टूर्नामेंट के अहम चरण में कप्तान ने सेट में बेहतरीन खेल दिखाकर शानदार वापसी की।,positive,sports,2
महत्वपूर्ण मौके पर हॉकी टीम मैच से पहले प्रशिक्षण कर रहा है।,neutral,sports,1
इस मुकाबले में खिलाड़ी ने प्रतियोगिता में उत्कृष्ट खेल दिखाकर शानदार वापसी की।,positive,sports,2
डिफेंडर मुकाबला के लिए प्रशिक्षण जारी रखे हुए है।,neutral,sports,1
युवा खिलाड़ी ने मैच में फीका प्रदर्शन किया और मुकाबला गंवा दिया।,negative,sports,0
आपकी मुस्कान मेरे दिन को सुंदर बनाती है।,positive,sentihin,2
यह नया गाना बहुत भावनात्मक है।,positive,sentihin,2
इस कंपनी का भविष्य उज्ज्वल है।,positive,sentihin,2
आज मैंने एक बहुत अच्छी किताब पढ़ी।,positive,sentihin,2
महत्वपूर्ण मौके पर जोड़ी का मुकाबला में बेअसर खेल टीम पर भारी पड़ा।,negative,sports,0
यह निर्णय मेरे लिए नुकसानदायक साबित हुआ।,negative,sentihin,0
तुम्हारे साथ बिताया समय हमेशा याद रहेगा।,positive,sentihin,2
गोलकीपर की टीम लीग मैच के लिए अपनी अंतिम सूची तैयार कर रही है।,neutral,sports,1
क्वार्टरफाइनल घरेलू मैदान पर आयोजित होगा और टेनिस स्टार इसमें हिस्सा लेगा।,neutral,sports,1
यह सेवा मेरे लिए पूरी तरह निराशाजनक रही।,negative,sentihin,0
मुझे इसमें कोई रोचकता नहीं मिली।,neutral,sentihin,1
आज जोड़ी का मैच में निराश करने वाला खेल टीम पर भारी पड़ा।,negative,sports,0
आज धाविका ने रेस में शानदार खेल दिखाकर मुकाबला अपने नाम कर लिया।,positive,sports,2
भारतीय टीम के सेमीफाइनल में उत्कृष्ट प्रदर्शन से टीम को फायदा हुआ।,positive,sports,2
यह यात्रा मेरे लिए बहुत खास रही।,positive,sentihin,2
प्रशंसकों के सामने युवा खिलाड़ी का फाइनल में असंगत खेल टीम पर भारी पड़ा।,negative,sports,0
उनके शब्द दिल को छू गए।,positive,sentihin,2
तुम्हारा यह काम अद्वितीय है।,positive,sentihin,2
इस मुकाबले में खिलाड़ी का फाइनल में बेअसर खेल टीम पर भारी पड़ा।,negative,sports,0
लंबे ब्रेक के बाद हॉकी टीम का मैच में निराशाजनक खेल टीम पर भारी पड़ा।,negative,sports,0
जोड़ी ने सेट में निराशाजनक प्रदर्शन किया और मुकाबला गंवा दिया।,negative,sports,0
फॉरवर्ड ने मुकाबला में कमजोर प्रदर्शन किया और उम्मीदों पर खरी नहीं उतरी।,negative,sports,0
लगातार तीसरे मैच में फॉरवर्ड ने लीग मैच में यादगार खेल दिखाकर लगातार अच्छा प्रदर्शन किया।,positive,sports,2
आपकी मुस्कान दिल को सुकून देती है।,positive,sentihin,2
घरेलू मैदान पर कप्तान का सेट में कमजोर खेल टीम पर भारी पड़ा।,negative,sports,0
प्रशंसकों के सामने खिलाड़ी मुकाबला से पहले प्रशिक्षण कर रहा है।,neutral,sports,1
उसकी बेरुखी ने मुझे भीतर से बहुत कमजोर कर दिया।,negative,sentihin,0
इस मुकाबले में डिफेंडर ने मुकाबला में बेहतरीन खेल दिखाकर मुश्किल स्थिति से बाहर निकली।,positive,sports,2
युवा एथलीट फाइनल के लिए प्रशिक्षण जारी रखे हुए है।,neutral,sports,1
इस मुकाबले में कप्तान ने पारी में यादगार खेल दिखाकर जीत दर्ज की।,positive,sports,2
महत्वपूर्ण मौके पर खिलाड़ी ने मुकाबला में यादगार खेल दिखाकर महत्वपूर्ण योगदान दिया।,positive,sports,2
प्रशंसकों के सामने युवा एथलीट का रेस में लचर खेल टीम पर भारी पड़ा।,negative,sports,0
घरेलू मैदान पर धाविका ने दौड़ में बेहतरीन खेल दिखाकर जीत दर्ज की।,positive,sports,2
निर्णायक मैच में खिलाड़ी ने फाइनल में लाजवाब खेल दिखाकर जीत दर्ज की।,positive,sports,2
इस मामले पर सोचने के लिए और समय चाहिए।,neutral,sentihin,1
खिलाड़ी ने फाइनल के लिए नया अभ्यास कार्यक्रम शुरू किया।,neutral,sports,1
भारतीय खिलाड़ी की फाइनल में लचर रणनीति काम नहीं आई।,negative,sports,0
आज जोड़ी का गेम में असंगत खेल टीम पर भारी पड़ा।,negative,sports,0
प्रशंसकों के सामने गेंदबाज का मैच में फीका खेल टीम पर भारी पड़ा।,negative,sports,0
मैच टूर्नामेंट के अहम चरण में आयोजित होगा और भारतीय टीम इसमें हिस्सा लेगा।,neutral,sports,1
क्लब लीग मैच के लिए अगले मुकाबले की तैयारी कर रही है।,neutral,sports,1
धाविका रेस के लिए रणनीति पर चर्चा कर रही है।,neutral,sports,1
टूर्नामेंट के अहम चरण में भारतीय धावक ने प्रतियोगिता में कई आसान मौके गंवाए।,negative,sports,0
आपकी सहायता से मेरा आत्मविश्वास पुनः जागृत हुआ।,positive,sentihin,2
मुझे यह व्यक्ति अच्छा नहीं लगता।,negative,sentihin,0
इस फिल्म ने मेरा दिल छू लिया।,positive,sentihin,2
लगातार तीसरे मैच में गोलकीपर ने फाइनल में उत्कृष्ट खेल दिखाकर लगातार अच्छा प्रदर्शन किया।,positive,sports,2
क्लब मुकाबला के लिए अगले दौर के लिए पहुंची।,neutral,sports,1
Pressure ke beech Defence ne aaj bahut mistakes ki,negative,sports,0
आज मैंने अपने बचपन का दोस्त मिला।,positive,sentihin,2
लगातार तीसरे मैच में कप्तान ने सेमीफाइनल में धमाकेदार खेल दिखाकर शानदार वापसी की।,positive,sports,2
निर्णायक मैच में खिलाड़ी ने दौड़ में धमाकेदार खेल दिखाकर दबदबा कायम रखा।,positive,sports,2
निर्णायक मैच में युवा शटलर ने मैच से पहले प्रशिक्षण पूरा किया।,neutral,sports,1
तुम्हारे स्नेहिल व्यवहार ने मेरे मन को बहुत प्रसन्न किया।,positive,sentihin,2
घरेलू मैदान पर भारतीय धावक ने दौड़ में बेहतरीन खेल दिखाकर महत्वपूर्ण योगदान दिया।,positive,sports,2
टूर्नामेंट के अहम चरण में रेडर का फाइनल में कमजोर खेल टीम पर भारी पड़ा।,negative,sports,0
दबाव वाले मुकाबले में युवा शटलर का मुकाबला में खराब खेल टीम पर भारी पड़ा।,negative,sports,0
Match se pehle Defence ne aaj bahut mistakes ki,negative,sports,0
इस मुकाबले में हॉकी टीम ने फाइनल से पहले प्रशिक्षण पूरा किया।,neutral,sports,1
वह दिन मेरे लिए बेहद दुखदायी रहा।,negative,sentihin,0
मैं रोज़ाना अपने माता पिता का सम्मान करता हूं।,neutral,sentihin,1
रेडर ने प्लेऑफ में बेअसर प्रदर्शन किया और दबाव में बिखर गई।,negative,sports,0
धाविका ने रेस में कमजोर प्रदर्शन किया और बढ़त गंवा दी।,negative,sports,0
लगातार तीसरे मैच में विकेटकीपर का ओवर में कमजोर खेल टीम पर भारी पड़ा।,negative,sports,0
लगातार तीसरे मैच में एथलीट ने फाइनल में शानदार खेल दिखाकर लगातार अच्छा प्रदर्शन किया।,positive,sports,2
यह निर्णय मेरे लिए अत्यंत दुखद रहा।,negative,sentihin,0
इस मुकाबले में कप्तान ने लीग मैच में बेहतरीन खेल दिखाकर महत्वपूर्ण योगदान दिया।,positive,sports,2
वह कार्यक्रम मनोरंजन से भरपूर था।,positive,sentihin,2
महत्वपूर्ण मौके पर क्लब ने सेमीफाइनल से पहले प्रशिक्षण पूरा किया।,neutral,sports,1
सीरीज निर्णायक मैच में आयोजित होगा और गेंदबाज इसमें हिस्सा लेगा।,neutral,sports,1
आपकी मदद से मुश्किलें आसान हुईं।,positive,sentihin,2
तुम्हारे विचार मुझे हर दिन कुछ नया सिखाते हैं।,positive,sentihin,2
दबाव वाले मुकाबले में कप्तान ने फाइनल में जबरदस्त खेल दिखाकर मुकाबला अपने नाम कर लिया।,positive,sports,2
मुझे इसमें कुछ कहने की इच्छा नहीं।,neutral,sentihin,1
आज खिलाड़ी ने प्रतियोगिता में शानदार खेल दिखाकर लगातार अच्छा प्रदर्शन किया।,positive,sports,2
फाइनल आज आयोजित होगा और जोड़ी इसमें हिस्सा लेगा।,neutral,sports,1
टूर्नामेंट के अहम चरण में डिफेंडर ने लीग मैच में लाजवाब खेल दिखाकर लगातार अच्छा प्रदर्शन किया।,positive,sports,2
विकेटकीपर ने ओवर के लिए यात्रा कार्यक्रम साझा किया।,neutral,sports,1
मुकाबला इस मुकाबले में आयोजित होगा और गोलकीपर इसमें हिस्सा लेगा।,neutral,sports,1
आपके विचार हमेशा प्रेरणा देते हैं।,positive,sentihin,2
डिफेंडर ने फाइनल में खराब प्रदर्शन किया और लगातार गलतियां कीं।,negative,sports,0
तुम्हारी प्रशंसा सुनकर मन में संतोष और गर्व का अनुभव होता है।,positive,sentihin,2
इस होटल की सफाई खराब थी,negative,sentihin,0
दबाव वाले मुकाबले में खिलाड़ी ने क्वार्टरफाइनल में बेहतरीन खेल दिखाकर शानदार वापसी की।,positive,sports,2
घरेलू मैदान पर भारतीय टीम ने पारी में यादगार खेल दिखाकर मुकाबला अपने नाम कर लिया।,positive,sports,2
इस मुकाबले में युवा खिलाड़ी क्वार्टरफाइनल से पहले प्रशिक्षण कर रहा है।,neutral,sports,1
तुम्हारी मेहनत काबिले तारीफ है।,positive,sentihin,2
फॉरवर्ड मुकाबला के लिए रणनीति पर चर्चा कर रही है।,neutral,sports,1
खिलाड़ी ने रेस के लिए तैयारी शुरू कर दी।,neutral,sports,1
निर्णायक मैच में विकेटकीपर ने मुकाबला से पहले प्रशिक्षण पूरा किया।,neutral,sports,1
युवा एथलीट दौड़ के लिए टूर्नामेंट में हिस्सा ले रही है।,neutral,sports,1
उसकी उपेक्षा से मुझे अपनी अहमियत पर शक होने लगा।,negative,sentihin,0
दबाव वाले मुकाबले में खिलाड़ी ने मैच में कई आसान मौके गंवाए।,negative,sports,0
आपकी सोच हमेशा नई प्रेरणा देती है।,positive,sentihin,2
दबाव वाले मुकाबले में कप्तान का सेट में कमजोर खेल टीम पर भारी पड़ा।,negative,sports,0
मुझे इसमें कुछ खास नहीं दिखा।,neutral,sentihin,1
निर्णायक मैच में युवा एथलीट ने इवेंट में बेहतरीन खेल दिखाकर दबदबा कायम रखा।,positive,sports,2
प्रशंसकों के सामने डिफेंडर सेमीफाइनल से पहले प्रशिक्षण कर रहा है।,neutral,sports,1
यह अनुभव मेरे लिए निराशाजनक रहा,negative,sentihin,0
लंबे ब्रेक के बाद क्लब फाइनल से पहले प्रशिक्षण कर रहा है।,neutral,sports,1
यह खबर सुनकर मुझे दुख हुआ।,negative,sentihin,0
तुम्हारा सुझाव सच में कमाल का है।,positive,sentihin,2
एथलीट ने प्रतियोगिता में शानदार खेल दिखाया और टीम को जीत दिलाई।,positive,sports,2
महत्वपूर्ण मौके पर खिलाड़ी ने मुकाबला से पहले प्रशिक्षण पूरा किया।,neutral,sports,1
फाइनल प्रशंसकों के सामने आयोजित होगा और खिलाड़ी इसमें हिस्सा लेगा।,neutral,sports,1
रेडर ने फाइनल में निराश करने वाला प्रदर्शन किया और अपनी लय खो दी।,negative,sports,0
युवा खिलाड़ी ने मुकाबला में बेअसर प्रदर्शन किया और दबाव में बिखर गई।,negative,sports,0
निर्णायक मैच में गोलकीपर सेमीफाइनल से पहले प्रशिक्षण कर रहा है।,neutral,sports,1
दबाव वाले मुकाबले में खिलाड़ी ने क्वार्टरफाइनल से पहले प्रशिक्षण पूरा किया।,neutral,sports,1
टूर्नामेंट में टीम ने मुश्किल हालात में शानदार जीत हासिल की।,positive,sports,2
लंबे ब्रेक के बाद चैंपियन ने सेट में कमाल का खेल दिखाकर लगातार अच्छा प्रदर्शन किया।,positive,sports,2
निर्णायक मैच में भारतीय शटलर ने सेट में धमाकेदार खेल दिखाकर शानदार वापसी की।,positive,sports,2
मेरे बच्चे की परीक्षा में अच्छे अंक आए हैं।,positive,sentihin,2
आज रेडर लीग मैच से पहले प्रशिक्षण कर रहा है।,neutral,sports,1
इस मुकाबले में फॉरवर्ड ने फाइनल में यादगार खेल दिखाकर जीत दर्ज की।,positive,sports,2
फिल्म में कहानी में दम नहीं था,negative,sentihin,0
यह निर्णय पूरी तरह असफल साबित हुआ।,negative,sentihin,0
लंबे ब्रेक के बाद भारतीय टीम ने मुकाबला में बेहतरीन खेल दिखाकर मुश्किल स्थिति से बाहर निकली।,positive,sports,2
दबाव वाले मुकाबले में टेनिस स्टार सेट से पहले प्रशिक्षण कर रहा है।,neutral,sports,1
प्रशंसकों के सामने गेंदबाज ओवर से पहले प्रशिक्षण कर रहा है।,neutral,sports,1
लगातार तीसरे मैच में एथलीट का रेस में फीका खेल टीम पर भारी पड़ा।,negative,sports,0
भारतीय धावक ने प्रतियोगिता में खराब प्रदर्शन किया और उम्मीदों पर खरी नहीं उतरी।,negative,sports,0
लंबे ब्रेक के बाद गोलकीपर ने मैच में धमाकेदार खेल दिखाकर शानदार वापसी की।,positive,sports,2
भारतीय धावक ने रेस में कमजोर खेल दिखाया और टीम को नुकसान हुआ।,negative,sports,0
इस मुकाबले में बल्लेबाज ने मैच में उत्कृष्ट खेल दिखाकर लगातार अच्छा प्रदर्शन किया।,positive,sports,2
यह फिल्म एकदम घटिया थी और समय की बर्बादी।,negative,sentihin,0
भारत रन चेज के लिए अगले दौर के लिए पहुंची।,neutral,sports,1
लंबे ब्रेक के बाद भारतीय खिलाड़ी का क्वार्टरफाइनल में निराश करने वाला खेल टीम पर भारी पड़ा।,negative,sports,0
प्रतियोगिता लगातार तीसरे मैच में आयोजित होगा और भारतीय धावक इसमें हिस्सा लेगा।,neutral,sports,1
इस मुकाबले में डिफेंडर ने फाइनल में उत्कृष्ट खेल दिखाकर मुश्किल स्थिति से बाहर निकली।,positive,sports,2
इस मुकाबले में एथलीट ने दौड़ में कमाल का खेल दिखाकर लगातार अच्छा प्रदर्शन किया।,positive,sports,2
हॉकी टीम सेमीफाइनल के लिए अगले दौर के लिए पहुंची।,neutral,sports,1
खिलाड़ी ने मैच में कमजोर प्रदर्शन किया और मुकाबला गंवा दिया।,negative,sports,0
डिफेंडर ने सेमीफाइनल में खराब प्रदर्शन किया और लगातार गलतियां कीं।,negative,sports,0
डिफेंडर ने मुकाबला में असंगत प्रदर्शन किया और दबाव में बिखर गई।,negative,sports,0
मुकाबला इस मुकाबले में आयोजित होगा और भारतीय टीम इसमें हिस्सा लेगा।,neutral,sports,1
लंबे ब्रेक के बाद खिलाड़ी ने प्लेऑफ में यादगार खेल दिखाकर महत्वपूर्ण योगदान दिया।,positive,sports,2
आज चैंपियन का मैच में निराशाजनक खेल टीम पर भारी पड़ा।,negative,sports,0
आज डिफेंडर ने सेमीफाइनल में बेहतरीन तालमेल के साथ जीत हासिल की।,positive,sports,2
खिलाड़ी ने फाइनल में निराश करने वाला प्रदर्शन किया और बढ़त गंवा दी।,negative,sports,0
लंबे ब्रेक के बाद खिलाड़ी ने मैच में यादगार खेल दिखाकर लगातार अच्छा प्रदर्शन किया।,positive,sports,2
खिलाड़ी ने क्वार्टरफाइनल में खराब प्रदर्शन किया और अपनी लय खो दी।,negative,sports,0
डिफेंडर ने फाइनल में फीका प्रदर्शन किया और मुकाबला गंवा दिया।,negative,sports,0
आज खिलाड़ी ने इवेंट में उत्कृष्ट खेल दिखाकर मुश्किल स्थिति से बाहर निकली।,positive,sports,2
लगातार तीसरे मैच में खिलाड़ी मैच से पहले प्रशिक्षण कर रहा है।,neutral,sports,1
निर्णायक मैच में रेडर ने मुकाबला से पहले प्रशिक्षण पूरा किया।,neutral,sports,1
भारतीय टीम की फाइनल में कमजोर रणनीति काम नहीं आई।,negative,sports,0
इस मुकाबले में खिलाड़ी का फाइनल में कमजोर खेल टीम पर भारी पड़ा।,negative,sports,0
लंबे ब्रेक के बाद भारतीय टीम ने मुकाबला में यादगार खेल दिखाकर महत्वपूर्ण योगदान दिया।,positive,sports,2
मैं इस बारे में कुछ नहीं कहना चाहता।,neutral,sentihin,1
भारतीय टीम को मुकाबला के लिए टीम में शामिल किया गया है।,neutral,sports,1
घरेलू मैदान पर भारतीय टीम का लीग मैच में खराब खेल टीम पर भारी पड़ा।,negative,sports,0
प्रशंसकों के सामने कप्तान का ओवर में फीका खेल टीम पर भारी पड़ा।,negative,sports,0
प्रशंसकों के सामने डिफेंडर का मैच में खराब खेल टीम पर भारी पड़ा।,negative,sports,0
मुझे इसमें कोई खामी नहीं दिखी,positive,sentihin,2
भारतीय शटलर ने गेम में निराशाजनक प्रदर्शन किया और दबाव में बिखर गई।,negative,sports,0
लंबे ब्रेक के बाद भारतीय टीम ने प्लेऑफ से पहले प्रशिक्षण पूरा किया।,neutral,sports,1
इस मुकाबले में भारतीय खिलाड़ी का फाइनल में असंगत खेल टीम पर भारी पड़ा।,negative,sports,0
गेम प्रशंसकों के सामने आयोजित होगा और भारतीय शटलर इसमें हिस्सा लेगा।,neutral,sports,1
डिफेंडर मैच के लिए प्रशिक्षण जारी रखे हुए है।,neutral,sports,1
टेनिस स्टार सेट के लिए अभ्यास सत्र में शामिल हुई।,neutral,sports,1
मुझे सिरदर्द हो रहा है।,negative,sentihin,0
दबाव वाले मुकाबले में टेनिस स्टार ने क्वार्टरफाइनल में शानदार खेल दिखाकर दबदबा कायम रखा।,positive,sports,2
लंबे अंतराल के बाद खिलाड़ी लगातार अपनी लय खोते रहे।,negative,sports,0
उसकी कटुता से हर कोई असहज हो गया।,negative,sentihin,0
आज टेनिस स्टार का मुकाबला में लचर खेल टीम पर भारी पड़ा।,negative,sports,0
विकेटकीपर ने ओवर में फीका प्रदर्शन किया और लगातार गलतियां कीं।,negative,sports,0
दबाव वाले मुकाबले में भारत ने पारी से पहले प्रशिक्षण पूरा किया।,neutral,sports,1
लगातार तीसरे मैच में खिलाड़ी ने इवेंट में लाजवाब खेल दिखाकर महत्वपूर्ण योगदान दिया।,positive,sports,2
दबाव वाले मुकाबले में युवा शटलर गेम से पहले प्रशिक्षण कर रहा है।,neutral,sports,1
मुकाबला प्रशंसकों के सामने आयोजित होगा और जोड़ी इसमें हिस्सा लेगा।,neutral,sports,1
यह अनुभव मेरे लिए पूरी तरह से बुरा था।,negative,sentihin,0
लगातार तीसरे मैच में खिलाड़ी ने प्लेऑफ में कमाल का खेल दिखाकर महत्वपूर्ण योगदान दिया।,positive,sports,2
टूर्नामेंट के अहम चरण में एथलीट दौड़ से पहले प्रशिक्षण कर रहा है।,neutral,sports,1
लगातार तीसरे मैच में कप्तान ने सेट में कमाल का खेल दिखाकर मुकाबला अपने नाम कर लिया।,positive,sports,2
रेडर ने लीग मैच में फीका प्रदर्शन किया और बढ़त गंवा दी।,negative,sports,0
मुझे इसमें कोई भावना नहीं आई।,neutral,sentihin,1
फॉरवर्ड की सेमीफाइनल में असंगत रणनीति काम नहीं आई।,negative,sports,0
आपकी प्रशंसा से मुझे ऊर्जा मिली।,positive,sentihin,2
कप्तान मुकाबला के लिए अभ्यास सत्र में शामिल हुई।,neutral,sports,1
आपका सहयोग मेरे लिए उत्साह का स्रोत है।,positive,sentihin,2
प्रशंसकों के सामने गेंदबाज का मुकाबला में कमजोर खेल टीम पर भारी पड़ा।,negative,sports,0
इस पर बोलना मेरे लिए उपयुक्त नहीं होगा।,neutral,sentihin,1
युवा एथलीट ने प्रतियोगिता में खराब प्रदर्शन किया और उम्मीदों पर खरी नहीं उतरी।,negative,sports,0
इस अवसर ने मेरी सोच को नई दिशा दी।,positive,sentihin,2
आपकी मदद सदा सराहनीय रहती है।,positive,sentihin,2
खिलाड़ी मैच के लिए टूर्नामेंट में हिस्सा ले रही है।,neutral,sports,1
युवा एथलीट ने दौड़ में फीका खेल दिखाया और टीम को नुकसान हुआ।,negative,sports,0
निर्णायक मैच में कप्तान ने रन चेज में कमाल का खेल दिखाकर दबदबा कायम रखा।,positive,sports,2
कप्तान की टीम फाइनल के लिए अपनी अंतिम सूची तैयार कर रही है।,neutral,sports,1
इस मुकाबले में टेनिस स्टार क्वार्टरफाइनल से पहले प्रशिक्षण कर रहा है।,neutral,sports,1
यह अनुभव पूरी तरह बेकार साबित हुआ।,negative,sentihin,0
आज क्लब का सेमीफाइनल में फीका खेल टीम पर भारी पड़ा।,negative,sports,0
लगातार तीसरे मैच में गेंदबाज सीरीज से पहले प्रशिक्षण कर रहा है।,neutral,sports,1
निर्णायक मैच में गोलकीपर ने लीग मैच में कमाल का खेल दिखाकर महत्वपूर्ण योगदान दिया।,positive,sports,2
फाइनल लगातार तीसरे मैच में आयोजित होगा और एथलीट इसमें हिस्सा लेगा।,neutral,sports,1
आज हॉकी टीम ने मैच में जबरदस्त खेल दिखाकर मुश्किल स्थिति से बाहर निकली।,positive,sports,2
प्रशंसकों के सामने युवा एथलीट ने दौड़ में कमाल का खेल दिखाकर दबदबा कायम रखा।,positive,sports,2
यह बारिश ने सब कुछ बर्बाद कर दिया।,negative,sentihin,0
उसकी आलोचना अनुचित थी।,negative,sentihin,0
लंबे ब्रेक के बाद एथलीट ने इवेंट में यादगार खेल दिखाकर शानदार वापसी की।,positive,sports,2
सीरीज टूर्नामेंट के अहम चरण में आयोजित होगा और भारत इसमें हिस्सा लेगा।,neutral,sports,1
गेम लंबे ब्रेक के बाद आयोजित होगा और युवा शटलर इसमें हिस्सा लेगा।,neutral,sports,1
इस मुकाबले में चैंपियन ने मैच में यादगार खेल दिखाकर दबदबा कायम रखा।,positive,sports,2
मुझे इसका स्वाद बेकार लगा,negative,sentihin,0
कप्तान ने मुकाबला में बेअसर प्रदर्शन किया और मुकाबला गंवा दिया।,negative,sports,0
भारतीय धावक ने प्रतियोगिता में खराब प्रदर्शन किया और बढ़त गंवा दी।,negative,sports,0
लीग मैच घरेलू मैदान पर आयोजित होगा और डिफेंडर इसमें हिस्सा लेगा।,neutral,sports,1
लगातार तीसरे मैच में खिलाड़ी ने लीग मैच में धमाकेदार खेल दिखाकर जीत दर्ज की।,positive,sports,2
टेनिस स्टार ने सेट के लिए तैयारी शुरू कर दी।,neutral,sports,1
इस मुकाबले में भारतीय टीम का मैच में बेअसर खेल टीम पर भारी पड़ा।,negative,sports,0
युवा खिलाड़ी की टीम क्वार्टरफाइनल के लिए अपनी अंतिम सूची तैयार कर रही है।,neutral,sports,1
लगातार तीसरे मैच में भारतीय टीम का लीग मैच में निराश करने वाला खेल टीम पर भारी पड़ा।,negative,sports,0
खिलाड़ी ने मैच में बेअसर प्रदर्शन किया और मुकाबला गंवा दिया।,negative,sports,0
दबाव वाले मुकाबले में चैंपियन ने गेम में लाजवाब खेल दिखाकर महत्वपूर्ण योगदान दिया।,positive,sports,2
फाइनल लंबे ब्रेक के बाद आयोजित होगा और युवा एथलीट इसमें हिस्सा लेगा।,neutral,sports,1
इस मुकाबले में डिफेंडर का मुकाबला में लचर खेल टीम पर भारी पड़ा।,negative,sports,0
आज गोलकीपर मुकाबला से पहले प्रशिक्षण कर रहा है।,neutral,sports,1
दबाव वाले मुकाबले में जोड़ी फाइनल से पहले प्रशिक्षण कर रहा है।,neutral,sports,1
निर्णायक मैच में भारतीय खिलाड़ी का फाइनल में लचर खेल टीम पर भारी पड़ा।,negative,sports,0
वह अनुभव मेरे लिए दुखद रहा।,negative,sentihin,0
यह सेवा बेहद असंतोषजनक थी।,negative,sentihin,0
लगातार तीसरे मैच में कप्तान ने प्लेऑफ में उत्कृष्ट खेल दिखाकर मुश्किल स्थिति से बाहर निकली।,positive,sports,2
प्रशंसकों के सामने टेनिस स्टार का मैच में लचर खेल टीम पर भारी पड़ा।,negative,sports,0
मुकाबला दबाव वाले मुकाबले में आयोजित होगा और खिलाड़ी इसमें हिस्सा लेगा।,neutral,sports,1
कप्तान ने लीग मैच में कमजोर प्रदर्शन किया और लगातार गलतियां कीं।,negative,sports,0
डिफेंडर लीग मैच के लिए रणनीति पर चर्चा कर रही है।,neutral,sports,1
उसकी आलोचना से मेरे आत्मबल को गहरी चोट लगी।,negative,sentihin,0
जोड़ी ने मुकाबला में उत्कृष्ट प्रदर्शन करते हुए मुकाबला अपने नाम कर लिया।,positive,sports,2
महत्वपूर्ण मौके पर फॉरवर्ड का मैच में फीका खेल टीम पर भारी पड़ा।,negative,sports,0
फाइनल टूर्नामेंट के अहम चरण में आयोजित होगा और कप्तान इसमें हिस्सा लेगा।,neutral,sports,1
दबाव वाले मुकाबले में टेनिस स्टार ने फाइनल में शानदार खेल दिखाकर मुश्किल स्थिति से बाहर निकली।,positive,sports,2
मुझे इसमें कोई विशेष बात नहीं दिखी।,neutral,sentihin,1
आज भारतीय खिलाड़ी ने मैच में शानदार खेल दिखाकर महत्वपूर्ण योगदान दिया।,positive,sports,2
इस मुकाबले में भारतीय टीम ने लीग मैच में धमाकेदार खेल दिखाकर जीत दर्ज की।,positive,sports,2
खिलाड़ी ने प्रतियोगिता में खराब प्रदर्शन किया और लगातार गलतियां कीं।,negative,sports,0
इस पर अपनी कोई स्पष्ट राय मैं नहीं दे सकता।,neutral,sentihin,1
कप्तान ने मैच में उत्कृष्ट प्रदर्शन करते हुए महत्वपूर्ण योगदान दिया।,positive,sports,2
युवा एथलीट ने रेस में निराश करने वाला प्रदर्शन किया और महत्वपूर्ण मौका गंवाया।,negative,sports,0
फाइनल लंबे ब्रेक के बाद आयोजित होगा और हॉकी टीम इसमें हिस्सा लेगा।,neutral,sports,1
घरेलू मैदान पर कप्तान का सेमीफाइनल में खराब खेल टीम पर भारी पड़ा।,negative,sports,0
भारतीय टीम ने फाइनल में लचर प्रदर्शन किया और अपनी लय खो दी।,negative,sports,0
डिफेंडर ने मुकाबला में बेहतरीन प्रदर्शन करते हुए मुकाबला अपने नाम कर लिया।,positive,sports,2
तुम्हारा यह सुझाव बेहतरीन है।,positive,sentihin,2
तुम्हारे विचार हमेशा सकारात्मक ऊर्जा देते हैं।,positive,sentihin,2
मैच इस मुकाबले में आयोजित होगा और फॉरवर्ड इसमें हिस्सा लेगा।,neutral,sports,1
हॉकी टीम ने मैच में शानदार प्रदर्शन करते हुए दबदबा कायम रखा।,positive,sports,2
वह निर्णय मेरे लिए सही रहा।,positive,sentihin,2
आज युवा एथलीट ने रेस में लाजवाब खेल दिखाकर जीत दर्ज की।,positive,sports,2
क्लब सेमीफाइनल के लिए रणनीति पर चर्चा कर रही है।,neutral,sports,1
खिलाड़ी ने लीग मैच के लिए तैयारी शुरू कर दी।,neutral,sports,1
यह यात्रा बेहद थकाऊ और बेकार रही।,negative,sentihin,0
चैंपियन ने फाइनल में निराश करने वाला प्रदर्शन किया और बढ़त गंवा दी।,negative,sports,0
घरेलू मैदान पर कप्तान मैच से पहले प्रशिक्षण कर रहा है।,neutral,sports,1
मुझे इससे कोई असर नहीं।,neutral,sentihin,1
प्रशंसकों के सामने गेंदबाज ने रन चेज में शानदार खेल दिखाकर जीत दर्ज की।,positive,sports,2
फॉरवर्ड ने मैच में बेहतरीन खेल दिखाया और टीम को जीत दिलाई।,positive,sports,2
लगातार तीसरे मैच में डिफेंडर का फाइनल में लचर खेल टीम पर भारी पड़ा।,negative,sports,0
यह काम बहुत मुश्किल और थकाऊ है।,negative,sentihin,0
हॉकी टीम ने मैच में बेअसर प्रदर्शन किया और महत्वपूर्ण मौका गंवाया।,negative,sports,0
वह फिल्म देखने में बहुत मजा आया।,positive,sentihin,2
यह खाना बहुत स्वादिष्ट और पौष्टिक है।,positive,sentihin,2
आपके सहयोग से मेरा आत्मविश्वास बढ़ा।,positive,sentihin,2
प्रशंसकों के सामने फॉरवर्ड का सेमीफाइनल में बेअसर खेल टीम पर भारी पड़ा।,negative,sports,0
निर्णायक मैच में फॉरवर्ड मैच से पहले प्रशिक्षण कर रहा है।,neutral,sports,1
टूर्नामेंट के अहम चरण में खिलाड़ी ने मुकाबला में उत्कृष्ट खेल दिखाकर शानदार वापसी की।,positive,sports,2
तुम्हारा यह उपहार अनमोल है।,positive,sentihin,2
मुकाबला निर्णायक मैच में आयोजित होगा और भारतीय खिलाड़ी इसमें हिस्सा लेगा।,neutral,sports,1
मैच दबाव वाले मुकाबले में आयोजित होगा और टेनिस स्टार इसमें हिस्सा लेगा।,neutral,sports,1
मुकाबला इस मुकाबले में आयोजित होगा और टेनिस स्टार इसमें हिस्सा लेगा।,neutral,sports,1
फिल्म का क्लाइमैक्स बेहद रोमांचक था,positive,sentihin,2
निर्णायक मैच में युवा खिलाड़ी ने मुकाबला में जबरदस्त खेल दिखाकर दबदबा कायम रखा।,positive,sports,2
भारतीय खिलाड़ी ने फाइनल में निराशाजनक प्रदर्शन किया और दबाव में बिखर गई।,negative,sports,0
मैं रोज़ाना अपने जीवन में खुशी के पल ढूंढता हूं।,neutral,sentihin,1
खिलाड़ी ने मैच में बेहतरीन प्रदर्शन करते हुए मुश्किल स्थिति से बाहर निकली।,positive,sports,2
निर्णायक मैच में भारतीय शटलर ने सेट में जबरदस्त खेल दिखाकर शानदार वापसी की।,positive,sports,2
Aaj Match evening mein start hoga,neutral,sports,1
आज खिलाड़ी रेस से पहले प्रशिक्षण कर रहा है।,neutral,sports,1
निर्णायक मैच में खिलाड़ी का मुकाबला में निराशाजनक खेल टीम पर भारी पड़ा।,negative,sports,0
महत्वपूर्ण मौके पर युवा खिलाड़ी ने सेट से पहले प्रशिक्षण पूरा किया।,neutral,sports,1
मुझे इसमें कोई बदलाव महसूस नहीं हुआ।,neutral,sentihin,1
टूर्नामेंट के अहम चरण में हॉकी टीम का मुकाबला में लचर खेल टीम पर भारी पड़ा।,negative,sports,0
आपकी मदद से आत्मविश्वास बढ़ा।,positive,sentihin,2
स्कूल सुबह नौ बजे शुरू होता है।,neutral,sentihin,1
प्रशंसकों के सामने युवा शटलर ने मैच में शानदार खेल दिखाकर लगातार अच्छा प्रदर्शन किया।,positive,sports,2
महत्वपूर्ण मौके पर गोलकीपर ने मुकाबला में शानदार खेल दिखाकर दबदबा कायम रखा।,positive,sports,2
युवा खिलाड़ी सेट के लिए मैच के लिए रवाना हुई।,neutral,sports,1
इस त्योहार ने मुझे बहुत खुशी दी।,positive,sentihin,2
बल्लेबाज ने मैच के लिए यात्रा कार्यक्रम साझा किया।,neutral,sports,1
प्रशंसकों के सामने रेडर ने लीग मैच में यादगार खेल दिखाकर दबदबा कायम रखा।,positive,sports,2
गोलकीपर ने लीग मैच में फीका खेल दिखाया और टीम को नुकसान हुआ।,negative,sports,0
गेंदबाज मुकाबला के लिए रणनीति पर चर्चा कर रही है।,neutral,sports,1
इस विषय पर मेरी कोई मजबूत राय नहीं बन पाई।,neutral,sentihin,1
भारतीय टीम ने मुकाबला में निराश करने वाला प्रदर्शन किया और लगातार गलतियां कीं।,negative,sports,0
मुझे इसमें कुछ नयापन नहीं दिखा।,neutral,sentihin,1
युवा शटलर मुकाबला के लिए अगले मुकाबले की तैयारी कर रही है।,neutral,sports,1
उसकी आलोचना ने मुझे हतोत्साहित कर दिया।,negative,sentihin,0
दबाव वाले मुकाबले में खिलाड़ी ने मैच में लाजवाब खेल दिखाकर दबदबा कायम रखा।,positive,sports,2
निर्णायक मैच में कप्तान क्वार्टरफाइनल से पहले प्रशिक्षण कर रहा है।,neutral,sports,1
मुझे इसमें कोई उत्तेजना नहीं हुई।,neutral,sentihin,1
लंबे ब्रेक के बाद विकेटकीपर का सीरीज में खराब खेल टीम पर भारी पड़ा।,negative,sports,0
इस योजना ने मुझे उम्मीद से कहीं ज्यादा लाभ पहुंचाया।,positive,sentihin,2
प्रशंसकों के सामने टेनिस स्टार ने सेट से पहले प्रशिक्षण पूरा किया।,neutral,sports,1
इस मुकाबले में रेडर लीग मैच से पहले प्रशिक्षण कर रहा है।,neutral,sports,1
लंबे ब्रेक के बाद गोलकीपर मुकाबला से पहले प्रशिक्षण कर रहा है।,neutral,sports,1
भारतीय धावक ने प्रतियोगिता में फीका प्रदर्शन किया और अपनी लय खो दी।,negative,sports,0
दबाव वाले मुकाबले में क्लब ने लीग मैच में उत्कृष्ट खेल दिखाकर लगातार अच्छा प्रदर्शन किया।,positive,sports,2
ओवर आज आयोजित होगा और विकेटकीपर इसमें हिस्सा लेगा।,neutral,sports,1
युवा शटलर ने गेम में फीका प्रदर्शन किया और महत्वपूर्ण मौका गंवाया।,negative,sports,0
प्रशंसकों के सामने खिलाड़ी का सेट में बेअसर खेल टीम पर भारी पड़ा।,negative,sports,0
इस मुकाबले में कप्तान का मैच में फीका खेल टीम पर भारी पड़ा।,negative,sports,0
घरेलू मैदान पर रेडर ने लीग मैच में कमाल का खेल दिखाकर महत्वपूर्ण योगदान दिया।,positive,sports,2
इस मुकाबले में जोड़ी ने सेट में उत्कृष्ट खेल दिखाकर मुश्किल स्थिति से बाहर निकली।,positive,sports,2
मुझे इसमें कोई उत्साह नहीं महसूस हुआ।,neutral,sentihin,1
दबाव वाले मुकाबले में भारतीय शटलर फाइनल से पहले प्रशिक्षण कर रहा है।,neutral,sports,1
भारतीय टीम मैच के लिए अगले दौर के लिए पहुंची।,neutral,sports,1
घरेलू मैदान पर बल्लेबाज का पारी में कमजोर खेल टीम पर भारी पड़ा।,negative,sports,0
प्रशंसकों के सामने डिफेंडर ने मुकाबला में शानदार खेल दिखाकर लगातार अच्छा प्रदर्शन किया।,positive,sports,2
जोड़ी की मुकाबला में खराब रणनीति काम नहीं आई।,negative,sports,0
भारतीय खिलाड़ी मुकाबला के लिए अगले मुकाबले की तैयारी कर रही है।,neutral,sports,1
महत्वपूर्ण मौके पर गोलकीपर ने सेमीफाइनल में कमाल का खेल दिखाकर मुकाबला अपने नाम कर लिया।,positive,sports,2
गोलकीपर ने लीग मैच के लिए तैयारी शुरू कर दी।,neutral,sports,1
लंबे ब्रेक के बाद कप्तान का मैच में लचर खेल टीम पर भारी पड़ा।,negative,sports,0
इस योजना ने मुझे उम्मीद से ज्यादा लाभ पहुंचाया।,positive,sentihin,2
खिलाड़ी मैच के लिए प्रशिक्षण जारी रखे हुए है।,neutral,sports,1
घरेलू मैदान पर युवा शटलर ने गेम में धमाकेदार खेल दिखाकर मुश्किल स्थिति से बाहर निकली।,positive,sports,2
लगातार तीसरे मैच में कप्तान क्वार्टरफाइनल से पहले प्रशिक्षण कर रहा है।,neutral,sports,1
मुझे परीक्षा में बहुत खराब लगा।,negative,sentihin,0
मैं इस उत्पाद के फीचर्स से संतुष्ट हूँ।,neutral,sentihin,1
दबाव वाले मुकाबले में युवा खिलाड़ी ने क्वार्टरफाइनल में यादगार खेल दिखाकर जीत दर्ज की।,positive,sports,2
खिलाड़ी ने प्लेऑफ में फीका प्रदर्शन किया और अपनी लय खो दी।,negative,sports,0
टूर्नामेंट के अहम चरण में युवा खिलाड़ी ने फाइनल से पहले प्रशिक्षण पूरा किया।,neutral,sports,1
प्लेऑफ टूर्नामेंट के अहम चरण में आयोजित होगा और भारतीय टीम इसमें हिस्सा लेगा।,neutral,sports,1
निर्णायक मैच में भारतीय टीम ने लीग मैच में कमाल का खेल दिखाकर महत्वपूर्ण योगदान दिया।,positive,sports,2
निर्णायक मैच में भारतीय धावक का दौड़ में फीका खेल टीम पर भारी पड़ा।,negative,sports,0
भारतीय टीम ने मैच में बेअसर प्रदर्शन किया और अपनी लय खो दी।,negative,sports,0
इस मुद्दे पर सोच विचार अभी चल रहा है।,neutral,sentihin,1
मैं इस विषय पर बाद में बात करूँगा।,neutral,sentihin,1
लंबे ब्रेक के बाद खिलाड़ी ने मुकाबला में धमाकेदार खेल दिखाकर दबदबा कायम रखा।,positive,sports,2
दबाव वाले मुकाबले में खिलाड़ी ने मैच में यादगार खेल दिखाकर मुश्किल स्थिति से बाहर निकली।,positive,sports,2
लगातार तीसरे मैच में टेनिस स्टार ने सेट में उत्कृष्ट खेल दिखाकर मुकाबला अपने नाम कर लिया।,positive,sports,2
प्रशंसकों के सामने खिलाड़ी का फाइनल में फीका खेल टीम पर भारी पड़ा।,negative,sports,0
यह निर्णय मेरे हिसाब से पूरी तरह गलत था।,negative,sentihin,0
लगातार तीसरे मैच में भारतीय शटलर ने सेट में बेहतरीन खेल दिखाकर शानदार वापसी की।,positive,sports,2
रेडर मुकाबला के लिए अभ्यास सत्र में शामिल हुई।,neutral,sports,1
भारतीय खिलाड़ी का कमजोर प्रदर्शन मैच में हार का कारण बना।,negative,sports,0
आपकी तारीफ से ऊर्जा मिलती है।,positive,sentihin,2
गोलकीपर ने लीग मैच में कमजोर प्रदर्शन किया और अपनी लय खो दी।,negative,sports,0
गोलकीपर लीग मैच के लिए रणनीति पर चर्चा कर रही है।,neutral,sports,1
महत्वपूर्ण मौके पर खिलाड़ी प्रतियोगिता से पहले प्रशिक्षण कर रहा है।,neutral,sports,1
इस पर बोलना मेरे लिए सहज नहीं होगा।,neutral,sentihin,1
रेस आज आयोजित होगा और खिलाड़ी इसमें हिस्सा लेगा।,neutral,sports,1
प्रशंसकों के सामने गोलकीपर का फाइनल में लचर खेल टीम पर भारी पड़ा।,negative,sports,0
डिफेंडर मुकाबला के लिए अभ्यास सत्र में शामिल हुई।,neutral,sports,1
भारतीय खिलाड़ी ने फाइनल में निराशाजनक प्रदर्शन किया और लगातार गलतियां कीं।,negative,sports,0
बल्लेबाज मैच के लिए अगले दौर के लिए पहुंची।,neutral,sports,1
फाइनल लंबे ब्रेक के बाद आयोजित होगा और भारतीय खिलाड़ी इसमें हिस्सा लेगा।,neutral,sports,1
टूर्नामेंट के अहम चरण में युवा शटलर फाइनल से पहले प्रशिक्षण कर रहा है।,neutral,sports,1
कप्तान ने मुकाबला में धमाकेदार प्रदर्शन करते हुए जीत दर्ज की।,positive,sports,2
सेट लंबे ब्रेक के बाद आयोजित होगा और टेनिस स्टार इसमें हिस्सा लेगा।,neutral,sports,1
लंबे ब्रेक के बाद खिलाड़ी ने रेस में धमाकेदार खेल दिखाकर महत्वपूर्ण योगदान दिया।,positive,sports,2
फॉरवर्ड मैच के लिए टूर्नामेंट में हिस्सा ले रही है।,neutral,sports,1
डिफेंडर ने फाइनल के दौरान लगातार बेहतर निर्णय लिए।,positive,sports,2
कप्तान ने मैच में निराश करने वाला प्रदर्शन किया और मुकाबला गंवा दिया।,negative,sports,0
लगातार तीसरे मैच में खिलाड़ी ने प्रतियोगिता में बेहतरीन खेल दिखाकर जीत दर्ज की।,positive,sports,2
लंबे ब्रेक के बाद एथलीट रेस से पहले प्रशिक्षण कर रहा है।,neutral,sports,1
इस मुकाबले में भारतीय टीम ने प्लेऑफ में धमाकेदार खेल दिखाकर लगातार अच्छा प्रदर्शन किया।,positive,sports,2
भारतीय टीम ने सीरीज में धमाकेदार खेल दिखाया और टीम को जीत दिलाई।,positive,sports,2
मुकाबला आज आयोजित होगा और भारतीय खिलाड़ी इसमें हिस्सा लेगा।,neutral,sports,1
रेडर मुकाबला के लिए अगले दौर के लिए पहुंची।,neutral,sports,1
टूर्नामेंट के अहम चरण में खिलाड़ी ने मैच में यादगार खेल दिखाकर लगातार अच्छा प्रदर्शन किया।,positive,sports,2
महत्वपूर्ण मौके पर बल्लेबाज मुकाबला से पहले प्रशिक्षण कर रहा है।,neutral,sports,1
यह निर्णय बेहद असफल साबित हुआ।,negative,sentihin,0
महत्वपूर्ण मौके पर युवा खिलाड़ी ने सेट में कमाल का खेल दिखाकर दबदबा कायम रखा।,positive,sports,2
मुकाबला टूर्नामेंट के अहम चरण में आयोजित होगा और टेनिस स्टार इसमें हिस्सा लेगा।,neutral,sports,1
लगातार तीसरे मैच में गोलकीपर ने मुकाबला में शानदार खेल दिखाकर महत्वपूर्ण योगदान दिया।,positive,sports,2
खिलाड़ी ने सेट में लाजवाब प्रदर्शन करते हुए जीत दर्ज की।,positive,sports,2
लंबे ब्रेक के बाद टेनिस स्टार का फाइनल में फीका खेल टीम पर भारी पड़ा।,negative,sports,0
घरेलू मैदान पर फॉरवर्ड ने लीग मैच में बेहतरीन खेल दिखाकर मुकाबला अपने नाम कर लिया।,positive,sports,2
Aaj Team ka performance bahut disappointing raha,negative,sports,0
फॉरवर्ड लीग मैच के लिए अभ्यास सत्र में शामिल हुई।,neutral,sports,1
यह ऐप काफी उपयोगी है,positive,sentihin,2
इस मुकाबले में एथलीट ने इवेंट में जबरदस्त खेल दिखाकर मुकाबला अपने नाम कर लिया।,positive,sports,2
युवा खिलाड़ी ने क्वार्टरफाइनल में लचर खेल दिखाया और टीम को नुकसान हुआ।,negative,sports,0
आज बुधवार है।,neutral,sentihin,1
तुम्हारी मुस्कान मेरे दिन को रोशन कर देती है।,positive,sentihin,2
प्रशंसकों के सामने जोड़ी ने सेट में जबरदस्त खेल दिखाकर मुकाबला अपने नाम कर लिया।,positive,sports,2
इस मुकाबले में गोलकीपर ने फाइनल में शानदार खेल दिखाकर मुश्किल स्थिति से बाहर निकली।,positive,sports,2
लंबे ब्रेक के बाद कप्तान ने प्लेऑफ में लाजवाब खेल दिखाकर दबदबा कायम रखा।,positive,sports,2
कप्तान ने रन चेज में असंगत प्रदर्शन किया और उम्मीदों पर खरी नहीं उतरी।,negative,sports,0
दबाव वाले मुकाबले में युवा एथलीट ने दौड़ में बेहतरीन तालमेल के साथ जीत हासिल की।,positive,sports,2
आज का मौसम बहुत सुहावना है।,positive,sentihin,2
घरेलू मैदान पर भारतीय शटलर ने मुकाबला में कमाल का खेल दिखाकर दबदबा कायम रखा।,positive,sports,2
इस मुकाबले में भारत ने मुकाबला में लाजवाब खेल दिखाकर मुकाबला अपने नाम कर लिया।,positive,sports,2
इस मुकाबले में जोड़ी का गेम में फीका खेल टीम पर भारी पड़ा।,negative,sports,0
इस मुकाबले में भारतीय टीम ने फाइनल में धमाकेदार खेल दिखाकर महत्वपूर्ण योगदान दिया।,positive,sports,2
दबाव वाले मुकाबले में कप्तान सेमीफाइनल से पहले प्रशिक्षण कर रहा है।,neutral,sports,1
महत्वपूर्ण मौके पर भारतीय टीम ने सेमीफाइनल में कई आसान मौके गंवाए।,negative,sports,0
तुम्हारा यह विचार प्रेरणादायक है।,positive,sentihin,2
भारतीय टीम ने सेमीफाइनल में कमजोर प्रदर्शन किया और लगातार गलतियां कीं।,negative,sports,0
प्रशंसकों के सामने जोड़ी ने फाइनल में जबरदस्त खेल दिखाकर मुश्किल स्थिति से बाहर निकली।,positive,sports,2
आज खिलाड़ी मुकाबला से पहले प्रशिक्षण कर रहा है।,neutral,sports,1
लगातार तीसरे मैच में डिफेंडर ने लीग मैच में जबरदस्त खेल दिखाकर दबदबा कायम रखा।,positive,sports,2
महत्वपूर्ण मौके पर खिलाड़ी ने प्रतियोगिता में बेहतरीन खेल दिखाकर मुकाबला अपने नाम कर लिया।,positive,sports,2
महत्वपूर्ण मौके पर कप्तान ने फाइनल में लाजवाब खेल दिखाकर जीत दर्ज की।,positive,sports,2
पारी आज आयोजित होगा और कप्तान इसमें हिस्सा लेगा।,neutral,sports,1
डिफेंडर ने फाइनल में निराश करने वाला प्रदर्शन किया और बढ़त गंवा दी।,negative,sports,0
महत्वपूर्ण मौके पर खिलाड़ी का क्वार्टरफाइनल में फीका खेल टीम पर भारी पड़ा।,negative,sports,0
गोलकीपर ने मुकाबला में लचर प्रदर्शन किया और बढ़त गंवा दी।,negative,sports,0
मुझे इस विषय में कोई दिलचस्पी नहीं है।,neutral,sentihin,1
मुझे यह फिल्म निराशाजनक लगी,negative,sentihin,0
चैंपियन ने मुकाबला में असंगत प्रदर्शन किया और महत्वपूर्ण मौका गंवाया।,negative,sports,0
डिफेंडर अगले मुकाबला से पहले कोच के साथ बैठक करेगा।,neutral,sports,1
इस व्यक्ति की मेहनत सफल हुई है।,positive,sentihin,2
दबाव वाले मुकाबले में चैंपियन का मैच में कमजोर खेल टीम पर भारी पड़ा।,negative,sports,0
इस मुकाबले में युवा शटलर का सेट में फीका खेल टीम पर भारी पड़ा।,negative,sports,0
आपकी सहायता मेरे लिए अनमोल है।,positive,sentihin,2
महत्वपूर्ण मौके पर गोलकीपर का लीग मैच में फीका खेल टीम पर भारी पड़ा।,negative,sports,0
निर्णायक मैच में गेंदबाज ने रन चेज में उत्कृष्ट खेल दिखाकर मुकाबला अपने नाम कर लिया।,positive,sports,2
टूर्नामेंट के अहम चरण में विकेटकीपर ने मैच में बेहतरीन खेल दिखाकर लगातार अच्छा प्रदर्शन किया।,positive,sports,2
टेनिस स्टार ने मुकाबला में बेअसर प्रदर्शन किया और लगातार गलतियां कीं।,negative,sports,0
यह योजना बहुत ही खराब थी।,negative,sentihin,0
घरेलू मैदान पर डिफेंडर ने सेमीफाइनल में कमाल का खेल दिखाकर मुकाबला अपने नाम कर लिया।,positive,sports,2
महत्वपूर्ण मौके पर भारतीय टीम ने मुकाबला में लाजवाब खेल दिखाकर महत्वपूर्ण योगदान दिया।,positive,sports,2
भारतीय टीम सेमीफाइनल के लिए मैच के लिए रवाना हुई।,neutral,sports,1
घरेलू मैदान पर रेडर ने मैच में शानदार खेल दिखाकर लगातार अच्छा प्रदर्शन किया।,positive,sports,2
विकेटकीपर ने सीरीज के लिए तैयारी शुरू कर दी।,neutral,sports,1
इस मुकाबले में क्लब का फाइनल में असंगत खेल टीम पर भारी पड़ा।,negative,sports,0
भारतीय टीम ने सेमीफाइनल में बेअसर प्रदर्शन किया और अपनी लय खो दी।,negative,sports,0
युवा खिलाड़ी ने फाइनल में कमजोर प्रदर्शन किया और दबाव में बिखर गई।,negative,sports,0
दबाव वाले मुकाबले में कप्तान ने प्लेऑफ से पहले प्रशिक्षण पूरा किया।,neutral,sports,1
प्रशंसकों के सामने टेनिस स्टार ने फाइनल में लाजवाब खेल दिखाकर महत्वपूर्ण योगदान दिया।,positive,sports,2
लगातार तीसरे मैच में डिफेंडर ने मुकाबला में धमाकेदार खेल दिखाकर मुश्किल स्थिति से बाहर निकली।,positive,sports,2
चैंपियन ने मैच में खराब प्रदर्शन किया और लगातार गलतियां कीं।,negative,sports,0
दबाव वाले मुकाबले में चैंपियन ने मैच में उत्कृष्ट खेल दिखाकर मुकाबला अपने नाम कर लिया।,positive,sports,2
मुझे यह अनुभव निराशाजनक लगा।,negative,sentihin,0
लगातार तीसरे मैच में धाविका ने फाइनल से पहले प्रशिक्षण पूरा किया।,neutral,sports,1
कप्तान दबाव के कारण कठिन सेमीफाइनल में लय नहीं बना सका।,negative,sports,0
मुझे इससे कोई खास भावना नहीं हुई।,neutral,sentihin,1
आपकी सलाह अमूल्य रही।,positive,sentihin,2
भारतीय टीम ने फाइनल में फीका प्रदर्शन किया और अपनी लय खो दी।,negative,sports,0
निर्णायक मैच में रेडर मुकाबला से पहले प्रशिक्षण कर रहा है।,neutral,sports,1
आज चैंपियन का मुकाबला में निराशाजनक खेल टीम पर भारी पड़ा।,negative,sports,0
घरेलू मैदान पर रेडर का फाइनल में बेअसर खेल टीम पर भारी पड़ा।,negative,sports,0
घरेलू मैदान पर खिलाड़ी ने मैच में धमाकेदार खेल दिखाकर महत्वपूर्ण योगदान दिया।,positive,sports,2
लंबे ब्रेक के बाद गेंदबाज रन चेज से पहले प्रशिक्षण कर रहा है।,neutral,sports,1
प्लेऑफ दबाव वाले मुकाबले में आयोजित होगा और कप्तान इसमें हिस्सा लेगा।,neutral,sports,1
इस मुकाबले में कप्तान ने मुकाबला में लाजवाब खेल दिखाकर मुश्किल स्थिति से बाहर निकली।,positive,sports,2
यह पूरी तरह निराशाजनक था।,negative,sentihin,0
दबाव वाले मुकाबले में डिफेंडर ने फाइनल में यादगार खेल दिखाकर दबदबा कायम रखा।,positive,sports,2
लगातार तीसरे मैच में भारत का मैच में असंगत खेल टीम पर भारी पड़ा।,negative,sports,0
फॉरवर्ड ने सेमीफाइनल के लिए नया अभ्यास कार्यक्रम शुरू किया।,neutral,sports,1
मुझे इससे कुछ लेना देना नहीं।,neutral,sentihin,1
मुझे वहाँ की व्यवस्था असुविधाजनक लगी।,negative,sentihin,0
निर्णायक मैच में गोलकीपर का लीग मैच में असंगत खेल टीम पर भारी पड़ा।,negative,sports,0
युवा खिलाड़ी की सेट में खराब रणनीति काम नहीं आई।,negative,sports,0
मेरे नए हेडफोन्स की ध्वनि बहुत खराब है।,negative,sentihin,0
इस मुकाबले में कप्तान रन चेज से पहले प्रशिक्षण कर रहा है।,neutral,sports,1
युवा शटलर ने मुकाबला के लिए तैयारी शुरू कर दी।,neutral,sports,1
इस मुकाबले में गोलकीपर ने मुकाबला से पहले प्रशिक्षण पूरा किया।,neutral,sports,1
घरेलू मैदान पर फॉरवर्ड ने मैच में बेहतरीन खेल दिखाकर दबदबा कायम रखा।,positive,sports,2
लगातार तीसरे मैच में चैंपियन ने गेम में यादगार खेल दिखाकर लगातार अच्छा प्रदर्शन किया।,positive,sports,2
मुझे वहाँ की सेवा निराशाजनक लगी।,negative,sentihin,0
घरेलू मैदान पर युवा एथलीट ने फाइनल में लाजवाब खेल दिखाकर मुश्किल स्थिति से बाहर निकली।,positive,sports,2
मुझे यह नौकरी से बहुत परेशानी हो रही है।,negative,sentihin,0
डिफेंडर लीग मैच के लिए प्रशिक्षण जारी रखे हुए है।,neutral,sports,1
घरेलू मैदान पर भारतीय टीम का लीग मैच में कमजोर खेल टीम पर भारी पड़ा।,negative,sports,0
इस मुकाबले में भारतीय धावक ने प्रतियोगिता में धमाकेदार खेल दिखाकर महत्वपूर्ण योगदान दिया।,positive,sports,2
उसका रवैया अपमानजनक ही नहीं क्रूर भी था।,negative,sentihin,0
बिजली कटौती ने बहुत परेशानी दी।,negative,sentihin,0
आज जोड़ी ने मुकाबला में कई आसान मौके गंवाए।,negative,sports,0
लगातार तीसरे मैच में डिफेंडर ने फाइनल में कमाल का खेल दिखाकर मुश्किल स्थिति से बाहर निकली।,positive,sports,2
प्रशंसकों के सामने डिफेंडर ने मैच में कमाल का खेल दिखाकर शानदार वापसी की।,positive,sports,2
टूर्नामेंट के अहम चरण में गेंदबाज ने मैच में उत्कृष्ट खेल दिखाकर शानदार वापसी की।,positive,sports,2
मुझे वहाँ का व्यवहार खराब लगा।,negative,sentihin,0
लगातार तीसरे मैच में विकेटकीपर का पारी में कमजोर खेल टीम पर भारी पड़ा।,negative,sports,0
डिफेंडर ने फाइनल में निराश करने वाला प्रदर्शन किया और अपनी लय खो दी।,negative,sports,0
दबाव वाले मुकाबले में विकेटकीपर का रन चेज में बेअसर खेल टीम पर भारी पड़ा।,negative,sports,0
महत्वपूर्ण मौके पर खिलाड़ी का फाइनल में निराश करने वाला खेल टीम पर भारी पड़ा।,negative,sports,0
यह अनुभव बिल्कुल असंतोषजनक था।,negative,sentihin,0
आपके साथ यात्रा करना मजेदार था।,positive,sentihin,2
गोलकीपर के लीग मैच में लाजवाब प्रदर्शन से टीम को फायदा हुआ।,positive,sports,2
लगातार तीसरे मैच में डिफेंडर का मुकाबला में फीका खेल टीम पर भारी पड़ा।,negative,sports,0
घरेलू मैदान पर युवा खिलाड़ी मुकाबला से पहले प्रशिक्षण कर रहा है।,neutral,sports,1
दबाव वाले मुकाबले में गोलकीपर मुकाबला से पहले प्रशिक्षण कर रहा है।,neutral,sports,1
यह निर्णय असफल साबित हुआ।,negative,sentihin,0
मैं रोज़ाना अपने जीवन में नई चुनौतियों का सामना करता हूं।,neutral,sentihin,1
निर्णायक मैच में युवा शटलर ने मैच में लाजवाब खेल दिखाकर मुकाबला अपने नाम कर लिया।,positive,sports,2
महत्वपूर्ण मौके पर गेंदबाज का ओवर में लचर खेल टीम पर भारी पड़ा।,negative,sports,0
वह स्थान बहुत सुंदर था।,positive,sentihin,2
इस मुकाबले में रेडर ने मैच में शानदार खेल दिखाकर दबदबा कायम रखा।,positive,sports,2
डिफेंडर मुकाबला के लिए अगले दौर के लिए पहुंची।,neutral,sports,1
कप्तान ने क्वार्टरफाइनल में निराशाजनक प्रदर्शन किया और मुकाबला गंवा दिया।,negative,sports,0
टूर्नामेंट के अहम चरण में खिलाड़ी ने फाइनल में बेहतरीन खेल दिखाकर लगातार अच्छा प्रदर्शन किया।,positive,sports,2
आज युवा खिलाड़ी का मुकाबला में फीका खेल टीम पर भारी पड़ा।,negative,sports,0
महत्वपूर्ण मौके पर कप्तान का मुकाबला में फीका खेल टीम पर भारी पड़ा।,negative,sports,0
डिफेंडर ने फाइनल में असंगत खेल दिखाया और टीम को नुकसान हुआ।,negative,sports,0
भारतीय टीम की टीम मैच के लिए अपनी अंतिम सूची तैयार कर रही है।,neutral,sports,1
आज कप्तान ने मुकाबला में यादगार खेल दिखाकर मुकाबला अपने नाम कर लिया।,positive,sports,2
प्रशंसकों के सामने डिफेंडर का मुकाबला में कमजोर खेल टीम पर भारी पड़ा।,negative,sports,0
इस मुकाबले में खिलाड़ी ने मैच में जबरदस्त खेल दिखाकर मुश्किल स्थिति से बाहर निकली।,positive,sports,2
लंबे ब्रेक के बाद डिफेंडर का मुकाबला में निराशाजनक खेल टीम पर भारी पड़ा।,negative,sports,0
इस मुकाबले में गेंदबाज पारी से पहले प्रशिक्षण कर रहा है।,neutral,sports,1
तुम्हारी उपलब्धि पर मुझे बेहद गर्व महसूस हो रहा है।,positive,sentihin,2
ऑफिस में आज का दिन बहुत तनावपूर्ण रहा।,negative,sentihin,0
निर्णायक चरण में टीम ने जीत का सुनहरा मौका गंवा दिया।,negative,sports,0
यह किताब प्रेरक है,positive,sentihin,2
मैं रोज़ाना मेडिटेशन करता हूं।,neutral,sentihin,1
डिफेंडर ने सेमीफाइनल में उत्कृष्ट प्रदर्शन करते हुए दबदबा कायम रखा।,positive,sports,2
लंबे ब्रेक के बाद खिलाड़ी का मुकाबला में निराशाजनक खेल टीम पर भारी पड़ा।,negative,sports,0
खिलाड़ी ने मुकाबला में असंगत प्रदर्शन किया और महत्वपूर्ण मौका गंवाया।,negative,sports,0
दौड़ टूर्नामेंट के अहम चरण में आयोजित होगा और एथलीट इसमें हिस्सा लेगा।,neutral,sports,1
इस मुकाबले में क्लब फाइनल से पहले प्रशिक्षण कर रहा है।,neutral,sports,1
मुझे इससे कोई विशेष भावनात्मक अनुभव नहीं हुआ।,neutral,sentihin,1
लंबे ब्रेक के बाद विकेटकीपर ने सीरीज में बेहतरीन खेल दिखाकर शानदार वापसी की।,positive,sports,2
युवा एथलीट ने दौड़ में शानदार प्रदर्शन करते हुए जीत दर्ज की।,positive,sports,2
यह खरीदारी बहुत बुरी रही।,negative,sentihin,0
निर्णायक मैच में खिलाड़ी का गेम में लचर खेल टीम पर भारी पड़ा।,negative,sports,0
उसकी आलोचना ने मेरे आत्म सम्मान को चोट पहुँचाई।,negative,sentihin,0
भारत ने रन चेज में बेअसर प्रदर्शन किया और बढ़त गंवा दी।,negative,sports,0
महत्वपूर्ण मौके पर भारतीय धावक का दौड़ में निराश करने वाला खेल टीम पर भारी पड़ा।,negative,sports,0
हॉकी टीम लीग मैच के लिए रणनीति पर चर्चा कर रही है।,neutral,sports,1
निर्णायक मैच में खिलाड़ी का प्रतियोगिता में लचर खेल टीम पर भारी पड़ा।,negative,sports,0
यह पार्क बहुत हरा भरा और खुशनुमा है।,positive,sentihin,2
भारतीय टीम ने फाइनल के दौरान लगातार गलत फैसले लिए।,negative,sports,0
इस विषय में मुझे कोई दिलचस्पी नहीं है।,neutral,sentihin,1
आज क्लब का सेमीफाइनल में लचर खेल टीम पर भारी पड़ा।,negative,sports,0
फॉरवर्ड मैच के लिए रणनीति पर चर्चा कर रही है।,neutral,sports,1
लगातार तीसरे मैच में चैंपियन ने मुकाबला में धमाकेदार खेल दिखाकर महत्वपूर्ण योगदान दिया।,positive,sports,2
यह संगीत मेरे मन को शांत करता है।,positive,sentihin,2
रेडर ने मैच में फीका प्रदर्शन किया और दबाव में बिखर गई।,negative,sports,0
आपकी बातें हमेशा प्रोत्साहन देती हैं।,positive,sentihin,2
आज खिलाड़ी का फाइनल में फीका खेल टीम पर भारी पड़ा।,negative,sports,0
इस मुकाबले में गोलकीपर ने मैच में धमाकेदार खेल दिखाकर मुश्किल स्थिति से बाहर निकली।,positive,sports,2
युवा खिलाड़ी ने मुकाबला में लचर प्रदर्शन किया और अपनी लय खो दी।,negative,sports,0
दौड़ लंबे ब्रेक के बाद आयोजित होगा और युवा एथलीट इसमें हिस्सा लेगा।,neutral,sports,1
तुम्हारे साथ बिताया समय मेरी सबसे प्यारी यादों में शामिल है।,positive,sentihin,2
भारतीय खिलाड़ी ने फाइनल में लचर प्रदर्शन किया और दबाव में बिखर गई।,negative,sports,0
लगातार तीसरे मैच में हॉकी टीम का मैच में बेअसर खेल टीम पर भारी पड़ा।,negative,sports,0
लगातार तीसरे मैच में भारतीय टीम ने सेमीफाइनल में लाजवाब खेल दिखाकर दबदबा कायम रखा।,positive,sports,2
जोड़ी की गेम में निराशाजनक रणनीति काम नहीं आई।,negative,sports,0
भारतीय धावक ने प्रतियोगिता में बेअसर प्रदर्शन किया और लगातार गलतियां कीं।,negative,sports,0
मुझे इसमें कोई विशेष बात नहीं।,neutral,sentihin,1
लगातार तीसरे मैच में टेनिस स्टार सेट से पहले प्रशिक्षण कर रहा है।,neutral,sports,1
प्रशंसकों के सामने गेंदबाज मैच से पहले प्रशिक्षण कर रहा है।,neutral,sports,1
भारतीय खिलाड़ी मुकाबला के लिए प्रशिक्षण जारी रखे हुए है।,neutral,sports,1
यह फैसला बहुत ही दुखद रहा।,negative,sentihin,0
तुम्हारे विचार सुनकर दिल को सुकून मिलता है।,positive,sentihin,2
टूर्नामेंट के अहम चरण में एथलीट ने इवेंट में बेहतरीन खेल दिखाकर महत्वपूर्ण योगदान दिया।,positive,sports,2
इस मुकाबले में भारतीय टीम का सेमीफाइनल में फीका खेल टीम पर भारी पड़ा।,negative,sports,0
आपके विचार मेरे लिए प्रेरणा हैं।,positive,sentihin,2
यह यात्रा अत्यंत असफल साबित हुई।,negative,sentihin,0
आज खिलाड़ी ने लीग मैच में बेहतरीन खेल दिखाकर शानदार वापसी की।,positive,sports,2
युवा खिलाड़ी दबाव के कारण कठिन मैच में लय नहीं बना सका।,negative,sports,0
टेनिस स्टार ने फाइनल में लाजवाब प्रदर्शन करते हुए मुश्किल स्थिति से बाहर निकली।,positive,sports,2
घरेलू मैदान पर डिफेंडर का लीग मैच में निराशाजनक खेल टीम पर भारी पड़ा।,negative,sports,0
निर्णायक मैच में गोलकीपर ने मैच में धमाकेदार खेल दिखाकर महत्वपूर्ण योगदान दिया।,positive,sports,2
गोलकीपर सेमीफाइनल के लिए मैच के लिए रवाना हुई।,neutral,sports,1
इस मुकाबले में डिफेंडर ने लीग मैच में यादगार खेल दिखाकर लगातार अच्छा प्रदर्शन किया।,positive,sports,2
मेरे पति ने मुझे एक सुंदर तोहफा दिया।,positive,sentihin,2
खरीद के बाद उत्पाद ने निराश किया,negative,sentihin,0
कल बारिश होगी या नहीं पता नहीं।,neutral,sentihin,1
यह पहाड़ों का दृश्य अविस्मरणीय था।,positive,sentihin,2
आज क्लब ने सेमीफाइनल से पहले प्रशिक्षण पूरा किया।,neutral,sports,1
युवा खिलाड़ी ने सेट में असंगत प्रदर्शन किया और महत्वपूर्ण मौका गंवाया।,negative,sports,0
प्रशंसकों के सामने भारतीय धावक का रेस में कमजोर खेल टीम पर भारी पड़ा।,negative,sports,0
हॉकी टीम ने मैच में खराब प्रदर्शन किया और लगातार गलतियां कीं।,negative,sports,0
भारतीय धावक ने इवेंट के दौरान लगातार गलत फैसले लिए।,negative,sports,0
इस मुकाबले में कप्तान का मैच में लचर खेल टीम पर भारी पड़ा।,negative,sports,0
लंबे ब्रेक के बाद एथलीट ने प्रतियोगिता में उत्कृष्ट खेल दिखाकर जीत दर्ज की।,positive,sports,2
भारतीय शटलर ने मुकाबला में फीका प्रदर्शन किया और बढ़त गंवा दी।,negative,sports,0
यह प्रयास उत्कृष्ट रहा।,positive,sentihin,2
आपका समर्थन मेरे लिए प्रेरणा है।,positive,sentihin,2
कप्तान ने मैच में बेअसर प्रदर्शन किया और उम्मीदों पर खरी नहीं उतरी।,negative,sports,0
दबाव वाले मुकाबले में खिलाड़ी ने सेट में कई आसान मौके गंवाए।,negative,sports,0
घरेलू मैदान पर एथलीट फाइनल से पहले प्रशिक्षण कर रहा है।,neutral,sports,1
मुझे इसमें कोई विशेषता नहीं दिखी।,neutral,sentihin,1
महत्वपूर्ण मौके पर रेडर का फाइनल में फीका खेल टीम पर भारी पड़ा।,negative,sports,0
मैं इस पर कोई टिप्पणी नहीं करना चाहता।,neutral,sentihin,1
आज खिलाड़ी ने लीग मैच से पहले प्रशिक्षण पूरा किया।,neutral,sports,1
रेडर ने फाइनल में कमजोर प्रदर्शन किया और मुकाबला गंवा दिया।,negative,sports,0
टूर्नामेंट के अहम चरण में भारतीय धावक फाइनल से पहले प्रशिक्षण कर रहा है।,neutral,sports,1
लगातार तीसरे मैच में चैंपियन ने फाइनल में लाजवाब खेल दिखाकर महत्वपूर्ण योगदान दिया।,positive,sports,2
उसका बर्ताव बार बार मुझे अपमानित करता रहा।,negative,sentihin,0
धाविका फाइनल के लिए अगले मुकाबले की तैयारी कर रही है।,neutral,sports,1
टूर्नामेंट के अहम चरण में भारत ने ओवर में जबरदस्त खेल दिखाकर मुकाबला अपने नाम कर लिया।,positive,sports,2
लंबे ब्रेक के बाद विकेटकीपर ने सीरीज से पहले प्रशिक्षण पूरा किया।,neutral,sports,1
युवा एथलीट ने रेस में निराशाजनक प्रदर्शन किया और उम्मीदों पर खरी नहीं उतरी।,negative,sports,0
इस मुकाबले में युवा शटलर मुकाबला से पहले प्रशिक्षण कर रहा है।,neutral,sports,1
बल्लेबाज ने मुकाबला के लिए तैयारी शुरू कर दी।,neutral,sports,1
प्रशंसकों के सामने युवा एथलीट ने दौड़ से पहले प्रशिक्षण पूरा किया।,neutral,sports,1
आज चैंपियन ने गेम से पहले प्रशिक्षण पूरा किया।,neutral,sports,1
मैं इस विषय पर कुछ खास नहीं सोचता।,neutral,sentihin,1
युवा खिलाड़ी ने सेट के लिए तैयारी शुरू कर दी।,neutral,sports,1
निर्णायक मैच में हॉकी टीम ने मुकाबला में धमाकेदार खेल दिखाकर महत्वपूर्ण योगदान दिया।,positive,sports,2
आज भारतीय टीम ने मैच से पहले प्रशिक्षण पूरा किया।,neutral,sports,1
टूर्नामेंट के अहम चरण में चैंपियन का फाइनल में लचर खेल टीम पर भारी पड़ा।,negative,sports,0
इस मुकाबले में खिलाड़ी ने सेट में शानदार खेल दिखाकर महत्वपूर्ण योगदान दिया।,positive,sports,2
निर्णायक मैच में एथलीट का इवेंट में असंगत खेल टीम पर भारी पड़ा।,negative,sports,0
दबाव वाले मुकाबले में भारत ने पारी में धमाकेदार खेल दिखाकर लगातार अच्छा प्रदर्शन किया।,positive,sports,2
कप्तान की पारी में खराब रणनीति काम नहीं आई।,negative,sports,0
रन चेज महत्वपूर्ण मौके पर आयोजित होगा और विकेटकीपर इसमें हिस्सा लेगा।,neutral,sports,1
गेंदबाज मैच के लिए अगले मुकाबले की तैयारी कर रही है।,neutral,sports,1
दबाव वाले मुकाबले में कप्तान का फाइनल में फीका खेल टीम पर भारी पड़ा।,negative,sports,0
खिलाड़ी ने फाइनल में असंगत प्रदर्शन किया और महत्वपूर्ण मौका गंवाया।,negative,sports,0
इवेंट आज आयोजित होगा और भारतीय धावक इसमें हिस्सा लेगा।,neutral,sports,1
इस मुकाबले में युवा शटलर गेम से पहले प्रशिक्षण कर रहा है।,neutral,sports,1
दबाव वाले मुकाबले में चैंपियन सेट से पहले प्रशिक्षण कर रहा है।,neutral,sports,1
इस सुविधा में सुधार की जरूरत है,negative,sentihin,0
लगातार तीसरे मैच में रेडर का प्लेऑफ में निराश करने वाला खेल टीम पर भारी पड़ा।,negative,sports,0
हॉकी टीम ने मैच में कमाल का प्रदर्शन करते हुए लगातार अच्छा प्रदर्शन किया।,positive,sports,2
गेंदबाज ने ओवर के लिए यात्रा कार्यक्रम साझा किया।,neutral,sports,1
लगातार तीसरे मैच में कप्तान ने मैच से पहले प्रशिक्षण पूरा किया।,neutral,sports,1
उसकी आलोचना मुझे गलत लगी।,negative,sentihin,0
मुकाबला टूर्नामेंट के अहम चरण में आयोजित होगा और गोलकीपर इसमें हिस्सा लेगा।,neutral,sports,1
लगातार तीसरे मैच में फॉरवर्ड ने मैच में धमाकेदार खेल दिखाकर महत्वपूर्ण योगदान दिया।,positive,sports,2
खिलाड़ी अगले मैच से पहले कोच के साथ बैठक करेगा।,neutral,sports,1
लंबे ब्रेक के बाद युवा शटलर का फाइनल में खराब खेल टीम पर भारी पड़ा।,negative,sports,0
घरेलू मैदान पर खिलाड़ी ने लीग मैच में उत्कृष्ट खेल दिखाकर महत्वपूर्ण योगदान दिया।,positive,sports,2
यह त्योहार का उत्सव बहुत जीवंत था।,positive,sentihin,2
लीग मैच टूर्नामेंट के अहम चरण में आयोजित होगा और फॉरवर्ड इसमें हिस्सा लेगा।,neutral,sports,1
इस मुकाबले में भारतीय खिलाड़ी ने मैच में यादगार खेल दिखाकर लगातार अच्छा प्रदर्शन किया।,positive,sports,2
यह प्रयास लाभकारी रहा।,positive,sentihin,2
टूर्नामेंट के अहम चरण में कप्तान ने ओवर में बेहतरीन खेल दिखाकर शानदार वापसी की।,positive,sports,2
मैं इस किताब को दोबारा पढ़ना चाहूँगा।,neutral,sentihin,1
यह अनुभव पूरी तरह विफल साबित हुआ।,negative,sentihin,0
महत्वपूर्ण मौके पर कप्तान ने सीरीज से पहले प्रशिक्षण पूरा किया।,neutral,sports,1
भारतीय टीम की ओवर में बेअसर रणनीति काम नहीं आई।,negative,sports,0
लगातार तीसरे मैच में डिफेंडर ने लीग मैच में कमाल का खेल दिखाकर लगातार अच्छा प्रदर्शन किया।,positive,sports,2
टेनिस स्टार सेट के लिए अगले दौर के लिए पहुंची।,neutral,sports,1
आज डिफेंडर का मैच में निराशाजनक खेल टीम पर भारी पड़ा।,negative,sports,0
डिफेंडर ने मुकाबला में निराशाजनक प्रदर्शन किया और दबाव में बिखर गई।,negative,sports,0
आपकी मदद सदा प्रेरणादायक रहती है।,positive,sentihin,2
मुकाबला प्रशंसकों के सामने आयोजित होगा और चैंपियन इसमें हिस्सा लेगा।,neutral,sports,1
एथलीट ने रेस में निराशाजनक खेल दिखाया और टीम को नुकसान हुआ।,negative,sports,0
आज भारतीय धावक ने रेस में धमाकेदार खेल दिखाकर मुश्किल स्थिति से बाहर निकली।,positive,sports,2
भारत रन चेज के लिए मैच के लिए रवाना हुई।,neutral,sports,1
यह किताब पढ़ने लायक है,positive,sentihin,2
चैंपियन ने गेम में जबरदस्त प्रदर्शन करते हुए दबदबा कायम रखा।,positive,sports,2
मुझे इस विषय में कोई गहराई महसूस नहीं हुई।,neutral,sentihin,1
घरेलू मैदान पर फॉरवर्ड ने मुकाबला में जबरदस्त खेल दिखाकर महत्वपूर्ण योगदान दिया।,positive,sports,2
मुझे वहाँ की भीड़ परेशान कर गई।,negative,sentihin,0
घरेलू मैदान पर कप्तान का मुकाबला में लचर खेल टीम पर भारी पड़ा।,negative,sports,0
घरेलू मैदान पर युवा खिलाड़ी ने सेट में शानदार खेल दिखाकर शानदार वापसी की।,positive,sports,2
इस मुकाबले में डिफेंडर का फाइनल में खराब खेल टीम पर भारी पड़ा।,negative,sports,0
महत्वपूर्ण मौके पर भारतीय खिलाड़ी ने मैच में लाजवाब खेल दिखाकर महत्वपूर्ण योगदान दिया।,positive,sports,2
लंबे ब्रेक के बाद युवा शटलर का मैच में असंगत खेल टीम पर भारी पड़ा।,negative,sports,0
युवा खिलाड़ी ने क्वार्टरफाइनल में शानदार प्रदर्शन करते हुए लगातार अच्छा प्रदर्शन किया।,positive,sports,2
मैं रोज़ाना नई चीजें सीखता हूं।,neutral,sentihin,1
मुझे इस विषय में कोई मत नहीं।,neutral,sentihin,1
प्रशंसकों के सामने हॉकी टीम ने फाइनल में कमाल का खेल दिखाकर मुश्किल स्थिति से बाहर निकली।,positive,sports,2
इस मुकाबले में भारतीय धावक का फाइनल में बेअसर खेल टीम पर भारी पड़ा।,negative,sports,0
फॉरवर्ड सेमीफाइनल के लिए मैच के लिए रवाना हुई।,neutral,sports,1
यह यात्रा पूरी तरह विफल साबित हुई।,negative,sentihin,0
मुझे इसमें कोई उत्साह नहीं दिखा,negative,sentihin,0
रेडर ने मुकाबला में कमाल का प्रदर्शन करते हुए दबदबा कायम रखा।,positive,sports,2
युवा शटलर ने मैच में जबरदस्त प्रदर्शन करते हुए महत्वपूर्ण योगदान दिया।,positive,sports,2
इस पर अपनी कोई राय नहीं बन पाई है।,neutral,sentihin,1
इस चर्चा में मेरी कोई भूमिका नहीं है।,neutral,sentihin,1
मुझे इससे कोई भावना उत्पन्न नहीं हुई।,neutral,sentihin,1
बल्लेबाज ने सीरीज में लचर प्रदर्शन किया और बढ़त गंवा दी।,negative,sports,0
मैं रोज़ाना अपने शिक्षक का आभार मानता हूं।,neutral,sentihin,1
इस मुद्दे पर कुछ भी निश्चित रूप से नहीं कह सकता।,neutral,sentihin,1
निर्णायक मैच में भारतीय खिलाड़ी का सेट में लचर खेल टीम पर भारी पड़ा।,negative,sports,0
समारोह में बहुत अच्छा माहौल था,positive,sentihin,2
भारतीय टीम ने मैच में बेअसर प्रदर्शन किया और महत्वपूर्ण मौका गंवाया।,negative,sports,0
कल टीम ने मुकाबला अपने नाम कर लिया।,positive,sports,2
लंबे ब्रेक के बाद खिलाड़ी दौड़ से पहले प्रशिक्षण कर रहा है।,neutral,sports,1
भारतीय शटलर मुकाबला के लिए प्रशिक्षण जारी रखे हुए है।,neutral,sports,1
टूर्नामेंट के अहम चरण में खिलाड़ी का इवेंट में फीका खेल टीम पर भारी पड़ा।,negative,sports,0
आज रेडर ने फाइनल में उत्कृष्ट खेल दिखाकर मुश्किल स्थिति से बाहर निकली।,positive,sports,2
इस मुकाबले में विकेटकीपर ने मैच में उत्कृष्ट खेल दिखाकर शानदार वापसी की।,positive,sports,2
दबाव वाले मुकाबले में भारतीय टीम ने लीग मैच में कमाल का खेल दिखाकर जीत दर्ज की।,positive,sports,2
महत्वपूर्ण मौके पर डिफेंडर ने मैच में उत्कृष्ट खेल दिखाकर महत्वपूर्ण योगदान दिया।,positive,sports,2
मुझे इसमें कोई प्रतिक्रिया नहीं है।,neutral,sentihin,1
कप्तान ने मैच में कमाल का खेल दिखाया और टीम को जीत दिलाई।,positive,sports,2
मुझे यह यात्रा बहुत पसंद आई,positive,sentihin,2
Is tournament mein Players ne morning practice session attend kiya,neutral,sports,1
तुम्हारे प्रयास सफल रहे।,positive,sentihin,2
फाइनल घरेलू मैदान पर आयोजित होगा और डिफेंडर इसमें हिस्सा लेगा।,neutral,sports,1
महत्वपूर्ण मौके पर गोलकीपर ने सेमीफाइनल में जबरदस्त खेल दिखाकर दबदबा कायम रखा।,positive,sports,2
युवा एथलीट इवेंट के लिए अगले दौर के लिए पहुंची।,neutral,sports,1
तुम्हारा आत्मबल कठिनाइयों में भी मजबूत बना रहता है।,positive,sentihin,2
प्रशंसकों के सामने भारतीय टीम का सेमीफाइनल में कमजोर खेल टीम पर भारी पड़ा।,negative,sports,0
प्रशंसकों के सामने खिलाड़ी ने लीग मैच में कमाल का खेल दिखाकर मुकाबला अपने नाम कर लिया।,positive,sports,2
घरेलू मैदान पर भारतीय धावक का प्रतियोगिता में खराब खेल टीम पर भारी पड़ा।,negative,sports,0
प्लेऑफ आज आयोजित होगा और कप्तान इसमें हिस्सा लेगा।,neutral,sports,1
टूर्नामेंट के अहम चरण में धाविका ने फाइनल में कमाल का खेल दिखाकर महत्वपूर्ण योगदान दिया।,positive,sports,2
रेडर मैच के लिए टूर्नामेंट में हिस्सा ले रही है।,neutral,sports,1
महत्वपूर्ण मौके पर फॉरवर्ड का लीग मैच में खराब खेल टीम पर भारी पड़ा।,negative,sports,0
यह प्रयास पूरी तरह से असफल रहा।,negative,sentihin,0
दबाव वाले मुकाबले में युवा शटलर मैच से पहले प्रशिक्षण कर रहा है।,neutral,sports,1
फॉरवर्ड ने लीग मैच में शानदार खेल दिखाया और टीम को जीत दिलाई।,positive,sports,2
कप्तान ने मैच में असंगत प्रदर्शन किया और लगातार गलतियां कीं।,negative,sports,0
दबाव वाले मुकाबले में गोलकीपर ने लीग मैच में उत्कृष्ट खेल दिखाकर जीत दर्ज की।,positive,sports,2
लगातार तीसरे मैच में युवा शटलर ने मैच में यादगार खेल दिखाकर मुश्किल स्थिति से बाहर निकली।,positive,sports,2
विकेटकीपर ने मैच में बेअसर प्रदर्शन किया और उम्मीदों पर खरी नहीं उतरी।,negative,sports,0
खिलाड़ी मैच के लिए अगले मुकाबले की तैयारी कर रही है।,neutral,sports,1
यह निर्णय अत्यंत नुकसानदेह साबित हुआ।,negative,sentihin,0
प्रशंसकों के सामने युवा खिलाड़ी ने क्वार्टरफाइनल से पहले प्रशिक्षण पूरा किया।,neutral,sports,1
क्वार्टरफाइनल दबाव वाले मुकाबले में आयोजित होगा और भारतीय खिलाड़ी इसमें हिस्सा लेगा।,neutral,sports,1
मुझे यह रेस्टोरेंट का माहौल पसंद नहीं आया।,negative,sentihin,0
निर्णायक मैच में भारतीय धावक फाइनल से पहले प्रशिक्षण कर रहा है।,neutral,sports,1
उसका साथ मुझे हमेशा सुकून देता है।,positive,sentihin,2
दबाव वाले मुकाबले में भारतीय धावक ने प्रतियोगिता में धमाकेदार खेल दिखाकर महत्वपूर्ण योगदान दिया।,positive,sports,2
दबाव वाले मुकाबले में कप्तान का प्लेऑफ में कमजोर खेल टीम पर भारी पड़ा।,negative,sports,0
निर्णायक मैच में युवा खिलाड़ी ने क्वार्टरफाइनल से पहले प्रशिक्षण पूरा किया।,neutral,sports,1
फाइनल टूर्नामेंट के अहम चरण में आयोजित होगा और जोड़ी इसमें हिस्सा लेगा।,neutral,sports,1
दबाव वाले मुकाबले में डिफेंडर का प्लेऑफ में कमजोर खेल टीम पर भारी पड़ा।,negative,sports,0
आज भारतीय टीम ने सेमीफाइनल में कमाल का खेल दिखाकर मुकाबला अपने नाम कर लिया।,positive,sports,2
चैंपियन ने फाइनल में निराश करने वाला प्रदर्शन किया और उम्मीदों पर खरी नहीं उतरी।,negative,sports,0
प्रशंसकों के सामने कप्तान ने क्वार्टरफाइनल में लाजवाब खेल दिखाकर दबदबा कायम रखा।,positive,sports,2
लंबे ब्रेक के बाद गेंदबाज मैच से पहले प्रशिक्षण कर रहा है।,neutral,sports,1
हॉकी टीम ने सेमीफाइनल में फीका प्रदर्शन किया और अपनी लय खो दी।,negative,sports,0
लगातार तीसरे मैच में भारतीय शटलर ने मुकाबला में यादगार खेल दिखाकर जीत दर्ज की।,positive,sports,2
महत्वपूर्ण मौके पर एथलीट ने इवेंट में लाजवाब खेल दिखाकर मुश्किल स्थिति से बाहर निकली।,positive,sports,2
महत्वपूर्ण मौके पर भारतीय शटलर गेम से पहले प्रशिक्षण कर रहा है।,neutral,sports,1
मुझे आज का खाना पसंद नहीं आया।,negative,sentihin,0
इस मुकाबले में भारतीय शटलर ने फाइनल में लाजवाब खेल दिखाकर लगातार अच्छा प्रदर्शन किया।,positive,sports,2
भारतीय टीम ने प्लेऑफ में बेहतरीन प्रदर्शन करते हुए शानदार वापसी की।,positive,sports,2
घरेलू मैदान पर भारतीय खिलाड़ी ने मुकाबला में जबरदस्त खेल दिखाकर महत्वपूर्ण योगदान दिया।,positive,sports,2
लगातार तीसरे मैच में युवा एथलीट का प्रतियोगिता में फीका खेल टीम पर भारी पड़ा।,negative,sports,0
भारतीय शटलर मुकाबला के लिए अगले मुकाबले की तैयारी कर रही है।,neutral,sports,1
भारतीय खिलाड़ी ने फाइनल के लिए यात्रा कार्यक्रम साझा किया।,neutral,sports,1
फॉरवर्ड ने फाइनल में फीका प्रदर्शन किया और उम्मीदों पर खरी नहीं उतरी।,negative,sports,0
मैं इस बारे में निष्पक्ष हूं।,neutral,sentihin,1
घरेलू मैदान पर गोलकीपर ने फाइनल में बेहतरीन खेल दिखाकर शानदार वापसी की।,positive,sports,2
गोलकीपर मुकाबला के लिए अभ्यास सत्र में शामिल हुई।,neutral,sports,1
गेंदबाज सीरीज के लिए अभ्यास सत्र में शामिल हुई।,neutral,sports,1
मैं पुस्तक पढ़ता हूं।,neutral,sentihin,1
निर्णायक मैच में गोलकीपर ने मैच में बेहतरीन तालमेल के साथ जीत हासिल की।,positive,sports,2
वह उत्पाद मेरी उम्मीदों पर खरा उतरा।,positive,sentihin,2
भारतीय खिलाड़ी सेट के लिए अभ्यास सत्र में शामिल हुई।,neutral,sports,1
टूर्नामेंट के अहम चरण में जोड़ी ने गेम में बेहतरीन खेल दिखाकर दबदबा कायम रखा।,positive,sports,2
महत्वपूर्ण मौके पर कप्तान ने क्वार्टरफाइनल में कई आसान मौके गंवाए।,negative,sports,0
खिलाड़ी ने दौड़ में असंगत प्रदर्शन किया और अपनी लय खो दी।,negative,sports,0
प्रशंसकों के सामने टेनिस स्टार ने सेट में लाजवाब खेल दिखाकर दबदबा कायम रखा।,positive,sports,2
इस मुकाबले में खिलाड़ी ने प्लेऑफ में कमाल का खेल दिखाकर शानदार वापसी की।,positive,sports,2
तुम्हारे आत्मबल ने हर चुनौती में मुझे सहारा दिया है।,positive,sentihin,2
एथलीट ने दौड़ में लचर प्रदर्शन किया और महत्वपूर्ण मौका गंवाया।,negative,sports,0
मुझे इससे कोई प्रतिक्रिया नहीं हुई।,neutral,sentihin,1
दबाव वाले मुकाबले में खिलाड़ी ने मुकाबला में शानदार खेल दिखाकर लगातार अच्छा प्रदर्शन किया।,positive,sports,2
घरेलू मैदान पर क्लब फाइनल से पहले प्रशिक्षण कर रहा है।,neutral,sports,1
आज एथलीट रेस से पहले प्रशिक्षण कर रहा है।,neutral,sports,1
निर्णायक मैच में डिफेंडर ने मुकाबला में जबरदस्त खेल दिखाकर दबदबा कायम रखा।,positive,sports,2
टूर्नामेंट के अहम चरण में खिलाड़ी ने मैच में शानदार खेल दिखाकर दबदबा कायम रखा।,positive,sports,2
यह संगीत कार्यक्रम बहुत मधुर था।,positive,sentihin,2
भारत ने सीरीज में लचर प्रदर्शन किया और अपनी लय खो दी।,negative,sports,0
ओवर निर्णायक मैच में आयोजित होगा और गेंदबाज इसमें हिस्सा लेगा।,neutral,sports,1
घरेलू मैदान पर युवा एथलीट ने प्रतियोगिता में लाजवाब खेल दिखाकर लगातार अच्छा प्रदर्शन किया।,positive,sports,2
खिलाड़ी ने मुकाबला के दौरान लगातार बेहतर निर्णय लिए।,positive,sports,2
इस मुकाबले में रेडर का प्लेऑफ में लचर खेल टीम पर भारी पड़ा।,negative,sports,0
आज कप्तान ने क्वार्टरफाइनल में जबरदस्त खेल दिखाकर मुश्किल स्थिति से बाहर निकली।,positive,sports,2
दबाव वाले मुकाबले में युवा शटलर ने सेट में कमाल का खेल दिखाकर दबदबा कायम रखा।,positive,sports,2
गोलकीपर ने सेमीफाइनल में निराश करने वाला प्रदर्शन किया और बढ़त गंवा दी।,negative,sports,0
दबाव वाले मुकाबले में रेडर ने मुकाबला में जबरदस्त खेल दिखाकर महत्वपूर्ण योगदान दिया।,positive,sports,2
यह निर्णय अत्यधिक निराशाजनक रहा।,negative,sentihin,0
प्रशंसकों के सामने रेडर ने मुकाबला में उत्कृष्ट खेल दिखाकर महत्वपूर्ण योगदान दिया।,positive,sports,2
धाविका ने प्रतियोगिता में खराब प्रदर्शन किया और महत्वपूर्ण मौका गंवाया।,negative,sports,0
क्लब ने कठिन लीग मैच में धैर्य रखते हुए सफलता हासिल की।,positive,sports,2
भारतीय टीम ने फाइनल में असंगत प्रदर्शन किया और बढ़त गंवा दी।,negative,sports,0
प्रशंसकों के सामने कप्तान का मुकाबला में फीका खेल टीम पर भारी पड़ा।,negative,sports,0
महत्वपूर्ण मौके पर गोलकीपर ने फाइनल से पहले प्रशिक्षण पूरा किया।,neutral,sports,1
आज युवा खिलाड़ी मुकाबला से पहले प्रशिक्षण कर रहा है।,neutral,sports,1
खिलाड़ी ने क्वार्टरफाइनल में असंगत प्रदर्शन किया और बढ़त गंवा दी।,negative,sports,0
महत्वपूर्ण मौके पर भारतीय धावक का प्रतियोगिता में निराशाजनक खेल टीम पर भारी पड़ा।,negative,sports,0
दबाव वाले मुकाबले में गोलकीपर ने फाइनल में उत्कृष्ट खेल दिखाकर दबदबा कायम रखा।,positive,sports,2
युवा एथलीट प्रतियोगिता के लिए अगले दौर के लिए पहुंची।,neutral,sports,1
आज धाविका ने इवेंट में उत्कृष्ट खेल दिखाकर जीत दर्ज की।,positive,sports,2
लंबे ब्रेक के बाद हॉकी टीम मैच से पहले प्रशिक्षण कर रहा है।,neutral,sports,1
युवा एथलीट की प्रतियोगिता में फीका रणनीति काम नहीं आई।,negative,sports,0
लंबे ब्रेक के बाद चैंपियन ने मैच में यादगार खेल दिखाकर लगातार अच्छा प्रदर्शन किया।,positive,sports,2
प्रशंसकों के सामने गोलकीपर ने सेमीफाइनल में लाजवाब खेल दिखाकर शानदार वापसी की।,positive,sports,2
लगातार तीसरे मैच में युवा शटलर ने फाइनल में लाजवाब खेल दिखाकर दबदबा कायम रखा।,positive,sports,2
भारतीय टीम ने मैच में बेहतरीन प्रदर्शन करते हुए शानदार वापसी की।,positive,sports,2
मुझे इस बारे में कोई खास विचार नहीं आया।,neutral,sentihin,1
लंबे ब्रेक के बाद खिलाड़ी ने मुकाबला में शानदार खेल दिखाकर महत्वपूर्ण योगदान दिया।,positive,sports,2
तुम्हारा स्नेह अनमोल है।,positive,sentihin,2
महत्वपूर्ण मौके पर युवा शटलर ने सेट में धमाकेदार खेल दिखाकर जीत दर्ज की।,positive,sports,2
इस मुद्दे पर मैं कोई पक्ष नहीं ले सकता।,neutral,sentihin,1
टूर्नामेंट के अहम चरण में युवा शटलर ने फाइनल में उत्कृष्ट खेल दिखाकर मुश्किल स्थिति से बाहर निकली।,positive,sports,2
आपकी मुस्कान से दिन बन जाता है।,positive,sentihin,2
रेडर ने मुकाबला में जबरदस्त प्रदर्शन करते हुए मुकाबला अपने नाम कर लिया।,positive,sports,2
प्रशंसकों के सामने चैंपियन ने मैच में कई आसान मौके गंवाए।,negative,sports,0
महत्वपूर्ण मौके पर रेडर का प्लेऑफ में फीका खेल टीम पर भारी पड़ा।,negative,sports,0
लंबे ब्रेक के बाद गोलकीपर ने सेमीफाइनल में शानदार खेल दिखाकर जीत दर्ज की।,positive,sports,2
टूर्नामेंट के अहम चरण में भारत ने मैच में धमाकेदार खेल दिखाकर जीत दर्ज की।,positive,sports,2
चैंपियन सेट के लिए टूर्नामेंट में हिस्सा ले रही है।,neutral,sports,1
टूर्नामेंट के अहम चरण में भारतीय शटलर ने मैच में लाजवाब खेल दिखाकर महत्वपूर्ण योगदान दिया।,positive,sports,2
भारतीय खिलाड़ी ने सेट में निराशाजनक प्रदर्शन किया और मुकाबला गंवा दिया।,negative,sports,0
घरेलू मैदान पर कप्तान का सेमीफाइनल में असंगत खेल टीम पर भारी पड़ा।,negative,sports,0
टूर्नामेंट के अहम चरण में क्लब ने मैच में उत्कृष्ट खेल दिखाकर लगातार अच्छा प्रदर्शन किया।,positive,sports,2
उसके व्यवहार से मेरे मन में कड़वाहट भर गई।,negative,sentihin,0
भारतीय शटलर ने सेट के लिए तैयारी शुरू कर दी।,neutral,sports,1
Pressure ke beech Players ne morning practice session attend kiya,neutral,sports,1
टेनिस स्टार के मुकाबला में यादगार प्रदर्शन से टीम को फायदा हुआ।,positive,sports,2
मैच से पहले खिलाड़ी ने आज मैदान पर आग लगा दी।,positive,sports,2
इस मुकाबले में विकेटकीपर का मुकाबला में बेअसर खेल टीम पर भारी पड़ा।,negative,sports,0
लगातार तीसरे मैच में खिलाड़ी का फाइनल में कमजोर खेल टीम पर भारी पड़ा।,negative,sports,0
महत्वपूर्ण मौके पर भारतीय धावक ने फाइनल में लाजवाब खेल दिखाकर महत्वपूर्ण योगदान दिया।,positive,sports,2
इस मुकाबले में गेंदबाज ने ओवर में लाजवाब खेल दिखाकर जीत दर्ज की।,positive,sports,2
खिलाड़ी ने मेहनत तो की लेकिन प्लेऑफ में अपनी बढ़त गंवा दी।,negative,sports,0
मुकाबला घरेलू मैदान पर आयोजित होगा और रेडर इसमें हिस्सा लेगा।,neutral,sports,1
घरेलू मैदान पर कप्तान का सीरीज में बेअसर खेल टीम पर भारी पड़ा।,negative,sports,0
रेडर लीग मैच के लिए प्रशिक्षण जारी रखे हुए है।,neutral,sports,1
इवेंट घरेलू मैदान पर आयोजित होगा और युवा एथलीट इसमें हिस्सा लेगा।,neutral,sports,1
भारतीय टीम दबाव के कारण कठिन मैच में लय नहीं बना सका।,negative,sports,0
निर्णायक मैच में डिफेंडर ने सेमीफाइनल में शानदार खेल दिखाकर मुकाबला अपने नाम कर लिया।,positive,sports,2
टूर्नामेंट के अहम चरण में रेडर ने प्लेऑफ में लाजवाब खेल दिखाकर लगातार अच्छा प्रदर्शन किया।,positive,sports,2
लंबे ब्रेक के बाद धाविका रेस से पहले प्रशिक्षण कर रहा है।,neutral,sports,1
कप्तान सेमीफाइनल के लिए मैच के लिए रवाना हुई।,neutral,sports,1
युवा शटलर ने फाइनल में खराब प्रदर्शन किया और लगातार गलतियां कीं।,negative,sports,0
टूर्नामेंट के अहम चरण में भारतीय शटलर ने सेट में कई आसान मौके गंवाए।,negative,sports,0
मैं इस काम से थक गया हूं।,negative,sentihin,0
इस मुकाबले में जोड़ी का मुकाबला में बेअसर खेल टीम पर भारी पड़ा।,negative,sports,0
आज खिलाड़ियों ने सुबह अभ्यास सत्र में हिस्सा लिया।,neutral,sports,1
प्रशंसकों के सामने चैंपियन का मुकाबला में बेअसर खेल टीम पर भारी पड़ा।,negative,sports,0
यह सेवा बहुत घटिया है।,negative,sentihin,0
आपका समर्थन मेरे लिए बहुत महत्वपूर्ण है।,positive,sentihin,2
आपका समर्थन हमेशा मेरी ताकत रहा है।,positive,sentihin,2
निर्णायक मैच में युवा शटलर ने सेट में जबरदस्त खेल दिखाकर मुश्किल स्थिति से बाहर निकली।,positive,sports,2
निर्णायक मैच में रेडर ने प्लेऑफ में जबरदस्त खेल दिखाकर महत्वपूर्ण योगदान दिया।,positive,sports,2
भारतीय धावक प्रतियोगिता के लिए अगले दौर के लिए पहुंची।,neutral,sports,1
इस मुकाबले में कप्तान ने सेमीफाइनल में कमाल का खेल दिखाकर शानदार वापसी की।,positive,sports,2
प्रशंसकों के सामने भारत मैच से पहले प्रशिक्षण कर रहा है।,neutral,sports,1
लगातार तीसरे मैच में हॉकी टीम ने लीग मैच में बेहतरीन खेल दिखाकर मुकाबला अपने नाम कर लिया।,positive,sports,2
आज भारतीय शटलर का फाइनल में फीका खेल टीम पर भारी पड़ा।,negative,sports,0
चैंपियन मैच के लिए अभ्यास सत्र में शामिल हुई।,neutral,sports,1
घरेलू मैदान पर गोलकीपर ने मैच में शानदार खेल दिखाकर मुश्किल स्थिति से बाहर निकली।,positive,sports,2
दबाव वाले मुकाबले में गोलकीपर फाइनल से पहले प्रशिक्षण कर रहा है।,neutral,sports,1
यह फिल्म एकदम घटिया थी।,negative,sentihin,0
फाइनल दबाव वाले मुकाबले में आयोजित होगा और टेनिस स्टार इसमें हिस्सा लेगा।,neutral,sports,1
क्लब की लीग मैच में फीका रणनीति काम नहीं आई।,negative,sports,0
निर्णायक मैच में चैंपियन सेट से पहले प्रशिक्षण कर रहा है।,neutral,sports,1
प्रशंसकों के सामने चैंपियन का गेम में फीका खेल टीम पर भारी पड़ा।,negative,sports,0
डिफेंडर ने मैच में फीका प्रदर्शन किया और उम्मीदों पर खरी नहीं उतरी।,negative,sports,0
मैच टूर्नामेंट के अहम चरण में आयोजित होगा और टेनिस स्टार इसमें हिस्सा लेगा।,neutral,sports,1
इस मुद्दे पर मेरी राय अभी तक साफ नहीं है।,neutral,sentihin,1
निर्णायक मैच में भारतीय टीम का ओवर में फीका खेल टीम पर भारी पड़ा।,negative,sports,0
महत्वपूर्ण मौके पर क्लब ने फाइनल में कमाल का खेल दिखाकर दबदबा कायम रखा।,positive,sports,2
प्रशंसकों के सामने क्लब का लीग मैच में असंगत खेल टीम पर भारी पड़ा।,negative,sports,0
मुझे यह काम करने में बहुत कठिनाई हो रही है।,negative,sentihin,0
दबाव वाले मुकाबले में जोड़ी ने फाइनल में यादगार खेल दिखाकर मुकाबला अपने नाम कर लिया।,positive,sports,2
इस मुकाबले में चैंपियन सेट से पहले प्रशिक्षण कर रहा है।,neutral,sports,1
मुझे इससे कोई आपत्ति नहीं है।,neutral,sentihin,1
प्रशंसकों के सामने युवा खिलाड़ी का सेट में खराब खेल टीम पर भारी पड़ा।,negative,sports,0
लगातार तीसरे मैच में खिलाड़ी गेम से पहले प्रशिक्षण कर रहा है।,neutral,sports,1
दबाव वाले मुकाबले में फॉरवर्ड ने मुकाबला में धमाकेदार खेल दिखाकर मुकाबला अपने नाम कर लिया।,positive,sports,2
तुम्हारे विचार प्रेरणादायक हैं।,positive,sentihin,2
आज गेंदबाज रन चेज से पहले प्रशिक्षण कर रहा है।,neutral,sports,1
लगातार तीसरे मैच में भारतीय खिलाड़ी फाइनल से पहले प्रशिक्षण कर रहा है।,neutral,sports,1
खिलाड़ी को मुकाबला के लिए टीम में शामिल किया गया है।,neutral,sports,1
लंबे ब्रेक के बाद हॉकी टीम ने सेमीफाइनल में धमाकेदार खेल दिखाकर जीत दर्ज की।,positive,sports,2
लंबे ब्रेक के बाद एथलीट ने इवेंट में बेहतरीन खेल दिखाकर महत्वपूर्ण योगदान दिया।,positive,sports,2
लगातार तीसरे मैच में रेडर का प्लेऑफ में खराब खेल टीम पर भारी पड़ा।,negative,sports,0
प्रशंसकों के सामने युवा शटलर मुकाबला से पहले प्रशिक्षण कर रहा है।,neutral,sports,1
यह फिल्म समय और पैसे की पूरी बर्बादी थी।,negative,sentihin,0
प्रशंसकों के सामने खिलाड़ी ने मैच में जबरदस्त खेल दिखाकर मुकाबला अपने नाम कर लिया।,positive,sports,2
इस मुद्दे पर सोच विचार अभी जारी है।,neutral,sentihin,1
प्रतियोगिता महत्वपूर्ण मौके पर आयोजित होगा और खिलाड़ी इसमें हिस्सा लेगा।,neutral,sports,1
टेनिस स्टार ने मैच में फीका प्रदर्शन किया और महत्वपूर्ण मौका गंवाया।,negative,sports,0
टूर्नामेंट के अहम चरण में एथलीट ने फाइनल में उत्कृष्ट खेल दिखाकर मुश्किल स्थिति से बाहर निकली।,positive,sports,2
टूर्नामेंट के अहम चरण में खिलाड़ी ने मुकाबला में बेहतरीन खेल दिखाकर मुकाबला अपने नाम कर लिया।,positive,sports,2
आपकी सहायता अत्यंत लाभकारी रही।,positive,sentihin,2
दौड़ प्रशंसकों के सामने आयोजित होगा और युवा एथलीट इसमें हिस्सा लेगा।,neutral,sports,1
महत्वपूर्ण मौके पर एथलीट का दौड़ में कमजोर खेल टीम पर भारी पड़ा।,negative,sports,0
भारतीय धावक इवेंट के लिए अगले मुकाबले की तैयारी कर रही है।,neutral,sports,1
डिफेंडर को मुकाबला के लिए टीम में शामिल किया गया है।,neutral,sports,1
लगातार तीसरे मैच में डिफेंडर प्लेऑफ से पहले प्रशिक्षण कर रहा है।,neutral,sports,1
गोलकीपर मैच के लिए मैच के लिए रवाना हुई।,neutral,sports,1
वह कार्यक्रम बहुत ही मनोरंजक था।,positive,sentihin,2
डिफेंडर मुकाबला के लिए टूर्नामेंट में हिस्सा ले रही है।,neutral,sports,1
प्रशंसकों के सामने एथलीट प्रतियोगिता से पहले प्रशिक्षण कर रहा है।,neutral,sports,1
प्रशंसकों के सामने गोलकीपर का मैच में बेअसर खेल टीम पर भारी पड़ा।,negative,sports,0
टूर्नामेंट के अहम चरण में डिफेंडर ने फाइनल में कई आसान मौके गंवाए।,negative,sports,0
इस मुकाबले में कप्तान का फाइनल में फीका खेल टीम पर भारी पड़ा।,negative,sports,0
डिफेंडर ने फाइनल में लचर खेल दिखाया और टीम को नुकसान हुआ।,negative,sports,0
कप्तान की क्वार्टरफाइनल में बेअसर रणनीति काम नहीं आई।,negative,sports,0
भारतीय टीम ने मैच में निराशाजनक प्रदर्शन किया और दबाव में बिखर गई।,negative,sports,0
मुझे वहाँ की सुविधा पसंद नहीं आई।,negative,sentihin,0
निर्णायक मैच में युवा खिलाड़ी ने फाइनल से पहले प्रशिक्षण पूरा किया।,neutral,sports,1
इस मुकाबले में खिलाड़ी ने प्लेऑफ में बेहतरीन खेल दिखाकर मुश्किल स्थिति से बाहर निकली।,positive,sports,2
घरेलू मैदान पर फॉरवर्ड ने मैच में कमाल का खेल दिखाकर मुकाबला अपने नाम कर लिया।,positive,sports,2
लगातार तीसरे मैच में एथलीट रेस से पहले प्रशिक्षण कर रहा है।,neutral,sports,1
सेमीफाइनल प्रशंसकों के सामने आयोजित होगा और भारतीय टीम इसमें हिस्सा लेगा।,neutral,sports,1
आज धाविका ने इवेंट से पहले प्रशिक्षण पूरा किया।,neutral,sports,1
प्रशंसकों के सामने युवा एथलीट ने दौड़ में लाजवाब खेल दिखाकर लगातार अच्छा प्रदर्शन किया।,positive,sports,2
यह घटना बहुत दुखदायी थी।,negative,sentihin,0
लगातार तीसरे मैच में भारतीय टीम ने फाइनल में धमाकेदार खेल दिखाकर मुश्किल स्थिति से बाहर निकली।,positive,sports,2
लंबे ब्रेक के बाद युवा खिलाड़ी का फाइनल में कमजोर खेल टीम पर भारी पड़ा।,negative,sports,0
प्लेऑफ लंबे ब्रेक के बाद आयोजित होगा और भारतीय टीम इसमें हिस्सा लेगा।,neutral,sports,1
युवा खिलाड़ी ने सेट में फीका खेल दिखाया और टीम को नुकसान हुआ।,negative,sports,0
धाविका फाइनल के लिए अगले दौर के लिए पहुंची।,neutral,sports,1
दबाव वाले मुकाबले में कप्तान का सेट में फीका खेल टीम पर भारी पड़ा।,negative,sports,0
क्लब ने मैच में फीका प्रदर्शन किया और लगातार गलतियां कीं।,negative,sports,0
घरेलू मैदान पर खिलाड़ी का इवेंट में असंगत खेल टीम पर भारी पड़ा।,negative,sports,0
घरेलू मैदान पर भारतीय शटलर गेम से पहले प्रशिक्षण कर रहा है।,neutral,sports,1
लंबे ब्रेक के बाद युवा एथलीट ने फाइनल में लाजवाब खेल दिखाकर मुकाबला अपने नाम कर लिया।,positive,sports,2
विकेटकीपर ओवर के लिए अभ्यास सत्र में शामिल हुई।,neutral,sports,1
निर्णायक मैच में कप्तान का क्वार्टरफाइनल में फीका खेल टीम पर भारी पड़ा।,negative,sports,0
इस मुकाबले में कप्तान ने रन चेज में जबरदस्त खेल दिखाकर शानदार वापसी की।,positive,sports,2
दबाव वाले मुकाबले में गोलकीपर ने मुकाबला में बेहतरीन तालमेल के साथ जीत हासिल की।,positive,sports,2
लगातार तीसरे मैच में कप्तान प्लेऑफ से पहले प्रशिक्षण कर रहा है।,neutral,sports,1
Kal India ne aaj zabardast comeback kiya,positive,sports,2
भारतीय टीम दबाव के कारण कठिन सेमीफाइनल में लय नहीं बना सका।,negative,sports,0
लगातार तीसरे मैच में खिलाड़ी ने दौड़ में लाजवाब खेल दिखाकर जीत दर्ज की।,positive,sports,2
दबाव वाले मुकाबले में विकेटकीपर का पारी में खराब खेल टीम पर भारी पड़ा।,negative,sports,0
लीग मैच आज आयोजित होगा और भारतीय टीम इसमें हिस्सा लेगा।,neutral,sports,1
मैं आज बहुत खुश महसूस कर रहा हूँ।,positive,sentihin,2
घरेलू मैदान पर खिलाड़ी ने गेम में शानदार खेल दिखाकर दबदबा कायम रखा।,positive,sports,2
मुझे इसमें कोई फर्क महसूस नहीं हुआ।,neutral,sentihin,1
तुम्हारे आत्मविश्वास से हमेशा सीखने को मिलता है।,positive,sentihin,2
मुझे इसमें कुछ खास नहीं लगा।,negative,sentihin,0
प्रतियोगिता निर्णायक मैच में आयोजित होगा और खिलाड़ी इसमें हिस्सा लेगा।,neutral,sports,1
रेस लंबे ब्रेक के बाद आयोजित होगा और एथलीट इसमें हिस्सा लेगा।,neutral,sports,1
आपकी मुस्कान हमेशा उत्साह देती है।,positive,sentihin,2
प्रशंसकों के सामने खिलाड़ी प्लेऑफ से पहले प्रशिक्षण कर रहा है।,neutral,sports,1
लीग मैच टूर्नामेंट के अहम चरण में आयोजित होगा और डिफेंडर इसमें हिस्सा लेगा।,neutral,sports,1
आज खिलाड़ी फाइनल से पहले प्रशिक्षण कर रहा है।,neutral,sports,1
दबाव वाले मुकाबले में डिफेंडर का फाइनल में असंगत खेल टीम पर भारी पड़ा।,negative,sports,0
महत्वपूर्ण मौके पर भारतीय धावक ने फाइनल में कमाल का खेल दिखाकर लगातार अच्छा प्रदर्शन किया।,positive,sports,2
प्रशंसकों के सामने डिफेंडर ने फाइनल में बेहतरीन खेल दिखाकर दबदबा कायम रखा।,positive,sports,2
घरेलू मैदान पर भारतीय टीम का लीग मैच में निराशाजनक खेल टीम पर भारी पड़ा।,negative,sports,0
प्लेऑफ निर्णायक मैच में आयोजित होगा और भारतीय टीम इसमें हिस्सा लेगा।,neutral,sports,1
निर्णायक मैच में एथलीट दौड़ से पहले प्रशिक्षण कर रहा है।,neutral,sports,1
भारतीय टीम सेमीफाइनल के लिए रणनीति पर चर्चा कर रही है।,neutral,sports,1
लगातार तीसरे मैच में टेनिस स्टार का फाइनल में खराब खेल टीम पर भारी पड़ा।,negative,sports,0
कप्तान ने सेट में निराशाजनक प्रदर्शन किया और बढ़त गंवा दी।,negative,sports,0
गोलकीपर अगले फाइनल से पहले कोच के साथ बैठक करेगा।,neutral,sports,1
डिफेंडर ने फाइनल में उत्कृष्ट खेल दिखाया और टीम को जीत दिलाई।,positive,sports,2
आपकी सलाह ने मेरी सोच को नया दृष्टिकोण दिया।,positive,sentihin,2
मुझे इस विषय में कोई खास दिलचस्पी नहीं है।,neutral,sentihin,1
यह उत्पाद खरीदकर मुझे पछताना पड़ा।,negative,sentihin,0
महत्वपूर्ण मौके पर गोलकीपर का मैच में बेअसर खेल टीम पर भारी पड़ा।,negative,sports,0
क्वार्टरफाइनल लंबे ब्रेक के बाद आयोजित होगा और भारतीय खिलाड़ी इसमें हिस्सा लेगा।,neutral,sports,1
टूर्नामेंट के अहम चरण में भारतीय टीम ने ओवर में लाजवाब खेल दिखाकर दबदबा कायम रखा।,positive,sports,2
मुझे इसमें कोई रोचक बात नहीं दिखी।,neutral,sentihin,1
जोड़ी ने गेम में खराब प्रदर्शन किया और दबाव में बिखर गई।,negative,sports,0
निर्णायक मैच में गोलकीपर ने सेमीफाइनल में उत्कृष्ट खेल दिखाकर मुश्किल स्थिति से बाहर निकली।,positive,sports,2
आपकी उपस्थिति ने माहौल को खुशनुमा बना दिया।,positive,sentihin,2
फाइनल घरेलू मैदान पर आयोजित होगा और युवा खिलाड़ी इसमें हिस्सा लेगा।,neutral,sports,1
खिलाड़ी ने प्लेऑफ में लाजवाब प्रदर्शन करते हुए दबदबा कायम रखा।,positive,sports,2
घरेलू मैदान पर खिलाड़ी का मैच में बेअसर खेल टीम पर भारी पड़ा।,negative,sports,0
योजना से कोई फायदा नहीं हुआ,negative,sentihin,0
टूर्नामेंट के अहम चरण में डिफेंडर ने सेमीफाइनल में जबरदस्त खेल दिखाकर शानदार वापसी की।,positive,sports,2
जोड़ी ने फाइनल में असंगत प्रदर्शन किया और लगातार गलतियां कीं।,negative,sports,0
घरेलू मैदान पर भारतीय टीम का मैच में खराब खेल टीम पर भारी पड़ा।,negative,sports,0
खिलाड़ी ने दौड़ में लचर प्रदर्शन किया और उम्मीदों पर खरी नहीं उतरी।,negative,sports,0
घरेलू मैदान पर खिलाड़ी ने फाइनल में बेहतरीन खेल दिखाकर जीत दर्ज की।,positive,sports,2
लंबे ब्रेक के बाद युवा एथलीट का प्रतियोगिता में निराशाजनक खेल टीम पर भारी पड़ा।,negative,sports,0
टूर्नामेंट के अहम चरण में टेनिस स्टार ने मैच से पहले प्रशिक्षण पूरा किया।,neutral,sports,1
सेट आज आयोजित होगा और भारतीय शटलर इसमें हिस्सा लेगा।,neutral,sports,1
खिलाड़ी ने मुकाबला में कमजोर प्रदर्शन किया और दबाव में बिखर गई।,negative,sports,0
उसका व्यव्हार रूखा रहा।,negative,sentihin,0
महत्वपूर्ण मौके पर भारत ने मुकाबला से पहले प्रशिक्षण पूरा किया।,neutral,sports,1
घरेलू मैदान पर कप्तान ने फाइनल से पहले प्रशिक्षण पूरा किया।,neutral,sports,1
टेनिस स्टार ने क्वार्टरफाइनल में बेअसर प्रदर्शन किया और मुकाबला गंवा दिया।,negative,sports,0
टूर्नामेंट के अहम चरण में युवा एथलीट का इवेंट में निराश करने वाला खेल टीम पर भारी पड़ा।,negative,sports,0
क्लब का कमजोर प्रदर्शन मैच में हार का कारण बना।,negative,sports,0
भारतीय शटलर ने सेट में शानदार प्रदर्शन करते हुए दबदबा कायम रखा।,positive,sports,2
मुझे इसमें कुछ नया नजर नहीं आया।,neutral,sentihin,1
लंबे ब्रेक के बाद भारतीय शटलर ने मुकाबला से पहले प्रशिक्षण पूरा किया।,neutral,sports,1
युवा खिलाड़ी ने क्वार्टरफाइनल में लचर प्रदर्शन किया और अपनी लय खो दी।,negative,sports,0
तुम्हारे शब्दों में जो अपनापन है वह दुर्लभ है।,positive,sentihin,2
दबाव वाले मुकाबले में युवा शटलर ने मुकाबला में लाजवाब खेल दिखाकर जीत दर्ज की।,positive,sports,2
दबाव वाले मुकाबले में डिफेंडर ने मैच में कमाल का खेल दिखाकर लगातार अच्छा प्रदर्शन किया।,positive,sports,2
लगातार तीसरे मैच में युवा खिलाड़ी का सेट में निराशाजनक खेल टीम पर भारी पड़ा।,negative,sports,0
आज युवा शटलर मुकाबला से पहले प्रशिक्षण कर रहा है।,neutral,sports,1
निर्णायक मैच में रेडर मैच से पहले प्रशिक्षण कर रहा है।,neutral,sports,1
सेमीफाइनल लंबे ब्रेक के बाद आयोजित होगा और गोलकीपर इसमें हिस्सा लेगा।,neutral,sports,1
दबाव वाले मुकाबले में खिलाड़ी का मैच में बेअसर खेल टीम पर भारी पड़ा।,negative,sports,0
आज कप्तान ने फाइनल से पहले प्रशिक्षण पूरा किया।,neutral,sports,1
वह यात्रा आनंदमयी और सुकूनभरी रही।,positive,sentihin,2
कप्तान ने मैच में लचर खेल दिखाया और टीम को नुकसान हुआ।,negative,sports,0
युवा शटलर ने मुकाबला में खराब प्रदर्शन किया और बढ़त गंवा दी।,negative,sports,0
निर्णायक मैच में हॉकी टीम का मुकाबला में असंगत खेल टीम पर भारी पड़ा।,negative,sports,0
दबाव वाले मुकाबले में खिलाड़ी ने प्रतियोगिता में धमाकेदार खेल दिखाकर मुश्किल स्थिति से बाहर निकली।,positive,sports,2
गेंदबाज मैच के लिए मैच के लिए रवाना हुई।,neutral,sports,1
चैंपियन ने फाइनल में फीका प्रदर्शन किया और अपनी लय खो दी।,negative,sports,0
कप्तान सेट के लिए प्रशिक्षण जारी रखे हुए है।,neutral,sports,1
एथलीट ने फाइनल में फीका प्रदर्शन किया और उम्मीदों पर खरी नहीं उतरी।,negative,sports,0
तुम्हारा प्रेम अतुल्य है।,positive,sentihin,2
निर्णायक मैच में एथलीट ने रेस से पहले प्रशिक्षण पूरा किया।,neutral,sports,1
मैं इस व्यक्ति से बहुत चिढ़ा हुआ हूं।,negative,sentihin,0
दबाव वाले मुकाबले में हॉकी टीम मुकाबला से पहले प्रशिक्षण कर रहा है।,neutral,sports,1
मेरा नाम राहुल है।,neutral,sentihin,1
मुझे इससे कोई खास अनुभव नहीं हुआ।,neutral,sentihin,1
लगातार तीसरे मैच में जोड़ी मुकाबला से पहले प्रशिक्षण कर रहा है।,neutral,sports,1
मैं इस विषय पर कोई राय नहीं रखता।,neutral,sentihin,1
एथलीट दौड़ के लिए प्रशिक्षण जारी रखे हुए है।,neutral,sports,1
टूर्नामेंट के अहम चरण में भारतीय टीम ने फाइनल में यादगार खेल दिखाकर जीत दर्ज की।,positive,sports,2
लंबे ब्रेक के बाद कप्तान का रन चेज में असंगत खेल टीम पर भारी पड़ा।,negative,sports,0
भारतीय टीम प्लेऑफ के लिए टूर्नामेंट में हिस्सा ले रही है।,neutral,sports,1
इस मुकाबले में क्लब ने मैच में कमाल का खेल दिखाकर लगातार अच्छा प्रदर्शन किया।,positive,sports,2
दबाव वाले मुकाबले में खिलाड़ी मैच से पहले प्रशिक्षण कर रहा है।,neutral,sports,1
खिलाड़ी ने रेस में निराशाजनक प्रदर्शन किया और मुकाबला गंवा दिया।,negative,sports,0
जोड़ी ने मैच में लाजवाब प्रदर्शन करते हुए शानदार वापसी की।,positive,sports,2
लगातार तीसरे मैच में भारतीय धावक रेस से पहले प्रशिक्षण कर रहा है।,neutral,sports,1
लंबे ब्रेक के बाद चैंपियन मैच से पहले प्रशिक्षण कर रहा है।,neutral,sports,1
प्रशंसकों के सामने भारतीय टीम प्लेऑफ से पहले प्रशिक्षण कर रहा है।,neutral,sports,1
क्लब ने मुकाबला में जबरदस्त खेल दिखाया और टीम को जीत दिलाई।,positive,sports,2
प्रशंसकों के सामने कप्तान ने सेमीफाइनल से पहले प्रशिक्षण पूरा किया।,neutral,sports,1
आपकी सोच से मन को शक्ति मिलती है।,positive,sentihin,2
दबाव वाले मुकाबले में गेंदबाज मुकाबला से पहले प्रशिक्षण कर रहा है।,neutral,sports,1
लंबे ब्रेक के बाद क्लब ने लीग मैच में उत्कृष्ट खेल दिखाकर मुश्किल स्थिति से बाहर निकली।,positive,sports,2
मुझे इसमें कोई नयी बात महसूस नहीं हुई।,neutral,sentihin,1
मैं रोज़ाना दूध पीता हूं।,neutral,sentihin,1
इस मुकाबले में हॉकी टीम ने मुकाबला में बेहतरीन खेल दिखाकर मुश्किल स्थिति से बाहर निकली।,positive,sports,2
उसके तिरस्कार ने मेरे आत्मसम्मान को गहरी ठेस पहुँचाई।,negative,sentihin,0
एथलीट ने रेस में असंगत प्रदर्शन किया और महत्वपूर्ण मौका गंवाया।,negative,sports,0
आज डिफेंडर मुकाबला से पहले प्रशिक्षण कर रहा है।,neutral,sports,1
दबाव वाले मुकाबले में कप्तान ने रन चेज में शानदार खेल दिखाकर जीत दर्ज की।,positive,sports,2
इस मुकाबले में फॉरवर्ड मुकाबला से पहले प्रशिक्षण कर रहा है।,neutral,sports,1
हॉकी टीम ने लीग मैच में बेअसर प्रदर्शन किया और बढ़त गंवा दी।,negative,sports,0
वह यात्रा आनंददायक अनुभव रही।,positive,sentihin,2
लंबे ब्रेक के बाद चैंपियन ने सेट में यादगार खेल दिखाकर लगातार अच्छा प्रदर्शन किया।,positive,sports,2
इवेंट इस मुकाबले में आयोजित होगा और एथलीट इसमें हिस्सा लेगा।,neutral,sports,1
लगातार तीसरे मैच में फॉरवर्ड मुकाबला से पहले प्रशिक्षण कर रहा है।,neutral,sports,1
तुम्हारा स्नेह मेरे जीवन की सबसे बड़ी ताकत है।,positive,sentihin,2
प्रशंसकों के सामने युवा खिलाड़ी ने मुकाबला में बेहतरीन खेल दिखाकर महत्वपूर्ण योगदान दिया।,positive,sports,2
आज कप्तान ने मैच में जबरदस्त खेल दिखाकर लगातार अच्छा प्रदर्शन किया।,positive,sports,2
जोड़ी ने मुकाबला में खराब प्रदर्शन किया और मुकाबला गंवा दिया।,negative,sports,0
निर्णायक मैच में युवा एथलीट का इवेंट में बेअसर खेल टीम पर भारी पड़ा।,negative,sports,0
आज खिलाड़ी का क्वार्टरफाइनल में निराशाजनक खेल टीम पर भारी पड़ा।,negative,sports,0
हॉकी टीम को लीग मैच के लिए टीम में शामिल किया गया है।,neutral,sports,1
मैच महत्वपूर्ण मौके पर आयोजित होगा और खिलाड़ी इसमें हिस्सा लेगा।,neutral,sports,1
चैंपियन ने गेम में बेहतरीन प्रदर्शन करते हुए दबदबा कायम रखा।,positive,sports,2
खिलाड़ी ने रेस में लचर प्रदर्शन किया और लगातार गलतियां कीं।,negative,sports,0
प्रशंसकों के सामने भारतीय टीम ने मुकाबला में उत्कृष्ट खेल दिखाकर महत्वपूर्ण योगदान दिया।,positive,sports,2
टूर्नामेंट के अहम चरण में जोड़ी ने मैच में जबरदस्त खेल दिखाकर मुकाबला अपने नाम कर लिया।,positive,sports,2
भारतीय टीम ने मैच में बेअसर प्रदर्शन किया और लगातार गलतियां कीं।,negative,sports,0
निर्णायक मैच में भारत ने ओवर में कमाल का खेल दिखाकर मुश्किल स्थिति से बाहर निकली।,positive,sports,2
लगातार तीसरे मैच में चैंपियन का गेम में खराब खेल टीम पर भारी पड़ा।,negative,sports,0
मुझे इसमें कोई दिलचस्पी नहीं है।,neutral,sentihin,1
गोलकीपर ने मैच के लिए यात्रा कार्यक्रम साझा किया।,neutral,sports,1
तुम्हारी मेहनत और लगन सभी के लिए प्रेरणा है।,positive,sentihin,2
आपकी मदद बहुमूल्य रही।,positive,sentihin,2
निर्णायक मैच में फॉरवर्ड ने लीग मैच में जबरदस्त खेल दिखाकर शानदार वापसी की।,positive,sports,2
यह रेस्टोरेंट की सेवा बहुत निराशाजनक है।,negative,sentihin,0
दबाव वाले मुकाबले में विकेटकीपर सीरीज से पहले प्रशिक्षण कर रहा है।,neutral,sports,1
भारतीय टीम को ओवर के लिए टीम में शामिल किया गया है।,neutral,sports,1
आपकी मदद अमूल्य है।,positive,sentihin,2
खिलाड़ी मैच के लिए अगले दौर के लिए पहुंची।,neutral,sports,1
टूर्नामेंट के अहम चरण में फॉरवर्ड का लीग मैच में असंगत खेल टीम पर भारी पड़ा।,negative,sports,0
लंबे ब्रेक के बाद रेडर ने प्लेऑफ में कमाल का खेल दिखाकर मुश्किल स्थिति से बाहर निकली।,positive,sports,2
टूर्नामेंट के अहम चरण में खिलाड़ी ने लीग मैच में लाजवाब खेल दिखाकर मुकाबला अपने नाम कर लिया।,positive,sports,2
आज कप्तान का सेमीफाइनल में खराब खेल टीम पर भारी पड़ा।,negative,sports,0
मैं इस मामले पर अपनी राय बाद में दूँगा।,neutral,sentihin,1
टेनिस स्टार ने मैच में शानदार प्रदर्शन करते हुए मुकाबला अपने नाम कर लिया।,positive,sports,2
आज फॉरवर्ड लीग मैच से पहले प्रशिक्षण कर रहा है।,neutral,sports,1
एथलीट ने प्रतियोगिता में असंगत प्रदर्शन किया और उम्मीदों पर खरी नहीं उतरी।,negative,sports,0
लंबे ब्रेक के बाद एथलीट ने प्रतियोगिता में कमाल का खेल दिखाकर दबदबा कायम रखा।,positive,sports,2
निर्णायक मैच में गोलकीपर ने लीग मैच से पहले प्रशिक्षण पूरा किया।,neutral,sports,1
घरेलू मैदान पर फॉरवर्ड ने फाइनल में उत्कृष्ट खेल दिखाकर मुश्किल स्थिति से बाहर निकली।,positive,sports,2
इस मुकाबले में गेंदबाज ने ओवर से पहले प्रशिक्षण पूरा किया।,neutral,sports,1
आज मेरे बच्चे ने अपना पहला कविता लिखा।,positive,sentihin,2
आज डिफेंडर ने सेमीफाइनल में उत्कृष्ट खेल दिखाकर दबदबा कायम रखा।,positive,sports,2
यह योजना पूरी तरह निरर्थक साबित हुई।,negative,sentihin,0
एथलीट फाइनल के लिए अभ्यास सत्र में शामिल हुई।,neutral,sports,1
भारतीय धावक ने रेस में फीका प्रदर्शन किया और उम्मीदों पर खरी नहीं उतरी।,negative,sports,0
दबाव वाले मुकाबले में युवा खिलाड़ी का मुकाबला में निराश करने वाला खेल टीम पर भारी पड़ा।,negative,sports,0
इस मुकाबले में हॉकी टीम का सेमीफाइनल में लचर खेल टीम पर भारी पड़ा।,negative,sports,0
मुझे यह यात्रा बहुत थकाऊ लगी।,negative,sentihin,0
भारतीय खिलाड़ी ने मैच में यादगार प्रदर्शन करते हुए लगातार अच्छा प्रदर्शन किया।,positive,sports,2
प्रशंसकों के सामने भारतीय टीम ने मुकाबला में शानदार खेल दिखाकर लगातार अच्छा प्रदर्शन किया।,positive,sports,2
महत्वपूर्ण मौके पर गोलकीपर का मुकाबला में निराश करने वाला खेल टीम पर भारी पड़ा।,negative,sports,0
जोड़ी मैच के लिए मैच के लिए रवाना हुई।,neutral,sports,1
निर्णायक मैच में क्लब ने मुकाबला में उत्कृष्ट खेल दिखाकर लगातार अच्छा प्रदर्शन किया।,positive,sports,2
जोड़ी ने गेम में निराश करने वाला प्रदर्शन किया और बढ़त गंवा दी।,negative,sports,0
फाइनल इस मुकाबले में आयोजित होगा और गोलकीपर इसमें हिस्सा लेगा।,neutral,sports,1
फाइनल महत्वपूर्ण मौके पर आयोजित होगा और टेनिस स्टार इसमें हिस्सा लेगा।,neutral,sports,1
महत्वपूर्ण मौके पर खिलाड़ी ने मैच में लाजवाब खेल दिखाकर महत्वपूर्ण योगदान दिया।,positive,sports,2
घरेलू मैदान पर फॉरवर्ड का फाइनल में कमजोर खेल टीम पर भारी पड़ा।,negative,sports,0
आपकी यह सोच प्रेरणादायक है।,positive,sentihin,2
घरेलू मैदान पर टीम ने जीत का सुनहरा मौका गंवा दिया।,negative,sports,0
दबाव वाले मुकाबले में भारतीय शटलर मैच से पहले प्रशिक्षण कर रहा है।,neutral,sports,1
उसकी नफरत भरी बातें सुनकर दुख हुआ।,negative,sentihin,0
रेडर ने लीग मैच में कमाल का प्रदर्शन करते हुए मुकाबला अपने नाम कर लिया।,positive,sports,2
गोलकीपर ने सेमीफाइनल में खराब प्रदर्शन किया और उम्मीदों पर खरी नहीं उतरी।,negative,sports,0
दबाव वाले मुकाबले में भारतीय टीम का मुकाबला में निराशाजनक खेल टीम पर भारी पड़ा।,negative,sports,0
प्रशंसकों के सामने बल्लेबाज ने मैच से पहले प्रशिक्षण पूरा किया।,neutral,sports,1
लगातार तीसरे मैच में भारतीय टीम ने मुकाबला में लाजवाब खेल दिखाकर शानदार वापसी की।,positive,sports,2
टेनिस स्टार ने क्वार्टरफाइनल में बेअसर प्रदर्शन किया और दबाव में बिखर गई।,negative,sports,0
प्रशंसकों के सामने डिफेंडर का फाइनल में लचर खेल टीम पर भारी पड़ा।,negative,sports,0
यह बस की सेवा बहुत अनियमित है।,negative,sentihin,0
एथलीट प्रतियोगिता के लिए अगले दौर के लिए पहुंची।,neutral,sports,1
लंबे ब्रेक के बाद गेंदबाज का मुकाबला में फीका खेल टीम पर भारी पड़ा।,negative,sports,0
इस मुकाबले में खिलाड़ी मुकाबला से पहले प्रशिक्षण कर रहा है।,neutral,sports,1
आपकी मुस्कान मेरे दिन को बना देती है।,positive,sentihin,2
टूर्नामेंट के अहम चरण में खिलाड़ी ने लीग मैच से पहले प्रशिक्षण पूरा किया।,neutral,sports,1
आज भारतीय टीम का लीग मैच में खराब खेल टीम पर भारी पड़ा।,negative,sports,0
निर्णायक मैच में खिलाड़ी ने मैच में धमाकेदार खेल दिखाकर मुश्किल स्थिति से बाहर निकली।,positive,sports,2
यह होटल की सेवा बहुत खराब है।,negative,sentihin,0
Pressure ke beech Match evening mein start hoga,neutral,sports,1
भारतीय धावक ने रेस के लिए यात्रा कार्यक्रम साझा किया।,neutral,sports,1
महत्वपूर्ण मौके पर एथलीट इवेंट से पहले प्रशिक्षण कर रहा है।,neutral,sports,1
आपकी सोच से आत्मबल मिलता है।,positive,sentihin,2
निर्णायक मैच में कप्तान का फाइनल में फीका खेल टीम पर भारी पड़ा।,negative,sports,0
आज डिफेंडर फाइनल से पहले प्रशिक्षण कर रहा है।,neutral,sports,1
लंबे ब्रेक के बाद बल्लेबाज का मैच में निराशाजनक खेल टीम पर भारी पड़ा।,negative,sports,0
दबाव वाले मुकाबले में धाविका का रेस में खराब खेल टीम पर भारी पड़ा।,negative,sports,0
महत्वपूर्ण मौके पर गोलकीपर ने सेमीफाइनल में धमाकेदार खेल दिखाकर महत्वपूर्ण योगदान दिया।,positive,sports,2
दबाव वाले मुकाबले में गोलकीपर का फाइनल में असंगत खेल टीम पर भारी पड़ा।,negative,sports,0
आज भारतीय खिलाड़ी का मैच में असंगत खेल टीम पर भारी पड़ा।,negative,sports,0
प्रशंसकों के सामने फॉरवर्ड का मुकाबला में निराश करने वाला खेल टीम पर भारी पड़ा।,negative,sports,0
इस मुकाबले में डिफेंडर ने लीग मैच में यादगार खेल दिखाकर मुकाबला अपने नाम कर लिया।,positive,sports,2
डिफेंडर की टीम सेमीफाइनल के लिए अपनी अंतिम सूची तैयार कर रही है।,neutral,sports,1
महत्वपूर्ण मौके पर गेंदबाज ने पारी में यादगार खेल दिखाकर मुकाबला अपने नाम कर लिया।,positive,sports,2
हॉकी टीम ने मेहनत तो की लेकिन मैच में अपनी बढ़त गंवा दी।,negative,sports,0
भारतीय शटलर ने सेट में बेअसर प्रदर्शन किया और महत्वपूर्ण मौका गंवाया।,negative,sports,0
मैं इस बात से चिंतित हूं।,negative,sentihin,0
निर्णायक मैच में फॉरवर्ड ने लीग मैच में शानदार खेल दिखाकर शानदार वापसी की।,positive,sports,2
आपके शब्दों ने मेरा दिल छू लिया।,positive,sentihin,2
इस पर अभी कोई निश्चित राय नहीं बना पाया हूं।,neutral,sentihin,1
उसका व्यव्हार असभ्य था।,negative,sentihin,0
तुम्हारा हर छोटा प्रयास एक बड़ी प्रेरणा देता है।,positive,sentihin,2
टूर्नामेंट के अहम चरण में क्लब लीग मैच से पहले प्रशिक्षण कर रहा है।,neutral,sports,1
निर्णायक मैच में भारतीय शटलर का सेट में निराश करने वाला खेल टीम पर भारी पड़ा।,negative,sports,0
फॉरवर्ड ने मुकाबला में असंगत प्रदर्शन किया और बढ़त गंवा दी।,negative,sports,0
महत्वपूर्ण मौके पर युवा एथलीट ने दौड़ में कमाल का खेल दिखाकर महत्वपूर्ण योगदान दिया।,positive,sports,2
टूर्नामेंट के अहम चरण में टेनिस स्टार का फाइनल में निराशाजनक खेल टीम पर भारी पड़ा।,negative,sports,0
यह घर का साइज़ ठीक है।,neutral,sentihin,1
रेडर ने लीग मैच में खराब प्रदर्शन किया और महत्वपूर्ण मौका गंवाया।,negative,sports,0
खिलाड़ी की मैच में लचर रणनीति काम नहीं आई।,negative,sports,0
दबाव वाले मुकाबले में डिफेंडर का सेमीफाइनल में बेअसर खेल टीम पर भारी पड़ा।,negative,sports,0
महत्वपूर्ण मौके पर भारतीय टीम का मैच में फीका खेल टीम पर भारी पड़ा।,negative,sports,0
घरेलू मैदान पर युवा खिलाड़ी ने मैच में कई आसान मौके गंवाए।,negative,sports,0
महत्वपूर्ण मौके पर कप्तान ने फाइनल में लाजवाब खेल दिखाकर लगातार अच्छा प्रदर्शन किया।,positive,sports,2
युवा शटलर ने गेम में लचर प्रदर्शन किया और महत्वपूर्ण मौका गंवाया।,negative,sports,0
दबाव वाले मुकाबले में युवा एथलीट ने दौड़ में लाजवाब खेल दिखाकर शानदार वापसी की।,positive,sports,2
यह ऐप मेरी उम्मीदों पर खरा उतरा,positive,sentihin,2
महत्वपूर्ण मौके पर रेडर ने प्लेऑफ में लाजवाब खेल दिखाकर दबदबा कायम रखा।,positive,sports,2
निर्णायक मैच में खिलाड़ी का मुकाबला में निराश करने वाला खेल टीम पर भारी पड़ा।,negative,sports,0
महत्वपूर्ण मौके पर भारतीय टीम ने सेमीफाइनल से पहले प्रशिक्षण पूरा किया।,neutral,sports,1
इस मुकाबले में खिलाड़ी ने दौड़ में यादगार खेल दिखाकर लगातार अच्छा प्रदर्शन किया।,positive,sports,2
युवा शटलर ने सेट में बेहतरीन प्रदर्शन करते हुए महत्वपूर्ण योगदान दिया।,positive,sports,2
खिलाड़ी प्लेऑफ के लिए अगले दौर के लिए पहुंची।,neutral,sports,1
आपके सहयोग से मैं बहुत प्रसन्न हूं।,positive,sentihin,2
प्रतियोगिता लगातार तीसरे मैच में आयोजित होगा और युवा एथलीट इसमें हिस्सा लेगा।,neutral,sports,1
इस संग्रहालय की प्रदर्शनी बहुत रोचक थी।,positive,sentihin,2
युवा एथलीट रेस के लिए अगले दौर के लिए पहुंची।,neutral,sports,1
प्रशंसकों के सामने जोड़ी ने गेम में यादगार खेल दिखाकर मुश्किल स्थिति से बाहर निकली।,positive,sports,2
डिफेंडर ने फाइनल में निराशाजनक प्रदर्शन किया और लगातार गलतियां कीं।,negative,sports,0
टूर्नामेंट के अहम चरण में खिलाड़ी का रेस में कमजोर खेल टीम पर भारी पड़ा।,negative,sports,0
लगातार तीसरे मैच में डिफेंडर ने लीग मैच में उत्कृष्ट खेल दिखाकर जीत दर्ज की।,positive,sports,2
सीरीज आज आयोजित होगा और भारतीय टीम इसमें हिस्सा लेगा।,neutral,sports,1
मुझे इसकी पैकिंग अच्छी लगी,positive,sentihin,2
वह किताब पढ़कर अच्छा अनुभव हुआ।,positive,sentihin,2
घरेलू मैदान पर गोलकीपर का सेमीफाइनल में निराशाजनक खेल टीम पर भारी पड़ा।,negative,sports,0
लंबे ब्रेक के बाद टेनिस स्टार ने मैच से पहले प्रशिक्षण पूरा किया।,neutral,sports,1
उसकी आलोचना से मैं आहत हूं।,negative,sentihin,0
तुम्हारा समर्थन मेरे लिए बहुत मायने रखता है।,positive,sentihin,2
भारतीय टीम की प्लेऑफ में निराश करने वाला रणनीति काम नहीं आई।,negative,sports,0
कप्तान ने मुकाबला में शानदार प्रदर्शन करते हुए शानदार वापसी की।,positive,sports,2
टूर्नामेंट के अहम चरण में भारत ओवर से पहले प्रशिक्षण कर रहा है।,neutral,sports,1
मैच आज आयोजित होगा और विकेटकीपर इसमें हिस्सा लेगा।,neutral,sports,1
इवेंट प्रशंसकों के सामने आयोजित होगा और धाविका इसमें हिस्सा लेगा।,neutral,sports,1
प्रशंसकों के सामने खिलाड़ी ने सेट में यादगार खेल दिखाकर महत्वपूर्ण योगदान दिया।,positive,sports,2
कप्तान ने प्लेऑफ में यादगार प्रदर्शन करते हुए लगातार अच्छा प्रदर्शन किया।,positive,sports,2
यह अनुभव औसत रहा।,neutral,sentihin,1
आज फॉरवर्ड ने मुकाबला में लाजवाब खेल दिखाकर मुश्किल स्थिति से बाहर निकली।,positive,sports,2
घरेलू मैदान पर भारतीय टीम ने मैच में जबरदस्त खेल दिखाकर मुकाबला अपने नाम कर लिया।,positive,sports,2
दबाव वाले मुकाबले में युवा एथलीट का फाइनल में कमजोर खेल टीम पर भारी पड़ा।,negative,sports,0
भारत ने मैच में यादगार प्रदर्शन करते हुए मुकाबला अपने नाम कर लिया।,positive,sports,2
टूर्नामेंट के अहम चरण में डिफेंडर ने फाइनल में जबरदस्त खेल दिखाकर शानदार वापसी की।,positive,sports,2
Aaj Defence ne aaj bahut mistakes ki,negative,sports,0
यात्रा में हर कदम पर सुखद अनुभव मिला,positive,sentihin,2
लंबे अंतराल के बाद प्रदर्शन उम्मीद के मुताबिक नहीं रहा।,negative,sports,0
लंबे ब्रेक के बाद डिफेंडर ने लीग मैच में धमाकेदार खेल दिखाकर मुकाबला अपने नाम कर लिया।,positive,sports,2
मुझे इससे कोई खास प्रतिक्रिया नहीं हुई।,neutral,sentihin,1
महत्वपूर्ण मौके पर विकेटकीपर रन चेज से पहले प्रशिक्षण कर रहा है।,neutral,sports,1
इस मुकाबले में फॉरवर्ड ने सेमीफाइनल में बेहतरीन खेल दिखाकर दबदबा कायम रखा।,positive,sports,2
वह यात्रा आनंदमयी रही।,positive,sentihin,2
आज खिलाड़ी ने दौड़ में लाजवाब खेल दिखाकर मुकाबला अपने नाम कर लिया।,positive,sports,2
महत्वपूर्ण मौके पर फॉरवर्ड लीग मैच से पहले प्रशिक्षण कर रहा है।,neutral,sports,1
इस मुकाबले में एथलीट ने रेस में लाजवाब खेल दिखाकर शानदार वापसी की।,positive,sports,2
आपकी यह सोच बहुत गहरी है।,positive,sentihin,2
चैंपियन ने मुकाबला में निराशाजनक प्रदर्शन किया और दबाव में बिखर गई।,negative,sports,0
कप्तान ने मैच के लिए नया अभ्यास कार्यक्रम शुरू किया।,neutral,sports,1
रेडर फाइनल के लिए मैच के लिए रवाना हुई।,neutral,sports,1
इस मुकाबले में भारतीय टीम ने मुकाबला में धमाकेदार खेल दिखाकर शानदार वापसी की।,positive,sports,2
निर्णायक मैच में कप्तान ने क्वार्टरफाइनल में कमाल का खेल दिखाकर मुकाबला अपने नाम कर लिया।,positive,sports,2
लंबे ब्रेक के बाद कप्तान का फाइनल में बेअसर खेल टीम पर भारी पड़ा।,negative,sports,0
मैच प्रशंसकों के सामने आयोजित होगा और हॉकी टीम इसमें हिस्सा लेगा।,neutral,sports,1
लंबे ब्रेक के बाद फॉरवर्ड ने मैच में बेहतरीन खेल दिखाकर दबदबा कायम रखा।,positive,sports,2
फाइनल लंबे ब्रेक के बाद आयोजित होगा और खिलाड़ी इसमें हिस्सा लेगा।,neutral,sports,1
आपकी सफलता मुझे प्रसन्न करती है।,positive,sentihin,2
दबाव वाले मुकाबले में कप्तान ने सीरीज में लाजवाब खेल दिखाकर महत्वपूर्ण योगदान दिया।,positive,sports,2
यह नया रेस्तरां बहुत लोकप्रिय हो रहा है।,positive,sentihin,2
महत्वपूर्ण मौके पर भारतीय धावक इवेंट से पहले प्रशिक्षण कर रहा है।,neutral,sports,1
फिल्म की सिनेमाटोग्राफी शानदार रही,positive,sentihin,2
निर्णायक मैच में बल्लेबाज ने सीरीज में कमाल का खेल दिखाकर लगातार अच्छा प्रदर्शन किया।,positive,sports,2
यह फिल्म पूरी तरह असंतोषजनक रही।,negative,sentihin,0
इस मुकाबले में फॉरवर्ड ने मैच में लाजवाब खेल दिखाकर मुकाबला अपने नाम कर लिया।,positive,sports,2
इस मुकाबले में टेनिस स्टार का क्वार्टरफाइनल में बेअसर खेल टीम पर भारी पड़ा।,negative,sports,0
निर्णायक मैच में फॉरवर्ड ने सेमीफाइनल में लाजवाब खेल दिखाकर शानदार वापसी की।,positive,sports,2
निर्णायक मैच में फॉरवर्ड का फाइनल में कमजोर खेल टीम पर भारी पड़ा।,negative,sports,0
प्रशंसकों के सामने रेडर का लीग मैच में कमजोर खेल टीम पर भारी पड़ा।,negative,sports,0
लंबे ब्रेक के बाद युवा शटलर ने सेट में बेहतरीन खेल दिखाकर लगातार अच्छा प्रदर्शन किया।,positive,sports,2
घरेलू मैदान पर भारत रन चेज से पहले प्रशिक्षण कर रहा है।,neutral,sports,1
महत्वपूर्ण मौके पर भारत ने रन चेज में कमाल का खेल दिखाकर शानदार वापसी की।,positive,sports,2
लगातार तीसरे मैच में भारतीय टीम ने मैच में जबरदस्त खेल दिखाकर महत्वपूर्ण योगदान दिया।,positive,sports,2
टूर्नामेंट के अहम चरण में गेंदबाज ने मुकाबला में धमाकेदार खेल दिखाकर दबदबा कायम रखा।,positive,sports,2
इस मुकाबले में खिलाड़ी का मैच में खराब खेल टीम पर भारी पड़ा।,negative,sports,0
मैच लगातार तीसरे मैच में आयोजित होगा और युवा खिलाड़ी इसमें हिस्सा लेगा।,neutral,sports,1
लंबे ब्रेक के बाद युवा खिलाड़ी ने क्वार्टरफाइनल में शानदार खेल दिखाकर जीत दर्ज की।,positive,sports,2
लीग मैच आज आयोजित होगा और गोलकीपर इसमें हिस्सा लेगा।,neutral,sports,1
मैं इस फिल्म को दोस्तों के साथ देखना चाहूँगा।,neutral,sentihin,1
उसकी बातें कड़वी थीं।,negative,sentihin,0
टूर्नामेंट के अहम चरण में भारतीय टीम ने प्लेऑफ में लाजवाब खेल दिखाकर जीत दर्ज की।,positive,sports,2
बल्लेबाज ने मैच के लिए तैयारी शुरू कर दी।,neutral,sports,1
घरेलू मैदान पर जोड़ी का मैच में कमजोर खेल टीम पर भारी पड़ा।,negative,sports,0
Match se pehle Team ne match apne naam kar liya,positive,sports,2
घरेलू मैदान पर धाविका ने इवेंट में धमाकेदार खेल दिखाकर जीत दर्ज की।,positive,sports,2
उस निर्णय ने मुझे प्रभावित किया,positive,sentihin,2
धाविका ने फाइनल के लिए यात्रा कार्यक्रम साझा किया।,neutral,sports,1
भारतीय धावक ने रेस में असंगत खेल दिखाया और टीम को नुकसान हुआ।,negative,sports,0
इस मुकाबले में भारतीय धावक प्रतियोगिता से पहले प्रशिक्षण कर रहा है।,neutral,sports,1
घरेलू मैदान पर विकेटकीपर ने मैच में उत्कृष्ट खेल दिखाकर मुकाबला अपने नाम कर लिया।,positive,sports,2
डिफेंडर ने मैच में फीका प्रदर्शन किया और महत्वपूर्ण मौका गंवाया।,negative,sports,0
टूर्नामेंट के अहम चरण में कप्तान ने मैच में लाजवाब खेल दिखाकर दबदबा कायम रखा।,positive,sports,2
रेडर ने मैच में निराशाजनक प्रदर्शन किया और बढ़त गंवा दी।,negative,sports,0
लगातार तीसरे मैच में क्लब ने मुकाबला से पहले प्रशिक्षण पूरा किया।,neutral,sports,1
दबाव वाले मुकाबले में युवा एथलीट ने इवेंट में बेहतरीन खेल दिखाकर जीत दर्ज की।,positive,sports,2
आज चैंपियन का गेम में बेअसर खेल टीम पर भारी पड़ा।,negative,sports,0
आज टेनिस स्टार ने सेट में धमाकेदार खेल दिखाकर लगातार अच्छा प्रदर्शन किया।,positive,sports,2
लगातार तीसरे मैच में क्लब ने फाइनल में शानदार खेल दिखाकर शानदार वापसी की।,positive,sports,2
इस मुकाबले में विकेटकीपर ने रन चेज में यादगार खेल दिखाकर महत्वपूर्ण योगदान दिया।,positive,sports,2
यह फिल्म इतनी बेकार थी कि मुझे पछतावा हुआ।,negative,sentihin,0
दबाव वाले मुकाबले में क्लब फाइनल से पहले प्रशिक्षण कर रहा है।,neutral,sports,1
इस मुकाबले में खिलाड़ी का सेट में फीका खेल टीम पर भारी पड़ा।,negative,sports,0
आज युवा एथलीट रेस से पहले प्रशिक्षण कर रहा है।,neutral,sports,1
मुझे इसका रंग पसंद आया,positive,sentihin,2
आज चैंपियन ने फाइनल में धमाकेदार खेल दिखाकर दबदबा कायम रखा।,positive,sports,2
यह शिक्षक बहुत प्रेरक और मददगार है।,positive,sentihin,2
कप्तान को मुकाबला के लिए टीम में शामिल किया गया है।,neutral,sports,1
जोड़ी की मैच में बेअसर रणनीति काम नहीं आई।,negative,sports,0
यह सेवा इतनी खराब थी कि मुझे निराशा हुई।,negative,sentihin,0
बल्लेबाज ने पारी में फीका प्रदर्शन किया और महत्वपूर्ण मौका गंवाया।,negative,sports,0
महत्वपूर्ण मौके पर भारतीय टीम ने पारी में धमाकेदार खेल दिखाकर मुश्किल स्थिति से बाहर निकली।,positive,sports,2
विकेटकीपर ने पारी में बेअसर खेल दिखाया और टीम को नुकसान हुआ।,negative,sports,0
इस मुकाबले में एथलीट ने फाइनल में यादगार खेल दिखाकर महत्वपूर्ण योगदान दिया।,positive,sports,2
दौड़ आज आयोजित होगा और भारतीय धावक इसमें हिस्सा लेगा।,neutral,sports,1
प्रशंसकों के सामने एथलीट का प्रतियोगिता में बेअसर खेल टीम पर भारी पड़ा।,negative,sports,0
यह कविता बहुत भावुक और सुंदर है।,positive,sentihin,2
दबाव वाले मुकाबले में कप्तान ने रन चेज में शानदार खेल दिखाकर महत्वपूर्ण योगदान दिया।,positive,sports,2
इस मुकाबले में कप्तान ने फाइनल में बेहतरीन खेल दिखाकर जीत दर्ज की।,positive,sports,2
प्रशंसकों के सामने विकेटकीपर का पारी में बेअसर खेल टीम पर भारी पड़ा।,negative,sports,0
दबाव वाले मुकाबले में बल्लेबाज मुकाबला से पहले प्रशिक्षण कर रहा है।,neutral,sports,1
क्लब ने फाइनल में बेहतरीन प्रदर्शन करते हुए मुकाबला अपने नाम कर लिया।,positive,sports,2
टूर्नामेंट के अहम चरण में खिलाड़ी फाइनल से पहले प्रशिक्षण कर रहा है।,neutral,sports,1
डिफेंडर ने फाइनल में लचर प्रदर्शन किया और अपनी लय खो दी।,negative,sports,0
प्रशंसकों के सामने रेडर का मैच में असंगत खेल टीम पर भारी पड़ा।,negative,sports,0
लंबे ब्रेक के बाद भारतीय धावक ने फाइनल में जबरदस्त खेल दिखाकर महत्वपूर्ण योगदान दिया।,positive,sports,2
भारतीय खिलाड़ी मैच के लिए अगले दौर के लिए पहुंची।,neutral,sports,1
कप्तान ने मेहनत तो की लेकिन मुकाबला में अपनी बढ़त गंवा दी।,negative,sports,0
प्रशंसकों के सामने कप्तान का ओवर में कमजोर खेल टीम पर भारी पड़ा।,negative,sports,0
डिफेंडर की सेमीफाइनल में फीका रणनीति काम नहीं आई।,negative,sports,0
लगातार तीसरे मैच में युवा एथलीट फाइनल से पहले प्रशिक्षण कर रहा है।,neutral,sports,1
घरेलू मैदान पर एथलीट इवेंट से पहले प्रशिक्षण कर रहा है।,neutral,sports,1
मुझे यह काम बहुत तनावपूर्ण लगता है।,negative,sentihin,0
घरेलू मैदान पर खिलाड़ी ने मुकाबला में लाजवाब खेल दिखाकर मुकाबला अपने नाम कर लिया।,positive,sports,2
यह सेवा बहुत धीमी और निराशाजनक है।,negative,sentihin,0
प्रशंसकों के सामने भारतीय टीम का फाइनल में कमजोर खेल टीम पर भारी पड़ा।,negative,sports,0
टूर्नामेंट के अहम चरण में युवा खिलाड़ी ने फाइनल में बेहतरीन खेल दिखाकर लगातार अच्छा प्रदर्शन किया।,positive,sports,2
चैंपियन फाइनल के लिए मैच के लिए रवाना हुई।,neutral,sports,1
Aaj Captain ne next game ki strategy discuss ki,neutral,sports,1
मैं इस मामले में कोई राय नहीं रखता।,neutral,sentihin,1
मुझे यह प्रस्तुति उबाऊ लगी।,negative,sentihin,0
टूर्नामेंट के अहम चरण में भारतीय शटलर का मैच में निराश करने वाला खेल टीम पर भारी पड़ा।,negative,sports,0
लंबे ब्रेक के बाद हॉकी टीम ने लीग मैच में बेहतरीन खेल दिखाकर दबदबा कायम रखा।,positive,sports,2
आज खिलाड़ी ने मुकाबला में यादगार खेल दिखाकर शानदार वापसी की।,positive,sports,2
टूर्नामेंट में हमारी टीम ने विरोधी को पूरी तरह दबा दिया।,positive,sports,2
क्लब ने सेमीफाइनल में असंगत प्रदर्शन किया और अपनी लय खो दी।,negative,sports,0
कप्तान मैच के लिए अगले दौर के लिए पहुंची।,neutral,sports,1
फिल्म की लंबाई बहुत अधिक थी,negative,sentihin,0
सेट दबाव वाले मुकाबले में आयोजित होगा और चैंपियन इसमें हिस्सा लेगा।,neutral,sports,1
निर्णायक मैच में कप्तान ने सेमीफाइनल से पहले प्रशिक्षण पूरा किया।,neutral,sports,1
मुझे इसमें कोई ख़ास अनुभव नहीं हुआ।,neutral,sentihin,1
यह फिल्म इतनी शानदार थी कि मैंने इसे दो बार देखा।,positive,sentihin,2
भारतीय टीम की प्लेऑफ में लचर रणनीति काम नहीं आई।,negative,sports,0
एथलीट को दौड़ के लिए टीम में शामिल किया गया है।,neutral,sports,1
भारतीय टीम की मुकाबला में बेअसर रणनीति काम नहीं आई।,negative,sports,0
फाइनल इस मुकाबले में आयोजित होगा और कप्तान इसमें हिस्सा लेगा।,neutral,sports,1
लगातार तीसरे मैच में गोलकीपर ने सेमीफाइनल में लाजवाब खेल दिखाकर लगातार अच्छा प्रदर्शन किया।,positive,sports,2
दबाव वाले मुकाबले में क्लब ने मैच में लाजवाब खेल दिखाकर मुश्किल स्थिति से बाहर निकली।,positive,sports,2
घरेलू मैदान पर भारतीय टीम ने सेमीफाइनल में कई आसान मौके गंवाए।,negative,sports,0
इस मुकाबले में विकेटकीपर ने मैच में बेहतरीन खेल दिखाकर मुकाबला अपने नाम कर लिया।,positive,sports,2
प्रशंसकों के सामने चैंपियन ने गेम में यादगार खेल दिखाकर मुश्किल स्थिति से बाहर निकली।,positive,sports,2
फाइनल घरेलू मैदान पर आयोजित होगा और युवा एथलीट इसमें हिस्सा लेगा।,neutral,sports,1
गोलकीपर मुकाबला के लिए टूर्नामेंट में हिस्सा ले रही है।,neutral,sports,1
आपकी सहायता से मेरा आत्मविश्वास मजबूत हुआ।,positive,sentihin,2
दबाव वाले मुकाबले में कप्तान ने सेमीफाइनल से पहले प्रशिक्षण पूरा किया।,neutral,sports,1
गेंदबाज ने रन चेज में बेअसर प्रदर्शन किया और मुकाबला गंवा दिया।,negative,sports,0
कप्तान लीग मैच के लिए रणनीति पर चर्चा कर रही है।,neutral,sports,1
धाविका ने प्रतियोगिता के लिए नया अभ्यास कार्यक्रम शुरू किया।,neutral,sports,1
आज भारत ने ओवर में बेहतरीन तालमेल के साथ जीत हासिल की।,positive,sports,2
आज खिलाड़ी ने मुकाबला में लाजवाब खेल दिखाकर मुकाबला अपने नाम कर लिया।,positive,sports,2
Kal Team ka performance bahut disappointing raha,negative,sports,0
दबाव वाले मुकाबले में भारतीय टीम का फाइनल में असंगत खेल टीम पर भारी पड़ा।,negative,sports,0
मुझे यह परिस्थिति असहनीय लग रही है।,negative,sentihin,0
इस मुकाबले में खिलाड़ी लीग मैच से पहले प्रशिक्षण कर रहा है।,neutral,sports,1
वह पुस्तक पढ़ना सुखद अनुभव था।,positive,sentihin,2
एथलीट की प्रतियोगिता में फीका रणनीति काम नहीं आई।,negative,sports,0
वह हादसा मेरी यादों में एक कड़वी घटना बनकर रह गया।,negative,sentihin,0
निर्णायक मैच में भारतीय खिलाड़ी ने फाइनल में उत्कृष्ट खेल दिखाकर शानदार वापसी की।,positive,sports,2
मैं इस व्यक्ति से निराश हूं।,negative,sentihin,0
कप्तान फाइनल के लिए अगले दौर के लिए पहुंची।,neutral,sports,1
टूर्नामेंट के अहम चरण में भारतीय टीम पारी से पहले प्रशिक्षण कर रहा है।,neutral,sports,1
भारतीय टीम ने मैच में कमजोर प्रदर्शन किया और बढ़त गंवा दी।,negative,sports,0
निर्णायक मैच में जोड़ी ने मैच में लाजवाब खेल दिखाकर मुश्किल स्थिति से बाहर निकली।,positive,sports,2
डिफेंडर प्लेऑफ के लिए अभ्यास सत्र में शामिल हुई।,neutral,sports,1
लगातार तीसरे मैच में बल्लेबाज का ओवर में असंगत खेल टीम पर भारी पड़ा।,negative,sports,0
दबाव वाले मुकाबले में युवा एथलीट ने इवेंट में यादगार खेल दिखाकर शानदार वापसी की।,positive,sports,2
आपकी सोच से मन को नई प्रेरणा मिलती है।,positive,sentihin,2
मुझे वहाँ का वातावरण पसंद नहीं आया।,negative,sentihin,0
युवा एथलीट ने रेस में फीका प्रदर्शन किया और उम्मीदों पर खरी नहीं उतरी।,negative,sports,0
टूर्नामेंट के अहम चरण में कप्तान ने ओवर में उत्कृष्ट खेल दिखाकर लगातार अच्छा प्रदर्शन किया।,positive,sports,2
युवा खिलाड़ी ने मैच में असंगत प्रदर्शन किया और बढ़त गंवा दी।,negative,sports,0
दबाव वाले मुकाबले में कप्तान ने सेट में धमाकेदार खेल दिखाकर जीत दर्ज की।,positive,sports,2
महत्वपूर्ण मौके पर गेंदबाज ने ओवर में जबरदस्त खेल दिखाकर शानदार वापसी की।,positive,sports,2
आज गेंदबाज का मैच में कमजोर खेल टीम पर भारी पड़ा।,negative,sports,0
गेम आज आयोजित होगा और युवा शटलर इसमें हिस्सा लेगा।,neutral,sports,1
रेडर ने प्लेऑफ में फीका प्रदर्शन किया और लगातार गलतियां कीं।,negative,sports,0
घरेलू मैदान पर विकेटकीपर का मैच में बेअसर खेल टीम पर भारी पड़ा।,negative,sports,0
लीग मैच दबाव वाले मुकाबले में आयोजित होगा और फॉरवर्ड इसमें हिस्सा लेगा।,neutral,sports,1
निर्णायक मैच में धाविका ने दौड़ में धमाकेदार खेल दिखाकर जीत दर्ज की।,positive,sports,2
टूर्नामेंट के अहम चरण में खिलाड़ी ने मुकाबला से पहले प्रशिक्षण पूरा किया।,neutral,sports,1
खिलाड़ी ने फाइनल में निराश करने वाला प्रदर्शन किया और अपनी लय खो दी।,negative,sports,0
महत्वपूर्ण मौके पर डिफेंडर का मुकाबला में निराश करने वाला खेल टीम पर भारी पड़ा।,negative,sports,0
मुझे इसमें कोई मत नहीं है।,neutral,sentihin,1
टूर्नामेंट के अहम चरण में क्लब मैच से पहले प्रशिक्षण कर रहा है।,neutral,sports,1
महत्वपूर्ण मौके पर धाविका ने इवेंट में जबरदस्त खेल दिखाकर शानदार वापसी की।,positive,sports,2
प्रशंसकों के सामने गेंदबाज ने रन चेज में बेहतरीन खेल दिखाकर मुकाबला अपने नाम कर लिया।,positive,sports,2
डिफेंडर ने फाइनल के लिए तैयारी शुरू कर दी।,neutral,sports,1
महत्वपूर्ण मौके पर चैंपियन का मैच में असंगत खेल टीम पर भारी पड़ा।,negative,sports,0
दबाव वाले मुकाबले में विकेटकीपर का रन चेज में फीका खेल टीम पर भारी पड़ा।,negative,sports,0
निर्णायक मैच में भारतीय टीम ने रन चेज में यादगार खेल दिखाकर मुश्किल स्थिति से बाहर निकली।,positive,sports,2
दबाव वाले मुकाबले में फॉरवर्ड ने मुकाबला में यादगार खेल दिखाकर महत्वपूर्ण योगदान दिया।,positive,sports,2
इस मुकाबले में डिफेंडर सेमीफाइनल से पहले प्रशिक्षण कर रहा है।,neutral,sports,1
कप्तान ने रन चेज में खराब प्रदर्शन किया और दबाव में बिखर गई।,negative,sports,0
प्रशंसकों के सामने भारतीय शटलर सेट से पहले प्रशिक्षण कर रहा है।,neutral,sports,1
प्रशंसकों के सामने कप्तान प्लेऑफ से पहले प्रशिक्षण कर रहा है।,neutral,sports,1
रेडर मैच के लिए अभ्यास सत्र में शामिल हुई।,neutral,sports,1
इस मुकाबले में टेनिस स्टार ने फाइनल में कमाल का खेल दिखाकर लगातार अच्छा प्रदर्शन किया।,positive,sports,2
खिलाड़ी ने गेम में बेहतरीन प्रदर्शन करते हुए मुकाबला अपने नाम कर लिया।,positive,sports,2
फाइनल लगातार तीसरे मैच में आयोजित होगा और रेडर इसमें हिस्सा लेगा।,neutral,sports,1
आज विकेटकीपर ने सीरीज में यादगार खेल दिखाकर जीत दर्ज की।,positive,sports,2
लगातार तीसरे मैच में एथलीट ने फाइनल में जबरदस्त खेल दिखाकर लगातार अच्छा प्रदर्शन किया।,positive,sports,2
ओवर घरेलू मैदान पर आयोजित होगा और गेंदबाज इसमें हिस्सा लेगा।,neutral,sports,1
टूर्नामेंट के अहम चरण में टेनिस स्टार ने फाइनल में लाजवाब खेल दिखाकर शानदार वापसी की।,positive,sports,2
टूर्नामेंट के अहम चरण में भारतीय टीम ने लीग मैच में धमाकेदार खेल दिखाकर जीत दर्ज की।,positive,sports,2
डॉक्टर का व्यवहार बहुत ही रूखा था।,negative,sentihin,0
घरेलू मैदान पर चैंपियन ने फाइनल में कमाल का खेल दिखाकर जीत दर्ज की।,positive,sports,2
महत्वपूर्ण मौके पर फॉरवर्ड का फाइनल में बेअसर खेल टीम पर भारी पड़ा।,negative,sports,0
लगातार तीसरे मैच में जोड़ी का फाइनल में कमजोर खेल टीम पर भारी पड़ा।,negative,sports,0
रन चेज निर्णायक मैच में आयोजित होगा और भारतीय टीम इसमें हिस्सा लेगा।,neutral,sports,1
लगातार तीसरे मैच में भारतीय टीम का मैच में असंगत खेल टीम पर भारी पड़ा।,negative,sports,0
मुझे इसमें कोई आकर्षण नजर नहीं आया।,neutral,sentihin,1
इस मुकाबले में गेंदबाज का पारी में लचर खेल टीम पर भारी पड़ा।,negative,sports,0
भारतीय टीम ने फाइनल में खराब खेल दिखाया और टीम को नुकसान हुआ।,negative,sports,0
भारतीय शटलर ने गेम में बेअसर प्रदर्शन किया और बढ़त गंवा दी।,negative,sports,0
प्रशंसकों के सामने भारतीय टीम ने मैच में यादगार खेल दिखाकर मुकाबला अपने नाम कर लिया।,positive,sports,2
टेनिस स्टार ने फाइनल में कमजोर प्रदर्शन किया और बढ़त गंवा दी।,negative,sports,0
आपकी तारीफ से मन को खुशी मिलती है।,positive,sentihin,2
यह अवसर आनंददायक रहा।,positive,sentihin,2
टूर्नामेंट के अहम चरण में खिलाड़ी ने फाइनल में यादगार खेल दिखाकर जीत दर्ज की।,positive,sports,2
महत्वपूर्ण मौके पर एथलीट ने इवेंट में शानदार खेल दिखाकर दबदबा कायम रखा।,positive,sports,2
दबाव वाले मुकाबले में युवा खिलाड़ी क्वार्टरफाइनल से पहले प्रशिक्षण कर रहा है।,neutral,sports,1
युवा एथलीट ने इवेंट में लचर प्रदर्शन किया और महत्वपूर्ण मौका गंवाया।,negative,sports,0
आज मैं बहुत खुश हूं।,positive,sentihin,2
घरेलू मैदान पर खिलाड़ी दौड़ से पहले प्रशिक्षण कर रहा है।,neutral,sports,1
कप्तान ने क्वार्टरफाइनल में बेअसर प्रदर्शन किया और अपनी लय खो दी।,negative,sports,0
लगातार तीसरे मैच में फॉरवर्ड ने फाइनल में लाजवाब खेल दिखाकर मुश्किल स्थिति से बाहर निकली।,positive,sports,2
आज कप्तान ने मैच में धमाकेदार खेल दिखाकर लगातार अच्छा प्रदर्शन किया।,positive,sports,2
मैच घरेलू मैदान पर आयोजित होगा और टेनिस स्टार इसमें हिस्सा लेगा।,neutral,sports,1
लगातार तीसरे मैच में युवा एथलीट ने फाइनल में शानदार खेल दिखाकर लगातार अच्छा प्रदर्शन किया।,positive,sports,2
मुझे इस ट्रेन की देरी से बहुत परेशानी हुई।,negative,sentihin,0
धाविका ने रेस में खराब प्रदर्शन किया और उम्मीदों पर खरी नहीं उतरी।,negative,sports,0
खिलाड़ी ने मुकाबला में लचर प्रदर्शन किया और अपनी लय खो दी।,negative,sports,0
दबाव वाले मुकाबले में युवा एथलीट ने प्रतियोगिता में उत्कृष्ट खेल दिखाकर जीत दर्ज की।,positive,sports,2
प्रशंसकों के सामने भारत ने रन चेज में शानदार खेल दिखाकर शानदार वापसी की।,positive,sports,2
चैंपियन ने मैच में बेअसर खेल दिखाया और टीम को नुकसान हुआ।,negative,sports,0
लंबे ब्रेक के बाद कप्तान का मैच में निराश करने वाला खेल टीम पर भारी पड़ा।,negative,sports,0
मैच इस मुकाबले में आयोजित होगा और कप्तान इसमें हिस्सा लेगा।,neutral,sports,1
मुझे इसमें कोई उत्तेजना महसूस नहीं हुई।,neutral,sentihin,1
एथलीट ने दौड़ में बेअसर प्रदर्शन किया और उम्मीदों पर खरी नहीं उतरी।,negative,sports,0
लंबे ब्रेक के बाद कप्तान ने सीरीज में धमाकेदार खेल दिखाकर मुकाबला अपने नाम कर लिया।,positive,sports,2
प्रशंसकों के सामने खिलाड़ी ने फाइनल से पहले प्रशिक्षण पूरा किया।,neutral,sports,1
भारतीय टीम ने लीग मैच में कमजोर प्रदर्शन किया और बढ़त गंवा दी।,negative,sports,0
आपका समर्थन मेरे लिए बहुत मायने रखता है।,positive,sentihin,2
शाम के मुकाबले में खिलाड़ियों ने निर्णायक मौके पर गलतियां कीं।,negative,sports,0
लगातार तीसरे मैच में खिलाड़ी ने सेट में जबरदस्त खेल दिखाकर जीत दर्ज की।,positive,sports,2
निर्णायक मैच में भारतीय शटलर का फाइनल में असंगत खेल टीम पर भारी पड़ा।,negative,sports,0
लगातार तीसरे मैच में डिफेंडर ने मुकाबला से पहले प्रशिक्षण पूरा किया।,neutral,sports,1
लगातार तीसरे मैच में गोलकीपर ने सेमीफाइनल में यादगार खेल दिखाकर मुकाबला अपने नाम कर लिया।,positive,sports,2
यह सॉफ्टवेयर बहुत बग्स से भरा है।,negative,sentihin,0
इस मुकाबले में भारतीय खिलाड़ी का क्वार्टरफाइनल में बेअसर खेल टीम पर भारी पड़ा।,negative,sports,0
प्रशंसकों के सामने खिलाड़ी ने फाइनल में कमाल का खेल दिखाकर जीत दर्ज की।,positive,sports,2
सेट घरेलू मैदान पर आयोजित होगा और युवा खिलाड़ी इसमें हिस्सा लेगा।,neutral,sports,1
इस मुकाबले में कप्तान ने मुकाबला से पहले प्रशिक्षण पूरा किया।,neutral,sports,1
प्रशंसकों के सामने कप्तान ने प्लेऑफ में शानदार खेल दिखाकर मुकाबला अपने नाम कर लिया।,positive,sports,2
लगातार तीसरे मैच में एथलीट का दौड़ में निराशाजनक खेल टीम पर भारी पड़ा।,negative,sports,0
मैं रोज़ाना अपने दिल की आवाज़ सुनता हूं।,neutral,sentihin,1
भारतीय टीम ने सेमीफाइनल के लिए तैयारी शुरू कर दी।,neutral,sports,1
डिफेंडर मैच के लिए मैच के लिए रवाना हुई।,neutral,sports,1
गोलकीपर ने लीग मैच में निराशाजनक प्रदर्शन किया और महत्वपूर्ण मौका गंवाया।,negative,sports,0
उसकी हरकतें शर्मनाक थीं।,negative,sentihin,0
भारतीय शटलर ने फाइनल के लिए नया अभ्यास कार्यक्रम शुरू किया।,neutral,sports,1
टूर्नामेंट के अहम चरण में धाविका ने दौड़ में शानदार खेल दिखाकर जीत दर्ज की।,positive,sports,2
निर्णायक मैच में गोलकीपर लीग मैच से पहले प्रशिक्षण कर रहा है।,neutral,sports,1
डिफेंडर ने मुकाबला में फीका प्रदर्शन किया और महत्वपूर्ण मौका गंवाया।,negative,sports,0
गेंदबाज सीरीज के लिए रणनीति पर चर्चा कर रही है।,neutral,sports,1
दबाव वाले मुकाबले में भारतीय धावक का फाइनल में लचर खेल टीम पर भारी पड़ा।,negative,sports,0
इवेंट प्रशंसकों के सामने आयोजित होगा और युवा एथलीट इसमें हिस्सा लेगा।,neutral,sports,1
मुझे वहाँ की भीड़ से असहजता हुई।,negative,sentihin,0
खिलाड़ी ने प्लेऑफ में बेअसर प्रदर्शन किया और उम्मीदों पर खरी नहीं उतरी।,negative,sports,0
लगातार तीसरे मैच में बल्लेबाज ने मैच से पहले प्रशिक्षण पूरा किया।,neutral,sports,1
पारी लगातार तीसरे मैच में आयोजित होगा और गेंदबाज इसमें हिस्सा लेगा।,neutral,sports,1
आज युवा शटलर ने मैच से पहले प्रशिक्षण पूरा किया।,neutral,sports,1
गोलकीपर ने सेमीफाइनल में बेहतरीन खेल दिखाया और टीम को जीत दिलाई।,positive,sports,2
खिलाड़ी ने सेट में लचर प्रदर्शन किया और दबाव में बिखर गई।,negative,sports,0
फॉरवर्ड ने सेमीफाइनल में बेअसर प्रदर्शन किया और लगातार गलतियां कीं।,negative,sports,0
लगातार तीसरे मैच में फॉरवर्ड ने मुकाबला में यादगार खेल दिखाकर दबदबा कायम रखा।,positive,sports,2
लगातार तीसरे मैच में हॉकी टीम मुकाबला से पहले प्रशिक्षण कर रहा है।,neutral,sports,1
महत्वपूर्ण मौके पर कप्तान ने मुकाबला में यादगार खेल दिखाकर शानदार वापसी की।,positive,sports,2
प्रशंसकों के सामने युवा एथलीट का इवेंट में निराशाजनक खेल टीम पर भारी पड़ा।,negative,sports,0
डिफेंडर की लीग मैच में कमजोर रणनीति काम नहीं आई।,negative,sports,0
भारतीय टीम फाइनल के लिए प्रशिक्षण जारी रखे हुए है।,neutral,sports,1
युवा खिलाड़ी क्वार्टरफाइनल के लिए मैच के लिए रवाना हुई।,neutral,sports,1
उसके व्यवहार से मैं नाराज हूं।,negative,sentihin,0
घरेलू मैदान पर गोलकीपर ने मुकाबला में यादगार खेल दिखाकर दबदबा कायम रखा।,positive,sports,2
टूर्नामेंट के अहम चरण में भारतीय धावक ने प्रतियोगिता में धमाकेदार खेल दिखाकर जीत दर्ज की।,positive,sports,2
रेडर ने मैच में निराश करने वाला खेल दिखाया और टीम को नुकसान हुआ।,negative,sports,0
तुम्हारा यह नृत्य मनमोहक है।,positive,sentihin,2
दबाव वाले मुकाबले में भारतीय शटलर गेम से पहले प्रशिक्षण कर रहा है।,neutral,sports,1
आज भारतीय शटलर का मैच में खराब खेल टीम पर भारी पड़ा।,negative,sports,0
मुझे उसका व्यवहार अस्वीकार्य लगा।,negative,sentihin,0
उसकी बेरुखी ने मन को गहरे तक दुखी किया।,negative,sentihin,0
भारतीय टीम के फाइनल में बेहतरीन प्रदर्शन से टीम को फायदा हुआ।,positive,sports,2
फाइनल इस मुकाबले में आयोजित होगा और भारतीय टीम इसमें हिस्सा लेगा।,neutral,sports,1
इस मुकाबले में हॉकी टीम का फाइनल में बेअसर खेल टीम पर भारी पड़ा।,negative,sports,0
दबाव वाले मुकाबले में डिफेंडर ने मैच से पहले प्रशिक्षण पूरा किया।,neutral,sports,1
सेमीफाइनल टूर्नामेंट के अहम चरण में आयोजित होगा और फॉरवर्ड इसमें हिस्सा लेगा।,neutral,sports,1
महत्वपूर्ण मौके पर खिलाड़ी का गेम में फीका खेल टीम पर भारी पड़ा।,negative,sports,0
घरेलू मैदान पर गेंदबाज का ओवर में बेअसर खेल टीम पर भारी पड़ा।,negative,sports,0
प्रशंसकों के सामने जोड़ी का सेट में निराशाजनक खेल टीम पर भारी पड़ा।,negative,sports,0
घरेलू मैदान पर युवा खिलाड़ी का फाइनल में फीका खेल टीम पर भारी पड़ा।,negative,sports,0
मेरा मूड खराब है।,negative,sentihin,0
मुझे इसमें कोई नया अनुभव नहीं मिला।,neutral,sentihin,1
डिफेंडर ने मुकाबला में निराशाजनक प्रदर्शन किया और लगातार गलतियां कीं।,negative,sports,0
आज भारतीय टीम ने प्लेऑफ में उत्कृष्ट खेल दिखाकर शानदार वापसी की।,positive,sports,2
लंबे ब्रेक के बाद भारतीय टीम मुकाबला से पहले प्रशिक्षण कर रहा है।,neutral,sports,1
लंबे ब्रेक के बाद भारतीय धावक का फाइनल में बेअसर खेल टीम पर भारी पड़ा।,negative,sports,0
आपकी मुस्कान आत्मविश्वास जगाती है।,positive,sentihin,2
दबाव वाले मुकाबले में भारतीय खिलाड़ी का क्वार्टरफाइनल में कमजोर खेल टीम पर भारी पड़ा।,negative,sports,0
आज खिलाड़ी ने प्रतियोगिता से पहले प्रशिक्षण पूरा किया।,neutral,sports,1
क्लब ने लीग मैच में निराशाजनक खेल दिखाया और टीम को नुकसान हुआ।,negative,sports,0
कप्तान ने मुकाबला में निराश करने वाला प्रदर्शन किया और मुकाबला गंवा दिया।,negative,sports,0
मुकाबला घरेलू मैदान पर आयोजित होगा और डिफेंडर इसमें हिस्सा लेगा।,neutral,sports,1
मैं दोस्तों के साथ गेम खेलता हूं।,neutral,sentihin,1
घरेलू मैदान पर गोलकीपर ने सेमीफाइनल में जबरदस्त खेल दिखाकर मुकाबला अपने नाम कर लिया।,positive,sports,2
लंबे ब्रेक के बाद खिलाड़ी ने इवेंट में लाजवाब खेल दिखाकर महत्वपूर्ण योगदान दिया।,positive,sports,2
इस प्रोडक्ट से मैं संतुष्ट हूं,positive,sentihin,2
मैच आज आयोजित होगा और भारत इसमें हिस्सा लेगा।,neutral,sports,1
गेम इस मुकाबले में आयोजित होगा और खिलाड़ी इसमें हिस्सा लेगा।,neutral,sports,1
निर्णायक मैच में चैंपियन का गेम में खराब खेल टीम पर भारी पड़ा।,negative,sports,0
यह निर्णय पूरी तरह विफल रहा।,negative,sentihin,0
यह सेवा बेहद बेकार साबित हुई।,negative,sentihin,0
निर्णायक मैच में भारतीय खिलाड़ी ने मुकाबला में बेहतरीन खेल दिखाकर लगातार अच्छा प्रदर्शन किया।,positive,sports,2
घरेलू मैदान पर चैंपियन का मैच में लचर खेल टीम पर भारी पड़ा।,negative,sports,0
टेनिस स्टार ने क्वार्टरफाइनल में असंगत प्रदर्शन किया और महत्वपूर्ण मौका गंवाया।,negative,sports,0
महत्वपूर्ण मौके पर विकेटकीपर ने ओवर में बेहतरीन खेल दिखाकर शानदार वापसी की।,positive,sports,2
आपकी मुस्कान से मन को सुकून मिलता है।,positive,sentihin,2
महत्वपूर्ण मौके पर युवा खिलाड़ी क्वार्टरफाइनल से पहले प्रशिक्षण कर रहा है।,neutral,sports,1
ओवर लगातार तीसरे मैच में आयोजित होगा और विकेटकीपर इसमें हिस्सा लेगा।,neutral,sports,1
महत्वपूर्ण मौके पर एथलीट ने फाइनल में शानदार खेल दिखाकर जीत दर्ज की।,positive,sports,2
भारतीय टीम ने प्लेऑफ में निराशाजनक प्रदर्शन किया और लगातार गलतियां कीं।,negative,sports,0
दबाव वाले मुकाबले में भारत ने मुकाबला में बेहतरीन खेल दिखाकर जीत दर्ज की।,positive,sports,2
गोलकीपर ने फाइनल में निराश करने वाला प्रदर्शन किया और बढ़त गंवा दी।,negative,sports,0
निर्णायक मैच में खिलाड़ी का मुकाबला में असंगत खेल टीम पर भारी पड़ा।,negative,sports,0
घरेलू मैदान पर डिफेंडर ने मुकाबला में यादगार खेल दिखाकर महत्वपूर्ण योगदान दिया।,positive,sports,2
प्रशंसकों के सामने चैंपियन ने फाइनल से पहले प्रशिक्षण पूरा किया।,neutral,sports,1
दबाव वाले मुकाबले में भारतीय धावक दौड़ से पहले प्रशिक्षण कर रहा है।,neutral,sports,1
दबाव वाले मुकाबले में हॉकी टीम ने लीग मैच में उत्कृष्ट खेल दिखाकर शानदार वापसी की।,positive,sports,2
लंबे ब्रेक के बाद क्लब ने मैच से पहले प्रशिक्षण पूरा किया।,neutral,sports,1
टूर्नामेंट के अहम चरण में भारतीय टीम ने फाइनल में शानदार खेल दिखाकर मुश्किल स्थिति से बाहर निकली।,positive,sports,2
घरेलू मैदान पर क्लब का मैच में निराशाजनक खेल टीम पर भारी पड़ा।,negative,sports,0
निर्णायक मैच में खिलाड़ी का प्रतियोगिता में असंगत खेल टीम पर भारी पड़ा।,negative,sports,0
आज भारतीय टीम का प्लेऑफ में फीका खेल टीम पर भारी पड़ा।,negative,sports,0
लंबे ब्रेक के बाद जोड़ी फाइनल से पहले प्रशिक्षण कर रहा है।,neutral,sports,1
तुम्हारा यह प्रदर्शन असाधारण है।,positive,sentihin,2
आपकी मदद से मुझे बहुत राहत मिली।,positive,sentihin,2
यह रंग संयोजन ठीक लग रहा है।,neutral,sentihin,1
युवा एथलीट की फाइनल में निराशाजनक रणनीति काम नहीं आई।,negative,sports,0
दबाव वाले मुकाबले में युवा खिलाड़ी का मैच में निराशाजनक खेल टीम पर भारी पड़ा।,negative,sports,0
महत्वपूर्ण मौके पर कप्तान ने मुकाबला से पहले प्रशिक्षण पूरा किया।,neutral,sports,1
घरेलू मैदान पर टेनिस स्टार ने मैच में कमाल का खेल दिखाकर मुश्किल स्थिति से बाहर निकली।,positive,sports,2
जोड़ी की गेम में लचर रणनीति काम नहीं आई।,negative,sports,0
लंबे ब्रेक के बाद कप्तान पारी से पहले प्रशिक्षण कर रहा है।,neutral,sports,1
निर्णायक मैच में भारत ने ओवर में कमाल का खेल दिखाकर जीत दर्ज की।,positive,sports,2
घरेलू मैदान पर गोलकीपर ने फाइनल में लाजवाब खेल दिखाकर मुकाबला अपने नाम कर लिया।,positive,sports,2
उसका व्यवहार न सिर्फ अपमानजनक बल्कि निराशाजनक भी रहा।,negative,sentihin,0
महत्वपूर्ण मौके पर गोलकीपर का सेमीफाइनल में बेअसर खेल टीम पर भारी पड़ा।,negative,sports,0
फॉरवर्ड लीग मैच के लिए प्रशिक्षण जारी रखे हुए है।,neutral,sports,1
क्वार्टरफाइनल प्रशंसकों के सामने आयोजित होगा और भारतीय खिलाड़ी इसमें हिस्सा लेगा।,neutral,sports,1
आज भारतीय खिलाड़ी ने सेट से पहले प्रशिक्षण पूरा किया।,neutral,sports,1
युवा एथलीट प्रतियोगिता के लिए रणनीति पर चर्चा कर रही है।,neutral,sports,1
लंबे ब्रेक के बाद कप्तान ने लीग मैच में बेहतरीन खेल दिखाकर लगातार अच्छा प्रदर्शन किया।,positive,sports,2
लंबे ब्रेक के बाद डिफेंडर ने प्लेऑफ में यादगार खेल दिखाकर दबदबा कायम रखा।,positive,sports,2
युवा शटलर मुकाबला के लिए टूर्नामेंट में हिस्सा ले रही है।,neutral,sports,1
आपकी बातों से मन हल्का हो गया।,positive,sentihin,2
इस मुकाबले में भारतीय टीम ने रन चेज से पहले प्रशिक्षण पूरा किया।,neutral,sports,1
भारतीय खिलाड़ी ने फाइनल में उत्कृष्ट खेल दिखाया और टीम को जीत दिलाई।,positive,sports,2
यह यात्रा काफी निराशाजनक रही।,negative,sentihin,0
टूर्नामेंट के अहम चरण में धाविका ने इवेंट में जबरदस्त खेल दिखाकर दबदबा कायम रखा।,positive,sports,2
आपकी सोच मेरे लिए प्रेरणा का स्रोत बनी रहती है।,positive,sentihin,2
निर्णायक मैच में खिलाड़ी का सेट में लचर खेल टीम पर भारी पड़ा।,negative,sports,0
इस मुकाबले में खिलाड़ी ने मैच में धमाकेदार खेल दिखाकर दबदबा कायम रखा।,positive,sports,2
सेमीफाइनल घरेलू मैदान पर आयोजित होगा और फॉरवर्ड इसमें हिस्सा लेगा।,neutral,sports,1
लगातार तीसरे मैच में कप्तान ने फाइनल में यादगार खेल दिखाकर महत्वपूर्ण योगदान दिया।,positive,sports,2
निर्णायक मैच में विकेटकीपर ने मुकाबला में उत्कृष्ट खेल दिखाकर शानदार वापसी की।,positive,sports,2
आज क्लब ने मुकाबला में लाजवाब खेल दिखाकर मुश्किल स्थिति से बाहर निकली।,positive,sports,2
रेस लंबे ब्रेक के बाद आयोजित होगा और भारतीय धावक इसमें हिस्सा लेगा।,neutral,sports,1
आपके समर्थन ने मुझे कठिन समय में संभाल लिया।,positive,sentihin,2
इस मुकाबले में डिफेंडर ने मुकाबला में शानदार खेल दिखाकर मुश्किल स्थिति से बाहर निकली।,positive,sports,2
यह सेवा इतनी खराब थी कि मैं दुबारा उपयोग नहीं करूंगा।,negative,sentihin,0
लंबे ब्रेक के बाद गेंदबाज ओवर से पहले प्रशिक्षण कर रहा है।,neutral,sports,1
घरेलू मैदान पर हॉकी टीम ने फाइनल में उत्कृष्ट खेल दिखाकर मुश्किल स्थिति से बाहर निकली।,positive,sports,2
धाविका ने फाइनल में बेअसर प्रदर्शन किया और महत्वपूर्ण मौका गंवाया।,negative,sports,0
शाम के मुकाबले में टूर्नामेंट का अगला चरण अगले सप्ताह शुरू होगा।,neutral,sports,1
टूर्नामेंट के अहम चरण में हॉकी टीम लीग मैच से पहले प्रशिक्षण कर रहा है।,neutral,sports,1
डिफेंडर ने शुरुआत में संघर्ष किया लेकिन बाद में शानदार वापसी की और मुकाबला जीत लिया।,positive,sports,2
टेनिस स्टार की सेट में निराश करने वाला रणनीति काम नहीं आई।,negative,sports,0
घरेलू मैदान पर खिलाड़ियों ने सुबह अभ्यास सत्र में हिस्सा लिया।,neutral,sports,1
घरेलू मैदान पर जोड़ी ने मुकाबला में कमाल का खेल दिखाकर जीत दर्ज की।,positive,sports,2
मैं रोज़ाना कुछ नया करने की कोशिश करता हूं।,neutral,sentihin,1
इवेंट टूर्नामेंट के अहम चरण में आयोजित होगा और खिलाड़ी इसमें हिस्सा लेगा।,neutral,sports,1
इस मुकाबले में धाविका ने इवेंट में धमाकेदार खेल दिखाकर मुकाबला अपने नाम कर लिया।,positive,sports,2
गेंदबाज सीरीज के लिए टूर्नामेंट में हिस्सा ले रही है।,neutral,sports,1
खिलाड़ी ने दौड़ में बेअसर प्रदर्शन किया और उम्मीदों पर खरी नहीं उतरी।,negative,sports,0
कप्तान ने फाइनल में कमजोर खेल दिखाया और टीम को नुकसान हुआ।,negative,sports,0
फाइनल प्रशंसकों के सामने आयोजित होगा और भारतीय टीम इसमें हिस्सा लेगा।,neutral,sports,1
युवा शटलर अगले फाइनल से पहले कोच के साथ बैठक करेगा।,neutral,sports,1
रेडर मुकाबला के लिए टूर्नामेंट में हिस्सा ले रही है।,neutral,sports,1
दबाव वाले मुकाबले में गेंदबाज का रन चेज में बेअसर खेल टीम पर भारी पड़ा।,negative,sports,0
वह फिल्म देखने लायक थी।,positive,sentihin,2
भारतीय खिलाड़ी ने मैच में कमजोर प्रदर्शन किया और मुकाबला गंवा दिया।,negative,sports,0
लंबे ब्रेक के बाद कप्तान ने मुकाबला से पहले प्रशिक्षण पूरा किया।,neutral,sports,1
कप्तान पारी के लिए टूर्नामेंट में हिस्सा ले रही है।,neutral,sports,1
महत्वपूर्ण मौके पर फॉरवर्ड ने सेमीफाइनल में यादगार खेल दिखाकर मुकाबला अपने नाम कर लिया।,positive,sports,2
निर्णायक मैच में युवा शटलर का मुकाबला में कमजोर खेल टीम पर भारी पड़ा।,negative,sports,0
दबाव वाले मुकाबले में फॉरवर्ड मैच से पहले प्रशिक्षण कर रहा है।,neutral,sports,1
इस मुकाबले में गेंदबाज ने रन चेज में बेहतरीन खेल दिखाकर शानदार वापसी की।,positive,sports,2
गोलकीपर फाइनल के लिए मैच के लिए रवाना हुई।,neutral,sports,1
कप्तान रन चेज के लिए मैच के लिए रवाना हुई।,neutral,sports,1
कप्तान ने सेमीफाइनल में फीका प्रदर्शन किया और अपनी लय खो दी।,negative,sports,0
मेरी बेटी ने आज पहली बार तैरना सीखा।,positive,sentihin,2
घरेलू मैदान पर एथलीट का प्रतियोगिता में खराब खेल टीम पर भारी पड़ा।,negative,sports,0
निर्णायक मैच में धाविका ने इवेंट में कमाल का खेल दिखाकर शानदार वापसी की।,positive,sports,2
खिलाड़ी दबाव के कारण कठिन गेम में लय नहीं बना सका।,negative,sports,0
टूर्नामेंट के अहम चरण में चैंपियन मैच से पहले प्रशिक्षण कर रहा है।,neutral,sports,1
उसका व्यवहार सभी के लिए अपमानजनक साबित हुआ।,negative,sentihin,0
आज भारतीय धावक ने इवेंट में जबरदस्त खेल दिखाकर मुकाबला अपने नाम कर लिया।,positive,sports,2
घरेलू मैदान पर क्लब ने फाइनल में शानदार खेल दिखाकर दबदबा कायम रखा।,positive,sports,2
दबाव वाले मुकाबले में एथलीट ने दौड़ में उत्कृष्ट खेल दिखाकर मुश्किल स्थिति से बाहर निकली।,positive,sports,2
निर्णायक मैच में डिफेंडर ने मैच में उत्कृष्ट खेल दिखाकर दबदबा कायम रखा।,positive,sports,2
यह यात्रा बहुत ही असफल रही।,negative,sentihin,0
आज मेरे बच्चे ने अपना पहला गोल किया।,positive,sentihin,2
इस मुकाबले में भारतीय टीम का मुकाबला में निराशाजनक खेल टीम पर भारी पड़ा।,negative,sports,0
मुकाबला इस मुकाबले में आयोजित होगा और फॉरवर्ड इसमें हिस्सा लेगा।,neutral,sports,1
टूर्नामेंट के अहम चरण में कप्तान ने फाइनल में बेहतरीन खेल दिखाकर दबदबा कायम रखा।,positive,sports,2
लंबे ब्रेक के बाद एथलीट ने रेस में उत्कृष्ट खेल दिखाकर मुश्किल स्थिति से बाहर निकली।,positive,sports,2
लंबे ब्रेक के बाद हॉकी टीम ने मैच से पहले प्रशिक्षण पूरा किया।,neutral,sports,1
भारतीय खिलाड़ी ने सेट में बेहतरीन प्रदर्शन करते हुए दबदबा कायम रखा।,positive,sports,2
लंबे ब्रेक के बाद खिलाड़ी ने इवेंट में लाजवाब खेल दिखाकर लगातार अच्छा प्रदर्शन किया।,positive,sports,2
टेनिस स्टार मैच के लिए अगले मुकाबले की तैयारी कर रही है।,neutral,sports,1
लंबे ब्रेक के बाद टेनिस स्टार ने मुकाबला में यादगार खेल दिखाकर महत्वपूर्ण योगदान दिया।,positive,sports,2
यह यात्रा बेहद असंतोषजनक रही।,negative,sentihin,0
आपका सहयोग हमेशा महत्वपूर्ण होता है।,positive,sentihin,2
टूर्नामेंट के अहम चरण में डिफेंडर का फाइनल में निराश करने वाला खेल टीम पर भारी पड़ा।,negative,sports,0
आपकी छोटी सी मुस्कान दिन बना देती है।,positive,sentihin,2
घरेलू मैदान पर भारतीय टीम ने मुकाबला में बेहतरीन तालमेल के साथ जीत हासिल की।,positive,sports,2
कप्तान सेमीफाइनल के लिए अगले दौर के लिए पहुंची।,neutral,sports,1
महत्वपूर्ण मौके पर भारतीय धावक ने फाइनल में उत्कृष्ट खेल दिखाकर दबदबा कायम रखा।,positive,sports,2
महत्वपूर्ण मौके पर फॉरवर्ड ने लीग मैच में बेहतरीन खेल दिखाकर मुकाबला अपने नाम कर लिया।,positive,sports,2
निर्णायक मैच में डिफेंडर ने मुकाबला में लाजवाब खेल दिखाकर मुश्किल स्थिति से बाहर निकली।,positive,sports,2
इस होटल में सफाई अच्छी थी,positive,sentihin,2
निर्णायक मैच में भारतीय खिलाड़ी का सेट में खराब खेल टीम पर भारी पड़ा।,negative,sports,0
आज विकेटकीपर ने सीरीज में धमाकेदार खेल दिखाकर दबदबा कायम रखा।,positive,sports,2
लगातार तीसरे मैच में जोड़ी ने मुकाबला से पहले प्रशिक्षण पूरा किया।,neutral,sports,1
इस मुकाबले में डिफेंडर ने मैच से पहले प्रशिक्षण पूरा किया।,neutral,sports,1
इस मामले पर मैं कुछ भी नहीं सोचता।,neutral,sentihin,1
टूर्नामेंट के अहम चरण में कप्तान ने लीग मैच में शानदार खेल दिखाकर जीत दर्ज की।,positive,sports,2
भारतीय टीम ने प्लेऑफ में निराश करने वाला प्रदर्शन किया और महत्वपूर्ण मौका गंवाया।,negative,sports,0
दबाव वाले मुकाबले में बल्लेबाज ने ओवर में कमाल का खेल दिखाकर शानदार वापसी की।,positive,sports,2
महत्वपूर्ण मौके पर फॉरवर्ड ने सेमीफाइनल में जबरदस्त खेल दिखाकर दबदबा कायम रखा।,positive,sports,2
गोलकीपर लीग मैच के लिए अगले मुकाबले की तैयारी कर रही है।,neutral,sports,1
भारतीय टीम ने फाइनल में बेहतरीन प्रदर्शन करते हुए लगातार अच्छा प्रदर्शन किया।,positive,sports,2
दबाव वाले मुकाबले में युवा खिलाड़ी ने मैच में जबरदस्त खेल दिखाकर जीत दर्ज की।,positive,sports,2
युवा एथलीट ने प्रतियोगिता में लचर प्रदर्शन किया और मुकाबला गंवा दिया।,negative,sports,0
भारतीय टीम मुकाबला के लिए रणनीति पर चर्चा कर रही है।,neutral,sports,1
मैं रोज़ाना अपने जीवन में सकारात्मक बदलाव लाने की कोशिश करता हूं।,neutral,sentihin,1
कप्तान ने क्वार्टरफाइनल के लिए नया अभ्यास कार्यक्रम शुरू किया।,neutral,sports,1
निर्णायक मैच में भारतीय धावक ने फाइनल में यादगार खेल दिखाकर मुश्किल स्थिति से बाहर निकली।,positive,sports,2
भारतीय धावक फाइनल के लिए रणनीति पर चर्चा कर रही है।,neutral,sports,1
डिफेंडर ने मुकाबला में बेहतरीन खेल दिखाया और टीम को जीत दिलाई।,positive,sports,2
लगातार तीसरे मैच में बल्लेबाज ने रन चेज में यादगार खेल दिखाकर लगातार अच्छा प्रदर्शन किया।,positive,sports,2
भारत ने मुकाबला में खराब प्रदर्शन किया और महत्वपूर्ण मौका गंवाया।,negative,sports,0
मुझे इसमें कोई कमी नजर नहीं आई,positive,sentihin,2
हॉकी टीम ने मैच में कमाल का प्रदर्शन करते हुए जीत दर्ज की।,positive,sports,2
घरेलू मैदान पर युवा एथलीट का प्रतियोगिता में फीका खेल टीम पर भारी पड़ा।,negative,sports,0
आज कप्तान ने मैच में शानदार खेल दिखाकर दबदबा कायम रखा।,positive,sports,2
गाड़ी में पेट्रोल खत्म हो गया।,neutral,sentihin,1
डिफेंडर ने मुकाबला में खराब प्रदर्शन किया और बढ़त गंवा दी।,negative,sports,0
टूर्नामेंट के अहम चरण में रेडर ने मैच में शानदार खेल दिखाकर मुकाबला अपने नाम कर लिया।,positive,sports,2
लंबे ब्रेक के बाद विकेटकीपर ने ओवर में जबरदस्त खेल दिखाकर दबदबा कायम रखा।,positive,sports,2
घरेलू मैदान पर फॉरवर्ड लीग मैच से पहले प्रशिक्षण कर रहा है।,neutral,sports,1
लगातार तीसरे मैच में भारतीय धावक ने रेस में लाजवाब खेल दिखाकर लगातार अच्छा प्रदर्शन किया।,positive,sports,2
आपकी बातें आत्मविश्वास जगाती हैं।,positive,sentihin,2
दबाव वाले मुकाबले में कप्तान क्वार्टरफाइनल से पहले प्रशिक्षण कर रहा है।,neutral,sports,1
वह व्यवहार बहुत असभ्य था।,negative,sentihin,0
क्लब की फाइनल में फीका रणनीति काम नहीं आई।,negative,sports,0
क्लब की सेमीफाइनल में बेअसर रणनीति काम नहीं आई।,negative,sports,0
मुझे इसमें कोई खास फर्क नहीं लगा।,neutral,sentihin,1
लगातार तीसरे मैच में युवा शटलर ने सेट में उत्कृष्ट खेल दिखाकर महत्वपूर्ण योगदान दिया।,positive,sports,2
टूर्नामेंट के अहम चरण में जोड़ी ने सेट में उत्कृष्ट खेल दिखाकर शानदार वापसी की।,positive,sports,2
महत्वपूर्ण मौके पर भारतीय खिलाड़ी क्वार्टरफाइनल से पहले प्रशिक्षण कर रहा है।,neutral,sports,1
हॉकी टीम लीग मैच के लिए अगले मुकाबले की तैयारी कर रही है।,neutral,sports,1
घरेलू मैदान पर कप्तान ने सेट में जबरदस्त खेल दिखाकर महत्वपूर्ण योगदान दिया।,positive,sports,2
उसकी आलोचना मुझे बुरी लगी।,negative,sentihin,0
वह यात्रा बेहद सुखद रही।,positive,sentihin,2
डिफेंडर की मुकाबला में लचर रणनीति काम नहीं आई।,negative,sports,0
मेरे लिए यह केवल एक औसत अनुभव था।,neutral,sentihin,1
आज खिलाड़ी का रेस में लचर खेल टीम पर भारी पड़ा।,negative,sports,0
इस मुकाबले में खिलाड़ी ने मुकाबला में जबरदस्त खेल दिखाकर दबदबा कायम रखा।,positive,sports,2
आज खिलाड़ी का मुकाबला में निराशाजनक खेल टीम पर भारी पड़ा।,negative,sports,0
आज डिफेंडर ने मुकाबला में जबरदस्त खेल दिखाकर शानदार वापसी की।,positive,sports,2
प्रशंसकों के सामने फॉरवर्ड ने मुकाबला में जबरदस्त खेल दिखाकर शानदार वापसी की।,positive,sports,2
घरेलू मैदान पर भारतीय टीम प्लेऑफ से पहले प्रशिक्षण कर रहा है।,neutral,sports,1
यह अनुभव मेरे लिए पूरी तरह से निराशाजनक रहा।,negative,sentihin,0
महत्वपूर्ण मौके पर क्लब ने लीग मैच में कमाल का खेल दिखाकर लगातार अच्छा प्रदर्शन किया।,positive,sports,2
भारतीय टीम ने मैच में लचर प्रदर्शन किया और दबाव में बिखर गई।,negative,sports,0
आज भारतीय टीम ने लीग मैच में धमाकेदार खेल दिखाकर शानदार वापसी की।,positive,sports,2
लंबे ब्रेक के बाद खिलाड़ी का लीग मैच में लचर खेल टीम पर भारी पड़ा।,negative,sports,0
कप्तान ने रन चेज के लिए यात्रा कार्यक्रम साझा किया।,neutral,sports,1
निर्णायक मैच में गोलकीपर ने सेमीफाइनल में धमाकेदार खेल दिखाकर लगातार अच्छा प्रदर्शन किया।,positive,sports,2
टूर्नामेंट के अहम चरण में डिफेंडर ने सेमीफाइनल में कमाल का खेल दिखाकर दबदबा कायम रखा।,positive,sports,2
इस प्रोजेक्ट से मैं संतुष्ट नहीं हूँ।,negative,sentihin,0
निर्णायक मैच में खिलाड़ी इवेंट से पहले प्रशिक्षण कर रहा है।,neutral,sports,1
आज जोड़ी का फाइनल में निराशाजनक खेल टीम पर भारी पड़ा।,negative,sports,0
टूर्नामेंट के अहम चरण में डिफेंडर ने मुकाबला में बेहतरीन खेल दिखाकर महत्वपूर्ण योगदान दिया।,positive,sports,2
तुम्हारी मदद से काम जल्दी हो गया।,positive,sentihin,2
लगातार तीसरे मैच में डिफेंडर फाइनल से पहले प्रशिक्षण कर रहा है।,neutral,sports,1
मैं चाय पीता हूं।,neutral,sentihin,1
प्रशंसकों के सामने टीम ने मुकाबला अपने नाम कर लिया।,positive,sports,2
भारतीय धावक की चूक से फाइनल में टीम की स्थिति बिगड़ गई।,negative,sports,0
फॉरवर्ड सेमीफाइनल के लिए रणनीति पर चर्चा कर रही है।,neutral,sports,1
प्रशंसकों के सामने कप्तान का लीग मैच में निराशाजनक खेल टीम पर भारी पड़ा।,negative,sports,0
महत्वपूर्ण मौके पर युवा एथलीट का इवेंट में बेअसर खेल टीम पर भारी पड़ा।,negative,sports,0
लगातार तीसरे मैच में कप्तान का मुकाबला में लचर खेल टीम पर भारी पड़ा।,negative,sports,0
टेनिस स्टार ने सेट में निराशाजनक प्रदर्शन किया और उम्मीदों पर खरी नहीं उतरी।,negative,sports,0
गोलकीपर की मैच में निराश करने वाला रणनीति काम नहीं आई।,negative,sports,0
लंबे ब्रेक के बाद विकेटकीपर का मुकाबला में निराशाजनक खेल टीम पर भारी पड़ा।,negative,sports,0
टूर्नामेंट के अहम चरण में युवा शटलर का मुकाबला में कमजोर खेल टीम पर भारी पड़ा।,negative,sports,0
रेडर मैच के लिए अगले दौर के लिए पहुंची।,neutral,sports,1
महत्वपूर्ण मौके पर कप्तान ने फाइनल में बेहतरीन तालमेल के साथ जीत हासिल की।,positive,sports,2
मैं इस विषय पर और अध्ययन करूँगा।,neutral,sentihin,1
लंबे ब्रेक के बाद डिफेंडर ने मैच में धमाकेदार खेल दिखाकर जीत दर्ज की।,positive,sports,2
लगातार तीसरे मैच में खिलाड़ी ने रेस में लाजवाब खेल दिखाकर मुकाबला अपने नाम कर लिया।,positive,sports,2
निर्णायक मैच में हॉकी टीम ने मैच में बेहतरीन खेल दिखाकर मुश्किल स्थिति से बाहर निकली।,positive,sports,2
दबाव वाले मुकाबले में कप्तान ने सेट में जबरदस्त खेल दिखाकर लगातार अच्छा प्रदर्शन किया।,positive,sports,2
लंबे ब्रेक के बाद कप्तान का मुकाबला में कमजोर खेल टीम पर भारी पड़ा।,negative,sports,0
दबाव वाले मुकाबले में डिफेंडर ने सेमीफाइनल में लाजवाब खेल दिखाकर जीत दर्ज की।,positive,sports,2
यह निर्णय बेहद दुखदायी था।,negative,sentihin,0
भारतीय टीम ने लीग मैच में जबरदस्त प्रदर्शन करते हुए दबदबा कायम रखा।,positive,sports,2
घरेलू मैदान पर फॉरवर्ड सेमीफाइनल से पहले प्रशिक्षण कर रहा है।,neutral,sports,1
यह निर्णय बहुत निराशाजनक साबित हुआ।,negative,sentihin,0
इस मुकाबले में जोड़ी ने गेम में शानदार खेल दिखाकर महत्वपूर्ण योगदान दिया।,positive,sports,2
मैच आज आयोजित होगा और डिफेंडर इसमें हिस्सा लेगा।,neutral,sports,1
आज मेरे बच्चे ने पहली बार गिटार बजाया।,positive,sentihin,2
आज हॉकी टीम ने मैच में शानदार खेल दिखाकर लगातार अच्छा प्रदर्शन किया।,positive,sports,2
हॉकी टीम की फाइनल में निराशाजनक रणनीति काम नहीं आई।,negative,sports,0
इस मुकाबले में टेनिस स्टार का सेट में फीका खेल टीम पर भारी पड़ा।,negative,sports,0
इस मुकाबले में युवा शटलर ने फाइनल से पहले प्रशिक्षण पूरा किया।,neutral,sports,1
मुझे इस विषय में कोई खास भावना नहीं हुई।,neutral,sentihin,1
महत्वपूर्ण मौके पर कप्तान लीग मैच से पहले प्रशिक्षण कर रहा है।,neutral,sports,1
महत्वपूर्ण मौके पर खिलाड़ी का मैच में कमजोर खेल टीम पर भारी पड़ा।,negative,sports,0
यह योजना पूरी तरह विफल रही।,negative,sentihin,0
गेंदबाज पारी के लिए अगले दौर के लिए पहुंची।,neutral,sports,1
यह अवसर अत्यंत लाभकारी रहा।,positive,sentihin,2
लगातार तीसरे मैच में हॉकी टीम फाइनल से पहले प्रशिक्षण कर रहा है।,neutral,sports,1
प्लेऑफ प्रशंसकों के सामने आयोजित होगा और भारतीय टीम इसमें हिस्सा लेगा।,neutral,sports,1
वह सेवा बहुत उम्दा रही।,positive,sentihin,2
फाइनल लगातार तीसरे मैच में आयोजित होगा और गोलकीपर इसमें हिस्सा लेगा।,neutral,sports,1
लंबे ब्रेक के बाद युवा शटलर का मैच में निराश करने वाला खेल टीम पर भारी पड़ा।,negative,sports,0
चैंपियन ने सेट में लाजवाब प्रदर्शन करते हुए जीत दर्ज की।,positive,sports,2
रेडर ने लीग मैच में कमजोर प्रदर्शन किया और अपनी लय खो दी।,negative,sports,0
प्रशंसकों के सामने कप्तान ने सेमीफाइनल में जबरदस्त खेल दिखाकर मुश्किल स्थिति से बाहर निकली।,positive,sports,2
धाविका ने रेस में उत्कृष्ट प्रदर्शन करते हुए जीत दर्ज की।,positive,sports,2
घरेलू मैदान पर गेंदबाज का पारी में फीका खेल टीम पर भारी पड़ा।,negative,sports,0
घरेलू मैदान पर विकेटकीपर ने रन चेज में बेहतरीन तालमेल के साथ जीत हासिल की।,positive,sports,2
टूर्नामेंट के अहम चरण में डिफेंडर ने मैच में लाजवाब खेल दिखाकर मुश्किल स्थिति से बाहर निकली।,positive,sports,2
कल टूर्नामेंट का अगला चरण अगले सप्ताह शुरू होगा।,neutral,sports,1
लंबे ब्रेक के बाद चैंपियन ने गेम में उत्कृष्ट खेल दिखाकर दबदबा कायम रखा।,positive,sports,2
फाइनल आज आयोजित होगा और फॉरवर्ड इसमें हिस्सा लेगा।,neutral,sports,1
इस रेस्तरां में बहुत भीड़ थी।,negative,sentihin,0
लगातार तीसरे मैच में एथलीट इवेंट से पहले प्रशिक्षण कर रहा है।,neutral,sports,1
लंबे ब्रेक के बाद एथलीट इवेंट से पहले प्रशिक्षण कर रहा है।,neutral,sports,1
लगातार तीसरे मैच में फॉरवर्ड सेमीफाइनल से पहले प्रशिक्षण कर रहा है।,neutral,sports,1
जोड़ी मैच के लिए रणनीति पर चर्चा कर रही है।,neutral,sports,1
आज कप्तान ने फाइनल में बेहतरीन खेल दिखाकर दबदबा कायम रखा।,positive,sports,2
खिलाड़ी ने इवेंट के लिए तैयारी शुरू कर दी।,neutral,sports,1
आपका प्रेम हमेशा संबल देता है।,positive,sentihin,2
यह पल मेरे जीवन का सबसे खुशी का पल है।,positive,sentihin,2
दबाव वाले मुकाबले में डिफेंडर मुकाबला से पहले प्रशिक्षण कर रहा है।,neutral,sports,1
घरेलू मैदान पर भारतीय खिलाड़ी ने फाइनल में उत्कृष्ट खेल दिखाकर दबदबा कायम रखा।,positive,sports,2
जोड़ी सेट के लिए मैच के लिए रवाना हुई।,neutral,sports,1
घरेलू मैदान पर चैंपियन ने फाइनल में धमाकेदार खेल दिखाकर दबदबा कायम रखा।,positive,sports,2
मुझे इसमें कोई भावना उत्पन्न नहीं हुई।,neutral,sentihin,1
भारतीय टीम ने पारी में बेअसर प्रदर्शन किया और मुकाबला गंवा दिया।,negative,sports,0
कप्तान ने मैच में फीका प्रदर्शन किया और उम्मीदों पर खरी नहीं उतरी।,negative,sports,0
डिफेंडर ने सेमीफाइनल में असंगत प्रदर्शन किया और मुकाबला गंवा दिया।,negative,sports,0
महत्वपूर्ण मौके पर क्लब ने मैच में लाजवाब खेल दिखाकर जीत दर्ज की।,positive,sports,2
मुझे इसमें कोई आकर्षण महसूस नहीं हुआ।,neutral,sentihin,1
घरेलू मैदान पर गोलकीपर ने सेमीफाइनल में धमाकेदार खेल दिखाकर मुकाबला अपने नाम कर लिया।,positive,sports,2
दबाव वाले मुकाबले में फॉरवर्ड ने मुकाबला में बेहतरीन तालमेल के साथ जीत हासिल की।,positive,sports,2
प्रशंसकों के सामने युवा एथलीट का इवेंट में निराश करने वाला खेल टीम पर भारी पड़ा।,negative,sports,0
आपकी मदद से मेरा आत्मविश्वास लौट आया।,positive,sentihin,2
टूर्नामेंट के अहम चरण में गेंदबाज ने मैच में जबरदस्त खेल दिखाकर महत्वपूर्ण योगदान दिया।,positive,sports,2
फाइनल आज आयोजित होगा और गोलकीपर इसमें हिस्सा लेगा।,neutral,sports,1
लंबे ब्रेक के बाद कप्तान का मैच में खराब खेल टीम पर भारी पड़ा।,negative,sports,0
मैं इस विषय पर निष्पक्ष हूं।,neutral,sentihin,1
निर्णायक मैच में क्लब का लीग मैच में खराब खेल टीम पर भारी पड़ा।,negative,sports,0
टूर्नामेंट के अहम चरण में भारतीय टीम का फाइनल में बेअसर खेल टीम पर भारी पड़ा।,negative,sports,0
दबाव वाले मुकाबले में धाविका प्रतियोगिता से पहले प्रशिक्षण कर रहा है।,neutral,sports,1
आज फॉरवर्ड का मुकाबला में कमजोर खेल टीम पर भारी पड़ा।,negative,sports,0
टूर्नामेंट के अहम चरण में गोलकीपर का फाइनल में निराश करने वाला खेल टीम पर भारी पड़ा।,negative,sports,0
भारतीय टीम ने मुकाबला में लचर प्रदर्शन किया और महत्वपूर्ण मौका गंवाया।,negative,sports,0
इस मुद्दे पर कुछ भी स्पष्ट नहीं कहा जा सकता।,neutral,sentihin,1
भारतीय टीम प्लेऑफ के लिए रणनीति पर चर्चा कर रही है।,neutral,sports,1
आज डिफेंडर ने मैच में यादगार खेल दिखाकर जीत दर्ज की।,positive,sports,2
टूर्नामेंट के अहम चरण में हॉकी टीम ने सेमीफाइनल में धमाकेदार खेल दिखाकर जीत दर्ज की।,positive,sports,2
लगातार तीसरे मैच में कप्तान ने सेट में बेहतरीन खेल दिखाकर मुश्किल स्थिति से बाहर निकली।,positive,sports,2
यह सेवा बिल्कुल घटिया थी।,negative,sentihin,0
दबाव वाले मुकाबले में गोलकीपर ने मैच में लाजवाब खेल दिखाकर महत्वपूर्ण योगदान दिया।,positive,sports,2
इस मुकाबले में खिलाड़ी ने मैच में कमाल का खेल दिखाकर लगातार अच्छा प्रदर्शन किया।,positive,sports,2
आपकी यह सफलता मुझे अभिभूत करती है।,positive,sentihin,2
एथलीट ने दौड़ में यादगार प्रदर्शन करते हुए मुकाबला अपने नाम कर लिया।,positive,sports,2
खिलाड़ी ने सेट में खराब प्रदर्शन किया और दबाव में बिखर गई।,negative,sports,0
गेंदबाज दबाव के कारण कठिन मुकाबला में लय नहीं बना सका।,negative,sports,0
इस पर कोई अंतिम निष्कर्ष निकालना मेरे लिए संभव नहीं।,neutral,sentihin,1
घरेलू मैदान पर फॉरवर्ड का लीग मैच में निराश करने वाला खेल टीम पर भारी पड़ा।,negative,sports,0
लंबे ब्रेक के बाद भारतीय धावक रेस से पहले प्रशिक्षण कर रहा है।,neutral,sports,1
मुझे यह बात सामान्य लगी।,neutral,sentihin,1
फॉरवर्ड ने मुकाबला में खराब प्रदर्शन किया और बढ़त गंवा दी।,negative,sports,0
लगातार तीसरे मैच में टेनिस स्टार ने फाइनल में शानदार खेल दिखाकर महत्वपूर्ण योगदान दिया।,positive,sports,2
आज रेडर ने मैच में यादगार खेल दिखाकर शानदार वापसी की।,positive,sports,2
तुम्हारी सहनशीलता और विनम्रता से मैं प्रभावित हूं।,positive,sentihin,2
टूर्नामेंट के अहम चरण में गेंदबाज ने पारी से पहले प्रशिक्षण पूरा किया।,neutral,sports,1
टूर्नामेंट के अहम चरण में रेडर ने प्लेऑफ में कमाल का खेल दिखाकर जीत दर्ज की।,positive,sports,2
खिलाड़ी ने गेम में निराश करने वाला प्रदर्शन किया और लगातार गलतियां कीं।,negative,sports,0
यह फिल्म मनोरंजक थी,positive,sentihin,2
आज बल्लेबाज ने ओवर में धमाकेदार खेल दिखाकर महत्वपूर्ण योगदान दिया।,positive,sports,2
भारतीय शटलर ने सेट में निराश करने वाला प्रदर्शन किया और अपनी लय खो दी।,negative,sports,0
खिलाड़ी रेस के लिए अभ्यास सत्र में शामिल हुई।,neutral,sports,1
यह निर्णय मेरे लिए अस्वीकार्य था।,negative,sentihin,0
मुझे इसमें कोई अनुभव नजर नहीं आया।,neutral,sentihin,1
यह योजना बेकार रही।,negative,sentihin,0
भारत की टीम पारी के लिए अपनी अंतिम सूची तैयार कर रही है।,neutral,sports,1
निर्णायक मैच में खिलाड़ी ने मुकाबला से पहले प्रशिक्षण पूरा किया।,neutral,sports,1
प्रशंसकों के सामने डिफेंडर ने लीग मैच में बेहतरीन खेल दिखाकर मुकाबला अपने नाम कर लिया।,positive,sports,2
घरेलू मैदान पर धाविका का इवेंट में बेअसर खेल टीम पर भारी पड़ा।,negative,sports,0
मुकाबला लंबे ब्रेक के बाद आयोजित होगा और भारतीय शटलर इसमें हिस्सा लेगा।,neutral,sports,1
मुकाबला लंबे ब्रेक के बाद आयोजित होगा और भारतीय टीम इसमें हिस्सा लेगा।,neutral,sports,1
लंबे ब्रेक के बाद गेंदबाज पारी से पहले प्रशिक्षण कर रहा है।,neutral,sports,1
चैंपियन ने मैच में बेअसर प्रदर्शन किया और उम्मीदों पर खरी नहीं उतरी।,negative,sports,0
मुझे इस जगह से कोई शिकायत नहीं है,neutral,sentihin,1
एथलीट ने प्रतियोगिता में कमजोर खेल दिखाया और टीम को नुकसान हुआ।,negative,sports,0
निर्णायक मैच में भारतीय धावक का इवेंट में खराब खेल टीम पर भारी पड़ा।,negative,sports,0
गोलकीपर ने मुकाबला में फीका प्रदर्शन किया और उम्मीदों पर खरी नहीं उतरी।,negative,sports,0
यह घटना मेरे लिए निराशाजनक थी।,negative,sentihin,0
महत्वपूर्ण मौके पर कप्तान ने सेमीफाइनल में शानदार खेल दिखाकर जीत दर्ज की।,positive,sports,2
धाविका ने इवेंट में यादगार प्रदर्शन करते हुए मुश्किल स्थिति से बाहर निकली।,positive,sports,2
खिलाड़ी ने प्रतियोगिता में लचर प्रदर्शन किया और दबाव में बिखर गई।,negative,sports,0
टूर्नामेंट के अहम चरण में भारतीय धावक का प्रतियोगिता में खराब खेल टीम पर भारी पड़ा।,negative,sports,0
इस निर्णय पर मेरी कोई राय नहीं है।,neutral,sentihin,1
दबाव वाले मुकाबले में धाविका ने रेस में शानदार खेल दिखाकर मुकाबला अपने नाम कर लिया।,positive,sports,2
निर्णायक मैच में भारत ने सीरीज में यादगार खेल दिखाकर मुकाबला अपने नाम कर लिया।,positive,sports,2
लगातार तीसरे मैच में कप्तान फाइनल से पहले प्रशिक्षण कर रहा है।,neutral,sports,1
इस विषय पर मैं तटस्थ रहना पसंद करूंगा।,neutral,sentihin,1
इस मुकाबले में कप्तान ने लीग मैच में जबरदस्त खेल दिखाकर लगातार अच्छा प्रदर्शन किया।,positive,sports,2
घरेलू मैदान पर डिफेंडर का फाइनल में असंगत खेल टीम पर भारी पड़ा।,negative,sports,0
उसका व्यवहार बार बार मुझे अपमानित करता रहा।,negative,sentihin,0
आज मैंने अपनी पसंदीदा डिश खाई।,positive,sentihin,2
लगातार तीसरे मैच में एथलीट का प्रतियोगिता में निराश करने वाला खेल टीम पर भारी पड़ा।,negative,sports,0
इस मुकाबले में भारतीय टीम ने रन चेज में उत्कृष्ट खेल दिखाकर दबदबा कायम रखा।,positive,sports,2
कप्तान फाइनल के लिए अगले मुकाबले की तैयारी कर रही है।,neutral,sports,1
विकेटकीपर ने मैच के लिए तैयारी शुरू कर दी।,neutral,sports,1
मैच निर्णायक मैच में आयोजित होगा और गोलकीपर इसमें हिस्सा लेगा।,neutral,sports,1
लगातार तीसरे मैच में हॉकी टीम ने फाइनल में कमाल का खेल दिखाकर महत्वपूर्ण योगदान दिया।,positive,sports,2
फॉरवर्ड ने मुकाबला में फीका प्रदर्शन किया और लगातार गलतियां कीं।,negative,sports,0
भारतीय टीम ने मैच में लाजवाब प्रदर्शन करते हुए लगातार अच्छा प्रदर्शन किया।,positive,sports,2
आपका प्रोत्साहन हमेशा मनोबल बढ़ाता है।,positive,sentihin,2
भारतीय टीम ने पारी में लचर प्रदर्शन किया और दबाव में बिखर गई।,negative,sports,0
युवा एथलीट ने फाइनल में लचर प्रदर्शन किया और मुकाबला गंवा दिया।,negative,sports,0
महत्वपूर्ण मौके पर क्लब ने फाइनल में कमाल का खेल दिखाकर मुकाबला अपने नाम कर लिया।,positive,sports,2
मैं इस काम से बहुत तंग आ गया हूं।,negative,sentihin,0
महत्वपूर्ण मौके पर कप्तान ने सेट में शानदार खेल दिखाकर दबदबा कायम रखा।,positive,sports,2
भारतीय टीम की मुकाबला में कमजोर रणनीति काम नहीं आई।,negative,sports,0
मैच लगातार तीसरे मैच में आयोजित होगा और भारतीय शटलर इसमें हिस्सा लेगा।,neutral,sports,1
युवा एथलीट ने फाइनल में कमजोर प्रदर्शन किया और मुकाबला गंवा दिया।,negative,sports,0
मुझे यह स्थिति बहुत तटस्थ लगी।,neutral,sentihin,1
आज चैंपियन ने मैच में बेहतरीन तालमेल के साथ जीत हासिल की।,positive,sports,2
यह निर्णय मेरे लिए निराशाजनक रहा।,negative,sentihin,0
आपकी तारीफ से आत्मबल मिलता है।,positive,sentihin,2
बल्लेबाज अगले ओवर से पहले कोच के साथ बैठक करेगा।,neutral,sports,1
एथलीट ने रेस में बेअसर प्रदर्शन किया और बढ़त गंवा दी।,negative,sports,0
लंबे ब्रेक के बाद भारतीय धावक का इवेंट में असंगत खेल टीम पर भारी पड़ा।,negative,sports,0
इस प्रोजेक्ट में मेरी उम्मीदों पर पानी फिर गया।,negative,sentihin,0
यह फूलों का बगीचा बहुत मनमोहक है।,positive,sentihin,2
दबाव वाले मुकाबले में खिलाड़ी ने रेस में उत्कृष्ट खेल दिखाकर मुकाबला अपने नाम कर लिया।,positive,sports,2
हॉकी टीम ने फाइनल में निराश करने वाला प्रदर्शन किया और मुकाबला गंवा दिया।,negative,sports,0
एथलीट प्रतियोगिता के लिए मैच के लिए रवाना हुई।,neutral,sports,1
मुझे इसमें कोई विशेष आकर्षण नहीं लगा।,neutral,sentihin,1
मुझे वहाँ का व्यवहार अपमानजनक लगा।,negative,sentihin,0
प्रशंसकों के सामने युवा खिलाड़ी का मैच में बेअसर खेल टीम पर भारी पड़ा।,negative,sports,0
इस मुकाबले में जोड़ी ने गेम में यादगार खेल दिखाकर महत्वपूर्ण योगदान दिया।,positive,sports,2
इस विषय में कोई उत्सुकता नहीं है।,neutral,sentihin,1
दबाव वाले मुकाबले में डिफेंडर का लीग मैच में लचर खेल टीम पर भारी पड़ा।,negative,sports,0
आपकी सहायता ने इस काम को सफल बनाया।,positive,sentihin,2
भारतीय खिलाड़ी मैच के लिए अगले मुकाबले की तैयारी कर रही है।,neutral,sports,1
फॉरवर्ड ने सेमीफाइनल में जबरदस्त खेल दिखाया और टीम को जीत दिलाई।,positive,sports,2
युवा खिलाड़ी ने सेट में खराब प्रदर्शन किया और उम्मीदों पर खरी नहीं उतरी।,negative,sports,0
कप्तान ने मुकाबला में फीका प्रदर्शन किया और बढ़त गंवा दी।,negative,sports,0
टूर्नामेंट के अहम चरण में जोड़ी ने सेट से पहले प्रशिक्षण पूरा किया।,neutral,sports,1
भारतीय धावक रेस के लिए अगले दौर के लिए पहुंची।,neutral,sports,1
डिफेंडर ने फाइनल में असंगत प्रदर्शन किया और मुकाबला गंवा दिया।,negative,sports,0
खिलाड़ी ने मुकाबला में फीका प्रदर्शन किया और बढ़त गंवा दी।,negative,sports,0
मुझे इसका स्वाद पसंद नहीं आया,negative,sentihin,0
मैं इस उत्पाद की विशेषताओं से परिचित हूँ।,neutral,sentihin,1
प्रशंसकों के सामने गोलकीपर ने मुकाबला में लाजवाब खेल दिखाकर महत्वपूर्ण योगदान दिया।,positive,sports,2
निर्णायक मैच में हॉकी टीम का सेमीफाइनल में निराशाजनक खेल टीम पर भारी पड़ा।,negative,sports,0
इस होटल की कीमतें बहुत ज्यादा हैं।,negative,sentihin,0
मैं इस विषय पर मौन रहने को प्राथमिकता दूंगा।,neutral,sentihin,1
इस मुकाबले में एथलीट का फाइनल में असंगत खेल टीम पर भारी पड़ा।,negative,sports,0
आज बल्लेबाज ने पारी में कमाल का खेल दिखाकर मुश्किल स्थिति से बाहर निकली।,positive,sports,2
महत्वपूर्ण मौके पर भारतीय टीम ने सेमीफाइनल में बेहतरीन खेल दिखाकर मुश्किल स्थिति से बाहर निकली।,positive,sports,2
आज खिलाड़ी का क्वार्टरफाइनल में निराश करने वाला खेल टीम पर भारी पड़ा।,negative,sports,0
इस मुकाबले में हॉकी टीम ने लीग मैच में यादगार खेल दिखाकर महत्वपूर्ण योगदान दिया।,positive,sports,2
आपके विचार बहुत प्रेरणादायक हैं।,positive,sentihin,2
महत्वपूर्ण मौके पर भारत ने पारी में जबरदस्त खेल दिखाकर शानदार वापसी की।,positive,sports,2
टूर्नामेंट के अहम चरण में गोलकीपर का सेमीफाइनल में कमजोर खेल टीम पर भारी पड़ा।,negative,sports,0
धाविका रेस के लिए मैच के लिए रवाना हुई।,neutral,sports,1
घरेलू मैदान पर भारतीय खिलाड़ी ने क्वार्टरफाइनल में लाजवाब खेल दिखाकर लगातार अच्छा प्रदर्शन किया।,positive,sports,2
प्रशंसकों के सामने विकेटकीपर रन चेज से पहले प्रशिक्षण कर रहा है।,neutral,sports,1
निर्णायक मैच में फॉरवर्ड ने मैच में धमाकेदार खेल दिखाकर मुश्किल स्थिति से बाहर निकली।,positive,sports,2
घरेलू मैदान पर चैंपियन ने मैच में बेहतरीन खेल दिखाकर शानदार वापसी की।,positive,sports,2
मैच लंबे ब्रेक के बाद आयोजित होगा और फॉरवर्ड इसमें हिस्सा लेगा।,neutral,sports,1
युवा शटलर सेट के लिए प्रशिक्षण जारी रखे हुए है।,neutral,sports,1
लगातार तीसरे मैच में भारतीय टीम ने सेमीफाइनल में यादगार खेल दिखाकर लगातार अच्छा प्रदर्शन किया।,positive,sports,2
प्रशंसकों के सामने खिलाड़ी ने लीग मैच में कमाल का खेल दिखाकर मुश्किल स्थिति से बाहर निकली।,positive,sports,2
निर्णायक मैच में भारतीय खिलाड़ी ने सेट में जबरदस्त खेल दिखाकर शानदार वापसी की।,positive,sports,2
भारतीय टीम ने रन चेज में निराशाजनक प्रदर्शन किया और बढ़त गंवा दी।,negative,sports,0
फॉरवर्ड ने लीग मैच में असंगत प्रदर्शन किया और बढ़त गंवा दी।,negative,sports,0
आज भारतीय धावक ने फाइनल में यादगार खेल दिखाकर महत्वपूर्ण योगदान दिया।,positive,sports,2
लगातार तीसरे मैच में भारतीय खिलाड़ी ने क्वार्टरफाइनल से पहले प्रशिक्षण पूरा किया।,neutral,sports,1
आपकी सहायता अमूल्य है।,positive,sentihin,2
Kal Players pressure mein bikhar gaye,negative,sports,0
घरेलू मैदान पर विकेटकीपर ने मुकाबला में कमाल का खेल दिखाकर मुकाबला अपने नाम कर लिया।,positive,sports,2
निर्णायक मैच में फॉरवर्ड ने मुकाबला में धमाकेदार खेल दिखाकर महत्वपूर्ण योगदान दिया।,positive,sports,2
आपका उत्साह प्रेरणादायक है।,positive,sentihin,2
महत्वपूर्ण मौके पर कप्तान ने मुकाबला में यादगार खेल दिखाकर मुकाबला अपने नाम कर लिया।,positive,sports,2
Match se pehle Team ne pressure mein solid finish kiya,positive,sports,2
प्रतियोगिता लंबे ब्रेक के बाद आयोजित होगा और भारतीय धावक इसमें हिस्सा लेगा।,neutral,sports,1
यह निर्णय मेरे लिए हानिकारक साबित हुआ।,negative,sentihin,0
खिलाड़ी ने मैच में असंगत प्रदर्शन किया और मुकाबला गंवा दिया।,negative,sports,0
लगातार तीसरे मैच में गोलकीपर ने सेमीफाइनल में बेहतरीन खेल दिखाकर मुश्किल स्थिति से बाहर निकली।,positive,sports,2
इस मुकाबले में भारतीय खिलाड़ी ने क्वार्टरफाइनल से पहले प्रशिक्षण पूरा किया।,neutral,sports,1
मुकाबला लंबे ब्रेक के बाद आयोजित होगा और विकेटकीपर इसमें हिस्सा लेगा।,neutral,sports,1
आज भारतीय खिलाड़ी ने मुकाबला में कमाल का खेल दिखाकर महत्वपूर्ण योगदान दिया।,positive,sports,2
मुझे इसकी जानकारी नहीं है,neutral,sentihin,1
रेडर ने लीग मैच में शानदार खेल दिखाया और टीम को जीत दिलाई।,positive,sports,2
यह होटल बहुत महंगा है।,negative,sentihin,0
महत्वपूर्ण मौके पर क्लब का मैच में फीका खेल टीम पर भारी पड़ा।,negative,sports,0
गोलकीपर ने लीग मैच में निराश करने वाला प्रदर्शन किया और लगातार गलतियां कीं।,negative,sports,0
महत्वपूर्ण मौके पर गोलकीपर का फाइनल में बेअसर खेल टीम पर भारी पड़ा।,negative,sports,0
वह यात्रा सुखद और अविस्मरणीय रही।,positive,sentihin,2
लंबे ब्रेक के बाद बल्लेबाज ने ओवर में जबरदस्त खेल दिखाकर दबदबा कायम रखा।,positive,sports,2
लगातार तीसरे मैच में टेनिस स्टार ने मैच में धमाकेदार खेल दिखाकर दबदबा कायम रखा।,positive,sports,2
प्रशंसकों के सामने खिलाड़ी ने दौड़ में लाजवाब खेल दिखाकर लगातार अच्छा प्रदर्शन किया।,positive,sports,2
लगातार तीसरे मैच में डिफेंडर का मुकाबला में कमजोर खेल टीम पर भारी पड़ा।,negative,sports,0
लगातार तीसरे मैच में भारतीय शटलर ने फाइनल से पहले प्रशिक्षण पूरा किया।,neutral,sports,1
लंबे ब्रेक के बाद भारतीय धावक फाइनल से पहले प्रशिक्षण कर रहा है।,neutral,sports,1
मुझे इस पर कोई टिप्पणी नहीं करनी।,neutral,sentihin,1
टूर्नामेंट के अहम चरण में खिलाड़ी ने गेम में उत्कृष्ट खेल दिखाकर जीत दर्ज की।,positive,sports,2
रेडर फाइनल के लिए अगले दौर के लिए पहुंची।,neutral,sports,1
चैंपियन ने मुकाबला में कमजोर प्रदर्शन किया और बढ़त गंवा दी।,negative,sports,0
युवा शटलर ने मैच में फीका प्रदर्शन किया और महत्वपूर्ण मौका गंवाया।,negative,sports,0
आज विकेटकीपर ने ओवर से पहले प्रशिक्षण पूरा किया।,neutral,sports,1
आज कप्तान ने सेमीफाइनल में यादगार खेल दिखाकर दबदबा कायम रखा।,positive,sports,2
मुझे इसमें कोई रुचि नहीं है,neutral,sentihin,1
इस मुकाबले में कप्तान ने सेट में बेहतरीन तालमेल के साथ जीत हासिल की।,positive,sports,2
निर्णायक मैच में युवा खिलाड़ी ने मुकाबला में शानदार खेल दिखाकर दबदबा कायम रखा।,positive,sports,2
आज बल्लेबाज ने ओवर से पहले प्रशिक्षण पूरा किया।,neutral,sports,1
टूर्नामेंट के अहम चरण में धाविका का प्रतियोगिता में लचर खेल टीम पर भारी पड़ा।,negative,sports,0
लगातार तीसरे मैच में गेंदबाज ने सीरीज में बेहतरीन खेल दिखाकर मुकाबला अपने नाम कर लिया।,positive,sports,2
युवा शटलर मुकाबला के लिए प्रशिक्षण जारी रखे हुए है।,neutral,sports,1
यह सेवा एकदम बेकार साबित हुई।,negative,sentihin,0
दबाव वाले मुकाबले में भारतीय खिलाड़ी का मुकाबला में निराशाजनक खेल टीम पर भारी पड़ा।,negative,sports,0
लगातार तीसरे मैच में एथलीट ने रेस में लाजवाब खेल दिखाकर महत्वपूर्ण योगदान दिया।,positive,sports,2
इस पर राय देने से मैं बचना चाहूंगा।,neutral,sentihin,1
खिलाड़ी ने दौड़ में बेहतरीन खेल दिखाया और टीम को जीत दिलाई।,positive,sports,2
प्रशंसकों के सामने भारतीय टीम का मुकाबला में निराश करने वाला खेल टीम पर भारी पड़ा।,negative,sports,0
निर्णायक मैच में धाविका ने रेस में उत्कृष्ट खेल दिखाकर महत्वपूर्ण योगदान दिया।,positive,sports,2
वह सेवा समय पर और उत्तम रही।,positive,sentihin,2
महत्वपूर्ण मौके पर भारतीय टीम ने लीग मैच में कमाल का खेल दिखाकर महत्वपूर्ण योगदान दिया।,positive,sports,2
कप्तान ने मैच में शानदार प्रदर्शन करते हुए मुकाबला अपने नाम कर लिया।,positive,sports,2
निर्णायक मैच में भारतीय टीम फाइनल से पहले प्रशिक्षण कर रहा है।,neutral,sports,1
आज चैंपियन ने फाइनल से पहले प्रशिक्षण पूरा किया।,neutral,sports,1
निर्णायक मैच में रेडर का प्लेऑफ में कमजोर खेल टीम पर भारी पड़ा।,negative,sports,0
घरेलू मैदान पर खिलाड़ी फाइनल से पहले प्रशिक्षण कर रहा है।,neutral,sports,1
घरेलू मैदान पर युवा शटलर ने गेम में कमाल का खेल दिखाकर लगातार अच्छा प्रदर्शन किया।,positive,sports,2
चैंपियन की मैच में बेअसर रणनीति काम नहीं आई।,negative,sports,0
आपका सहयोग हमेशा याद रहेगा।,positive,sentihin,2
भारतीय टीम ने सीरीज में निराश करने वाला खेल दिखाया और टीम को नुकसान हुआ।,negative,sports,0
लगातार तीसरे मैच में फॉरवर्ड ने मुकाबला में उत्कृष्ट खेल दिखाकर मुश्किल स्थिति से बाहर निकली।,positive,sports,2
काम में लगातार बाधाएं आ रही हैं।,negative,sentihin,0
इस योजना से मुझे आशा से ज्यादा लाभ हुआ।,positive,sentihin,2
इस विषय पर किसी भी निष्कर्ष पर पहुँचना मुश्किल लग रहा है।,neutral,sentihin,1
आज भारतीय टीम ने फाइनल में धमाकेदार खेल दिखाकर लगातार अच्छा प्रदर्शन किया।,positive,sports,2
लगातार तीसरे मैच में खिलाड़ी ने मुकाबला में लाजवाब खेल दिखाकर मुकाबला अपने नाम कर लिया।,positive,sports,2
यह योजना असफल साबित हुई।,negative,sentihin,0
युवा एथलीट ने इवेंट के लिए तैयारी शुरू कर दी।,neutral,sports,1
मुझे वहाँ की सेवा संतोषजनक नहीं लगी।,negative,sentihin,0
दबाव वाले मुकाबले में फॉरवर्ड ने सेमीफाइनल में शानदार खेल दिखाकर लगातार अच्छा प्रदर्शन किया।,positive,sports,2
इस मुकाबले में कप्तान का लीग मैच में लचर खेल टीम पर भारी पड़ा।,negative,sports,0
भारतीय टीम ने कठिन फाइनल में धैर्य रखते हुए सफलता हासिल की।,positive,sports,2
इस सेवा से मुझे बहुत फायदा हुआ,positive,sentihin,2
निर्णायक मैच में खिलाड़ी ने प्रतियोगिता में बेहतरीन खेल दिखाकर जीत दर्ज की।,positive,sports,2
टूर्नामेंट के अहम चरण में फॉरवर्ड लीग मैच से पहले प्रशिक्षण कर रहा है।,neutral,sports,1
फाइनल निर्णायक मैच में आयोजित होगा और जोड़ी इसमें हिस्सा लेगा।,neutral,sports,1
इस मुकाबले में कप्तान ने क्वार्टरफाइनल में उत्कृष्ट खेल दिखाकर मुश्किल स्थिति से बाहर निकली।,positive,sports,2
भारतीय शटलर ने गेम में कमजोर प्रदर्शन किया और लगातार गलतियां कीं।,negative,sports,0
इस मुकाबले में भारतीय टीम ने फाइनल में लाजवाब खेल दिखाकर दबदबा कायम रखा।,positive,sports,2
आज मेरे दोस्त ने मुझे एक अच्छा सरप्राइज दिया।,positive,sentihin,2
लंबे ब्रेक के बाद विकेटकीपर ने ओवर में शानदार खेल दिखाकर मुश्किल स्थिति से बाहर निकली।,positive,sports,2
निर्णायक मैच में फॉरवर्ड का सेमीफाइनल में निराश करने वाला खेल टीम पर भारी पड़ा।,negative,sports,0
निर्णायक मैच में चैंपियन फाइनल से पहले प्रशिक्षण कर रहा है।,neutral,sports,1
लगातार तीसरे मैच में गोलकीपर का फाइनल में निराश करने वाला खेल टीम पर भारी पड़ा।,negative,sports,0
घरेलू मैदान पर युवा खिलाड़ी ने सेट में जबरदस्त खेल दिखाकर मुकाबला अपने नाम कर लिया।,positive,sports,2
प्रशंसकों के सामने क्लब का सेमीफाइनल में असंगत खेल टीम पर भारी पड़ा।,negative,sports,0
इस मुकाबले में खिलाड़ी का प्रतियोगिता में निराश करने वाला खेल टीम पर भारी पड़ा।,negative,sports,0
एथलीट ने फाइनल में निराशाजनक प्रदर्शन किया और अपनी लय खो दी।,negative,sports,0
लगातार तीसरे मैच में भारतीय टीम ने लीग मैच से पहले प्रशिक्षण पूरा किया।,neutral,sports,1
लंबे ब्रेक के बाद हॉकी टीम ने सेमीफाइनल में धमाकेदार खेल दिखाकर मुश्किल स्थिति से बाहर निकली।,positive,sports,2
प्रशंसकों के सामने रेडर का प्लेऑफ में निराशाजनक खेल टीम पर भारी पड़ा।,negative,sports,0
आज भारतीय टीम का मैच में फीका खेल टीम पर भारी पड़ा।,negative,sports,0
लगातार तीसरे मैच में विकेटकीपर ने मुकाबला में कई आसान मौके गंवाए।,negative,sports,0
यह खबर सामान्य लग रही है।,neutral,sentihin,1
आज टेनिस स्टार ने फाइनल में कमाल का खेल दिखाकर महत्वपूर्ण योगदान दिया।,positive,sports,2
प्रशंसकों के सामने बल्लेबाज ने पारी में धमाकेदार खेल दिखाकर जीत दर्ज की।,positive,sports,2
दबाव वाले मुकाबले में चैंपियन का मुकाबला में कमजोर खेल टीम पर भारी पड़ा।,negative,sports,0
मुकाबला आज आयोजित होगा और फॉरवर्ड इसमें हिस्सा लेगा।,neutral,sports,1
युवा खिलाड़ी ने फाइनल में असंगत प्रदर्शन किया और मुकाबला गंवा दिया।,negative,sports,0
लगातार तीसरे मैच में खिलाड़ी का मुकाबला में खराब खेल टीम पर भारी पड़ा।,negative,sports,0
यह कार्यक्रम उबाऊ था,negative,sentihin,0
मुझे यह सेवा बिल्कुल पसंद नहीं आई।,negative,sentihin,0
उसकी बातें इतनी तीखी थीं कि सुनना मुश्किल था।,negative,sentihin,0
टूर्नामेंट के अहम चरण में खिलाड़ी का मैच में निराश करने वाला खेल टीम पर भारी पड़ा।,negative,sports,0
इस मुकाबले में खिलाड़ी ने रेस से पहले प्रशिक्षण पूरा किया।,neutral,sports,1
मुझे यह परिस्थिति बहुत कष्टकारी लग रही है।,negative,sentihin,0
घरेलू मैदान पर युवा एथलीट प्रतियोगिता से पहले प्रशिक्षण कर रहा है।,neutral,sports,1
लंबे ब्रेक के बाद गोलकीपर का लीग मैच में खराब खेल टीम पर भारी पड़ा।,negative,sports,0
निर्णायक मैच में कप्तान ने सेट से पहले प्रशिक्षण पूरा किया।,neutral,sports,1
प्रतियोगिता टूर्नामेंट के अहम चरण में आयोजित होगा और एथलीट इसमें हिस्सा लेगा।,neutral,sports,1
भारतीय शटलर ने गेम में उत्कृष्ट खेल दिखाया और टीम को जीत दिलाई।,positive,sports,2
भारतीय टीम फाइनल के लिए अगले मुकाबले की तैयारी कर रही है।,neutral,sports,1
महत्वपूर्ण मौके पर क्लब ने मैच में शानदार खेल दिखाकर लगातार अच्छा प्रदर्शन किया।,positive,sports,2
आज टीम ने जीत का सुनहरा मौका गंवा दिया।,negative,sports,0
यह निर्णय बेहद असफल रहा।,negative,sentihin,0
गोलकीपर ने लीग मैच में लचर प्रदर्शन किया और उम्मीदों पर खरी नहीं उतरी।,negative,sports,0
लंबे ब्रेक के बाद कप्तान ने सेमीफाइनल में जबरदस्त खेल दिखाकर लगातार अच्छा प्रदर्शन किया।,positive,sports,2
आज जोड़ी मैच से पहले प्रशिक्षण कर रहा है।,neutral,sports,1
गेंदबाज के पारी में बेहतरीन प्रदर्शन से टीम को फायदा हुआ।,positive,sports,2
लंबे ब्रेक के बाद भारतीय टीम लीग मैच से पहले प्रशिक्षण कर रहा है।,neutral,sports,1
यहां का वातावरण काफी सुकूनदायक है,positive,sentihin,2
वह फिल्म बहुत ही रोचक थी।,positive,sentihin,2
इस मुकाबले में खिलाड़ी ने क्वार्टरफाइनल से पहले प्रशिक्षण पूरा किया।,neutral,sports,1
दबाव वाले मुकाबले में धाविका का प्रतियोगिता में निराशाजनक खेल टीम पर भारी पड़ा।,negative,sports,0
मैच महत्वपूर्ण मौके पर आयोजित होगा और क्लब इसमें हिस्सा लेगा।,neutral,sports,1
मैं इस काम से तंग आ गया हूं।,negative,sentihin,0
दबाव वाले मुकाबले में टेनिस स्टार का फाइनल में लचर खेल टीम पर भारी पड़ा।,negative,sports,0
आपके विचार बहुत ही प्रेरक हैं।,positive,sentihin,2
निर्णायक मैच में हॉकी टीम सेमीफाइनल से पहले प्रशिक्षण कर रहा है।,neutral,sports,1
लगातार तीसरे मैच में खिलाड़ी का फाइनल में लचर खेल टीम पर भारी पड़ा।,negative,sports,0
कप्तान ने मैच में फीका प्रदर्शन किया और महत्वपूर्ण मौका गंवाया।,negative,sports,0
फॉरवर्ड की मुकाबला में असंगत रणनीति काम नहीं आई।,negative,sports,0
हॉकी टीम ने फाइनल के लिए तैयारी शुरू कर दी।,neutral,sports,1
दबाव वाले मुकाबले में एथलीट ने इवेंट में धमाकेदार खेल दिखाकर महत्वपूर्ण योगदान दिया।,positive,sports,2
यह अनुभव इतना बुरा था कि मैं किसी को नहीं बताना चाहूंगा।,negative,sentihin,0
भारतीय धावक ने प्रतियोगिता में लचर प्रदर्शन किया और मुकाबला गंवा दिया।,negative,sports,0
निर्णायक मैच में डिफेंडर ने फाइनल में लाजवाब खेल दिखाकर लगातार अच्छा प्रदर्शन किया।,positive,sports,2
टूर्नामेंट के अहम चरण में जोड़ी फाइनल से पहले प्रशिक्षण कर रहा है।,neutral,sports,1
आज गोलकीपर ने लीग मैच में यादगार खेल दिखाकर लगातार अच्छा प्रदर्शन किया।,positive,sports,2
सेट लंबे ब्रेक के बाद आयोजित होगा और युवा शटलर इसमें हिस्सा लेगा।,neutral,sports,1
इस प्रयास ने मेरे आत्मविश्वास को बढ़ाया।,positive,sentihin,2
लगातार तीसरे मैच में एथलीट का रेस में कमजोर खेल टीम पर भारी पड़ा।,negative,sports,0
दबाव वाले मुकाबले में कप्तान ने लीग मैच में बेहतरीन खेल दिखाकर मुश्किल स्थिति से बाहर निकली।,positive,sports,2
उसका बर्ताव किसी को भी दुखी कर सकता था।,negative,sentihin,0
सेमीफाइनल निर्णायक मैच में आयोजित होगा और डिफेंडर इसमें हिस्सा लेगा।,neutral,sports,1
भारतीय धावक ने दौड़ में धमाकेदार प्रदर्शन करते हुए महत्वपूर्ण योगदान दिया।,positive,sports,2
आज धाविका का प्रतियोगिता में खराब खेल टीम पर भारी पड़ा।,negative,sports,0
फाइनल टूर्नामेंट के अहम चरण में आयोजित होगा और भारतीय धावक इसमें हिस्सा लेगा।,neutral,sports,1
खिलाड़ी ने फाइनल में निराशाजनक प्रदर्शन किया और मुकाबला गंवा दिया।,negative,sports,0
प्रशंसकों के सामने हॉकी टीम का मुकाबला में फीका खेल टीम पर भारी पड़ा।,negative,sports,0
महत्वपूर्ण मौके पर गोलकीपर लीग मैच से पहले प्रशिक्षण कर रहा है।,neutral,sports,1
हॉकी टीम अगले फाइनल से पहले कोच के साथ बैठक करेगा।,neutral,sports,1
महत्वपूर्ण मौके पर कप्तान का मुकाबला में खराब खेल टीम पर भारी पड़ा।,negative,sports,0
घरेलू मैदान पर भारतीय टीम सेमीफाइनल से पहले प्रशिक्षण कर रहा है।,neutral,sports,1
यह सेवा एकदम खराब थी और भरोसे के लायक नहीं।,negative,sentihin,0
घरेलू मैदान पर बल्लेबाज ने ओवर में यादगार खेल दिखाकर महत्वपूर्ण योगदान दिया।,positive,sports,2
भारतीय शटलर मैच के लिए मैच के लिए रवाना हुई।,neutral,sports,1
लीग मैच इस मुकाबले में आयोजित होगा और खिलाड़ी इसमें हिस्सा लेगा।,neutral,sports,1
लगातार तीसरे मैच में विकेटकीपर ने पारी में उत्कृष्ट खेल दिखाकर लगातार अच्छा प्रदर्शन किया।,positive,sports,2
प्रशंसकों के सामने युवा एथलीट इवेंट से पहले प्रशिक्षण कर रहा है।,neutral,sports,1
मैं दफ्तर जाता हूं।,neutral,sentihin,1
इस मुकाबले में डिफेंडर ने लीग मैच में धमाकेदार खेल दिखाकर शानदार वापसी की।,positive,sports,2
घरेलू मैदान पर युवा एथलीट ने रेस में बेहतरीन खेल दिखाकर जीत दर्ज की।,positive,sports,2
लंबे ब्रेक के बाद भारतीय टीम ने फाइनल में कमाल का खेल दिखाकर मुकाबला अपने नाम कर लिया।,positive,sports,2
घरेलू मैदान पर भारतीय खिलाड़ी का सेट में फीका खेल टीम पर भारी पड़ा।,negative,sports,0
मुकाबला महत्वपूर्ण मौके पर आयोजित होगा और भारतीय खिलाड़ी इसमें हिस्सा लेगा।,neutral,sports,1
उसका व्यवहार अशिष्ट था।,negative,sentihin,0
कप्तान की टीम प्लेऑफ के लिए अपनी अंतिम सूची तैयार कर रही है।,neutral,sports,1
निर्णायक मैच में भारतीय शटलर सेट से पहले प्रशिक्षण कर रहा है।,neutral,sports,1
मुझे यह महक पसंद नहीं है।,negative,sentihin,0
उसका बेरुखी से किया व्यवहार बहुत दुखदायी था।,negative,sentihin,0
घरेलू मैदान पर भारतीय टीम ने फाइनल में धमाकेदार खेल दिखाकर महत्वपूर्ण योगदान दिया।,positive,sports,2
प्रशंसकों के सामने धाविका ने रेस में लाजवाब खेल दिखाकर शानदार वापसी की।,positive,sports,2
महत्वपूर्ण मौके पर भारतीय शटलर ने सेट में धमाकेदार खेल दिखाकर मुकाबला अपने नाम कर लिया।,positive,sports,2
मुझे इस विषय में कोई रुचि नहीं है।,neutral,sentihin,1
घरेलू मैदान पर भारतीय खिलाड़ी ने मैच में शानदार खेल दिखाकर जीत दर्ज की।,positive,sports,2
इस मुकाबले में एथलीट ने दौड़ में यादगार खेल दिखाकर जीत दर्ज की।,positive,sports,2
महत्वपूर्ण मौके पर खिलाड़ी ने क्वार्टरफाइनल में धमाकेदार खेल दिखाकर मुश्किल स्थिति से बाहर निकली।,positive,sports,2
क्लब ने सेमीफाइनल में उत्कृष्ट खेल दिखाया और टीम को जीत दिलाई।,positive,sports,2
युवा खिलाड़ी मुकाबला के लिए प्रशिक्षण जारी रखे हुए है।,neutral,sports,1
प्रशंसकों के सामने खिलाड़ी ने मैच से पहले प्रशिक्षण पूरा किया।,neutral,sports,1
तुम्हारी मुस्कान से हर परेशानी छोटी लगने लगती है।,positive,sentihin,2
तुम्हारे शब्दों में जो सच्चाई है वह सीधे दिल को छू जाती है।,positive,sentihin,2
निर्णायक मैच में भारतीय खिलाड़ी का फाइनल में फीका खेल टीम पर भारी पड़ा।,negative,sports,0
