comment_id,video_id,topic,sentiment,label,split
UgwPaXEQRt3WAQ0ZiEN4AaABAg,6N6P_vOYKGk,एमएस धोनी,Negative,0,train
UgyflCYTJfvcFZJkZxJ4AaABAg,HucIqi8Lw3E,पीवी सिंधु बैडमिंटन,Negative,0,train
Ugx-DAfX9eOKoXoAi4N4AaABAg,e9zG2ooGDfc,विराट कोहली,Positive,2,train
UgyNY35yVbg4SAc0-NV4AaABAg,FUPfVqR5Hys,रोहित शर्मा,Positive,2,train
UgxmZ6BjF84QuM4yP-x4AaABAg,FwW1nVvr_B8,विराट कोहली,Neutral,1,train
Ugzda1Q8fjSOn9hZgtV4AaABAg,5iasPyNE1UA,नीरज चोपड़ा,Positive,2,train
UgxN8dTs8XF3lUhx6jZ4AaABAg,VLmkv3PLjlc,रोहित शर्मा,Negative,0,train
UgybxANP5SS-g9Ha8vF4AaABAg,cgTIgkM2iyI,टीम इंडिया जीत,Negative,0,train
UgylT4Y394_HUwHwtFl4AaABAg,Cd2ZiwMgGzo,एमएस धोनी,Positive,2,train
UgzYQld_4Wdqoz9cOqh4AaABAg,e9zG2ooGDfc,विराट कोहली,Negative,0,train
UgwB68ys11Vab6Atykd4AaABAg,Fq6mlKQPpAM,नीरज चोपड़ा,Positive,2,train
UgwCN4GEQ5egTfd9AkN4AaABAg,B9Qnxe_GcTg,एशिया कप हिंदी,Positive,2,train
UgxRMwsOtSdLj2J11sJ4AaABAg,HheJON-C7Rs,शुभमन गिल,Negative,0,train
Ugxb8S5dRvBuuVXMNJd4AaABAg,eHHRTfEOCSk,विराट कोहली,Neutral,1,train
UgzPPgXYT1XJLTi76YZ4AaABAg,22oHUsHvR7U,ओलंपिक भारत हिंदी,Positive,2,train
UgxFPWs29FJvmCvf7Ql4AaABAg,7Yt5Xpnvl6s,खेल समाचार हिंदी,Negative,0,train
UgzL4SlVkufJZvkAMS94AaABAg,DhxtvDzaBg0,टीम इंडिया हार,Negative,0,train
UgwShDaH6q-bLRm2DGl4AaABAg,hHfPkMCbSh8,एमएस धोनी,Neutral,1,train
UgyuNHWBCLQoy9cb31N4AaABAg,vdNrPdeEuYQ,क्रिकेट हाइलाइट्स हिंदी,Negative,0,train
UgwBv--V6YqUF-byR3B4AaABAg,cgTIgkM2iyI,टीम इंडिया जीत,Positive,2,train
Ugx76BLxafrLxHiN4BZ4AaABAg,CVRuytf_zm8,नीरज चोपड़ा,Neutral,1,train
Ugxx4Z98SlCfvTEkJzl4AaABAg,LDwhd2nI1eA,ओलंपिक भारत हिंदी,Positive,2,train
UgzccCgZiPFSe76MPH14AaABAg,TRtlo-1sKSU,टीम इंडिया हार,Negative,0,train
Ugys6ROLIPe6fmfak7p4AaABAg,nFxie8HZvyk,शुभमन गिल,Negative,0,train
UgwWruHxbe8mOubmEht4AaABAg,FUPfVqR5Hys,रोहित शर्मा,Negative,0,train
UgzKdjfY1fYMhTdlZel4AaABAg,FR2SkETgQ0o,विनेश फोगाट कुश्ती,Neutral,1,train
UgyuKK98-5ouXfLXvk54AaABAg,A-kbmFiCMUI,आईपीएल हाइलाइट्स हिंदी,Positive,2,train
UgxxP--os77UhblEYR14AaABAg,0xI6LADDw3A,टीम इंडिया हार,Positive,2,train
UgzgMzF_iwN4LrZJdRZ4AaABAg,HNXhdo5j914,वर्ल्ड कप क्रिकेट हिंदी,Negative,0,train
UgyuM5qzk700HDK3S694AaABAg,6vlujRLmTjM,विनेश फोगाट कुश्ती,Positive,2,train
Ugx1fFDDrAyIEZMu2ah4AaABAg,VLmkv3PLjlc,रोहित शर्मा,Negative,0,train
Ugya6PEndK2xu9fC3Bt4AaABAg,mYivERVT1-g,टीम इंडिया हार,Negative,0,train
UgxYvxrOWTI-_9aZDTJ4AaABAg,ReVTGCbDzfw,टीम इंडिया जीत,Positive,2,train
Ugw7ASBmGHeH141tjvl4AaABAg,oG_9wSDdcFM,एमएस धोनी,Negative,0,train
Ugz8b5aCPxPtUwIlG6d4AaABAg,fpmSOInFj4A,नीरज चोपड़ा,Positive,2,train
UgyNF4eQrXHOyjoCWu54AaABAg,X4OB4-Itx8E,विनेश फोगाट कुश्ती,Negative,0,train
UgxdsjOt8SJA3qCqfiJ4AaABAg,0xI6LADDw3A,टीम इंडिया हार,Positive,2,train
UgyiMo_qV0RauJZ2w_N4AaABAg,Ustiji6bVus,ओलंपिक भारत हिंदी,Negative,0,train
UgyJpB9QvNpjNCzt2314AaABAg,fvveJ66s0wg,भारत बनाम पाकिस्तान क्रिकेट,Positive,2,train
UgzaUsx2J8wsuizBult4AaABAg,cgTIgkM2iyI,टीम इंडिया जीत,Positive,2,train
UgxMxK28VJzqz1zX5sd4AaABAg,oZUpj8GYbIY,प्रो कबड्डी,Positive,2,train
UgwVMFsulkhiMElKHFh4AaABAg,fHigVOpnyag,हॉकी इंडिया,Positive,2,train
UgytP0b92OaIxRmsQvl4AaABAg,ri8TryiW6iQ,पीवी सिंधु बैडमिंटन,Positive,2,train
Ugx2Fpk4sucEEg4WtSF4AaABAg,0cz5ryoqeK8,ओलंपिक भारत हिंदी,Positive,2,train
UgxLFwx81MQg2S_Q5C54AaABAg,vXsioE-C9wM,खेल समाचार हिंदी,Neutral,1,train
UgwFIcPv_3BJx5zKSSt4AaABAg,WIIvp8MWfCg,हॉकी इंडिया,Negative,0,train
UgzqaVDztUgWbni74HF4AaABAg,VRNVxhlPvBE,एमएस धोनी,Neutral,1,train
UgzSw5-R3hE5kRrDKyR4AaABAg,fzOVeNcFT3Q,भारत बनाम पाकिस्तान क्रिकेट,Negative,0,train
UgxcXnhEtDfX4y4iq6x4AaABAg,ScarZQuyaLM,क्रिकेट हाइलाइट्स हिंदी,Neutral,1,train
UgycC3pCF7Y5t79fFFJ4AaABAg,MUPrf3FIq3g,एमएस धोनी,Neutral,1,train
UgzthrciEt-t60_SYEB4AaABAg,cgTIgkM2iyI,टीम इंडिया जीत,Neutral,1,train
UgwNyT5m3Sw9iiZpTYF4AaABAg,mo4X4Q4L3kU,नीरज चोपड़ा,Positive,2,train
UgwuR7jB3QGf411vzlB4AaABAg,j0GPS4-Hzjs,टीम इंडिया हार,Negative,0,train
Ugwo53DLtQiBiK8vth14AaABAg,RiFzSORKO8o,खेल समाचार हिंदी,Neutral,1,train
UgwdSEoJ0bUpJMzIfgJ4AaABAg,X4OB4-Itx8E,विनेश फोगाट कुश्ती,Positive,2,train
UgzcUiKfPy5OKi1ojlN4AaABAg,nFxie8HZvyk,शुभमन गिल,Negative,0,train
UgzYNWZDuwTWxaI_a9V4AaABAg,DhxtvDzaBg0,टीम इंडिया हार,Negative,0,train
UgwdP5UFGUzFuLo1j-J4AaABAg,e9zG2ooGDfc,विराट कोहली,Neutral,1,train
UgzQTZdcSbwR2id_O9l4AaABAg,0xI6LADDw3A,टीम इंडिया हार,Negative,0,train
UgxRd7cf1lPAoTC9tvZ4AaABAg,HsysMuOxlc8,टीम इंडिया हार,Neutral,1,train
Ugy4kE1c91_JYj37HiZ4AaABAg,oZUpj8GYbIY,प्रो कबड्डी,Positive,2,train
UgxjfLk2CL1RuvmFbG54AaABAg,AFEZzf9_EHk,क्रिकेट हाइलाइट्स हिंदी,Positive,2,train
Ugwt5NqVH2VfjHXWlhl4AaABAg,5dr3VzpoMfM,टीम इंडिया जीत,Positive,2,train
UgyjDb7LEaQYD5Y8vxN4AaABAg,oZUpj8GYbIY,प्रो कबड्डी,Positive,2,train
UgwZgNxqcCS-XV4iYJZ4AaABAg,mYivERVT1-g,टीम इंडिया हार,Negative,0,train
UgzZJSzBDKHj09fAczt4AaABAg,CVRuytf_zm8,नीरज चोपड़ा,Negative,0,train
Ugxncc3tpQyZHqZQvJF4AaABAg,mYivERVT1-g,टीम इंडिया हार,Negative,0,train
UgwHMGQFQ_Z9le7sTQ14AaABAg,e9zG2ooGDfc,विराट कोहली,Positive,2,train
Ugy-OIwOkEkfHkaSafh4AaABAg,QTSKOghd7aw,क्रिकेट विश्लेषण हिंदी,Positive,2,train
UgwLs_T2ZnkiQoBHQm94AaABAg,nFxie8HZvyk,शुभमन गिल,Negative,0,train
UgzifHVeKU_y-4GqALx4AaABAg,j0GPS4-Hzjs,टीम इंडिया हार,Neutral,1,train
UgzqrKhbR7y0hbsid6x4AaABAg,RRdg44agPoU,विनेश फोगाट कुश्ती,Negative,0,train
UgwEL8ZJLyxrPrKXDD94AaABAg,X4OB4-Itx8E,विनेश फोगाट कुश्ती,Negative,0,train
UgwKk_cqLGoKCUI7T7t4AaABAg,cgTIgkM2iyI,टीम इंडिया जीत,Positive,2,train
UgxMCk1uTXim0gMvG0d4AaABAg,uSGCAJS6qWg,भारत बनाम पाकिस्तान क्रिकेट,Neutral,1,train
UgwtFRjV0mIodq05km14AaABAg,ScarZQuyaLM,क्रिकेट हाइलाइट्स हिंदी,Neutral,1,train
Ugz2tCKYSiSZ8tuEwHl4AaABAg,FR2SkETgQ0o,विनेश फोगाट कुश्ती,Positive,2,train
UgxmtquNfU-EVIov97V4AaABAg,WIIvp8MWfCg,हॉकी इंडिया,Negative,0,train
Ugw0l8jbU2fdmnKa2sB4AaABAg,TRtlo-1sKSU,टीम इंडिया हार,Negative,0,train
UgyLgYpVFWoyUOpog4R4AaABAg,_5Al9MzlDJk,क्रिकेट विश्लेषण हिंदी,Positive,2,train
UgyYgWjAMqeDdn61cBd4AaABAg,mYivERVT1-g,टीम इंडिया हार,Negative,0,train
Ugxq6yiuee5fT0oGCdt4AaABAg,VLmkv3PLjlc,रोहित शर्मा,Neutral,1,train
Ugyi3eFMsD4tqWT_57V4AaABAg,WIIvp8MWfCg,हॉकी इंडिया,Negative,0,train
UgzsvvfxQ4gw9PedkJB4AaABAg,ReVTGCbDzfw,टीम इंडिया जीत,Negative,0,train
UgyHm3iuoG8HDrOesqV4AaABAg,Y0rhFJd74zY,विनेश फोगाट कुश्ती,Negative,0,train
Ugz8wcahtemp9d-N0x14AaABAg,QTSKOghd7aw,क्रिकेट विश्लेषण हिंदी,Positive,2,train
UgxjaWIHGJvnz-G-lrd4AaABAg,H7q7q1IwEY4,क्रिकेट हाइलाइट्स हिंदी,Positive,2,train
UgyblHLhMDqMlhTdgMV4AaABAg,B9Qnxe_GcTg,एशिया कप हिंदी,Negative,0,train
UgyFtqG9ey2LcLxce654AaABAg,LDwhd2nI1eA,ओलंपिक भारत हिंदी,Negative,0,train
UgwIAZss-f4sEd9814J4AaABAg,Fq6mlKQPpAM,नीरज चोपड़ा,Negative,0,train
Ugwo_0S70KFVr5itpAx4AaABAg,oZUpj8GYbIY,प्रो कबड्डी,Positive,2,train
UgylSIIMTiD4WAiw0c94AaABAg,5iasPyNE1UA,नीरज चोपड़ा,Negative,0,train
UgzBWoGAH6atz9WRlJl4AaABAg,-96tVt9zZ8M,खेल समाचार हिंदी,Negative,0,train
UgyB6A4hGSJ6TCbs_zp4AaABAg,vXsioE-C9wM,खेल समाचार हिंदी,Negative,0,train
Ugx9ydbjYqEw_xNEz7d4AaABAg,mYivERVT1-g,टीम इंडिया हार,Negative,0,train
UgzEuB75wnvZ-aBXahF4AaABAg,vXsioE-C9wM,खेल समाचार हिंदी,Negative,0,train
UgyNcL3uuJvfkGlKEOB4AaABAg,mYivERVT1-g,टीम इंडिया हार,Negative,0,train
UgywHSbRzOZhQJ_8IpN4AaABAg,X4OB4-Itx8E,विनेश फोगाट कुश्ती,Positive,2,train
UgzZge3f1dv5N5uZp_N4AaABAg,X4OB4-Itx8E,विनेश फोगाट कुश्ती,Positive,2,train
UgykNZp8rKZ9D5P3sBl4AaABAg,nFxie8HZvyk,शुभमन गिल,Negative,0,train
Ugyomy0_n_YKaKpzr0d4AaABAg,vdNrPdeEuYQ,क्रिकेट हाइलाइट्स हिंदी,Neutral,1,train
UgyI8u4RL961r_cY8Ih4AaABAg,7Yt5Xpnvl6s,खेल समाचार हिंदी,Positive,2,train
UgxK2A-hCNVnVk8vqy54AaABAg,IlDcNvSuu3I,खेल समाचार हिंदी,Negative,0,train
Ugx_EHf_5bjec8cs3EZ4AaABAg,CVRuytf_zm8,नीरज चोपड़ा,Negative,0,train
UgynR-J9BgF6nNDz00p4AaABAg,0xI6LADDw3A,टीम इंडिया हार,Neutral,1,train
UgxqyQwlemDI9Hy5ztl4AaABAg,uSGCAJS6qWg,भारत बनाम पाकिस्तान क्रिकेट,Neutral,1,train
UgxMvbREMrlj5tMd9FZ4AaABAg,DhxtvDzaBg0,टीम इंडिया हार,Negative,0,train
Ugz2uVn5Ob1TbkpzEu14AaABAg,7Yt5Xpnvl6s,खेल समाचार हिंदी,Negative,0,train
UgxEf4FOXzu8ma945Wx4AaABAg,8Opl8ESx6UY,खेल समाचार हिंदी,Negative,0,train
Ugx6_Q_jGswhONFHnxR4AaABAg,IlDcNvSuu3I,खेल समाचार हिंदी,Neutral,1,train
UgwB9B78L9o4nT-F0Gx4AaABAg,7Yt5Xpnvl6s,खेल समाचार हिंदी,Negative,0,train
UgzC6BslVdTS-6pzpy14AaABAg,JxdXGM-vPWM,विनेश फोगाट कुश्ती,Positive,2,train
Ugz4KgR85ibcjTomxHJ4AaABAg,CVRuytf_zm8,नीरज चोपड़ा,Positive,2,train
Ugzeh6tLapjOm71IY1Z4AaABAg,fpmSOInFj4A,नीरज चोपड़ा,Positive,2,train
UgwAW3fymlxJWAwPXbd4AaABAg,Fq6mlKQPpAM,नीरज चोपड़ा,Negative,0,train
Ugwuc7nQYSGjH-I3nEB4AaABAg,uSGCAJS6qWg,भारत बनाम पाकिस्तान क्रिकेट,Positive,2,train
Ugwl0NVdH2N0RwgfccB4AaABAg,cgTIgkM2iyI,टीम इंडिया जीत,Negative,0,train
UgzBKetsNQFcsVwp9-F4AaABAg,DhxtvDzaBg0,टीम इंडिया हार,Negative,0,train
UgzxIrRxBHx-sZjJmVB4AaABAg,VLmkv3PLjlc,रोहित शर्मा,Negative,0,train
UgziYbqRgDeFpDh0m7p4AaABAg,WwSyB8yo2XI,भारत बनाम पाकिस्तान क्रिकेट,Positive,2,train
Ugx1jnlWTXZvQinlGWJ4AaABAg,TRtlo-1sKSU,टीम इंडिया हार,Negative,0,train
Ugz5Gm-etlX301q2_Vl4AaABAg,ReVTGCbDzfw,टीम इंडिया जीत,Positive,2,train
Ugz6Ql88x8we5Uv4dmZ4AaABAg,FwW1nVvr_B8,विराट कोहली,Negative,0,train
UgxystCR9Mo81L79HjN4AaABAg,fvveJ66s0wg,भारत बनाम पाकिस्तान क्रिकेट,Positive,2,train
Ugy2vYj2N9PetwDMYgF4AaABAg,mEOBGY4-7JA,क्रिकेट हाइलाइट्स हिंदी,Neutral,1,train
UgzFOogs1py8t4UNEQ94AaABAg,luSat_G-U64,विनेश फोगाट कुश्ती,Positive,2,train
Ugw88bsWXF8WH-yD-t94AaABAg,luSat_G-U64,विनेश फोगाट कुश्ती,Negative,0,train
Ugw8gMP4LMMa3SzhT454AaABAg,7Yt5Xpnvl6s,खेल समाचार हिंदी,Negative,0,train
UgxGsm0LcBlUXPTVSgZ4AaABAg,pGROaaPeWkY,खेल समाचार हिंदी,Negative,0,train
UgyWx-dIwr_UP7V2LYx4AaABAg,CVRuytf_zm8,नीरज चोपड़ा,Neutral,1,train
UgxEUsGgCEGKk7g205R4AaABAg,LLNdaQd5rMY,रोहित शर्मा,Positive,2,train
UgyS3O0H1-RM5jtiAhB4AaABAg,X4OB4-Itx8E,विनेश फोगाट कुश्ती,Positive,2,train
UgxUOA5y60cQDpxadTF4AaABAg,pGROaaPeWkY,खेल समाचार हिंदी,Negative,0,train
UgzCR2-JCPL_5CQqMKZ4AaABAg,mYivERVT1-g,टीम इंडिया हार,Negative,0,train
UgwIsOeh6hH4w9f74Vl4AaABAg,30ym5bs64EM,टीम इंडिया जीत,Neutral,1,train
UgwS-C9mqu9FS63enL54AaABAg,DhxtvDzaBg0,टीम इंडिया हार,Neutral,1,train
UgwoStEyqYirsLwM8KB4AaABAg,-VPYd0WqOAM,टीम इंडिया हार,Neutral,1,train
Ugw18UL7G-e8cxzVXod4AaABAg,mEOBGY4-7JA,क्रिकेट हाइलाइट्स हिंदी,Neutral,1,train
UgxE7pnnRZ-tFQ-Zw_B4AaABAg,oZUpj8GYbIY,प्रो कबड्डी,Positive,2,train
Ugz_5s-KDhJ8Eo7hzpt4AaABAg,p5oIGfizFBk,हॉकी इंडिया,Positive,2,train
Ugwyj1QGL7ZodcevKoZ4AaABAg,hHfPkMCbSh8,एमएस धोनी,Negative,0,train
UgwI6C3jlnQi3P1m36d4AaABAg,0xI6LADDw3A,टीम इंडिया हार,Negative,0,train
UgxZF0aNBPdBnIeB1f14AaABAg,oZUpj8GYbIY,प्रो कबड्डी,Positive,2,train
Ugz7V6zuTHt4NfoGPhR4AaABAg,mo4X4Q4L3kU,नीरज चोपड़ा,Positive,2,train
UgwxQB5x1Y8tpLtxTKx4AaABAg,LDwhd2nI1eA,ओलंपिक भारत हिंदी,Positive,2,train
Ugx9wv0cXfx4y-9bHuZ4AaABAg,d93flq_4BKY,शुभमन गिल,Neutral,1,train
Ugw1QtbV-wd1f_8UjJd4AaABAg,2u70UbLyO0s,विराट कोहली,Positive,2,train
Ugy0hCFI7E7kUF-FWRl4AaABAg,hHfPkMCbSh8,एमएस धोनी,Negative,0,train
UgwLht3v-9sXB3mZD794AaABAg,FUPfVqR5Hys,रोहित शर्मा,Neutral,1,train
UgxzJ_pDrmNpNHysIOp4AaABAg,vXsioE-C9wM,खेल समाचार हिंदी,Negative,0,train
UgwGeY53P3LcwzyBl1p4AaABAg,7Yt5Xpnvl6s,खेल समाचार हिंदी,Negative,0,train
Ugy9Tw6DZphet1wE79F4AaABAg,oZUpj8GYbIY,प्रो कबड्डी,Positive,2,train
Ugxt2wlkiSYs3GSxBzh4AaABAg,cgTIgkM2iyI,टीम इंडिया जीत,Positive,2,train
UgyPj1eIF7vLDtSt8rV4AaABAg,nFxie8HZvyk,शुभमन गिल,Negative,0,train
UgzX4ovxndJXSc_ge4N4AaABAg,oZUpj8GYbIY,प्रो कबड्डी,Negative,0,train
UgyegR1b2YNkOiOpS7N4AaABAg,fzOVeNcFT3Q,भारत बनाम पाकिस्तान क्रिकेट,Negative,0,train
UgwSuPMQxK1x1pRfNL54AaABAg,fzOVeNcFT3Q,भारत बनाम पाकिस्तान क्रिकेट,Negative,0,train
UgyML7qc-QJPbqqLM914AaABAg,j0GPS4-Hzjs,टीम इंडिया हार,Negative,0,train
UgyNs4NI9Qh5msJ-2OJ4AaABAg,j0GPS4-Hzjs,टीम इंडिया हार,Positive,2,train
UgwEBWFYWzNjkBdwoC54AaABAg,mEOBGY4-7JA,क्रिकेट हाइलाइट्स हिंदी,Positive,2,train
UgyvHT92rTvGFzpDC-V4AaABAg,ynG6tkLO3SQ,क्रिकेट हाइलाइट्स हिंदी,Positive,2,train
UgydjUZFxaZyYRb8BdF4AaABAg,X4OB4-Itx8E,विनेश फोगाट कुश्ती,Negative,0,train
UgwjfUDzWFwaaxPsRbp4AaABAg,h93zAYPp_xA,शुभमन गिल,Positive,2,train
UgxZ5inkUm5ugX-trbB4AaABAg,7Yt5Xpnvl6s,खेल समाचार हिंदी,Negative,0,train
Ugw84FndTMHWwfsUKG14AaABAg,hHfPkMCbSh8,एमएस धोनी,Negative,0,train
Ugw0YoOyIcOhHLDV6ix4AaABAg,-96tVt9zZ8M,खेल समाचार हिंदी,Neutral,1,train
UgxCZDfQFZbC5D7GuUF4AaABAg,_fZYUtRgYRQ,भारत बनाम पाकिस्तान क्रिकेट,Positive,2,train
UgzDCEqn5NR9lQMfYjx4AaABAg,CVRuytf_zm8,नीरज चोपड़ा,Neutral,1,train
Ugyrqua1d3QtQ_cDBU14AaABAg,RiFzSORKO8o,खेल समाचार हिंदी,Neutral,1,train
UgzOOmJZ7wwr0fLkzMF4AaABAg,c5UlLUdZk8w,क्रिकेट विश्लेषण हिंदी,Neutral,1,train
UgxrdKYcoMNQLFTM3hN4AaABAg,7Yt5Xpnvl6s,खेल समाचार हिंदी,Negative,0,train
Ugy5rJMP8asdL37DTy94AaABAg,HNXhdo5j914,वर्ल्ड कप क्रिकेट हिंदी,Positive,2,train
UgwTcWCNW_vLTFLeiyp4AaABAg,nhqQWXNdivo,एमएस धोनी,Positive,2,train
UgzqlqjXEXsBAZtPhPh4AaABAg,MUPrf3FIq3g,एमएस धोनी,Negative,0,train
UgyXYEOfqOii2TxTyL14AaABAg,mEOBGY4-7JA,क्रिकेट हाइलाइट्स हिंदी,Neutral,1,train
UgxFpob0wNVKEcxTcyN4AaABAg,-VPYd0WqOAM,टीम इंडिया हार,Negative,0,train
UgwdMtkU2FBeR1tEC1B4AaABAg,0xI6LADDw3A,टीम इंडिया हार,Negative,0,train
UgxEa41P17-dS3yTk6V4AaABAg,eHHRTfEOCSk,विराट कोहली,Positive,2,train
UgxEVII-cWDdEUez1k94AaABAg,7Yt5Xpnvl6s,खेल समाचार हिंदी,Negative,0,train
Ugy0dKnX1CJ44MCWh7t4AaABAg,luSat_G-U64,विनेश फोगाट कुश्ती,Positive,2,train
UgzAQWBA2LB8Y5vSEQJ4AaABAg,cgTIgkM2iyI,टीम इंडिया जीत,Positive,2,train
Ugy_CZgilq9R5VvkjUV4AaABAg,vXsioE-C9wM,खेल समाचार हिंदी,Negative,0,train
UgyShtHqV4-mez8NOqZ4AaABAg,mYivERVT1-g,टीम इंडिया हार,Negative,0,train
UgxRuSWR9k0Y_xPMB-t4AaABAg,fP2OioK7nXk,हॉकी इंडिया,Positive,2,train
Ugz4fzNH9VXEsqO5JSd4AaABAg,UQNLGJARdZM,एमएस धोनी,Neutral,1,train
Ugwx8VoE2vkds5XExEF4AaABAg,vXsioE-C9wM,खेल समाचार हिंदी,Negative,0,train
UgyHrTfCesMpXgjk-3V4AaABAg,xmg7vO6GCWU,रोहित शर्मा,Negative,0,train
UgxexN5zX7I8AePQLHV4AaABAg,LLNdaQd5rMY,रोहित शर्मा,Negative,0,train
Ugx_g8hfxhjC68m4bHd4AaABAg,CVRuytf_zm8,नीरज चोपड़ा,Negative,0,train
Ugx-GQ8vMTwyDhl98IB4AaABAg,FwW1nVvr_B8,विराट कोहली,Negative,0,train
UgxD-szWeEhVTv2HI1J4AaABAg,nsguh1qsUY0,खेल समाचार हिंदी,Negative,0,train
UgwzVX9hcDPsQdcklwJ4AaABAg,ReVTGCbDzfw,टीम इंडिया जीत,Positive,2,train
UgzEA2XRVeZgzaYIk7t4AaABAg,IlDcNvSuu3I,खेल समाचार हिंदी,Negative,0,train
UgyZIwoc36m1El_4CU14AaABAg,Y0rhFJd74zY,विनेश फोगाट कुश्ती,Negative,0,train
UgzYg-o2Klo8fqa6Ugl4AaABAg,ReVTGCbDzfw,टीम इंडिया जीत,Positive,2,train
UgzHkZzRiv6bxMYJ-uF4AaABAg,rDyUKfq7B-g,विनेश फोगाट कुश्ती,Positive,2,train
Ugx-5_NqowJ6AxR1P794AaABAg,STZRr1H24og,क्रिकेट विश्लेषण हिंदी,Neutral,1,train
UgyOHv3g6KtHW-rbxCh4AaABAg,m6TaFjvrsqE,टीम इंडिया हार,Positive,2,train
UgygTuTq2hRFlLQV5r94AaABAg,7Yt5Xpnvl6s,खेल समाचार हिंदी,Negative,0,train
UgyJZu2nUSjWeFb1Z-p4AaABAg,rW_fwcmyIfk,नीरज चोपड़ा,Positive,2,train
UgzU3BNvMwawRtHhWA14AaABAg,fP2OioK7nXk,हॉकी इंडिया,Positive,2,train
UgyJzGz6IsHy4BmIvTl4AaABAg,mX1xtHVM-vk,विराट कोहली,Negative,0,train
UgzZXV_FKsG9b_4rOsx4AaABAg,8Opl8ESx6UY,खेल समाचार हिंदी,Negative,0,train
UgzVv_eEXS5wtcJ4Iy94AaABAg,nFxie8HZvyk,शुभमन गिल,Negative,0,train
UgyGBkyKIn9r5E7W2m14AaABAg,d93flq_4BKY,शुभमन गिल,Negative,0,train
UgwIi_nJF2mXTj-ddSx4AaABAg,ReVTGCbDzfw,टीम इंडिया जीत,Positive,2,train
Ugz3BDEwEm8Cmb3bgfB4AaABAg,hHfPkMCbSh8,एमएस धोनी,Negative,0,train
Ugzb0yAme-7bFllyThJ4AaABAg,p5oIGfizFBk,हॉकी इंडिया,Positive,2,train
Ugxdn4UMxwXA6DcsXLl4AaABAg,fvveJ66s0wg,भारत बनाम पाकिस्तान क्रिकेट,Neutral,1,train
UgzYmbtPjRv4yPEfz2l4AaABAg,CVRuytf_zm8,नीरज चोपड़ा,Negative,0,train
Ugw9cT8Catv50cg514F4AaABAg,JxdXGM-vPWM,विनेश फोगाट कुश्ती,Positive,2,train
UgyopbgkQK-i-1bAt0F4AaABAg,WIIvp8MWfCg,हॉकी इंडिया,Negative,0,train
UgydiIOkdio4Z7G-Z4R4AaABAg,msAzQ1p3lTA,रोहित शर्मा,Neutral,1,train
Ugxa-J-_Yyc-ywrGYBx4AaABAg,uSGCAJS6qWg,भारत बनाम पाकिस्तान क्रिकेट,Negative,0,train
UgxJpISOOT-T00l4vdZ4AaABAg,5dr3VzpoMfM,टीम इंडिया जीत,Positive,2,train
UgwK-RDTcWABtzbWiaR4AaABAg,IlDcNvSuu3I,खेल समाचार हिंदी,Negative,0,train
UgwwXAyZmVnz9uGfqXV4AaABAg,CVRuytf_zm8,नीरज चोपड़ा,Neutral,1,train
Ugxk9OnlZ-83ywJpjZh4AaABAg,rDyUKfq7B-g,विनेश फोगाट कुश्ती,Positive,2,train
UgzVL4uWW4sfPMeZZzB4AaABAg,mYivERVT1-g,टीम इंडिया हार,Negative,0,train
UgzfcBfwZEKoWQ8dr1h4AaABAg,mYivERVT1-g,टीम इंडिया हार,Negative,0,train
Ugy6FFIdoxqAVOV1rbZ4AaABAg,hHfPkMCbSh8,एमएस धोनी,Negative,0,train
UgyRu8VimVhnFZMQEdB4AaABAg,7Yt5Xpnvl6s,खेल समाचार हिंदी,Negative,0,train
Ugwl81aVbCxPZ0nDV0F4AaABAg,RiFzSORKO8o,खेल समाचार हिंदी,Negative,0,train
Ugxat0Q_SYVZbETBxwp4AaABAg,FUPfVqR5Hys,रोहित शर्मा,Positive,2,train
Ugyd2HtNTS6eQLDESKV4AaABAg,M-0urWcOEqk,प्रो कबड्डी,Neutral,1,train
Ugx9JEfYlobLEjzr0Yx4AaABAg,HNXhdo5j914,वर्ल्ड कप क्रिकेट हिंदी,Negative,0,train
Ugx5aLq9EbSYDA8jt1d4AaABAg,j0GPS4-Hzjs,टीम इंडिया हार,Positive,2,train
UgwhUbUrrh8rP_BkDc94AaABAg,XqH6_0ocQRE,शुभमन गिल,Negative,0,train
Ugz3jIWMANg1fviD3kp4AaABAg,nFxie8HZvyk,शुभमन गिल,Negative,0,train
UgyJAOSmfFiU_Zce2Od4AaABAg,6vlujRLmTjM,विनेश फोगाट कुश्ती,Positive,2,train
Ugx-Yf1lujyocuPvI594AaABAg,7Yt5Xpnvl6s,खेल समाचार हिंदी,Negative,0,train
Ugw8jBcmRRuCfM9RQZB4AaABAg,d93flq_4BKY,शुभमन गिल,Negative,0,train
UgzcA9qi4kYcu6xuGvd4AaABAg,d93flq_4BKY,शुभमन गिल,Negative,0,train
UgwLXa72dRBq_XdnJix4AaABAg,m6TaFjvrsqE,टीम इंडिया हार,Negative,0,train
UgxD5ovZVa_2yZLjKpV4AaABAg,cgTIgkM2iyI,टीम इंडिया जीत,Positive,2,train
UgxuLszhdnIkEfMeBwh4AaABAg,ReVTGCbDzfw,टीम इंडिया जीत,Positive,2,train
UgyZD54gfW9IxJXvOCR4AaABAg,mEOBGY4-7JA,क्रिकेट हाइलाइट्स हिंदी,Positive,2,train
UgwteRj4aDLbeNKDwF94AaABAg,RiFzSORKO8o,खेल समाचार हिंदी,Negative,0,train
UgyNffHadSLj9W5NCrp4AaABAg,RiFzSORKO8o,खेल समाचार हिंदी,Negative,0,train
UgwQEY3zp4dbr3LVww94AaABAg,nFxie8HZvyk,शुभमन गिल,Negative,0,train
UgwrTLkShy51wBggMSt4AaABAg,TRtlo-1sKSU,टीम इंडिया हार,Neutral,1,train
UgwHFq-0j5Y7FPnLq114AaABAg,nFxie8HZvyk,शुभमन गिल,Negative,0,train
UgzUY2OJP_tm0WvsW8x4AaABAg,CVRuytf_zm8,नीरज चोपड़ा,Neutral,1,train
UgzXQu2zADW7eKdNiBp4AaABAg,8Opl8ESx6UY,खेल समाचार हिंदी,Negative,0,train
UgyDFopXaTsM_htTHJV4AaABAg,vXsioE-C9wM,खेल समाचार हिंदी,Positive,2,train
UgzWLtsww_dXHKN1UXl4AaABAg,X4OB4-Itx8E,विनेश फोगाट कुश्ती,Negative,0,train
Ugy1zT2ABSUS_q0t3H94AaABAg,m6TaFjvrsqE,टीम इंडिया हार,Neutral,1,train
UgwWmd9noRS8qwxTj8l4AaABAg,IlDcNvSuu3I,खेल समाचार हिंदी,Negative,0,train
Ugwru6fpOUO6J-KNMTh4AaABAg,VLmkv3PLjlc,रोहित शर्मा,Negative,0,train
Ugyd4CWdTWABkHiydkt4AaABAg,fHigVOpnyag,हॉकी इंडिया,Positive,2,train
UgzaCYHAzAFDFcZxw6J4AaABAg,RiFzSORKO8o,खेल समाचार हिंदी,Negative,0,train
UgxUoCAFRaK_hSZA1vB4AaABAg,e9zG2ooGDfc,विराट कोहली,Positive,2,train
UgxVSPcaU9O8ErP4iG14AaABAg,vXsioE-C9wM,खेल समाचार हिंदी,Negative,0,train
Ugy5J8e3kEb4fUXU2Et4AaABAg,X4OB4-Itx8E,विनेश फोगाट कुश्ती,Positive,2,train
UgzGsZ541_IIOsBYOAF4AaABAg,ReVTGCbDzfw,टीम इंडिया जीत,Positive,2,train
UgxATghMN0mlJOB5kYR4AaABAg,LLNdaQd5rMY,रोहित शर्मा,Negative,0,train
UgxIyS1OHqdkfudCA9t4AaABAg,X4OB4-Itx8E,विनेश फोगाट कुश्ती,Negative,0,train
Ugz4bAn7tiycQg0pssZ4AaABAg,uSGCAJS6qWg,भारत बनाम पाकिस्तान क्रिकेट,Negative,0,train
UgxfNt_07zu8yQr1avh4AaABAg,5b0Kgb_x5d8,टीम इंडिया हार,Neutral,1,train
Ugz31YEYDwc-WSUE9HJ4AaABAg,JxdXGM-vPWM,विनेश फोगाट कुश्ती,Negative,0,train
UgzUc9UI73REqgRcdS94AaABAg,LDwhd2nI1eA,ओलंपिक भारत हिंदी,Negative,0,train
Ugyld7-Vi3R31Jtdh754AaABAg,rDyUKfq7B-g,विनेश फोगाट कुश्ती,Negative,0,train
UgymSWSnbDCFwKiExGN4AaABAg,cgTIgkM2iyI,टीम इंडिया जीत,Positive,2,train
UgwDvZ50l4ibCbyI-hF4AaABAg,RRdg44agPoU,विनेश फोगाट कुश्ती,Negative,0,train
UgyUUOcbXh9-rjTadcF4AaABAg,vXsioE-C9wM,खेल समाचार हिंदी,Negative,0,train
UgxTOmTPQZ-VWT2om3R4AaABAg,mYivERVT1-g,टीम इंडिया हार,Negative,0,train
Ugxk5Y9P-D0Ml1RwmfB4AaABAg,mEOBGY4-7JA,क्रिकेट हाइलाइट्स हिंदी,Neutral,1,train
UgzN7yunibEOHFF_wCR4AaABAg,nsguh1qsUY0,खेल समाचार हिंदी,Neutral,1,train
UgxsUmeYs9s5EsKFqep4AaABAg,VRNVxhlPvBE,एमएस धोनी,Positive,2,train
Ugx8Yg-Jb6NL9UeKbDd4AaABAg,DhxtvDzaBg0,टीम इंडिया हार,Neutral,1,train
UgxAGr0PJuM8kJmA9LV4AaABAg,5XtX8Lezjg4,ओलंपिक भारत हिंदी,Negative,0,train
UgzTX94FHrkWVS2-5RN4AaABAg,WIIvp8MWfCg,हॉकी इंडिया,Negative,0,train
Ugy9iMEHnipOqx8e1ol4AaABAg,fzOVeNcFT3Q,भारत बनाम पाकिस्तान क्रिकेट,Neutral,1,train
Ugzf389H_D9-NtHy8mJ4AaABAg,m6TaFjvrsqE,टीम इंडिया हार,Negative,0,train
UgxnBQ3qACHyXj1yFiZ4AaABAg,X4OB4-Itx8E,विनेश फोगाट कुश्ती,Positive,2,train
UgxSVAAJAff8iu8oSsl4AaABAg,ReVTGCbDzfw,टीम इंडिया जीत,Negative,0,train
Ugziw5ZX-zl8heWfUnN4AaABAg,JxdXGM-vPWM,विनेश फोगाट कुश्ती,Positive,2,train
Ugw4ua1u0B6Fb8A610t4AaABAg,nFxie8HZvyk,शुभमन गिल,Negative,0,train
UgxrzdHqumRy0wv_Wt54AaABAg,DhxtvDzaBg0,टीम इंडिया हार,Negative,0,train
Ugyp_IS-wmZsVaSZeD54AaABAg,9AF2cOl4gjQ,प्रो कबड्डी,Positive,2,train
UgzaREzk49KJvFVNOQB4AaABAg,6vlujRLmTjM,विनेश फोगाट कुश्ती,Positive,2,train
UgzOv-83WQBlwe5tCrR4AaABAg,5iasPyNE1UA,नीरज चोपड़ा,Negative,0,train
UgyZThRmpsevCmjO7wZ4AaABAg,5iasPyNE1UA,नीरज चोपड़ा,Negative,0,train
UgzFY_MbjSVx3bi6GGN4AaABAg,fpmSOInFj4A,नीरज चोपड़ा,Positive,2,train
Ugz7k4QImtavoJ0e2b94AaABAg,fzOVeNcFT3Q,भारत बनाम पाकिस्तान क्रिकेट,Negative,0,train
UgwVYOjEgcHwRjLSo1N4AaABAg,vXsioE-C9wM,खेल समाचार हिंदी,Negative,0,train
UgxxdWb8QN5kvGvDcv54AaABAg,RiFzSORKO8o,खेल समाचार हिंदी,Negative,0,train
UgxtjbN4ex8dTbWDqhp4AaABAg,DhxtvDzaBg0,टीम इंडिया हार,Positive,2,train
UgxqDiI9EeI6AqE5_wJ4AaABAg,MUPrf3FIq3g,एमएस धोनी,Negative,0,train
Ugys31033bWqn0EmEe94AaABAg,7Yt5Xpnvl6s,खेल समाचार हिंदी,Negative,0,train
UgxX69zgKAx91XxMFBh4AaABAg,VLmkv3PLjlc,रोहित शर्मा,Negative,0,train
UgwJTKSYwYZbZ8oXkZ54AaABAg,X4OB4-Itx8E,विनेश फोगाट कुश्ती,Positive,2,train
Ugzx6NfdchBX-KopbAR4AaABAg,-VPYd0WqOAM,टीम इंडिया हार,Negative,0,train
Ugzjom4Iq2X6zOVzZ894AaABAg,30ym5bs64EM,टीम इंडिया जीत,Positive,2,train
UgxwpVoj-qHW36Jl9r54AaABAg,MUPrf3FIq3g,एमएस धोनी,Negative,0,train
UgzPPLiFtHqBZdFrE7Z4AaABAg,H7q7q1IwEY4,क्रिकेट हाइलाइट्स हिंदी,Positive,2,train
UgzQs8iLeoCBz4XK86x4AaABAg,VLmkv3PLjlc,रोहित शर्मा,Negative,0,train
UgyBHZ9xjiofS7MEkR54AaABAg,7Yt5Xpnvl6s,खेल समाचार हिंदी,Neutral,1,train
UgyCYUgjtRko8GIQYVR4AaABAg,_ZGGExfY7zs,रोहित शर्मा,Negative,0,train
UgzDZAzQ39oc001d6W94AaABAg,MUPrf3FIq3g,एमएस धोनी,Negative,0,train
UgyYziuEu48fHA95I4N4AaABAg,DhxtvDzaBg0,टीम इंडिया हार,Negative,0,train
Ugw4datx4mFrO0jHTiZ4AaABAg,hHfPkMCbSh8,एमएस धोनी,Neutral,1,train
UgyssrcbC-O1S_o1-It4AaABAg,5iasPyNE1UA,नीरज चोपड़ा,Negative,0,train
UgzOMLULZ0dPxss3R_l4AaABAg,vXsioE-C9wM,खेल समाचार हिंदी,Negative,0,train
UgzdHPA-AHfVmzcIwCp4AaABAg,DhxtvDzaBg0,टीम इंडिया हार,Neutral,1,train
Ugzoabz8bu6U4uuxlyV4AaABAg,rDyUKfq7B-g,विनेश फोगाट कुश्ती,Negative,0,train
Ugxx7TlrCLFEhSQ4bUF4AaABAg,FUPfVqR5Hys,रोहित शर्मा,Positive,2,train
Ugw2ONrm3_3rqc64xBd4AaABAg,EilxqADAtN4,हॉकी इंडिया,Negative,0,train
UgxJ_W7tep0mXZvPUfF4AaABAg,LDwhd2nI1eA,ओलंपिक भारत हिंदी,Negative,0,train
Ugy9_u5eZCeA4gIQnrp4AaABAg,RRdg44agPoU,विनेश फोगाट कुश्ती,Positive,2,train
UgxgClZZv5STQo5erD94AaABAg,X4gfyBUcJtE,एशिया कप हिंदी,Positive,2,train
UgwVUWSkL4PpVLBwiZR4AaABAg,ZkSLyYRVrMM,विराट कोहली,Positive,2,train
UgwXiqt918toN9tRwol4AaABAg,oZUpj8GYbIY,प्रो कबड्डी,Positive,2,train
UgyNcx-JtxEBbu27h9h4AaABAg,HNXhdo5j914,वर्ल्ड कप क्रिकेट हिंदी,Negative,0,train
Ugx8d5ZNbkn3aIuRBgp4AaABAg,R7RjpLJnIQc,विनेश फोगाट कुश्ती,Positive,2,train
UgzQ6gBWByw7wxuhpT54AaABAg,xmg7vO6GCWU,रोहित शर्मा,Neutral,1,train
UgwPrvlOpo057XHGRsp4AaABAg,FR2SkETgQ0o,विनेश फोगाट कुश्ती,Neutral,1,train
UgyJXGnSLXFM4Wdbcft4AaABAg,_ZGGExfY7zs,रोहित शर्मा,Positive,2,train
UgyzVOKhQaYIuURZ8jx4AaABAg,hHfPkMCbSh8,एमएस धोनी,Neutral,1,train
Ugy7O_1SVIGa0LXIE2F4AaABAg,5iasPyNE1UA,नीरज चोपड़ा,Negative,0,train
Ugytzsw2MT6l0lMwyjR4AaABAg,CVRuytf_zm8,नीरज चोपड़ा,Negative,0,train
UgyjBcFE-eFQ3qsON094AaABAg,7Yt5Xpnvl6s,खेल समाचार हिंदी,Negative,0,train
Ugzyza6nV4ZugnqKQT94AaABAg,FwW1nVvr_B8,विराट कोहली,Negative,0,train
UgziZO--YBmHXkvTo4x4AaABAg,CVRuytf_zm8,नीरज चोपड़ा,Positive,2,train
UgwjMQ_ekqe1laHRkT54AaABAg,-VPYd0WqOAM,टीम इंडिया हार,Neutral,1,train
UgwVfAAMlRps0Z2p51x4AaABAg,oZUpj8GYbIY,प्रो कबड्डी,Positive,2,train
UgzGasjMai8Mgl_JDDp4AaABAg,RiFzSORKO8o,खेल समाचार हिंदी,Negative,0,train
UgzGxUDVtgcygO1dNUF4AaABAg,5dr3VzpoMfM,टीम इंडिया जीत,Negative,0,train
UgwI78eAJ7hV42giLEt4AaABAg,5dr3VzpoMfM,टीम इंडिया जीत,Negative,0,train
UgynPHG3DnIyG9rLg7N4AaABAg,fP2OioK7nXk,हॉकी इंडिया,Positive,2,train
UgyD-6pw9EIlbYOQrc94AaABAg,RiFzSORKO8o,खेल समाचार हिंदी,Neutral,1,train
Ugz79xidA-5PfFLerwB4AaABAg,blu3Ez0VSSE,एमएस धोनी,Positive,2,train
UgzjBhdynVl6fTEQE_d4AaABAg,cgTIgkM2iyI,टीम इंडिया जीत,Positive,2,train
Ugz7GqFDu3eBc9w29Op4AaABAg,0xI6LADDw3A,टीम इंडिया हार,Negative,0,train
Ugw_HprtOrvKivNcgSx4AaABAg,d93flq_4BKY,शुभमन गिल,Negative,0,train
UgxQAsB-p_Z07iA9wBd4AaABAg,mYivERVT1-g,टीम इंडिया हार,Negative,0,train
UgxjJxT9Uh0fkUERbe94AaABAg,X4OB4-Itx8E,विनेश फोगाट कुश्ती,Neutral,1,train
UgwEVovQmxVhpeq3yix4AaABAg,MAm0RLQpYas,भारत बनाम पाकिस्तान क्रिकेट,Positive,2,train
UgwoFZ4c3Y-wwkZOU8B4AaABAg,wg1m1TWI0KI,रोहित शर्मा,Positive,2,train
UgxkaezCQbphXG0_3a54AaABAg,YXiRa5A-LKY,ओलंपिक भारत हिंदी,Positive,2,train
UgxpphXNESCwbz205Tx4AaABAg,5iasPyNE1UA,नीरज चोपड़ा,Negative,0,train
UgwCdiNmKZyySR4SN1h4AaABAg,WIIvp8MWfCg,हॉकी इंडिया,Negative,0,train
UgwQo4EHcQmOLRnjqvp4AaABAg,ReVTGCbDzfw,टीम इंडिया जीत,Positive,2,train
UgycDnz4Ke7M2K8NUX94AaABAg,5iasPyNE1UA,नीरज चोपड़ा,Negative,0,train
UgzZMifmhz6aWq42k9h4AaABAg,X4OB4-Itx8E,विनेश फोगाट कुश्ती,Positive,2,train
UgwP0HhHKr6IkjlKBaF4AaABAg,30ym5bs64EM,टीम इंडिया जीत,Positive,2,train
UgywdRqTM9CXBjbw-vh4AaABAg,WIIvp8MWfCg,हॉकी इंडिया,Negative,0,train
UgwucoaEwJ08dE2GucJ4AaABAg,CVRuytf_zm8,नीरज चोपड़ा,Positive,2,train
UgwGT8Pfl7AfYk4oXZ94AaABAg,d93flq_4BKY,शुभमन गिल,Negative,0,train
UgxjUxIx1W3rb-HP-Td4AaABAg,mo4X4Q4L3kU,नीरज चोपड़ा,Positive,2,train
UgxAPydc0nx8kZLqWLd4AaABAg,fHigVOpnyag,हॉकी इंडिया,Positive,2,train
Ugw4BfUQyZvO4h5MIiR4AaABAg,_fZYUtRgYRQ,भारत बनाम पाकिस्तान क्रिकेट,Negative,0,train
Ugx4wh2oaeSysrRkFjx4AaABAg,WIIvp8MWfCg,हॉकी इंडिया,Negative,0,train
UgzK0NxQ07ZzdeM7Swd4AaABAg,H7q7q1IwEY4,क्रिकेट हाइलाइट्स हिंदी,Neutral,1,train
UgxjHJrH92B6IOJqsXN4AaABAg,cgTIgkM2iyI,टीम इंडिया जीत,Positive,2,train
Ugw_PUvx47k7LRV86gZ4AaABAg,VOS3Vw_toeA,शुभमन गिल,Positive,2,train
UgwvzH5KyoxIIY6JgLx4AaABAg,nsguh1qsUY0,खेल समाचार हिंदी,Neutral,1,train
Ugw3XEYjt5bMj8ZV7UV4AaABAg,YXiRa5A-LKY,ओलंपिक भारत हिंदी,Negative,0,train
Ugwwza9m1MrdQGDzWkJ4AaABAg,mYivERVT1-g,टीम इंडिया हार,Negative,0,train
UgzlEDt_pY9JfbLBYjN4AaABAg,j0GPS4-Hzjs,टीम इंडिया हार,Negative,0,train
UgxsaSxLkXicKfqtG1Z4AaABAg,luSat_G-U64,विनेश फोगाट कुश्ती,Negative,0,train
Ugzl_U5ZDIYTwbo2-nt4AaABAg,fzOVeNcFT3Q,भारत बनाम पाकिस्तान क्रिकेट,Positive,2,train
UgwUGI9XjEpvYIVcNOR4AaABAg,CVRuytf_zm8,नीरज चोपड़ा,Negative,0,train
UgyGYZTBNQ2cZjMIUmJ4AaABAg,9tKuk3KRZss,टीम इंडिया जीत,Positive,2,train
Ugyru7pQzHVnn_fXKc14AaABAg,tHrYQb2n6MQ,क्रिकेट हाइलाइट्स हिंदी,Positive,2,train
UgzeS8ZQO6ugoySN5Kp4AaABAg,mo4X4Q4L3kU,नीरज चोपड़ा,Positive,2,train
UgxZT9jQPRBHXSepcud4AaABAg,ReVTGCbDzfw,टीम इंडिया जीत,Positive,2,train
UgxdRTdC6NMOD9Q6BiJ4AaABAg,ReVTGCbDzfw,टीम इंडिया जीत,Positive,2,train
UgxsN5N0tOCl-kElYEt4AaABAg,5XtX8Lezjg4,ओलंपिक भारत हिंदी,Neutral,1,train
UgwCpabsq7RdrlWlM454AaABAg,hHfPkMCbSh8,एमएस धोनी,Neutral,1,train
UgzAV8_A2AbkeJUs4lN4AaABAg,mYivERVT1-g,टीम इंडिया हार,Negative,0,train
UgyxqKu_mtGbIFAFyRZ4AaABAg,mo4X4Q4L3kU,नीरज चोपड़ा,Neutral,1,train
Ugwgx5MreD_zuvBBUVl4AaABAg,5dr3VzpoMfM,टीम इंडिया जीत,Positive,2,train
UgzVtCVk5AWQZkx7Mk14AaABAg,HNXhdo5j914,वर्ल्ड कप क्रिकेट हिंदी,Positive,2,train
Ugwkl3oMsd_lZ3ptfZN4AaABAg,WIIvp8MWfCg,हॉकी इंडिया,Negative,0,train
UgwKymxtjjxRF4-exJ94AaABAg,hHfPkMCbSh8,एमएस धोनी,Negative,0,train
UgzY9JZfXzpGOY8r5JF4AaABAg,d93flq_4BKY,शुभमन गिल,Neutral,1,train
UgyPihPzgmYvzNtRSUN4AaABAg,VLmkv3PLjlc,रोहित शर्मा,Negative,0,train
Ugy3FdVQ7MWkarL9Djx4AaABAg,LDwhd2nI1eA,ओलंपिक भारत हिंदी,Positive,2,train
UgwpTjkhJ9bsPmHeaqF4AaABAg,mYivERVT1-g,टीम इंडिया हार,Negative,0,train
Ugy9yMRVBHfx4vCZdhx4AaABAg,7Yt5Xpnvl6s,खेल समाचार हिंदी,Negative,0,train
UgznX84xvD8kqR6-EtV4AaABAg,JxdXGM-vPWM,विनेश फोगाट कुश्ती,Negative,0,train
Ugz0y5SX9G_LOGoRsSJ4AaABAg,rDyUKfq7B-g,विनेश फोगाट कुश्ती,Positive,2,train
UgzwS0V9a5C7ZIIZzUR4AaABAg,5iasPyNE1UA,नीरज चोपड़ा,Positive,2,train
Ugw8n60vqSoppQLVf0l4AaABAg,vXsioE-C9wM,खेल समाचार हिंदी,Negative,0,train
Ugw5tmOZvsEaOdQzWWd4AaABAg,mYivERVT1-g,टीम इंडिया हार,Negative,0,train
Ugy4k-vXUpcHhymC-_p4AaABAg,LDwhd2nI1eA,ओलंपिक भारत हिंदी,Positive,2,train
UgwV5xcWK6q89G6JPt54AaABAg,fpmSOInFj4A,नीरज चोपड़ा,Positive,2,train
UgxTNzceUfLH5fsAwGB4AaABAg,p5oIGfizFBk,हॉकी इंडिया,Positive,2,train
UgzKvcX50qmasHJoF194AaABAg,d93flq_4BKY,शुभमन गिल,Negative,0,train
UgxLGEEIIK8iLsFxdR94AaABAg,IlDcNvSuu3I,खेल समाचार हिंदी,Negative,0,train
Ugxd0b77G438q3I6s9F4AaABAg,mYivERVT1-g,टीम इंडिया हार,Negative,0,train
UgyG2Zz2cP_RiHOl7sJ4AaABAg,JxdXGM-vPWM,विनेश फोगाट कुश्ती,Positive,2,train
Ugz4m-utorErgb1NvXR4AaABAg,H7q7q1IwEY4,क्रिकेट हाइलाइट्स हिंदी,Neutral,1,train
UgywBJTDGyn4Y0MFw2B4AaABAg,RRdg44agPoU,विनेश फोगाट कुश्ती,Negative,0,train
UgyLkdUQwDL6P1pm_gR4AaABAg,nsguh1qsUY0,खेल समाचार हिंदी,Negative,0,train
UgyLH_9g1EsTQqT7byp4AaABAg,cgTIgkM2iyI,टीम इंडिया जीत,Positive,2,train
UgxkqEJ8IZkO2jbAHEh4AaABAg,nFxie8HZvyk,शुभमन गिल,Negative,0,train
UgzYiBRpAPTcQXxlouZ4AaABAg,cgTIgkM2iyI,टीम इंडिया जीत,Neutral,1,train
UgyfRgkIdkS0SmyCGc14AaABAg,HsysMuOxlc8,टीम इंडिया हार,Negative,0,train
Ugwd56_jld9MW5rsN_J4AaABAg,LDwhd2nI1eA,ओलंपिक भारत हिंदी,Positive,2,train
UgwOECDNF6gSt3ZM1nV4AaABAg,mYivERVT1-g,टीम इंडिया हार,Negative,0,train
UgwzlAb8X6msEHf2f654AaABAg,LLNdaQd5rMY,रोहित शर्मा,Negative,0,train
UgwzX-FjlrMnUzgVUM94AaABAg,j0GPS4-Hzjs,टीम इंडिया हार,Positive,2,train
UgxkAzCTDDYYtznMO714AaABAg,H7q7q1IwEY4,क्रिकेट हाइलाइट्स हिंदी,Neutral,1,train
UgwkucIm2JANITLiQwV4AaABAg,j0GPS4-Hzjs,टीम इंडिया हार,Positive,2,train
Ugz3Epn9IREKgtrhrdd4AaABAg,0xI6LADDw3A,टीम इंडिया हार,Positive,2,train
Ugx4OowR4nGNGwhiLzV4AaABAg,m6TaFjvrsqE,टीम इंडिया हार,Positive,2,train
Ugzq4SC3M7B9pzFnXOZ4AaABAg,mYivERVT1-g,टीम इंडिया हार,Positive,2,train
Ugymxc6Zo-mdmBtyKHh4AaABAg,2u70UbLyO0s,विराट कोहली,Positive,2,train
UgziM5cxagFP0Ch45n94AaABAg,VRNVxhlPvBE,एमएस धोनी,Neutral,1,train
Ugyu44x5RcvWNM-o73J4AaABAg,7Yt5Xpnvl6s,खेल समाचार हिंदी,Negative,0,train
Ugx8EafTkvCxyS4jniF4AaABAg,CVRuytf_zm8,नीरज चोपड़ा,Neutral,1,train
UgxXFP1NxhZgP45E8Dt4AaABAg,cgTIgkM2iyI,टीम इंडिया जीत,Negative,0,train
UgzIHjRvjaVfFSPNvOZ4AaABAg,IlDcNvSuu3I,खेल समाचार हिंदी,Negative,0,train
UgzLOna2_A5h0MYnw4R4AaABAg,_fZYUtRgYRQ,भारत बनाम पाकिस्तान क्रिकेट,Positive,2,train
Ugw869g1Ptg41vhtCCN4AaABAg,5b0Kgb_x5d8,टीम इंडिया हार,Negative,0,train
UgyyxC_VUIRDZ2mC7-h4AaABAg,FR2SkETgQ0o,विनेश फोगाट कुश्ती,Positive,2,train
UgzDiNNqc8oM3s3L0hV4AaABAg,oZUpj8GYbIY,प्रो कबड्डी,Positive,2,train
Ugw5RK14bRvyVFavrJR4AaABAg,wY6UyatwVTA,क्रिकेट हाइलाइट्स हिंदी,Neutral,1,train
UgwIejQl-rJKF9csA7p4AaABAg,mo4X4Q4L3kU,नीरज चोपड़ा,Positive,2,train
Ugz0u9IEwArgUIorynd4AaABAg,JxdXGM-vPWM,विनेश फोगाट कुश्ती,Positive,2,train
UgzDQPq4oX_t3hq6-LN4AaABAg,LDwhd2nI1eA,ओलंपिक भारत हिंदी,Positive,2,train
Ugw5ETTxV-Tn2dWYrOV4AaABAg,fpmSOInFj4A,नीरज चोपड़ा,Negative,0,train
Ugz09Lh6SDWEKbFeGr94AaABAg,m6TaFjvrsqE,टीम इंडिया हार,Positive,2,train
Ugzuv7uEDSGoVrO7OMt4AaABAg,CVRuytf_zm8,नीरज चोपड़ा,Negative,0,train
UgyV_zw7ddBrG8EugHx4AaABAg,CVRuytf_zm8,नीरज चोपड़ा,Neutral,1,train
UgyJldfnKqSC-A85FE94AaABAg,7Yt5Xpnvl6s,खेल समाचार हिंदी,Negative,0,train
Ugw4QabYijzXK9x79-h4AaABAg,DhxtvDzaBg0,टीम इंडिया हार,Positive,2,train
Ugy1JQ1lAkfnnc3swg14AaABAg,mYivERVT1-g,टीम इंडिया हार,Negative,0,train
UgwqepugQq_bg-R0gJx4AaABAg,oZUpj8GYbIY,प्रो कबड्डी,Positive,2,train
UgwQ8TTOoWTXr5Y46O54AaABAg,_fZYUtRgYRQ,भारत बनाम पाकिस्तान क्रिकेट,Negative,0,train
Ugzsj75fR35ylxjf36N4AaABAg,wg1m1TWI0KI,रोहित शर्मा,Neutral,1,train
Ugx2cZJlT6zGvo9rf8d4AaABAg,IlDcNvSuu3I,खेल समाचार हिंदी,Negative,0,train
UgwdBB_kEWfMYv4XnmN4AaABAg,MUPrf3FIq3g,एमएस धोनी,Negative,0,train
UgwBZYivlfWr31nxTGN4AaABAg,CVRuytf_zm8,नीरज चोपड़ा,Negative,0,train
Ugzgov-klbiT0ZkBXE54AaABAg,xmg7vO6GCWU,रोहित शर्मा,Neutral,1,train
UgzmYcFPeiDIHrx6iJF4AaABAg,LDwhd2nI1eA,ओलंपिक भारत हिंदी,Negative,0,train
UgywAhbxHRUczsYbQ0t4AaABAg,DhxtvDzaBg0,टीम इंडिया हार,Positive,2,train
Ugz2BgEl8ei1kFs9S5l4AaABAg,7Yt5Xpnvl6s,खेल समाचार हिंदी,Negative,0,train
UgxDKGYCL4ra6FKhC8p4AaABAg,xmg7vO6GCWU,रोहित शर्मा,Negative,0,train
Ugxy3dO2ZleEFcl-7a14AaABAg,d4QBKbIbGco,खेल समाचार हिंदी,Negative,0,train
UgyvlVNswCQPljB-5mF4AaABAg,HheJON-C7Rs,शुभमन गिल,Positive,2,train
UgwqCGDB4Wtj8Ij51uR4AaABAg,-96tVt9zZ8M,खेल समाचार हिंदी,Neutral,1,train
UgzNL-nW9FavjEKJmIN4AaABAg,nDmrjV8M1Wo,भारत बनाम पाकिस्तान क्रिकेट,Positive,2,train
UgwYKKTNroXWMKMIuTR4AaABAg,xmg7vO6GCWU,रोहित शर्मा,Neutral,1,train
UgzRy4gP3Mhcow7Ejuh4AaABAg,0xI6LADDw3A,टीम इंडिया हार,Negative,0,train
UgyZqk_Wy4hS5rcXuX14AaABAg,oZUpj8GYbIY,प्रो कबड्डी,Positive,2,train
UgxybWHfP_vkwozO8SF4AaABAg,d93flq_4BKY,शुभमन गिल,Negative,0,train
Ugymx8mFm0Agqbsqst94AaABAg,mYivERVT1-g,टीम इंडिया हार,Negative,0,train
UgxTUSl69PCzcuuXfDR4AaABAg,YXiRa5A-LKY,ओलंपिक भारत हिंदी,Negative,0,train
UgyVrtAHpZKbFm8Jrb94AaABAg,fvveJ66s0wg,भारत बनाम पाकिस्तान क्रिकेट,Positive,2,train
Ugw0Ch9mQObnvmnYbAx4AaABAg,cgTIgkM2iyI,टीम इंडिया जीत,Positive,2,train
UgxE9ishZZAVc9XVMDF4AaABAg,Fq6mlKQPpAM,नीरज चोपड़ा,Positive,2,train
UgzB9aAsJM6jeN5qCOt4AaABAg,m6TaFjvrsqE,टीम इंडिया हार,Positive,2,train
UgxBAqxYkJO_D6hkxzd4AaABAg,vXsioE-C9wM,खेल समाचार हिंदी,Negative,0,train
UgxP9USFBHbVPyfClN14AaABAg,cgTIgkM2iyI,टीम इंडिया जीत,Positive,2,train
Ugz4k8raiuJC4Hbbbcp4AaABAg,fsRKvb9qRx8,शुभमन गिल,Positive,2,train
UgzYi9uHAGt_vloHg9l4AaABAg,JxdXGM-vPWM,विनेश फोगाट कुश्ती,Positive,2,train
Ugy1_IYQ9t95nqI7EKN4AaABAg,WIIvp8MWfCg,हॉकी इंडिया,Negative,0,train
Ugy-cMExjug-79qLaL54AaABAg,WIIvp8MWfCg,हॉकी इंडिया,Negative,0,train
UgxpWlwvsJNhLO_O8594AaABAg,mo4X4Q4L3kU,नीरज चोपड़ा,Positive,2,train
UgwLfRZQ1mNZkwtz2f14AaABAg,ReVTGCbDzfw,टीम इंडिया जीत,Positive,2,train
UgwEQ9foqo_UdFLXSHd4AaABAg,oZUpj8GYbIY,प्रो कबड्डी,Positive,2,train
Ugz7wgZhThzUe6jfjk54AaABAg,j0GPS4-Hzjs,टीम इंडिया हार,Positive,2,train
UgzFQXrKXn02WWeQGNN4AaABAg,WIIvp8MWfCg,हॉकी इंडिया,Negative,0,train
UgxM3cB92w76Y_b-sD14AaABAg,WwSyB8yo2XI,भारत बनाम पाकिस्तान क्रिकेट,Negative,0,train
UgzsCjiQj2RRwkt3axB4AaABAg,OawmHMda9fQ,विराट कोहली,Neutral,1,train
Ugzka3YVJY7EsUUc8Ql4AaABAg,7Yt5Xpnvl6s,खेल समाचार हिंदी,Negative,0,train
UgxPKctl3dzrJsvhB2t4AaABAg,blu3Ez0VSSE,एमएस धोनी,Positive,2,train
Ugwhu5S78ex_6hfaxUl4AaABAg,d93flq_4BKY,शुभमन गिल,Negative,0,train
Ugx_jQBz7eq006kWc-94AaABAg,j0GPS4-Hzjs,टीम इंडिया हार,Positive,2,train
UgyfPIFhyw3MPOrrMjh4AaABAg,Fq6mlKQPpAM,नीरज चोपड़ा,Positive,2,train
UgxmI2DYvw2B0JGmVFJ4AaABAg,6aYlRB8LJVU,शुभमन गिल,Neutral,1,train
Ugzs2-KGYGNsYg8bxcp4AaABAg,hHfPkMCbSh8,एमएस धोनी,Positive,2,train
Ugy-nfPoPwi9CRo67Cx4AaABAg,ZkSLyYRVrMM,विराट कोहली,Negative,0,train
UgzLw6VnOgUtURGYTYl4AaABAg,uSGCAJS6qWg,भारत बनाम पाकिस्तान क्रिकेट,Negative,0,train
Ugz6VV3-b_PkpaZa-q54AaABAg,mYivERVT1-g,टीम इंडिया हार,Negative,0,train
UgylbT-2w-63TiBVMAt4AaABAg,JxdXGM-vPWM,विनेश फोगाट कुश्ती,Neutral,1,train
UgzMo0lpxbmnJzdoZXh4AaABAg,ZkSLyYRVrMM,विराट कोहली,Negative,0,train
Ugy6de0FNi6BvT_Jncl4AaABAg,mo4X4Q4L3kU,नीरज चोपड़ा,Positive,2,train
Ugxp6kIw0sGj9lc-bO14AaABAg,X4OB4-Itx8E,विनेश फोगाट कुश्ती,Positive,2,train
UgwFjBkhGRJAWPh8KxN4AaABAg,vXsioE-C9wM,खेल समाचार हिंदी,Positive,2,train
Ugx1mPsp805lKNLr65d4AaABAg,7Yt5Xpnvl6s,खेल समाचार हिंदी,Negative,0,train
UgxOzldPVv-oS2LMMNV4AaABAg,VRNVxhlPvBE,एमएस धोनी,Positive,2,train
UgzbsldoqKAjIjiQqWV4AaABAg,-96tVt9zZ8M,खेल समाचार हिंदी,Negative,0,train
Ugzl20SuM-afGuQtsDt4AaABAg,CVRuytf_zm8,नीरज चोपड़ा,Positive,2,train
UgzrWBo4H7uGo3dbaXR4AaABAg,RRdg44agPoU,विनेश फोगाट कुश्ती,Positive,2,train
UgzQSK17M3et7hCS6EV4AaABAg,huPXXPvZ3P0,रोहित शर्मा,Positive,2,train
UgzkO8pjLirJtFOh-wp4AaABAg,fuPMM1cMQrM,प्रो कबड्डी,Negative,0,train
UgxMRRLJH212l6yeIR94AaABAg,cgTIgkM2iyI,टीम इंडिया जीत,Neutral,1,train
Ugzt23gxXz0V25H50s54AaABAg,mYivERVT1-g,टीम इंडिया हार,Negative,0,train
UgyR-rXKvQfxGos7GKp4AaABAg,5iasPyNE1UA,नीरज चोपड़ा,Negative,0,train
UgyyCdGLCT0X26_NwAF4AaABAg,nFxie8HZvyk,शुभमन गिल,Neutral,1,train
UgyCO-U5A3lQQ1avNGF4AaABAg,oZUpj8GYbIY,प्रो कबड्डी,Positive,2,train
UgzN5JOexAAKETkQHkV4AaABAg,X4OB4-Itx8E,विनेश फोगाट कुश्ती,Negative,0,train
UgxbyP3dgtUJBUeDWQ14AaABAg,hHfPkMCbSh8,एमएस धोनी,Neutral,1,train
Ugzp3akg_AbrJHE6jU94AaABAg,cgTIgkM2iyI,टीम इंडिया जीत,Negative,0,train
UgysFQimGQqgcsjHvxR4AaABAg,VRNVxhlPvBE,एमएस धोनी,Neutral,1,train
Ugz1k7cJXlJoRZpaaMt4AaABAg,VLmkv3PLjlc,रोहित शर्मा,Negative,0,train
UgwlH21wyGuzocM8A614AaABAg,ReVTGCbDzfw,टीम इंडिया जीत,Positive,2,train
Ugy69JTHbB1WiQ7YE5N4AaABAg,oZUpj8GYbIY,प्रो कबड्डी,Positive,2,train
UgwacFY4rY_0QFrq7W14AaABAg,9AF2cOl4gjQ,प्रो कबड्डी,Positive,2,train
Ugw2z2humG-JTt9MEOR4AaABAg,9tKuk3KRZss,टीम इंडिया जीत,Neutral,1,train
UgwMFTf3a-bYtuKYj754AaABAg,eKYNtBgMeSg,टीम इंडिया हार,Positive,2,train
Ugz18S-aS-PVSNstsYt4AaABAg,X4OB4-Itx8E,विनेश फोगाट कुश्ती,Positive,2,train
UgzoB3bX69UVFfopkNh4AaABAg,j0GPS4-Hzjs,टीम इंडिया हार,Neutral,1,train
UgwtNw6nMnpG3mPXJ2R4AaABAg,eKYNtBgMeSg,टीम इंडिया हार,Negative,0,train
Ugxop0nvKqI9vMkCS9N4AaABAg,nFxie8HZvyk,शुभमन गिल,Negative,0,train
UgyczY17fX75JxmeZV94AaABAg,_fZYUtRgYRQ,भारत बनाम पाकिस्तान क्रिकेट,Negative,0,train
UgxjBIftXfjlMCS62TZ4AaABAg,LDwhd2nI1eA,ओलंपिक भारत हिंदी,Positive,2,train
UgzFtZsfJ4qLPgVunlN4AaABAg,mYivERVT1-g,टीम इंडिया हार,Negative,0,train
UgwSKw5ZKkEdGnXzomV4AaABAg,-VPYd0WqOAM,टीम इंडिया हार,Positive,2,train
UgxFDPr82PGroEfCJWN4AaABAg,hHfPkMCbSh8,एमएस धोनी,Positive,2,train
Ugye2Cp8VUH3_3vHgVB4AaABAg,YXiRa5A-LKY,ओलंपिक भारत हिंदी,Positive,2,train
UgwCShGWDnLTlQr0VO14AaABAg,H7q7q1IwEY4,क्रिकेट हाइलाइट्स हिंदी,Positive,2,train
UgzVkECQLv1VjiS0lCd4AaABAg,2u70UbLyO0s,विराट कोहली,Positive,2,train
UgyUMELziAu95E9f1tJ4AaABAg,d93flq_4BKY,शुभमन गिल,Negative,0,train
Ugx3wfdeMwz9mIgC2v14AaABAg,RiFzSORKO8o,खेल समाचार हिंदी,Neutral,1,train
UgzFMwf5z7UoQAe-oUJ4AaABAg,fa9my1Q-CWY,प्रो कबड्डी,Positive,2,train
UgxNj_0ku7oHJFl_13h4AaABAg,cgTIgkM2iyI,टीम इंडिया जीत,Positive,2,train
Ugzf9AnjYIc_SYwdHNZ4AaABAg,vXsioE-C9wM,खेल समाचार हिंदी,Negative,0,train
UgyOzHksXhmY0LIuSM14AaABAg,LLNdaQd5rMY,रोहित शर्मा,Negative,0,train
UgysqqySWZed2nS6brp4AaABAg,H7q7q1IwEY4,क्रिकेट हाइलाइट्स हिंदी,Neutral,1,train
Ugxuc2NVCG1gy4p-Sit4AaABAg,mYivERVT1-g,टीम इंडिया हार,Negative,0,train
UgzEdQsB6TfgPayVt2V4AaABAg,wg1m1TWI0KI,रोहित शर्मा,Positive,2,train
Ugwnsq1Xn68qpMw4CIR4AaABAg,ReVTGCbDzfw,टीम इंडिया जीत,Positive,2,train
UgzKthTAriZqzR-jmg54AaABAg,ReVTGCbDzfw,टीम इंडिया जीत,Positive,2,train
Ugw7Tt9G3VGwnm7yjMZ4AaABAg,6vlujRLmTjM,विनेश फोगाट कुश्ती,Negative,0,train
UgwfhIqUNa0fKu74ESV4AaABAg,nsguh1qsUY0,खेल समाचार हिंदी,Negative,0,train
Ugwjko7goRZgxs0C6VZ4AaABAg,4TOuvu8C5y4,टीम इंडिया जीत,Positive,2,train
UgxBV20q0LhBB0qs6-R4AaABAg,x_prt6sDXUQ,विराट कोहली,Negative,0,train
UgxK0RzUzgsf4lpm_Vl4AaABAg,UQNLGJARdZM,एमएस धोनी,Negative,0,train
UgzLDi0GvmiLjCh8tzV4AaABAg,mYivERVT1-g,टीम इंडिया हार,Negative,0,train
UgyRgKdALATqLvTCiy94AaABAg,ReVTGCbDzfw,टीम इंडिया जीत,Positive,2,train
UgzmV_P2IY9uuzjLGVN4AaABAg,nhqQWXNdivo,एमएस धोनी,Negative,0,train
Ugy1v3oPwk6MQXFLT4l4AaABAg,fvveJ66s0wg,भारत बनाम पाकिस्तान क्रिकेट,Negative,0,train
Ugz6Yf9QwxJyebeUwvZ4AaABAg,mYivERVT1-g,टीम इंडिया हार,Neutral,1,train
UgwhLRMZhJdV-Y99Sih4AaABAg,FwW1nVvr_B8,विराट कोहली,Negative,0,train
UgxvdpOGMsEVcZIoRJd4AaABAg,6vlujRLmTjM,विनेश फोगाट कुश्ती,Positive,2,train
UgzIq8SN85C6JRpTw_N4AaABAg,vXsioE-C9wM,खेल समाचार हिंदी,Negative,0,train
UgxDxxCF0-GkoQar_GF4AaABAg,7Yt5Xpnvl6s,खेल समाचार हिंदी,Negative,0,train
Ugz0JHYWeAaZn7KFBTx4AaABAg,H7q7q1IwEY4,क्रिकेट हाइलाइट्स हिंदी,Neutral,1,train
Ugz3VpBOJKPbW6qLDkx4AaABAg,fzOVeNcFT3Q,भारत बनाम पाकिस्तान क्रिकेट,Positive,2,train
UgyNx--Arvtw5xoyXol4AaABAg,_ZGGExfY7zs,रोहित शर्मा,Positive,2,train
Ugwl1aleHOTRFJoY6hp4AaABAg,2u70UbLyO0s,विराट कोहली,Positive,2,train
UgyEIVBTO-AFWclf0U94AaABAg,mYivERVT1-g,टीम इंडिया हार,Negative,0,train
UgyB1kdlMrRL4kqk4xV4AaABAg,CVRuytf_zm8,नीरज चोपड़ा,Neutral,1,train
Ugzha665n5yBRuGN6c54AaABAg,blu3Ez0VSSE,एमएस धोनी,Positive,2,train
UgwaErerZcVqGXn-HlJ4AaABAg,mo4X4Q4L3kU,नीरज चोपड़ा,Positive,2,train
UgwDaa2Gz3VX6R6J4Lt4AaABAg,zryGpo3FQZY,एशिया कप हिंदी,Positive,2,train
UgxMWOw0U10cgNik8Hl4AaABAg,H7q7q1IwEY4,क्रिकेट हाइलाइट्स हिंदी,Positive,2,train
UgxgVNwZPVtHoF0PbgJ4AaABAg,RiFzSORKO8o,खेल समाचार हिंदी,Negative,0,train
UgxLCxzMG9U7DZCkS-F4AaABAg,blu3Ez0VSSE,एमएस धोनी,Negative,0,train
UgzjD1hTIW7NU5ymH1N4AaABAg,30ym5bs64EM,टीम इंडिया जीत,Positive,2,train
Ugz3HpmWOuXl3rZRRZZ4AaABAg,luSat_G-U64,विनेश फोगाट कुश्ती,Positive,2,train
UgyyPPnjapKsX50Tw5F4AaABAg,cgTIgkM2iyI,टीम इंडिया जीत,Negative,0,train
Ugw47PjlpDUD8jQo_-94AaABAg,LDwhd2nI1eA,ओलंपिक भारत हिंदी,Negative,0,train
UgzcLj_s6grxI-zigjV4AaABAg,H7q7q1IwEY4,क्रिकेट हाइलाइट्स हिंदी,Neutral,1,train
UgzKZr9Bzty5_507MS14AaABAg,mEOBGY4-7JA,क्रिकेट हाइलाइट्स हिंदी,Neutral,1,train
UgyqgsvjlBJhL2HGvgt4AaABAg,5dr3VzpoMfM,टीम इंडिया जीत,Positive,2,train
Ugwr2s7UYFrFvR_akGt4AaABAg,_fZYUtRgYRQ,भारत बनाम पाकिस्तान क्रिकेट,Positive,2,train
Ugx_7SBZReEQ47bHFnF4AaABAg,5dr3VzpoMfM,टीम इंडिया जीत,Positive,2,train
Ugx_jY_j1RoI7jOlCel4AaABAg,WIIvp8MWfCg,हॉकी इंडिया,Negative,0,train
UgwcHAQW4Lob2AbcQKx4AaABAg,DhxtvDzaBg0,टीम इंडिया हार,Neutral,1,train
Ugy-y15oYQj-q2EYJ914AaABAg,X4OB4-Itx8E,विनेश फोगाट कुश्ती,Positive,2,train
UgznnY1Ovm1OVjcEWbN4AaABAg,30dw7dKnwp4,विराट कोहली,Negative,0,train
Ugz9MR8IZFq3uJ9i8cx4AaABAg,mYivERVT1-g,टीम इंडिया हार,Positive,2,train
Ugz16onZI1I98J0H8jd4AaABAg,X4OB4-Itx8E,विनेश फोगाट कुश्ती,Positive,2,train
UgxuT46bZpRD7Yk4qOF4AaABAg,p5oIGfizFBk,हॉकी इंडिया,Negative,0,train
UgxQ0B8AEOFzaLgdaMR4AaABAg,CVRuytf_zm8,नीरज चोपड़ा,Negative,0,train
Ugy3mIXKKetYWj2rcXB4AaABAg,HsysMuOxlc8,टीम इंडिया हार,Positive,2,train
UgzhDYbKwSzbr2gWRtR4AaABAg,nhqQWXNdivo,एमएस धोनी,Positive,2,train
UgwMNNmwWpcbqE7APe14AaABAg,h93zAYPp_xA,शुभमन गिल,Negative,0,train
Ugy787X6Bk5H4PNKRQ54AaABAg,rDyUKfq7B-g,विनेश फोगाट कुश्ती,Neutral,1,train
UgzJHzgHkn1gCoKOmAV4AaABAg,mYivERVT1-g,टीम इंडिया हार,Negative,0,train
Ugy28V050GGMf8AGoyl4AaABAg,MUPrf3FIq3g,एमएस धोनी,Positive,2,train
UgwYEcyPWyqLQirGYCJ4AaABAg,0cz5ryoqeK8,ओलंपिक भारत हिंदी,Positive,2,train
UgwHx4m3N-FcVubJeyd4AaABAg,mYivERVT1-g,टीम इंडिया हार,Negative,0,train
Ugw_oKPpiBzNRNhIq5F4AaABAg,mYivERVT1-g,टीम इंडिया हार,Positive,2,train
UgyUXbpaFST5sOYBwBR4AaABAg,7Yt5Xpnvl6s,खेल समाचार हिंदी,Negative,0,train
UgwkHiB-2v433epMM8l4AaABAg,VLmkv3PLjlc,रोहित शर्मा,Negative,0,train
Ugzs5bxxhddR7Kzzox54AaABAg,d93flq_4BKY,शुभमन गिल,Negative,0,train
Ugzo2tPh3K8b7qYK1D14AaABAg,xmg7vO6GCWU,रोहित शर्मा,Neutral,1,train
Ugy45DVXx_MXu5jgn9d4AaABAg,2u70UbLyO0s,विराट कोहली,Neutral,1,train
Ugzap2kVvcJ08rcjx5p4AaABAg,nFxie8HZvyk,शुभमन गिल,Positive,2,train
Ugzfjh6F0QrAnWNSwiF4AaABAg,30ym5bs64EM,टीम इंडिया जीत,Negative,0,train
Ugwm9JR2cBqNUKIpXF94AaABAg,ReVTGCbDzfw,टीम इंडिया जीत,Positive,2,train
Ugz5TtDlWV_LHA5hyId4AaABAg,nsguh1qsUY0,खेल समाचार हिंदी,Negative,0,train
Ugy3cs5kZr0pAGDeH-h4AaABAg,MAm0RLQpYas,भारत बनाम पाकिस्तान क्रिकेट,Negative,0,train
UgzkFARvg4zTbJ6I9Rl4AaABAg,CVRuytf_zm8,नीरज चोपड़ा,Neutral,1,train
UgywGsnSUq1e4dskRhZ4AaABAg,fzOVeNcFT3Q,भारत बनाम पाकिस्तान क्रिकेट,Positive,2,train
Ugwv7bEOmUriJ-Gl5gx4AaABAg,nFxie8HZvyk,शुभमन गिल,Negative,0,train
UgxBvMgTu_kAFc3h-ZR4AaABAg,eKYNtBgMeSg,टीम इंडिया हार,Positive,2,train
UgwhkdSwwRQtuF2Rt4d4AaABAg,Fq6mlKQPpAM,नीरज चोपड़ा,Neutral,1,train
Ugw41YPPGVid8CyDqwx4AaABAg,x_prt6sDXUQ,विराट कोहली,Neutral,1,train
UgxTl3cw5tkUZhgMALF4AaABAg,Ustiji6bVus,ओलंपिक भारत हिंदी,Negative,0,train
Ugz5AixommZFTzibqNh4AaABAg,X4OB4-Itx8E,विनेश फोगाट कुश्ती,Negative,0,train
Ugx3ntB8RtVgh3gzkY54AaABAg,RiFzSORKO8o,खेल समाचार हिंदी,Negative,0,train
UgydJhIGr7AHCDhrSkN4AaABAg,LLNdaQd5rMY,रोहित शर्मा,Positive,2,train
UgyqLPCe7jxnkR42k-R4AaABAg,7Yt5Xpnvl6s,खेल समाचार हिंदी,Neutral,1,train
UgwxR1uKGcCSNnpxqVZ4AaABAg,7Yt5Xpnvl6s,खेल समाचार हिंदी,Negative,0,train
UgznfJ7A7Zadi4O1Ks14AaABAg,WIIvp8MWfCg,हॉकी इंडिया,Positive,2,train
UgztjOnO4DSpbMFJKYt4AaABAg,nsguh1qsUY0,खेल समाचार हिंदी,Neutral,1,train
UgwINqEzwhLETGKt2Yd4AaABAg,nFxie8HZvyk,शुभमन गिल,Negative,0,train
Ugy5surd84yxjRSXaKB4AaABAg,WIIvp8MWfCg,हॉकी इंडिया,Negative,0,train
UgwLDHSAgAEncUM3ZaV4AaABAg,IlDcNvSuu3I,खेल समाचार हिंदी,Negative,0,train
Ugwz-N1ONsIhxlOJqTx4AaABAg,cgTIgkM2iyI,टीम इंडिया जीत,Negative,0,train
UgzT3A8UZl_JH-UcTfd4AaABAg,CVRuytf_zm8,नीरज चोपड़ा,Positive,2,train
Ugw8VnwErdTohOAUNQ94AaABAg,luSat_G-U64,विनेश फोगाट कुश्ती,Positive,2,train
UgyQADujFzi4zoH7ze94AaABAg,MUPrf3FIq3g,एमएस धोनी,Negative,0,train
Ugx-Dk1om24ao7We6X94AaABAg,5dr3VzpoMfM,टीम इंडिया जीत,Positive,2,train
Ugzs1ccrkNFPH5L1M_t4AaABAg,fzOVeNcFT3Q,भारत बनाम पाकिस्तान क्रिकेट,Positive,2,train
UgwC0aiq10pfAiymytd4AaABAg,cgTIgkM2iyI,टीम इंडिया जीत,Positive,2,train
UgyYmQ-e5KNTnd6Cu_94AaABAg,mo4X4Q4L3kU,नीरज चोपड़ा,Positive,2,train
Ugxn8_XbycSjQSPdKIF4AaABAg,CVRuytf_zm8,नीरज चोपड़ा,Negative,0,train
Ugyx0W60En3jBcRbCk94AaABAg,nFxie8HZvyk,शुभमन गिल,Negative,0,train
Ugx60ATm-bvrPGZAeHZ4AaABAg,5dr3VzpoMfM,टीम इंडिया जीत,Positive,2,train
UgzgNXdbHitNnee-g1R4AaABAg,DhxtvDzaBg0,टीम इंडिया हार,Positive,2,train
UgzpIHkyObniKufWDbh4AaABAg,vXsioE-C9wM,खेल समाचार हिंदी,Negative,0,train
UgzXbbSXDXQHjxGBAyB4AaABAg,5dr3VzpoMfM,टीम इंडिया जीत,Negative,0,train
UgyEN5KfY7BSb5WNHiV4AaABAg,CVRuytf_zm8,नीरज चोपड़ा,Positive,2,train
UgzlZRZEVGJncgfxahx4AaABAg,LLNdaQd5rMY,रोहित शर्मा,Positive,2,train
UgwtYKYdxsSzHaQ9IAp4AaABAg,j0GPS4-Hzjs,टीम इंडिया हार,Positive,2,train
UgzGrbNAujfQMf0qh8J4AaABAg,oZUpj8GYbIY,प्रो कबड्डी,Positive,2,train
UgwqRTVdCK6JRZnXrRh4AaABAg,FwW1nVvr_B8,विराट कोहली,Negative,0,train
UgzbFN7_1_4KY3bv0lF4AaABAg,MUPrf3FIq3g,एमएस धोनी,Negative,0,train
UgyoXxQzDCbI8rdsKy94AaABAg,5iasPyNE1UA,नीरज चोपड़ा,Negative,0,train
Ugzy3yOPUgUVtVDuu514AaABAg,7Yt5Xpnvl6s,खेल समाचार हिंदी,Neutral,1,train
UgyL61RngO345EXPHOd4AaABAg,mo4X4Q4L3kU,नीरज चोपड़ा,Positive,2,train
UgyQyxvpYZKFYvCRbQV4AaABAg,WIIvp8MWfCg,हॉकी इंडिया,Negative,0,train
UgyWN1hUF3mc2OCql-N4AaABAg,uSGCAJS6qWg,भारत बनाम पाकिस्तान क्रिकेट,Neutral,1,train
UgyUib3IzyXdo_U6JJ94AaABAg,ReVTGCbDzfw,टीम इंडिया जीत,Positive,2,train
UgxqZWGBt-mCyKKPzwJ4AaABAg,Fq6mlKQPpAM,नीरज चोपड़ा,Negative,0,train
Ugz6l1-EB82K-0-OCsd4AaABAg,uSGCAJS6qWg,भारत बनाम पाकिस्तान क्रिकेट,Negative,0,train
Ugwrvlbna9HBAKUZQOl4AaABAg,4TOuvu8C5y4,टीम इंडिया जीत,Negative,0,train
UgwDnQAZD-ImazdhEOp4AaABAg,HheJON-C7Rs,शुभमन गिल,Negative,0,train
UgxIUqFk82QiEgl1vaR4AaABAg,LLNdaQd5rMY,रोहित शर्मा,Neutral,1,train
Ugwgs_R_sswjnTLU1W14AaABAg,H7q7q1IwEY4,क्रिकेट हाइलाइट्स हिंदी,Negative,0,train
Ugxe6cCPE7DtisXVaSR4AaABAg,FUPfVqR5Hys,रोहित शर्मा,Positive,2,train
Ugw15q2tq1F0akSMeHN4AaABAg,nFxie8HZvyk,शुभमन गिल,Negative,0,train
UgzHVr-mMVOH-poXZzJ4AaABAg,mYivERVT1-g,टीम इंडिया हार,Negative,0,train
UgyqoHvEj8on-Kqbq2V4AaABAg,5iasPyNE1UA,नीरज चोपड़ा,Negative,0,train
Ugx5cl-qEL_4NZfxxuJ4AaABAg,m6TaFjvrsqE,टीम इंडिया हार,Negative,0,train
Ugx484tEFKnuoU4j4iB4AaABAg,m6TaFjvrsqE,टीम इंडिया हार,Positive,2,train
UgwyZgnXLgFHGthQOzx4AaABAg,JxdXGM-vPWM,विनेश फोगाट कुश्ती,Positive,2,train
UgzbsvbxUWlj0RUhsYJ4AaABAg,7Yt5Xpnvl6s,खेल समाचार हिंदी,Negative,0,train
UgygTyFeNOMpzk0VdJ54AaABAg,HheJON-C7Rs,शुभमन गिल,Neutral,1,train
UgzX2P4i5XdQBHr22I14AaABAg,CVRuytf_zm8,नीरज चोपड़ा,Neutral,1,train
Ugwj8mmfewlKDUqJq2R4AaABAg,m6TaFjvrsqE,टीम इंडिया हार,Positive,2,train
UgyqB080O6Iwm74sHlJ4AaABAg,cgTIgkM2iyI,टीम इंडिया जीत,Neutral,1,train
UgzkBhN-0P-SvFbVo9J4AaABAg,LDwhd2nI1eA,ओलंपिक भारत हिंदी,Positive,2,train
UgzFmcRlkLMt67obSTZ4AaABAg,vXsioE-C9wM,खेल समाचार हिंदी,Negative,0,train
UgxosqmXZ5PfSbkfVZt4AaABAg,RiFzSORKO8o,खेल समाचार हिंदी,Neutral,1,train
UgxlW4XB9aa29gDrXfN4AaABAg,MAm0RLQpYas,भारत बनाम पाकिस्तान क्रिकेट,Negative,0,train
Ugw0gVZxG2c0kMX4dgp4AaABAg,mYivERVT1-g,टीम इंडिया हार,Negative,0,train
UgyaLN9BYyABxjHIF894AaABAg,IlDcNvSuu3I,खेल समाचार हिंदी,Negative,0,train
UgzibLIUuXvDOKBTgR94AaABAg,5dr3VzpoMfM,टीम इंडिया जीत,Positive,2,train
UgzoZ3Fw9SfffqUts3l4AaABAg,DhxtvDzaBg0,टीम इंडिया हार,Negative,0,train
UgwaBezJheK7bKQqYw54AaABAg,0cz5ryoqeK8,ओलंपिक भारत हिंदी,Positive,2,train
Ugyc9CF05mYm4GAomyV4AaABAg,X4OB4-Itx8E,विनेश फोगाट कुश्ती,Negative,0,train
UgxuwOry_3zsYTwTO4R4AaABAg,mEOBGY4-7JA,क्रिकेट हाइलाइट्स हिंदी,Neutral,1,train
UgxOMFFKEbxEJDZ0IM14AaABAg,WIIvp8MWfCg,हॉकी इंडिया,Negative,0,train
UgxqvDLVV6gtf9ehqON4AaABAg,5iasPyNE1UA,नीरज चोपड़ा,Neutral,1,train
UgyP6mwzzD8bsjL2zvR4AaABAg,X4OB4-Itx8E,विनेश फोगाट कुश्ती,Negative,0,train
Ugwn0jToCF148ZonROd4AaABAg,LLNdaQd5rMY,रोहित शर्मा,Neutral,1,train
UgwAYNERoxhGrnfvMa14AaABAg,rDyUKfq7B-g,विनेश फोगाट कुश्ती,Positive,2,train
Ugx14wqPcRERc17DMVx4AaABAg,mo4X4Q4L3kU,नीरज चोपड़ा,Positive,2,train
Ugwshh6sxC4IBEzY5994AaABAg,MUPrf3FIq3g,एमएस धोनी,Neutral,1,train
Ugz9-TOJa8JDbNrDy2d4AaABAg,_fZYUtRgYRQ,भारत बनाम पाकिस्तान क्रिकेट,Negative,0,train
UgzHeRSm71lRUHueoDJ4AaABAg,huPXXPvZ3P0,रोहित शर्मा,Positive,2,train
UgyfH-OoEXvoaiXflZt4AaABAg,wY6UyatwVTA,क्रिकेट हाइलाइट्स हिंदी,Positive,2,train
Ugzno391bwQRfIDSdYZ4AaABAg,Fq6mlKQPpAM,नीरज चोपड़ा,Positive,2,train
Ugxxm4ebIKW7MeIY0PR4AaABAg,WIIvp8MWfCg,हॉकी इंडिया,Negative,0,train
Ugyk7lNXtkl4QsmZmAd4AaABAg,fzOVeNcFT3Q,भारत बनाम पाकिस्तान क्रिकेट,Negative,0,train
UgzP35ghz3xc-v28RUt4AaABAg,m6TaFjvrsqE,टीम इंडिया हार,Positive,2,train
Ugz1uEDPfcTYHlU8ujB4AaABAg,luSat_G-U64,विनेश फोगाट कुश्ती,Positive,2,train
Ugyiehqv-9Jo9tK0N-p4AaABAg,UQNLGJARdZM,एमएस धोनी,Neutral,1,train
UgxniWA7oaxLVS8wNE94AaABAg,mYivERVT1-g,टीम इंडिया हार,Negative,0,train
UgwvD8JT2wK_yu301qV4AaABAg,cgTIgkM2iyI,टीम इंडिया जीत,Negative,0,train
UgzWv4kaD5hl7FUaeN14AaABAg,yZFCSDiAPBA,एमएस धोनी,Positive,2,train
UgwHZw5ChKeb-yqg8zl4AaABAg,H7q7q1IwEY4,क्रिकेट हाइलाइट्स हिंदी,Negative,0,train
Ugytv0-5NbjJVOQj0Kh4AaABAg,cgTIgkM2iyI,टीम इंडिया जीत,Positive,2,train
Ugy5CjsjihOpPfYcuAJ4AaABAg,oZUpj8GYbIY,प्रो कबड्डी,Negative,0,train
UgyhhXUZQL5MKzEEfhF4AaABAg,uSGCAJS6qWg,भारत बनाम पाकिस्तान क्रिकेट,Negative,0,train
Ugx80RlMteCkwly_y7N4AaABAg,cgTIgkM2iyI,टीम इंडिया जीत,Positive,2,train
Ugwe80SttYVokD8WagZ4AaABAg,LLNdaQd5rMY,रोहित शर्मा,Positive,2,train
UgwJT99Z6gOHF3R2E_J4AaABAg,FR2SkETgQ0o,विनेश फोगाट कुश्ती,Positive,2,train
Ugxt5oAn7Vxed0LaVm94AaABAg,LDwhd2nI1eA,ओलंपिक भारत हिंदी,Positive,2,train
UgywiMGn9bDDlIPJvLF4AaABAg,JxdXGM-vPWM,विनेश फोगाट कुश्ती,Negative,0,train
Ugx-TC7Dz7WA6kCM8nN4AaABAg,R7RjpLJnIQc,विनेश फोगाट कुश्ती,Neutral,1,train
UgwdYgTVqN7IQiGSneJ4AaABAg,X4OB4-Itx8E,विनेश फोगाट कुश्ती,Positive,2,train
UgzL7IhiEuyGbGFejLh4AaABAg,PUsmivLvT_I,विनेश फोगाट कुश्ती,Positive,2,train
UgyrMHp_IUKpt3l6EWB4AaABAg,mEOBGY4-7JA,क्रिकेट हाइलाइट्स हिंदी,Neutral,1,train
UgzijSqCsjOZ71jkCyd4AaABAg,B9Qnxe_GcTg,एशिया कप हिंदी,Neutral,1,train
UgyZBvR7o0bCnnrZKa94AaABAg,nhqQWXNdivo,एमएस धोनी,Neutral,1,train
Ugx_7aF2ETRHh63Ri9h4AaABAg,fP2OioK7nXk,हॉकी इंडिया,Positive,2,train
UgyUOYHqzzlOkvO4-294AaABAg,nFxie8HZvyk,शुभमन गिल,Negative,0,train
UgxTahcQ4jqXf-_PmO14AaABAg,VLmkv3PLjlc,रोहित शर्मा,Positive,2,train
UgwRrwGrT3pQYwUmo9p4AaABAg,m6TaFjvrsqE,टीम इंडिया हार,Positive,2,train
UgzqCPFjSyRwfksnM3B4AaABAg,CVRuytf_zm8,नीरज चोपड़ा,Neutral,1,train
Ugz3hKHsTJO-SyQZVvF4AaABAg,RRdg44agPoU,विनेश फोगाट कुश्ती,Negative,0,train
Ugzir3FaLXAwjUWJbGd4AaABAg,DhxtvDzaBg0,टीम इंडिया हार,Negative,0,train
Ugzw2VInFaFCO6SE5d14AaABAg,pGROaaPeWkY,खेल समाचार हिंदी,Negative,0,train
UgwF8zbyRb7g6FF2P554AaABAg,_fZYUtRgYRQ,भारत बनाम पाकिस्तान क्रिकेट,Positive,2,train
UgwrDn42UGbsKACXNnF4AaABAg,nFxie8HZvyk,शुभमन गिल,Positive,2,train
UgxCGvELnJcxSyTPCV94AaABAg,VRNVxhlPvBE,एमएस धोनी,Positive,2,train
Ugw5-wJljnK20waUTdN4AaABAg,d93flq_4BKY,शुभमन गिल,Negative,0,train
UgzVPh0aIbwv3rDirT94AaABAg,RiFzSORKO8o,खेल समाचार हिंदी,Negative,0,train
UgxrbI707x_7_hfwLLd4AaABAg,nFxie8HZvyk,शुभमन गिल,Negative,0,train
UgxjjOKs9jhkIbcO04R4AaABAg,7Yt5Xpnvl6s,खेल समाचार हिंदी,Negative,0,train
UgxTE-gicLoR37NEvpx4AaABAg,cgTIgkM2iyI,टीम इंडिया जीत,Positive,2,train
Ugz5z7QDcnRYTuUpEo14AaABAg,hHfPkMCbSh8,एमएस धोनी,Neutral,1,train
UgxqtKg1BBc1UiKAKtd4AaABAg,5XtX8Lezjg4,ओलंपिक भारत हिंदी,Negative,0,train
UgwvKdNCKwqF1TTiyzd4AaABAg,fvveJ66s0wg,भारत बनाम पाकिस्तान क्रिकेट,Negative,0,train
UgxeBQFrgYHgdFZRIaR4AaABAg,j0GPS4-Hzjs,टीम इंडिया हार,Positive,2,train
Ugzo7jijAiSvCFGSQmd4AaABAg,mYivERVT1-g,टीम इंडिया हार,Negative,0,train
UgySE6-sEP_LSB8S_Qh4AaABAg,MAm0RLQpYas,भारत बनाम पाकिस्तान क्रिकेट,Negative,0,train
UgxZeDHNtAQxrKosTQB4AaABAg,cgTIgkM2iyI,टीम इंडिया जीत,Positive,2,train
UgwsQR39MeV-FDMYO6B4AaABAg,fzOVeNcFT3Q,भारत बनाम पाकिस्तान क्रिकेट,Negative,0,train
UgxGlYLV_Pnr3WDxb-F4AaABAg,mYivERVT1-g,टीम इंडिया हार,Negative,0,train
Ugz3FGfk6Y5wgkRVIKV4AaABAg,j0GPS4-Hzjs,टीम इंडिया हार,Neutral,1,train
UgxQgY2V1EpM69uHwSV4AaABAg,6N6P_vOYKGk,एमएस धोनी,Positive,2,train
UgzZfa_vnEQc2Cx95FF4AaABAg,_BZGuxM_nfY,शुभमन गिल,Negative,0,train
UgygudoD7wKvCyzKvR94AaABAg,5iasPyNE1UA,नीरज चोपड़ा,Negative,0,train
UgyvvzznqnqqTlBqOY94AaABAg,m6TaFjvrsqE,टीम इंडिया हार,Negative,0,train
Ugwdj7XjwbTCpI2t4SN4AaABAg,5iasPyNE1UA,नीरज चोपड़ा,Negative,0,train
UgzeGPAvP9-7ZUGV1Rd4AaABAg,7Yt5Xpnvl6s,खेल समाचार हिंदी,Negative,0,train
Ugz94QBg5SNkAuyt1LJ4AaABAg,m6TaFjvrsqE,टीम इंडिया हार,Positive,2,train
UgwbSn-6ODa__n1xKlN4AaABAg,Fq6mlKQPpAM,नीरज चोपड़ा,Negative,0,train
UgxCde4WLnWjICt5of54AaABAg,RiFzSORKO8o,खेल समाचार हिंदी,Neutral,1,train
UgzrQeWx4X-tDexHi9p4AaABAg,nFxie8HZvyk,शुभमन गिल,Negative,0,train
UgyZBreZEFi5WRciLMJ4AaABAg,30dw7dKnwp4,विराट कोहली,Neutral,1,train
Ugx-T148I6wqcn9UvI14AaABAg,kW6z5TyU8QA,प्रो कबड्डी,Positive,2,train
UgwfHkLqM_gCpHdSFLh4AaABAg,iamDm4nxIlY,प्रो कबड्डी,Neutral,1,train
Ugz1LfevebrGSgxSzxB4AaABAg,Kwu1yIC-ssg,आईपीएल हाइलाइट्स हिंदी,Positive,2,train
UgzLVctbM3ioC1noY2R4AaABAg,CVRuytf_zm8,नीरज चोपड़ा,Negative,0,train
UgwTDRPwRP9LqYIiRpR4AaABAg,FUPfVqR5Hys,रोहित शर्मा,Positive,2,train
UgxMGNcqvQkfqyUREvt4AaABAg,m6TaFjvrsqE,टीम इंडिया हार,Positive,2,train
UgwWD2yKBmCkhmGTp4B4AaABAg,rW_fwcmyIfk,नीरज चोपड़ा,Positive,2,train
UgzFOOauIN1eF48cwod4AaABAg,HsysMuOxlc8,टीम इंडिया हार,Positive,2,train
Ugwoba2tsjJP2DCUt6l4AaABAg,oZUpj8GYbIY,प्रो कबड्डी,Negative,0,train
UgzUjf68AiNu1HXaJFl4AaABAg,UQNLGJARdZM,एमएस धोनी,Negative,0,train
UgzuWlrjS7LFMdQau914AaABAg,ZkSLyYRVrMM,विराट कोहली,Negative,0,train
Ugw1M8IIhPr6Ugqre4J4AaABAg,Fq6mlKQPpAM,नीरज चोपड़ा,Negative,0,train
UgzDh12ideD26BUyBpN4AaABAg,oZUpj8GYbIY,प्रो कबड्डी,Positive,2,train
UgwjTJw7D-nTqe5EI5N4AaABAg,5dr3VzpoMfM,टीम इंडिया जीत,Negative,0,train
UgxrH8ehKRpQooNLygF4AaABAg,TRtlo-1sKSU,टीम इंडिया हार,Positive,2,train
UgyjkACjSOWmnX5RJ614AaABAg,ReVTGCbDzfw,टीम इंडिया जीत,Positive,2,train
UgyF6UOL-GfjcN92Ooh4AaABAg,7Yt5Xpnvl6s,खेल समाचार हिंदी,Neutral,1,train
Ugzip5iHlG8Ary_Hg0d4AaABAg,DhxtvDzaBg0,टीम इंडिया हार,Negative,0,train
UgzZkQoJ9CWQ2D4jgut4AaABAg,OawmHMda9fQ,विराट कोहली,Positive,2,train
UgyBnbpdjjN0RHH5pLl4AaABAg,uSGCAJS6qWg,भारत बनाम पाकिस्तान क्रिकेट,Neutral,1,train
UgwjIWWf3zN_rVzkOil4AaABAg,WwSyB8yo2XI,भारत बनाम पाकिस्तान क्रिकेट,Positive,2,train
Ugx2CfcMvcRpKr6WecF4AaABAg,vXsioE-C9wM,खेल समाचार हिंदी,Negative,0,train
Ugy3UmAfKdYMgr5OCjh4AaABAg,RRdg44agPoU,विनेश फोगाट कुश्ती,Positive,2,train
UgykPSZogtVSSsM2v9p4AaABAg,RiFzSORKO8o,खेल समाचार हिंदी,Negative,0,train
UgxJKh3gUCar4iZRFth4AaABAg,DhxtvDzaBg0,टीम इंडिया हार,Negative,0,train
UgwIPYAAvi5m5ACanAV4AaABAg,7Yt5Xpnvl6s,खेल समाचार हिंदी,Negative,0,train
UgxZbLULmmLq55ktnwt4AaABAg,0xI6LADDw3A,टीम इंडिया हार,Positive,2,train
UgxZhSfBxCs9MZxM1314AaABAg,0xI6LADDw3A,टीम इंडिया हार,Negative,0,train
UgwPpAEjgAL0Q3_EQah4AaABAg,rW_fwcmyIfk,नीरज चोपड़ा,Positive,2,train
Ugw3tPCxSqvOQQVdt2h4AaABAg,N_10nNqwU0Y,नीरज चोपड़ा,Positive,2,train
UgxOrXYkRQDb7tnDQBR4AaABAg,B9Qnxe_GcTg,एशिया कप हिंदी,Positive,2,train
UgyM8wMADPzHg8nZT8F4AaABAg,YXiRa5A-LKY,ओलंपिक भारत हिंदी,Positive,2,train
Ugw6RGCcYJB_Isz_oCB4AaABAg,WIIvp8MWfCg,हॉकी इंडिया,Negative,0,train
Ugx8w6OsMX1rZoPJ1r94AaABAg,H7q7q1IwEY4,क्रिकेट हाइलाइट्स हिंदी,Neutral,1,train
UgzBVR6Oqku6503Ciw14AaABAg,YXiRa5A-LKY,ओलंपिक भारत हिंदी,Negative,0,train
UgwrdYErEu2us6zKWfZ4AaABAg,ZkSLyYRVrMM,विराट कोहली,Negative,0,train
UgzTIRqaQxhClj5lSld4AaABAg,fP2OioK7nXk,हॉकी इंडिया,Positive,2,train
UgzO4al3ATu25mUjTiN4AaABAg,h93zAYPp_xA,शुभमन गिल,Positive,2,train
UgziKHoTGATRJHGCUxJ4AaABAg,yZFCSDiAPBA,एमएस धोनी,Neutral,1,train
UgwOHr8eh0iJiTwnuah4AaABAg,ReVTGCbDzfw,टीम इंडिया जीत,Negative,0,train
UgxZz1ArwnvIQXEzCjB4AaABAg,VLmkv3PLjlc,रोहित शर्मा,Negative,0,train
Ugw8vS7TaEEmy8r5god4AaABAg,DhxtvDzaBg0,टीम इंडिया हार,Negative,0,train
UgzSOrskg_H_OsGz0ox4AaABAg,cgTIgkM2iyI,टीम इंडिया जीत,Positive,2,train
UgwYDb9S0yrkGppIzR54AaABAg,cgTIgkM2iyI,टीम इंडिया जीत,Negative,0,train
UgxzLuNZtMuVl-e2red4AaABAg,9tKuk3KRZss,टीम इंडिया जीत,Positive,2,train
Ugw0KgKZSKZoGkdZHaB4AaABAg,j0GPS4-Hzjs,टीम इंडिया हार,Negative,0,train
UgzmBsjCARbtVEdVA6J4AaABAg,vXsioE-C9wM,खेल समाचार हिंदी,Neutral,1,train
UgzBahFAw76YWFJVvwJ4AaABAg,Z2K0CgHzNW8,ओलंपिक भारत हिंदी,Positive,2,train
UgxYPeurAyBzGpqwyVp4AaABAg,CVRuytf_zm8,नीरज चोपड़ा,Neutral,1,train
Ugz2YjwWrIYOL15cf8d4AaABAg,fuPMM1cMQrM,प्रो कबड्डी,Neutral,1,train
UgxS1QzQdFkDqiKUKoV4AaABAg,X4OB4-Itx8E,विनेश फोगाट कुश्ती,Positive,2,train
UgwYvuPJljoPc8BR0Wl4AaABAg,nFxie8HZvyk,शुभमन गिल,Neutral,1,train
UgxA6yNGFZdFdpxgrjd4AaABAg,m6TaFjvrsqE,टीम इंडिया हार,Neutral,1,train
UgwYzQmEW0P4u58djnB4AaABAg,0cz5ryoqeK8,ओलंपिक भारत हिंदी,Neutral,1,train
Ugwbjy2pGBGSbh9gasl4AaABAg,ReVTGCbDzfw,टीम इंडिया जीत,Positive,2,train
UgzD6Ni6usZeu80atsp4AaABAg,j0GPS4-Hzjs,टीम इंडिया हार,Positive,2,train
UgznGu1raFxPZwBazm14AaABAg,fuPMM1cMQrM,प्रो कबड्डी,Positive,2,train
UgyQigG9mrkvyj3kRkl4AaABAg,ReVTGCbDzfw,टीम इंडिया जीत,Negative,0,train
UgxWOSre_QvDMUpJ6LJ4AaABAg,mYivERVT1-g,टीम इंडिया हार,Negative,0,train
UgxKxWZC9LEs7nt4k1p4AaABAg,d93flq_4BKY,शुभमन गिल,Neutral,1,train
Ugw5PEYI38MqvM6Tx_R4AaABAg,m6TaFjvrsqE,टीम इंडिया हार,Positive,2,train
Ugz36dABZ2dJ4psatjF4AaABAg,m6TaFjvrsqE,टीम इंडिया हार,Positive,2,train
UgwtW5p-oHF0yF0vShZ4AaABAg,LDwhd2nI1eA,ओलंपिक भारत हिंदी,Negative,0,train
UgwCp6ZBQuis-KiS0z54AaABAg,mYivERVT1-g,टीम इंडिया हार,Negative,0,train
UgxcdDlhbFA1uLVTnnN4AaABAg,CVRuytf_zm8,नीरज चोपड़ा,Negative,0,train
UgxFk1Fuutm8LBKIljB4AaABAg,hHfPkMCbSh8,एमएस धोनी,Positive,2,train
UgwZHfhLHjB6T0awKg54AaABAg,CVRuytf_zm8,नीरज चोपड़ा,Positive,2,train
UgwVjvKt2UbuNBmBDSZ4AaABAg,_fZYUtRgYRQ,भारत बनाम पाकिस्तान क्रिकेट,Positive,2,train
UgwXQFly6exvcJVTcNt4AaABAg,huPXXPvZ3P0,रोहित शर्मा,Positive,2,train
Ugzq5tpo5Nq2gvLvgE14AaABAg,ReVTGCbDzfw,टीम इंडिया जीत,Positive,2,train
UgxmP6eL7tduq32O9754AaABAg,LDwhd2nI1eA,ओलंपिक भारत हिंदी,Positive,2,train
UgwhVaD97p68RknBoqh4AaABAg,RiFzSORKO8o,खेल समाचार हिंदी,Negative,0,train
Ugwpyign2eROmm42Wup4AaABAg,7Yt5Xpnvl6s,खेल समाचार हिंदी,Positive,2,train
UgxZuuPT89hL7pU9JB94AaABAg,ReVTGCbDzfw,टीम इंडिया जीत,Positive,2,train
UgwsN16V12LsnTqefTV4AaABAg,vXsioE-C9wM,खेल समाचार हिंदी,Negative,0,train
UgzhW5Id-HKs9Ewzh4t4AaABAg,WIIvp8MWfCg,हॉकी इंडिया,Negative,0,train
UgzqMCfSRWG8EnO1cxF4AaABAg,mYivERVT1-g,टीम इंडिया हार,Negative,0,train
Ugye1hjh9MhMM4AckI14AaABAg,zoPxpDFT-_s,प्रो कबड्डी,Positive,2,train
Ugy-0mIQ16toQmZqGyh4AaABAg,IlDcNvSuu3I,खेल समाचार हिंदी,Negative,0,train
UgwhylunBX3dH0DZP6B4AaABAg,d93flq_4BKY,शुभमन गिल,Negative,0,train
UgzaWROG___4nLadugR4AaABAg,H7q7q1IwEY4,क्रिकेट हाइलाइट्स हिंदी,Positive,2,train
UgyM3ftV6XrC4o-1DiJ4AaABAg,WIIvp8MWfCg,हॉकी इंडिया,Negative,0,train
Ugx8Tucrb3FvvcXjy7F4AaABAg,HheJON-C7Rs,शुभमन गिल,Positive,2,train
UgywZLZe84ua1gal0S94AaABAg,ReVTGCbDzfw,टीम इंडिया जीत,Positive,2,train
UgyMZ-nHWrzqhGLF7954AaABAg,X4OB4-Itx8E,विनेश फोगाट कुश्ती,Negative,0,train
Ugz9_dqMwMD9Ul0iM0d4AaABAg,j0GPS4-Hzjs,टीम इंडिया हार,Negative,0,train
UgxI3xwNT5ZGIJZgZ_R4AaABAg,DhxtvDzaBg0,टीम इंडिया हार,Positive,2,train
UgykskXmd9A7u1iiVqp4AaABAg,ReVTGCbDzfw,टीम इंडिया जीत,Negative,0,train
UgxDzndviI_8M8P5Q114AaABAg,msAzQ1p3lTA,रोहित शर्मा,Neutral,1,train
UgzoggCWRgYizo_JHuR4AaABAg,IlDcNvSuu3I,खेल समाचार हिंदी,Negative,0,train
UgxE0_H8dQ8ypCovR0t4AaABAg,luSat_G-U64,विनेश फोगाट कुश्ती,Negative,0,train
UgwgZRFJlrXt-BvdAQF4AaABAg,cgTIgkM2iyI,टीम इंडिया जीत,Positive,2,train
Ugzi6LdRwiymr8bdUZl4AaABAg,LDwhd2nI1eA,ओलंपिक भारत हिंदी,Positive,2,train
UgzBMBoQ_ypRFK-ZzOV4AaABAg,m6TaFjvrsqE,टीम इंडिया हार,Negative,0,train
UgzNTV161MnhG0KuKyd4AaABAg,xmg7vO6GCWU,रोहित शर्मा,Neutral,1,train
UgzrfOn7PlWCtWwIs1t4AaABAg,oZUpj8GYbIY,प्रो कबड्डी,Negative,0,train
UgzhE5xBCSCf5nR7a_l4AaABAg,mYivERVT1-g,टीम इंडिया हार,Negative,0,train
UgxYhkoaopIAyVPos2F4AaABAg,5iasPyNE1UA,नीरज चोपड़ा,Positive,2,train
Ugx09-B8xarVR1Op6R14AaABAg,RiFzSORKO8o,खेल समाचार हिंदी,Negative,0,train
UgzPHTK4C0SlmmmVCrJ4AaABAg,5dr3VzpoMfM,टीम इंडिया जीत,Negative,0,train
UgwWCeiCrvbFbAOfENB4AaABAg,5b0Kgb_x5d8,टीम इंडिया हार,Negative,0,train
UgxvqFgtxFEkeciLYOZ4AaABAg,p5oIGfizFBk,हॉकी इंडिया,Positive,2,train
UgzeYaksZ5Q6r38Xtw14AaABAg,j0GPS4-Hzjs,टीम इंडिया हार,Negative,0,train
UgyxKnkamCebaHkxWc14AaABAg,nFxie8HZvyk,शुभमन गिल,Negative,0,train
Ugw8WlLw3q_e0EreOMJ4AaABAg,IlDcNvSuu3I,खेल समाचार हिंदी,Negative,0,train
UgxDOlwYht1pMS41V054AaABAg,mYivERVT1-g,टीम इंडिया हार,Negative,0,train
Ugx8I37aZf_wJV-wIml4AaABAg,PUsmivLvT_I,विनेश फोगाट कुश्ती,Positive,2,train
UgyuhNHSOr9VuZGp8mB4AaABAg,5dr3VzpoMfM,टीम इंडिया जीत,Negative,0,train
UgzSEe557sdgGnCCFfp4AaABAg,nsguh1qsUY0,खेल समाचार हिंदी,Neutral,1,train
UgxSSTeJXgpIQsgFmp54AaABAg,LLNdaQd5rMY,रोहित शर्मा,Negative,0,train
UgyKt05NNa2r_3B3boV4AaABAg,eKYNtBgMeSg,टीम इंडिया हार,Positive,2,train
UgwbDkj40I8kjFF0dj14AaABAg,msAzQ1p3lTA,रोहित शर्मा,Neutral,1,train
UgxFLMB-pQvEUnxJz3p4AaABAg,7Yt5Xpnvl6s,खेल समाचार हिंदी,Negative,0,train
UgzYLsDr04JPbLRNU0t4AaABAg,m6TaFjvrsqE,टीम इंडिया हार,Positive,2,train
Ugzy0pstPMShTLJ9qBt4AaABAg,j0GPS4-Hzjs,टीम इंडिया हार,Positive,2,train
UgzIUM6bZ0LH2XwTfYJ4AaABAg,CVRuytf_zm8,नीरज चोपड़ा,Neutral,1,train
UgxFPp6mSJHt4NrY1Kl4AaABAg,CNJ88yD7BDI,रोहित शर्मा,Negative,0,train
UgyQ_SifsbLcVSyRQQR4AaABAg,FwW1nVvr_B8,विराट कोहली,Negative,0,train
UgwFNFALaF54ogHbJn14AaABAg,eHHRTfEOCSk,विराट कोहली,Positive,2,train
UgxgIHptEQTZ4DiaTMR4AaABAg,WQdqgrWvy6g,भारत बनाम पाकिस्तान क्रिकेट,Neutral,1,train
Ugz6U5Csn7QZNRF9kE54AaABAg,5dr3VzpoMfM,टीम इंडिया जीत,Negative,0,train
Ugw9AlJgRV6HJJf_0nl4AaABAg,X4OB4-Itx8E,विनेश फोगाट कुश्ती,Negative,0,train
UgyFa06G1aBg09ZG_BN4AaABAg,hHfPkMCbSh8,एमएस धोनी,Positive,2,train
UgxIE5zjJM2yNGEaClt4AaABAg,xmg7vO6GCWU,रोहित शर्मा,Neutral,1,train
UgxUYmlsTui4KA55rYZ4AaABAg,wg1m1TWI0KI,रोहित शर्मा,Positive,2,train
Ugy0WW0RaUDVMhuRZcN4AaABAg,nFxie8HZvyk,शुभमन गिल,Neutral,1,train
UgyzEXPZc1bLKFkqOpF4AaABAg,nFxie8HZvyk,शुभमन गिल,Neutral,1,train
UgwNsL2Vw1thlBcC0-F4AaABAg,fzOVeNcFT3Q,भारत बनाम पाकिस्तान क्रिकेट,Positive,2,train
UgyqbaNLpOLiDoV_t_h4AaABAg,RiFzSORKO8o,खेल समाचार हिंदी,Neutral,1,train
UgyQF6N5WAk5acxIUsB4AaABAg,RRdg44agPoU,विनेश फोगाट कुश्ती,Negative,0,train
UgzKY1irgag4hvc_5md4AaABAg,-VPYd0WqOAM,टीम इंडिया हार,Negative,0,train
Ugz1pPAlaBUgxC7-X794AaABAg,H7q7q1IwEY4,क्रिकेट हाइलाइट्स हिंदी,Neutral,1,train
UgyUwGOK5YJLHwUs-f14AaABAg,uSGCAJS6qWg,भारत बनाम पाकिस्तान क्रिकेट,Neutral,1,train
UgytXrym-uyeFeGnkjl4AaABAg,eHHRTfEOCSk,विराट कोहली,Positive,2,train
UgzWCphXoZrnP2Weem94AaABAg,m6TaFjvrsqE,टीम इंडिया हार,Neutral,1,train
UgykEtTvwjnlGl1jTOR4AaABAg,5dr3VzpoMfM,टीम इंडिया जीत,Positive,2,train
UgwY8AfF4gOHxTg7NO14AaABAg,m6TaFjvrsqE,टीम इंडिया हार,Positive,2,train
Ugx3tP-b2Trv_1XlZOZ4AaABAg,H7q7q1IwEY4,क्रिकेट हाइलाइट्स हिंदी,Negative,0,train
UgyWv2urCBwh7ho5V4V4AaABAg,H7q7q1IwEY4,क्रिकेट हाइलाइट्स हिंदी,Positive,2,train
UgwtCkgt29JH97gYlJt4AaABAg,d93flq_4BKY,शुभमन गिल,Negative,0,train
UgyPl4dt58Th2RviPAZ4AaABAg,HsysMuOxlc8,टीम इंडिया हार,Neutral,1,train
UgxnGdqdg8npaKsvgAp4AaABAg,7Yt5Xpnvl6s,खेल समाचार हिंदी,Negative,0,train
UgzR-k0lN5-tSPvDDZd4AaABAg,HsysMuOxlc8,टीम इंडिया हार,Neutral,1,train
UgwUEt1xwyNhbxleD614AaABAg,JxdXGM-vPWM,विनेश फोगाट कुश्ती,Positive,2,train
UgzaU-eL85tIpX1boOF4AaABAg,7Yt5Xpnvl6s,खेल समाचार हिंदी,Negative,0,train
UgwT5qNnMyMnnNJEwgF4AaABAg,m6TaFjvrsqE,टीम इंडिया हार,Positive,2,train
UgwMbeP0uAQkhIQ0yv94AaABAg,d4QBKbIbGco,खेल समाचार हिंदी,Negative,0,train
UgxyG24sxP9RaTAwRr14AaABAg,H7q7q1IwEY4,क्रिकेट हाइलाइट्स हिंदी,Neutral,1,train
UgxWti_vgllip9iM6rB4AaABAg,d93flq_4BKY,शुभमन गिल,Negative,0,train
Ugx0STSx9SfgU99N9q94AaABAg,VLmkv3PLjlc,रोहित शर्मा,Negative,0,train
Ugybs7Y1DXr5m0DSxNp4AaABAg,DhxtvDzaBg0,टीम इंडिया हार,Negative,0,train
UgwxLLgf3dHAh1ioW214AaABAg,HNXhdo5j914,वर्ल्ड कप क्रिकेट हिंदी,Neutral,1,train
UgwwW5iXIjacGd6sEVt4AaABAg,7Yt5Xpnvl6s,खेल समाचार हिंदी,Negative,0,train
UgxU6rQreIMXkuqYhYt4AaABAg,j0GPS4-Hzjs,टीम इंडिया हार,Neutral,1,train
UgzFgDEuV60OYFGP3iF4AaABAg,WIIvp8MWfCg,हॉकी इंडिया,Negative,0,train
Ugx2fDEawU1p-UYYaPZ4AaABAg,j0GPS4-Hzjs,टीम इंडिया हार,Neutral,1,train
UgwmA0VbCdx5lmAECa14AaABAg,cgTIgkM2iyI,टीम इंडिया जीत,Positive,2,train
UgwtxTm-eiuw91L2Qrd4AaABAg,hHfPkMCbSh8,एमएस धोनी,Negative,0,train
UgzIlxSiwLdv7NzCvYt4AaABAg,ReVTGCbDzfw,टीम इंडिया जीत,Positive,2,train
UgxBlYsAOYLCvoIbQg94AaABAg,ReVTGCbDzfw,टीम इंडिया जीत,Positive,2,train
UgwibtGNhs4Vjm4KTKp4AaABAg,oZUpj8GYbIY,प्रो कबड्डी,Positive,2,train
UgxbyEwMbn4C1tea4QR4AaABAg,7Yt5Xpnvl6s,खेल समाचार हिंदी,Negative,0,train
UgxRleLH-0GGRvwHRaV4AaABAg,nhqQWXNdivo,एमएस धोनी,Positive,2,train
UgwDklBc-px56LOPJJl4AaABAg,HsysMuOxlc8,टीम इंडिया हार,Neutral,1,train
UgyqsiTV3xZFcZz6YMp4AaABAg,nFxie8HZvyk,शुभमन गिल,Negative,0,train
UgzgT5NEeqrMJwiBMhl4AaABAg,j0GPS4-Hzjs,टीम इंडिया हार,Positive,2,train
UgxJ8qwZoRqaP4ZzdCp4AaABAg,m6TaFjvrsqE,टीम इंडिया हार,Neutral,1,train
Ugz7nduX3AdoFtF5fil4AaABAg,VLmkv3PLjlc,रोहित शर्मा,Negative,0,train
Ugz4m42lR45tMaTByTd4AaABAg,j0GPS4-Hzjs,टीम इंडिया हार,Positive,2,train
UgxEPd-kedQFY9twHeB4AaABAg,0FTTZYYOLQg,क्रिकेट विश्लेषण हिंदी,Neutral,1,train
Ugyp59Ff83McrLvhnAJ4AaABAg,DhxtvDzaBg0,टीम इंडिया हार,Negative,0,train
UgyAuedmOtPgwSBk9rd4AaABAg,luSat_G-U64,विनेश फोगाट कुश्ती,Positive,2,train
UgyYEzIwstrc3hS4H9x4AaABAg,X4OB4-Itx8E,विनेश फोगाट कुश्ती,Negative,0,train
UgzAQWlba6Jl3jtmGqd4AaABAg,HsysMuOxlc8,टीम इंडिया हार,Neutral,1,train
UgzYPmEFJMvoXbQ3NWx4AaABAg,nhqQWXNdivo,एमएस धोनी,Neutral,1,train
UgwDoIHucoY9vQU3lP54AaABAg,7Yt5Xpnvl6s,खेल समाचार हिंदी,Negative,0,train
Ugy25AZU6PN-Bha6mJF4AaABAg,H7q7q1IwEY4,क्रिकेट हाइलाइट्स हिंदी,Positive,2,train
UgytiPcbgFAPZOCbSMp4AaABAg,H7q7q1IwEY4,क्रिकेट हाइलाइट्स हिंदी,Negative,0,train
UgyPSbgoUReJULvBf4t4AaABAg,WIIvp8MWfCg,हॉकी इंडिया,Negative,0,train
UgyDiXy5K-CnZKjcjcN4AaABAg,mo4X4Q4L3kU,नीरज चोपड़ा,Neutral,1,train
UgwyiWF1Yt0gavhmLrF4AaABAg,Ustiji6bVus,ओलंपिक भारत हिंदी,Positive,2,train
UgxDMxE-zOtV73-TYrx4AaABAg,MUPrf3FIq3g,एमएस धोनी,Negative,0,train
Ugy8aRvOgwND3Tf5vyR4AaABAg,nFxie8HZvyk,शुभमन गिल,Negative,0,train
UgyAktNT-Wq_cl47kJ94AaABAg,vXsioE-C9wM,खेल समाचार हिंदी,Negative,0,train
UgwI4t09g0RN-4Xq6sp4AaABAg,m6TaFjvrsqE,टीम इंडिया हार,Neutral,1,train
UgwfzR1MUPAFEKNiaGJ4AaABAg,nFxie8HZvyk,शुभमन गिल,Negative,0,train
UgwJijX-6oYx6veMwrd4AaABAg,WIIvp8MWfCg,हॉकी इंडिया,Negative,0,train
UgxHwZKxwSicNnnAPKF4AaABAg,CVRuytf_zm8,नीरज चोपड़ा,Neutral,1,train
UgxdqfpCKJZi0KEFWAp4AaABAg,5iasPyNE1UA,नीरज चोपड़ा,Negative,0,train
Ugx3rEfva7NkT11bQEZ4AaABAg,_5Al9MzlDJk,क्रिकेट विश्लेषण हिंदी,Positive,2,train
UgxOnMhkyesOIhvXK3V4AaABAg,X4OB4-Itx8E,विनेश फोगाट कुश्ती,Positive,2,train
Ugy82DYxfb-hdFv3KTx4AaABAg,d93flq_4BKY,शुभमन गिल,Negative,0,train
Ugw3wpMJQFpCdcTouhl4AaABAg,ReVTGCbDzfw,टीम इंडिया जीत,Positive,2,train
UgyvVFaCAryWeq5jS_54AaABAg,5iasPyNE1UA,नीरज चोपड़ा,Negative,0,train
UgwVZnEaS40dUkZjiFN4AaABAg,HucIqi8Lw3E,पीवी सिंधु बैडमिंटन,Negative,0,train
UgzHf23L9tGIRQZuxI54AaABAg,JxdXGM-vPWM,विनेश फोगाट कुश्ती,Negative,0,train
UgxGzrxWDcsxK1p7EBh4AaABAg,X4OB4-Itx8E,विनेश फोगाट कुश्ती,Positive,2,train
UgziagikM0Zd-IyskIh4AaABAg,m6TaFjvrsqE,टीम इंडिया हार,Neutral,1,train
UgwiyPCJCLWDR2ibBV14AaABAg,JxdXGM-vPWM,विनेश फोगाट कुश्ती,Positive,2,train
UgyLGS8F4XtZMDxqzYp4AaABAg,fHigVOpnyag,हॉकी इंडिया,Positive,2,train
Ugx6kRwuKFQlXBDFIVt4AaABAg,nFxie8HZvyk,शुभमन गिल,Negative,0,train
Ugy3oq9rQjhomLP27f54AaABAg,j0GPS4-Hzjs,टीम इंडिया हार,Negative,0,train
UgyO09WldXlTvqLqjNZ4AaABAg,vXsioE-C9wM,खेल समाचार हिंदी,Negative,0,train
UgxYoLFxuXRJRXe8sHN4AaABAg,vXsioE-C9wM,खेल समाचार हिंदी,Negative,0,train
Ugxn3_K_XZK_pSRPvaB4AaABAg,ScarZQuyaLM,क्रिकेट हाइलाइट्स हिंदी,Negative,0,train
UgzagWRqE1VwWV4ASqx4AaABAg,pGROaaPeWkY,खेल समाचार हिंदी,Negative,0,train
UgyA7raMsPFQHuHq_aF4AaABAg,X4OB4-Itx8E,विनेश फोगाट कुश्ती,Positive,2,train
UgzVEVsWKl9Ud9XD3_l4AaABAg,H7q7q1IwEY4,क्रिकेट हाइलाइट्स हिंदी,Negative,0,train
UgwRsbeGN40D0_C8aiV4AaABAg,CVRuytf_zm8,नीरज चोपड़ा,Neutral,1,train
UgzUnmb_UZTWT_uz7gd4AaABAg,msAzQ1p3lTA,रोहित शर्मा,Negative,0,train
Ugw-5oDrSTzKnftNUdh4AaABAg,CVRuytf_zm8,नीरज चोपड़ा,Neutral,1,train
Ugx7KGByKcLbp-S6ZHF4AaABAg,5dr3VzpoMfM,टीम इंडिया जीत,Positive,2,train
UgxXrl7ynp7KXgMcQpF4AaABAg,WIIvp8MWfCg,हॉकी इंडिया,Negative,0,train
UgxFqqL_8yGuGXeQkhR4AaABAg,WIIvp8MWfCg,हॉकी इंडिया,Negative,0,train
UgzBSCFRys0TeWxZRSh4AaABAg,nFxie8HZvyk,शुभमन गिल,Neutral,1,train
Ugw49B7A_PAnNRtZK8x4AaABAg,RRdg44agPoU,विनेश फोगाट कुश्ती,Positive,2,train
Ugz9oFn6BLIb2CnLsXt4AaABAg,CVRuytf_zm8,नीरज चोपड़ा,Neutral,1,train
UgzPOkxy2l4_VThgaQp4AaABAg,nFxie8HZvyk,शुभमन गिल,Negative,0,train
UgwB-73I299zMWWlvkt4AaABAg,VLmkv3PLjlc,रोहित शर्मा,Negative,0,train
Ugz8BHZBHz-O2T4CHxV4AaABAg,fzOVeNcFT3Q,भारत बनाम पाकिस्तान क्रिकेट,Negative,0,train
UgxqwIfWrMuFvigHMvR4AaABAg,CVRuytf_zm8,नीरज चोपड़ा,Neutral,1,train
UgzGBdPolHx_mN52ovV4AaABAg,VLmkv3PLjlc,रोहित शर्मा,Negative,0,train
UgzsYiMr0U0dfCEaDk54AaABAg,LLNdaQd5rMY,रोहित शर्मा,Neutral,1,train
UgzVZOP5dqE9vBhKqKd4AaABAg,RiFzSORKO8o,खेल समाचार हिंदी,Neutral,1,train
Ugw-k9_mZGW1rbwyULt4AaABAg,Cd2ZiwMgGzo,एमएस धोनी,Negative,0,train
UgzCPckSqYeK83KJarx4AaABAg,vXsioE-C9wM,खेल समाचार हिंदी,Negative,0,train
UgyCE3hwyevd1AAcH_54AaABAg,STZRr1H24og,क्रिकेट विश्लेषण हिंदी,Negative,0,train
UgyDOVAG7hSNNwT_Zed4AaABAg,hHfPkMCbSh8,एमएस धोनी,Positive,2,train
UgwTXTOOmovGZdrlPzV4AaABAg,mYivERVT1-g,टीम इंडिया हार,Positive,2,train
UgxCwGxMSUvZGFOt1G54AaABAg,X4OB4-Itx8E,विनेश फोगाट कुश्ती,Negative,0,train
UgxU85-xb9EOQHE4dFh4AaABAg,j0GPS4-Hzjs,टीम इंडिया हार,Negative,0,train
UgxtHBEA3E6dlOwC57x4AaABAg,WIIvp8MWfCg,हॉकी इंडिया,Negative,0,train
UgzNYTu_SjI_nO3QAld4AaABAg,7Yt5Xpnvl6s,खेल समाचार हिंदी,Neutral,1,train
UgyGeSu81QHXMP3wVAV4AaABAg,DhxtvDzaBg0,टीम इंडिया हार,Negative,0,train
UgztjFeLNDDJA4xEVc14AaABAg,cgTIgkM2iyI,टीम इंडिया जीत,Positive,2,train
UgxlyO3k4FHyKEcegLN4AaABAg,RiFzSORKO8o,खेल समाचार हिंदी,Negative,0,train
Ugy22_ys1XMzUNGA2rl4AaABAg,5iasPyNE1UA,नीरज चोपड़ा,Negative,0,train
UgzcfQqBjo_ZIohYm6x4AaABAg,eKYNtBgMeSg,टीम इंडिया हार,Positive,2,train
UgxUAXFfOYmpoH3-kpd4AaABAg,LLNdaQd5rMY,रोहित शर्मा,Neutral,1,train
UgySFbU6Q3D2YWpVluV4AaABAg,htcQufVsULY,हॉकी इंडिया,Negative,0,train
UgzDjpkFy3pLOZOQPc14AaABAg,Ustiji6bVus,ओलंपिक भारत हिंदी,Negative,0,train
UgwcP5YB8pc8_iOeeyV4AaABAg,m6TaFjvrsqE,टीम इंडिया हार,Negative,0,train
UgxvWHPiWsSVboPXkql4AaABAg,nFxie8HZvyk,शुभमन गिल,Negative,0,train
UgxGleCcaR8q5YBcAC94AaABAg,9tKuk3KRZss,टीम इंडिया जीत,Neutral,1,train
Ugy_FswBgGKKCWCTA9l4AaABAg,RiFzSORKO8o,खेल समाचार हिंदी,Neutral,1,train
UgyvH7nkDKTjuYNjDSZ4AaABAg,Cd2ZiwMgGzo,एमएस धोनी,Neutral,1,train
UgzWFRk61tMjsQTOGoN4AaABAg,mYivERVT1-g,टीम इंडिया हार,Negative,0,train
UgzguZxq7nKW04XhZj94AaABAg,nFxie8HZvyk,शुभमन गिल,Negative,0,train
Ugygrdevo_6WjqkXf8J4AaABAg,RiFzSORKO8o,खेल समाचार हिंदी,Negative,0,train
Ugz_M5C9_BiptN6kxb94AaABAg,MAm0RLQpYas,भारत बनाम पाकिस्तान क्रिकेट,Negative,0,train
UgwfmJCwPD1zsLkkeXd4AaABAg,m6TaFjvrsqE,टीम इंडिया हार,Positive,2,train
UgwcFMuyRfUpNyvYuhJ4AaABAg,VLmkv3PLjlc,रोहित शर्मा,Negative,0,train
UgzQWESFmSRl6A6KKd54AaABAg,mYivERVT1-g,टीम इंडिया हार,Negative,0,train
UgwiemFW7aD--WVtIV14AaABAg,oZUpj8GYbIY,प्रो कबड्डी,Negative,0,train
Ugzfvi1GmvA793z7JZ94AaABAg,5dr3VzpoMfM,टीम इंडिया जीत,Negative,0,train
UgyyEOnohTPknhGciH94AaABAg,RiFzSORKO8o,खेल समाचार हिंदी,Negative,0,train
Ugx4rDxvV7w-QBddtfZ4AaABAg,nFxie8HZvyk,शुभमन गिल,Positive,2,train
UgztGuZbSuvGoSPbcj94AaABAg,m6TaFjvrsqE,टीम इंडिया हार,Positive,2,train
UgxmclTjPn_iKY56I_J4AaABAg,WIIvp8MWfCg,हॉकी इंडिया,Negative,0,train
UgyebxldMv72VC-YqiJ4AaABAg,hHfPkMCbSh8,एमएस धोनी,Negative,0,train
Ugy6uXO_Al8Heh9FXoh4AaABAg,DhxtvDzaBg0,टीम इंडिया हार,Neutral,1,train
UgxR3uOldR-weEzjU4J4AaABAg,X4OB4-Itx8E,विनेश फोगाट कुश्ती,Positive,2,train
UgzmruZg_EmPSWhbarF4AaABAg,30ym5bs64EM,टीम इंडिया जीत,Neutral,1,train
Ugw3PsbeadAFC-HtUCR4AaABAg,ReVTGCbDzfw,टीम इंडिया जीत,Positive,2,train
UgwRp_YG0ETvDsGWXfJ4AaABAg,RiFzSORKO8o,खेल समाचार हिंदी,Negative,0,train
UgxQfSl-GhXP9hgGi4R4AaABAg,WIIvp8MWfCg,हॉकी इंडिया,Negative,0,train
Ugz3wvv16dQDsR4MWIl4AaABAg,Cd2ZiwMgGzo,एमएस धोनी,Negative,0,train
UgympP4L9elKXdAxeS14AaABAg,ReVTGCbDzfw,टीम इंडिया जीत,Positive,2,train
UgymdLW9A8m4KX9HwsV4AaABAg,m6TaFjvrsqE,टीम इंडिया हार,Positive,2,train
UgzPYxA6vu1J6ytQ9rR4AaABAg,7Yt5Xpnvl6s,खेल समाचार हिंदी,Negative,0,train
UgwMxPtaZRFbuPWRBy14AaABAg,luSat_G-U64,विनेश फोगाट कुश्ती,Positive,2,train
UgyakIGI3oRNcJROrY54AaABAg,H7q7q1IwEY4,क्रिकेट हाइलाइट्स हिंदी,Neutral,1,train
UgzAb14t4JZWlfpphcV4AaABAg,mYivERVT1-g,टीम इंडिया हार,Negative,0,train
UgxCmZLut-4Y4_MJ5Ld4AaABAg,nFxie8HZvyk,शुभमन गिल,Negative,0,train
UgyXmm3JOxS2YPr14nN4AaABAg,m6TaFjvrsqE,टीम इंडिया हार,Positive,2,train
Ugx-lAwGrAqVBfRrsXF4AaABAg,H7q7q1IwEY4,क्रिकेट हाइलाइट्स हिंदी,Negative,0,train
UgzN9S3OCPo9YRl-noZ4AaABAg,fa9my1Q-CWY,प्रो कबड्डी,Positive,2,train
Ugxn3idP4EI8lyMTuod4AaABAg,d93flq_4BKY,शुभमन गिल,Negative,0,train
UgwIdOKFDZ_FVxgYKe54AaABAg,MAm0RLQpYas,भारत बनाम पाकिस्तान क्रिकेट,Negative,0,train
Ugz9ovgYL2ydg3-Oluh4AaABAg,rDyUKfq7B-g,विनेश फोगाट कुश्ती,Neutral,1,train
UgxHnCQX2DPmfh2jOpR4AaABAg,LDwhd2nI1eA,ओलंपिक भारत हिंदी,Positive,2,train
UgzNhZCPfnJjPXaCnGd4AaABAg,CVRuytf_zm8,नीरज चोपड़ा,Neutral,1,train
Ugw32qJHGS6Q5904RaN4AaABAg,H7q7q1IwEY4,क्रिकेट हाइलाइट्स हिंदी,Positive,2,train
UgzPi9x4BOR7dvPggc54AaABAg,0xI6LADDw3A,टीम इंडिया हार,Negative,0,train
UgwbirGOknJrsf2H0Cd4AaABAg,vXsioE-C9wM,खेल समाचार हिंदी,Negative,0,train
UgyNUMNDeHrNSPcIv3p4AaABAg,H7q7q1IwEY4,क्रिकेट हाइलाइट्स हिंदी,Positive,2,train
Ugx-dIo1R7wC_DuES9B4AaABAg,RiFzSORKO8o,खेल समाचार हिंदी,Negative,0,train
UgwXInxEuqxifFYgkVF4AaABAg,blu3Ez0VSSE,एमएस धोनी,Positive,2,train
Ugw4nyLzUQcidz4dsyd4AaABAg,5dr3VzpoMfM,टीम इंडिया जीत,Positive,2,train
UgzQPXB_cXm95L87g_x4AaABAg,DhxtvDzaBg0,टीम इंडिया हार,Negative,0,train
Ugy9akvoLGSR05ihNTZ4AaABAg,30dw7dKnwp4,विराट कोहली,Negative,0,train
UgwoELomnSMy7NsDokV4AaABAg,j0GPS4-Hzjs,टीम इंडिया हार,Negative,0,train
Ugxx2etzfr9xssCINIF4AaABAg,FwW1nVvr_B8,विराट कोहली,Negative,0,train
UgwHJ69GuRjH3xH29uN4AaABAg,mYivERVT1-g,टीम इंडिया हार,Negative,0,train
UgxAQdEskC8WRQX4-It4AaABAg,IlDcNvSuu3I,खेल समाचार हिंदी,Negative,0,train
Ugy0MN02csdZUPb8lB14AaABAg,RiFzSORKO8o,खेल समाचार हिंदी,Negative,0,train
UgyLb8Y6o_jEQOO1QjR4AaABAg,JxdXGM-vPWM,विनेश फोगाट कुश्ती,Positive,2,train
Ugw6i8QoJ1UE1C_WzpJ4AaABAg,m6TaFjvrsqE,टीम इंडिया हार,Neutral,1,train
Ugxp9nUW9cOIwv1WuTd4AaABAg,X4OB4-Itx8E,विनेश फोगाट कुश्ती,Positive,2,train
UgzQagRoMqD6kEd3-yl4AaABAg,oZUpj8GYbIY,प्रो कबड्डी,Positive,2,train
UgxknG25GzBq0xx86fJ4AaABAg,7Yt5Xpnvl6s,खेल समाचार हिंदी,Positive,2,train
UgwNyBRIiUYX0LJJ50F4AaABAg,FwW1nVvr_B8,विराट कोहली,Negative,0,train
UgysBL0mGjYD7xXEvWt4AaABAg,7Yt5Xpnvl6s,खेल समाचार हिंदी,Positive,2,train
Ugz4rhZLJqaeDaILGCF4AaABAg,DhxtvDzaBg0,टीम इंडिया हार,Negative,0,train
UgzE5FMakb4BwpfpT5V4AaABAg,DhxtvDzaBg0,टीम इंडिया हार,Negative,0,train
Ugzv_4UEH5cT3qapNy94AaABAg,mYivERVT1-g,टीम इंडिया हार,Negative,0,train
Ugx-Zv1CI0cT5T4s1gF4AaABAg,DhxtvDzaBg0,टीम इंडिया हार,Negative,0,train
UgxOERqOIbvLUUuA67F4AaABAg,0xI6LADDw3A,टीम इंडिया हार,Positive,2,train
UgytJ7hDBxeybN9seVV4AaABAg,7Yt5Xpnvl6s,खेल समाचार हिंदी,Negative,0,train
Ugx91wdx5PPRfieDpt14AaABAg,5b0Kgb_x5d8,टीम इंडिया हार,Neutral,1,train
Ugw9yXRv9Ei7T98xPWJ4AaABAg,ReVTGCbDzfw,टीम इंडिया जीत,Positive,2,train
UgzOVc9pcMaf1cyEoyN4AaABAg,cgTIgkM2iyI,टीम इंडिया जीत,Positive,2,train
UgxsykxWZ4EoyEgNHJl4AaABAg,5b0Kgb_x5d8,टीम इंडिया हार,Negative,0,train
UgyeN0CwdM4_GVGRuz54AaABAg,vXsioE-C9wM,खेल समाचार हिंदी,Neutral,1,train
UgzI1CWP9S1wp4VXGIV4AaABAg,nFxie8HZvyk,शुभमन गिल,Neutral,1,train
UgxKlyIIegIuqJYhbNN4AaABAg,mX1xtHVM-vk,विराट कोहली,Positive,2,train
UgxibPoQVjuqVN5m3Xx4AaABAg,d4QBKbIbGco,खेल समाचार हिंदी,Negative,0,train
Ugx83oJqpviD2oiDPuV4AaABAg,H7q7q1IwEY4,क्रिकेट हाइलाइट्स हिंदी,Negative,0,train
UgxCyd6-M-2U19k_FzN4AaABAg,CVRuytf_zm8,नीरज चोपड़ा,Neutral,1,train
Ugwjb0rp_SeRf7F4Bfl4AaABAg,vXsioE-C9wM,खेल समाचार हिंदी,Negative,0,train
Ugw22qUuKhg1t14ZIrl4AaABAg,m6TaFjvrsqE,टीम इंडिया हार,Positive,2,train
UgyG4xpRF_4qKx0bvmN4AaABAg,oZUpj8GYbIY,प्रो कबड्डी,Positive,2,train
UgznO_ixl46VijVrXeV4AaABAg,mYivERVT1-g,टीम इंडिया हार,Negative,0,train
Ugz4OWZMl30p7_VepkB4AaABAg,nhqQWXNdivo,एमएस धोनी,Positive,2,train
UgyiWMHBZuYJBK3nKcN4AaABAg,mo4X4Q4L3kU,नीरज चोपड़ा,Positive,2,train
Ugxb8qAIq7KLtnll6Hx4AaABAg,cgTIgkM2iyI,टीम इंडिया जीत,Neutral,1,train
UgwvWyQGxsVJFgOqd1R4AaABAg,oZUpj8GYbIY,प्रो कबड्डी,Positive,2,train
Ugz1nMKbtv4EjpxYLvx4AaABAg,nFxie8HZvyk,शुभमन गिल,Negative,0,train
UgwHSY8D1S3e8mlGgYl4AaABAg,7Yt5Xpnvl6s,खेल समाचार हिंदी,Negative,0,train
UgxLgJJAeI7Cgxmhlsl4AaABAg,DhxtvDzaBg0,टीम इंडिया हार,Neutral,1,train
Ugw4MREzTXjhoYsYbrl4AaABAg,oZUpj8GYbIY,प्रो कबड्डी,Positive,2,train
UgyG4IXndKoTE7SLv5N4AaABAg,5iasPyNE1UA,नीरज चोपड़ा,Positive,2,train
UgwbMtcDPySFLvuGQyV4AaABAg,eHHRTfEOCSk,विराट कोहली,Positive,2,train
UgzBpg7SaU1f2rOKADJ4AaABAg,fzOVeNcFT3Q,भारत बनाम पाकिस्तान क्रिकेट,Negative,0,train
Ugy_yjc2V4x0eFdPj1t4AaABAg,oZUpj8GYbIY,प्रो कबड्डी,Positive,2,train
Ugw2IijJl_GLM6wC54l4AaABAg,dMGRTR97Ito,क्रिकेट हाइलाइट्स हिंदी,Negative,0,train
Ugy0jNEuclBvkRXwkPl4AaABAg,5iasPyNE1UA,नीरज चोपड़ा,Positive,2,train
Ugwyr5Hg6xdgmg6diCl4AaABAg,H7q7q1IwEY4,क्रिकेट हाइलाइट्स हिंदी,Neutral,1,train
UgyNEo2rlbmtibFivRl4AaABAg,nsguh1qsUY0,खेल समाचार हिंदी,Negative,0,train
UgzRhhm6fIXOov6dUrh4AaABAg,H7q7q1IwEY4,क्रिकेट हाइलाइट्स हिंदी,Negative,0,train
UgwtL0HPpuX0KXO_g_d4AaABAg,ReVTGCbDzfw,टीम इंडिया जीत,Positive,2,train
UgwfFl7UgdHmwC5c70R4AaABAg,LDwhd2nI1eA,ओलंपिक भारत हिंदी,Positive,2,train
UgwQGTgeuoP1i5Y0VSV4AaABAg,wg1m1TWI0KI,रोहित शर्मा,Neutral,1,train
UgzY0izdCPxJ2YE_qtJ4AaABAg,7Yt5Xpnvl6s,खेल समाचार हिंदी,Negative,0,train
UgyrA7n7zRyyBX0vE3N4AaABAg,IlDcNvSuu3I,खेल समाचार हिंदी,Negative,0,train
UgyG2WpkF5YvSKbmoKt4AaABAg,cgTIgkM2iyI,टीम इंडिया जीत,Negative,0,train
Ugx2wD1kpFw2uvFzWEN4AaABAg,cgTIgkM2iyI,टीम इंडिया जीत,Neutral,1,train
UgxZzqZZ24PC8uCoX1h4AaABAg,JxdXGM-vPWM,विनेश फोगाट कुश्ती,Positive,2,train
UgxfwUItaQBxHvd5yGN4AaABAg,7Yt5Xpnvl6s,खेल समाचार हिंदी,Negative,0,train
Ugx2sXpUKg5FyF9R8J94AaABAg,vdNrPdeEuYQ,क्रिकेट हाइलाइट्स हिंदी,Neutral,1,train
UgzIP4_vpPtoRq8fMq54AaABAg,WIIvp8MWfCg,हॉकी इंडिया,Negative,0,train
UgzETmgWJz_m-ERccdZ4AaABAg,nhqQWXNdivo,एमएस धोनी,Positive,2,train
UgxRpOn_DSmYJAuT_LB4AaABAg,RiFzSORKO8o,खेल समाचार हिंदी,Negative,0,train
UgxcMSWQ7WyKUDZxdqd4AaABAg,5iasPyNE1UA,नीरज चोपड़ा,Negative,0,train
UgwnPdlmjNFujnaGRoJ4AaABAg,j0GPS4-Hzjs,टीम इंडिया हार,Negative,0,train
UgxTPb7RR-d65lrWwc14AaABAg,hHfPkMCbSh8,एमएस धोनी,Positive,2,train
UgwRDfUvYnufbjSp51J4AaABAg,vXsioE-C9wM,खेल समाचार हिंदी,Neutral,1,train
UgwRXt6Nu982QTzmNip4AaABAg,nsguh1qsUY0,खेल समाचार हिंदी,Neutral,1,train
Ugwk7UI8U2BcwIZW2BR4AaABAg,YXiRa5A-LKY,ओलंपिक भारत हिंदी,Negative,0,train
UgyPhXRWi6vR6GvBrTx4AaABAg,AFEZzf9_EHk,क्रिकेट हाइलाइट्स हिंदी,Positive,2,train
Ugxyax5J0B17ewCwI_p4AaABAg,mYivERVT1-g,टीम इंडिया हार,Negative,0,train
Ugxq-0FiPrMcrgB7ok94AaABAg,7Yt5Xpnvl6s,खेल समाचार हिंदी,Neutral,1,train
UgyOgGjEMDhdjADlhsV4AaABAg,CNJ88yD7BDI,रोहित शर्मा,Negative,0,train
Ugz2Ki3v4TWEK8-kXrx4AaABAg,WIIvp8MWfCg,हॉकी इंडिया,Positive,2,train
UgxMwxXprKIO4SiTAKR4AaABAg,vdNrPdeEuYQ,क्रिकेट हाइलाइट्स हिंदी,Negative,0,train
UgzzE7GgROfjr3F95FB4AaABAg,X4OB4-Itx8E,विनेश फोगाट कुश्ती,Neutral,1,train
UgygIMKSwE3xn1d8Rm54AaABAg,0xI6LADDw3A,टीम इंडिया हार,Negative,0,train
UgxqMCD4S44bErBDZCx4AaABAg,cgTIgkM2iyI,टीम इंडिया जीत,Positive,2,train
UgzgH-wZwAKZsGvILSl4AaABAg,mYivERVT1-g,टीम इंडिया हार,Negative,0,train
UgwSIegVAK7mE-vtLkl4AaABAg,cgTIgkM2iyI,टीम इंडिया जीत,Negative,0,train
Ugww89hUISQ0mn65fDB4AaABAg,7Yt5Xpnvl6s,खेल समाचार हिंदी,Neutral,1,train
Ugypp5TG2LXrnp3KEO54AaABAg,kW6z5TyU8QA,प्रो कबड्डी,Positive,2,train
UgzFvQGW1JzJq9oEnaZ4AaABAg,AFEZzf9_EHk,क्रिकेट हाइलाइट्स हिंदी,Positive,2,train
Ugx62y0hMdA8UuhCXRR4AaABAg,XqH6_0ocQRE,शुभमन गिल,Negative,0,train
UgxQs06yrto0nDOOxmx4AaABAg,luSat_G-U64,विनेश फोगाट कुश्ती,Positive,2,train
UgxLCV_kyg4zNGddN_p4AaABAg,7Yt5Xpnvl6s,खेल समाचार हिंदी,Negative,0,train
UgyTZ-B5ElTHl9OBADt4AaABAg,fzOVeNcFT3Q,भारत बनाम पाकिस्तान क्रिकेट,Negative,0,train
UgzsohZppz-SHF_gVat4AaABAg,_5Al9MzlDJk,क्रिकेट विश्लेषण हिंदी,Positive,2,train
UgzB0gM1hgC1MuIb4PR4AaABAg,vXsioE-C9wM,खेल समाचार हिंदी,Negative,0,train
UgzTZAeZ_bg8cR0U19h4AaABAg,msAzQ1p3lTA,रोहित शर्मा,Neutral,1,train
UgyKFZmnAOCWkC5qZ_J4AaABAg,ReVTGCbDzfw,टीम इंडिया जीत,Positive,2,train
UgyGONBD-pla2dqmT0l4AaABAg,VRNVxhlPvBE,एमएस धोनी,Neutral,1,train
UgxLzdR3BurSAlSGgOF4AaABAg,mYivERVT1-g,टीम इंडिया हार,Positive,2,train
Ugx0hnzBKRKSjddGBfx4AaABAg,M-0urWcOEqk,प्रो कबड्डी,Negative,0,train
UgxQYKU5DRQtjoktLbJ4AaABAg,nFxie8HZvyk,शुभमन गिल,Negative,0,train
Ugw2VVyTKV4FzQP_f3V4AaABAg,CVRuytf_zm8,नीरज चोपड़ा,Neutral,1,train
UgxlwTc-tiVvEU3xAW14AaABAg,7Yt5Xpnvl6s,खेल समाचार हिंदी,Negative,0,train
UgzT6kfZBbmeg4NKY9Z4AaABAg,vXsioE-C9wM,खेल समाचार हिंदी,Neutral,1,train
Ugxs4YyS7fm4HxX75bF4AaABAg,cgTIgkM2iyI,टीम इंडिया जीत,Negative,0,train
UgzXflfoacz37Tm2K_R4AaABAg,7Yt5Xpnvl6s,खेल समाचार हिंदी,Negative,0,train
UgyzYXWKOToNFvIetZF4AaABAg,WIIvp8MWfCg,हॉकी इंडिया,Negative,0,train
Ugz6s6scG5Q93uvQFGV4AaABAg,RiFzSORKO8o,खेल समाचार हिंदी,Negative,0,train
UgxGfc3UCoGpqcZgz_R4AaABAg,mYivERVT1-g,टीम इंडिया हार,Negative,0,train
UgwKDGNRYCXOLrvdYjl4AaABAg,nFxie8HZvyk,शुभमन गिल,Negative,0,train
Ugz4ArN1m1rT68rD4S14AaABAg,wY6UyatwVTA,क्रिकेट हाइलाइट्स हिंदी,Negative,0,train
UgwfVq3CTHxWyKb2xJF4AaABAg,vXsioE-C9wM,खेल समाचार हिंदी,Negative,0,train
Ugw_7SBoZVY01FZ5Clx4AaABAg,Fq6mlKQPpAM,नीरज चोपड़ा,Positive,2,train
Ugwn4FhRnMbGw0KUjhN4AaABAg,5dr3VzpoMfM,टीम इंडिया जीत,Positive,2,train
UgzVRiJVQX4LCgcsdSR4AaABAg,tHrYQb2n6MQ,क्रिकेट हाइलाइट्स हिंदी,Positive,2,train
Ugx5xKxN9_auUwTitzh4AaABAg,ReVTGCbDzfw,टीम इंडिया जीत,Negative,0,train
UgwYSJcbr0_O8dPyDiR4AaABAg,_5Al9MzlDJk,क्रिकेट विश्लेषण हिंदी,Positive,2,train
Ugwnq4Xe659owCf9zER4AaABAg,m6TaFjvrsqE,टीम इंडिया हार,Positive,2,train
Ugx56RWAsVIb6XonrTB4AaABAg,msAzQ1p3lTA,रोहित शर्मा,Negative,0,train
Ugw91KR4JGUx-8bPAsR4AaABAg,oZUpj8GYbIY,प्रो कबड्डी,Positive,2,train
Ugw4W_iqA5p_wRd3CKB4AaABAg,blu3Ez0VSSE,एमएस धोनी,Negative,0,train
Ugx_fRewDiDOI0UdUy94AaABAg,ReVTGCbDzfw,टीम इंडिया जीत,Negative,0,train
Ugy6Nh0xAFGkJN75lsB4AaABAg,mEOBGY4-7JA,क्रिकेट हाइलाइट्स हिंदी,Neutral,1,train
UgxdV5YYD2ZWL6hbdEB4AaABAg,N_10nNqwU0Y,नीरज चोपड़ा,Neutral,1,train
Ugy2eNp4tfVK8xLHODF4AaABAg,DhxtvDzaBg0,टीम इंडिया हार,Negative,0,train
Ugz9-hy_yweweDeQ6bt4AaABAg,WIIvp8MWfCg,हॉकी इंडिया,Negative,0,train
UgxfPSuDOjOxe6dlZ3V4AaABAg,mYivERVT1-g,टीम इंडिया हार,Negative,0,train
UgwtNVc4BZgujJ_FjdB4AaABAg,DhxtvDzaBg0,टीम इंडिया हार,Negative,0,train
Ugz4WL1yabP-zpBK5Il4AaABAg,luSat_G-U64,विनेश फोगाट कुश्ती,Positive,2,train
UgyqfIYSRoqwW_HZsId4AaABAg,DhxtvDzaBg0,टीम इंडिया हार,Neutral,1,train
UgwS5Fh3aeSdm8pW_fB4AaABAg,oZUpj8GYbIY,प्रो कबड्डी,Negative,0,train
Ugx634_aa9gckaxh4DN4AaABAg,0xI6LADDw3A,टीम इंडिया हार,Negative,0,train
Ugz2rHLLFs2Hq2_5FHx4AaABAg,7Yt5Xpnvl6s,खेल समाचार हिंदी,Negative,0,train
Ugx3PYHZsBOmvaXBkCd4AaABAg,LDwhd2nI1eA,ओलंपिक भारत हिंदी,Positive,2,train
UgwPdMqMBCd82c9u2054AaABAg,vXsioE-C9wM,खेल समाचार हिंदी,Negative,0,train
UgymMIEK73ShL_bGELl4AaABAg,WQdqgrWvy6g,भारत बनाम पाकिस्तान क्रिकेट,Positive,2,train
UgzOQiRWWjIDARzhAGp4AaABAg,CVRuytf_zm8,नीरज चोपड़ा,Negative,0,train
Ugy9MyIfM4-sZPitQcN4AaABAg,CVRuytf_zm8,नीरज चोपड़ा,Neutral,1,train
Ugwdlcn95mhSSE1xdd54AaABAg,0xI6LADDw3A,टीम इंडिया हार,Negative,0,train
UgzjKv-zh36J5K7Vsk94AaABAg,5iasPyNE1UA,नीरज चोपड़ा,Neutral,1,train
UgwLeWkLM9o6hSdkhvl4AaABAg,RiFzSORKO8o,खेल समाचार हिंदी,Negative,0,train
UgzcGLVRglgPwN5YqhV4AaABAg,CVRuytf_zm8,नीरज चोपड़ा,Positive,2,train
Ugw-vyPis2XoxblG5Mh4AaABAg,m6TaFjvrsqE,टीम इंडिया हार,Negative,0,train
UgzxyHKJUUEHiUge09Z4AaABAg,fvveJ66s0wg,भारत बनाम पाकिस्तान क्रिकेट,Neutral,1,train
Ugz7k-B1lYjudIE2eXx4AaABAg,m6TaFjvrsqE,टीम इंडिया हार,Neutral,1,train
UgzENUGfB5ltN5U6hhF4AaABAg,mYivERVT1-g,टीम इंडिया हार,Negative,0,train
UgyGABPmiAmykMPj9AN4AaABAg,7Yt5Xpnvl6s,खेल समाचार हिंदी,Neutral,1,train
UgxrUZO1Tc6XkAnoZ-J4AaABAg,RiFzSORKO8o,खेल समाचार हिंदी,Negative,0,train
UgxrBXjJKd4muYO-FDd4AaABAg,j0GPS4-Hzjs,टीम इंडिया हार,Negative,0,train
UgyYBJgzZMvd9hugMux4AaABAg,hHfPkMCbSh8,एमएस धोनी,Negative,0,train
UgzPuwZn30QhbTvviil4AaABAg,FwW1nVvr_B8,विराट कोहली,Neutral,1,train
UgxAXYXE6iTdyaSlkgF4AaABAg,cgTIgkM2iyI,टीम इंडिया जीत,Positive,2,train
UgzPPNh3VbHFDVHcLBF4AaABAg,CVRuytf_zm8,नीरज चोपड़ा,Positive,2,train
UgwcGCbjUegplabVb_J4AaABAg,fzOVeNcFT3Q,भारत बनाम पाकिस्तान क्रिकेट,Neutral,1,train
UgxY7pMouot73uuOQbF4AaABAg,tM7ZWU3_jX8,ओलंपिक भारत हिंदी,Positive,2,train
UgyNetI8G6MJCh_Rrz94AaABAg,wg1m1TWI0KI,रोहित शर्मा,Positive,2,train
UgysqA7u6kTUTO6C0Yp4AaABAg,msAzQ1p3lTA,रोहित शर्मा,Neutral,1,train
UgylVORtY3REhwzAeBx4AaABAg,vXsioE-C9wM,खेल समाचार हिंदी,Negative,0,train
Ugw0T0FZnZYH0JFnaeF4AaABAg,5dr3VzpoMfM,टीम इंडिया जीत,Neutral,1,train
UgwMouJCsPWE_9Lka4l4AaABAg,ReVTGCbDzfw,टीम इंडिया जीत,Negative,0,train
Ugz7-h5NKRaJKCLRv9B4AaABAg,cgTIgkM2iyI,टीम इंडिया जीत,Positive,2,train
UgxdTUnxH0n9xA6uCut4AaABAg,7Yt5Xpnvl6s,खेल समाचार हिंदी,Negative,0,train
Ugw3ZlTs_rgJsJDkkHp4AaABAg,mYivERVT1-g,टीम इंडिया हार,Negative,0,train
Ugx63NF8u82SaI7yEIx4AaABAg,-VPYd0WqOAM,टीम इंडिया हार,Negative,0,train
Ugx8Un1aHbUI-VOVFLZ4AaABAg,WIIvp8MWfCg,हॉकी इंडिया,Negative,0,train
UgwK0vGDkVlC81AoC6h4AaABAg,CNJ88yD7BDI,रोहित शर्मा,Neutral,1,train
Ugyls3t3amBJCOm3KqF4AaABAg,cgTIgkM2iyI,टीम इंडिया जीत,Positive,2,train
UgwarSyaj-G0Q9U9Xht4AaABAg,H7q7q1IwEY4,क्रिकेट हाइलाइट्स हिंदी,Neutral,1,train
Ugyb8c2rEG_jY8DG7Ox4AaABAg,DhxtvDzaBg0,टीम इंडिया हार,Negative,0,train
UgxToZrs3PPWQKFzgGh4AaABAg,CVRuytf_zm8,नीरज चोपड़ा,Negative,0,train
Ugwu75GTd6TaUKLLxil4AaABAg,WIIvp8MWfCg,हॉकी इंडिया,Negative,0,train
UgzGROTkg2nsrTTXw-N4AaABAg,CVRuytf_zm8,नीरज चोपड़ा,Negative,0,train
UgwukhgfZhEB_vdjGaZ4AaABAg,0xI6LADDw3A,टीम इंडिया हार,Negative,0,train
UgyLzISgoMihlNlM7ix4AaABAg,H7q7q1IwEY4,क्रिकेट हाइलाइट्स हिंदी,Negative,0,train
UgzQcer4eRevNS4yH4Z4AaABAg,FwW1nVvr_B8,विराट कोहली,Negative,0,train
Ugy1MYhsbDpeD4d5r3d4AaABAg,e9zG2ooGDfc,विराट कोहली,Negative,0,train
UgzhH7hmvk5lz1v3fod4AaABAg,0xI6LADDw3A,टीम इंडिया हार,Positive,2,train
UgyZJ51DLtR2qaqkIYV4AaABAg,DhxtvDzaBg0,टीम इंडिया हार,Negative,0,train
UgzZd5u7HvX2U13HJ1R4AaABAg,WIIvp8MWfCg,हॉकी इंडिया,Negative,0,train
UgxL9GRIQmKqzm8jOup4AaABAg,blu3Ez0VSSE,एमएस धोनी,Positive,2,train
Ugx7C6cAsEwfNQvz4LF4AaABAg,HsysMuOxlc8,टीम इंडिया हार,Negative,0,train
UgzCQXtDNa47_X8mLT94AaABAg,m6TaFjvrsqE,टीम इंडिया हार,Negative,0,train
UgyfuRXXfoFilnMG6sJ4AaABAg,cgTIgkM2iyI,टीम इंडिया जीत,Positive,2,train
Ugz7LuLwbD-f5YLgY-N4AaABAg,7Yt5Xpnvl6s,खेल समाचार हिंदी,Negative,0,train
UgwNc64nPiXEPPlhM4R4AaABAg,X4OB4-Itx8E,विनेश फोगाट कुश्ती,Neutral,1,train
UgwTGjEbmWAKc1jxqOF4AaABAg,5iasPyNE1UA,नीरज चोपड़ा,Positive,2,train
UgxmddM33PRwWoWYWKt4AaABAg,5iasPyNE1UA,नीरज चोपड़ा,Negative,0,train
UgzOtvs-hdkblwLaGgB4AaABAg,WIIvp8MWfCg,हॉकी इंडिया,Negative,0,train
UgwLPMwO7Z6KtONM0VB4AaABAg,rDyUKfq7B-g,विनेश फोगाट कुश्ती,Positive,2,train
Ugy8uMcQyGaC0OEeFrd4AaABAg,H7q7q1IwEY4,क्रिकेट हाइलाइट्स हिंदी,Neutral,1,train
UgwzRQqFEjrm44AL0Cl4AaABAg,d93flq_4BKY,शुभमन गिल,Negative,0,train
UgyLtyJNBBitcu-zAj14AaABAg,YXiRa5A-LKY,ओलंपिक भारत हिंदी,Negative,0,train
UgzmIZEyG0bBi-5-bQ14AaABAg,vXsioE-C9wM,खेल समाचार हिंदी,Negative,0,train
UgzlotJ07zd4E86TDLl4AaABAg,MAm0RLQpYas,भारत बनाम पाकिस्तान क्रिकेट,Positive,2,train
UgwSINtkt5y-Pg9wH3d4AaABAg,vXsioE-C9wM,खेल समाचार हिंदी,Negative,0,train
UgyxX-OxCZen4U6oiRF4AaABAg,CVRuytf_zm8,नीरज चोपड़ा,Negative,0,train
UgxBB6oqEd_tTJVSXzd4AaABAg,0xI6LADDw3A,टीम इंडिया हार,Negative,0,train
UgxB55SIEXqSCSPz6at4AaABAg,7Yt5Xpnvl6s,खेल समाचार हिंदी,Neutral,1,train
UgziaUzeyG5aJaz48UV4AaABAg,mEOBGY4-7JA,क्रिकेट हाइलाइट्स हिंदी,Positive,2,train
UgxftAfUbn7afeftnk54AaABAg,H7q7q1IwEY4,क्रिकेट हाइलाइट्स हिंदी,Neutral,1,train
UgwaeP5ZXuhpGNEnRxB4AaABAg,nFxie8HZvyk,शुभमन गिल,Negative,0,train
UgzkRLMVxfRY6hz_bv14AaABAg,vXsioE-C9wM,खेल समाचार हिंदी,Negative,0,train
Ugz7APBRfNHPmgm60IJ4AaABAg,7Yt5Xpnvl6s,खेल समाचार हिंदी,Neutral,1,train
Ugyq6ZjFbj1MkL054bB4AaABAg,5iasPyNE1UA,नीरज चोपड़ा,Neutral,1,train
UgwYM16dReLpPTrKsG94AaABAg,hHfPkMCbSh8,एमएस धोनी,Negative,0,train
UgzUleGrVy7Z0IxGyVx4AaABAg,7Yt5Xpnvl6s,खेल समाचार हिंदी,Negative,0,train
UgyBY16TocT2l-TvBcx4AaABAg,cgTIgkM2iyI,टीम इंडिया जीत,Positive,2,train
Ugz2FHbuVYD-OI_5z8d4AaABAg,mEOBGY4-7JA,क्रिकेट हाइलाइट्स हिंदी,Neutral,1,train
UgyMjIKyj40B9pfbX794AaABAg,oZUpj8GYbIY,प्रो कबड्डी,Positive,2,train
Ugyts63GT7OjfwuaQhp4AaABAg,luSat_G-U64,विनेश फोगाट कुश्ती,Positive,2,train
UgxvvuKvKCG4a2AVnQZ4AaABAg,oZUpj8GYbIY,प्रो कबड्डी,Positive,2,train
Ugy_sOHkMog1MOjEjh94AaABAg,vXsioE-C9wM,खेल समाचार हिंदी,Neutral,1,train
Ugx3j4ee1YXGRLEn7oB4AaABAg,-VPYd0WqOAM,टीम इंडिया हार,Negative,0,train
UgwTeaRB5r8MEy_NXMh4AaABAg,hHfPkMCbSh8,एमएस धोनी,Negative,0,train
UgzAZERiSz5Hrl9Via94AaABAg,EY41X9sfxlA,आईपीएल हाइलाइट्स हिंदी,Neutral,1,train
UgxPZqVVG0dhWfky9fZ4AaABAg,m6TaFjvrsqE,टीम इंडिया हार,Positive,2,train
UgzegxXhTFH4LEzfQ7Z4AaABAg,ri8TryiW6iQ,पीवी सिंधु बैडमिंटन,Neutral,1,train
UgxVrqKRULBCctZN2sR4AaABAg,5iasPyNE1UA,नीरज चोपड़ा,Positive,2,train
UgwKBeawskjhl9Cfir54AaABAg,hHfPkMCbSh8,एमएस धोनी,Neutral,1,train
Ugzk809P_0KV6OOVIjp4AaABAg,j0GPS4-Hzjs,टीम इंडिया हार,Negative,0,train
UgwJP4UuBsignsJEMRh4AaABAg,vXsioE-C9wM,खेल समाचार हिंदी,Negative,0,train
UgxuZFCd-Dl57zNDicJ4AaABAg,mYivERVT1-g,टीम इंडिया हार,Negative,0,train
UgxtqbJPCkHI_iZGAj14AaABAg,x_prt6sDXUQ,विराट कोहली,Positive,2,train
Ugw6ek50zMPoRF91RNx4AaABAg,0FTTZYYOLQg,क्रिकेट विश्लेषण हिंदी,Negative,0,train
Ugw8nSSjav0VTmYJo_R4AaABAg,RiFzSORKO8o,खेल समाचार हिंदी,Positive,2,train
UgxPL-FfK4YjK9ld7qF4AaABAg,-VPYd0WqOAM,टीम इंडिया हार,Negative,0,train
Ugyba_6DQWw0BmWTf5J4AaABAg,VLmkv3PLjlc,रोहित शर्मा,Positive,2,train
UgzGe_73TkWfiFI1NYN4AaABAg,oZUpj8GYbIY,प्रो कबड्डी,Neutral,1,train
UgxLjsSIGHWYj9v0KY54AaABAg,d93flq_4BKY,शुभमन गिल,Negative,0,train
UgyJieUyzS24R4299op4AaABAg,uSGCAJS6qWg,भारत बनाम पाकिस्तान क्रिकेट,Negative,0,train
UgwVV6qXDPddeEVGUDR4AaABAg,cgTIgkM2iyI,टीम इंडिया जीत,Positive,2,train
Ugx72QiVbd9jdl4xOFd4AaABAg,5dr3VzpoMfM,टीम इंडिया जीत,Positive,2,train
UgwtPAAUJj_Rrmqval94AaABAg,fzOVeNcFT3Q,भारत बनाम पाकिस्तान क्रिकेट,Negative,0,train
Ugzx_bqHGBIP1wO5jEJ4AaABAg,DhxtvDzaBg0,टीम इंडिया हार,Negative,0,train
UgxYic9BeBl0dajtpdV4AaABAg,H7q7q1IwEY4,क्रिकेट हाइलाइट्स हिंदी,Neutral,1,train
UgyAArWf7KZCKMCMclp4AaABAg,WIIvp8MWfCg,हॉकी इंडिया,Negative,0,train
UgyyMx2pGBL49Yg-gkp4AaABAg,mYivERVT1-g,टीम इंडिया हार,Negative,0,train
UgwL_LV4AsXlHH-rW3d4AaABAg,oZUpj8GYbIY,प्रो कबड्डी,Positive,2,train
UgxbpEZV_EtzA-qVsw14AaABAg,LDwhd2nI1eA,ओलंपिक भारत हिंदी,Negative,0,train
Ugxdwk9JuiNTVwQHtiR4AaABAg,msAzQ1p3lTA,रोहित शर्मा,Neutral,1,train
UgyJVjf2vDjD6lNPgnh4AaABAg,nFxie8HZvyk,शुभमन गिल,Negative,0,train
UgyFlC49Jix_v3TzFxR4AaABAg,JxdXGM-vPWM,विनेश फोगाट कुश्ती,Positive,2,train
UgwXfJzHn_-sFfWZCsZ4AaABAg,j0GPS4-Hzjs,टीम इंडिया हार,Positive,2,train
UgxAl9fUaVy9XlDaGXZ4AaABAg,mYivERVT1-g,टीम इंडिया हार,Neutral,1,train
UgxBJKbWWnz0s_dJwn14AaABAg,FwW1nVvr_B8,विराट कोहली,Positive,2,train
UgxKXDzRkrQBaHZRcYZ4AaABAg,oZUpj8GYbIY,प्रो कबड्डी,Positive,2,train
UgwH6vlUhCXDKaLTKY14AaABAg,m6TaFjvrsqE,टीम इंडिया हार,Positive,2,train
UgwUB269DYbSipZNZHZ4AaABAg,0xI6LADDw3A,टीम इंडिया हार,Negative,0,train
UgwBIXUgq8hfzJ9YAHd4AaABAg,RRdg44agPoU,विनेश फोगाट कुश्ती,Positive,2,train
Ugw_QpOvVr6WhMpgRY94AaABAg,vXsioE-C9wM,खेल समाचार हिंदी,Negative,0,train
Ugy5_TZzVKiOBvU2MAB4AaABAg,LLNdaQd5rMY,रोहित शर्मा,Negative,0,train
UgzVhvN8lzgiwiwAXIt4AaABAg,FwW1nVvr_B8,विराट कोहली,Negative,0,train
UgymPg2tez4Xv0cWdAR4AaABAg,DhxtvDzaBg0,टीम इंडिया हार,Negative,0,train
UgyquHQAdi40Zpe4Zdx4AaABAg,X4OB4-Itx8E,विनेश फोगाट कुश्ती,Positive,2,train
UgzCcqT0Ll052jsEkqZ4AaABAg,LDwhd2nI1eA,ओलंपिक भारत हिंदी,Positive,2,train
UgxMuPGDBhBT83wZ_014AaABAg,vXsioE-C9wM,खेल समाचार हिंदी,Negative,0,train
Ugwkc7zeZsV6dW63EGN4AaABAg,FUPfVqR5Hys,रोहित शर्मा,Positive,2,train
UgworhHsaF9EOBjPLMh4AaABAg,FUPfVqR5Hys,रोहित शर्मा,Positive,2,train
Ugwk2tpTc-GUHfvRwUR4AaABAg,6vlujRLmTjM,विनेश फोगाट कुश्ती,Positive,2,train
UgwRMhVDxX-zt8Ok3Ox4AaABAg,CVRuytf_zm8,नीरज चोपड़ा,Neutral,1,train
UgxZxQ4vie2gGCx4e9Z4AaABAg,m6TaFjvrsqE,टीम इंडिया हार,Positive,2,train
UgwJ9ReB0-6AKePf0jd4AaABAg,hHfPkMCbSh8,एमएस धोनी,Negative,0,train
UgyFkNmhBE5BP7m6UXN4AaABAg,FwW1nVvr_B8,विराट कोहली,Negative,0,train
Ugx7rSejrrTSsqan1_Z4AaABAg,CVRuytf_zm8,नीरज चोपड़ा,Neutral,1,train
UgwKNuespVhD_CtUCk94AaABAg,rDyUKfq7B-g,विनेश फोगाट कुश्ती,Positive,2,train
UgwaXfnegvDzFEdk0Gh4AaABAg,ReVTGCbDzfw,टीम इंडिया जीत,Negative,0,train
UgxS1y-DLwCWHA_RiMx4AaABAg,H7q7q1IwEY4,क्रिकेट हाइलाइट्स हिंदी,Neutral,1,train
Ugxn9g_vbh5W_oGWIbB4AaABAg,Fq6mlKQPpAM,नीरज चोपड़ा,Neutral,1,train
UgwCwpl_pSOS4Xwbh5p4AaABAg,R7RjpLJnIQc,विनेश फोगाट कुश्ती,Positive,2,train
UgzKP5xCfOx-z7lpvT94AaABAg,xmg7vO6GCWU,रोहित शर्मा,Neutral,1,train
UgxG24tvGYkDHTU7Nxt4AaABAg,j0GPS4-Hzjs,टीम इंडिया हार,Positive,2,train
Ugzir24Q5XgS2AP16nh4AaABAg,uSGCAJS6qWg,भारत बनाम पाकिस्तान क्रिकेट,Positive,2,train
UgzRDgUT_2ua0Q9ONql4AaABAg,d93flq_4BKY,शुभमन गिल,Positive,2,train
Ugy8mEOnaFmnzcwwSLd4AaABAg,QXhV148EryQ,फुटबॉल हिंदी,Neutral,1,train
UgxEEY0tWhvs8A0buPB4AaABAg,mo4X4Q4L3kU,नीरज चोपड़ा,Positive,2,train
UgxXUCec-7M27ja00mx4AaABAg,nFxie8HZvyk,शुभमन गिल,Negative,0,train
UgyDyxiswomaRAjiFjt4AaABAg,H7q7q1IwEY4,क्रिकेट हाइलाइट्स हिंदी,Neutral,1,train
UgycIzsbMOBeTjjMfRt4AaABAg,WIIvp8MWfCg,हॉकी इंडिया,Negative,0,train
Ugy_9wMcTwnc8t32CX54AaABAg,OawmHMda9fQ,विराट कोहली,Positive,2,train
UgxzeDpnO3lfNrTMhd14AaABAg,_5Al9MzlDJk,क्रिकेट विश्लेषण हिंदी,Negative,0,train
UgxQIkfnFLqgJ-UgB8B4AaABAg,vXsioE-C9wM,खेल समाचार हिंदी,Negative,0,train
Ugw5OSxbtokfTZ-XmT54AaABAg,LDwhd2nI1eA,ओलंपिक भारत हिंदी,Positive,2,train
UgxePI6IaABwvgqMBdN4AaABAg,CVRuytf_zm8,नीरज चोपड़ा,Neutral,1,train
Ugzv06TQRsOexednj4p4AaABAg,hHfPkMCbSh8,एमएस धोनी,Negative,0,train
UgwpAB8gOUKCtn9ZOiB4AaABAg,WIIvp8MWfCg,हॉकी इंडिया,Negative,0,train
UgxeGbDYCyp-8xhunfp4AaABAg,CVRuytf_zm8,नीरज चोपड़ा,Neutral,1,train
Ugx6gIV_rg9nFwKe_114AaABAg,Cd2ZiwMgGzo,एमएस धोनी,Negative,0,train
UgwkO0Ch7lxJcJrT1MB4AaABAg,TRtlo-1sKSU,टीम इंडिया हार,Negative,0,train
UgxgPaLE5IlbCBYaxCJ4AaABAg,FR2SkETgQ0o,विनेश फोगाट कुश्ती,Positive,2,train
Ugw-DMbbZ3Z4H-6q0UJ4AaABAg,Fq6mlKQPpAM,नीरज चोपड़ा,Negative,0,train
UgzU-wML1zbWi3HD3Tx4AaABAg,7Yt5Xpnvl6s,खेल समाचार हिंदी,Negative,0,train
UgzT7o4SkdSlTLesVeN4AaABAg,ZkSLyYRVrMM,विराट कोहली,Positive,2,train
UgzxdAExOdHB-i2Iu_94AaABAg,cgTIgkM2iyI,टीम इंडिया जीत,Negative,0,train
UgxKWWiph6dBY3oLI_B4AaABAg,oZUpj8GYbIY,प्रो कबड्डी,Negative,0,train
UgzckIaBTiodOstBTd14AaABAg,m6TaFjvrsqE,टीम इंडिया हार,Positive,2,train
Ugx6CBoL6fG9wjBd3fh4AaABAg,5iasPyNE1UA,नीरज चोपड़ा,Negative,0,train
UgwgbvNUTEvMO6gkUgx4AaABAg,X4OB4-Itx8E,विनेश फोगाट कुश्ती,Positive,2,train
UgyiTDnsnnUtIyVWimV4AaABAg,UQNLGJARdZM,एमएस धोनी,Neutral,1,train
UgyKe0C0nQNGIeL_cRZ4AaABAg,X4OB4-Itx8E,विनेश फोगाट कुश्ती,Positive,2,train
UgzyaWHQlG-N4NY8ec54AaABAg,mYivERVT1-g,टीम इंडिया हार,Negative,0,train
Ugy5LXvOUST7YdM9SeB4AaABAg,ZkSLyYRVrMM,विराट कोहली,Neutral,1,train
Ugw6-HXH5_mHoXUvUYN4AaABAg,d93flq_4BKY,शुभमन गिल,Negative,0,train
UgyOz5tgLNtpjMDrmFJ4AaABAg,fzOVeNcFT3Q,भारत बनाम पाकिस्तान क्रिकेट,Negative,0,train
UgxsVWwGdH_eviqlhiJ4AaABAg,WIIvp8MWfCg,हॉकी इंडिया,Negative,0,train
UgyTgFdgWPlwwikPUf94AaABAg,Fq6mlKQPpAM,नीरज चोपड़ा,Negative,0,train
UgxrrutFd5TVCW_XOEp4AaABAg,RiFzSORKO8o,खेल समाचार हिंदी,Negative,0,train
Ugzcu-stYIj8rhLOBoJ4AaABAg,mEOBGY4-7JA,क्रिकेट हाइलाइट्स हिंदी,Positive,2,train
UgyqGML67UTJYqwtZg94AaABAg,nFxie8HZvyk,शुभमन गिल,Negative,0,train
UgyPeRoQAPG9E9eIgIJ4AaABAg,7Yt5Xpnvl6s,खेल समाचार हिंदी,Negative,0,train
Ugzhc6Vyb8cryQapUtF4AaABAg,j0GPS4-Hzjs,टीम इंडिया हार,Positive,2,train
Ugz0Ec5ijsnLZ-k0Iht4AaABAg,hHfPkMCbSh8,एमएस धोनी,Neutral,1,train
UgxmCqF3bSN_NCYp2vZ4AaABAg,cgTIgkM2iyI,टीम इंडिया जीत,Negative,0,train
UgyreuoJsRn0CR9sruZ4AaABAg,mYivERVT1-g,टीम इंडिया हार,Negative,0,train
UgzI9GhbtenODALqyyl4AaABAg,X4OB4-Itx8E,विनेश फोगाट कुश्ती,Positive,2,train
Ugwf2ItP8mYHruqc4Bl4AaABAg,9AF2cOl4gjQ,प्रो कबड्डी,Positive,2,train
UgzWWJzghrtTFOFiUi94AaABAg,eHHRTfEOCSk,विराट कोहली,Positive,2,train
UgySCDx8Q5VSMOfu_HZ4AaABAg,CVRuytf_zm8,नीरज चोपड़ा,Negative,0,train
UgyOpUaV60KEpp1Tscl4AaABAg,CVRuytf_zm8,नीरज चोपड़ा,Neutral,1,train
UgwvlggpSADufzK8VrV4AaABAg,WIIvp8MWfCg,हॉकी इंडिया,Negative,0,train
UgzNv2wRpqcXKTgIVo14AaABAg,j0GPS4-Hzjs,टीम इंडिया हार,Positive,2,train
Ugxm0z19yxETjW_UKy94AaABAg,WwSyB8yo2XI,भारत बनाम पाकिस्तान क्रिकेट,Positive,2,train
Ugzl8lLEWk3-eUY1jsl4AaABAg,vXsioE-C9wM,खेल समाचार हिंदी,Negative,0,train
UgwerWu3LXmjY95XK014AaABAg,d93flq_4BKY,शुभमन गिल,Neutral,1,train
UgwnnUhut9cmeROTOxN4AaABAg,m6TaFjvrsqE,टीम इंडिया हार,Positive,2,train
UgzHtrJHx15HG3kxBEF4AaABAg,hHfPkMCbSh8,एमएस धोनी,Neutral,1,train
UgxcOebY-TbqLTpMgUB4AaABAg,4TOuvu8C5y4,टीम इंडिया जीत,Positive,2,train
UgxzKmqlKUiaUCvneeJ4AaABAg,H7q7q1IwEY4,क्रिकेट हाइलाइट्स हिंदी,Neutral,1,train
UgwDwCCcK-p1_xr31st4AaABAg,6vlujRLmTjM,विनेश फोगाट कुश्ती,Positive,2,train
UgxT1s9RShY2XFhYn3J4AaABAg,XqH6_0ocQRE,शुभमन गिल,Neutral,1,train
UgxhZWasXkLcODBR_o14AaABAg,m6TaFjvrsqE,टीम इंडिया हार,Positive,2,train
UgyQhgNT7LhfBWNE9Lx4AaABAg,X4gfyBUcJtE,एशिया कप हिंदी,Positive,2,train
UgwCvkCOhPP-Jde5KWF4AaABAg,eHHRTfEOCSk,विराट कोहली,Positive,2,train
UgxGP1cDN0qpvH7FuJ94AaABAg,oZUpj8GYbIY,प्रो कबड्डी,Positive,2,train
UgyQK0MiwFWXvWVuAcl4AaABAg,CVRuytf_zm8,नीरज चोपड़ा,Negative,0,train
UgxltHw1Ml3WDaWD7sN4AaABAg,RiFzSORKO8o,खेल समाचार हिंदी,Negative,0,train
UgwA10v91dDbVre5Kx94AaABAg,zoPxpDFT-_s,प्रो कबड्डी,Neutral,1,train
UgyC9MXCjT2uB5K8_vN4AaABAg,mEOBGY4-7JA,क्रिकेट हाइलाइट्स हिंदी,Positive,2,train
UgzcOIkqfnh3DDp-I_J4AaABAg,UQNLGJARdZM,एमएस धोनी,Neutral,1,train
Ugwx5E39eYLC73XKFjB4AaABAg,30ym5bs64EM,टीम इंडिया जीत,Positive,2,train
UgxcyP615iDgLvJGimV4AaABAg,PUsmivLvT_I,विनेश फोगाट कुश्ती,Negative,0,train
UgxHr2vicrWcw03YHK14AaABAg,vXsioE-C9wM,खेल समाचार हिंदी,Negative,0,train
UgzVASOxz-7WHPqABlR4AaABAg,MAm0RLQpYas,भारत बनाम पाकिस्तान क्रिकेट,Negative,0,train
Ugxoe8NTto1iyiPJEcp4AaABAg,cgTIgkM2iyI,टीम इंडिया जीत,Negative,0,train
UgwzCdmXGcw8CQEhQYl4AaABAg,UQNLGJARdZM,एमएस धोनी,Neutral,1,train
UgzScNlUwI4JMgOBYs14AaABAg,mYivERVT1-g,टीम इंडिया हार,Negative,0,train
Ugw_sKDoJkCWMo_RU-N4AaABAg,5iasPyNE1UA,नीरज चोपड़ा,Positive,2,train
UgyY2qONC0GMHehRIIJ4AaABAg,FwW1nVvr_B8,विराट कोहली,Positive,2,train
UgzUqgOTCcHC0BIOD5R4AaABAg,R7RjpLJnIQc,विनेश फोगाट कुश्ती,Positive,2,train
Ugxlei0VEFpwJzBDzmt4AaABAg,fP2OioK7nXk,हॉकी इंडिया,Positive,2,train
UgyCN90AnRR0mQxXUmd4AaABAg,LLNdaQd5rMY,रोहित शर्मा,Positive,2,train
UgzcaU_byvos1V8KEuR4AaABAg,msAzQ1p3lTA,रोहित शर्मा,Negative,0,train
Ugw4XiGBtKpimBf9fat4AaABAg,vXsioE-C9wM,खेल समाचार हिंदी,Negative,0,train
UgzA3gfbLu-x9tDT0jR4AaABAg,VLmkv3PLjlc,रोहित शर्मा,Negative,0,train
UgzDOSrZKT_F7-oQn7J4AaABAg,nFxie8HZvyk,शुभमन गिल,Neutral,1,train
UgxtEXtX_WrtbUEYw7F4AaABAg,j0GPS4-Hzjs,टीम इंडिया हार,Positive,2,train
UgwTRgFs5GCHh_pS6B94AaABAg,j0GPS4-Hzjs,टीम इंडिया हार,Negative,0,train
UgzYQOc5f64NztRkwox4AaABAg,IlDcNvSuu3I,खेल समाचार हिंदी,Negative,0,train
Ugz3t1nKHC31OkjLoZJ4AaABAg,yZFCSDiAPBA,एमएस धोनी,Positive,2,train
UgyMpiFmm8mDhUMeTlN4AaABAg,d93flq_4BKY,शुभमन गिल,Negative,0,train
UgyXBo1N0lp2LWNYmyt4AaABAg,LDwhd2nI1eA,ओलंपिक भारत हिंदी,Positive,2,train
Ugz3uwv3TJ-LSE_2KfB4AaABAg,VLmkv3PLjlc,रोहित शर्मा,Negative,0,train
Ugzc41tTyr8UC5mz9NV4AaABAg,nsguh1qsUY0,खेल समाचार हिंदी,Negative,0,train
UgzbeM83U46LjNcx-pR4AaABAg,rW_fwcmyIfk,नीरज चोपड़ा,Positive,2,train
Ugyy5iPrD5hCuPaRtFd4AaABAg,CVRuytf_zm8,नीरज चोपड़ा,Positive,2,train
UgyJYR6Pt7xlXz_7byF4AaABAg,m6TaFjvrsqE,टीम इंडिया हार,Positive,2,train
UgyztJxdrxM3X-w-dFl4AaABAg,CVRuytf_zm8,नीरज चोपड़ा,Negative,0,train
Ugydvwki3uNIsrNb4p94AaABAg,fa9my1Q-CWY,प्रो कबड्डी,Neutral,1,train
UgwGQW6NL8jo9myFcjN4AaABAg,mYivERVT1-g,टीम इंडिया हार,Negative,0,train
UgxhuCuA6JqOVP4JJ8x4AaABAg,vXsioE-C9wM,खेल समाचार हिंदी,Negative,0,train
UgxSumMCKBo8crbq6iZ4AaABAg,nFxie8HZvyk,शुभमन गिल,Negative,0,train
Ugybxk52ItHUsrF9hP14AaABAg,zryGpo3FQZY,एशिया कप हिंदी,Negative,0,train
UgyI1vECVButWS_cNHh4AaABAg,VLmkv3PLjlc,रोहित शर्मा,Negative,0,train
Ugy8cJ4w6d4mXOYiCIx4AaABAg,huPXXPvZ3P0,रोहित शर्मा,Positive,2,train
UgwH0zDxUimyLjJDSzp4AaABAg,7Yt5Xpnvl6s,खेल समाचार हिंदी,Negative,0,train
UgxgrdsBYDT0Pd5XTXJ4AaABAg,5iasPyNE1UA,नीरज चोपड़ा,Negative,0,train
UgwdYuPlOgYAIXUQpqB4AaABAg,cgTIgkM2iyI,टीम इंडिया जीत,Neutral,1,train
UgwAy5ndDuw9ZSSCCf14AaABAg,WIIvp8MWfCg,हॉकी इंडिया,Negative,0,train
UgyfvoRMdR1TKMJcFcB4AaABAg,vXsioE-C9wM,खेल समाचार हिंदी,Negative,0,train
UgyNwTSLFzud8iCw7fR4AaABAg,RiFzSORKO8o,खेल समाचार हिंदी,Neutral,1,train
Ugz-ENm7pcSdHqdKA3V4AaABAg,EY41X9sfxlA,आईपीएल हाइलाइट्स हिंदी,Neutral,1,train
Ugw6p07qNrWcSGoQpy14AaABAg,RiFzSORKO8o,खेल समाचार हिंदी,Negative,0,train
Ugx0idInNF40sa90oQ14AaABAg,fzOVeNcFT3Q,भारत बनाम पाकिस्तान क्रिकेट,Positive,2,train
UgxZ3-jbUIp4Ab7oZIR4AaABAg,msAzQ1p3lTA,रोहित शर्मा,Neutral,1,train
UgxbrY-ve13JXT40jud4AaABAg,DhxtvDzaBg0,टीम इंडिया हार,Negative,0,train
UgweYzlb_o1tjL6PhD14AaABAg,m6TaFjvrsqE,टीम इंडिया हार,Positive,2,train
UgwO5YXYL3VMOK1vu_h4AaABAg,d93flq_4BKY,शुभमन गिल,Negative,0,train
UgwAykZ7jdWLZV-4xKd4AaABAg,5XtX8Lezjg4,ओलंपिक भारत हिंदी,Positive,2,train
Ugxv6T94BF6-jmeAagl4AaABAg,ReVTGCbDzfw,टीम इंडिया जीत,Positive,2,train
UgxJWn-0M72fKmaC0fN4AaABAg,YXiRa5A-LKY,ओलंपिक भारत हिंदी,Negative,0,train
UgxoVyKY53MFQMi1OC54AaABAg,ReVTGCbDzfw,टीम इंडिया जीत,Positive,2,train
Ugwi71aU7F0yB13f6c94AaABAg,YXiRa5A-LKY,ओलंपिक भारत हिंदी,Negative,0,train
UgxOUcZiyN59MbPLwSp4AaABAg,VLmkv3PLjlc,रोहित शर्मा,Negative,0,train
UgwzwTTVD7Tt6xTuDCt4AaABAg,nFxie8HZvyk,शुभमन गिल,Neutral,1,train
UgyepzKRIkmNwpRQ4nR4AaABAg,cgTIgkM2iyI,टीम इंडिया जीत,Neutral,1,train
UgzQrGlcVTlwzzvkv0B4AaABAg,ReVTGCbDzfw,टीम इंडिया जीत,Negative,0,train
UgzEMwJWQnaHEJmBw4B4AaABAg,WIIvp8MWfCg,हॉकी इंडिया,Negative,0,train
UgzhCR60faQ_pR-NQ8V4AaABAg,oZUpj8GYbIY,प्रो कबड्डी,Neutral,1,train
UgzbpE8SGSYB6YHI37F4AaABAg,DhxtvDzaBg0,टीम इंडिया हार,Neutral,1,train
Ugy58IFdbQufT24R9aF4AaABAg,m6TaFjvrsqE,टीम इंडिया हार,Negative,0,train
UgxaViW4PhCzVs91T9F4AaABAg,HucIqi8Lw3E,पीवी सिंधु बैडमिंटन,Positive,2,train
UgysK-8sLS_luulfoHF4AaABAg,6N6P_vOYKGk,एमएस धोनी,Negative,0,train
Ugz48c6IPrwoTRcNB3N4AaABAg,mYivERVT1-g,टीम इंडिया हार,Negative,0,train
UgwjIAJIEr19-8hF2od4AaABAg,X4OB4-Itx8E,विनेश फोगाट कुश्ती,Positive,2,train
UgxG4wbssvMgqRMNaat4AaABAg,nFxie8HZvyk,शुभमन गिल,Negative,0,train
UgzCJVBbjYCcNl5ainN4AaABAg,WIIvp8MWfCg,हॉकी इंडिया,Negative,0,train
Ugwu-xqrMaBhsNlYzY14AaABAg,m6TaFjvrsqE,टीम इंडिया हार,Positive,2,train
UgwtqUY7B9Y5eAu0mZR4AaABAg,j0GPS4-Hzjs,टीम इंडिया हार,Negative,0,train
Ugx4xKrSoATph4n6V354AaABAg,luSat_G-U64,विनेश फोगाट कुश्ती,Positive,2,train
UgxVn33VUVkOYZUzOLp4AaABAg,RRdg44agPoU,विनेश फोगाट कुश्ती,Negative,0,train
UgzUuykQK0z6OgmVhOt4AaABAg,fzOVeNcFT3Q,भारत बनाम पाकिस्तान क्रिकेट,Positive,2,train
UgxY8iOsTYLnmmGchIZ4AaABAg,fpmSOInFj4A,नीरज चोपड़ा,Positive,2,train
UgyoBRdhT8XSBRwFJYd4AaABAg,m6TaFjvrsqE,टीम इंडिया हार,Positive,2,train
UgyNFM6Ets30q7I0jNJ4AaABAg,nhqQWXNdivo,एमएस धोनी,Positive,2,train
UgypRjunxElRQ4Jkpmt4AaABAg,d93flq_4BKY,शुभमन गिल,Negative,0,train
UgynWHDOTwVXCWGUfuV4AaABAg,DhxtvDzaBg0,टीम इंडिया हार,Negative,0,train
Ugy_9kVNh_MS4UJch014AaABAg,nFxie8HZvyk,शुभमन गिल,Negative,0,train
UgzURcaK-N97BJY3oQd4AaABAg,vXsioE-C9wM,खेल समाचार हिंदी,Neutral,1,train
UgwUyqEwPMwZMXS4Ec14AaABAg,x_prt6sDXUQ,विराट कोहली,Negative,0,train
UgxADQf0gZex7X-WQJR4AaABAg,H7q7q1IwEY4,क्रिकेट हाइलाइट्स हिंदी,Neutral,1,train
UgyucwySJU9mCqhNIZ14AaABAg,CVRuytf_zm8,नीरज चोपड़ा,Negative,0,train
UgwhI50Ljad_XM2Me3l4AaABAg,VRNVxhlPvBE,एमएस धोनी,Negative,0,train
UgyBOA9Zv5utSbXhRGR4AaABAg,rDyUKfq7B-g,विनेश फोगाट कुश्ती,Negative,0,train
UgyJ7pi0mB8LQt82Adh4AaABAg,rDyUKfq7B-g,विनेश फोगाट कुश्ती,Positive,2,train
Ugzqo787icI7yOAXDBR4AaABAg,hHfPkMCbSh8,एमएस धोनी,Neutral,1,train
Ugy74npJA2ilXw0gmHB4AaABAg,X4OB4-Itx8E,विनेश फोगाट कुश्ती,Positive,2,train
UgzVQjvRYMeuyRyZJOZ4AaABAg,6aYlRB8LJVU,शुभमन गिल,Neutral,1,train
UgyE391ghrdQ2chvIYl4AaABAg,ReVTGCbDzfw,टीम इंडिया जीत,Positive,2,train
UgyHLcHzlpy5ph1v5wF4AaABAg,j0GPS4-Hzjs,टीम इंडिया हार,Positive,2,train
UgzftPiQyqO_ERa8LDx4AaABAg,nFxie8HZvyk,शुभमन गिल,Negative,0,train
Ugzq3Dk1Obuzo18SsZZ4AaABAg,7Yt5Xpnvl6s,खेल समाचार हिंदी,Negative,0,train
Ugz5TN-EuRb4wVlwl794AaABAg,mYivERVT1-g,टीम इंडिया हार,Negative,0,train
UgzsIhawhxZdIEyULSF4AaABAg,h93zAYPp_xA,शुभमन गिल,Negative,0,train
UgwFEIxIqA7H-tr9iQx4AaABAg,Z2K0CgHzNW8,ओलंपिक भारत हिंदी,Positive,2,train
UgwlWw56q0ncVELocdZ4AaABAg,d4QBKbIbGco,खेल समाचार हिंदी,Negative,0,train
UgztAi5spoIEkYeZwyJ4AaABAg,4TOuvu8C5y4,टीम इंडिया जीत,Positive,2,train
UgyDYm2af3WUWi47BfN4AaABAg,ReVTGCbDzfw,टीम इंडिया जीत,Positive,2,train
Ugzp_su76mJ_fgT78DB4AaABAg,CVRuytf_zm8,नीरज चोपड़ा,Negative,0,train
UgzMRg6jwn3Dpdr6Adx4AaABAg,5iasPyNE1UA,नीरज चोपड़ा,Negative,0,train
UgyPv8tb8Cf6Dc6wzPZ4AaABAg,eHHRTfEOCSk,विराट कोहली,Positive,2,train
UgyjaNygA6NlfxdnMOV4AaABAg,DhxtvDzaBg0,टीम इंडिया हार,Negative,0,train
Ugx1247_afj1T4KCa9V4AaABAg,6vlujRLmTjM,विनेश फोगाट कुश्ती,Positive,2,train
UgyJ-ycGBuMnRA-btTN4AaABAg,j0GPS4-Hzjs,टीम इंडिया हार,Positive,2,train
UgwScnjoMzm7xDbvmCJ4AaABAg,rDyUKfq7B-g,विनेश फोगाट कुश्ती,Negative,0,train
Ugzvq5RaA_LeShXWQ5Z4AaABAg,ZkSLyYRVrMM,विराट कोहली,Negative,0,train
UgzzNu409lAnfYQG2Hh4AaABAg,FwW1nVvr_B8,विराट कोहली,Negative,0,train
UgzuJNtfWBRNjjswqEB4AaABAg,fvveJ66s0wg,भारत बनाम पाकिस्तान क्रिकेट,Positive,2,train
UgxVzZzq38TKsp7ZWtF4AaABAg,WIIvp8MWfCg,हॉकी इंडिया,Negative,0,train
UgzHQpIqDylIcdBPyrJ4AaABAg,nFxie8HZvyk,शुभमन गिल,Negative,0,train
UgxOUrs5SxOXIQz-gL54AaABAg,H7q7q1IwEY4,क्रिकेट हाइलाइट्स हिंदी,Neutral,1,train
UgxXv5oNKOTzn9wTBY94AaABAg,7Yt5Xpnvl6s,खेल समाचार हिंदी,Negative,0,train
UgzzYSWT_8fDkf96KaZ4AaABAg,d93flq_4BKY,शुभमन गिल,Negative,0,train
UgzP6AIFhg-7rgeff1B4AaABAg,fvveJ66s0wg,भारत बनाम पाकिस्तान क्रिकेट,Negative,0,train
Ugz-vV95PHplQF67vbB4AaABAg,mYivERVT1-g,टीम इंडिया हार,Negative,0,train
UgwGl98X7QCih2dPrut4AaABAg,FwW1nVvr_B8,विराट कोहली,Negative,0,train
UgwLr2OlRSlfuzhvNcp4AaABAg,LDwhd2nI1eA,ओलंपिक भारत हिंदी,Positive,2,train
UgxFbWB47HapYb4XdA94AaABAg,JxdXGM-vPWM,विनेश फोगाट कुश्ती,Positive,2,train
Ugz7WOBCt4k0uU5eyaV4AaABAg,AFEZzf9_EHk,क्रिकेट हाइलाइट्स हिंदी,Neutral,1,train
Ugx2FoVFci02P03hwOB4AaABAg,WIIvp8MWfCg,हॉकी इंडिया,Negative,0,train
Ugz1G-f88RGwcuwibcV4AaABAg,xmg7vO6GCWU,रोहित शर्मा,Neutral,1,train
UgwW5bRddruWI4USLyl4AaABAg,cgTIgkM2iyI,टीम इंडिया जीत,Negative,0,train
UgwKOxx-bbSGqGoBCit4AaABAg,-VPYd0WqOAM,टीम इंडिया हार,Neutral,1,train
Ugx1K5Gpb6eoxSkq8eV4AaABAg,_BZGuxM_nfY,शुभमन गिल,Negative,0,train
UgyY6RBkHZtlhv7_IfN4AaABAg,VLmkv3PLjlc,रोहित शर्मा,Negative,0,train
UgzCPI4XgM0f7W5v3uZ4AaABAg,RiFzSORKO8o,खेल समाचार हिंदी,Negative,0,train
UgymGOWMZXQPRAqHpjx4AaABAg,CVRuytf_zm8,नीरज चोपड़ा,Neutral,1,train
Ugwz1reILBBHQw7qud14AaABAg,nFxie8HZvyk,शुभमन गिल,Negative,0,train
Ugzay6QMQAQEbjbxNuN4AaABAg,7Yt5Xpnvl6s,खेल समाचार हिंदी,Negative,0,train
UgzF7RLo0bVwkwdD9Lh4AaABAg,JxdXGM-vPWM,विनेश फोगाट कुश्ती,Neutral,1,train
Ugy9ZIGAHQa4j5pkoVN4AaABAg,JxdXGM-vPWM,विनेश फोगाट कुश्ती,Positive,2,train
Ugwcnk7wtI2l-cFLfOB4AaABAg,DhxtvDzaBg0,टीम इंडिया हार,Negative,0,train
Ugxz5cHpeldTpwdhgQh4AaABAg,7Yt5Xpnvl6s,खेल समाचार हिंदी,Neutral,1,train
UgzJ8-h6vWDSLk5fnKx4AaABAg,7Yt5Xpnvl6s,खेल समाचार हिंदी,Negative,0,train
UgwxmDr5wSIq4Bm_HEN4AaABAg,0xI6LADDw3A,टीम इंडिया हार,Neutral,1,train
Ugyo3fPnAKE4Cg4600V4AaABAg,_fZYUtRgYRQ,भारत बनाम पाकिस्तान क्रिकेट,Positive,2,train
UgxuKdm8faL10o9wDPN4AaABAg,4TOuvu8C5y4,टीम इंडिया जीत,Positive,2,train
UgzBqfH3nJR_C-wvxPh4AaABAg,0xI6LADDw3A,टीम इंडिया हार,Positive,2,train
Ugyux-ZjrWkF2YSM8vJ4AaABAg,Fq6mlKQPpAM,नीरज चोपड़ा,Positive,2,train
Ugy1j208eG4AtZaBCUN4AaABAg,nFxie8HZvyk,शुभमन गिल,Negative,0,train
Ugw_78Q6_bja3NHqi-l4AaABAg,d93flq_4BKY,शुभमन गिल,Neutral,1,train
Ugz2uAP-OK5lWqoLbgN4AaABAg,RiFzSORKO8o,खेल समाचार हिंदी,Positive,2,train
UgxHwkXz34AkQmOpyrZ4AaABAg,hHfPkMCbSh8,एमएस धोनी,Negative,0,train
UgwsA6O9f3rT7XA84QJ4AaABAg,IlDcNvSuu3I,खेल समाचार हिंदी,Negative,0,train
Ugy4Eu_7ouz_nWXUGQV4AaABAg,hHfPkMCbSh8,एमएस धोनी,Negative,0,train
Ugz2ShhfJB73sdEkVat4AaABAg,d93flq_4BKY,शुभमन गिल,Negative,0,train
UgwOJtociN0xJq-vWaF4AaABAg,X4OB4-Itx8E,विनेश फोगाट कुश्ती,Negative,0,train
UgyEyzVDAJ6B6dxHfqF4AaABAg,7Yt5Xpnvl6s,खेल समाचार हिंदी,Negative,0,train
UgzRrgKJDg3N4QMvxxt4AaABAg,5iasPyNE1UA,नीरज चोपड़ा,Positive,2,train
UgwmFiimn8Qu9OyXDpZ4AaABAg,mo4X4Q4L3kU,नीरज चोपड़ा,Positive,2,train
UgwVHK3hmpbF-S2cK-B4AaABAg,_fZYUtRgYRQ,भारत बनाम पाकिस्तान क्रिकेट,Positive,2,train
Ugxj_8UTmab8Gji8AAx4AaABAg,9tKuk3KRZss,टीम इंडिया जीत,Positive,2,train
UgwDKQ3wzYRYvrYIXpZ4AaABAg,7Yt5Xpnvl6s,खेल समाचार हिंदी,Negative,0,train
Ugx1s31hl4-pw2cI8M94AaABAg,eHHRTfEOCSk,विराट कोहली,Negative,0,train
UgxLZhFDVPvzNL_QLy54AaABAg,y8Ic1ZTvXrA,प्रो कबड्डी,Positive,2,train
Ugw3duy3H83MwGMCoNR4AaABAg,RiFzSORKO8o,खेल समाचार हिंदी,Negative,0,train
Ugy1CiqElNYDNEvC7-J4AaABAg,d93flq_4BKY,शुभमन गिल,Positive,2,train
UgyKu0WX92MZthqyzXp4AaABAg,vXsioE-C9wM,खेल समाचार हिंदी,Neutral,1,train
UgwkYzlsmqNxuGSuf4J4AaABAg,ggwjcYY3-2o,नीरज चोपड़ा,Positive,2,train
Ugy0RRgunJNPpiab1cR4AaABAg,j0GPS4-Hzjs,टीम इंडिया हार,Negative,0,train
Ugz3l2jwcgP8kIEmIr94AaABAg,mYivERVT1-g,टीम इंडिया हार,Negative,0,train
Ugzr7U3hQHzl_TCQFhx4AaABAg,OawmHMda9fQ,विराट कोहली,Positive,2,train
Ugw0R8drWdCkQNGzCtV4AaABAg,FwW1nVvr_B8,विराट कोहली,Negative,0,train
Ugx2MDPeRaZofIHnDeR4AaABAg,m6TaFjvrsqE,टीम इंडिया हार,Positive,2,train
UgzkW-c24k8MGJJiirx4AaABAg,UQNLGJARdZM,एमएस धोनी,Positive,2,train
UgyMNXj-wV75pI2TWXl4AaABAg,HNXhdo5j914,वर्ल्ड कप क्रिकेट हिंदी,Negative,0,train
UgwoyRQk3GvV7VtyKTB4AaABAg,5b0Kgb_x5d8,टीम इंडिया हार,Negative,0,train
Ugx3C1GTpmWcQqBR8rd4AaABAg,rW_fwcmyIfk,नीरज चोपड़ा,Positive,2,train
UgzGwdFtWBQymCNYYtl4AaABAg,cgTIgkM2iyI,टीम इंडिया जीत,Negative,0,train
UgwjJrAYZGVYrUTcqlh4AaABAg,fzOVeNcFT3Q,भारत बनाम पाकिस्तान क्रिकेट,Positive,2,train
UgxdX2sRBc40mrDm0eF4AaABAg,tHrYQb2n6MQ,क्रिकेट हाइलाइट्स हिंदी,Positive,2,train
UgxdCFLdIDqhs3-9lcB4AaABAg,oZUpj8GYbIY,प्रो कबड्डी,Neutral,1,train
Ugy8ktTGV5U4KPcp-Xt4AaABAg,nFxie8HZvyk,शुभमन गिल,Negative,0,train
UgzVTi5pP5BSpNFbW8l4AaABAg,5iasPyNE1UA,नीरज चोपड़ा,Positive,2,train
Ugw8PmBnVI2pAWEpkNF4AaABAg,JxdXGM-vPWM,विनेश फोगाट कुश्ती,Positive,2,train
Ugzuv9eRjsHCvu5pycl4AaABAg,WwSyB8yo2XI,भारत बनाम पाकिस्तान क्रिकेट,Positive,2,train
UgwrXN1WgniywvUQXIZ4AaABAg,oZUpj8GYbIY,प्रो कबड्डी,Negative,0,train
Ugz_S2n8h-lXurrp88l4AaABAg,mYivERVT1-g,टीम इंडिया हार,Negative,0,train
UgycpPWLzg4WKvQ0wlp4AaABAg,cgTIgkM2iyI,टीम इंडिया जीत,Positive,2,train
UgxvoF350Eb47Dr1p154AaABAg,cgTIgkM2iyI,टीम इंडिया जीत,Positive,2,train
UgxFmDC6ccKbazw8yXh4AaABAg,cgTIgkM2iyI,टीम इंडिया जीत,Positive,2,train
UgzAW_gak0PSS0aZhr14AaABAg,ZkSLyYRVrMM,विराट कोहली,Neutral,1,train
Ugz6N1o8FVMORcnA_hZ4AaABAg,WQdqgrWvy6g,भारत बनाम पाकिस्तान क्रिकेट,Negative,0,train
Ugxbh_PLKy6W66I7XNF4AaABAg,hwbvv0ekeu8,पीवी सिंधु बैडमिंटन,Negative,0,train
UgzZzBPS21X1pySAIat4AaABAg,zryGpo3FQZY,एशिया कप हिंदी,Positive,2,train
Ugyb0Gi6foMDisEeLJV4AaABAg,Y0rhFJd74zY,विनेश फोगाट कुश्ती,Positive,2,train
Ugzyk_7MWMFas6Cw9Z54AaABAg,0xI6LADDw3A,टीम इंडिया हार,Positive,2,train
UgzdEyIBdHzWpo-VAwd4AaABAg,mYivERVT1-g,टीम इंडिया हार,Negative,0,train
Ugx1_G7MhxyqGu0grvZ4AaABAg,HsysMuOxlc8,टीम इंडिया हार,Neutral,1,train
UgwhcgKlksP8kKCKtQ14AaABAg,-96tVt9zZ8M,खेल समाचार हिंदी,Negative,0,train
Ugw0BX8XXsMr1OlMNUB4AaABAg,Ustiji6bVus,ओलंपिक भारत हिंदी,Neutral,1,train
UgyRq79-EwjIn1l6v2V4AaABAg,5iasPyNE1UA,नीरज चोपड़ा,Positive,2,train
UgzKOgjwoc8fcblwCYJ4AaABAg,CVRuytf_zm8,नीरज चोपड़ा,Positive,2,train
UgxJ1F9Uzvp5hPFPvZV4AaABAg,zryGpo3FQZY,एशिया कप हिंदी,Positive,2,train
UgwGGr_xexY7KWa25eZ4AaABAg,cgTIgkM2iyI,टीम इंडिया जीत,Neutral,1,train
UgxyjBW7YayTCol130l4AaABAg,mYivERVT1-g,टीम इंडिया हार,Negative,0,train
UgzQTgbmJqdm-wiaw454AaABAg,ZHhSJE60rvg,पीवी सिंधु बैडमिंटन,Positive,2,train
UgxgZsBnSOUeN0fBjNp4AaABAg,rW_fwcmyIfk,नीरज चोपड़ा,Positive,2,train
UgxQLK5aqTuK-lVxNVB4AaABAg,H7q7q1IwEY4,क्रिकेट हाइलाइट्स हिंदी,Positive,2,train
Ugy82BvOggnjY_e7prl4AaABAg,mYivERVT1-g,टीम इंडिया हार,Negative,0,train
Ugzk2Pc69F2WLp-1QyZ4AaABAg,WIIvp8MWfCg,हॉकी इंडिया,Negative,0,train
UgxXz_wad-sbrPIkxFN4AaABAg,FwW1nVvr_B8,विराट कोहली,Negative,0,train
UgyXEmVC7Ir0lGDHSkl4AaABAg,_ZGGExfY7zs,रोहित शर्मा,Positive,2,train
UgxWvzzGmldimywKrdp4AaABAg,X4OB4-Itx8E,विनेश फोगाट कुश्ती,Positive,2,train
Ugx3WjPkfuklGw1TgqN4AaABAg,HucIqi8Lw3E,पीवी सिंधु बैडमिंटन,Positive,2,train
UgznKFfuS_gikMTVKmV4AaABAg,5iasPyNE1UA,नीरज चोपड़ा,Negative,0,train
UgxSwx_uR4sE3onogMF4AaABAg,mYivERVT1-g,टीम इंडिया हार,Negative,0,train
UgzLum2DsqQI9bGSA014AaABAg,fsRKvb9qRx8,शुभमन गिल,Negative,0,train
Ugxb5QRXCcZIP32QbvF4AaABAg,mYivERVT1-g,टीम इंडिया हार,Positive,2,train
Ugx_4p9h5KK5jLaFmft4AaABAg,LLNdaQd5rMY,रोहित शर्मा,Neutral,1,train
Ugw8ZVKwktFmOWDKhb94AaABAg,FUPfVqR5Hys,रोहित शर्मा,Positive,2,train
UgwebFVHQxyOJHQl_bV4AaABAg,rW_fwcmyIfk,नीरज चोपड़ा,Positive,2,train
UgxoVyC5q-lKdOhMLPl4AaABAg,TRtlo-1sKSU,टीम इंडिया हार,Negative,0,train
UgwB3V3NS7pNMh7Aiyd4AaABAg,Fq6mlKQPpAM,नीरज चोपड़ा,Negative,0,train
Ugzv7caVjl2HQEtY9ud4AaABAg,ReVTGCbDzfw,टीम इंडिया जीत,Positive,2,train
UgzdhxfzFnxywsotwFh4AaABAg,0xI6LADDw3A,टीम इंडिया हार,Negative,0,train
UgymIKHsSjZC3kzEMON4AaABAg,fP2OioK7nXk,हॉकी इंडिया,Positive,2,train
UgxFObIMDPcI_XSae0x4AaABAg,m6TaFjvrsqE,टीम इंडिया हार,Positive,2,train
UgzgLVG2egMD_2mPfh94AaABAg,DhxtvDzaBg0,टीम इंडिया हार,Negative,0,train
UgzWop1nt6PdYyGeuyp4AaABAg,FwW1nVvr_B8,विराट कोहली,Negative,0,train
UgzMlAkw-4TJjxC8BYJ4AaABAg,7Yt5Xpnvl6s,खेल समाचार हिंदी,Negative,0,train
UgyFBkKduFJ5MQejP8p4AaABAg,eHHRTfEOCSk,विराट कोहली,Positive,2,train
UgzJipY5ibicOb8akVl4AaABAg,fzOVeNcFT3Q,भारत बनाम पाकिस्तान क्रिकेट,Positive,2,train
UgwipCmoN9bf74VAboh4AaABAg,mYivERVT1-g,टीम इंडिया हार,Negative,0,train
UgzpKbio1xhIrCa05td4AaABAg,p5oIGfizFBk,हॉकी इंडिया,Negative,0,train
Ugw5cMVE8Glk88y4Yex4AaABAg,cgTIgkM2iyI,टीम इंडिया जीत,Neutral,1,train
UgzawUj3i0_QuW1bZI94AaABAg,LLNdaQd5rMY,रोहित शर्मा,Neutral,1,train
UgwmXTbi-85huOUsMdx4AaABAg,p5oIGfizFBk,हॉकी इंडिया,Positive,2,train
UgzKTV_rz_i37esx9-94AaABAg,4TOuvu8C5y4,टीम इंडिया जीत,Positive,2,train
UgyJjMY1vMEJfctunIJ4AaABAg,e9zG2ooGDfc,विराट कोहली,Neutral,1,train
UgwggJrcTS26n2Giov14AaABAg,m6TaFjvrsqE,टीम इंडिया हार,Positive,2,train
Ugx2s3QTozJ0mCpNaeZ4AaABAg,cgTIgkM2iyI,टीम इंडिया जीत,Positive,2,train
UgwC8Bgc0GeZrmSTfw54AaABAg,mYivERVT1-g,टीम इंडिया हार,Negative,0,train
UgzYIDPynkAa37txBRp4AaABAg,fzOVeNcFT3Q,भारत बनाम पाकिस्तान क्रिकेट,Positive,2,train
UgzLsZVhjEg0535_Ey54AaABAg,mX1xtHVM-vk,विराट कोहली,Negative,0,train
UgwpT4omVn3QNM1OqQJ4AaABAg,H7q7q1IwEY4,क्रिकेट हाइलाइट्स हिंदी,Positive,2,train
UgwY05AYScYgMPACgPR4AaABAg,FR2SkETgQ0o,विनेश फोगाट कुश्ती,Positive,2,train
UgyMmDZENeu3JPfxuRR4AaABAg,j0GPS4-Hzjs,टीम इंडिया हार,Positive,2,train
Ugz0SMRQuc4r0UX0UFt4AaABAg,VLmkv3PLjlc,रोहित शर्मा,Negative,0,train
Ugzv80eCGCEC9VJRO394AaABAg,RiFzSORKO8o,खेल समाचार हिंदी,Negative,0,train
UgyVHIHfOshS0Qphirt4AaABAg,iT1qaLaAq0s,क्रिकेट विश्लेषण हिंदी,Negative,0,train
Ugxipn3veoygaf3h6lN4AaABAg,7Yt5Xpnvl6s,खेल समाचार हिंदी,Negative,0,train
UgwTzww_zyxmP2PJHqp4AaABAg,7Yt5Xpnvl6s,खेल समाचार हिंदी,Negative,0,train
UgzKLkLZjLujKKg6TX14AaABAg,VLmkv3PLjlc,रोहित शर्मा,Negative,0,train
UgzVmQQMux_57QIuj354AaABAg,7Yt5Xpnvl6s,खेल समाचार हिंदी,Negative,0,train
Ugx7BP0KZjlBmMCWpGh4AaABAg,JxdXGM-vPWM,विनेश फोगाट कुश्ती,Positive,2,train
Ugyd85GjG1pRTcHAioF4AaABAg,4TOuvu8C5y4,टीम इंडिया जीत,Positive,2,train
UgyleCBGUE-GHfjY3kh4AaABAg,nFxie8HZvyk,शुभमन गिल,Negative,0,train
Ugz1mtYNSM0pTml31EZ4AaABAg,0xI6LADDw3A,टीम इंडिया हार,Negative,0,train
UgyTUob6iDyk0wNoahl4AaABAg,m6TaFjvrsqE,टीम इंडिया हार,Positive,2,train
UgyzwJz_-LZM0xiGYs14AaABAg,uSGCAJS6qWg,भारत बनाम पाकिस्तान क्रिकेट,Negative,0,train
UgzLAz5Wc5bZiGnHHCZ4AaABAg,RiFzSORKO8o,खेल समाचार हिंदी,Negative,0,train
UgwKNom-LsTdXbgpBIN4AaABAg,LDwhd2nI1eA,ओलंपिक भारत हिंदी,Negative,0,train
UgyyY0o1KxEUgvVW2I94AaABAg,d93flq_4BKY,शुभमन गिल,Neutral,1,train
Ugxs2W43Byu2tlWTIqp4AaABAg,WIIvp8MWfCg,हॉकी इंडिया,Negative,0,train
Ugwd19j8pGaNN7cOBLx4AaABAg,CVRuytf_zm8,नीरज चोपड़ा,Neutral,1,train
UgyhLa5IA8zedh6_-pV4AaABAg,CVRuytf_zm8,नीरज चोपड़ा,Neutral,1,train
UgwIStcnIvwJVRbORzl4AaABAg,nhqQWXNdivo,एमएस धोनी,Positive,2,train
UgzfFdZe04oA-IDMfYJ4AaABAg,cgTIgkM2iyI,टीम इंडिया जीत,Neutral,1,train
UgyTmmnKYZK5h5M7yMh4AaABAg,7Yt5Xpnvl6s,खेल समाचार हिंदी,Negative,0,train
Ugwdea7mQUtZC5CaFzt4AaABAg,p5oIGfizFBk,हॉकी इंडिया,Negative,0,train
UgyMRkGGJ5TPlyjpdZF4AaABAg,cgTIgkM2iyI,टीम इंडिया जीत,Positive,2,train
Ugy0xx29zEdaLD-Eqch4AaABAg,7Yt5Xpnvl6s,खेल समाचार हिंदी,Negative,0,train
UgypoU3Cf1Vnn9ZLDbR4AaABAg,H7q7q1IwEY4,क्रिकेट हाइलाइट्स हिंदी,Neutral,1,train
Ugye0OXSa8CFGHLRpF14AaABAg,5iasPyNE1UA,नीरज चोपड़ा,Negative,0,train
UgxLK7JWjFtwrG-iqUB4AaABAg,hHfPkMCbSh8,एमएस धोनी,Negative,0,train
Ugzaw0R1kYpkUSzQWZR4AaABAg,R7RjpLJnIQc,विनेश फोगाट कुश्ती,Negative,0,train
UgzFsMku0KyXeDEZ3mZ4AaABAg,uSGCAJS6qWg,भारत बनाम पाकिस्तान क्रिकेट,Negative,0,train
UgyOvizcpJ7WaU7qwOt4AaABAg,hHfPkMCbSh8,एमएस धोनी,Positive,2,train
UgxSyIvaPL3FX3i0-254AaABAg,R7RjpLJnIQc,विनेश फोगाट कुश्ती,Positive,2,train
UgzdF7eIL2mdAlguzE94AaABAg,B9Qnxe_GcTg,एशिया कप हिंदी,Positive,2,train
Ugya1A_1zo2RwiqyY1l4AaABAg,e9zG2ooGDfc,विराट कोहली,Neutral,1,train
UgzqH3WxFLTI5PsLML54AaABAg,VLmkv3PLjlc,रोहित शर्मा,Negative,0,train
UgyDI2azVBVkxXqclWN4AaABAg,LDwhd2nI1eA,ओलंपिक भारत हिंदी,Positive,2,train
Ugy3LxfaJkETeRGm_Ct4AaABAg,fP2OioK7nXk,हॉकी इंडिया,Positive,2,train
UgyFf2dDilTzHPImdsV4AaABAg,LLNdaQd5rMY,रोहित शर्मा,Negative,0,train
UgzyW_5BItqKbr7ICld4AaABAg,cgTIgkM2iyI,टीम इंडिया जीत,Positive,2,train
UgxnCcr4shFv7tGvbQ94AaABAg,9AF2cOl4gjQ,प्रो कबड्डी,Neutral,1,train
UgzPU7vrH6fpnvk4OVd4AaABAg,f0mISXhMY9E,विराट कोहली,Positive,2,train
UgykRDwlN1MvDbU3_tF4AaABAg,msAzQ1p3lTA,रोहित शर्मा,Neutral,1,train
UgxcqmQg2OTrOjvNyMh4AaABAg,Ustiji6bVus,ओलंपिक भारत हिंदी,Negative,0,train
UgzV_0c1YrZvDdusAB14AaABAg,6vlujRLmTjM,विनेश फोगाट कुश्ती,Positive,2,train
UgyMMqKBmyJHb3BnwQt4AaABAg,5XtX8Lezjg4,ओलंपिक भारत हिंदी,Positive,2,train
Ugz2n6dmQcOySbJ57Sh4AaABAg,m6TaFjvrsqE,टीम इंडिया हार,Positive,2,train
UgziGbAX2PRhV1Rd3-x4AaABAg,cgTIgkM2iyI,टीम इंडिया जीत,Positive,2,train
UgxousCopow4oNF5esp4AaABAg,5dr3VzpoMfM,टीम इंडिया जीत,Negative,0,train
UgxZyhF-Q4IWB9Clqs14AaABAg,5iasPyNE1UA,नीरज चोपड़ा,Negative,0,train
UgymE4ufm3UHN53LeoR4AaABAg,7Yt5Xpnvl6s,खेल समाचार हिंदी,Negative,0,train
Ugzj7IfkeP21kf7NYK94AaABAg,vXsioE-C9wM,खेल समाचार हिंदी,Positive,2,train
UgyH8MzOAac9QivLZ1R4AaABAg,7Yt5Xpnvl6s,खेल समाचार हिंदी,Negative,0,train
UgzqiXbg5oIMtaU5L8p4AaABAg,FhLHeypZU3Y,फुटबॉल हिंदी,Neutral,1,train
UgwPwe-6cZJuNNAbHl94AaABAg,mYivERVT1-g,टीम इंडिया हार,Negative,0,train
UgzFIrLqSbdgLv5EJR14AaABAg,FwW1nVvr_B8,विराट कोहली,Negative,0,train
UgwnmNgKT0l_zodBOU14AaABAg,RiFzSORKO8o,खेल समाचार हिंदी,Positive,2,train
Ugw3SiQ-Sf667lurcp54AaABAg,5dr3VzpoMfM,टीम इंडिया जीत,Positive,2,train
UgyGWSC5HilOy9m-RM94AaABAg,mYivERVT1-g,टीम इंडिया हार,Negative,0,train
UgxW9H1U_dFomYv_MYV4AaABAg,RRdg44agPoU,विनेश फोगाट कुश्ती,Negative,0,train
UgwGnRvAIVWOFUw5ntd4AaABAg,6vlujRLmTjM,विनेश फोगाट कुश्ती,Positive,2,train
UgxR-6oRNjuCA3BqR0l4AaABAg,vXsioE-C9wM,खेल समाचार हिंदी,Negative,0,train
Ugz3jv1kzE9xJiRsukN4AaABAg,pGROaaPeWkY,खेल समाचार हिंदी,Neutral,1,train
UgyWtzI3EZHRw2QmsUh4AaABAg,30ym5bs64EM,टीम इंडिया जीत,Positive,2,train
UgxfqKPbpkbl1-WRb-N4AaABAg,Cd2ZiwMgGzo,एमएस धोनी,Neutral,1,train
Ugwk-P5z-bfsV-6cqUl4AaABAg,m6TaFjvrsqE,टीम इंडिया हार,Negative,0,train
Ugxw7sKU4uoc8pFXCMt4AaABAg,0xI6LADDw3A,टीम इंडिया हार,Negative,0,train
Ugz0QMCLYwQ0tKOgUw14AaABAg,JxdXGM-vPWM,विनेश फोगाट कुश्ती,Positive,2,train
UgwCLrAH-JJLLbOyy8d4AaABAg,LLNdaQd5rMY,रोहित शर्मा,Positive,2,train
UgxFNsbCoh7yJsHRS5p4AaABAg,WQdqgrWvy6g,भारत बनाम पाकिस्तान क्रिकेट,Neutral,1,train
UgzltGGLLFahr17wg154AaABAg,YXiRa5A-LKY,ओलंपिक भारत हिंदी,Negative,0,train
UgyE-pZyzwYKtJx3R2R4AaABAg,CNJ88yD7BDI,रोहित शर्मा,Neutral,1,train
UgyEj8mBT2DkH2aAb6Z4AaABAg,QXhV148EryQ,फुटबॉल हिंदी,Neutral,1,train
Ugw12nfHwCL837yxCK54AaABAg,hHfPkMCbSh8,एमएस धोनी,Positive,2,train
Ugx2e6VB-WraN9kytOJ4AaABAg,oZUpj8GYbIY,प्रो कबड्डी,Positive,2,train
Ugz8RbrrpSEkGXe9LtJ4AaABAg,p5oIGfizFBk,हॉकी इंडिया,Positive,2,train
UgyYimCTIzhJZeXYCy14AaABAg,yZFCSDiAPBA,एमएस धोनी,Positive,2,train
UgxBGqHfpw5mBQcHOHB4AaABAg,d93flq_4BKY,शुभमन गिल,Neutral,1,train
UgwoKfjMR3koYA1EiLl4AaABAg,7Yt5Xpnvl6s,खेल समाचार हिंदी,Negative,0,train
UgyS7ayQT9rO_q5jMmp4AaABAg,m6TaFjvrsqE,टीम इंडिया हार,Positive,2,train
UgwL7cA0UD5GllSs_8B4AaABAg,m6TaFjvrsqE,टीम इंडिया हार,Negative,0,train
Ugxq4C2GzKbvGATZhG54AaABAg,CVRuytf_zm8,नीरज चोपड़ा,Negative,0,train
UgzBIRAqqH0scRAOffx4AaABAg,DhxtvDzaBg0,टीम इंडिया हार,Negative,0,train
UgwvdHkkT0f8Vi-4lXB4AaABAg,5XtX8Lezjg4,ओलंपिक भारत हिंदी,Positive,2,train
UgzHezLIA6zQiEQiHTR4AaABAg,zryGpo3FQZY,एशिया कप हिंदी,Negative,0,train
Ugx_H-sJ3IHjBPvlw1l4AaABAg,nFxie8HZvyk,शुभमन गिल,Negative,0,train
UgwN7NhYBCzbHU1BSap4AaABAg,mYivERVT1-g,टीम इंडिया हार,Negative,0,train
UgyvI_xetPCH5upcUcp4AaABAg,vXsioE-C9wM,खेल समाचार हिंदी,Negative,0,train
UgzT3GEg59e3WW_9fFN4AaABAg,WIIvp8MWfCg,हॉकी इंडिया,Negative,0,train
UgxAZEfUIkJmggK-Pip4AaABAg,AFEZzf9_EHk,क्रिकेट हाइलाइट्स हिंदी,Positive,2,train
Ugzkgm6rcP4PNI-8IBV4AaABAg,5iasPyNE1UA,नीरज चोपड़ा,Negative,0,train
UgyAsMLNKJIdgrfl1Sl4AaABAg,VLmkv3PLjlc,रोहित शर्मा,Negative,0,train
UgzxaxG8W68Ya716KVR4AaABAg,X4OB4-Itx8E,विनेश फोगाट कुश्ती,Positive,2,train
UgxAjIcPyPJf7_vQvwB4AaABAg,ScarZQuyaLM,क्रिकेट हाइलाइट्स हिंदी,Neutral,1,train
UgzJj6sG0GJ8y5-smD54AaABAg,A-kbmFiCMUI,आईपीएल हाइलाइट्स हिंदी,Positive,2,train
Ugzpn5A9Bltce3yNyzt4AaABAg,rW_fwcmyIfk,नीरज चोपड़ा,Positive,2,train
UgzyCcwUZQEuEg6F-nZ4AaABAg,d93flq_4BKY,शुभमन गिल,Negative,0,train
Ugx9Y8EFnx9vX0Odc2Z4AaABAg,cgTIgkM2iyI,टीम इंडिया जीत,Negative,0,train
Ugx8_u4kpIapetA2Lg14AaABAg,fzOVeNcFT3Q,भारत बनाम पाकिस्तान क्रिकेट,Positive,2,train
UgxysXRAYt8g1iK4xfl4AaABAg,WIIvp8MWfCg,हॉकी इंडिया,Negative,0,train
UgxbOKaH6S48Byk8LmR4AaABAg,5iasPyNE1UA,नीरज चोपड़ा,Neutral,1,train
UgywkhSE3BN9CUzSqQZ4AaABAg,rDyUKfq7B-g,विनेश फोगाट कुश्ती,Positive,2,train
UgwCvGJZlwY5zSgbsRp4AaABAg,j0GPS4-Hzjs,टीम इंडिया हार,Positive,2,train
UgyzbC8cyeX65_qmssN4AaABAg,VLmkv3PLjlc,रोहित शर्मा,Negative,0,train
Ugy2IHzlUbdi9eQZGxB4AaABAg,nFxie8HZvyk,शुभमन गिल,Negative,0,train
UgzrKw70R3b1T2vaNzh4AaABAg,d93flq_4BKY,शुभमन गिल,Negative,0,train
UgxoPf7e_KMmiJJpCyJ4AaABAg,UQNLGJARdZM,एमएस धोनी,Positive,2,train
UgwjKshQ589vC5b-cCV4AaABAg,m6TaFjvrsqE,टीम इंडिया हार,Positive,2,train
UgyXJpUhuRFVUm4_3Y94AaABAg,m6TaFjvrsqE,टीम इंडिया हार,Negative,0,train
UgyBz5PX024dFDTbQAJ4AaABAg,CVRuytf_zm8,नीरज चोपड़ा,Neutral,1,train
Ugy5KDuUW3_uWUKpGEd4AaABAg,RiFzSORKO8o,खेल समाचार हिंदी,Negative,0,train
UgyP8vbVoVAAEX_5bPl4AaABAg,luSat_G-U64,विनेश फोगाट कुश्ती,Negative,0,train
UgyMulGVTfYiA9DvI0N4AaABAg,fP2OioK7nXk,हॉकी इंडिया,Positive,2,train
UgxiQiTOwNf46KN0HiF4AaABAg,-VPYd0WqOAM,टीम इंडिया हार,Negative,0,train
UgwFrYIX4I4rvQ7_zcx4AaABAg,mYivERVT1-g,टीम इंडिया हार,Positive,2,train
UgwDzT8KXDhk5albEoR4AaABAg,mYivERVT1-g,टीम इंडिया हार,Negative,0,train
UgyouE647y4cjIXY5lJ4AaABAg,mEOBGY4-7JA,क्रिकेट हाइलाइट्स हिंदी,Positive,2,train
UgyFKTGlXT8sdRZ2XJp4AaABAg,5XtX8Lezjg4,ओलंपिक भारत हिंदी,Positive,2,train
Ugxx3LcxwZLBYOw02qd4AaABAg,FwW1nVvr_B8,विराट कोहली,Negative,0,train
UgzCDRomDm9rC6FYJ9t4AaABAg,taa1WLhvKnE,क्रिकेट विश्लेषण हिंदी,Positive,2,train
UgzfZtq3eeNTZ8u1pel4AaABAg,yZFCSDiAPBA,एमएस धोनी,Positive,2,train
UgxiXBPsRuWk5UD1Yy14AaABAg,vXsioE-C9wM,खेल समाचार हिंदी,Negative,0,train
UgyACmZbUq9mDtYL3Y54AaABAg,0cz5ryoqeK8,ओलंपिक भारत हिंदी,Positive,2,train
Ugw5JyDGqZvqjQOOEcx4AaABAg,RiFzSORKO8o,खेल समाचार हिंदी,Negative,0,train
UgwYZZ3c5f5jf_FKCel4AaABAg,VLmkv3PLjlc,रोहित शर्मा,Negative,0,train
UgyLT2OnDjgnqLX4zMR4AaABAg,ZkSLyYRVrMM,विराट कोहली,Positive,2,train
Ugzcza97Gl_XFmaIc3d4AaABAg,mEOBGY4-7JA,क्रिकेट हाइलाइट्स हिंदी,Positive,2,train
UgzptosTr09sCqtwTQB4AaABAg,ReVTGCbDzfw,टीम इंडिया जीत,Positive,2,train
UgwGt1_VhjgnDMIfG7h4AaABAg,rW_fwcmyIfk,नीरज चोपड़ा,Positive,2,train
UgwdlgT_7tzlae39iyN4AaABAg,FUPfVqR5Hys,रोहित शर्मा,Positive,2,train
Ugy8hFk0cldxotz0jOF4AaABAg,cgTIgkM2iyI,टीम इंडिया जीत,Negative,0,train
UgyPvotEcv0JwfzIkf94AaABAg,0xI6LADDw3A,टीम इंडिया हार,Positive,2,train
UgzeVN1iwrC4Zjm1eyF4AaABAg,fHigVOpnyag,हॉकी इंडिया,Positive,2,train
UgwArr7CWoJAw4ujUlV4AaABAg,LDwhd2nI1eA,ओलंपिक भारत हिंदी,Positive,2,train
UgwQ1yJAG7GjOo8C67N4AaABAg,OawmHMda9fQ,विराट कोहली,Positive,2,train
Ugy20O5rd9qsVGzCXfh4AaABAg,7Yt5Xpnvl6s,खेल समाचार हिंदी,Negative,0,train
UgxTPgCpj48MUiqomeJ4AaABAg,FR2SkETgQ0o,विनेश फोगाट कुश्ती,Positive,2,train
Ugx6fchTzdcLgxGAuml4AaABAg,0xI6LADDw3A,टीम इंडिया हार,Positive,2,train
Ugxna3gyz-78MXjtOGN4AaABAg,FUPfVqR5Hys,रोहित शर्मा,Positive,2,train
UgygxLDYcDRKFh6wM514AaABAg,H7q7q1IwEY4,क्रिकेट हाइलाइट्स हिंदी,Neutral,1,train
UgwO_nDepe2RpFiMBdN4AaABAg,mEOBGY4-7JA,क्रिकेट हाइलाइट्स हिंदी,Neutral,1,train
UgwWzz0g38VtuLvBB2J4AaABAg,RRdg44agPoU,विनेश फोगाट कुश्ती,Negative,0,train
UgzWBdSlWTjlBdATPXN4AaABAg,mYivERVT1-g,टीम इंडिया हार,Negative,0,train
UgyV8QDdgdlwSEKd17h4AaABAg,cgTIgkM2iyI,टीम इंडिया जीत,Negative,0,train
UgxoiiKlyy5icEy4uWl4AaABAg,vXsioE-C9wM,खेल समाचार हिंदी,Negative,0,train
UgwonVa22fs0zcCcsoZ4AaABAg,VRNVxhlPvBE,एमएस धोनी,Neutral,1,train
UgwMgOMPvPFUq387JzN4AaABAg,RRdg44agPoU,विनेश फोगाट कुश्ती,Negative,0,train
UgxeeDbsXRDNB0ZQSj14AaABAg,luSat_G-U64,विनेश फोगाट कुश्ती,Positive,2,train
UgwMrjFOESlT1ylEI3Z4AaABAg,hwbvv0ekeu8,पीवी सिंधु बैडमिंटन,Neutral,1,train
UgyyD4U9lxzIHjFYpPF4AaABAg,X4OB4-Itx8E,विनेश फोगाट कुश्ती,Positive,2,train
UgwP535UmLpgvZoFyWB4AaABAg,5dr3VzpoMfM,टीम इंडिया जीत,Positive,2,train
UgzgAS-OZGT3d7PFOZR4AaABAg,5dr3VzpoMfM,टीम इंडिया जीत,Positive,2,train
Ugzw6K9MZiR10vFGAnh4AaABAg,ReVTGCbDzfw,टीम इंडिया जीत,Positive,2,train
Ugx0CQMFoHrlSOa9fu54AaABAg,RiFzSORKO8o,खेल समाचार हिंदी,Negative,0,train
Ugzk7-EY1wQ3hoPnO4R4AaABAg,oZUpj8GYbIY,प्रो कबड्डी,Positive,2,train
UgwS995OXSlpPC6q26x4AaABAg,uSGCAJS6qWg,भारत बनाम पाकिस्तान क्रिकेट,Negative,0,train
UgzoTr9NkCMOqAc0fLN4AaABAg,RRdg44agPoU,विनेश फोगाट कुश्ती,Negative,0,train
UgyQk5ohtm1FGGxN3XV4AaABAg,mYivERVT1-g,टीम इंडिया हार,Negative,0,train
UgyIfcoF9SwgAVjUqbF4AaABAg,JxdXGM-vPWM,विनेश फोगाट कुश्ती,Positive,2,train
UgzgC9wtlFzEcCub8694AaABAg,blu3Ez0VSSE,एमएस धोनी,Neutral,1,train
UgxMeDv1Krwmd2t51Zp4AaABAg,H7q7q1IwEY4,क्रिकेट हाइलाइट्स हिंदी,Neutral,1,train
UgyKa_jwGtor6f1CcFh4AaABAg,QXhV148EryQ,फुटबॉल हिंदी,Positive,2,train
UgxogW9vueUBbbNsrv94AaABAg,m6TaFjvrsqE,टीम इंडिया हार,Negative,0,train
UgyNb-bLxuaJaGB1AyB4AaABAg,Z2K0CgHzNW8,ओलंपिक भारत हिंदी,Positive,2,train
UgyTZdnGq1UGxmSYTll4AaABAg,ReVTGCbDzfw,टीम इंडिया जीत,Positive,2,train
UgxV_368sdXs_ba4uh14AaABAg,LDwhd2nI1eA,ओलंपिक भारत हिंदी,Neutral,1,train
UgyRbnQ3rmvqTJs55YF4AaABAg,vXsioE-C9wM,खेल समाचार हिंदी,Neutral,1,train
UgxRuUxiWiiNxK29lRp4AaABAg,m6TaFjvrsqE,टीम इंडिया हार,Positive,2,train
UgxRjHFkQ9SPxUQv3iV4AaABAg,DhxtvDzaBg0,टीम इंडिया हार,Positive,2,train
UgzgyiSuzpraI5i6rhN4AaABAg,m6TaFjvrsqE,टीम इंडिया हार,Positive,2,train
UgxQzETRbIKdnQLq5Ip4AaABAg,X4OB4-Itx8E,विनेश फोगाट कुश्ती,Positive,2,train
Ugx1Knh5Kr5Vzol1W0t4AaABAg,RiFzSORKO8o,खेल समाचार हिंदी,Negative,0,train
UgwDC7sYqQpK3N-HNp94AaABAg,VRNVxhlPvBE,एमएस धोनी,Negative,0,train
UgxeX3Sf3m8VI4DJNo54AaABAg,5XtX8Lezjg4,ओलंपिक भारत हिंदी,Negative,0,train
Ugwq-bYbQ5yEvQkQEwN4AaABAg,cgTIgkM2iyI,टीम इंडिया जीत,Positive,2,train
Ugw0Dfrrde5F3h-STQN4AaABAg,fzOVeNcFT3Q,भारत बनाम पाकिस्तान क्रिकेट,Positive,2,train
UgzWNkQEn1hM5YqxGBF4AaABAg,oZUpj8GYbIY,प्रो कबड्डी,Positive,2,train
Ugz0aAwV3zHDMSh8XlN4AaABAg,oZUpj8GYbIY,प्रो कबड्डी,Neutral,1,train
Ugz0g2vW_OE-yaHV6qt4AaABAg,hHfPkMCbSh8,एमएस धोनी,Negative,0,train
UgzqdZ4piM2Ml6roAYt4AaABAg,mYivERVT1-g,टीम इंडिया हार,Positive,2,train
UgweBYgvhLb1x7cvn_h4AaABAg,CVRuytf_zm8,नीरज चोपड़ा,Neutral,1,train
Ugw7iKtt7QSFr6DQgfJ4AaABAg,VOS3Vw_toeA,शुभमन गिल,Positive,2,train
UgxwBdhHkyoIgHfTePh4AaABAg,msAzQ1p3lTA,रोहित शर्मा,Negative,0,train
Ugzoyle1kDjsGCBgQWx4AaABAg,_fZYUtRgYRQ,भारत बनाम पाकिस्तान क्रिकेट,Negative,0,train
UgzO7L9pDlUe2UtirKJ4AaABAg,mYivERVT1-g,टीम इंडिया हार,Negative,0,train
Ugwrii1EUKY7UmGyyfV4AaABAg,JxdXGM-vPWM,विनेश फोगाट कुश्ती,Positive,2,train
UgxiUr3yJV7-QGRB1ip4AaABAg,R7RjpLJnIQc,विनेश फोगाट कुश्ती,Negative,0,train
UgxdRbjwiL0Bl3bd6td4AaABAg,mYivERVT1-g,टीम इंडिया हार,Negative,0,train
Ugwj_fKlHzYIilrVFNV4AaABAg,JxdXGM-vPWM,विनेश फोगाट कुश्ती,Negative,0,train
UgxXGkIFOW_QwPgAO_94AaABAg,MAm0RLQpYas,भारत बनाम पाकिस्तान क्रिकेट,Negative,0,train
Ugw44-8eZQVz1-W5fVV4AaABAg,5XtX8Lezjg4,ओलंपिक भारत हिंदी,Positive,2,train
UgxHdwjlM-n3G0M1Mx54AaABAg,vXsioE-C9wM,खेल समाचार हिंदी,Neutral,1,train
UgxS6y7dAhcdxnP1Z-l4AaABAg,d93flq_4BKY,शुभमन गिल,Positive,2,train
UgxG6ptogLZf_601zRt4AaABAg,cgTIgkM2iyI,टीम इंडिया जीत,Positive,2,train
UgxcVYp1E__rd7lFrx14AaABAg,VRNVxhlPvBE,एमएस धोनी,Positive,2,train
Ugzi89VDbLsK9Aa29uR4AaABAg,j0GPS4-Hzjs,टीम इंडिया हार,Positive,2,train
UgyP26XJutIsPEDqzd94AaABAg,oZUpj8GYbIY,प्रो कबड्डी,Positive,2,train
UgwwDWX1EwaCxpfAC494AaABAg,nFxie8HZvyk,शुभमन गिल,Negative,0,train
UgxsVgB40qpWSogMa554AaABAg,vXsioE-C9wM,खेल समाचार हिंदी,Negative,0,train
UgwM2sjrk3evFY3hNEp4AaABAg,m6TaFjvrsqE,टीम इंडिया हार,Positive,2,train
UgxLeDItT40ScP5Qp5R4AaABAg,4TOuvu8C5y4,टीम इंडिया जीत,Positive,2,train
UgyD6ZF81-mTwtVhZDt4AaABAg,5XtX8Lezjg4,ओलंपिक भारत हिंदी,Positive,2,train
UgzhpjN9J1NBmDqlx-F4AaABAg,X4OB4-Itx8E,विनेश फोगाट कुश्ती,Positive,2,train
UgwEM1aqJfuclwK3pSh4AaABAg,cgTIgkM2iyI,टीम इंडिया जीत,Neutral,1,train
UgxlaOS_BYs4r2dD-pt4AaABAg,WIIvp8MWfCg,हॉकी इंडिया,Negative,0,train
UgyDIkg0AScIQZfhM8x4AaABAg,p5oIGfizFBk,हॉकी इंडिया,Positive,2,train
UgwAkZw6fuQLeKbPHAh4AaABAg,mEOBGY4-7JA,क्रिकेट हाइलाइट्स हिंदी,Positive,2,train
UgxlGxYUr_HCSS9NDDJ4AaABAg,d93flq_4BKY,शुभमन गिल,Negative,0,train
Ugy9TiwJjDMWi345v-F4AaABAg,nFxie8HZvyk,शुभमन गिल,Negative,0,train
UgyQHsNIdjyhC8_mg6l4AaABAg,nFxie8HZvyk,शुभमन गिल,Negative,0,train
UgwCKwwwdZ5EVBhT1Ht4AaABAg,30ym5bs64EM,टीम इंडिया जीत,Positive,2,train
UgyBCKeQHrvNdxR8gdx4AaABAg,X4OB4-Itx8E,विनेश फोगाट कुश्ती,Negative,0,train
UgwpfEW0RXUSzziOYGN4AaABAg,cgTIgkM2iyI,टीम इंडिया जीत,Positive,2,train
Ugy8z-lYDywu2UkQbXN4AaABAg,VLmkv3PLjlc,रोहित शर्मा,Negative,0,train
Ugx6ioGaT106-UI8Ti54AaABAg,d93flq_4BKY,शुभमन गिल,Negative,0,train
UgxJHMhu2BW7AnwTWrR4AaABAg,CVRuytf_zm8,नीरज चोपड़ा,Negative,0,train
Ugy-RmhyaYw7IqVVDzp4AaABAg,vXsioE-C9wM,खेल समाचार हिंदी,Neutral,1,train
Ugxesx5DWxn8N9Mvu-J4AaABAg,Fq6mlKQPpAM,नीरज चोपड़ा,Neutral,1,train
Ugy6WJJCP4bdgaEsi8J4AaABAg,LLNdaQd5rMY,रोहित शर्मा,Positive,2,train
UgwqqSr5U7agxY1axRJ4AaABAg,CVRuytf_zm8,नीरज चोपड़ा,Neutral,1,train
UgzZZQ8GjcdyQ3yg7Sx4AaABAg,ReVTGCbDzfw,टीम इंडिया जीत,Positive,2,train
UgySQkpRRz8VmUIATEl4AaABAg,WIIvp8MWfCg,हॉकी इंडिया,Negative,0,train
UgxMWoSmGx7lT7iEnN94AaABAg,VRNVxhlPvBE,एमएस धोनी,Neutral,1,train
UgzO53epZZJ02LE3aMV4AaABAg,fP2OioK7nXk,हॉकी इंडिया,Positive,2,train
UgymZEYyc6nHoV5RSGZ4AaABAg,ggwjcYY3-2o,नीरज चोपड़ा,Positive,2,train
Ugw4cVfOhJcYxDeUF9h4AaABAg,2u70UbLyO0s,विराट कोहली,Positive,2,train
Ugx4BeqlDQF9yEyb4al4AaABAg,ReVTGCbDzfw,टीम इंडिया जीत,Positive,2,train
UgzK9AISo9PiBasBF3N4AaABAg,7Yt5Xpnvl6s,खेल समाचार हिंदी,Negative,0,train
Ugw4KctQOLS6FM4tNil4AaABAg,FwW1nVvr_B8,विराट कोहली,Neutral,1,train
UgwJtyWwgOT3hEu2-yF4AaABAg,eKYNtBgMeSg,टीम इंडिया हार,Negative,0,train
UgzOx5ebqVBKGFm12Up4AaABAg,RiFzSORKO8o,खेल समाचार हिंदी,Negative,0,train
UgzR3XzwyuLe9LYBQqB4AaABAg,fvveJ66s0wg,भारत बनाम पाकिस्तान क्रिकेट,Positive,2,train
Ugxh-k6IpaSmDrk05LB4AaABAg,CVRuytf_zm8,नीरज चोपड़ा,Negative,0,train
UgxbTqJlt0hLVg87FO54AaABAg,oZUpj8GYbIY,प्रो कबड्डी,Negative,0,train
Ugx5y_6RHDxRDrhNWxR4AaABAg,JxdXGM-vPWM,विनेश फोगाट कुश्ती,Positive,2,train
UgyTsK9Wt8xLGlyXQfl4AaABAg,fzOVeNcFT3Q,भारत बनाम पाकिस्तान क्रिकेट,Negative,0,train
UgzZ0MTkCaTSKi0FHIR4AaABAg,DhxtvDzaBg0,टीम इंडिया हार,Positive,2,train
Ugz65QCQMJs2mZlx4rV4AaABAg,_fZYUtRgYRQ,भारत बनाम पाकिस्तान क्रिकेट,Negative,0,train
Ugx7N_h-_z3zPJ9rBw94AaABAg,mYivERVT1-g,टीम इंडिया हार,Negative,0,train
UgzgPZtnYBfbxkM-gOV4AaABAg,RiFzSORKO8o,खेल समाचार हिंदी,Negative,0,train
Ugz0nJ6ajrMUQn47Vqh4AaABAg,X4OB4-Itx8E,विनेश फोगाट कुश्ती,Positive,2,train
UgzIthdZpO2CQnqgTqt4AaABAg,5dr3VzpoMfM,टीम इंडिया जीत,Positive,2,train
Ugz2l4w_E000Xq2FxlR4AaABAg,vXsioE-C9wM,खेल समाचार हिंदी,Neutral,1,train
UgwkP1NVdH2z617pLs54AaABAg,X4OB4-Itx8E,विनेश फोगाट कुश्ती,Negative,0,train
Ugyneqt6-TKghYFrpBN4AaABAg,5iasPyNE1UA,नीरज चोपड़ा,Negative,0,train
Ugwil9GuWbDdlERGjnZ4AaABAg,A-kbmFiCMUI,आईपीएल हाइलाइट्स हिंदी,Neutral,1,train
UgwY2sGMTcrFc-0NinF4AaABAg,AFEZzf9_EHk,क्रिकेट हाइलाइट्स हिंदी,Positive,2,train
UgxJrFSKxA2l4EkgEjR4AaABAg,-96tVt9zZ8M,खेल समाचार हिंदी,Negative,0,train
Ugzm5yfcG3MKP8W9pmB4AaABAg,DhxtvDzaBg0,टीम इंडिया हार,Neutral,1,train
UgwUWzngAJ6J5ngSAM94AaABAg,m6TaFjvrsqE,टीम इंडिया हार,Positive,2,train
Ugy8Lpd2q0QE9xrm9Pp4AaABAg,_5Al9MzlDJk,क्रिकेट विश्लेषण हिंदी,Neutral,1,train
Ugy8rRZZQCkzkxU6ARJ4AaABAg,LDwhd2nI1eA,ओलंपिक भारत हिंदी,Positive,2,train
UgygkCQkQXA11bnUA3F4AaABAg,CVRuytf_zm8,नीरज चोपड़ा,Negative,0,train
UgxYxCxFvSUVNbMaD5d4AaABAg,mYivERVT1-g,टीम इंडिया हार,Negative,0,train
UgxefcB2RoDcwzibNeV4AaABAg,IlDcNvSuu3I,खेल समाचार हिंदी,Negative,0,train
Ugz1bml_U81rBdueUxt4AaABAg,mYivERVT1-g,टीम इंडिया हार,Negative,0,train
Ugw-Q6hDG6IHSm89kex4AaABAg,nFxie8HZvyk,शुभमन गिल,Negative,0,train
UgzruEuowrswJYm_76R4AaABAg,5iasPyNE1UA,नीरज चोपड़ा,Negative,0,train
UgwMffi2FO_PldRdmjN4AaABAg,mYivERVT1-g,टीम इंडिया हार,Negative,0,train
UgykFavc81vKdJWG_2t4AaABAg,5b0Kgb_x5d8,टीम इंडिया हार,Neutral,1,train
UgzHOQrYw-TGgsfDoex4AaABAg,_5Al9MzlDJk,क्रिकेट विश्लेषण हिंदी,Negative,0,train
UgxpI7YTJpwW-pLTEsR4AaABAg,cgTIgkM2iyI,टीम इंडिया जीत,Positive,2,train
UgzYp3QbV6oiLz-Qs8F4AaABAg,fzOVeNcFT3Q,भारत बनाम पाकिस्तान क्रिकेट,Positive,2,train
Ugy5RuBTdzgpzis2dIF4AaABAg,nFxie8HZvyk,शुभमन गिल,Negative,0,train
UgxLBIpeoAwiVKC2_gV4AaABAg,LLNdaQd5rMY,रोहित शर्मा,Positive,2,train
UgxXNDJykfIGMEl1Muh4AaABAg,Fq6mlKQPpAM,नीरज चोपड़ा,Positive,2,train
UgxEX51WHQ-fiqZ1hHJ4AaABAg,RiFzSORKO8o,खेल समाचार हिंदी,Negative,0,train
UgxJJp5qYLS7yWwf3K14AaABAg,DhxtvDzaBg0,टीम इंडिया हार,Neutral,1,train
Ugw4-G9_X3wim5nkR2J4AaABAg,VLmkv3PLjlc,रोहित शर्मा,Negative,0,train
UgxFxlLUGihiB6g03j14AaABAg,cgTIgkM2iyI,टीम इंडिया जीत,Positive,2,train
UgwrzPIV50onvu72a154AaABAg,nFxie8HZvyk,शुभमन गिल,Neutral,1,train
UgwCr5d6g8fVWot8auJ4AaABAg,PUsmivLvT_I,विनेश फोगाट कुश्ती,Positive,2,train
UgzWRoBXRLkPlujFIbp4AaABAg,7Yt5Xpnvl6s,खेल समाचार हिंदी,Negative,0,train
UgzpjcvuS2fO_qjS0rp4AaABAg,blu3Ez0VSSE,एमएस धोनी,Negative,0,train
UgyJytzyV0pwncS0oGF4AaABAg,0xI6LADDw3A,टीम इंडिया हार,Negative,0,train
UgzJnyWg1zqtip834ml4AaABAg,X4OB4-Itx8E,विनेश फोगाट कुश्ती,Positive,2,train
UgxGe0hptaebbEpaCNd4AaABAg,7Yt5Xpnvl6s,खेल समाचार हिंदी,Negative,0,train
UgyFrJGa6Tf6fYhOxM14AaABAg,RRdg44agPoU,विनेश फोगाट कुश्ती,Negative,0,train
UgxmcrjvvK6GwwVpa-54AaABAg,CVRuytf_zm8,नीरज चोपड़ा,Negative,0,train
Ugy9ySxGvXAaOe4p84V4AaABAg,CVRuytf_zm8,नीरज चोपड़ा,Negative,0,train
Ugw-4JGpEE9QatQ0Qn94AaABAg,fzOVeNcFT3Q,भारत बनाम पाकिस्तान क्रिकेट,Negative,0,train
UgxWG51YSKLG-Dchi7V4AaABAg,HheJON-C7Rs,शुभमन गिल,Positive,2,train
UgwEGkN9yKwlTuuwpl94AaABAg,22oHUsHvR7U,ओलंपिक भारत हिंदी,Positive,2,train
UgwEvk1NYF-KjwcEXAJ4AaABAg,7Yt5Xpnvl6s,खेल समाचार हिंदी,Negative,0,train
Ugw7_srgNgkwF0EU6lh4AaABAg,X4OB4-Itx8E,विनेश फोगाट कुश्ती,Negative,0,train
UgyuaduFj30G3G9u5-B4AaABAg,30ym5bs64EM,टीम इंडिया जीत,Positive,2,train
UgzTOWE5vrAlS40IDal4AaABAg,d93flq_4BKY,शुभमन गिल,Negative,0,train
UgxY3-_3aSszktqr2lV4AaABAg,7Yt5Xpnvl6s,खेल समाचार हिंदी,Neutral,1,train
UgyGjfgqLJ5dKd-9unJ4AaABAg,ReVTGCbDzfw,टीम इंडिया जीत,Positive,2,train
Ugz0hO_7_H1fDRwacRN4AaABAg,FUPfVqR5Hys,रोहित शर्मा,Positive,2,train
UgywcpiRxV7zREEF54B4AaABAg,HucIqi8Lw3E,पीवी सिंधु बैडमिंटन,Positive,2,train
Ugx365UiIzD2gqPlPxR4AaABAg,CVRuytf_zm8,नीरज चोपड़ा,Negative,0,train
UgxE2Prcq7WMGQ1gSmt4AaABAg,j0GPS4-Hzjs,टीम इंडिया हार,Positive,2,train
UgyIyCokDlfq1v4YiU94AaABAg,j0GPS4-Hzjs,टीम इंडिया हार,Negative,0,train
Ugyy8sic0rdhlz9fC1R4AaABAg,CVRuytf_zm8,नीरज चोपड़ा,Neutral,1,train
UgzkN3ym6mvULcVtM2h4AaABAg,cgTIgkM2iyI,टीम इंडिया जीत,Positive,2,train
UgyRTCggHgTsuvA4gv14AaABAg,LDwhd2nI1eA,ओलंपिक भारत हिंदी,Positive,2,train
UgycAHBw9hwRl74oVRh4AaABAg,nFxie8HZvyk,शुभमन गिल,Negative,0,train
UgykRUMK9EmeCsA15uJ4AaABAg,7Yt5Xpnvl6s,खेल समाचार हिंदी,Neutral,1,train
Ugw__VGnU75TNpm8SaR4AaABAg,UQNLGJARdZM,एमएस धोनी,Positive,2,train
Ugw3J0rS4pSIXddSC7h4AaABAg,22oHUsHvR7U,ओलंपिक भारत हिंदी,Neutral,1,train
UgxfkaevSmGxT40-2KN4AaABAg,taa1WLhvKnE,क्रिकेट विश्लेषण हिंदी,Negative,0,train
UgyoFyv41fDIxamg0TR4AaABAg,X4gfyBUcJtE,एशिया कप हिंदी,Neutral,1,train
UgzXmC3SR-CYJ7G7w1N4AaABAg,cgTIgkM2iyI,टीम इंडिया जीत,Negative,0,train
UgxgIWJR6euA15WZi1B4AaABAg,wY6UyatwVTA,क्रिकेट हाइलाइट्स हिंदी,Positive,2,train
UgzGX5XYlN0c_N_mwPB4AaABAg,H7q7q1IwEY4,क्रिकेट हाइलाइट्स हिंदी,Neutral,1,train
UgysDaboTNMf_-BdU5F4AaABAg,FwW1nVvr_B8,विराट कोहली,Negative,0,train
UgxdgZQQs4NFaIp-1HV4AaABAg,X4OB4-Itx8E,विनेश फोगाट कुश्ती,Positive,2,train
Ugw974SAZDHx_fIwaR14AaABAg,nFxie8HZvyk,शुभमन गिल,Negative,0,train
Ugyt_RG0vE1n9c5qsIh4AaABAg,AFEZzf9_EHk,क्रिकेट हाइलाइट्स हिंदी,Negative,0,train
Ugwa0KR03TtPXoU9tUx4AaABAg,m6TaFjvrsqE,टीम इंडिया हार,Neutral,1,train
UgwuUGUhdTX0nHl4ibx4AaABAg,CVRuytf_zm8,नीरज चोपड़ा,Negative,0,train
UgxMzdrvGA24CKCtNH94AaABAg,cai5ZdxxLNE,नीरज चोपड़ा,Positive,2,train
Ugy0M9QEGhdCz-AW6Ud4AaABAg,FwW1nVvr_B8,विराट कोहली,Negative,0,train
UgzQv3ScJdjK41mdw2J4AaABAg,hHfPkMCbSh8,एमएस धोनी,Positive,2,train
Ugyfp86K4TX2osipF1Z4AaABAg,m6TaFjvrsqE,टीम इंडिया हार,Negative,0,train
UgzP-j8yIXtep7PHxgd4AaABAg,DhxtvDzaBg0,टीम इंडिया हार,Negative,0,train
UgzGq6wQIB9YWhMbvtR4AaABAg,5dr3VzpoMfM,टीम इंडिया जीत,Positive,2,train
UgxYbdF4tWAzDvZuIwB4AaABAg,7Yt5Xpnvl6s,खेल समाचार हिंदी,Negative,0,train
UgzMiPOBTpxqb1a1uAp4AaABAg,VLmkv3PLjlc,रोहित शर्मा,Negative,0,train
Ugyf_FK-ts3HudXoEw54AaABAg,oZUpj8GYbIY,प्रो कबड्डी,Positive,2,train
UgxSYn2ctuioZiitejZ4AaABAg,VRNVxhlPvBE,एमएस धोनी,Neutral,1,train
UgxLNq2zFDrUEMHB7mh4AaABAg,CVRuytf_zm8,नीरज चोपड़ा,Neutral,1,train
UgyfmVFC54tnH65ZRzJ4AaABAg,ReVTGCbDzfw,टीम इंडिया जीत,Positive,2,train
UgwhICQXSnPE19VW1pl4AaABAg,VLmkv3PLjlc,रोहित शर्मा,Negative,0,train
UgyF5Vw6HBCIoUOswod4AaABAg,WIIvp8MWfCg,हॉकी इंडिया,Negative,0,train
UgxkQ6leB7e3FmL3S_p4AaABAg,7Yt5Xpnvl6s,खेल समाचार हिंदी,Negative,0,train
UgwphC8ZaWBb42kiOCZ4AaABAg,fzOVeNcFT3Q,भारत बनाम पाकिस्तान क्रिकेट,Negative,0,train
UgysQ9vLGlYsGsicKMZ4AaABAg,LLNdaQd5rMY,रोहित शर्मा,Negative,0,train
UgzPrKQo_K9BLMwRoZt4AaABAg,LDwhd2nI1eA,ओलंपिक भारत हिंदी,Negative,0,train
Ugxo4YJmldQ7p-5gHt14AaABAg,vXsioE-C9wM,खेल समाचार हिंदी,Negative,0,train
Ugz5_bI3-q556R9P1SB4AaABAg,HheJON-C7Rs,शुभमन गिल,Positive,2,train
UgxQVj38KXXXrbRmOix4AaABAg,5iasPyNE1UA,नीरज चोपड़ा,Negative,0,train
UgwnGpEJdboPi_6ceQF4AaABAg,d93flq_4BKY,शुभमन गिल,Neutral,1,train
UgyO5se46zi8NeaZSiZ4AaABAg,HNXhdo5j914,वर्ल्ड कप क्रिकेट हिंदी,Neutral,1,train
Ugw_702q7ZPgv_rHGRN4AaABAg,RiFzSORKO8o,खेल समाचार हिंदी,Negative,0,train
UgyjwPnzPqDh-68wJGp4AaABAg,vXsioE-C9wM,खेल समाचार हिंदी,Negative,0,train
UgxrEpHXmtDwlSZnaMZ4AaABAg,CVRuytf_zm8,नीरज चोपड़ा,Neutral,1,train
UgyNC6gwdwkh_0pDjbV4AaABAg,7Yt5Xpnvl6s,खेल समाचार हिंदी,Negative,0,train
UgyQohwcBaH7P5sMVP14AaABAg,oZUpj8GYbIY,प्रो कबड्डी,Positive,2,train
UgxPtpHStQkKJLzvUu54AaABAg,RiFzSORKO8o,खेल समाचार हिंदी,Negative,0,train
Ugw5DG83tc4-uTDMOVN4AaABAg,HucIqi8Lw3E,पीवी सिंधु बैडमिंटन,Neutral,1,train
UgwYY2dBaRtEHXEtmc54AaABAg,VRNVxhlPvBE,एमएस धोनी,Positive,2,train
UgxDKjekZrBF2jGPaoV4AaABAg,IlDcNvSuu3I,खेल समाचार हिंदी,Negative,0,train
UgxA5qcyJHrlVFkJk0R4AaABAg,hHfPkMCbSh8,एमएस धोनी,Positive,2,train
UgwtnG7rIzf580o5rox4AaABAg,B9Qnxe_GcTg,एशिया कप हिंदी,Positive,2,train
Ugxh7DvhafbUfSNArcZ4AaABAg,DhxtvDzaBg0,टीम इंडिया हार,Negative,0,train
UgwnRukOJ-Kyxms4ofJ4AaABAg,0xI6LADDw3A,टीम इंडिया हार,Negative,0,train
UgxHLJEp89iAYMHVeZB4AaABAg,LLNdaQd5rMY,रोहित शर्मा,Neutral,1,train
Ugy9kejsJDKEcRreL8B4AaABAg,X4OB4-Itx8E,विनेश फोगाट कुश्ती,Negative,0,train
UgymjXwoXcVC3rqYFdF4AaABAg,30ym5bs64EM,टीम इंडिया जीत,Positive,2,train
Ugxtlqufa8ly9qJPvQN4AaABAg,5XtX8Lezjg4,ओलंपिक भारत हिंदी,Negative,0,train
Ugx8C1w_O-E6_hWM1A94AaABAg,-VPYd0WqOAM,टीम इंडिया हार,Negative,0,train
UgyXctYUopsSVoWO7kd4AaABAg,X4OB4-Itx8E,विनेश फोगाट कुश्ती,Positive,2,train
UgwaQS_zgsWMySewRad4AaABAg,xmg7vO6GCWU,रोहित शर्मा,Positive,2,train
UgzZFC-2TTbsm91ZNPV4AaABAg,p5oIGfizFBk,हॉकी इंडिया,Positive,2,train
UgxPYE5nG9trnI_qVlR4AaABAg,IlDcNvSuu3I,खेल समाचार हिंदी,Negative,0,train
UgwTj0Zz7Fqi_4bmJP14AaABAg,R7RjpLJnIQc,विनेश फोगाट कुश्ती,Negative,0,train
UgwD89VEMlY72_xjgZl4AaABAg,CVRuytf_zm8,नीरज चोपड़ा,Neutral,1,train
Ugz-_5o6Vs9Pk4Nj4X14AaABAg,fzOVeNcFT3Q,भारत बनाम पाकिस्तान क्रिकेट,Negative,0,train
UgwrutYZJMc0-nRju_t4AaABAg,fzOVeNcFT3Q,भारत बनाम पाकिस्तान क्रिकेट,Negative,0,train
Ugw_pn2mbkOjkwZKvKl4AaABAg,MUPrf3FIq3g,एमएस धोनी,Negative,0,train
UgxeF38qoz5dxNZ37wR4AaABAg,RRdg44agPoU,विनेश फोगाट कुश्ती,Positive,2,train
UgziKv0rCjARfJFghNV4AaABAg,fsRKvb9qRx8,शुभमन गिल,Positive,2,train
UgxvNXPNP66m28as_-54AaABAg,HsysMuOxlc8,टीम इंडिया हार,Negative,0,train
UgycHjhntQnTAEmcz8R4AaABAg,cgTIgkM2iyI,टीम इंडिया जीत,Negative,0,train
Ugwc8sW60e22c0ia4oR4AaABAg,mYivERVT1-g,टीम इंडिया हार,Negative,0,train
UgwV5URhkqoykFNhFhl4AaABAg,x_prt6sDXUQ,विराट कोहली,Positive,2,train
UgyDOvM-pa80bemZWjR4AaABAg,mYivERVT1-g,टीम इंडिया हार,Negative,0,train
UgziqoQaS27b0x-j_8p4AaABAg,CVRuytf_zm8,नीरज चोपड़ा,Neutral,1,train
Ugw9Y6g4TM9dUjfT28t4AaABAg,mX1xtHVM-vk,विराट कोहली,Positive,2,train
Ugzf_Y6epJQ7eNyuSR94AaABAg,hHfPkMCbSh8,एमएस धोनी,Neutral,1,train
UgzfFR_PhnFHOhiOjCJ4AaABAg,ReVTGCbDzfw,टीम इंडिया जीत,Positive,2,train
UgzLPbkUy6D4oEId4XV4AaABAg,HsysMuOxlc8,टीम इंडिया हार,Negative,0,train
UgwZ0VI2iddExLByRq54AaABAg,X4OB4-Itx8E,विनेश फोगाट कुश्ती,Positive,2,train
Ugz0YdVN9nNZRBpv-s94AaABAg,tHrYQb2n6MQ,क्रिकेट हाइलाइट्स हिंदी,Positive,2,train
UgzTyarHNyiNz0T0zfR4AaABAg,RRdg44agPoU,विनेश फोगाट कुश्ती,Negative,0,train
UgytmfS9MeOEb87i4DV4AaABAg,WIIvp8MWfCg,हॉकी इंडिया,Negative,0,train
UgwQISb_XlA3Na4pgQh4AaABAg,e9zG2ooGDfc,विराट कोहली,Neutral,1,train
UgxNwLBWvVw7aEIYlTx4AaABAg,hHfPkMCbSh8,एमएस धोनी,Neutral,1,train
UgxzWsZY3izfzVt6LRh4AaABAg,5iasPyNE1UA,नीरज चोपड़ा,Positive,2,train
Ugw_9a_5-eiPULFV1fV4AaABAg,6vlujRLmTjM,विनेश फोगाट कुश्ती,Positive,2,train
UgyItlBrBZFvmjJGk5R4AaABAg,H7q7q1IwEY4,क्रिकेट हाइलाइट्स हिंदी,Neutral,1,train
Ugxw7BIhOQtUv1xn5Pt4AaABAg,TRtlo-1sKSU,टीम इंडिया हार,Positive,2,train
UgxFdINr0zF29rD1Gnt4AaABAg,CNJ88yD7BDI,रोहित शर्मा,Negative,0,train
UgygTsPkMtdfrJ3MQxZ4AaABAg,dMGRTR97Ito,क्रिकेट हाइलाइट्स हिंदी,Positive,2,train
UgwqjY-pTgxmWeILq-d4AaABAg,5b0Kgb_x5d8,टीम इंडिया हार,Neutral,1,train
UgxQA-Q2XshusP2PNs14AaABAg,j0GPS4-Hzjs,टीम इंडिया हार,Positive,2,train
UgzP_8-mvJrJSawOI5B4AaABAg,luSat_G-U64,विनेश फोगाट कुश्ती,Negative,0,train
UgxM9-dv4mRbJzmt4-F4AaABAg,rDyUKfq7B-g,विनेश फोगाट कुश्ती,Positive,2,train
Ugza6tyvwOymdIpx01h4AaABAg,vXsioE-C9wM,खेल समाचार हिंदी,Negative,0,train
Ugz9UuYBlxbDAo7zynp4AaABAg,-96tVt9zZ8M,खेल समाचार हिंदी,Negative,0,train
UgzU7mTnzX2u1mculUd4AaABAg,WIIvp8MWfCg,हॉकी इंडिया,Negative,0,train
Ugw1WFWj5gpaz65fdRR4AaABAg,_BZGuxM_nfY,शुभमन गिल,Negative,0,train
Ugy5TPTcEHg92YP4PAN4AaABAg,HNXhdo5j914,वर्ल्ड कप क्रिकेट हिंदी,Negative,0,train
UgznfuZRaZclr65992h4AaABAg,wg1m1TWI0KI,रोहित शर्मा,Neutral,1,train
UgzbWAwvzvkVaHn_QXh4AaABAg,CVRuytf_zm8,नीरज चोपड़ा,Negative,0,train
UgxOS5Q0NeGKym430Th4AaABAg,ggwjcYY3-2o,नीरज चोपड़ा,Neutral,1,train
UgyfgCnjyAVb9yYCL2d4AaABAg,-VPYd0WqOAM,टीम इंडिया हार,Negative,0,train
Ugy9msDQaxIN8Xnc7et4AaABAg,ynG6tkLO3SQ,क्रिकेट हाइलाइट्स हिंदी,Neutral,1,train
Ugwkp196Cp8VDxix83V4AaABAg,hHfPkMCbSh8,एमएस धोनी,Neutral,1,train
UgzQnl77t1ALQz0NQGl4AaABAg,Fq6mlKQPpAM,नीरज चोपड़ा,Positive,2,train
Ugw4vv2CKzGNY382gwp4AaABAg,oZUpj8GYbIY,प्रो कबड्डी,Neutral,1,train
UgxsHs65L_4Q8ZJfPMF4AaABAg,m6TaFjvrsqE,टीम इंडिया हार,Positive,2,train
Ugwf0DJ5iIN3A1_4x4R4AaABAg,5iasPyNE1UA,नीरज चोपड़ा,Positive,2,train
Ugx_xSsFsPXx080mNRp4AaABAg,DhxtvDzaBg0,टीम इंडिया हार,Positive,2,train
UgyNdZFl4o1i78j3a6R4AaABAg,m6TaFjvrsqE,टीम इंडिया हार,Positive,2,train
UgwR46kMmHKW9cck8Z94AaABAg,CVRuytf_zm8,नीरज चोपड़ा,Negative,0,train
UgxaEMZku4mnaDBUQ6t4AaABAg,-VPYd0WqOAM,टीम इंडिया हार,Neutral,1,train
Ugwn6ZJ4K1UKGvMArTZ4AaABAg,VLmkv3PLjlc,रोहित शर्मा,Negative,0,train
UgwYUq7Qqx9Qk5GIhvB4AaABAg,mEOBGY4-7JA,क्रिकेट हाइलाइट्स हिंदी,Neutral,1,train
UgxJgeg0yzqtv5rxbGl4AaABAg,VLmkv3PLjlc,रोहित शर्मा,Negative,0,train
UgySzgoUvPgpVLbgqQJ4AaABAg,nFxie8HZvyk,शुभमन गिल,Negative,0,train
UgwY6OwevBEnmvA1onx4AaABAg,VLmkv3PLjlc,रोहित शर्मा,Negative,0,train
UgzW8ADtOOxlzitRypZ4AaABAg,nFxie8HZvyk,शुभमन गिल,Negative,0,train
Ugxj-J2lrkdud7IHFpR4AaABAg,CVRuytf_zm8,नीरज चोपड़ा,Neutral,1,train
UgwP2KEYCz9QQaHRkFp4AaABAg,hHfPkMCbSh8,एमएस धोनी,Positive,2,train
UgyX-dfnIduAGB3UjtJ4AaABAg,CVRuytf_zm8,नीरज चोपड़ा,Neutral,1,train
UgyX1XAIIByve6JDjKV4AaABAg,j0GPS4-Hzjs,टीम इंडिया हार,Negative,0,train
Ugy-uGFytO7eAI6tjoZ4AaABAg,DhxtvDzaBg0,टीम इंडिया हार,Positive,2,train
Ugzy_mQOMDksqmAnFmt4AaABAg,RRdg44agPoU,विनेश फोगाट कुश्ती,Negative,0,train
UgxHCPnqYLoog5aIyCx4AaABAg,uSGCAJS6qWg,भारत बनाम पाकिस्तान क्रिकेट,Positive,2,train
UgzB2-_Ob_3vbrMn6714AaABAg,VLmkv3PLjlc,रोहित शर्मा,Negative,0,train
Ugyyom0Xh997LSqOYaR4AaABAg,UQNLGJARdZM,एमएस धोनी,Positive,2,train
Ugxgc_qRo7kbJbNU7It4AaABAg,X4OB4-Itx8E,विनेश फोगाट कुश्ती,Negative,0,train
Ugz__ycvu9u6qeHvkfB4AaABAg,ReVTGCbDzfw,टीम इंडिया जीत,Positive,2,train
UgyyYR9R-XrdQYjQhSd4AaABAg,LDwhd2nI1eA,ओलंपिक भारत हिंदी,Negative,0,train
UgwPZBPmhefIHzMAHBR4AaABAg,fa9my1Q-CWY,प्रो कबड्डी,Positive,2,train
UgwzPlqjE2e8Hmby6214AaABAg,HheJON-C7Rs,शुभमन गिल,Negative,0,train
Ugy_sqcVNPW7te6E6NJ4AaABAg,ReVTGCbDzfw,टीम इंडिया जीत,Positive,2,train
UgyghiYpeooKlQnsLEZ4AaABAg,j0GPS4-Hzjs,टीम इंडिया हार,Negative,0,train
Ugz2MafQMWkFKNSgMJ54AaABAg,m6TaFjvrsqE,टीम इंडिया हार,Negative,0,train
Ugx76d6g3_80euZ-0MZ4AaABAg,_ZGGExfY7zs,रोहित शर्मा,Positive,2,train
Ugzup_bawDQM01H8G-x4AaABAg,fpmSOInFj4A,नीरज चोपड़ा,Negative,0,train
Ugw6tY0y1LVeNLStWtF4AaABAg,msAzQ1p3lTA,रोहित शर्मा,Neutral,1,train
Ugx5OdhFjwWLFkLruVZ4AaABAg,wg1m1TWI0KI,रोहित शर्मा,Positive,2,train
UgwKhq3W5NwSTMKtgyZ4AaABAg,wY6UyatwVTA,क्रिकेट हाइलाइट्स हिंदी,Positive,2,train
UgwTxTLxP7RhoFmIgqR4AaABAg,X4OB4-Itx8E,विनेश फोगाट कुश्ती,Positive,2,train
Ugzipe5pjEWkmribTpd4AaABAg,5iasPyNE1UA,नीरज चोपड़ा,Positive,2,train
UgxfxhELCjl6RY1w7T54AaABAg,ReVTGCbDzfw,टीम इंडिया जीत,Positive,2,train
UgxphUHBfwCFY7iZIGp4AaABAg,vXsioE-C9wM,खेल समाचार हिंदी,Negative,0,train
UgzOwJClPkBYMIU1RTN4AaABAg,fzOVeNcFT3Q,भारत बनाम पाकिस्तान क्रिकेट,Negative,0,train
UgwWOq27itVp-wzTEKV4AaABAg,WIIvp8MWfCg,हॉकी इंडिया,Negative,0,train
Ugz77WMpM-RXWLewGxR4AaABAg,7Yt5Xpnvl6s,खेल समाचार हिंदी,Negative,0,train
Ugwv_Gy32NAt2gOQD6x4AaABAg,VLmkv3PLjlc,रोहित शर्मा,Negative,0,train
Ugx1b7DGYh8sazH8tO94AaABAg,STZRr1H24og,क्रिकेट विश्लेषण हिंदी,Neutral,1,train
UgwsHlu9FWn7Ep9SfYd4AaABAg,fpmSOInFj4A,नीरज चोपड़ा,Positive,2,train
Ugzse_nO4yHwGgNcG2d4AaABAg,CVRuytf_zm8,नीरज चोपड़ा,Negative,0,train
UgxdqL1_BcctuhiJsud4AaABAg,X4OB4-Itx8E,विनेश फोगाट कुश्ती,Positive,2,train
UgyUoEcfKdMyyADrqzV4AaABAg,zryGpo3FQZY,एशिया कप हिंदी,Neutral,1,train
Ugwa0MpPi0EpNu_fywt4AaABAg,CVRuytf_zm8,नीरज चोपड़ा,Negative,0,train
UgxVnoKOrWtOOik5Jbx4AaABAg,CVRuytf_zm8,नीरज चोपड़ा,Negative,0,train
UgzZGs8yPgQSiVqjo3t4AaABAg,m6TaFjvrsqE,टीम इंडिया हार,Negative,0,train
Ugy-WCH_-F3-FLyJ1Np4AaABAg,CVRuytf_zm8,नीरज चोपड़ा,Positive,2,train
Ugz0UutmrJAQG7JRDL54AaABAg,0xI6LADDw3A,टीम इंडिया हार,Negative,0,train
Ugy7G8pQQWPQ2hWX3oV4AaABAg,6vlujRLmTjM,विनेश फोगाट कुश्ती,Positive,2,train
UgzHyrSZTDGwE6HtioV4AaABAg,m6TaFjvrsqE,टीम इंडिया हार,Positive,2,train
UgxIbHLyvGs3M6DIFHF4AaABAg,LDwhd2nI1eA,ओलंपिक भारत हिंदी,Positive,2,train
UgwKpav7ZAyXNbYLyBV4AaABAg,mX1xtHVM-vk,विराट कोहली,Positive,2,train
Ugw5WVMg4H8ITS_ravx4AaABAg,eKYNtBgMeSg,टीम इंडिया हार,Positive,2,train
Ugw7tYIEzMgZkTum5GF4AaABAg,0cz5ryoqeK8,ओलंपिक भारत हिंदी,Neutral,1,train
UgzJ74kQIwlMvdMdTm14AaABAg,d93flq_4BKY,शुभमन गिल,Negative,0,train
UgxNSjrQ_nOp22Faugl4AaABAg,d93flq_4BKY,शुभमन गिल,Negative,0,train
UgzI3H1xcnRCgKuNw_J4AaABAg,m6TaFjvrsqE,टीम इंडिया हार,Positive,2,train
Ugz_9MB4kik17lJe31F4AaABAg,5dr3VzpoMfM,टीम इंडिया जीत,Neutral,1,train
UgwYE6xwhABNAyN2QS54AaABAg,qWUsV2Ios8A,आईपीएल हाइलाइट्स हिंदी,Negative,0,train
Ugzuo0cVx1TiB5M_akp4AaABAg,cgTIgkM2iyI,टीम इंडिया जीत,Positive,2,train
UgxYlcJGD1Ss7KTqJAV4AaABAg,rW_fwcmyIfk,नीरज चोपड़ा,Neutral,1,train
UgyRObsOqMp6Ijmsk6x4AaABAg,UQNLGJARdZM,एमएस धोनी,Negative,0,train
Ugyx87pQnuYdo3uQk4B4AaABAg,5dr3VzpoMfM,टीम इंडिया जीत,Positive,2,train
UgyOJ0NKtEM70HA2oQd4AaABAg,ReVTGCbDzfw,टीम इंडिया जीत,Positive,2,train
UgyPnOGjnkyQ937zcP54AaABAg,5iasPyNE1UA,नीरज चोपड़ा,Negative,0,train
UgykYZQZjnZYnegx2o54AaABAg,Fq6mlKQPpAM,नीरज चोपड़ा,Positive,2,train
UgzuKCgWntl4fSpfcnp4AaABAg,7Yt5Xpnvl6s,खेल समाचार हिंदी,Negative,0,train
UgzMu97MPwwEfk2NnCl4AaABAg,VLmkv3PLjlc,रोहित शर्मा,Negative,0,train
Ugx7jgJgW_SpVByMvNd4AaABAg,JxdXGM-vPWM,विनेश फोगाट कुश्ती,Positive,2,train
UgwULvSgzqn85X7N9ut4AaABAg,fvveJ66s0wg,भारत बनाम पाकिस्तान क्रिकेट,Negative,0,train
UgyACiobRm0-F1mwsXx4AaABAg,DhxtvDzaBg0,टीम इंडिया हार,Neutral,1,train
UgyLDryw5W1Ign6TB3l4AaABAg,mYivERVT1-g,टीम इंडिया हार,Negative,0,train
UgwPvEQuK3l50Nuqkud4AaABAg,ReVTGCbDzfw,टीम इंडिया जीत,Negative,0,train
Ugy4b4NIJAfrleJk5lh4AaABAg,yZFCSDiAPBA,एमएस धोनी,Positive,2,train
UgyqGMp9FUQUdFKbVtl4AaABAg,iT1qaLaAq0s,क्रिकेट विश्लेषण हिंदी,Negative,0,train
Ugz3ll4CCyz3hCD_bUJ4AaABAg,nFxie8HZvyk,शुभमन गिल,Negative,0,train
UgwHgGEbGjWREEzk7S54AaABAg,mYivERVT1-g,टीम इंडिया हार,Negative,0,train
UgzlacrAeYdqo0EIn2p4AaABAg,oZUpj8GYbIY,प्रो कबड्डी,Negative,0,train
Ugyv3JNDjApYYLeacox4AaABAg,UQNLGJARdZM,एमएस धोनी,Negative,0,train
Ugw-o9tyQc2D-Wv51Rt4AaABAg,H7q7q1IwEY4,क्रिकेट हाइलाइट्स हिंदी,Positive,2,train
Ugyga_54xBbAFKSqmsV4AaABAg,CVRuytf_zm8,नीरज चोपड़ा,Neutral,1,train
UgyM2GK6tnNqUqZzZIJ4AaABAg,j0GPS4-Hzjs,टीम इंडिया हार,Positive,2,train
Ugy9XTVq9f7Miehagcx4AaABAg,Fq6mlKQPpAM,नीरज चोपड़ा,Negative,0,train
UgxCulJ30ntRvGkonT54AaABAg,vXsioE-C9wM,खेल समाचार हिंदी,Negative,0,train
Ugy94YV8wYOJBq_px6l4AaABAg,-96tVt9zZ8M,खेल समाचार हिंदी,Neutral,1,train
UgzXiqsh-ZXxUhCG3qd4AaABAg,0xI6LADDw3A,टीम इंडिया हार,Negative,0,train
Ugwg2sy_apJdCE7O5yF4AaABAg,5iasPyNE1UA,नीरज चोपड़ा,Negative,0,train
UgzNxeA6J22UUkC2oft4AaABAg,RiFzSORKO8o,खेल समाचार हिंदी,Negative,0,train
UgxunnQUce2IInTzuaF4AaABAg,j0GPS4-Hzjs,टीम इंडिया हार,Positive,2,train
UgwZxjQ1JTOi5Vn09hZ4AaABAg,m6TaFjvrsqE,टीम इंडिया हार,Negative,0,train
UgyEQevRn-9rcq9ePgB4AaABAg,VLmkv3PLjlc,रोहित शर्मा,Negative,0,train
Ugx351jplTsQ-HLyTz54AaABAg,d93flq_4BKY,शुभमन गिल,Negative,0,train
UgzLv2iQIKv4F3sLlkB4AaABAg,WIIvp8MWfCg,हॉकी इंडिया,Negative,0,train
UgwSpgRYFEfpmHqQ_tJ4AaABAg,nFxie8HZvyk,शुभमन गिल,Negative,0,train
UgwoohN5foxRxLVCfbZ4AaABAg,m6TaFjvrsqE,टीम इंडिया हार,Positive,2,train
UgyE0FdskgjLLH2HOzN4AaABAg,0xI6LADDw3A,टीम इंडिया हार,Positive,2,train
UgxVUxvvEA3AuEkc-TB4AaABAg,5iasPyNE1UA,नीरज चोपड़ा,Positive,2,train
Ugylju5c1SUblqJPAHh4AaABAg,hHfPkMCbSh8,एमएस धोनी,Negative,0,train
UgzlRBRpldr1etv3PGt4AaABAg,ReVTGCbDzfw,टीम इंडिया जीत,Positive,2,train
Ugzo6f0hdBoCVZCp4NN4AaABAg,DhxtvDzaBg0,टीम इंडिया हार,Neutral,1,train
UgxtBn0MShilpLWi3CJ4AaABAg,5iasPyNE1UA,नीरज चोपड़ा,Negative,0,train
UgwF_T-LB6RVj7tiHZN4AaABAg,tHrYQb2n6MQ,क्रिकेट हाइलाइट्स हिंदी,Positive,2,train
Ugy8uAlKrt_ljXp1__Z4AaABAg,MUPrf3FIq3g,एमएस धोनी,Neutral,1,train
UgyRPbPz7ft99jkJYuB4AaABAg,vXsioE-C9wM,खेल समाचार हिंदी,Negative,0,train
UgzjxH2HGUjrkrNa93d4AaABAg,ReVTGCbDzfw,टीम इंडिया जीत,Positive,2,train
Ugw1hqZy2HxwsSFC3KR4AaABAg,WIIvp8MWfCg,हॉकी इंडिया,Negative,0,train
UgyBBFIj00AGNVWSjA14AaABAg,cgTIgkM2iyI,टीम इंडिया जीत,Positive,2,train
UgyIBppnKGiKLF1_CE94AaABAg,mYivERVT1-g,टीम इंडिया हार,Negative,0,train
Ugz1kkbTrJBR_F6dy9h4AaABAg,7Yt5Xpnvl6s,खेल समाचार हिंदी,Negative,0,train
Ugx8oUEXHmdZqW5_fGZ4AaABAg,AFEZzf9_EHk,क्रिकेट हाइलाइट्स हिंदी,Neutral,1,train
Ugwq44KGgJwaqpDIU4B4AaABAg,fvveJ66s0wg,भारत बनाम पाकिस्तान क्रिकेट,Negative,0,train
UgxeBAkLMw8Gvco7QEJ4AaABAg,ReVTGCbDzfw,टीम इंडिया जीत,Negative,0,train
UgwzhCLtYzO0p-abUFx4AaABAg,fsRKvb9qRx8,शुभमन गिल,Neutral,1,train
UgwZQ7-yJ0VKRQpT6BJ4AaABAg,zryGpo3FQZY,एशिया कप हिंदी,Neutral,1,train
UgxR5bvvK8j8uwK1XhV4AaABAg,0xI6LADDw3A,टीम इंडिया हार,Negative,0,train
UgwoIlXw1xGXmG-6Onl4AaABAg,0cz5ryoqeK8,ओलंपिक भारत हिंदी,Neutral,1,train
UgzNh6nd3cZ84uia7Dh4AaABAg,0cz5ryoqeK8,ओलंपिक भारत हिंदी,Negative,0,train
UgzaX7jH12JdIxFfQ7B4AaABAg,m6TaFjvrsqE,टीम इंडिया हार,Positive,2,train
UgzDtmEBkxKJ4OM3Iw54AaABAg,hHfPkMCbSh8,एमएस धोनी,Negative,0,train
UgwT9xpLyrJ4-K9RWxd4AaABAg,CVRuytf_zm8,नीरज चोपड़ा,Neutral,1,train
UgwTPMdqkfJOaiyusnB4AaABAg,DhxtvDzaBg0,टीम इंडिया हार,Positive,2,train
UgyAZkT7xrfRz_dtTY94AaABAg,CVRuytf_zm8,नीरज चोपड़ा,Neutral,1,train
Ugw7vRwuvReL_8PiKoJ4AaABAg,mEOBGY4-7JA,क्रिकेट हाइलाइट्स हिंदी,Neutral,1,train
Ugyq-_0mekP4QQhabY54AaABAg,X4OB4-Itx8E,विनेश फोगाट कुश्ती,Negative,0,train
UgybEC97HwycBA3NyWN4AaABAg,FUPfVqR5Hys,रोहित शर्मा,Negative,0,train
Ugz46B2vOjajAWvgRQp4AaABAg,j0GPS4-Hzjs,टीम इंडिया हार,Positive,2,train
Ugwy0DbUTlo_g2EI_754AaABAg,N_10nNqwU0Y,नीरज चोपड़ा,Neutral,1,train
Ugy3U1tY_lmmORuhHyp4AaABAg,yZFCSDiAPBA,एमएस धोनी,Positive,2,train
UgwFBDPRt0MNL1RXRGB4AaABAg,ReVTGCbDzfw,टीम इंडिया जीत,Positive,2,train
Ugztuokg_XkGrc4YC1p4AaABAg,mYivERVT1-g,टीम इंडिया हार,Negative,0,train
Ugz8vjaLlch_pIxDHNd4AaABAg,mYivERVT1-g,टीम इंडिया हार,Negative,0,train
UgzZj2NLfPDiO29pCO94AaABAg,m6TaFjvrsqE,टीम इंडिया हार,Positive,2,train
UgwOfksljS5rZADu9jt4AaABAg,m6TaFjvrsqE,टीम इंडिया हार,Positive,2,train
UgwXUQawTuKyMlBZzTR4AaABAg,eKYNtBgMeSg,टीम इंडिया हार,Negative,0,train
Ugy4iKuPkbpgguaUBoN4AaABAg,X4OB4-Itx8E,विनेश फोगाट कुश्ती,Neutral,1,train
UgxjUDUVga-bXGXDkPJ4AaABAg,CVRuytf_zm8,नीरज चोपड़ा,Neutral,1,train
UgzL7S9IluDZWMHoFHV4AaABAg,VLmkv3PLjlc,रोहित शर्मा,Negative,0,train
Ugx3C77BKiW_NyMKiEN4AaABAg,FUPfVqR5Hys,रोहित शर्मा,Positive,2,train
UgzkMWU2jOBVYWxpSut4AaABAg,cgTIgkM2iyI,टीम इंडिया जीत,Positive,2,train
UgwsPVCwWWCvQ54KReh4AaABAg,TRtlo-1sKSU,टीम इंडिया हार,Negative,0,train
Ugw7WBRjOnb45sme0uF4AaABAg,5iasPyNE1UA,नीरज चोपड़ा,Negative,0,train
UgzLqb1OvwdDCuYPOi94AaABAg,LDwhd2nI1eA,ओलंपिक भारत हिंदी,Negative,0,train
Ugz6-QeHWrq8DZfw2pp4AaABAg,j0GPS4-Hzjs,टीम इंडिया हार,Positive,2,train
UgwJCjvJc01gN1O4yf14AaABAg,7Yt5Xpnvl6s,खेल समाचार हिंदी,Negative,0,train
UgyFZpIdHGxc39OFHrZ4AaABAg,0xI6LADDw3A,टीम इंडिया हार,Negative,0,train
UgzfpSvRPw_W6D5EINR4AaABAg,LDwhd2nI1eA,ओलंपिक भारत हिंदी,Negative,0,train
UgwMNt6Qs7zrybGyekR4AaABAg,RiFzSORKO8o,खेल समाचार हिंदी,Negative,0,train
Ugw3SNxbe_EwGL-2Mb14AaABAg,6N6P_vOYKGk,एमएस धोनी,Positive,2,train
Ugzo8imOZxnnALDiqsR4AaABAg,cgTIgkM2iyI,टीम इंडिया जीत,Negative,0,train
UgwjnwIHiwMy_TEP_814AaABAg,-VPYd0WqOAM,टीम इंडिया हार,Positive,2,train
Ugw9wjOdtoNXQl3pUGx4AaABAg,nhqQWXNdivo,एमएस धोनी,Positive,2,train
Ugz_yPvHmbov6Nc5gpF4AaABAg,RiFzSORKO8o,खेल समाचार हिंदी,Positive,2,train
Ugw7btUGxa8hQVjANjV4AaABAg,ReVTGCbDzfw,टीम इंडिया जीत,Positive,2,train
UgwkQ0eftRba7gWjv_p4AaABAg,-VPYd0WqOAM,टीम इंडिया हार,Negative,0,train
UgyArFBysxMfFxsVIUh4AaABAg,FR2SkETgQ0o,विनेश फोगाट कुश्ती,Positive,2,train
UgwFx0SdWJHumfoogux4AaABAg,m6TaFjvrsqE,टीम इंडिया हार,Negative,0,train
Ugx1szLWkc70vgRFjUN4AaABAg,mEOBGY4-7JA,क्रिकेट हाइलाइट्स हिंदी,Neutral,1,train
Ugx1vWEBvj6XAAQaqUB4AaABAg,VLmkv3PLjlc,रोहित शर्मा,Negative,0,train
UgznQ09-Tn5DsLW_6wl4AaABAg,d93flq_4BKY,शुभमन गिल,Neutral,1,train
UgwwbicbyrGC4GNxMGR4AaABAg,vXsioE-C9wM,खेल समाचार हिंदी,Negative,0,train
Ugwa8CXBTKwIkpDKW4d4AaABAg,cgTIgkM2iyI,टीम इंडिया जीत,Negative,0,train
UgyDZjeKsM5u7xNIuAp4AaABAg,MUPrf3FIq3g,एमएस धोनी,Negative,0,train
UgwQ0Z9xK2MvKeHgVcN4AaABAg,m6TaFjvrsqE,टीम इंडिया हार,Neutral,1,train
UgwBHb2hCDhxZnPjFod4AaABAg,X4OB4-Itx8E,विनेश फोगाट कुश्ती,Positive,2,train
UgxbKZHNGQC711xFjlV4AaABAg,LDwhd2nI1eA,ओलंपिक भारत हिंदी,Positive,2,train
Ugys7k0rkAZccuYIoPB4AaABAg,5dr3VzpoMfM,टीम इंडिया जीत,Negative,0,train
Ugz9e6ABuVia_6u1eKt4AaABAg,WIIvp8MWfCg,हॉकी इंडिया,Negative,0,train
Ugx2AGRfqB15G5K_1cN4AaABAg,oZUpj8GYbIY,प्रो कबड्डी,Positive,2,train
Ugxvvac165Mg-kCpprx4AaABAg,-VPYd0WqOAM,टीम इंडिया हार,Negative,0,train
Ugz4zjVNcuJf9m7QqJp4AaABAg,mYivERVT1-g,टीम इंडिया हार,Negative,0,train
UgzJkTOEMbOQABH5Ks14AaABAg,nhqQWXNdivo,एमएस धोनी,Positive,2,train
UgyKd6zzDqNw1GleaIJ4AaABAg,FwW1nVvr_B8,विराट कोहली,Negative,0,train
UgxP1g5E_A5US4Jokm54AaABAg,mEOBGY4-7JA,क्रिकेट हाइलाइट्स हिंदी,Neutral,1,train
Ugw54zMEvuz1LP9_LvB4AaABAg,WIIvp8MWfCg,हॉकी इंडिया,Negative,0,train
UgzOyAM7b8i5vaF3C5d4AaABAg,0cz5ryoqeK8,ओलंपिक भारत हिंदी,Positive,2,train
UgzAMvwLHv0yb9gVwL94AaABAg,CVRuytf_zm8,नीरज चोपड़ा,Negative,0,train
UgxrCQKJLQpje8HzsAl4AaABAg,cgTIgkM2iyI,टीम इंडिया जीत,Positive,2,train
UgwSJsNShOBtu7T04_54AaABAg,ReVTGCbDzfw,टीम इंडिया जीत,Positive,2,train
UgxgCv-sGSdWJM9eTwZ4AaABAg,RiFzSORKO8o,खेल समाचार हिंदी,Neutral,1,train
UgwQxE6IfFixv7N_q5d4AaABAg,CVRuytf_zm8,नीरज चोपड़ा,Neutral,1,train
Ugzy4dwBinVeDAM1jZ54AaABAg,nFxie8HZvyk,शुभमन गिल,Negative,0,train
Ugzo0WzQtJT_klx1Et54AaABAg,CNJ88yD7BDI,रोहित शर्मा,Positive,2,train
UgxKByNNZzIbgFnBuyR4AaABAg,uSGCAJS6qWg,भारत बनाम पाकिस्तान क्रिकेट,Negative,0,train
UgyCLTbBrPU_Yl3DrHN4AaABAg,wY6UyatwVTA,क्रिकेट हाइलाइट्स हिंदी,Negative,0,train
UgxmFYpvEHutJ0LVz814AaABAg,mYivERVT1-g,टीम इंडिया हार,Negative,0,train
UgxAnXoThQNZk8DIJi54AaABAg,R7RjpLJnIQc,विनेश फोगाट कुश्ती,Negative,0,train
Ugwpx15c-yVeBUNDotR4AaABAg,0xI6LADDw3A,टीम इंडिया हार,Negative,0,train
Ugwl9gJRfk-dfln-sOp4AaABAg,5dr3VzpoMfM,टीम इंडिया जीत,Positive,2,train
UgyqteIpX6rpIHmOxTx4AaABAg,H7q7q1IwEY4,क्रिकेट हाइलाइट्स हिंदी,Positive,2,train
Ugy6hRnG5BQCk1f18s54AaABAg,WIIvp8MWfCg,हॉकी इंडिया,Negative,0,train
UgyRz_6LzmVS0X2RQst4AaABAg,5iasPyNE1UA,नीरज चोपड़ा,Neutral,1,train
UgyeUAOpYocVWSgZu3h4AaABAg,0xI6LADDw3A,टीम इंडिया हार,Negative,0,train
UgxeLz6911-658p38t14AaABAg,-VPYd0WqOAM,टीम इंडिया हार,Negative,0,train
UgwMnaW3o6d1gr2oo0p4AaABAg,DhxtvDzaBg0,टीम इंडिया हार,Neutral,1,train
UgztvOQT3YRbKDdb7up4AaABAg,vXsioE-C9wM,खेल समाचार हिंदी,Negative,0,train
UgzDhMzcWtg2WJ19kGt4AaABAg,fsRKvb9qRx8,शुभमन गिल,Negative,0,train
UgykFyIXv25_7gZkFZd4AaABAg,JxdXGM-vPWM,विनेश फोगाट कुश्ती,Positive,2,train
UgxMasWbjByKuEyVOBV4AaABAg,oG_9wSDdcFM,एमएस धोनी,Positive,2,train
Ugypj_V83rV-1DsAWeZ4AaABAg,CVRuytf_zm8,नीरज चोपड़ा,Positive,2,train
UgyTDCL2GWevLtPXI_x4AaABAg,m6TaFjvrsqE,टीम इंडिया हार,Positive,2,train
UgwIyRb-qN-I59zo-wZ4AaABAg,Z2K0CgHzNW8,ओलंपिक भारत हिंदी,Positive,2,train
UgxXuPm6LSDnxfpuMNF4AaABAg,mX1xtHVM-vk,विराट कोहली,Positive,2,train
Ugx53mg6KVK5xEuXgsl4AaABAg,LLNdaQd5rMY,रोहित शर्मा,Positive,2,train
UgyZO89Pr8zVXap-uk94AaABAg,wg1m1TWI0KI,रोहित शर्मा,Positive,2,train
UgweszcFtMCYsGCNDth4AaABAg,nFxie8HZvyk,शुभमन गिल,Negative,0,train
UgyvG451ZkNJPgOGheh4AaABAg,RiFzSORKO8o,खेल समाचार हिंदी,Negative,0,train
Ugy5U2O8u5FgP2F0ea54AaABAg,luSat_G-U64,विनेश फोगाट कुश्ती,Positive,2,train
UgwgoFfz5XY3jkg1dht4AaABAg,FwW1nVvr_B8,विराट कोहली,Negative,0,train
Ugw4rbGJyoNRxwMdhox4AaABAg,IlDcNvSuu3I,खेल समाचार हिंदी,Negative,0,train
UgwVsEIHpM3fEE6-Ded4AaABAg,RiFzSORKO8o,खेल समाचार हिंदी,Negative,0,train
UgxwY11HrcTAsDHcD1p4AaABAg,7Yt5Xpnvl6s,खेल समाचार हिंदी,Negative,0,train
UgwDpG0APc9ySF1Qzmd4AaABAg,TRtlo-1sKSU,टीम इंडिया हार,Positive,2,train
UgzWwxE8YMqgeNgud5d4AaABAg,eHHRTfEOCSk,विराट कोहली,Negative,0,train
Ugzf_sX9bInQofcEpJV4AaABAg,vXsioE-C9wM,खेल समाचार हिंदी,Neutral,1,train
UgyV1D_sHdqLF1pg3rt4AaABAg,ReVTGCbDzfw,टीम इंडिया जीत,Positive,2,train
UgwKgTip8TyiwNlJIhd4AaABAg,rW_fwcmyIfk,नीरज चोपड़ा,Positive,2,train
Ugxi--cDaXBL6pteiV94AaABAg,mYivERVT1-g,टीम इंडिया हार,Negative,0,train
UgyJCNXTmK9gGzAcuB14AaABAg,cai5ZdxxLNE,नीरज चोपड़ा,Neutral,1,train
Ugx4BMmMeMBU5UXLdCZ4AaABAg,d93flq_4BKY,शुभमन गिल,Neutral,1,train
UgxcuBBU6nA7vdQpo6F4AaABAg,H7q7q1IwEY4,क्रिकेट हाइलाइट्स हिंदी,Neutral,1,train
Ugw566HiRMq4Ydoq3Ox4AaABAg,LLNdaQd5rMY,रोहित शर्मा,Positive,2,train
UgwGBZF2B1ftIn2YMC14AaABAg,FwW1nVvr_B8,विराट कोहली,Negative,0,train
UgzKiiB0WApxvopxBb94AaABAg,WIIvp8MWfCg,हॉकी इंडिया,Negative,0,train
UgyUodzB4f5LCvLq39R4AaABAg,d93flq_4BKY,शुभमन गिल,Neutral,1,train
UgwJ3kM2feFLmvCxpA94AaABAg,mYivERVT1-g,टीम इंडिया हार,Negative,0,train
UgyGMfM75Fahoe8bMVp4AaABAg,VLmkv3PLjlc,रोहित शर्मा,Positive,2,train
Ugw4OEnQM2nqmcOkiUV4AaABAg,X4OB4-Itx8E,विनेश फोगाट कुश्ती,Negative,0,train
UgwakkO90IaZQ0Ppjsd4AaABAg,wY6UyatwVTA,क्रिकेट हाइलाइट्स हिंदी,Negative,0,train
UgznwzSxr6Cbqi02l1R4AaABAg,fsRKvb9qRx8,शुभमन गिल,Negative,0,train
Ugx1LKDtR2GCJsjFMQ14AaABAg,vXsioE-C9wM,खेल समाचार हिंदी,Negative,0,train
Ugx-BBXF12Qdc2JEpWp4AaABAg,nFxie8HZvyk,शुभमन गिल,Negative,0,train
Ugw6cTqoImlAUiBYxXl4AaABAg,d93flq_4BKY,शुभमन गिल,Positive,2,train
UgwtCh8ETP0Hhktqwfp4AaABAg,nFxie8HZvyk,शुभमन गिल,Neutral,1,train
UgxayjaHOCNH4wrxck54AaABAg,fzOVeNcFT3Q,भारत बनाम पाकिस्तान क्रिकेट,Positive,2,train
UgyK4c9DHgsCovEQFZV4AaABAg,mYivERVT1-g,टीम इंडिया हार,Negative,0,train
UgzF35AIo7lXRVIIwsJ4AaABAg,DhxtvDzaBg0,टीम इंडिया हार,Negative,0,train
Ugz0EqNgaJAoxyQKSuV4AaABAg,LDwhd2nI1eA,ओलंपिक भारत हिंदी,Positive,2,train
Ugyz9HIzhad1aaR9wJF4AaABAg,WIIvp8MWfCg,हॉकी इंडिया,Negative,0,train
UgzbHY5htAM3n3v7lL14AaABAg,0xI6LADDw3A,टीम इंडिया हार,Negative,0,train
UgxGiktPQ7WCasAAlnF4AaABAg,CVRuytf_zm8,नीरज चोपड़ा,Neutral,1,train
UgwEzBLNa7qYZh85vZ54AaABAg,X4OB4-Itx8E,विनेश फोगाट कुश्ती,Negative,0,train
UgzX90Jw4uHPaY11Pr94AaABAg,d93flq_4BKY,शुभमन गिल,Negative,0,train
UgxgulfXF3N2mWXZpwZ4AaABAg,7Yt5Xpnvl6s,खेल समाचार हिंदी,Negative,0,train
UgxibqEEYOD_XcxMoX14AaABAg,LDwhd2nI1eA,ओलंपिक भारत हिंदी,Negative,0,train
UgylpHGqteIBt1aqoXh4AaABAg,X4OB4-Itx8E,विनेश फोगाट कुश्ती,Positive,2,train
UgxtkXis660P6IMrV_N4AaABAg,j0GPS4-Hzjs,टीम इंडिया हार,Positive,2,train
UgxSYBl1_2V-bR1cI-l4AaABAg,CVRuytf_zm8,नीरज चोपड़ा,Neutral,1,train
UgwgwN4Y3Q9Op6J4NGp4AaABAg,mYivERVT1-g,टीम इंडिया हार,Positive,2,train
UgyNwupgfqbGIvW9LAJ4AaABAg,ReVTGCbDzfw,टीम इंडिया जीत,Positive,2,train
UgwF8uokefOPBDNWQxp4AaABAg,CVRuytf_zm8,नीरज चोपड़ा,Positive,2,train
UgzkWOoeBdONeADxnIJ4AaABAg,XqH6_0ocQRE,शुभमन गिल,Positive,2,train
UgyyaMdMaQd8RERgO-h4AaABAg,hHfPkMCbSh8,एमएस धोनी,Positive,2,train
UgyYAKctBE4njoCVJhF4AaABAg,FwW1nVvr_B8,विराट कोहली,Positive,2,train
Ugz98PCProVGtmuw_LV4AaABAg,m6TaFjvrsqE,टीम इंडिया हार,Negative,0,train
UgzPLQ2bbESFCCZHxSx4AaABAg,m6TaFjvrsqE,टीम इंडिया हार,Neutral,1,train
Ugxn2iFE7G88GLomLY54AaABAg,-VPYd0WqOAM,टीम इंडिया हार,Neutral,1,train
UgwReGC7MQ-8WwSwv0h4AaABAg,0xI6LADDw3A,टीम इंडिया हार,Negative,0,train
UgwoI82PCwNduLTbm6h4AaABAg,RRdg44agPoU,विनेश फोगाट कुश्ती,Positive,2,train
UgzAYZ2CC3tc1nATLUx4AaABAg,ReVTGCbDzfw,टीम इंडिया जीत,Positive,2,train
Ugyft9R8SpbmJbMjDqd4AaABAg,RiFzSORKO8o,खेल समाचार हिंदी,Negative,0,train
Ugx51q4tY4zEaZwcaBV4AaABAg,7Yt5Xpnvl6s,खेल समाचार हिंदी,Negative,0,train
UgyOXlxFB8ZLQDStQ494AaABAg,amMJfaB5dXo,क्रिकेट हाइलाइट्स हिंदी,Positive,2,train
Ugx2CRokmMRSmOsUpS94AaABAg,LDwhd2nI1eA,ओलंपिक भारत हिंदी,Positive,2,train
UgwWM5HlWt64rbuTYm14AaABAg,VLmkv3PLjlc,रोहित शर्मा,Negative,0,train
Ugz79VHu1lg1o-nCPAR4AaABAg,eHHRTfEOCSk,विराट कोहली,Positive,2,train
UgzVRDglV-qkhQ2vhv14AaABAg,X4OB4-Itx8E,विनेश फोगाट कुश्ती,Positive,2,train
UgyrQiG2TxVlHlVAiWB4AaABAg,5dr3VzpoMfM,टीम इंडिया जीत,Negative,0,train
UgzI0zOTiidjM3ja6Dx4AaABAg,fsRKvb9qRx8,शुभमन गिल,Positive,2,train
UgwUaUlOg7vPaSMTAft4AaABAg,RiFzSORKO8o,खेल समाचार हिंदी,Negative,0,train
UgyEURT1lIq08jxEasp4AaABAg,p5oIGfizFBk,हॉकी इंडिया,Positive,2,train
UgxqOPJQxxi85t9FvjF4AaABAg,FwW1nVvr_B8,विराट कोहली,Negative,0,train
UgybYIS0oe2MeGQ1-OV4AaABAg,6vlujRLmTjM,विनेश फोगाट कुश्ती,Negative,0,train
Ugwu3y2_DoNA1MqCzzR4AaABAg,EY41X9sfxlA,आईपीएल हाइलाइट्स हिंदी,Negative,0,train
Ugwl6VCYJ4U5ph9W_CJ4AaABAg,cgTIgkM2iyI,टीम इंडिया जीत,Negative,0,train
UgyCtnmSZ9U16-hu8nF4AaABAg,M-0urWcOEqk,प्रो कबड्डी,Negative,0,train
UgzROJKlfw4xXKt9Hsx4AaABAg,OawmHMda9fQ,विराट कोहली,Positive,2,train
UgzE6sSxYU7dHOnUhuB4AaABAg,m6TaFjvrsqE,टीम इंडिया हार,Negative,0,train
Ugw0wH5KBY-Oo24ZIxl4AaABAg,5iasPyNE1UA,नीरज चोपड़ा,Negative,0,train
UgxGug8TUzWHr1wt-4Z4AaABAg,oG_9wSDdcFM,एमएस धोनी,Negative,0,train
UgzUBNjoDrUsMvcDWEN4AaABAg,DhxtvDzaBg0,टीम इंडिया हार,Neutral,1,train
UgzfWlSpcI6PtKVHSz14AaABAg,Fq6mlKQPpAM,नीरज चोपड़ा,Neutral,1,train
Ugy4fzNIsFVhr6QAYIB4AaABAg,XqH6_0ocQRE,शुभमन गिल,Negative,0,train
Ugzd2vqt8SfQaj3xH4t4AaABAg,ReVTGCbDzfw,टीम इंडिया जीत,Positive,2,train
Ugy4y1YENCchSoimEdd4AaABAg,7Yt5Xpnvl6s,खेल समाचार हिंदी,Negative,0,train
UgzjD5xFnJWIJtDGdOt4AaABAg,LLNdaQd5rMY,रोहित शर्मा,Positive,2,train
UgxoSKog5mqG5sudqHJ4AaABAg,nFxie8HZvyk,शुभमन गिल,Negative,0,train
Ugzc0IVqpOWjzMENi-R4AaABAg,N_10nNqwU0Y,नीरज चोपड़ा,Neutral,1,train
UgwgYru_oLH742_e5Sx4AaABAg,5dr3VzpoMfM,टीम इंडिया जीत,Positive,2,train
UgyMoo6JSP-kSv7hUcx4AaABAg,RRdg44agPoU,विनेश फोगाट कुश्ती,Neutral,1,train
Ugylwoi1FkNBksAX1B54AaABAg,vXsioE-C9wM,खेल समाचार हिंदी,Negative,0,train
UgxZwFb7t_LNBMU6lOZ4AaABAg,nhqQWXNdivo,एमएस धोनी,Positive,2,train
UgzGudIvgtAmSgeGSC54AaABAg,nFxie8HZvyk,शुभमन गिल,Negative,0,train
UgxGxVAEscbIEMCoFQZ4AaABAg,VRNVxhlPvBE,एमएस धोनी,Positive,2,train
UgwTcngIk4s29CK3xSR4AaABAg,mYivERVT1-g,टीम इंडिया हार,Negative,0,train
Ugw9ZZAsdG0cLaWRhLV4AaABAg,nFxie8HZvyk,शुभमन गिल,Positive,2,train
UgwtBQq2fDogJ4axA654AaABAg,mYivERVT1-g,टीम इंडिया हार,Negative,0,train
UgwaqAbMcGffz-7LmGB4AaABAg,JxdXGM-vPWM,विनेश फोगाट कुश्ती,Positive,2,train
Ugy22JIXMYvU2uZW7314AaABAg,FUPfVqR5Hys,रोहित शर्मा,Positive,2,train
UgzWj-aU2jJrFLoxe654AaABAg,4TOuvu8C5y4,टीम इंडिया जीत,Positive,2,train
Ugw9LRkREQDxaisZ4Wt4AaABAg,30ym5bs64EM,टीम इंडिया जीत,Negative,0,train
Ugwgv6TJAr1IFLXhejF4AaABAg,fzOVeNcFT3Q,भारत बनाम पाकिस्तान क्रिकेट,Positive,2,train
UgzC5CIUCvW-RmxklY54AaABAg,-96tVt9zZ8M,खेल समाचार हिंदी,Negative,0,train
UgzkRPNCUhHiKnh033N4AaABAg,RiFzSORKO8o,खेल समाचार हिंदी,Negative,0,train
UgxxqhwpX1yEDE7p9cN4AaABAg,xmg7vO6GCWU,रोहित शर्मा,Positive,2,train
UgyATrpAH_sDZT6wQzx4AaABAg,nFxie8HZvyk,शुभमन गिल,Negative,0,train
Ugz2mTecWQjxjVlOZeh4AaABAg,blu3Ez0VSSE,एमएस धोनी,Positive,2,train
Ugy4r9AqYI9PYIunChB4AaABAg,Ustiji6bVus,ओलंपिक भारत हिंदी,Negative,0,train
UgwAa3oPuHtxdnC6owZ4AaABAg,j0GPS4-Hzjs,टीम इंडिया हार,Positive,2,train
Ugz4qeoDcByDgPRytMl4AaABAg,mEOBGY4-7JA,क्रिकेट हाइलाइट्स हिंदी,Neutral,1,train
UgxlBEqE9EQFvFka5a94AaABAg,vXsioE-C9wM,खेल समाचार हिंदी,Negative,0,train
UgyWg4JQK2NAFDR0-294AaABAg,7Yt5Xpnvl6s,खेल समाचार हिंदी,Negative,0,train
UgzAQs334ltIBdwXkTd4AaABAg,VLmkv3PLjlc,रोहित शर्मा,Negative,0,train
Ugxqlqg5axmP-99LSgd4AaABAg,rDyUKfq7B-g,विनेश फोगाट कुश्ती,Positive,2,train
UgzBSLsjUXFQzMkl6cp4AaABAg,TRtlo-1sKSU,टीम इंडिया हार,Negative,0,train
UgwDb6N5N9SKws4EjEJ4AaABAg,FwW1nVvr_B8,विराट कोहली,Positive,2,train
Ugy_xIX_JmqqbMdRAcx4AaABAg,H7q7q1IwEY4,क्रिकेट हाइलाइट्स हिंदी,Neutral,1,train
Ugw1fV_-txFmGru8OXt4AaABAg,RiFzSORKO8o,खेल समाचार हिंदी,Positive,2,train
UgwEhoNRitn6yieZKoZ4AaABAg,oZUpj8GYbIY,प्रो कबड्डी,Positive,2,train
UgxxCh0L9NatyvJbKzx4AaABAg,WIIvp8MWfCg,हॉकी इंडिया,Negative,0,train
UgwHC9sDRTSiqqhMaSt4AaABAg,6vlujRLmTjM,विनेश फोगाट कुश्ती,Negative,0,train
Ugx6n8_I4ooFYCxrSvF4AaABAg,m6TaFjvrsqE,टीम इंडिया हार,Positive,2,train
UgxsTE8iiNQONwJ-fR54AaABAg,p5oIGfizFBk,हॉकी इंडिया,Positive,2,train
UgzlH7zfFcm_hBie2GF4AaABAg,mYivERVT1-g,टीम इंडिया हार,Positive,2,train
UgzBn5yCN73GEqjzQwJ4AaABAg,fP2OioK7nXk,हॉकी इंडिया,Positive,2,train
UgyyPN8aab21GozEWmF4AaABAg,oG_9wSDdcFM,एमएस धोनी,Positive,2,train
UgxdJOo0FgW9ILi_Pqt4AaABAg,Fq6mlKQPpAM,नीरज चोपड़ा,Neutral,1,train
UgwDtJaiWvpM6InpiAx4AaABAg,d93flq_4BKY,शुभमन गिल,Neutral,1,train
UgwV1YhpWDU83LkW2YZ4AaABAg,7Yt5Xpnvl6s,खेल समाचार हिंदी,Negative,0,train
Ugx8WQqjAJ0tzGRZmzx4AaABAg,5dr3VzpoMfM,टीम इंडिया जीत,Positive,2,train
UgxCobKfo1NVEDytYD14AaABAg,j0GPS4-Hzjs,टीम इंडिया हार,Negative,0,train
Ugzp1oM_Er6UUwaSRZ14AaABAg,p5oIGfizFBk,हॉकी इंडिया,Positive,2,train
Ugy3oSCKriO0InHUoKR4AaABAg,j0GPS4-Hzjs,टीम इंडिया हार,Positive,2,train
Ugw9K4jbCLX-OYTJmVZ4AaABAg,FwW1nVvr_B8,विराट कोहली,Negative,0,train
UgwO1VE5e14FMDwB7Ul4AaABAg,AFEZzf9_EHk,क्रिकेट हाइलाइट्स हिंदी,Neutral,1,train
Ugzer0V4ZNkQYYrBftd4AaABAg,wg1m1TWI0KI,रोहित शर्मा,Positive,2,train
UgxFHSM-DplMCVld_kd4AaABAg,mYivERVT1-g,टीम इंडिया हार,Negative,0,train
UgzZyzW_gVgf-xyLabt4AaABAg,6vlujRLmTjM,विनेश फोगाट कुश्ती,Positive,2,train
UgxDgAJ_6iUCq2Lw1gJ4AaABAg,VRNVxhlPvBE,एमएस धोनी,Positive,2,train
UgxdgxTpqoIs5Pio-RZ4AaABAg,m6TaFjvrsqE,टीम इंडिया हार,Negative,0,train
Ugzan-VJEFVPdSi6lLZ4AaABAg,mYivERVT1-g,टीम इंडिया हार,Negative,0,train
Ugxz0G0M8HmE8mFpxqd4AaABAg,j0GPS4-Hzjs,टीम इंडिया हार,Positive,2,train
Ugw9AIWq86JqqqBkUqd4AaABAg,WIIvp8MWfCg,हॉकी इंडिया,Negative,0,train
UgwNVMGp77rg1cwveXx4AaABAg,0xI6LADDw3A,टीम इंडिया हार,Negative,0,train
Ugyxkcx2mMKRBXPC4A94AaABAg,DhxtvDzaBg0,टीम इंडिया हार,Negative,0,train
UgzcCrvonIutQq8fkZZ4AaABAg,-VPYd0WqOAM,टीम इंडिया हार,Negative,0,train
UgywLTrskhVrbu6h30l4AaABAg,p5oIGfizFBk,हॉकी इंडिया,Positive,2,train
Ugwy_8JGZnR6-R30gl54AaABAg,R7RjpLJnIQc,विनेश फोगाट कुश्ती,Positive,2,train
UgykcP9OYYl_ZUtjtNZ4AaABAg,5dr3VzpoMfM,टीम इंडिया जीत,Negative,0,train
Ugwc-ol0ADEek_td_q94AaABAg,X4OB4-Itx8E,विनेश फोगाट कुश्ती,Negative,0,train
UgyODPwbuRYTXFdSflJ4AaABAg,hwbvv0ekeu8,पीवी सिंधु बैडमिंटन,Negative,0,train
UgwYVzXdAY5HZvPx3uN4AaABAg,mYivERVT1-g,टीम इंडिया हार,Negative,0,train
UgwnNy59aVnxfmCS7Up4AaABAg,ReVTGCbDzfw,टीम इंडिया जीत,Positive,2,train
UgwM9ZLtcWQOQUR_yEZ4AaABAg,2u70UbLyO0s,विराट कोहली,Negative,0,train
UgwcjbX1vVIh_N4DMu94AaABAg,LLNdaQd5rMY,रोहित शर्मा,Positive,2,train
UgyjXn_UUKZJ3_24vU54AaABAg,LLNdaQd5rMY,रोहित शर्मा,Neutral,1,train
UgwoYgHndXhXlfUxjV54AaABAg,Fq6mlKQPpAM,नीरज चोपड़ा,Positive,2,train
UgybW2VNyeo_1r3-WOl4AaABAg,hHfPkMCbSh8,एमएस धोनी,Neutral,1,train
Ugyx68GLkednF7W6XMR4AaABAg,MUPrf3FIq3g,एमएस धोनी,Negative,0,train
UgwNnlLcochxmBXQADN4AaABAg,AFEZzf9_EHk,क्रिकेट हाइलाइट्स हिंदी,Positive,2,train
UgzKuO_kwR0G3XKaDUF4AaABAg,fzOVeNcFT3Q,भारत बनाम पाकिस्तान क्रिकेट,Negative,0,train
Ugx3Sj5c0Lhg16C96Lp4AaABAg,yFlarM35vxA,क्रिकेट विश्लेषण हिंदी,Positive,2,train
Ugz7yqg2VzFR3TkLo5F4AaABAg,cgTIgkM2iyI,टीम इंडिया जीत,Positive,2,train
UgyEcshj297M6SF1sQt4AaABAg,m6TaFjvrsqE,टीम इंडिया हार,Positive,2,train
Ugzxs4YBfiD-ClyIneF4AaABAg,5XtX8Lezjg4,ओलंपिक भारत हिंदी,Negative,0,train
UgyW2IezvF_Sk83jFpF4AaABAg,HucIqi8Lw3E,पीवी सिंधु बैडमिंटन,Positive,2,train
UgxfvhxqW8V1hOftol14AaABAg,7Yt5Xpnvl6s,खेल समाचार हिंदी,Negative,0,train
UgwnYQq2pfeFdYKe4i14AaABAg,fP2OioK7nXk,हॉकी इंडिया,Positive,2,train
Ugy6GlwRNQ7rD_epdE94AaABAg,nFxie8HZvyk,शुभमन गिल,Negative,0,train
UgzPjTYk5Rmd1rl1Esx4AaABAg,ReVTGCbDzfw,टीम इंडिया जीत,Negative,0,train
UgwBsQdezPW1y5cEtPN4AaABAg,fzOVeNcFT3Q,भारत बनाम पाकिस्तान क्रिकेट,Positive,2,train
UgxHyKmouu8JyE8ICIl4AaABAg,RiFzSORKO8o,खेल समाचार हिंदी,Negative,0,train
UgyH6EJKHRsZmAZN1Ox4AaABAg,CVRuytf_zm8,नीरज चोपड़ा,Neutral,1,train
Ugz7hQeJ6EpU2j1ve2N4AaABAg,mYivERVT1-g,टीम इंडिया हार,Negative,0,train
UgxlyHVu5CHBqgHwk1N4AaABAg,nFxie8HZvyk,शुभमन गिल,Neutral,1,train
UgxQtvnKG6NUteMfvO94AaABAg,mYivERVT1-g,टीम इंडिया हार,Negative,0,train
UgxNolwXXvzm9hq6iD14AaABAg,cgTIgkM2iyI,टीम इंडिया जीत,Positive,2,train
UgyyUhBrxRwXNhnaRxR4AaABAg,LDwhd2nI1eA,ओलंपिक भारत हिंदी,Positive,2,train
Ugx4wBGOVyrIrLMwe4l4AaABAg,FR2SkETgQ0o,विनेश फोगाट कुश्ती,Positive,2,train
UgxVIafZ519vOfduspl4AaABAg,rW_fwcmyIfk,नीरज चोपड़ा,Positive,2,train
UgwhAdgFv57hw975kgV4AaABAg,XqH6_0ocQRE,शुभमन गिल,Positive,2,train
Ugw5TaWYEg2WvZpF_tN4AaABAg,X4OB4-Itx8E,विनेश फोगाट कुश्ती,Negative,0,train
UgzojQITZVzckq7mi9h4AaABAg,7Yt5Xpnvl6s,खेल समाचार हिंदी,Neutral,1,train
UgyJwCoYg5S-3ZBa5bZ4AaABAg,MUPrf3FIq3g,एमएस धोनी,Negative,0,train
Ugx0jSkgt0u9br781qh4AaABAg,FR2SkETgQ0o,विनेश फोगाट कुश्ती,Positive,2,train
UgymJmMIxtIufG3K7WN4AaABAg,m6TaFjvrsqE,टीम इंडिया हार,Positive,2,train
UgwmrOyPrdS-glSWNdx4AaABAg,5iasPyNE1UA,नीरज चोपड़ा,Positive,2,train
UgwnZ2GhGVgoz9wA7f94AaABAg,7Yt5Xpnvl6s,खेल समाचार हिंदी,Negative,0,train
UgyafrQc_1XydxBQth14AaABAg,nFxie8HZvyk,शुभमन गिल,Negative,0,train
UgxeTm4fbt61PQhWQHx4AaABAg,5dr3VzpoMfM,टीम इंडिया जीत,Positive,2,train
Ugw_dAhKk4kj1HpWSNh4AaABAg,0xI6LADDw3A,टीम इंडिया हार,Negative,0,train
Ugz3I6sXnqm9Peen5Sl4AaABAg,FwW1nVvr_B8,विराट कोहली,Negative,0,train
UgwSZdKTh8Pcg12523l4AaABAg,H7q7q1IwEY4,क्रिकेट हाइलाइट्स हिंदी,Neutral,1,train
UgwHFwL6Gm9ibV1mk7x4AaABAg,6vlujRLmTjM,विनेश फोगाट कुश्ती,Positive,2,train
UgwFcs--4r6Xw1QX-4V4AaABAg,hHfPkMCbSh8,एमएस धोनी,Negative,0,train
UgzSwrN-L48KPYLaPCp4AaABAg,ZHhSJE60rvg,पीवी सिंधु बैडमिंटन,Positive,2,train
Ugyl42aJuYCJY99s-2R4AaABAg,fP2OioK7nXk,हॉकी इंडिया,Positive,2,train
UgzlN-fHCuK1U9uZexN4AaABAg,VLmkv3PLjlc,रोहित शर्मा,Negative,0,train
UgzD5EWBQP1Kih6wnpp4AaABAg,nFxie8HZvyk,शुभमन गिल,Negative,0,train
UgzVJmxoUqmlNPXcdkV4AaABAg,d93flq_4BKY,शुभमन गिल,Negative,0,train
UgzimA0R5Gy4CugDWQx4AaABAg,X4OB4-Itx8E,विनेश फोगाट कुश्ती,Positive,2,train
Ugz4yvMYKjDLaIRUcK14AaABAg,CVRuytf_zm8,नीरज चोपड़ा,Neutral,1,train
UgyRZJiJ-0RsgNPeI4t4AaABAg,e9zG2ooGDfc,विराट कोहली,Negative,0,train
UgxpShVvE8knaLN7t-x4AaABAg,M-0urWcOEqk,प्रो कबड्डी,Neutral,1,train
Ugxgy-aov_hu6t2X1NB4AaABAg,m6TaFjvrsqE,टीम इंडिया हार,Negative,0,train
UgyrAxABYBqn3zCu-4l4AaABAg,WIIvp8MWfCg,हॉकी इंडिया,Negative,0,train
UgwWsXVVhebJQ54OUzJ4AaABAg,tHrYQb2n6MQ,क्रिकेट हाइलाइट्स हिंदी,Positive,2,train
Ugyp1HP707n-rKg9miB4AaABAg,luSat_G-U64,विनेश फोगाट कुश्ती,Negative,0,train
UgzL6Bs4U72-UM7FSat4AaABAg,_fZYUtRgYRQ,भारत बनाम पाकिस्तान क्रिकेट,Negative,0,train
UgxBmTMjaNp52dsw5gl4AaABAg,mYivERVT1-g,टीम इंडिया हार,Negative,0,train
UgwbHSo1N5bzQzMAJeJ4AaABAg,WIIvp8MWfCg,हॉकी इंडिया,Negative,0,train
UgzEjlCQXwf4bGvpQm94AaABAg,DhxtvDzaBg0,टीम इंडिया हार,Negative,0,train
UgwouTPEGF_Hstx5NzB4AaABAg,WwSyB8yo2XI,भारत बनाम पाकिस्तान क्रिकेट,Positive,2,train
Ugx7NDFVBFCUADcTS3R4AaABAg,vXsioE-C9wM,खेल समाचार हिंदी,Negative,0,train
UgzcXlu-9Yuy-x2r_0p4AaABAg,hHfPkMCbSh8,एमएस धोनी,Positive,2,train
UgyzuujTAWp5qQoXNzF4AaABAg,7Yt5Xpnvl6s,खेल समाचार हिंदी,Negative,0,train
UgzqD-3IsiKcSkp3nzd4AaABAg,fsRKvb9qRx8,शुभमन गिल,Neutral,1,train
UgyeXpxuoKOAJ0TcD0h4AaABAg,DhxtvDzaBg0,टीम इंडिया हार,Neutral,1,train
Ugw2rwKzm1FJkSd15694AaABAg,WIIvp8MWfCg,हॉकी इंडिया,Negative,0,train
UgzgljU5_N9DwZqZur54AaABAg,JxdXGM-vPWM,विनेश फोगाट कुश्ती,Positive,2,train
UgxuDUUCvgvyp5XNKxJ4AaABAg,HsysMuOxlc8,टीम इंडिया हार,Negative,0,train
UgwippvwJRCNOhlcbgN4AaABAg,mYivERVT1-g,टीम इंडिया हार,Negative,0,train
Ugy5v0rCyhq8ah7OR554AaABAg,PUsmivLvT_I,विनेश फोगाट कुश्ती,Positive,2,train
UgyBJbYaHK6XQEK3pB14AaABAg,cgTIgkM2iyI,टीम इंडिया जीत,Negative,0,train
UgwSvzeoc2b3nLeTn5p4AaABAg,d93flq_4BKY,शुभमन गिल,Negative,0,train
UgwnSyxVeLNMThMjhlt4AaABAg,WIIvp8MWfCg,हॉकी इंडिया,Negative,0,train
UgwCkXVfISGphEyvddp4AaABAg,msAzQ1p3lTA,रोहित शर्मा,Neutral,1,train
UgwfggqcjF1QglBWWcd4AaABAg,mYivERVT1-g,टीम इंडिया हार,Negative,0,train
UgwHUBaBar-XYhQ2Clx4AaABAg,zryGpo3FQZY,एशिया कप हिंदी,Neutral,1,train
Ugx66-M0dndvbczQ-mB4AaABAg,AFEZzf9_EHk,क्रिकेट हाइलाइट्स हिंदी,Neutral,1,train
Ugx6LMlw8SCLm7d8uGV4AaABAg,nFxie8HZvyk,शुभमन गिल,Negative,0,train
Ugxv16FLjsrkCji0wO14AaABAg,6vlujRLmTjM,विनेश फोगाट कुश्ती,Positive,2,train
UgyEHS4mHo5IIamcEUl4AaABAg,7Yt5Xpnvl6s,खेल समाचार हिंदी,Negative,0,train
UgzbhkVFoYjm3qYRVHJ4AaABAg,7Yt5Xpnvl6s,खेल समाचार हिंदी,Negative,0,train
UgxmHw_6a5YKSodeSy14AaABAg,m6TaFjvrsqE,टीम इंडिया हार,Negative,0,train
UgxgqiIV5tFjbaMzS3F4AaABAg,oZUpj8GYbIY,प्रो कबड्डी,Neutral,1,train
UgzLTSMvBYeX5DiO6jB4AaABAg,1U1WL5oju0M,पीवी सिंधु बैडमिंटन,Negative,0,train
UgwKX5r38dYIeVFaGFV4AaABAg,yZFCSDiAPBA,एमएस धोनी,Positive,2,train
Ugw47OBySsUW5inOvSV4AaABAg,fP2OioK7nXk,हॉकी इंडिया,Negative,0,train
UgyECeTW9_XhejPSbRZ4AaABAg,7Yt5Xpnvl6s,खेल समाचार हिंदी,Positive,2,train
UgySZ3XMgokgN4zGin94AaABAg,eKYNtBgMeSg,टीम इंडिया हार,Positive,2,train
UgxH_ii67fabSfB0ZNV4AaABAg,UQNLGJARdZM,एमएस धोनी,Positive,2,train
UgyDgOTU0H-nMjwqSUt4AaABAg,blu3Ez0VSSE,एमएस धोनी,Positive,2,train
UgypIzrbG9C4Bk9gyQF4AaABAg,nFxie8HZvyk,शुभमन गिल,Negative,0,train
UgyS3Jp9QJmC-X8E9QF4AaABAg,mYivERVT1-g,टीम इंडिया हार,Negative,0,train
Ugyypthp8NJmQrHs0f14AaABAg,HucIqi8Lw3E,पीवी सिंधु बैडमिंटन,Neutral,1,train
UgzLEktkleUg101k-zB4AaABAg,5dr3VzpoMfM,टीम इंडिया जीत,Negative,0,train
UgypSsZ0cgRk9D3d_B14AaABAg,5iasPyNE1UA,नीरज चोपड़ा,Positive,2,train
UgwquLup7pIZv0QfyY94AaABAg,iamDm4nxIlY,प्रो कबड्डी,Neutral,1,train
Ugz-FpC42NP5GkLGSPN4AaABAg,hHfPkMCbSh8,एमएस धोनी,Negative,0,train
UgwquJoxdqbslOXAfKB4AaABAg,5dr3VzpoMfM,टीम इंडिया जीत,Positive,2,train
UgxjjdGKPqVR9osSkvB4AaABAg,WIIvp8MWfCg,हॉकी इंडिया,Negative,0,train
UgzrXrn89goAnrmopa54AaABAg,MUPrf3FIq3g,एमएस धोनी,Neutral,1,train
Ugwal5ljJvkDDQUzkqV4AaABAg,uSGCAJS6qWg,भारत बनाम पाकिस्तान क्रिकेट,Negative,0,train
UgzspRfnfejY8MDm4J54AaABAg,MUPrf3FIq3g,एमएस धोनी,Negative,0,train
UgzAeaB6zGNGAVMQplx4AaABAg,X4OB4-Itx8E,विनेश फोगाट कुश्ती,Negative,0,train
Ugwv_bKOrXWq60Sy2hl4AaABAg,mYivERVT1-g,टीम इंडिया हार,Negative,0,train
UgyLrSTDvgdJ5LYUF-J4AaABAg,X4OB4-Itx8E,विनेश फोगाट कुश्ती,Negative,0,train
UgxQV_dQ51CBm1X-F_54AaABAg,cgTIgkM2iyI,टीम इंडिया जीत,Positive,2,train
UgyPmaj0hM8qpKv498F4AaABAg,VRNVxhlPvBE,एमएस धोनी,Positive,2,train
UgwiD-TWNLLv8QqjT0x4AaABAg,j0GPS4-Hzjs,टीम इंडिया हार,Negative,0,train
UgzdRWU1b0H66zDrpkh4AaABAg,LDwhd2nI1eA,ओलंपिक भारत हिंदी,Positive,2,train
UgwGvc73iHGE3lIg29B4AaABAg,mEOBGY4-7JA,क्रिकेट हाइलाइट्स हिंदी,Positive,2,train
UgydzZdH5IfHfeY3r-N4AaABAg,IlDcNvSuu3I,खेल समाचार हिंदी,Negative,0,train
Ugy_OVdLVRZ1uI1iB9d4AaABAg,6vlujRLmTjM,विनेश फोगाट कुश्ती,Neutral,1,train
UgxT3joHwW0w8gtbXeF4AaABAg,XqH6_0ocQRE,शुभमन गिल,Positive,2,train
UgzQiW2EfAJNiHlqANN4AaABAg,WIIvp8MWfCg,हॉकी इंडिया,Neutral,1,train
UgyxsxEJPwrMrA1wAkF4AaABAg,cgTIgkM2iyI,टीम इंडिया जीत,Negative,0,train
UgxnB3RNHwlwfOPCgPJ4AaABAg,nsguh1qsUY0,खेल समाचार हिंदी,Negative,0,train
UgxJ_UirY26hC9fWIjZ4AaABAg,CVRuytf_zm8,नीरज चोपड़ा,Neutral,1,train
UgxEwp3af0Mg-jz8sVZ4AaABAg,0cz5ryoqeK8,ओलंपिक भारत हिंदी,Neutral,1,train
Ugx1soXSpTxTGSHe7T94AaABAg,wg1m1TWI0KI,रोहित शर्मा,Positive,2,train
UgyjclU4uOGLlqRXRrd4AaABAg,xmg7vO6GCWU,रोहित शर्मा,Negative,0,train
Ugw-7Dud9B78W824o5l4AaABAg,luSat_G-U64,विनेश फोगाट कुश्ती,Positive,2,train
Ugw5izJ3FclupImiadd4AaABAg,H7q7q1IwEY4,क्रिकेट हाइलाइट्स हिंदी,Positive,2,train
UgwfJpInWyA6J_G2WKB4AaABAg,CVRuytf_zm8,नीरज चोपड़ा,Neutral,1,train
UgywkNproRuRvjv_lJB4AaABAg,fpmSOInFj4A,नीरज चोपड़ा,Positive,2,train
UgwrGgsYQFtWT2RyeZ54AaABAg,ReVTGCbDzfw,टीम इंडिया जीत,Positive,2,train
UgxxdUtsmnz4ZBnvT294AaABAg,luSat_G-U64,विनेश फोगाट कुश्ती,Positive,2,train
UgytWYqG4gGIBdsYmz54AaABAg,ReVTGCbDzfw,टीम इंडिया जीत,Positive,2,train
Ugw_TcF4NlvH0xJYFoV4AaABAg,LDwhd2nI1eA,ओलंपिक भारत हिंदी,Positive,2,train
UgzNO7Oy7N8cYr9A3dh4AaABAg,RiFzSORKO8o,खेल समाचार हिंदी,Negative,0,train
Ugxxxi4dIVx1DxCckc54AaABAg,5iasPyNE1UA,नीरज चोपड़ा,Positive,2,train
Ugw0cyr1-hGWqFzQ9hJ4AaABAg,j0GPS4-Hzjs,टीम इंडिया हार,Positive,2,train
UgwuLYp6IWggh7TtrS54AaABAg,rDyUKfq7B-g,विनेश फोगाट कुश्ती,Positive,2,train
Ugz1OyoALac5l1fc9mR4AaABAg,MAm0RLQpYas,भारत बनाम पाकिस्तान क्रिकेट,Positive,2,train
UgzuTNg3KwcMHf6YrsR4AaABAg,7Yt5Xpnvl6s,खेल समाचार हिंदी,Negative,0,train
UgwdVG0qOK-uzUetIjp4AaABAg,mEOBGY4-7JA,क्रिकेट हाइलाइट्स हिंदी,Neutral,1,train
UgwhU8DyJNFY_TeePQJ4AaABAg,mYivERVT1-g,टीम इंडिया हार,Negative,0,train
UgyGfMEiRYf6mrAOusl4AaABAg,CVRuytf_zm8,नीरज चोपड़ा,Neutral,1,train
Ugz8N9WIoi4_1tscs794AaABAg,vXsioE-C9wM,खेल समाचार हिंदी,Negative,0,train
UgyT_kI0TX4WQYHp1m54AaABAg,p5oIGfizFBk,हॉकी इंडिया,Positive,2,train
UgyPs95Sz_027ZwP_2l4AaABAg,msAzQ1p3lTA,रोहित शर्मा,Neutral,1,train
UgxWU3Xbu-RaIthXxXR4AaABAg,d93flq_4BKY,शुभमन गिल,Negative,0,train
Ugz6dUSsN1HIDa3urm14AaABAg,STZRr1H24og,क्रिकेट विश्लेषण हिंदी,Negative,0,train
UgwImTOf1-dlUwNUzZx4AaABAg,m6TaFjvrsqE,टीम इंडिया हार,Negative,0,train
UgzWzuwBgJmlGbGxcAB4AaABAg,d93flq_4BKY,शुभमन गिल,Negative,0,train
UgzW5FbMvKhJ6bunhRF4AaABAg,mEOBGY4-7JA,क्रिकेट हाइलाइट्स हिंदी,Positive,2,train
UgyxNBxs1LY94g6ADb54AaABAg,WIIvp8MWfCg,हॉकी इंडिया,Negative,0,train
UgyRyMbbsxLOwAclaSR4AaABAg,JxdXGM-vPWM,विनेश फोगाट कुश्ती,Positive,2,train
Ugw54ox57WtB4Q3SNkZ4AaABAg,e9zG2ooGDfc,विराट कोहली,Positive,2,train
UgzBpjRaXruy8brBHKN4AaABAg,CVRuytf_zm8,नीरज चोपड़ा,Negative,0,train
UgySUpHNHhNFnLPJjRN4AaABAg,uSGCAJS6qWg,भारत बनाम पाकिस्तान क्रिकेट,Negative,0,train
UgyCAMqUDcxARo07Pdt4AaABAg,nsguh1qsUY0,खेल समाचार हिंदी,Negative,0,train
UgxssDwoHUxSUCAijgl4AaABAg,mEOBGY4-7JA,क्रिकेट हाइलाइट्स हिंदी,Positive,2,train
UgzQ5xfDOHwHsxSezj54AaABAg,FwW1nVvr_B8,विराट कोहली,Negative,0,train
UgzQYmTM-k_7q89DYWh4AaABAg,eKYNtBgMeSg,टीम इंडिया हार,Neutral,1,train
UgyWohpX9T-jDyTaIOB4AaABAg,7Yt5Xpnvl6s,खेल समाचार हिंदी,Negative,0,train
UgzD4Bl4ufsPUbU_a7J4AaABAg,FUPfVqR5Hys,रोहित शर्मा,Positive,2,train
UgzKcOGOkUB2gIaa3yl4AaABAg,CVRuytf_zm8,नीरज चोपड़ा,Negative,0,train
UgzeFmgUcROAvFo-KEd4AaABAg,HheJON-C7Rs,शुभमन गिल,Positive,2,train
Ugy4ktrhSHPt1RaP-At4AaABAg,m6TaFjvrsqE,टीम इंडिया हार,Negative,0,train
UgwQ2LdtkOVa5v-0tOV4AaABAg,d93flq_4BKY,शुभमन गिल,Neutral,1,train
UgwbzmO3jM0Bv-5Z6S94AaABAg,m6TaFjvrsqE,टीम इंडिया हार,Negative,0,train
UgzYIxZXghhjf8zZr-N4AaABAg,e9zG2ooGDfc,विराट कोहली,Positive,2,train
UgyNqDRXws0nnwYa5ih4AaABAg,nFxie8HZvyk,शुभमन गिल,Negative,0,train
UgxYIkfyf32Uu4_HDUR4AaABAg,mYivERVT1-g,टीम इंडिया हार,Negative,0,train
UgxGF3JjDkhqymtp-rB4AaABAg,FUPfVqR5Hys,रोहित शर्मा,Positive,2,train
UgyVL74h8n0o4bUUfx94AaABAg,HheJON-C7Rs,शुभमन गिल,Positive,2,train
UgwvA8OtSJPMagjkDR54AaABAg,hHfPkMCbSh8,एमएस धोनी,Negative,0,train
Ugw_xLYRFOTG7Q1cw014AaABAg,fzOVeNcFT3Q,भारत बनाम पाकिस्तान क्रिकेट,Negative,0,train
UgyB8u_eXYQZkRpjdsB4AaABAg,5dr3VzpoMfM,टीम इंडिया जीत,Negative,0,train
Ugw_uz1sO0fxKnQMRrt4AaABAg,fP2OioK7nXk,हॉकी इंडिया,Positive,2,train
Ugx4di3lKhC28JegUq14AaABAg,m6TaFjvrsqE,टीम इंडिया हार,Positive,2,train
UgxfNcjlyRgn-WbX4xN4AaABAg,mYivERVT1-g,टीम इंडिया हार,Negative,0,train
Ugxe_99XXuevAc6gVfd4AaABAg,xmg7vO6GCWU,रोहित शर्मा,Neutral,1,train
Ugyiujyyz3oovxq8dvJ4AaABAg,mYivERVT1-g,टीम इंडिया हार,Negative,0,train
UgzjqD9QTa0TcrYFto54AaABAg,CVRuytf_zm8,नीरज चोपड़ा,Negative,0,train
UgzdQ8tjTKWOEBB7MyF4AaABAg,CVRuytf_zm8,नीरज चोपड़ा,Negative,0,train
UgzfqXj8cu3Fd70xMZp4AaABAg,_fZYUtRgYRQ,भारत बनाम पाकिस्तान क्रिकेट,Negative,0,train
UgzaCZM_dLw8TctbD0t4AaABAg,_fZYUtRgYRQ,भारत बनाम पाकिस्तान क्रिकेट,Negative,0,train
Ugy7Rdb7kj-8Ud8woHt4AaABAg,6aYlRB8LJVU,शुभमन गिल,Neutral,1,train
UgzEu3uogSqMgd9F9lx4AaABAg,fvveJ66s0wg,भारत बनाम पाकिस्तान क्रिकेट,Negative,0,train
UgxbI4E5TubapOfUFHB4AaABAg,H7q7q1IwEY4,क्रिकेट हाइलाइट्स हिंदी,Neutral,1,train
Ugx5q-BQHvkaWMsvkiB4AaABAg,yZFCSDiAPBA,एमएस धोनी,Positive,2,train
UgwG7PhAqEYJ_vAP3md4AaABAg,RiFzSORKO8o,खेल समाचार हिंदी,Negative,0,train
UgyDFE6U7eVlFLfSEQl4AaABAg,TRtlo-1sKSU,टीम इंडिया हार,Negative,0,train
UgypVqr7-IO1HSqKFYB4AaABAg,RiFzSORKO8o,खेल समाचार हिंदी,Positive,2,train
Ugy-zpNcpCwqoWJ-BL54AaABAg,m6TaFjvrsqE,टीम इंडिया हार,Negative,0,train
UgxWKyaTnb79vuVnzwt4AaABAg,rW_fwcmyIfk,नीरज चोपड़ा,Positive,2,train
UgztpgZIWdyCTtFo54J4AaABAg,HsysMuOxlc8,टीम इंडिया हार,Positive,2,train
Ugxon9pFoarGfCVQUkl4AaABAg,0FTTZYYOLQg,क्रिकेट विश्लेषण हिंदी,Neutral,1,train
UgzZOBfmIM2AeKatUbF4AaABAg,Fq6mlKQPpAM,नीरज चोपड़ा,Negative,0,train
Ugwg7bHgW9ZpG6z9YCp4AaABAg,IlDcNvSuu3I,खेल समाचार हिंदी,Negative,0,train
Ugx9XOU8k21DlHhtb-R4AaABAg,cgTIgkM2iyI,टीम इंडिया जीत,Positive,2,train
UgzkaqT6D7cu7iVwGE94AaABAg,uSGCAJS6qWg,भारत बनाम पाकिस्तान क्रिकेट,Positive,2,train
UgwILOGO9H7jbTBwfjt4AaABAg,Ustiji6bVus,ओलंपिक भारत हिंदी,Negative,0,train
UgwdPThMG3yA7jgpTFJ4AaABAg,mo4X4Q4L3kU,नीरज चोपड़ा,Positive,2,train
UgwClha6pAIHudbyF3B4AaABAg,CVRuytf_zm8,नीरज चोपड़ा,Neutral,1,train
UgyNGlYaQ_Nqi8Q9LQ54AaABAg,0FTTZYYOLQg,क्रिकेट विश्लेषण हिंदी,Positive,2,train
UgxvL8k-0n2bsshKFp94AaABAg,WIIvp8MWfCg,हॉकी इंडिया,Negative,0,train
Ugz9e67y208bfDN1-tV4AaABAg,WIIvp8MWfCg,हॉकी इंडिया,Neutral,1,train
UgxaPOoYKisOXl18MKR4AaABAg,m6TaFjvrsqE,टीम इंडिया हार,Positive,2,train
UgyYUKj3eF-rtVmfkmN4AaABAg,7Yt5Xpnvl6s,खेल समाचार हिंदी,Negative,0,train
Ugz2zKOwLIGC0SE2lux4AaABAg,5iasPyNE1UA,नीरज चोपड़ा,Positive,2,train
UgxgF58uMbKVELiwvNl4AaABAg,VRNVxhlPvBE,एमएस धोनी,Neutral,1,train
UgxpRt8uWF8JwDh05sZ4AaABAg,m6TaFjvrsqE,टीम इंडिया हार,Positive,2,train
Ugz27qk9sMrc2Li9BWl4AaABAg,d93flq_4BKY,शुभमन गिल,Negative,0,train
Ugyy1WtaAUOhyYK2xC14AaABAg,H7q7q1IwEY4,क्रिकेट हाइलाइट्स हिंदी,Neutral,1,train
UgywovFWEFIUJyzjSOh4AaABAg,cSbdcjfihDM,हॉकी इंडिया,Positive,2,train
UgzFNOsGTcWr75LRWwx4AaABAg,cgTIgkM2iyI,टीम इंडिया जीत,Positive,2,train
UgyJyAxWfTwejFmISJZ4AaABAg,30ym5bs64EM,टीम इंडिया जीत,Positive,2,train
Ugxw4Mhp4u8SdZlmXgN4AaABAg,HheJON-C7Rs,शुभमन गिल,Neutral,1,train
UgyuKAPQ5MlFpVI5pwp4AaABAg,vXsioE-C9wM,खेल समाचार हिंदी,Negative,0,train
UgyNGXBmj0m_P1H4qTZ4AaABAg,-96tVt9zZ8M,खेल समाचार हिंदी,Negative,0,train
UgwPKgBpvbaHWBocS1V4AaABAg,j0GPS4-Hzjs,टीम इंडिया हार,Positive,2,train
UgyanrbB7g_LuXgYQel4AaABAg,j0GPS4-Hzjs,टीम इंडिया हार,Positive,2,train
UgxmtsPwQr_uR-QT0C54AaABAg,2u70UbLyO0s,विराट कोहली,Negative,0,train
UgzJV3B4l_Dq1cIwwoB4AaABAg,H7q7q1IwEY4,क्रिकेट हाइलाइट्स हिंदी,Neutral,1,train
Ugwxyjl34spKn7ZAKp14AaABAg,CVRuytf_zm8,नीरज चोपड़ा,Neutral,1,train
Ugwt8Ad22O1-zdtdVsl4AaABAg,dMGRTR97Ito,क्रिकेट हाइलाइट्स हिंदी,Positive,2,train
UgwUAfTW8p1OedozuZ54AaABAg,zryGpo3FQZY,एशिया कप हिंदी,Neutral,1,train
UgzzobF0LRXrCMedb3N4AaABAg,WIIvp8MWfCg,हॉकी इंडिया,Negative,0,train
UgwtzpooQt_aP7hg-CV4AaABAg,FwW1nVvr_B8,विराट कोहली,Negative,0,train
UgxlYT4yaj-A4jT_ZZZ4AaABAg,nhqQWXNdivo,एमएस धोनी,Positive,2,train
UgwCynKdtw6xsIreYRF4AaABAg,msAzQ1p3lTA,रोहित शर्मा,Neutral,1,train
Ugx--lUov0e0c3zTDc94AaABAg,CVRuytf_zm8,नीरज चोपड़ा,Positive,2,train
Ugwtzh82JA3tIQ56d_x4AaABAg,ReVTGCbDzfw,टीम इंडिया जीत,Negative,0,train
Ugy9v3TUcuYGo-lXp254AaABAg,X4OB4-Itx8E,विनेश फोगाट कुश्ती,Neutral,1,train
Ugw8W-0ebGdo4iAlHqZ4AaABAg,YXiRa5A-LKY,ओलंपिक भारत हिंदी,Negative,0,train
UgyWqrkmyeOQb9mXYDJ4AaABAg,30dw7dKnwp4,विराट कोहली,Positive,2,train
UgyXUt3D0JYlvH0DYEN4AaABAg,vXsioE-C9wM,खेल समाचार हिंदी,Neutral,1,train
UgyalwgfZal4APavRxh4AaABAg,IlDcNvSuu3I,खेल समाचार हिंदी,Negative,0,train
Ugw2Ob67Cuvy2LYAi1d4AaABAg,X4gfyBUcJtE,एशिया कप हिंदी,Positive,2,train
UgywNBApfyi3Wi_bqB54AaABAg,JxdXGM-vPWM,विनेश फोगाट कुश्ती,Negative,0,train
Ugzde0LmD4locIT5pu94AaABAg,CVRuytf_zm8,नीरज चोपड़ा,Positive,2,train
UgyC41KAivs6yxIfj_14AaABAg,JxdXGM-vPWM,विनेश फोगाट कुश्ती,Positive,2,train
UgwKtCzrujoaBc8vLWl4AaABAg,m6TaFjvrsqE,टीम इंडिया हार,Positive,2,train
Ugwy0RqGXHnG1xHXbrp4AaABAg,vXsioE-C9wM,खेल समाचार हिंदी,Neutral,1,train
Ugzvj4T6bWnEuRfWIpt4AaABAg,fuPMM1cMQrM,प्रो कबड्डी,Positive,2,train
UgysL1IW_STIE_jecfh4AaABAg,H7q7q1IwEY4,क्रिकेट हाइलाइट्स हिंदी,Negative,0,train
UgwvDJZ0csuQ82i_9ZV4AaABAg,-VPYd0WqOAM,टीम इंडिया हार,Negative,0,train
Ugz_sKgM-rPcRUxXHCB4AaABAg,cgTIgkM2iyI,टीम इंडिया जीत,Negative,0,train
UgySrZgyvzotEoS12I94AaABAg,vXsioE-C9wM,खेल समाचार हिंदी,Negative,0,train
Ugw2ggx9LR9xQ1dILal4AaABAg,7Yt5Xpnvl6s,खेल समाचार हिंदी,Negative,0,train
UgykSF0M-HPhe-AmfP54AaABAg,ReVTGCbDzfw,टीम इंडिया जीत,Positive,2,train
Ugyw1zHiBlLBgygDI-Z4AaABAg,HsysMuOxlc8,टीम इंडिया हार,Positive,2,train
UgzIGUqyu93mFUtywBl4AaABAg,MUPrf3FIq3g,एमएस धोनी,Negative,0,train
UgyC1kFTDqlh6lfYVJl4AaABAg,ReVTGCbDzfw,टीम इंडिया जीत,Positive,2,train
Ugx0fJqzNvUtubEa_XN4AaABAg,vXsioE-C9wM,खेल समाचार हिंदी,Negative,0,train
UgxNLu_7qmvWtgrdfHR4AaABAg,5XtX8Lezjg4,ओलंपिक भारत हिंदी,Positive,2,train
Ugwo13XKW2wOc_Hpkct4AaABAg,iamDm4nxIlY,प्रो कबड्डी,Positive,2,train
Ugwh5bPLRmdgD_qWbol4AaABAg,m6TaFjvrsqE,टीम इंडिया हार,Negative,0,train
UgwtWTCSIIgGSsT3PdV4AaABAg,cgTIgkM2iyI,टीम इंडिया जीत,Negative,0,train
Ugxh_AbA1rywYPLBn194AaABAg,RiFzSORKO8o,खेल समाचार हिंदी,Negative,0,train
UgyO9DLfjxk4teRmfRd4AaABAg,vXsioE-C9wM,खेल समाचार हिंदी,Negative,0,train
UgypUrK1SPPpqNpldYl4AaABAg,mYivERVT1-g,टीम इंडिया हार,Negative,0,train
Ugw9-Y06vdZZxxLIvMx4AaABAg,FwW1nVvr_B8,विराट कोहली,Negative,0,train
UgzIz_g38Gwyg7vUMUh4AaABAg,FwW1nVvr_B8,विराट कोहली,Negative,0,train
UgzBkYdUUPKEbXEGdX14AaABAg,mYivERVT1-g,टीम इंडिया हार,Negative,0,train
UgyhRlKj0wMDLQyZ0Bt4AaABAg,huPXXPvZ3P0,रोहित शर्मा,Positive,2,train
UgwNA_Fa5JXuKr5p08F4AaABAg,ReVTGCbDzfw,टीम इंडिया जीत,Negative,0,train
UgydSipVsXCIxJFV4NR4AaABAg,5XtX8Lezjg4,ओलंपिक भारत हिंदी,Negative,0,train
Ugy8DIHgO7oKnacc3Px4AaABAg,ReVTGCbDzfw,टीम इंडिया जीत,Positive,2,train
UgxKMWboyDlDb55alSl4AaABAg,m6TaFjvrsqE,टीम इंडिया हार,Neutral,1,train
UgyvHWi92u8YA6CJi-h4AaABAg,fvveJ66s0wg,भारत बनाम पाकिस्तान क्रिकेट,Positive,2,train
UgylNzJdVTi5eyrKtnd4AaABAg,uSGCAJS6qWg,भारत बनाम पाकिस्तान क्रिकेट,Negative,0,train
Ugw6LADcYZ8N30LDY4p4AaABAg,H7q7q1IwEY4,क्रिकेट हाइलाइट्स हिंदी,Neutral,1,train
UgwtthfJrUFpF489t7x4AaABAg,_fZYUtRgYRQ,भारत बनाम पाकिस्तान क्रिकेट,Negative,0,train
Ugx12m16Wkp-1vRFvdR4AaABAg,cgTIgkM2iyI,टीम इंडिया जीत,Negative,0,train
UgyqZHPZ2C_c3c1lgj94AaABAg,Kwu1yIC-ssg,आईपीएल हाइलाइट्स हिंदी,Neutral,1,train
UgwhJ95-4SIvEfv2dtx4AaABAg,Fq6mlKQPpAM,नीरज चोपड़ा,Positive,2,train
UgxmcSZ4bkRElR-u8YJ4AaABAg,nhqQWXNdivo,एमएस धोनी,Negative,0,train
UgxN1sRPsWtbWphBxwp4AaABAg,VLmkv3PLjlc,रोहित शर्मा,Negative,0,train
Ugzb4aqvciObZemhcv94AaABAg,mYivERVT1-g,टीम इंडिया हार,Negative,0,train
Ugxe5jgCCcrkcH9zQ-N4AaABAg,5dr3VzpoMfM,टीम इंडिया जीत,Positive,2,train
UgyaK-uOTocySr2Q0ZZ4AaABAg,0cz5ryoqeK8,ओलंपिक भारत हिंदी,Neutral,1,train
UgwRAjh4QC7-VzAascZ4AaABAg,fP2OioK7nXk,हॉकी इंडिया,Positive,2,train
UgxB1cyPqQH2uREFbCx4AaABAg,m6TaFjvrsqE,टीम इंडिया हार,Positive,2,train
UgwMe1I4DcHHPEYL7Lt4AaABAg,vXsioE-C9wM,खेल समाचार हिंदी,Negative,0,train
UgwM6fDE4GIq62HQmsl4AaABAg,RiFzSORKO8o,खेल समाचार हिंदी,Negative,0,train
Ugx_o4ushkOl-Avwq7R4AaABAg,ZkSLyYRVrMM,विराट कोहली,Negative,0,train
Ugy7iRwt3BsiUst4mMR4AaABAg,B9Qnxe_GcTg,एशिया कप हिंदी,Positive,2,train
UgzC4QXUVoHxvYBuwEZ4AaABAg,FwW1nVvr_B8,विराट कोहली,Negative,0,train
Ugzc_yesQLDG1e9VRvN4AaABAg,0xI6LADDw3A,टीम इंडिया हार,Negative,0,train
UgypFaPUABRs40EuAdB4AaABAg,HNXhdo5j914,वर्ल्ड कप क्रिकेट हिंदी,Negative,0,train
UgyfNUQ9fyVPSrO_XVV4AaABAg,RiFzSORKO8o,खेल समाचार हिंदी,Negative,0,train
Ugx2lCdjajdgJ1wpqip4AaABAg,VRNVxhlPvBE,एमएस धोनी,Neutral,1,train
Ugyl7WqUk5zgVOuls0h4AaABAg,nFxie8HZvyk,शुभमन गिल,Negative,0,train
UgxIeGX7HqzA3MWhBdB4AaABAg,LDwhd2nI1eA,ओलंपिक भारत हिंदी,Positive,2,train
UgxTlBdK8tTSvfWDM-h4AaABAg,yZFCSDiAPBA,एमएस धोनी,Positive,2,train
UgwnMuEQV4iNb8c9Q_Z4AaABAg,30dw7dKnwp4,विराट कोहली,Negative,0,train
UgyoUSgavWRm_aI5TOJ4AaABAg,kW6z5TyU8QA,प्रो कबड्डी,Negative,0,train
Ugz9wWt79XYR5DxWRYt4AaABAg,7Yt5Xpnvl6s,खेल समाचार हिंदी,Negative,0,train
Ugw8e5OwF8DPL02tGpF4AaABAg,m6TaFjvrsqE,टीम इंडिया हार,Positive,2,train
Ugy2YULPep9tYKQz5aB4AaABAg,7Yt5Xpnvl6s,खेल समाचार हिंदी,Negative,0,train
UgxV63elq3Z82N4UqPd4AaABAg,nFxie8HZvyk,शुभमन गिल,Neutral,1,train
UgyqxobNQm0FQpgNJVt4AaABAg,H7q7q1IwEY4,क्रिकेट हाइलाइट्स हिंदी,Neutral,1,train
UgyRIldfz1ki1AQKNUV4AaABAg,DhxtvDzaBg0,टीम इंडिया हार,Negative,0,train
UgyQdqGrVSuE0IUiiul4AaABAg,hHfPkMCbSh8,एमएस धोनी,Negative,0,train
Ugy6NHhJMFWf61ZbBXN4AaABAg,m6TaFjvrsqE,टीम इंडिया हार,Positive,2,train
Ugw_0yRM3kBHooF-G454AaABAg,m6TaFjvrsqE,टीम इंडिया हार,Positive,2,train
Ugyq-vdSpdm9hv1lf854AaABAg,vXsioE-C9wM,खेल समाचार हिंदी,Negative,0,train
UgypgX4RvNIkvmwpLTF4AaABAg,wY6UyatwVTA,क्रिकेट हाइलाइट्स हिंदी,Positive,2,train
UgxGGNv2dd38cCZCimR4AaABAg,IlDcNvSuu3I,खेल समाचार हिंदी,Negative,0,train
UgyYy0Ay0Pu0RyjyM_l4AaABAg,0xI6LADDw3A,टीम इंडिया हार,Negative,0,train
UgwhgTdfmMJe4Px6HLR4AaABAg,Y0rhFJd74zY,विनेश फोगाट कुश्ती,Positive,2,train
Ugw5b4vriiKKPJ6oj3J4AaABAg,m6TaFjvrsqE,टीम इंडिया हार,Positive,2,train
UgzZMUOJLVEUvJa4pOh4AaABAg,LDwhd2nI1eA,ओलंपिक भारत हिंदी,Negative,0,train
UgxmBP6no2xDwykIz114AaABAg,cgTIgkM2iyI,टीम इंडिया जीत,Negative,0,train
UgwJNqi1lr-WVhFhs3N4AaABAg,RiFzSORKO8o,खेल समाचार हिंदी,Negative,0,train
UgxZiAoyoYhQXLCluPV4AaABAg,X4OB4-Itx8E,विनेश फोगाट कुश्ती,Negative,0,train
UgxisIZgp3ZNnChsuiN4AaABAg,pGROaaPeWkY,खेल समाचार हिंदी,Negative,0,train
Ugxnq3NhRROCxK-TumR4AaABAg,5iasPyNE1UA,नीरज चोपड़ा,Positive,2,train
UgwFjCBUhxRC2yXTn3J4AaABAg,CVRuytf_zm8,नीरज चोपड़ा,Positive,2,train
Ugwnim1bfG_ER3VSLAd4AaABAg,WwSyB8yo2XI,भारत बनाम पाकिस्तान क्रिकेट,Positive,2,train
UgydaEAw6RyCkku7pPJ4AaABAg,IlDcNvSuu3I,खेल समाचार हिंदी,Negative,0,train
UgyRnCm8mZCQDTPoo6B4AaABAg,UQNLGJARdZM,एमएस धोनी,Positive,2,train
UgzQjvpdwxgVw53gEQh4AaABAg,CVRuytf_zm8,नीरज चोपड़ा,Neutral,1,train
UgytNGfbGf_on-aYuEp4AaABAg,msAzQ1p3lTA,रोहित शर्मा,Negative,0,train
UgzRlsObJ1MKn2kNS9R4AaABAg,-96tVt9zZ8M,खेल समाचार हिंदी,Negative,0,train
UgzvSuDO9U7IEDkre_l4AaABAg,CVRuytf_zm8,नीरज चोपड़ा,Neutral,1,train
UgzLZjsFfnzoB2T0KVl4AaABAg,mYivERVT1-g,टीम इंडिया हार,Negative,0,train
UgwQ9q2dEIxKJQKU14p4AaABAg,fpmSOInFj4A,नीरज चोपड़ा,Positive,2,train
Ugx-VTalyBDnqYSUNLl4AaABAg,m6TaFjvrsqE,टीम इंडिया हार,Positive,2,train
UgxU7H4WpCsmLlA6vBh4AaABAg,LDwhd2nI1eA,ओलंपिक भारत हिंदी,Negative,0,train
UgwnEYRpoRCCABO9dZZ4AaABAg,MAm0RLQpYas,भारत बनाम पाकिस्तान क्रिकेट,Negative,0,train
Ugzd0y6K9c2RV1rZYoR4AaABAg,VLmkv3PLjlc,रोहित शर्मा,Negative,0,train
UgzlZs6c8F8a_gafI4l4AaABAg,0xI6LADDw3A,टीम इंडिया हार,Positive,2,train
Ugy4X8vTGpr_24RR3b94AaABAg,nFxie8HZvyk,शुभमन गिल,Negative,0,train
UgwlJw7C4TjrnFd-DOZ4AaABAg,mo4X4Q4L3kU,नीरज चोपड़ा,Positive,2,train
UgzQhUlM73MjweR7s6N4AaABAg,-VPYd0WqOAM,टीम इंडिया हार,Neutral,1,train
UgyN1YeKO8BAXl-XkQd4AaABAg,mYivERVT1-g,टीम इंडिया हार,Negative,0,train
Ugyjrc_Ih8ztVHlnQRV4AaABAg,IlDcNvSuu3I,खेल समाचार हिंदी,Neutral,1,train
UgzpTppIKPY0mEz02kF4AaABAg,m6TaFjvrsqE,टीम इंडिया हार,Neutral,1,train
UgxnYaYMT2aAMBXBK8d4AaABAg,_fZYUtRgYRQ,भारत बनाम पाकिस्तान क्रिकेट,Negative,0,train
UgzrQMETZAjzkFDgMOF4AaABAg,VLmkv3PLjlc,रोहित शर्मा,Negative,0,train
UgxEJ5l_qOyht5Il-uR4AaABAg,cai5ZdxxLNE,नीरज चोपड़ा,Positive,2,train
Ugw7C3mEC70O-fp-oPF4AaABAg,CVRuytf_zm8,नीरज चोपड़ा,Neutral,1,train
UgzIeq5nIBIUE7czEKZ4AaABAg,fvveJ66s0wg,भारत बनाम पाकिस्तान क्रिकेट,Positive,2,train
UgwLAWXHIA3n_oySIjN4AaABAg,_ZGGExfY7zs,रोहित शर्मा,Positive,2,train
UgwiubcBKU3-NYdBRYV4AaABAg,IlDcNvSuu3I,खेल समाचार हिंदी,Negative,0,train
UgzaifO9GRAGtpBY3q94AaABAg,0xI6LADDw3A,टीम इंडिया हार,Negative,0,train
UgyJeo4zPmXdDyDxKBh4AaABAg,ReVTGCbDzfw,टीम इंडिया जीत,Positive,2,train
Ugy3_fezm3_pmI-4BRl4AaABAg,wg1m1TWI0KI,रोहित शर्मा,Positive,2,train
UgwwLIoaqMTGCT0Dq9B4AaABAg,7Yt5Xpnvl6s,खेल समाचार हिंदी,Negative,0,train
UgyfPcjVnsFuhjBuRBh4AaABAg,m6TaFjvrsqE,टीम इंडिया हार,Positive,2,train
UgxPY7Pr1FTVRPuPacl4AaABAg,RiFzSORKO8o,खेल समाचार हिंदी,Neutral,1,train
UgxWrrQT8Yp5fPT7Akx4AaABAg,FwW1nVvr_B8,विराट कोहली,Negative,0,train
UgweY8xg049oKM292i14AaABAg,Fq6mlKQPpAM,नीरज चोपड़ा,Positive,2,train
UgzvEjTIAksN-VdVp414AaABAg,mYivERVT1-g,टीम इंडिया हार,Negative,0,train
UgwWyN7IUCUPPCd2Wbt4AaABAg,fvveJ66s0wg,भारत बनाम पाकिस्तान क्रिकेट,Negative,0,train
UgxsEkX1-xcC0OdCDp14AaABAg,X4OB4-Itx8E,विनेश फोगाट कुश्ती,Negative,0,train
UgzVYpMgM_odQnfXfCN4AaABAg,vXsioE-C9wM,खेल समाचार हिंदी,Positive,2,train
UgwgSHUuqbJiprh5dy94AaABAg,5dr3VzpoMfM,टीम इंडिया जीत,Positive,2,train
Ugw3w7AGYy_9TJx8ji54AaABAg,5iasPyNE1UA,नीरज चोपड़ा,Negative,0,train
UgyCHQwnyTv2JBwYFpp4AaABAg,nFxie8HZvyk,शुभमन गिल,Negative,0,train
UgyjkNqRQUHGry1KKKl4AaABAg,LLNdaQd5rMY,रोहित शर्मा,Neutral,1,train
UgyKjwv3od7GreLZ0vV4AaABAg,mYivERVT1-g,टीम इंडिया हार,Negative,0,train
Ugw9tZtOsLDS25doH6F4AaABAg,rDyUKfq7B-g,विनेश फोगाट कुश्ती,Positive,2,train
UgwZC_g9o8vJ0ho_pdR4AaABAg,H7q7q1IwEY4,क्रिकेट हाइलाइट्स हिंदी,Negative,0,train
Ugxs7HhgMs_LWmFFVkV4AaABAg,luSat_G-U64,विनेश फोगाट कुश्ती,Negative,0,train
Ugx8-LvWbToUZeTdGe94AaABAg,H7q7q1IwEY4,क्रिकेट हाइलाइट्स हिंदी,Neutral,1,train
UgxcuyypLWL3UxLLX2p4AaABAg,fuPMM1cMQrM,प्रो कबड्डी,Positive,2,train
UgwTiolIir4ybGnBzGx4AaABAg,LDwhd2nI1eA,ओलंपिक भारत हिंदी,Positive,2,train
UgzJU5oUmOh_avgVG5p4AaABAg,LDwhd2nI1eA,ओलंपिक भारत हिंदी,Negative,0,train
UgxxRwkqS3LllA3a82h4AaABAg,CVRuytf_zm8,नीरज चोपड़ा,Neutral,1,train
UgxETxL9NALaPu78ck14AaABAg,DhxtvDzaBg0,टीम इंडिया हार,Negative,0,train
UgzQ3_sqZ_6EVikVFyl4AaABAg,fP2OioK7nXk,हॉकी इंडिया,Positive,2,train
Ugx_J-Ghdv4KqIaBd0l4AaABAg,0xI6LADDw3A,टीम इंडिया हार,Neutral,1,train
Ugx74IdW8ZbUsrOj4Td4AaABAg,CVRuytf_zm8,नीरज चोपड़ा,Negative,0,train
UgxYQbd3qdrLvKSwrUx4AaABAg,mYivERVT1-g,टीम इंडिया हार,Neutral,1,train
UgwHiDJQLX_kJMwv3Kh4AaABAg,ReVTGCbDzfw,टीम इंडिया जीत,Negative,0,train
UgwI92OCVhikS7DTfsp4AaABAg,H7q7q1IwEY4,क्रिकेट हाइलाइट्स हिंदी,Neutral,1,train
UgzJ4RjksyYzibOP2yV4AaABAg,CVRuytf_zm8,नीरज चोपड़ा,Negative,0,train
UgzuQnVgRlBTmz21TZp4AaABAg,luSat_G-U64,विनेश फोगाट कुश्ती,Positive,2,train
UgzfsrTSvqf48kmRSlR4AaABAg,hHfPkMCbSh8,एमएस धोनी,Neutral,1,train
Ugy-56at0oAZpAPGMUp4AaABAg,oZUpj8GYbIY,प्रो कबड्डी,Positive,2,train
UgxjRdVbqHUSVaBOkSh4AaABAg,AFEZzf9_EHk,क्रिकेट हाइलाइट्स हिंदी,Neutral,1,train
Ugzr4WPfXfB2d73K19R4AaABAg,-VPYd0WqOAM,टीम इंडिया हार,Neutral,1,train
UgxBE9WobqSQ7hhxA994AaABAg,mYivERVT1-g,टीम इंडिया हार,Negative,0,train
Ugyeed74ds-XMnldK_h4AaABAg,VRNVxhlPvBE,एमएस धोनी,Positive,2,train
UgwgkJt8TMJJnWXTB3V4AaABAg,X4OB4-Itx8E,विनेश फोगाट कुश्ती,Positive,2,train
UgxGUVBV3_cJ_te5A_14AaABAg,d93flq_4BKY,शुभमन गिल,Negative,0,train
UgysukmVSAB7TQvCzGt4AaABAg,IlDcNvSuu3I,खेल समाचार हिंदी,Negative,0,train
UgzcJm5aQL_00vjbl3J4AaABAg,7Yt5Xpnvl6s,खेल समाचार हिंदी,Negative,0,train
UgwOL7oY2s8b75kLYit4AaABAg,j0GPS4-Hzjs,टीम इंडिया हार,Negative,0,train
UgyjQSXnaM-Q0dO7XZl4AaABAg,LLNdaQd5rMY,रोहित शर्मा,Positive,2,train
UgxVqsebg6gSXQq6_n54AaABAg,LLNdaQd5rMY,रोहित शर्मा,Negative,0,train
UgxIoYDy1PhD8tvCOdR4AaABAg,vXsioE-C9wM,खेल समाचार हिंदी,Negative,0,train
UgyAwk0GQ5VXA_IcZJl4AaABAg,Ustiji6bVus,ओलंपिक भारत हिंदी,Positive,2,train
UgzLFuQOCUjZsFLL5ZZ4AaABAg,ReVTGCbDzfw,टीम इंडिया जीत,Positive,2,train
UgwLf4yucgZ2V9sfSER4AaABAg,X4OB4-Itx8E,विनेश फोगाट कुश्ती,Positive,2,train
UgxWQQq8_bFN0tF-Um14AaABAg,cgTIgkM2iyI,टीम इंडिया जीत,Negative,0,train
UgxkpNPtZhyQEG3eETJ4AaABAg,5dr3VzpoMfM,टीम इंडिया जीत,Positive,2,train
UgyPcK7WxbCA5G0sPhl4AaABAg,LDwhd2nI1eA,ओलंपिक भारत हिंदी,Positive,2,train
Ugz_F2BAu29uU6plrzh4AaABAg,mYivERVT1-g,टीम इंडिया हार,Negative,0,train
UgwPQAjpYB5AGCZxhrJ4AaABAg,mo4X4Q4L3kU,नीरज चोपड़ा,Positive,2,train
UgzcNvC00N4S71UUFhN4AaABAg,hHfPkMCbSh8,एमएस धोनी,Positive,2,train
Ugy75m4PStVCJpUNky54AaABAg,mYivERVT1-g,टीम इंडिया हार,Negative,0,train
UgzHVQRuhJBRtSNg8Ap4AaABAg,-VPYd0WqOAM,टीम इंडिया हार,Neutral,1,train
UgweIUpeeHl4iHe9mdB4AaABAg,X4OB4-Itx8E,विनेश फोगाट कुश्ती,Positive,2,train
UgzgOBmu7F2pns5-6H94AaABAg,LDwhd2nI1eA,ओलंपिक भारत हिंदी,Positive,2,train
Ugxa2j2zTS0yKV4Atyd4AaABAg,4TOuvu8C5y4,टीम इंडिया जीत,Negative,0,train
Ugx_BlgwNMcHKHJHktB4AaABAg,mYivERVT1-g,टीम इंडिया हार,Positive,2,train
Ugz_IfX9AsreO25x8sB4AaABAg,d93flq_4BKY,शुभमन गिल,Negative,0,train
UgwCgGmxqprVZp-01th4AaABAg,LLNdaQd5rMY,रोहित शर्मा,Positive,2,train
Ugx-mThjiK6B77qqdJ54AaABAg,mYivERVT1-g,टीम इंडिया हार,Negative,0,train
UgycSgl55Hd59CVL-cV4AaABAg,X4OB4-Itx8E,विनेश फोगाट कुश्ती,Negative,0,train
Ugy6t71XvAxr597vVLN4AaABAg,R7RjpLJnIQc,विनेश फोगाट कुश्ती,Neutral,1,train
UgzcnmZjSvIvIOY7z7V4AaABAg,fzOVeNcFT3Q,भारत बनाम पाकिस्तान क्रिकेट,Positive,2,train
UgwetNb7SQ4znKAlnvV4AaABAg,X4OB4-Itx8E,विनेश फोगाट कुश्ती,Negative,0,train
UgyMTTErueHv0zycsqR4AaABAg,wg1m1TWI0KI,रोहित शर्मा,Positive,2,train
Ugx8Sg_InyJFVj34iH14AaABAg,ScarZQuyaLM,क्रिकेट हाइलाइट्स हिंदी,Neutral,1,train
Ugyk8N1BloG6B6e2veN4AaABAg,Cd2ZiwMgGzo,एमएस धोनी,Negative,0,train
UgwCHeeT89EL_GCLCC14AaABAg,FwW1nVvr_B8,विराट कोहली,Negative,0,train
UgwfCNUS6jBpJm3L60x4AaABAg,m6TaFjvrsqE,टीम इंडिया हार,Positive,2,train
UgzaDGtMVh_LYMiZQMd4AaABAg,_5Al9MzlDJk,क्रिकेट विश्लेषण हिंदी,Negative,0,train
Ugzb31ujrkooAX8VpzB4AaABAg,mYivERVT1-g,टीम इंडिया हार,Negative,0,train
Ugzi6Mj0cfngmgYEMtV4AaABAg,MAm0RLQpYas,भारत बनाम पाकिस्तान क्रिकेट,Negative,0,train
UgxKrKePHOMREH0HDKp4AaABAg,FUPfVqR5Hys,रोहित शर्मा,Positive,2,train
UgwFjFimu3gGlnMZ9iR4AaABAg,6N6P_vOYKGk,एमएस धोनी,Positive,2,train
UgwALzhMS9P5j9DND9p4AaABAg,5dr3VzpoMfM,टीम इंडिया जीत,Positive,2,train
Ugw8X_Cx8XHouMQ56xN4AaABAg,0xI6LADDw3A,टीम इंडिया हार,Positive,2,train
UgwVuUW0nbVGGjkuJid4AaABAg,RiFzSORKO8o,खेल समाचार हिंदी,Negative,0,train
UgznJAfZxQcTAFtUzrx4AaABAg,FwW1nVvr_B8,विराट कोहली,Negative,0,train
UgyZMuEsTs2CoOTbkFx4AaABAg,JxdXGM-vPWM,विनेश फोगाट कुश्ती,Positive,2,train
Ugy8QBR_irk44KFzUN14AaABAg,WwSyB8yo2XI,भारत बनाम पाकिस्तान क्रिकेट,Positive,2,train
Ugyfy0WsZoP2eYH3Ca54AaABAg,fP2OioK7nXk,हॉकी इंडिया,Positive,2,train
UgxwWkDMJDIWDRYf4Nt4AaABAg,R7RjpLJnIQc,विनेश फोगाट कुश्ती,Positive,2,train
Ugzu8Lh-VYl4nFA009l4AaABAg,d93flq_4BKY,शुभमन गिल,Negative,0,train
Ugza08J5x_phPPO76Lh4AaABAg,HsysMuOxlc8,टीम इंडिया हार,Negative,0,train
UgxZhUJwjnFSR5mMTqh4AaABAg,d4QBKbIbGco,खेल समाचार हिंदी,Negative,0,train
UgxGeU2_k_2Ry_cTm_x4AaABAg,cgTIgkM2iyI,टीम इंडिया जीत,Negative,0,train
Ugxz0oyNTB7MmLUzTOR4AaABAg,d93flq_4BKY,शुभमन गिल,Neutral,1,train
Ugw3F_krYGCI37vxk4h4AaABAg,WwSyB8yo2XI,भारत बनाम पाकिस्तान क्रिकेट,Positive,2,train
Ugy8zJdqNS6ZJdcZirp4AaABAg,H7q7q1IwEY4,क्रिकेट हाइलाइट्स हिंदी,Positive,2,train
UgyhijNo0Kvu3ZPUBFJ4AaABAg,5XtX8Lezjg4,ओलंपिक भारत हिंदी,Neutral,1,train
Ugwz1mYNbYSgrzlM0TR4AaABAg,FR2SkETgQ0o,विनेश फोगाट कुश्ती,Positive,2,train
UgzONAQnibO2I2ERYNZ4AaABAg,HsysMuOxlc8,टीम इंडिया हार,Neutral,1,train
UgxSHVvWtcs1O4jGRRt4AaABAg,RiFzSORKO8o,खेल समाचार हिंदी,Negative,0,train
UgzMW-eiBJ5_FqxNFp14AaABAg,hHfPkMCbSh8,एमएस धोनी,Positive,2,train
Ugx_S4ZB3bgip5sPqhJ4AaABAg,m6TaFjvrsqE,टीम इंडिया हार,Positive,2,train
Ugwkb6PKT_5LxgQCY8t4AaABAg,vXsioE-C9wM,खेल समाचार हिंदी,Negative,0,train
UgythU0qbH3_XFcGFjJ4AaABAg,hHfPkMCbSh8,एमएस धोनी,Negative,0,train
UgyBJmeCzoieM9OvpyN4AaABAg,VLmkv3PLjlc,रोहित शर्मा,Negative,0,train
Ugw_qa29BFaP9iASO1x4AaABAg,CVRuytf_zm8,नीरज चोपड़ा,Negative,0,train
UgwxnmaiXd3_qIQ2nAp4AaABAg,nFxie8HZvyk,शुभमन गिल,Neutral,1,train
Ugwxw3R0csSZxqtvob14AaABAg,cgTIgkM2iyI,टीम इंडिया जीत,Positive,2,train
UgzTxk-m1UADzJCEEh54AaABAg,CVRuytf_zm8,नीरज चोपड़ा,Negative,0,train
UgwLnR-qxdUWImyanLt4AaABAg,YXiRa5A-LKY,ओलंपिक भारत हिंदी,Neutral,1,train
UgxLanLKGne8ngmg4H94AaABAg,mo4X4Q4L3kU,नीरज चोपड़ा,Positive,2,train
Ugx8NeR3I-R_kfIS-rR4AaABAg,m6TaFjvrsqE,टीम इंडिया हार,Positive,2,train
Ugy96WTR7DTg7xXLXLN4AaABAg,RiFzSORKO8o,खेल समाचार हिंदी,Negative,0,train
UgzBzxK3wmK0-foJ2pt4AaABAg,RiFzSORKO8o,खेल समाचार हिंदी,Negative,0,train
UgwjykFSNK7Mao2FE4B4AaABAg,2u70UbLyO0s,विराट कोहली,Positive,2,train
UgyphzEaaZh-fGrKomN4AaABAg,7Yt5Xpnvl6s,खेल समाचार हिंदी,Negative,0,train
Ugxv5OkX55q1boEbJmd4AaABAg,mYivERVT1-g,टीम इंडिया हार,Negative,0,train
UgzNiMqcz6LonGs0LLB4AaABAg,mYivERVT1-g,टीम इंडिया हार,Negative,0,train
UgwSToZSNu67gW6Gy5B4AaABAg,FR2SkETgQ0o,विनेश फोगाट कुश्ती,Negative,0,train
Ugx7WV0VR5273mvRrPZ4AaABAg,WQdqgrWvy6g,भारत बनाम पाकिस्तान क्रिकेट,Positive,2,train
Ugws0mDYxVYJolaHw1t4AaABAg,j0GPS4-Hzjs,टीम इंडिया हार,Positive,2,train
UgxnE16tR3C9vXt6UTF4AaABAg,mYivERVT1-g,टीम इंडिया हार,Negative,0,train
UgyJDYJvwPmoiOvxsBB4AaABAg,X4OB4-Itx8E,विनेश फोगाट कुश्ती,Positive,2,train
UgzGpOLtLyEB_V-1XNF4AaABAg,CVRuytf_zm8,नीरज चोपड़ा,Positive,2,train
Ugxn5asUBJxeMV7yv3V4AaABAg,FwW1nVvr_B8,विराट कोहली,Negative,0,train
UgwWkXSaMYbkY5LI_0l4AaABAg,N_10nNqwU0Y,नीरज चोपड़ा,Positive,2,train
Ugy6WI1Ay_lecivzhsx4AaABAg,RiFzSORKO8o,खेल समाचार हिंदी,Negative,0,train
UgyiY_KpMi9sgEiIENZ4AaABAg,fzOVeNcFT3Q,भारत बनाम पाकिस्तान क्रिकेट,Positive,2,train
Ugy6wHKzqztkZYXYb5x4AaABAg,nFxie8HZvyk,शुभमन गिल,Neutral,1,train
UgwnVwmReYLnXersb3B4AaABAg,JxdXGM-vPWM,विनेश फोगाट कुश्ती,Positive,2,train
UgybqvcZxEnySGlIWH94AaABAg,DhxtvDzaBg0,टीम इंडिया हार,Negative,0,train
UgwvsHDpeSLes25XE114AaABAg,huPXXPvZ3P0,रोहित शर्मा,Neutral,1,train
Ugz2myVxYLXvNORsXfh4AaABAg,EY41X9sfxlA,आईपीएल हाइलाइट्स हिंदी,Positive,2,train
Ugy19looZe65iq3bZ4d4AaABAg,nFxie8HZvyk,शुभमन गिल,Negative,0,train
Ugz5sR6nJCztiA2lZFp4AaABAg,nFxie8HZvyk,शुभमन गिल,Negative,0,train
UgyPs_K4HSDeqdvYl314AaABAg,msAzQ1p3lTA,रोहित शर्मा,Neutral,1,train
UgyPrH9N60zDmJA5-6V4AaABAg,7Yt5Xpnvl6s,खेल समाचार हिंदी,Negative,0,train
UgwRMOCJbFuWzoNyuwl4AaABAg,cgTIgkM2iyI,टीम इंडिया जीत,Positive,2,train
UgxviCn4s2gB4cE3oGN4AaABAg,H7q7q1IwEY4,क्रिकेट हाइलाइट्स हिंदी,Neutral,1,train
Ugz8veWYJPOeMVAW7jp4AaABAg,0xI6LADDw3A,टीम इंडिया हार,Negative,0,train
UgwBfDh2VmICRlhO0_p4AaABAg,X4OB4-Itx8E,विनेश फोगाट कुश्ती,Positive,2,train
UgxVY7Q4GRCGMDh-i3F4AaABAg,m6TaFjvrsqE,टीम इंडिया हार,Positive,2,train
UgzAnwTg9t-B9QK9M7J4AaABAg,mEOBGY4-7JA,क्रिकेट हाइलाइट्स हिंदी,Negative,0,train
UgzzjaWBdsGWanhDHEl4AaABAg,m6TaFjvrsqE,टीम इंडिया हार,Neutral,1,train
Ugy4cJ-m1dNr2BJeuPl4AaABAg,m6TaFjvrsqE,टीम इंडिया हार,Positive,2,train
Ugyo-vRT1QEmFgBEVPR4AaABAg,MUPrf3FIq3g,एमएस धोनी,Neutral,1,train
Ugx827M_zyUPzAXxo9p4AaABAg,cgTIgkM2iyI,टीम इंडिया जीत,Positive,2,train
UgxW5IVQZQs0VKzpQRR4AaABAg,fa9my1Q-CWY,प्रो कबड्डी,Neutral,1,train
UgwpuZSE9QP03vRGDMZ4AaABAg,Fq6mlKQPpAM,नीरज चोपड़ा,Positive,2,train
Ugw1noMF9Z5oapbmDo14AaABAg,hHfPkMCbSh8,एमएस धोनी,Positive,2,train
Ugw4tNtZWK4aSuUapZJ4AaABAg,HNXhdo5j914,वर्ल्ड कप क्रिकेट हिंदी,Negative,0,train
UgxI_ef2XYCiY-8dWwZ4AaABAg,nsguh1qsUY0,खेल समाचार हिंदी,Negative,0,train
UgyAUasy_i0QhSq3l8J4AaABAg,VLmkv3PLjlc,रोहित शर्मा,Positive,2,train
UgzUk08n9tnai-Okjd14AaABAg,nFxie8HZvyk,शुभमन गिल,Neutral,1,train
UgzB1-U0HKqavMbjS3Z4AaABAg,oZUpj8GYbIY,प्रो कबड्डी,Positive,2,train
Ugxz0Rtr6l9dqCYrR_14AaABAg,7Yt5Xpnvl6s,खेल समाचार हिंदी,Negative,0,train
UgwpL0EaJHzI77mE5oh4AaABAg,fpmSOInFj4A,नीरज चोपड़ा,Positive,2,train
UgwDDCV37cr2XsbbXwt4AaABAg,B9Qnxe_GcTg,एशिया कप हिंदी,Negative,0,train
UgzCsKadWMSSpFBicY94AaABAg,xmg7vO6GCWU,रोहित शर्मा,Neutral,1,train
Ugxlzo_IlVdtDf_AEat4AaABAg,HNXhdo5j914,वर्ल्ड कप क्रिकेट हिंदी,Negative,0,train
Ugx_Tddm64dS9Bn0ljV4AaABAg,LDwhd2nI1eA,ओलंपिक भारत हिंदी,Positive,2,train
UgzP1UrSO8oT78VWq0R4AaABAg,CVRuytf_zm8,नीरज चोपड़ा,Positive,2,train
Ugyix6Iusi5xPIz93gJ4AaABAg,mYivERVT1-g,टीम इंडिया हार,Negative,0,train
UgytnCRodtqcwuxoZfB4AaABAg,JxdXGM-vPWM,विनेश फोगाट कुश्ती,Positive,2,train
Ugz8HXfkcjwZ4LCEv8d4AaABAg,X4OB4-Itx8E,विनेश फोगाट कुश्ती,Negative,0,train
UgxUtrga0DtJe8qEVb54AaABAg,nFxie8HZvyk,शुभमन गिल,Negative,0,train
UgyeWsNd_Tqh2uOWSdp4AaABAg,5iasPyNE1UA,नीरज चोपड़ा,Negative,0,train
UgwhsOmO4iIavLI6MYx4AaABAg,cgTIgkM2iyI,टीम इंडिया जीत,Positive,2,train
UgzbhFQNnJ5HERgAL254AaABAg,nFxie8HZvyk,शुभमन गिल,Negative,0,train
Ugzc8Xv4m4CRsUbGQI14AaABAg,CVRuytf_zm8,नीरज चोपड़ा,Neutral,1,train
Ugz-A86DtSN-CafIkkZ4AaABAg,7Yt5Xpnvl6s,खेल समाचार हिंदी,Negative,0,train
Ugzy6KvXPtgMQxGmyJZ4AaABAg,5iasPyNE1UA,नीरज चोपड़ा,Negative,0,train
UgxXMfYOVUjGaQJfNCl4AaABAg,mEOBGY4-7JA,क्रिकेट हाइलाइट्स हिंदी,Positive,2,train
Ugwq4lxeXRWEKMB15b94AaABAg,0xI6LADDw3A,टीम इंडिया हार,Negative,0,train
UgzwaZUBD68HqiBVxp14AaABAg,5iasPyNE1UA,नीरज चोपड़ा,Negative,0,train
UgyT807Udnhu5p-XLJ14AaABAg,30ym5bs64EM,टीम इंडिया जीत,Positive,2,train
UgzQ3lTZqwOk7e_kleV4AaABAg,CVRuytf_zm8,नीरज चोपड़ा,Negative,0,train
Ugw6ylW6cYIAVZwAtw14AaABAg,CVRuytf_zm8,नीरज चोपड़ा,Neutral,1,train
Ugxff3sZhHglrX4OnLR4AaABAg,yFlarM35vxA,क्रिकेट विश्लेषण हिंदी,Positive,2,train
Ugzxe9zkul98G4exJOp4AaABAg,ReVTGCbDzfw,टीम इंडिया जीत,Positive,2,train
UgwU1-54ARZOhBWnojF4AaABAg,fvveJ66s0wg,भारत बनाम पाकिस्तान क्रिकेट,Negative,0,train
Ugx3fl3Y5eq3gmcsCgR4AaABAg,mYivERVT1-g,टीम इंडिया हार,Negative,0,train
UgxlxGDAvRkauvFYYjd4AaABAg,fzOVeNcFT3Q,भारत बनाम पाकिस्तान क्रिकेट,Positive,2,train
Ugwtgjtqe4Yi8aquAAV4AaABAg,H7q7q1IwEY4,क्रिकेट हाइलाइट्स हिंदी,Positive,2,train
Ugwg32KpY74MVvizUJB4AaABAg,ReVTGCbDzfw,टीम इंडिया जीत,Positive,2,train
UgwMQz9ySji9KVOOSJR4AaABAg,H7q7q1IwEY4,क्रिकेट हाइलाइट्स हिंदी,Neutral,1,train
Ugz4F7YGcG6G3f2KIyF4AaABAg,CVRuytf_zm8,नीरज चोपड़ा,Negative,0,train
UgyRToSnpYHDr2t3xht4AaABAg,7Yt5Xpnvl6s,खेल समाचार हिंदी,Negative,0,train
UgxktjNduWZrfClbPk94AaABAg,mYivERVT1-g,टीम इंडिया हार,Negative,0,train
Ugxfk1-haalcJ2AXj-J4AaABAg,m6TaFjvrsqE,टीम इंडिया हार,Positive,2,train
UgxKQGvAokccOPlUxPl4AaABAg,oG_9wSDdcFM,एमएस धोनी,Neutral,1,train
UgxY5z_NQZVzt9fuqWB4AaABAg,fsRKvb9qRx8,शुभमन गिल,Positive,2,train
UgyZcclu2qSaqwdB76J4AaABAg,FUPfVqR5Hys,रोहित शर्मा,Positive,2,train
UgxBvolf98UwXKKWZ5J4AaABAg,DhxtvDzaBg0,टीम इंडिया हार,Negative,0,train
UgwjtXA1Fw4Qu9Jvpyt4AaABAg,CVRuytf_zm8,नीरज चोपड़ा,Positive,2,train
UgzeudntYpKWxlXt4wV4AaABAg,vXsioE-C9wM,खेल समाचार हिंदी,Negative,0,train
UgzxkMeB10n1P4UAsqt4AaABAg,cgTIgkM2iyI,टीम इंडिया जीत,Positive,2,train
UgwCGy1NYuCIxtySSBl4AaABAg,zryGpo3FQZY,एशिया कप हिंदी,Neutral,1,train
UgzXtYAKhwSHV5Gyf3R4AaABAg,mEOBGY4-7JA,क्रिकेट हाइलाइट्स हिंदी,Neutral,1,train
UgxrzTGT2h7iVwdZVT54AaABAg,Fq6mlKQPpAM,नीरज चोपड़ा,Negative,0,train
UgzrlVYn_qjJKRCWTf54AaABAg,_5Al9MzlDJk,क्रिकेट विश्लेषण हिंदी,Neutral,1,train
UgwP4XCYjMEbzU3qS2F4AaABAg,ReVTGCbDzfw,टीम इंडिया जीत,Positive,2,train
UgzccWtLUuw8cpeDyGt4AaABAg,R7RjpLJnIQc,विनेश फोगाट कुश्ती,Positive,2,train
UgxgvV1zn6lf9rH7w0t4AaABAg,JxdXGM-vPWM,विनेश फोगाट कुश्ती,Positive,2,train
Ugyn48e8KIutKs58ls94AaABAg,nFxie8HZvyk,शुभमन गिल,Negative,0,train
UgwB0Bhk0SfG8RTbHP14AaABAg,FwW1nVvr_B8,विराट कोहली,Negative,0,train
UgwGq4TtbdXUhL28rGJ4AaABAg,_fZYUtRgYRQ,भारत बनाम पाकिस्तान क्रिकेट,Positive,2,train
UgxrQNTFWIidD6M4fZ94AaABAg,7Yt5Xpnvl6s,खेल समाचार हिंदी,Negative,0,train
UgyksRx_RJz7XLRO2dR4AaABAg,eHHRTfEOCSk,विराट कोहली,Neutral,1,train
Ugzzhx7UCQdiEkeJ1AV4AaABAg,DhxtvDzaBg0,टीम इंडिया हार,Negative,0,train
UgyGd_MpiZXSl_ahef94AaABAg,yZFCSDiAPBA,एमएस धोनी,Positive,2,train
Ugy1zxfBHfB8ooQ2N214AaABAg,zryGpo3FQZY,एशिया कप हिंदी,Neutral,1,train
UgzFDnfcR5PCjyNu9yp4AaABAg,mX1xtHVM-vk,विराट कोहली,Positive,2,train
Ugzbtk_cbIePn5800id4AaABAg,vdNrPdeEuYQ,क्रिकेट हाइलाइट्स हिंदी,Positive,2,train
UgwkjavfLJFJagdJ9zB4AaABAg,ReVTGCbDzfw,टीम इंडिया जीत,Positive,2,train
UgyKl0jUKX-oJ6e2Y2J4AaABAg,m6TaFjvrsqE,टीम इंडिया हार,Positive,2,train
UgyRQobJjCdVhnMur2V4AaABAg,VRNVxhlPvBE,एमएस धोनी,Positive,2,train
UgxLuYOp1_UYkundRLR4AaABAg,blu3Ez0VSSE,एमएस धोनी,Positive,2,train
UgxzHwJZ53AXO5oOLSZ4AaABAg,m6TaFjvrsqE,टीम इंडिया हार,Positive,2,train
UgwOchlSwnM-wB4xD2h4AaABAg,j0GPS4-Hzjs,टीम इंडिया हार,Neutral,1,train
UgxABHleCy_n8fkmAi94AaABAg,fzOVeNcFT3Q,भारत बनाम पाकिस्तान क्रिकेट,Positive,2,train
UgzOE7MnTM6wVDhktoF4AaABAg,HNXhdo5j914,वर्ल्ड कप क्रिकेट हिंदी,Negative,0,train
UgzHYcu2GGrHO6HP9O94AaABAg,5dr3VzpoMfM,टीम इंडिया जीत,Positive,2,train
UgzMyW_zdzmHcexwhM54AaABAg,FR2SkETgQ0o,विनेश फोगाट कुश्ती,Positive,2,train
UgzezeUlaHB4VeHQBGl4AaABAg,m6TaFjvrsqE,टीम इंडिया हार,Positive,2,train
Ugx3CMroSiSTfxybRet4AaABAg,5iasPyNE1UA,नीरज चोपड़ा,Positive,2,train
UgzWneP7Yto9wiIz3TF4AaABAg,uSGCAJS6qWg,भारत बनाम पाकिस्तान क्रिकेट,Neutral,1,train
UgxCZnGS1t3cYqM4s4h4AaABAg,MAm0RLQpYas,भारत बनाम पाकिस्तान क्रिकेट,Neutral,1,train
Ugy4jbbyBdgi8P5udKl4AaABAg,X4OB4-Itx8E,विनेश फोगाट कुश्ती,Positive,2,train
UgxiPov3QF9GMqEXdl54AaABAg,FwW1nVvr_B8,विराट कोहली,Positive,2,train
Ugwe7BXN7c2af2vVrLF4AaABAg,iamDm4nxIlY,प्रो कबड्डी,Positive,2,train
UgzJt2hGTAfqg8RYsc14AaABAg,LLNdaQd5rMY,रोहित शर्मा,Neutral,1,train
UgwWSi9m7z1M3V_YuQN4AaABAg,CVRuytf_zm8,नीरज चोपड़ा,Positive,2,train
UgwqBub5yzvpJdaZIl14AaABAg,m6TaFjvrsqE,टीम इंडिया हार,Neutral,1,train
UgxxrPSklyqwhED6Afl4AaABAg,rW_fwcmyIfk,नीरज चोपड़ा,Positive,2,train
UgxiCxtog9iWPU1AH0V4AaABAg,5iasPyNE1UA,नीरज चोपड़ा,Negative,0,train
Ugz00cSPAC1R7XQGtUB4AaABAg,MAm0RLQpYas,भारत बनाम पाकिस्तान क्रिकेट,Positive,2,train
UgwgcMTcQ_QTKT8URb54AaABAg,mYivERVT1-g,टीम इंडिया हार,Negative,0,train
Ugw58ciONqmlltH6fcV4AaABAg,ReVTGCbDzfw,टीम इंडिया जीत,Positive,2,train
UgyV7LsdGC3lo-HrO214AaABAg,RRdg44agPoU,विनेश फोगाट कुश्ती,Neutral,1,train
UgwWZQ4Hvg_Q1AjsX3d4AaABAg,LLNdaQd5rMY,रोहित शर्मा,Neutral,1,train
Ugx4u4b4YClVksg6ST14AaABAg,luSat_G-U64,विनेश फोगाट कुश्ती,Negative,0,train
Ugxh-CO9ANGDtSNXIqV4AaABAg,XqH6_0ocQRE,शुभमन गिल,Positive,2,train
Ugwyh5pLLDCszxfdMy54AaABAg,CVRuytf_zm8,नीरज चोपड़ा,Negative,0,train
Ugxyur7swq4nNMENpk54AaABAg,7Yt5Xpnvl6s,खेल समाचार हिंदी,Negative,0,train
UgzaS2x3UmCxAeT6C3B4AaABAg,fP2OioK7nXk,हॉकी इंडिया,Positive,2,train
Ugz9GppFWkzaCLuN4M14AaABAg,Fq6mlKQPpAM,नीरज चोपड़ा,Positive,2,train
Ugwe2-7rXfOde0awjZ14AaABAg,MAm0RLQpYas,भारत बनाम पाकिस्तान क्रिकेट,Negative,0,train
UgxFsrEbiPcb9zmoKeZ4AaABAg,VLmkv3PLjlc,रोहित शर्मा,Negative,0,train
UgxmN8ukS6MF_LyvBvB4AaABAg,UQNLGJARdZM,एमएस धोनी,Positive,2,train
UgykbYsgLvh4S5vpgpx4AaABAg,TRtlo-1sKSU,टीम इंडिया हार,Negative,0,train
UgyPoqGyEchtyob_9OJ4AaABAg,5iasPyNE1UA,नीरज चोपड़ा,Positive,2,train
UgwrnMyRUdGwWDznc_V4AaABAg,FUPfVqR5Hys,रोहित शर्मा,Positive,2,train
UgzCGVwHCR038RQvCi14AaABAg,rW_fwcmyIfk,नीरज चोपड़ा,Neutral,1,train
Ugw4yHVzva9R5oSvFJd4AaABAg,vXsioE-C9wM,खेल समाचार हिंदी,Negative,0,train
UgxcY2X18syxT5WxjoR4AaABAg,HheJON-C7Rs,शुभमन गिल,Positive,2,train
UgwJlZbA2V-dF0zJOiJ4AaABAg,fzOVeNcFT3Q,भारत बनाम पाकिस्तान क्रिकेट,Negative,0,train
UgzIQ1T0GYLo4JskfrZ4AaABAg,RiFzSORKO8o,खेल समाचार हिंदी,Neutral,1,train
UgxGzLnxJwouoSpWGi14AaABAg,VRNVxhlPvBE,एमएस धोनी,Neutral,1,train
Ugz598ybvyDltUu3e2Z4AaABAg,r2sycK96f7E,ओलंपिक भारत हिंदी,Negative,0,train
UgyUU8i-t3KD2NgB71V4AaABAg,FwW1nVvr_B8,विराट कोहली,Negative,0,train
UgzMIa03GJp7OJht9_p4AaABAg,nhqQWXNdivo,एमएस धोनी,Positive,2,train
UgzrgauhoL5SqxEGzUd4AaABAg,5XtX8Lezjg4,ओलंपिक भारत हिंदी,Negative,0,train
Ugz8j2GE4Af7l3zHAQ94AaABAg,mYivERVT1-g,टीम इंडिया हार,Negative,0,train
Ugw66StAF0qRXIvrt8N4AaABAg,X4OB4-Itx8E,विनेश फोगाट कुश्ती,Positive,2,train
Ugw2UIjevFgidbTVFhB4AaABAg,hHfPkMCbSh8,एमएस धोनी,Neutral,1,train
Ugzkup2iHsDyNjON1KB4AaABAg,VLmkv3PLjlc,रोहित शर्मा,Negative,0,train
UgxF4O8v1--kFQqT-rB4AaABAg,nFxie8HZvyk,शुभमन गिल,Negative,0,train
Ugws_t4izvECBu7qBr54AaABAg,nFxie8HZvyk,शुभमन गिल,Negative,0,train
UgyqKZoo4A8bsFC0RTV4AaABAg,vXsioE-C9wM,खेल समाचार हिंदी,Neutral,1,train
UgxrUG6lqEXYkU4ZfKB4AaABAg,EY41X9sfxlA,आईपीएल हाइलाइट्स हिंदी,Negative,0,train
UgwSWYvz4rOxnLLtctd4AaABAg,5iasPyNE1UA,नीरज चोपड़ा,Negative,0,train
UgwbIsuwkXTke06nS8V4AaABAg,FR2SkETgQ0o,विनेश फोगाट कुश्ती,Positive,2,train
Ugxti0lpp942RklQVu94AaABAg,WIIvp8MWfCg,हॉकी इंडिया,Negative,0,train
UgwMWAVEShvITHIW1iB4AaABAg,CVRuytf_zm8,नीरज चोपड़ा,Negative,0,train
UgyM8C9eSTvo7OqfIQd4AaABAg,rW_fwcmyIfk,नीरज चोपड़ा,Positive,2,train
UgxgHWuJK9W39hwxrYx4AaABAg,7Yt5Xpnvl6s,खेल समाचार हिंदी,Negative,0,train
UgxzdFEYqCmmz-ypJ1p4AaABAg,Cd2ZiwMgGzo,एमएस धोनी,Positive,2,train
UgzynhtDHziw8fqhzLx4AaABAg,_5Al9MzlDJk,क्रिकेट विश्लेषण हिंदी,Positive,2,train
UgzPM5PbzYIiLEC0cTh4AaABAg,m6TaFjvrsqE,टीम इंडिया हार,Negative,0,train
Ugxf_SkUKMmoiPEWslJ4AaABAg,mYivERVT1-g,टीम इंडिया हार,Negative,0,train
UgwKKpNsTNLlY-7w_Ld4AaABAg,fsRKvb9qRx8,शुभमन गिल,Negative,0,train
UgwcQVH1460AWfUaVsZ4AaABAg,yFlarM35vxA,क्रिकेट विश्लेषण हिंदी,Negative,0,train
UgyMOzBvDtAq7GJyj0h4AaABAg,X4OB4-Itx8E,विनेश फोगाट कुश्ती,Negative,0,train
UgxbJP8iJkzkh1fly6V4AaABAg,fzOVeNcFT3Q,भारत बनाम पाकिस्तान क्रिकेट,Neutral,1,train
UgyxZIBkShMoPocpkb54AaABAg,mo4X4Q4L3kU,नीरज चोपड़ा,Positive,2,train
UgyQ3TFWWWGYHXt94vx4AaABAg,ri8TryiW6iQ,पीवी सिंधु बैडमिंटन,Negative,0,train
UgxApHH1lM_0DqtnC4B4AaABAg,oZUpj8GYbIY,प्रो कबड्डी,Positive,2,validation
Ugw1QyGaILHdx-smgxR4AaABAg,eHHRTfEOCSk,विराट कोहली,Positive,2,validation
Ugw5MB6tjI_05ujTuW94AaABAg,RiFzSORKO8o,खेल समाचार हिंदी,Negative,0,validation
UgxuXRE2ASaswhzGmE54AaABAg,WQdqgrWvy6g,भारत बनाम पाकिस्तान क्रिकेट,Neutral,1,validation
UgyGFojgWcBhBCxf_mJ4AaABAg,RiFzSORKO8o,खेल समाचार हिंदी,Negative,0,validation
UgzWFJ6rpNqlwCSRDnV4AaABAg,hHfPkMCbSh8,एमएस धोनी,Negative,0,validation
UgzX_279Id36qd-1xCt4AaABAg,CVRuytf_zm8,नीरज चोपड़ा,Negative,0,validation
UgzN5mODSeNmhNIuSwZ4AaABAg,7Yt5Xpnvl6s,खेल समाचार हिंदी,Negative,0,validation
UgztNIfu4DG7nqIX37h4AaABAg,7Yt5Xpnvl6s,खेल समाचार हिंदी,Negative,0,validation
UgyiZFP3eOXzVzOH4S94AaABAg,VOS3Vw_toeA,शुभमन गिल,Positive,2,validation
Ugxg_Dglwq-X_hKL0DB4AaABAg,FR2SkETgQ0o,विनेश फोगाट कुश्ती,Negative,0,validation
UgyhhgFId1zilpFD1vx4AaABAg,0xI6LADDw3A,टीम इंडिया हार,Negative,0,validation
UgzowGU9pEDsudlLEct4AaABAg,B9Qnxe_GcTg,एशिया कप हिंदी,Neutral,1,validation
UgxJhoAgJ2JwLPXEpCR4AaABAg,H7q7q1IwEY4,क्रिकेट हाइलाइट्स हिंदी,Neutral,1,validation
Ugwc1SYQz6GbqpNuVel4AaABAg,cgTIgkM2iyI,टीम इंडिया जीत,Positive,2,validation
UgzB6MYVJidzF5sUAF94AaABAg,JxdXGM-vPWM,विनेश फोगाट कुश्ती,Negative,0,validation
UgxPBoPi6pR45ETPqCp4AaABAg,7Yt5Xpnvl6s,खेल समाचार हिंदी,Negative,0,validation
Ugx_uh25b5ftzXUCpMV4AaABAg,vXsioE-C9wM,खेल समाचार हिंदी,Negative,0,validation
Ugzkxe6PjnR7aTHmiWZ4AaABAg,mYivERVT1-g,टीम इंडिया हार,Negative,0,validation
Ugx96_ujXH9sMhXh7ZF4AaABAg,7Yt5Xpnvl6s,खेल समाचार हिंदी,Negative,0,validation
Ugwd1Nkj719MKThihBp4AaABAg,LDwhd2nI1eA,ओलंपिक भारत हिंदी,Negative,0,validation
UgwRvzfiu8c3PUKkift4AaABAg,IlDcNvSuu3I,खेल समाचार हिंदी,Negative,0,validation
Ugz9tPOEksWWqb8pV8V4AaABAg,wg1m1TWI0KI,रोहित शर्मा,Positive,2,validation
UgyjEzDTwPbIyTvdxlp4AaABAg,fvveJ66s0wg,भारत बनाम पाकिस्तान क्रिकेट,Positive,2,validation
Ugz934EigFpns0y9nH14AaABAg,fzOVeNcFT3Q,भारत बनाम पाकिस्तान क्रिकेट,Positive,2,validation
Ugzg2ZnNT-sTb9UpNF14AaABAg,RiFzSORKO8o,खेल समाचार हिंदी,Neutral,1,validation
UgwSNbdvtvHPgS9_o1Z4AaABAg,7Yt5Xpnvl6s,खेल समाचार हिंदी,Negative,0,validation
Ugx75P4p_ueDMTkH5Qh4AaABAg,H7q7q1IwEY4,क्रिकेट हाइलाइट्स हिंदी,Neutral,1,validation
UgzQeYQbs_E3ffYTPXR4AaABAg,4TOuvu8C5y4,टीम इंडिया जीत,Positive,2,validation
UgyZvxaBFujnjCWAnwF4AaABAg,nhqQWXNdivo,एमएस धोनी,Positive,2,validation
UgwbTcgaIQPmoAO_xCl4AaABAg,LDwhd2nI1eA,ओलंपिक भारत हिंदी,Positive,2,validation
UgxAHs04FS7-tphZDjN4AaABAg,RiFzSORKO8o,खेल समाचार हिंदी,Negative,0,validation
UgyK4TMiQWPpcHg8khV4AaABAg,5iasPyNE1UA,नीरज चोपड़ा,Positive,2,validation
Ugx7Vqjq5dXYuGyH9mZ4AaABAg,blu3Ez0VSSE,एमएस धोनी,Positive,2,validation
UgxOMYiVLeOxai3YHGZ4AaABAg,fa9my1Q-CWY,प्रो कबड्डी,Positive,2,validation
Ugx65gqqwxzNisYAgip4AaABAg,mYivERVT1-g,टीम इंडिया हार,Negative,0,validation
Ugxl2ikaC6gMcZ9X4rZ4AaABAg,JxdXGM-vPWM,विनेश फोगाट कुश्ती,Negative,0,validation
UgyUhZ-ZCD_lJXM9uVN4AaABAg,FwW1nVvr_B8,विराट कोहली,Negative,0,validation
Ugw772YlINYgWcEX7pp4AaABAg,VRNVxhlPvBE,एमएस धोनी,Neutral,1,validation
Ugz3zoQlyeD3aJY0SOl4AaABAg,nhqQWXNdivo,एमएस धोनी,Positive,2,validation
Ugwq7lJU7TatsgMPuDB4AaABAg,zoPxpDFT-_s,प्रो कबड्डी,Positive,2,validation
UgzCBWLS3Ggt9EuPu2d4AaABAg,5iasPyNE1UA,नीरज चोपड़ा,Positive,2,validation
Ugy0wnZyRtfxgTkdwF54AaABAg,j0GPS4-Hzjs,टीम इंडिया हार,Negative,0,validation
UgyLg2Au0ZqxWFrFE0B4AaABAg,X4OB4-Itx8E,विनेश फोगाट कुश्ती,Positive,2,validation
UgxaVnDxUdaz41GTFI14AaABAg,nFxie8HZvyk,शुभमन गिल,Neutral,1,validation
UgxJeoptfFwBH93YPTx4AaABAg,p5oIGfizFBk,हॉकी इंडिया,Negative,0,validation
Ugwb048Ew79e2etP6kp4AaABAg,X4OB4-Itx8E,विनेश फोगाट कुश्ती,Negative,0,validation
UgxrBKBvsOzRd6mruRp4AaABAg,7Yt5Xpnvl6s,खेल समाचार हिंदी,Negative,0,validation
UgxhVVWXBf5ZpMj3oH94AaABAg,luSat_G-U64,विनेश फोगाट कुश्ती,Neutral,1,validation
UgwhCWiQN6W9pnlnNNt4AaABAg,uSGCAJS6qWg,भारत बनाम पाकिस्तान क्रिकेट,Negative,0,validation
UgwH1_npwuo_1Ac_ZEF4AaABAg,nFxie8HZvyk,शुभमन गिल,Neutral,1,validation
Ugx5SNxOQHbg7BzvxRR4AaABAg,IlDcNvSuu3I,खेल समाचार हिंदी,Negative,0,validation
UgzQrypSMnoA9ALHjJJ4AaABAg,fsRKvb9qRx8,शुभमन गिल,Neutral,1,validation
Ugzi3kukmESvykAx1B94AaABAg,m6TaFjvrsqE,टीम इंडिया हार,Positive,2,validation
UgyBl87rMsP8DMArYcp4AaABAg,cgTIgkM2iyI,टीम इंडिया जीत,Negative,0,validation
UgwZJARSioE1aaeFF594AaABAg,mYivERVT1-g,टीम इंडिया हार,Negative,0,validation
UgytI0eERWlbNiYdCp94AaABAg,fzOVeNcFT3Q,भारत बनाम पाकिस्तान क्रिकेट,Positive,2,validation
UgxGzatHa7Ye6Sr6zKV4AaABAg,5XtX8Lezjg4,ओलंपिक भारत हिंदी,Positive,2,validation
UgzJeYGrJ0DClEfCFid4AaABAg,DhxtvDzaBg0,टीम इंडिया हार,Negative,0,validation
UgwjNWhQpbrJa4olkKV4AaABAg,nFxie8HZvyk,शुभमन गिल,Negative,0,validation
Ugzbpy_jhwS3k8lYzId4AaABAg,mYivERVT1-g,टीम इंडिया हार,Negative,0,validation
UgwO542sphHq4BBiCxN4AaABAg,R7RjpLJnIQc,विनेश फोगाट कुश्ती,Neutral,1,validation
UgzOzoPpyDW8a4mmZMp4AaABAg,FwW1nVvr_B8,विराट कोहली,Negative,0,validation
UgzEksfm3-GjI6dq_Pp4AaABAg,zoPxpDFT-_s,प्रो कबड्डी,Neutral,1,validation
Ugz2bfdNKi1-tHYIUzx4AaABAg,m6TaFjvrsqE,टीम इंडिया हार,Positive,2,validation
UgwDeL2GqH4ouI38jCp4AaABAg,XqH6_0ocQRE,शुभमन गिल,Negative,0,validation
Ugydn2-op0ufMrzMKXl4AaABAg,VRNVxhlPvBE,एमएस धोनी,Positive,2,validation
UgxiIoRYHwsO5c4wglJ4AaABAg,5iasPyNE1UA,नीरज चोपड़ा,Negative,0,validation
UgwI-XT5dviSvlutPgx4AaABAg,XqH6_0ocQRE,शुभमन गिल,Neutral,1,validation
Ugw1-r1CLpZJPsK4Z5F4AaABAg,nFxie8HZvyk,शुभमन गिल,Negative,0,validation
UgxUHmISl5Yk95BDzS14AaABAg,fvveJ66s0wg,भारत बनाम पाकिस्तान क्रिकेट,Neutral,1,validation
UgzBYJToWxPL5zPoO5h4AaABAg,VLmkv3PLjlc,रोहित शर्मा,Negative,0,validation
UgwF041kybxZGEdhgxt4AaABAg,nFxie8HZvyk,शुभमन गिल,Negative,0,validation
Ugzzj8xNMT9inrge3jN4AaABAg,m6TaFjvrsqE,टीम इंडिया हार,Positive,2,validation
UgwYWK7oArK3QctKv5d4AaABAg,nFxie8HZvyk,शुभमन गिल,Negative,0,validation
UgwNJwtnpzdgmHwporF4AaABAg,22oHUsHvR7U,ओलंपिक भारत हिंदी,Positive,2,validation
UgxCsMvbtCwUohWKh-N4AaABAg,nhqQWXNdivo,एमएस धोनी,Negative,0,validation
UgztDIY22bskcuoZOhB4AaABAg,m6TaFjvrsqE,टीम इंडिया हार,Positive,2,validation
UgyErKa9jOtzH5wcAol4AaABAg,p5oIGfizFBk,हॉकी इंडिया,Positive,2,validation
UgzJlcKxXnvwxqiTXmJ4AaABAg,mYivERVT1-g,टीम इंडिया हार,Neutral,1,validation
UgyC9WxQkPwU-YQJ73R4AaABAg,LDwhd2nI1eA,ओलंपिक भारत हिंदी,Negative,0,validation
UgxhTiuE0MVegm2paHl4AaABAg,X4OB4-Itx8E,विनेश फोगाट कुश्ती,Positive,2,validation
Ugw393emxS7j_ExCNFF4AaABAg,vXsioE-C9wM,खेल समाचार हिंदी,Negative,0,validation
UgwwTDNix6ZUY2d7Cah4AaABAg,m6TaFjvrsqE,टीम इंडिया हार,Positive,2,validation
UgzQe7kjbuzpdDo-2g54AaABAg,H7q7q1IwEY4,क्रिकेट हाइलाइट्स हिंदी,Positive,2,validation
UgybIBaXXggGlpRJJBd4AaABAg,Fq6mlKQPpAM,नीरज चोपड़ा,Positive,2,validation
Ugwx5XPds7LOFLZDhcB4AaABAg,AFEZzf9_EHk,क्रिकेट हाइलाइट्स हिंदी,Neutral,1,validation
UgxiXvUk1lYJs0ogGJ94AaABAg,mYivERVT1-g,टीम इंडिया हार,Negative,0,validation
UgxwqObP8aNqGKyJZNl4AaABAg,cgTIgkM2iyI,टीम इंडिया जीत,Positive,2,validation
Ugxx3OS0R0hOHq1p46R4AaABAg,JxdXGM-vPWM,विनेश फोगाट कुश्ती,Positive,2,validation
UgyW2hDS06ClxIpcbHp4AaABAg,7Yt5Xpnvl6s,खेल समाचार हिंदी,Negative,0,validation
UgzpzqQk4NHNpa5nojh4AaABAg,RiFzSORKO8o,खेल समाचार हिंदी,Negative,0,validation
UgzsVQ7Pp-a3DoSlQnR4AaABAg,7Yt5Xpnvl6s,खेल समाचार हिंदी,Negative,0,validation
Ugy_Gs6oYlk_Vs7XINt4AaABAg,4TOuvu8C5y4,टीम इंडिया जीत,Positive,2,validation
UgwUvS7gKV1CsafW10h4AaABAg,j0GPS4-Hzjs,टीम इंडिया हार,Negative,0,validation
Ugzw_rtnXqE-hqDi7AN4AaABAg,7Yt5Xpnvl6s,खेल समाचार हिंदी,Negative,0,validation
Ugxh7FmCbksMPyN7d5l4AaABAg,mYivERVT1-g,टीम इंडिया हार,Positive,2,validation
Ugw18UuSVbwJFIPY_K94AaABAg,5dr3VzpoMfM,टीम इंडिया जीत,Positive,2,validation
UgweSLSyaf9m37GjbSF4AaABAg,RiFzSORKO8o,खेल समाचार हिंदी,Negative,0,validation
UgzFndj5QjuhygLrzal4AaABAg,nsguh1qsUY0,खेल समाचार हिंदी,Negative,0,validation
UgysBiIGvGO10PMzm5p4AaABAg,m6TaFjvrsqE,टीम इंडिया हार,Positive,2,validation
UgxGN04_M8B0Y3wE2Yd4AaABAg,oZUpj8GYbIY,प्रो कबड्डी,Neutral,1,validation
UgwI8QOJ1tyfWkLwRkd4AaABAg,H7q7q1IwEY4,क्रिकेट हाइलाइट्स हिंदी,Negative,0,validation
UgxpHNdlPn_CI0d36Ht4AaABAg,d93flq_4BKY,शुभमन गिल,Neutral,1,validation
UgwNIixqpcHhimx4Vdx4AaABAg,LLNdaQd5rMY,रोहित शर्मा,Neutral,1,validation
UgxJWOAz8wWtx7SEudJ4AaABAg,hHfPkMCbSh8,एमएस धोनी,Neutral,1,validation
UgxPRlgy32w4cBkZDHJ4AaABAg,ReVTGCbDzfw,टीम इंडिया जीत,Negative,0,validation
UgyFcKZ7ElCdPorlott4AaABAg,nsguh1qsUY0,खेल समाचार हिंदी,Neutral,1,validation
UgysNbQw29JRAoDRJpt4AaABAg,hHfPkMCbSh8,एमएस धोनी,Neutral,1,validation
UgzbviwbcQUPPhwzi8t4AaABAg,CVRuytf_zm8,नीरज चोपड़ा,Negative,0,validation
UgxoY6AkPECU8i8N2O14AaABAg,vXsioE-C9wM,खेल समाचार हिंदी,Negative,0,validation
Ugy0qkNQ5TvCO5_fgGB4AaABAg,cgTIgkM2iyI,टीम इंडिया जीत,Positive,2,validation
UgycEf_ZbgNCgJGkuKx4AaABAg,4TOuvu8C5y4,टीम इंडिया जीत,Positive,2,validation
Ugy3p5qkBP2H9qODe7J4AaABAg,eHHRTfEOCSk,विराट कोहली,Positive,2,validation
UgxGm9ZuN8UwP4YzrIN4AaABAg,FR2SkETgQ0o,विनेश फोगाट कुश्ती,Positive,2,validation
UgwZD36FTS7rUWunVlR4AaABAg,mYivERVT1-g,टीम इंडिया हार,Negative,0,validation
UgzCY_e4x12bc6CDmLJ4AaABAg,WIIvp8MWfCg,हॉकी इंडिया,Negative,0,validation
UgxlkZv6rjcPgPFk-GN4AaABAg,0xI6LADDw3A,टीम इंडिया हार,Negative,0,validation
Ugz_u0d2gofWdfTFCv14AaABAg,CVRuytf_zm8,नीरज चोपड़ा,Negative,0,validation
Ugz8GLoXdqcMYHUd7lV4AaABAg,blu3Ez0VSSE,एमएस धोनी,Positive,2,validation
UgxSYP1BWDchhQru_JZ4AaABAg,7Yt5Xpnvl6s,खेल समाचार हिंदी,Negative,0,validation
UgxDUGV_0lD7Q-5A0wB4AaABAg,RRdg44agPoU,विनेश फोगाट कुश्ती,Negative,0,validation
UgzB0tqrsNXD5KIbRF94AaABAg,m6TaFjvrsqE,टीम इंडिया हार,Positive,2,validation
Ugz3lOtzhrH19IryQJR4AaABAg,X4OB4-Itx8E,विनेश फोगाट कुश्ती,Positive,2,validation
UgzgZVePMzYldtT45B14AaABAg,mYivERVT1-g,टीम इंडिया हार,Positive,2,validation
UgwLyYz90eggUDdpF0p4AaABAg,d93flq_4BKY,शुभमन गिल,Negative,0,validation
UgyyQ_-VNomGFut8VM94AaABAg,DhxtvDzaBg0,टीम इंडिया हार,Negative,0,validation
Ugx_IiL4sJ6YAwITNKB4AaABAg,IlDcNvSuu3I,खेल समाचार हिंदी,Negative,0,validation
UgwXZGKNl8S2Qbe_DB54AaABAg,CVRuytf_zm8,नीरज चोपड़ा,Negative,0,validation
UgwXS2b7dCKdebAp1UZ4AaABAg,fzOVeNcFT3Q,भारत बनाम पाकिस्तान क्रिकेट,Negative,0,validation
Ugx7gDtdhIRjcNdcfSR4AaABAg,RiFzSORKO8o,खेल समाचार हिंदी,Negative,0,validation
UgzcJNuUmyteqczeQnN4AaABAg,m6TaFjvrsqE,टीम इंडिया हार,Positive,2,validation
Ugxy4UsN4fm4eW0bIGl4AaABAg,msAzQ1p3lTA,रोहित शर्मा,Neutral,1,validation
Ugy4tlLtvvtIRBSLbvh4AaABAg,wg1m1TWI0KI,रोहित शर्मा,Positive,2,validation
UgxCXQAiwWjnj6JjwF14AaABAg,VLmkv3PLjlc,रोहित शर्मा,Negative,0,validation
UgxokdNuwW9UdklFxgh4AaABAg,RRdg44agPoU,विनेश फोगाट कुश्ती,Positive,2,validation
UgxaBgVoTXnvc-kYjxp4AaABAg,m6TaFjvrsqE,टीम इंडिया हार,Neutral,1,validation
UgzoUnvSUkkB4KVw6FZ4AaABAg,RiFzSORKO8o,खेल समाचार हिंदी,Negative,0,validation
UgwxNQa9YC8EYUvJTF54AaABAg,d93flq_4BKY,शुभमन गिल,Negative,0,validation
UgzZwYBdFOtNrMS_Mj14AaABAg,R7RjpLJnIQc,विनेश फोगाट कुश्ती,Positive,2,validation
UgzhF79as18X23e5OIN4AaABAg,hHfPkMCbSh8,एमएस धोनी,Positive,2,validation
UgwVCyHdGkrdNa-cP_J4AaABAg,5dr3VzpoMfM,टीम इंडिया जीत,Positive,2,validation
UgwsyArXqtXq9VACRcF4AaABAg,vXsioE-C9wM,खेल समाचार हिंदी,Negative,0,validation
UgxHTe5XU-Q7ntxXxt14AaABAg,VLmkv3PLjlc,रोहित शर्मा,Negative,0,validation
UgyLbm9Dn6BAvjUSwMR4AaABAg,nFxie8HZvyk,शुभमन गिल,Negative,0,validation
Ugzf__FAvsFERr-e0QJ4AaABAg,VLmkv3PLjlc,रोहित शर्मा,Negative,0,validation
Ugwxa7mahARWmy6CvId4AaABAg,rDyUKfq7B-g,विनेश फोगाट कुश्ती,Positive,2,validation
UgyNOLyNIevfElzVraN4AaABAg,DhxtvDzaBg0,टीम इंडिया हार,Negative,0,validation
UgxI4N4f2My981gLgOR4AaABAg,22oHUsHvR7U,ओलंपिक भारत हिंदी,Positive,2,validation
UgyRsiAnwSM02GPCqxN4AaABAg,m6TaFjvrsqE,टीम इंडिया हार,Positive,2,validation
UgxEmsa4wv_sOqJ8AE14AaABAg,mYivERVT1-g,टीम इंडिया हार,Negative,0,validation
UgwT6OwH0IHRUOFgQTN4AaABAg,fzOVeNcFT3Q,भारत बनाम पाकिस्तान क्रिकेट,Positive,2,validation
UgymSbz94VohVTaqojZ4AaABAg,mYivERVT1-g,टीम इंडिया हार,Positive,2,validation
UgzlUCFUq8giiKfwX3R4AaABAg,mYivERVT1-g,टीम इंडिया हार,Negative,0,validation
UgzqfWGmjw6pr5cPvXd4AaABAg,mYivERVT1-g,टीम इंडिया हार,Negative,0,validation
UgxJbaZf1Qbi2jDyxWB4AaABAg,WIIvp8MWfCg,हॉकी इंडिया,Negative,0,validation
UgyZ0PxAdi9XZUtRBJl4AaABAg,luSat_G-U64,विनेश फोगाट कुश्ती,Positive,2,validation
Ugy0an9jQ2ycxNrsrTJ4AaABAg,7Yt5Xpnvl6s,खेल समाचार हिंदी,Negative,0,validation
Ugzs4_KG1XwmY3kOElV4AaABAg,m6TaFjvrsqE,टीम इंडिया हार,Negative,0,validation
UgwRVZO6w-9VqvuR6Rx4AaABAg,j0GPS4-Hzjs,टीम इंडिया हार,Positive,2,validation
UgwDwlFf49b1yvQR8JB4AaABAg,VLmkv3PLjlc,रोहित शर्मा,Negative,0,validation
UgzDInUlKTwirmWWHO54AaABAg,5dr3VzpoMfM,टीम इंडिया जीत,Negative,0,validation
Ugw5_U9nvpS9r7TJNvd4AaABAg,rDyUKfq7B-g,विनेश फोगाट कुश्ती,Positive,2,validation
UgwwZgGeI-8ARW6H39x4AaABAg,6vlujRLmTjM,विनेश फोगाट कुश्ती,Positive,2,validation
Ugz3wVNtaxHfzi1u_6N4AaABAg,-VPYd0WqOAM,टीम इंडिया हार,Negative,0,validation
Ugys0OW_FVvCdYeLwdt4AaABAg,vdNrPdeEuYQ,क्रिकेट हाइलाइट्स हिंदी,Neutral,1,validation
UgyvOTSaSuwBsW2ZyRp4AaABAg,B9Qnxe_GcTg,एशिया कप हिंदी,Negative,0,validation
UgwtfrIQDzF2WLcE0mF4AaABAg,j0GPS4-Hzjs,टीम इंडिया हार,Negative,0,validation
Ugxd5XrE6Z0T3fiscNx4AaABAg,wY6UyatwVTA,क्रिकेट हाइलाइट्स हिंदी,Positive,2,validation
Ugx3DTMfXnXc2s9bdhh4AaABAg,cgTIgkM2iyI,टीम इंडिया जीत,Positive,2,validation
Ugw3JmRwI3QDLHr5GI94AaABAg,ReVTGCbDzfw,टीम इंडिया जीत,Positive,2,validation
UgxFlVXcsVBhNC6zOgF4AaABAg,hHfPkMCbSh8,एमएस धोनी,Neutral,1,validation
Ugw_h_tBP3NYiUEGsWZ4AaABAg,oZUpj8GYbIY,प्रो कबड्डी,Positive,2,validation
UgxqbsBgMj48HWNdUJ14AaABAg,cgTIgkM2iyI,टीम इंडिया जीत,Positive,2,validation
Ugylt7qUf4L-WUbqUcJ4AaABAg,fzOVeNcFT3Q,भारत बनाम पाकिस्तान क्रिकेट,Neutral,1,validation
UgwtaatCE27XmoXGmal4AaABAg,d93flq_4BKY,शुभमन गिल,Neutral,1,validation
UgxVsGOiZguL6lmk8XV4AaABAg,fzOVeNcFT3Q,भारत बनाम पाकिस्तान क्रिकेट,Negative,0,validation
UgyN0n-yW18w_c8jeld4AaABAg,JxdXGM-vPWM,विनेश फोगाट कुश्ती,Positive,2,validation
Ugz4plyHmiD0oLqaael4AaABAg,7Yt5Xpnvl6s,खेल समाचार हिंदी,Neutral,1,validation
UgywBgwUVA059x_gwXZ4AaABAg,DhxtvDzaBg0,टीम इंडिया हार,Neutral,1,validation
UgzZO6AEHrG3IurBfFd4AaABAg,j0GPS4-Hzjs,टीम इंडिया हार,Neutral,1,validation
UgzLExpsXkw9Sm-PdVx4AaABAg,LLNdaQd5rMY,रोहित शर्मा,Positive,2,validation
UgxQdDtB8KT8pYOzu1h4AaABAg,mYivERVT1-g,टीम इंडिया हार,Negative,0,validation
UgxPl2LKCM5Km5hlFDZ4AaABAg,d93flq_4BKY,शुभमन गिल,Negative,0,validation
UgwBjGWdMMveoYGWxfZ4AaABAg,7Yt5Xpnvl6s,खेल समाचार हिंदी,Negative,0,validation
UgxGX5uvl2ixUJxBIJR4AaABAg,rDyUKfq7B-g,विनेश फोगाट कुश्ती,Neutral,1,validation
UgyZ2zHcvE_u18naws54AaABAg,FUPfVqR5Hys,रोहित शर्मा,Positive,2,validation
UgwW5hREi6cYsDsZ2K54AaABAg,hHfPkMCbSh8,एमएस धोनी,Positive,2,validation
UgzhOqdqDzTUL-LjySR4AaABAg,luSat_G-U64,विनेश फोगाट कुश्ती,Neutral,1,validation
Ugz711pXpyNmQetzSx94AaABAg,mX1xtHVM-vk,विराट कोहली,Neutral,1,validation
UgyszNvakfnOO1McgOJ4AaABAg,5iasPyNE1UA,नीरज चोपड़ा,Negative,0,validation
UgyWROkeCBGBrIIXZ7N4AaABAg,j0GPS4-Hzjs,टीम इंडिया हार,Negative,0,validation
UgzLmIY3nozO6i0UK5N4AaABAg,nFxie8HZvyk,शुभमन गिल,Negative,0,validation
Ugw1UqtecH82jZapxbp4AaABAg,CVRuytf_zm8,नीरज चोपड़ा,Negative,0,validation
UgxooFftTRfyHgc16TF4AaABAg,WIIvp8MWfCg,हॉकी इंडिया,Negative,0,validation
UgznwdLaTJpwB4kZEW54AaABAg,RiFzSORKO8o,खेल समाचार हिंदी,Negative,0,validation
UgyqTqPxb2bBEDcwTaV4AaABAg,RiFzSORKO8o,खेल समाचार हिंदी,Negative,0,validation
UgyQHiZEjp2CIovDehx4AaABAg,m6TaFjvrsqE,टीम इंडिया हार,Positive,2,validation
UgxR-8VmC827nio0vo54AaABAg,msAzQ1p3lTA,रोहित शर्मा,Neutral,1,validation
Ugy8vLYqA6A2IxfxYrt4AaABAg,cgTIgkM2iyI,टीम इंडिया जीत,Negative,0,validation
UgxcM_OIqpNY0kUs5P54AaABAg,CVRuytf_zm8,नीरज चोपड़ा,Neutral,1,validation
Ugx60VGsMoBGw1KxxeF4AaABAg,fzOVeNcFT3Q,भारत बनाम पाकिस्तान क्रिकेट,Positive,2,validation
UgzcLYiyUK_pBruJtM94AaABAg,5iasPyNE1UA,नीरज चोपड़ा,Negative,0,validation
Ugx1Xi0b6x1jlQV_7Yp4AaABAg,8Opl8ESx6UY,खेल समाचार हिंदी,Negative,0,validation
Ugy9YQOsVz2L7pWIQvl4AaABAg,5dr3VzpoMfM,टीम इंडिया जीत,Positive,2,validation
UgwQkXUW_VKCntOK4aF4AaABAg,FwW1nVvr_B8,विराट कोहली,Negative,0,validation
Ugyi2SEtxZ40pR6azL54AaABAg,CVRuytf_zm8,नीरज चोपड़ा,Neutral,1,validation
Ugz5Dq792mdwMKfl7DR4AaABAg,B9Qnxe_GcTg,एशिया कप हिंदी,Negative,0,validation
Ugxy_BIOoAeYEbwoIfN4AaABAg,nFxie8HZvyk,शुभमन गिल,Negative,0,validation
UgzjYqynmGdfwinBb0J4AaABAg,2u70UbLyO0s,विराट कोहली,Neutral,1,validation
Ugy-C9ud6TFtbxmNKOt4AaABAg,7Yt5Xpnvl6s,खेल समाचार हिंदी,Negative,0,validation
Ugyba0HY9i71F7Rbq0Z4AaABAg,fP2OioK7nXk,हॉकी इंडिया,Positive,2,validation
UgzLHJ6i9wo__Sj0Hcp4AaABAg,5iasPyNE1UA,नीरज चोपड़ा,Neutral,1,validation
Ugy_PDbcPmzn6M-mIYZ4AaABAg,ReVTGCbDzfw,टीम इंडिया जीत,Positive,2,validation
UgwP9Mn7fovhKmgmTRx4AaABAg,rDyUKfq7B-g,विनेश फोगाट कुश्ती,Negative,0,validation
Ugypy30V3Z8vD1gfBAN4AaABAg,d93flq_4BKY,शुभमन गिल,Positive,2,validation
Ugz2xB2Jy8bkfZmi1ux4AaABAg,oZUpj8GYbIY,प्रो कबड्डी,Positive,2,validation
Ugy4_q2x-rHfpMaK_eR4AaABAg,d93flq_4BKY,शुभमन गिल,Negative,0,validation
UgxytuzS5MpqCKydfl14AaABAg,Fq6mlKQPpAM,नीरज चोपड़ा,Positive,2,validation
Ugyq-aSftittRoQKuaN4AaABAg,mo4X4Q4L3kU,नीरज चोपड़ा,Positive,2,validation
Ugy5y6Vi39-wvSKKV6V4AaABAg,mYivERVT1-g,टीम इंडिया हार,Negative,0,validation
UgwuoShc789dYYhGjvd4AaABAg,7Yt5Xpnvl6s,खेल समाचार हिंदी,Negative,0,validation
UgzGzxdzrsrXoN1Ey4B4AaABAg,fzOVeNcFT3Q,भारत बनाम पाकिस्तान क्रिकेट,Negative,0,validation
Ugw8GPycp47HEWJ7iY14AaABAg,FwW1nVvr_B8,विराट कोहली,Negative,0,validation
UgyQ8kX2Sj5kkSy2x_x4AaABAg,LDwhd2nI1eA,ओलंपिक भारत हिंदी,Negative,0,validation
Ugxkq2Ue-fxLJ5oVVFN4AaABAg,9AF2cOl4gjQ,प्रो कबड्डी,Positive,2,validation
UgwTXwq2eXdEH_bgJot4AaABAg,RRdg44agPoU,विनेश फोगाट कुश्ती,Negative,0,validation
UgyYRyCFa7jrCH3g2Ol4AaABAg,fzOVeNcFT3Q,भारत बनाम पाकिस्तान क्रिकेट,Positive,2,validation
UgwkQg05LYJGP-BBPYp4AaABAg,WQdqgrWvy6g,भारत बनाम पाकिस्तान क्रिकेट,Neutral,1,validation
UgzU5YxQ41tI_XnDyxh4AaABAg,X4OB4-Itx8E,विनेश फोगाट कुश्ती,Positive,2,validation
UgzOeQPeCgUl_DtAGKl4AaABAg,luSat_G-U64,विनेश फोगाट कुश्ती,Positive,2,validation
Ugyg9st6n2IPxokbNgJ4AaABAg,22oHUsHvR7U,ओलंपिक भारत हिंदी,Neutral,1,validation
UgyePMXc1487hNRSZEV4AaABAg,RiFzSORKO8o,खेल समाचार हिंदी,Neutral,1,validation
UgxqRbYRyHBNZD74ZHN4AaABAg,DhxtvDzaBg0,टीम इंडिया हार,Positive,2,validation
UgyHnU-BMLJPcfvfNFZ4AaABAg,cgTIgkM2iyI,टीम इंडिया जीत,Negative,0,validation
Ugw8ILf35FIjJnoROAp4AaABAg,cgTIgkM2iyI,टीम इंडिया जीत,Negative,0,validation
Ugze-NrEhCyMN5AWJ-l4AaABAg,hHfPkMCbSh8,एमएस धोनी,Positive,2,validation
UgwOI1qZIplwuKOJ5JZ4AaABAg,VLmkv3PLjlc,रोहित शर्मा,Negative,0,validation
Ugx6AUAj4IeuLIYJf094AaABAg,rDyUKfq7B-g,विनेश फोगाट कुश्ती,Positive,2,validation
Ugz2qFZgGCXbf0kJA9p4AaABAg,ReVTGCbDzfw,टीम इंडिया जीत,Negative,0,validation
UgxE-rYTikn2-PuCINd4AaABAg,cai5ZdxxLNE,नीरज चोपड़ा,Positive,2,validation
UgxypleB2gjj2g-gAMd4AaABAg,_fZYUtRgYRQ,भारत बनाम पाकिस्तान क्रिकेट,Neutral,1,validation
UgzYxPd8RMv5iv3KILZ4AaABAg,7Yt5Xpnvl6s,खेल समाचार हिंदी,Negative,0,validation
Ugw0FeLOD3nNHvwIP0h4AaABAg,0xI6LADDw3A,टीम इंडिया हार,Negative,0,validation
UgzL2BhMfoAcrQoBgyN4AaABAg,msAzQ1p3lTA,रोहित शर्मा,Negative,0,validation
UgyYUwWPIjoBEwv93TV4AaABAg,RiFzSORKO8o,खेल समाचार हिंदी,Negative,0,validation
UgzjMu4WqpLfwYlTqOt4AaABAg,wY6UyatwVTA,क्रिकेट हाइलाइट्स हिंदी,Positive,2,validation
UgxfYuQqdYagzcu5rld4AaABAg,j0GPS4-Hzjs,टीम इंडिया हार,Positive,2,validation
UgxKLgzmSezMYzaylUh4AaABAg,7Yt5Xpnvl6s,खेल समाचार हिंदी,Negative,0,validation
UgwxLq4IKba7CetzWSp4AaABAg,m6TaFjvrsqE,टीम इंडिया हार,Neutral,1,validation
Ugzkp50CudG_vAJ2pWB4AaABAg,H7q7q1IwEY4,क्रिकेट हाइलाइट्स हिंदी,Negative,0,validation
UgwhXrBZI8JoG9qXWXV4AaABAg,d93flq_4BKY,शुभमन गिल,Neutral,1,validation
UgyqH-S-m65SSYBT5NZ4AaABAg,m6TaFjvrsqE,टीम इंडिया हार,Negative,0,validation
Ugzfwz58UC1DKuwGXVd4AaABAg,LDwhd2nI1eA,ओलंपिक भारत हिंदी,Neutral,1,validation
UgwlPYCErxJTpe7VESt4AaABAg,H7q7q1IwEY4,क्रिकेट हाइलाइट्स हिंदी,Positive,2,validation
UgwoEf8MT_CyAL0vWux4AaABAg,fsRKvb9qRx8,शुभमन गिल,Positive,2,validation
UgwuHd8NIuAzIRTKtQN4AaABAg,oG_9wSDdcFM,एमएस धोनी,Negative,0,validation
UgyMtZhe9pzoBBP3PAZ4AaABAg,fP2OioK7nXk,हॉकी इंडिया,Positive,2,validation
UgwTz8OYVKmXa-ZgI9t4AaABAg,d93flq_4BKY,शुभमन गिल,Negative,0,validation
UgwAXoab6cC_YRqMzEJ4AaABAg,d93flq_4BKY,शुभमन गिल,Neutral,1,validation
UgyDWl6YZXsaNnHhCvR4AaABAg,ReVTGCbDzfw,टीम इंडिया जीत,Positive,2,validation
UgxnU4IfYFtS_W0AhiZ4AaABAg,d93flq_4BKY,शुभमन गिल,Positive,2,validation
UgwT9EJ0P4Mg7lFePrJ4AaABAg,ReVTGCbDzfw,टीम इंडिया जीत,Positive,2,validation
Ugz916StyFTWRNnPTSF4AaABAg,5iasPyNE1UA,नीरज चोपड़ा,Negative,0,validation
UgxAQIIVRtbOOQFIf4h4AaABAg,WIIvp8MWfCg,हॉकी इंडिया,Negative,0,validation
Ugzdp3lMJbhp4o262mt4AaABAg,mEOBGY4-7JA,क्रिकेट हाइलाइट्स हिंदी,Neutral,1,validation
UgyO0jGqqK0dvI7X25l4AaABAg,5dr3VzpoMfM,टीम इंडिया जीत,Positive,2,validation
UgwqaUrvdMcSypX0A5R4AaABAg,luSat_G-U64,विनेश फोगाट कुश्ती,Negative,0,validation
UgzGsX2aiSQZsp76BIZ4AaABAg,5iasPyNE1UA,नीरज चोपड़ा,Neutral,1,validation
UgyODp4TGAPVtZD4WRN4AaABAg,cgTIgkM2iyI,टीम इंडिया जीत,Positive,2,validation
UgwzLSxf-CbXpV4opDF4AaABAg,FwW1nVvr_B8,विराट कोहली,Negative,0,validation
UgwnKT-uBGel2AjK0xd4AaABAg,7Yt5Xpnvl6s,खेल समाचार हिंदी,Negative,0,validation
Ugzyy3hDTnQNrjKE7VV4AaABAg,j0GPS4-Hzjs,टीम इंडिया हार,Positive,2,validation
UgyIoUg0ten3mEXZGVN4AaABAg,ReVTGCbDzfw,टीम इंडिया जीत,Positive,2,validation
UgzTs7oPwHvyRV-tg7V4AaABAg,DhxtvDzaBg0,टीम इंडिया हार,Negative,0,validation
UgyV0M7AWDoVySBwTCt4AaABAg,m6TaFjvrsqE,टीम इंडिया हार,Positive,2,validation
Ugw5AiqekC4jANRhdjR4AaABAg,hHfPkMCbSh8,एमएस धोनी,Neutral,1,validation
UgxkOjbOBNzXiqV9rnh4AaABAg,Ustiji6bVus,ओलंपिक भारत हिंदी,Positive,2,validation
UgyclEWM-YzvQ5b4Nlh4AaABAg,7Yt5Xpnvl6s,खेल समाचार हिंदी,Negative,0,validation
Ugz3jdt_LA23Ac6E9_B4AaABAg,H7q7q1IwEY4,क्रिकेट हाइलाइट्स हिंदी,Positive,2,validation
Ugw8UYt196I6pn-LPwV4AaABAg,cai5ZdxxLNE,नीरज चोपड़ा,Positive,2,validation
UgxUeV95eHe0OEIKwiN4AaABAg,6N6P_vOYKGk,एमएस धोनी,Negative,0,validation
UgwcZR8-twMGAFbPd0x4AaABAg,X4OB4-Itx8E,विनेश फोगाट कुश्ती,Positive,2,validation
Ugy2S81gCoCHgQq0xzx4AaABAg,5iasPyNE1UA,नीरज चोपड़ा,Negative,0,validation
UgyYNSYvEdeI55FjWbZ4AaABAg,nhqQWXNdivo,एमएस धोनी,Negative,0,validation
Ugx-BEfD51w-xcZ8ZW54AaABAg,nFxie8HZvyk,शुभमन गिल,Negative,0,validation
UgxWQGh9kow9rIcS9kJ4AaABAg,mo4X4Q4L3kU,नीरज चोपड़ा,Positive,2,validation
UgwfrhLbHc6f1DSOM7h4AaABAg,LLNdaQd5rMY,रोहित शर्मा,Neutral,1,validation
Ugxt252izqoq3xBMykh4AaABAg,CVRuytf_zm8,नीरज चोपड़ा,Negative,0,validation
UgyuhVbkzlUoPq7OnNB4AaABAg,5XtX8Lezjg4,ओलंपिक भारत हिंदी,Negative,0,validation
UgzKo-9msLZOcjAoDL54AaABAg,j0GPS4-Hzjs,टीम इंडिया हार,Positive,2,validation
UgymiDY-C6VOH61olY14AaABAg,ReVTGCbDzfw,टीम इंडिया जीत,Positive,2,validation
Ugw3HSxnCqR--BrCimF4AaABAg,nFxie8HZvyk,शुभमन गिल,Negative,0,validation
Ugw-3U3wYCMtIiWmM-x4AaABAg,DhxtvDzaBg0,टीम इंडिया हार,Neutral,1,validation
Ugx21I7eenJ6Vihidch4AaABAg,mYivERVT1-g,टीम इंडिया हार,Negative,0,validation
Ugx-i6lMmcNRRvisTTZ4AaABAg,Fq6mlKQPpAM,नीरज चोपड़ा,Positive,2,validation
UgxxRfTchiesUoS8Tuh4AaABAg,ReVTGCbDzfw,टीम इंडिया जीत,Negative,0,validation
Ugyejk6UVZQTJOBWlg14AaABAg,RiFzSORKO8o,खेल समाचार हिंदी,Negative,0,validation
Ugw6sOWdRXyCVOaR04d4AaABAg,d93flq_4BKY,शुभमन गिल,Neutral,1,validation
UgyK3gYIyeXZW8qdxhJ4AaABAg,rW_fwcmyIfk,नीरज चोपड़ा,Positive,2,validation
UgybBdtKJpKWHq7eBV54AaABAg,7Yt5Xpnvl6s,खेल समाचार हिंदी,Negative,0,validation
Ugz7Ah9-6jI_C_9yrj14AaABAg,LLNdaQd5rMY,रोहित शर्मा,Negative,0,validation
UgzRSnDVwTNM5ofWFbF4AaABAg,mYivERVT1-g,टीम इंडिया हार,Negative,0,validation
Ugy2-H2XiffHq8xAYrd4AaABAg,cgTIgkM2iyI,टीम इंडिया जीत,Negative,0,validation
Ugyqoz6phNekJ76l5dR4AaABAg,WIIvp8MWfCg,हॉकी इंडिया,Negative,0,validation
UgzJGFtrRfFWBxup33p4AaABAg,LDwhd2nI1eA,ओलंपिक भारत हिंदी,Positive,2,validation
UgwM5jKbHiHvzCP3x3d4AaABAg,5dr3VzpoMfM,टीम इंडिया जीत,Positive,2,validation
UgyakS4pywYcpYbJwkN4AaABAg,nFxie8HZvyk,शुभमन गिल,Negative,0,validation
Ugw33dgsNADpHd2yGdB4AaABAg,m6TaFjvrsqE,टीम इंडिया हार,Negative,0,validation
UgxO0QmzpNeMB0bVLi54AaABAg,DhxtvDzaBg0,टीम इंडिया हार,Negative,0,validation
UgzRehBZjZaoU8PUfdN4AaABAg,VLmkv3PLjlc,रोहित शर्मा,Negative,0,validation
Ugz93vFa2tWZHRJEJZd4AaABAg,cgTIgkM2iyI,टीम इंडिया जीत,Negative,0,validation
UgwWlCq0jExRG1BuzcR4AaABAg,CVRuytf_zm8,नीरज चोपड़ा,Positive,2,validation
Ugx0Nv-vRAJNimR3l_N4AaABAg,tHrYQb2n6MQ,क्रिकेट हाइलाइट्स हिंदी,Neutral,1,validation
UgwwkcHqCcDGFO8R7dh4AaABAg,m6TaFjvrsqE,टीम इंडिया हार,Positive,2,validation
Ugx7xvoG_L8hpR3sFqF4AaABAg,ReVTGCbDzfw,टीम इंडिया जीत,Positive,2,validation
UgwDMMzS4M6rIA9KJux4AaABAg,mYivERVT1-g,टीम इंडिया हार,Negative,0,validation
Ugx4IfbNvOgQo_dpdq94AaABAg,VLmkv3PLjlc,रोहित शर्मा,Negative,0,validation
UgwcTkVznPumMwawJ0l4AaABAg,VRNVxhlPvBE,एमएस धोनी,Neutral,1,validation
UgwCUZ2f4qA_Xr0zXNR4AaABAg,mYivERVT1-g,टीम इंडिया हार,Negative,0,validation
UgyVKqXv6tpA0eCGI1p4AaABAg,X4OB4-Itx8E,विनेश फोगाट कुश्ती,Positive,2,validation
UgxnFqND2k0bHE7H-VZ4AaABAg,7Yt5Xpnvl6s,खेल समाचार हिंदी,Negative,0,validation
Ugx7e7744OpeC8zJH154AaABAg,FUPfVqR5Hys,रोहित शर्मा,Positive,2,validation
UgxJVT5wx7MRz2165Vd4AaABAg,IlDcNvSuu3I,खेल समाचार हिंदी,Negative,0,validation
Ugw3ELAp17_BWK4LSPN4AaABAg,R7RjpLJnIQc,विनेश फोगाट कुश्ती,Neutral,1,validation
UgwbTi5zKGvOjUD_tc94AaABAg,nFxie8HZvyk,शुभमन गिल,Negative,0,validation
UgyNI2jqpNu2YHurkOZ4AaABAg,WQdqgrWvy6g,भारत बनाम पाकिस्तान क्रिकेट,Neutral,1,validation
UgzEwXaWI3XMr0uZO1t4AaABAg,0xI6LADDw3A,टीम इंडिया हार,Negative,0,validation
UgzKGKZH8fKi3GyjN7J4AaABAg,X4OB4-Itx8E,विनेश फोगाट कुश्ती,Positive,2,validation
UgzsCieUJtPQqaZngz54AaABAg,5iasPyNE1UA,नीरज चोपड़ा,Negative,0,validation
UgwCdkN3eHiDOrunvbd4AaABAg,7Yt5Xpnvl6s,खेल समाचार हिंदी,Negative,0,validation
UgwDHv-g0gQlmTe8T5x4AaABAg,9tKuk3KRZss,टीम इंडिया जीत,Positive,2,validation
UgwD0RUWEJfcB-eOw8Z4AaABAg,nsguh1qsUY0,खेल समाचार हिंदी,Positive,2,validation
UgxCGab6s7qvT78pal54AaABAg,CVRuytf_zm8,नीरज चोपड़ा,Neutral,1,validation
UgwwSKFos5442I6C3Xt4AaABAg,mYivERVT1-g,टीम इंडिया हार,Negative,0,validation
UgwCTS-_UnOQJtf8Rhd4AaABAg,ReVTGCbDzfw,टीम इंडिया जीत,Positive,2,validation
UgyX3lcHMjgFZ9YzGbN4AaABAg,vXsioE-C9wM,खेल समाचार हिंदी,Negative,0,validation
UgynRFqskq0ULhZe4MB4AaABAg,X4OB4-Itx8E,विनेश फोगाट कुश्ती,Negative,0,validation
UgwlHrTyqoRw-oYj1Vt4AaABAg,j0GPS4-Hzjs,टीम इंडिया हार,Negative,0,validation
UgzeTgdGAdJJqgJSFBF4AaABAg,p5oIGfizFBk,हॉकी इंडिया,Negative,0,validation
Ugzwes5cBInu8sK79wV4AaABAg,X4OB4-Itx8E,विनेश फोगाट कुश्ती,Positive,2,validation
UgzrS5kUWLW-lnA7R5V4AaABAg,H7q7q1IwEY4,क्रिकेट हाइलाइट्स हिंदी,Negative,0,validation
UgzEU_m2yL4DN2agPEl4AaABAg,cgTIgkM2iyI,टीम इंडिया जीत,Positive,2,validation
UgxXBZE2MVeM_vfMsup4AaABAg,mYivERVT1-g,टीम इंडिया हार,Negative,0,validation
UgyNft6jCqpNEBZ_9sV4AaABAg,WIIvp8MWfCg,हॉकी इंडिया,Positive,2,validation
Ugw5KxFGNQei1o1ebfJ4AaABAg,ReVTGCbDzfw,टीम इंडिया जीत,Positive,2,validation
UgyvIZeLWP74tS1tlp54AaABAg,fP2OioK7nXk,हॉकी इंडिया,Positive,2,validation
Ugxj1eEDSlYh1EBqrTZ4AaABAg,RRdg44agPoU,विनेश फोगाट कुश्ती,Positive,2,validation
UgwyWvjtImdK-IRy5zR4AaABAg,LLNdaQd5rMY,रोहित शर्मा,Positive,2,validation
Ugw1Y34K9dSFN8tz-BF4AaABAg,5dr3VzpoMfM,टीम इंडिया जीत,Negative,0,validation
UgyF0XXam9DnlCelz754AaABAg,zR6DyCA8cgw,हॉकी इंडिया,Positive,2,validation
UgzzhDMwoGD0LVm3Nkd4AaABAg,oG_9wSDdcFM,एमएस धोनी,Positive,2,validation
Ugy9RalQCA8i9WtgesZ4AaABAg,7Yt5Xpnvl6s,खेल समाचार हिंदी,Neutral,1,validation
UgzluOhG5TUuT73JcnF4AaABAg,blu3Ez0VSSE,एमएस धोनी,Positive,2,validation
UgweFL3rZk-juOEm-H14AaABAg,mEOBGY4-7JA,क्रिकेट हाइलाइट्स हिंदी,Neutral,1,validation
UgxZx8hJGozxMPDh0RJ4AaABAg,hHfPkMCbSh8,एमएस धोनी,Negative,0,validation
UgzeKAyP55vmam7xQO54AaABAg,VRNVxhlPvBE,एमएस धोनी,Negative,0,validation
UgzwQv3b2koEwoEC1YR4AaABAg,luSat_G-U64,विनेश फोगाट कुश्ती,Negative,0,validation
UgwdUolb4nRavZOnb_x4AaABAg,p5oIGfizFBk,हॉकी इंडिया,Positive,2,validation
UgyWlKkE4RWFSya1F714AaABAg,vdNrPdeEuYQ,क्रिकेट हाइलाइट्स हिंदी,Neutral,1,validation
UgyWDBHflnGjtSCdrxJ4AaABAg,Z2K0CgHzNW8,ओलंपिक भारत हिंदी,Neutral,1,validation
Ugw5Di1_9bXu7EKuQVB4AaABAg,ReVTGCbDzfw,टीम इंडिया जीत,Positive,2,validation
UgzevuwVde5zaAWl6tx4AaABAg,ReVTGCbDzfw,टीम इंडिया जीत,Positive,2,validation
Ugw81Bs9VajeGTYpCQx4AaABAg,vXsioE-C9wM,खेल समाचार हिंदी,Negative,0,validation
UgzC0v6ZKbi0MuDCfhd4AaABAg,H7q7q1IwEY4,क्रिकेट हाइलाइट्स हिंदी,Positive,2,validation
UgyBuccPJscYBIDb_ot4AaABAg,m6TaFjvrsqE,टीम इंडिया हार,Positive,2,validation
UgwF1K_OUSJj85KQt-Z4AaABAg,DhxtvDzaBg0,टीम इंडिया हार,Neutral,1,validation
UgyfLPzx-S955lrHFGJ4AaABAg,LDwhd2nI1eA,ओलंपिक भारत हिंदी,Positive,2,validation
UgyIWXl-sbq5O3KF2A94AaABAg,7Yt5Xpnvl6s,खेल समाचार हिंदी,Negative,0,validation
UgxtI1MPVRCV2Q-rCSh4AaABAg,5XtX8Lezjg4,ओलंपिक भारत हिंदी,Positive,2,validation
UgwqmHhXbgFvR5RHttx4AaABAg,hHfPkMCbSh8,एमएस धोनी,Positive,2,validation
UgwKFVIEYwhPMTR1PUp4AaABAg,wg1m1TWI0KI,रोहित शर्मा,Positive,2,validation
UgyHuUTBOPjLb5DwFaF4AaABAg,d93flq_4BKY,शुभमन गिल,Negative,0,test
UgzziJb8C13CxP8DYsV4AaABAg,PUsmivLvT_I,विनेश फोगाट कुश्ती,Positive,2,test
Ugyhu8J86QXg3p9CtJ54AaABAg,YXiRa5A-LKY,ओलंपिक भारत हिंदी,Negative,0,test
Ugyc7xhXFg4ANFxh9ml4AaABAg,5XtX8Lezjg4,ओलंपिक भारत हिंदी,Negative,0,test
Ugyj0_dawY6GZTvhXwN4AaABAg,X4OB4-Itx8E,विनेश फोगाट कुश्ती,Negative,0,test
Ugwm8SJzEii1x6EFsj94AaABAg,fvveJ66s0wg,भारत बनाम पाकिस्तान क्रिकेट,Positive,2,test
UgxWnKBUoC3xCuB460p4AaABAg,5b0Kgb_x5d8,टीम इंडिया हार,Negative,0,test
Ugw8ue9t6FAejdsXxC14AaABAg,RiFzSORKO8o,खेल समाचार हिंदी,Negative,0,test
Ugy9QoM6aV6k24G2W5d4AaABAg,m6TaFjvrsqE,टीम इंडिया हार,Neutral,1,test
UgxA88BkUniyFM8I2gd4AaABAg,30ym5bs64EM,टीम इंडिया जीत,Positive,2,test
UgzATp6MuyNc3X9MRl54AaABAg,hHfPkMCbSh8,एमएस धोनी,Negative,0,test
Ugxz87JdTPPzMpIxjTR4AaABAg,7Yt5Xpnvl6s,खेल समाचार हिंदी,Negative,0,test
UgyGY12kdIWbBxUnnhd4AaABAg,FUPfVqR5Hys,रोहित शर्मा,Positive,2,test
UgyxOCRb5XaJZM7HLB94AaABAg,VLmkv3PLjlc,रोहित शर्मा,Negative,0,test
UgytFDs2l4G2jS50b8B4AaABAg,mo4X4Q4L3kU,नीरज चोपड़ा,Positive,2,test
UgyfACEgXpr69kXPYjp4AaABAg,CVRuytf_zm8,नीरज चोपड़ा,Neutral,1,test
UgyVhRapwpVYn3Kab3t4AaABAg,vXsioE-C9wM,खेल समाचार हिंदी,Negative,0,test
Ugzu594lbeXVu5a-2314AaABAg,CVRuytf_zm8,नीरज चोपड़ा,Negative,0,test
UgyPCZMx-HfHMvbua3V4AaABAg,0FTTZYYOLQg,क्रिकेट विश्लेषण हिंदी,Neutral,1,test
Ugy6DJQ8BvNKeFauBHt4AaABAg,LDwhd2nI1eA,ओलंपिक भारत हिंदी,Positive,2,test
Ugz9b2dJrYxE-njfE0Z4AaABAg,7Yt5Xpnvl6s,खेल समाचार हिंदी,Positive,2,test
UgzH-GNnv1VAkvDpZhJ4AaABAg,Y0rhFJd74zY,विनेश फोगाट कुश्ती,Positive,2,test
UgwO3VjCeovsa8ZXDuh4AaABAg,e9zG2ooGDfc,विराट कोहली,Negative,0,test
UgzYWE6AM00XhTvFplJ4AaABAg,DhxtvDzaBg0,टीम इंडिया हार,Negative,0,test
Ugx1fbPiP0Ur-Q02JuF4AaABAg,cgTIgkM2iyI,टीम इंडिया जीत,Neutral,1,test
UgzuBh030xD7Is9mtnZ4AaABAg,cgTIgkM2iyI,टीम इंडिया जीत,Positive,2,test
UgyGiomaADQ1hPapzhV4AaABAg,mYivERVT1-g,टीम इंडिया हार,Negative,0,test
UgxfTUMeabG6_XOJ59h4AaABAg,vXsioE-C9wM,खेल समाचार हिंदी,Negative,0,test
UgwL4_Gqr4MB7YwOe3V4AaABAg,5dr3VzpoMfM,टीम इंडिया जीत,Positive,2,test
Ugxh6TZRzhXstU6QoeJ4AaABAg,_5Al9MzlDJk,क्रिकेट विश्लेषण हिंदी,Neutral,1,test
Ugzq56yTcTcpHfDpuV14AaABAg,5dr3VzpoMfM,टीम इंडिया जीत,Positive,2,test
UgxAtY7AedY-yD99EbV4AaABAg,oZUpj8GYbIY,प्रो कबड्डी,Positive,2,test
Ugyj4MRTHxPCIjS-xiN4AaABAg,IlDcNvSuu3I,खेल समाचार हिंदी,Negative,0,test
Ugz5H8kJY8sF4yIouMp4AaABAg,cgTIgkM2iyI,टीम इंडिया जीत,Positive,2,test
Ugy0aPFY7N-pQBSYtiB4AaABAg,LDwhd2nI1eA,ओलंपिक भारत हिंदी,Positive,2,test
Ugz9qdup8bjbGPM8-qx4AaABAg,0cz5ryoqeK8,ओलंपिक भारत हिंदी,Positive,2,test
UgwI7IEsYDC8Rgy3E314AaABAg,RRdg44agPoU,विनेश फोगाट कुश्ती,Negative,0,test
UgwdqKk1QyX2blywIvZ4AaABAg,5iasPyNE1UA,नीरज चोपड़ा,Positive,2,test
UgxQNnKN0Olqd5LYa6B4AaABAg,7Yt5Xpnvl6s,खेल समाचार हिंदी,Negative,0,test
UgxkuktL5f-punV6Dnl4AaABAg,RiFzSORKO8o,खेल समाचार हिंदी,Negative,0,test
Ugx3ca-35lv6-qsjaQl4AaABAg,FwW1nVvr_B8,विराट कोहली,Negative,0,test
UgwRefGkTcHDmLKfQ754AaABAg,xmg7vO6GCWU,रोहित शर्मा,Neutral,1,test
Ugx3EtbloQefYe8dJgh4AaABAg,_5Al9MzlDJk,क्रिकेट विश्लेषण हिंदी,Positive,2,test
Ugz2WoYPxMbXDlCVf854AaABAg,vXsioE-C9wM,खेल समाचार हिंदी,Negative,0,test
Ugzk558RPoK4iMzXS1Z4AaABAg,cgTIgkM2iyI,टीम इंडिया जीत,Positive,2,test
UgzbIuHDnusk5zI652t4AaABAg,WIIvp8MWfCg,हॉकी इंडिया,Negative,0,test
UgwdLU3zNXwTRi6FSHN4AaABAg,H7q7q1IwEY4,क्रिकेट हाइलाइट्स हिंदी,Negative,0,test
Ugzo3vr8Q_1fIX7KUax4AaABAg,0xI6LADDw3A,टीम इंडिया हार,Positive,2,test
UgyHJ2l0UjFs0A88TMd4AaABAg,ReVTGCbDzfw,टीम इंडिया जीत,Positive,2,test
Ugx29skzOYwIu_946Jl4AaABAg,JxdXGM-vPWM,विनेश फोगाट कुश्ती,Negative,0,test
UgyW6t5gxjlZ1kZv93B4AaABAg,5iasPyNE1UA,नीरज चोपड़ा,Neutral,1,test
Ugy8fz-X5B-ih7ky6OZ4AaABAg,Y0rhFJd74zY,विनेश फोगाट कुश्ती,Negative,0,test
Ugyis7ofuViaLCXFmRd4AaABAg,hHfPkMCbSh8,एमएस धोनी,Neutral,1,test
UgzSF1CfGBlLW5B__bl4AaABAg,7Yt5Xpnvl6s,खेल समाचार हिंदी,Neutral,1,test
UgwlrsFn8N3kTnDYVMJ4AaABAg,X4OB4-Itx8E,विनेश फोगाट कुश्ती,Negative,0,test
Ugw6TCSoS4-auf9xM7V4AaABAg,FwW1nVvr_B8,विराट कोहली,Neutral,1,test
UgyDOVvM_DH6iEo0_QJ4AaABAg,DhxtvDzaBg0,टीम इंडिया हार,Negative,0,test
UgzaB1dymJ7Q4dd4m0l4AaABAg,UQNLGJARdZM,एमएस धोनी,Neutral,1,test
UgzzQQKO8I5tvmwe8OZ4AaABAg,fzOVeNcFT3Q,भारत बनाम पाकिस्तान क्रिकेट,Positive,2,test
Ugz_bT8tYrMa3uj6KlN4AaABAg,B9Qnxe_GcTg,एशिया कप हिंदी,Negative,0,test
Ugz-XpNiUIrZKggrLLh4AaABAg,5iasPyNE1UA,नीरज चोपड़ा,Neutral,1,test
UgxqpIPc8Oyy--1wtoh4AaABAg,WIIvp8MWfCg,हॉकी इंडिया,Negative,0,test
UgwRCj4h28R7JTmDbKh4AaABAg,JxdXGM-vPWM,विनेश फोगाट कुश्ती,Positive,2,test
UgwW7yPDoCK6Nc-BB6x4AaABAg,cgTIgkM2iyI,टीम इंडिया जीत,Positive,2,test
Ugy_AH3iUFhkTfHtqnp4AaABAg,ReVTGCbDzfw,टीम इंडिया जीत,Positive,2,test
UgzAqYVAEyoi8tU3ahJ4AaABAg,7Yt5Xpnvl6s,खेल समाचार हिंदी,Negative,0,test
UgweCtB1eEc1XWCW_jl4AaABAg,VRNVxhlPvBE,एमएस धोनी,Neutral,1,test
UgwvImAly8mHf3FiEJ54AaABAg,pGROaaPeWkY,खेल समाचार हिंदी,Negative,0,test
Ugz0iJjBADJxgxl2P2x4AaABAg,7Yt5Xpnvl6s,खेल समाचार हिंदी,Negative,0,test
Ugz_R-ByOhtPKyWz-cd4AaABAg,CVRuytf_zm8,नीरज चोपड़ा,Negative,0,test
UgxfanBn4YvI3jQEWWV4AaABAg,sV64l7KjV48,शुभमन गिल,Neutral,1,test
UgzEJkOdcu6ZUhrQM414AaABAg,x_prt6sDXUQ,विराट कोहली,Neutral,1,test
UgzW6Cv8zxT3HYhp3ep4AaABAg,mo4X4Q4L3kU,नीरज चोपड़ा,Positive,2,test
UgyGx41GcZIjaSzUGCF4AaABAg,JxdXGM-vPWM,विनेश फोगाट कुश्ती,Positive,2,test
UgyOsu-632-d0xqjsLt4AaABAg,j0GPS4-Hzjs,टीम इंडिया हार,Positive,2,test
UgzG8AmA4yRQ7czaAc94AaABAg,cgTIgkM2iyI,टीम इंडिया जीत,Positive,2,test
UgzeARJnr8e4TeKxUMd4AaABAg,m6TaFjvrsqE,टीम इंडिया हार,Positive,2,test
Ugxdc32OgHEEbHNdynN4AaABAg,cai5ZdxxLNE,नीरज चोपड़ा,Positive,2,test
Ugw9q6SEVY13RgFqEIF4AaABAg,5iasPyNE1UA,नीरज चोपड़ा,Positive,2,test
Ugy0eG1c_-O14EJAuOR4AaABAg,vXsioE-C9wM,खेल समाचार हिंदी,Negative,0,test
Ugw0eFV-3VIPIL49Wkp4AaABAg,H7q7q1IwEY4,क्रिकेट हाइलाइट्स हिंदी,Neutral,1,test
Ugxlx3wjrXfbXeqbV-h4AaABAg,msAzQ1p3lTA,रोहित शर्मा,Neutral,1,test
UgzQ9MM12MgFY4Uhjyx4AaABAg,m6TaFjvrsqE,टीम इंडिया हार,Negative,0,test
UgzVDEqncOYVcgremvd4AaABAg,vXsioE-C9wM,खेल समाचार हिंदी,Neutral,1,test
UgxftH7DIjPOsstu6op4AaABAg,mYivERVT1-g,टीम इंडिया हार,Positive,2,test
Ugx2b1CpWamBIJEhjmR4AaABAg,msAzQ1p3lTA,रोहित शर्मा,Neutral,1,test
UgwKDeTHACghYIIC1mR4AaABAg,JxdXGM-vPWM,विनेश फोगाट कुश्ती,Positive,2,test
Ugx5fu0mY9jR8Cs-ihd4AaABAg,m6TaFjvrsqE,टीम इंडिया हार,Positive,2,test
UgyP_k6F1meerNF0dit4AaABAg,YXiRa5A-LKY,ओलंपिक भारत हिंदी,Negative,0,test
Ugzdf5sAkl_zHAd1uQZ4AaABAg,LDwhd2nI1eA,ओलंपिक भारत हिंदी,Negative,0,test
UgwzqLRzf-NQF6C5gyV4AaABAg,LDwhd2nI1eA,ओलंपिक भारत हिंदी,Negative,0,test
UgxYXmuQcjrqE34k4-14AaABAg,5iasPyNE1UA,नीरज चोपड़ा,Negative,0,test
UgzhGkWiHF28CEkKfCN4AaABAg,vXsioE-C9wM,खेल समाचार हिंदी,Negative,0,test
UgzZDsYE1vu0dAqMzZd4AaABAg,wg1m1TWI0KI,रोहित शर्मा,Positive,2,test
UgxlyWA5RasCiEAnTx14AaABAg,fP2OioK7nXk,हॉकी इंडिया,Positive,2,test
UgwVrB8ML643d4faI6R4AaABAg,5dr3VzpoMfM,टीम इंडिया जीत,Positive,2,test
Ugzv0XTHV0p0f7YSdgp4AaABAg,mEOBGY4-7JA,क्रिकेट हाइलाइट्स हिंदी,Neutral,1,test
UgwWyX3uWOs0b9Ntz-V4AaABAg,CVRuytf_zm8,नीरज चोपड़ा,Negative,0,test
UgwbR_EK4wtwtVYkA6Z4AaABAg,hHfPkMCbSh8,एमएस धोनी,Negative,0,test
Ugz3C67PaDgmbeud_0J4AaABAg,fsRKvb9qRx8,शुभमन गिल,Positive,2,test
UgxBA__JFTI6TWBDYIl4AaABAg,RiFzSORKO8o,खेल समाचार हिंदी,Negative,0,test
UgyfLQ9o_64S8rI3xZF4AaABAg,fP2OioK7nXk,हॉकी इंडिया,Positive,2,test
UgwzCSwSjo6DzF-ZcjV4AaABAg,eHHRTfEOCSk,विराट कोहली,Positive,2,test
UgyqzjzIxQPkJ8Dh4b94AaABAg,XqH6_0ocQRE,शुभमन गिल,Negative,0,test
UgwJTfwFVM0MAKcYkRx4AaABAg,WwSyB8yo2XI,भारत बनाम पाकिस्तान क्रिकेट,Neutral,1,test
UgxJPw6NB9keUPD0kYV4AaABAg,DhxtvDzaBg0,टीम इंडिया हार,Positive,2,test
Ugyy2JC_15mOwY6KiNB4AaABAg,MUPrf3FIq3g,एमएस धोनी,Negative,0,test
Ugx_-B7hc_Jhky0eT7V4AaABAg,nFxie8HZvyk,शुभमन गिल,Neutral,1,test
Ugw1ebE6bBK_jnfxZ0N4AaABAg,cai5ZdxxLNE,नीरज चोपड़ा,Positive,2,test
Ugxa64eOjcG1T12av794AaABAg,RiFzSORKO8o,खेल समाचार हिंदी,Negative,0,test
Ugxzuc_IjLbSYI6JRT14AaABAg,LDwhd2nI1eA,ओलंपिक भारत हिंदी,Negative,0,test
Ugzgq1_fl7jEcfZAnuJ4AaABAg,x_prt6sDXUQ,विराट कोहली,Positive,2,test
UgxKlvCuO7ZBoUqDx-J4AaABAg,5b0Kgb_x5d8,टीम इंडिया हार,Negative,0,test
Ugzk6qzqwDButmBTFap4AaABAg,2u70UbLyO0s,विराट कोहली,Positive,2,test
Ugyv4FHZotR5lmvZT4Z4AaABAg,X4OB4-Itx8E,विनेश फोगाट कुश्ती,Negative,0,test
UgyjKPbD1oLNNUTnnTp4AaABAg,m6TaFjvrsqE,टीम इंडिया हार,Negative,0,test
UgzHBhtpJEK0QsWWdEB4AaABAg,mYivERVT1-g,टीम इंडिया हार,Negative,0,test
UgwUsJp_eqvatJbHV514AaABAg,ReVTGCbDzfw,टीम इंडिया जीत,Positive,2,test
UgzMllxTHdgjae0i54B4AaABAg,fa9my1Q-CWY,प्रो कबड्डी,Negative,0,test
Ugx5KZbB_juFMNuZXat4AaABAg,RiFzSORKO8o,खेल समाचार हिंदी,Negative,0,test
UgwRHah6Hhpjy-AcHMJ4AaABAg,ZkSLyYRVrMM,विराट कोहली,Neutral,1,test
Ugz-Kn9G-LqLp6uBmgB4AaABAg,cgTIgkM2iyI,टीम इंडिया जीत,Negative,0,test
UgyxcykKfs8X25u5EVt4AaABAg,d4QBKbIbGco,खेल समाचार हिंदी,Negative,0,test
UgwSwY7QtZGPdCaOBOR4AaABAg,luSat_G-U64,विनेश फोगाट कुश्ती,Positive,2,test
Ugyfp4M_CirLdHkgctt4AaABAg,X4OB4-Itx8E,विनेश फोगाट कुश्ती,Positive,2,test
Ugz9bIM6sksYZN23M5V4AaABAg,RiFzSORKO8o,खेल समाचार हिंदी,Negative,0,test
UgwPUQf9lyoRcCPqPFZ4AaABAg,ScarZQuyaLM,क्रिकेट हाइलाइट्स हिंदी,Neutral,1,test
UgzdZDeMyXaB5Vy1L4l4AaABAg,VLmkv3PLjlc,रोहित शर्मा,Negative,0,test
UgwT2xSDfqyvySwdvD94AaABAg,ri8TryiW6iQ,पीवी सिंधु बैडमिंटन,Positive,2,test
UgxuKavpVaz40EGMDqB4AaABAg,fzOVeNcFT3Q,भारत बनाम पाकिस्तान क्रिकेट,Positive,2,test
UgxG4-ez5TPWEWulRqB4AaABAg,5dr3VzpoMfM,टीम इंडिया जीत,Positive,2,test
UgxP-E6mI8j_rzZErUF4AaABAg,cgTIgkM2iyI,टीम इंडिया जीत,Positive,2,test
UgygillkqasoSPojtV14AaABAg,mYivERVT1-g,टीम इंडिया हार,Negative,0,test
UgzREMmtTt-OI6Jq9NZ4AaABAg,m6TaFjvrsqE,टीम इंडिया हार,Positive,2,test
Ugw39YKnI2nRDm9QkId4AaABAg,5dr3VzpoMfM,टीम इंडिया जीत,Positive,2,test
UgwJWvuyMwlr-cPo-NV4AaABAg,mYivERVT1-g,टीम इंडिया हार,Negative,0,test
UgxPV_cSM2dWL__ORb94AaABAg,Fq6mlKQPpAM,नीरज चोपड़ा,Neutral,1,test
Ugw59wK7pgeUh7WmWQN4AaABAg,VRNVxhlPvBE,एमएस धोनी,Neutral,1,test
Ugz-qSj1Dljh9tCZDHZ4AaABAg,WQdqgrWvy6g,भारत बनाम पाकिस्तान क्रिकेट,Neutral,1,test
UgyqonI8VyzJ4Vd0tRp4AaABAg,mYivERVT1-g,टीम इंडिया हार,Negative,0,test
Ugxrv-tGX5-rOMXkVeh4AaABAg,7Yt5Xpnvl6s,खेल समाचार हिंदी,Negative,0,test
UgwtWWwAAjRhH2RM-ll4AaABAg,fsRKvb9qRx8,शुभमन गिल,Positive,2,test
Ugx8l4EqNAlUdD04emt4AaABAg,M-0urWcOEqk,प्रो कबड्डी,Positive,2,test
Ugxyf1gmFnra9M101Wx4AaABAg,5dr3VzpoMfM,टीम इंडिया जीत,Positive,2,test
UgzszIYAW6EYHrNaKwh4AaABAg,mEOBGY4-7JA,क्रिकेट हाइलाइट्स हिंदी,Negative,0,test
UgynS4Lq7O71qWIciMx4AaABAg,kW6z5TyU8QA,प्रो कबड्डी,Neutral,1,test
UgwCgkDB6YN76RVVIrJ4AaABAg,HsysMuOxlc8,टीम इंडिया हार,Neutral,1,test
Ugx3uTwm0yqz6OCRNR54AaABAg,7Yt5Xpnvl6s,खेल समाचार हिंदी,Negative,0,test
UgynUu3OICY6Eu9HJY14AaABAg,7Yt5Xpnvl6s,खेल समाचार हिंदी,Negative,0,test
UgxrYAouo7d4xz3Cp5Z4AaABAg,CVRuytf_zm8,नीरज चोपड़ा,Negative,0,test
UgxXCtyW2iqxfk9flm54AaABAg,mYivERVT1-g,टीम इंडिया हार,Negative,0,test
UgzIo_00MOIVxlp90uN4AaABAg,FUPfVqR5Hys,रोहित शर्मा,Positive,2,test
UgwQ0CbAPICK--syimd4AaABAg,eKYNtBgMeSg,टीम इंडिया हार,Positive,2,test
Ugyt4gwKS0WJMgCSGPJ4AaABAg,j0GPS4-Hzjs,टीम इंडिया हार,Negative,0,test
UgyVYKoS8HjYS-nu0iZ4AaABAg,VRNVxhlPvBE,एमएस धोनी,Positive,2,test
UgyaE6_F19eNb1pC35N4AaABAg,5iasPyNE1UA,नीरज चोपड़ा,Neutral,1,test
Ugz--NyxwHv7MixqZU54AaABAg,7Yt5Xpnvl6s,खेल समाचार हिंदी,Negative,0,test
UgzfZd-POEB8NXdUGWF4AaABAg,WIIvp8MWfCg,हॉकी इंडिया,Negative,0,test
Ugxc9SuALa3nh7ZSqrh4AaABAg,LDwhd2nI1eA,ओलंपिक भारत हिंदी,Positive,2,test
Ugyj790MF5RL-Yfzk3d4AaABAg,mYivERVT1-g,टीम इंडिया हार,Positive,2,test
Ugw6WjQD9CLFpWFepop4AaABAg,m6TaFjvrsqE,टीम इंडिया हार,Neutral,1,test
Ugz1Fc8tnRJiaJUN0vt4AaABAg,cgTIgkM2iyI,टीम इंडिया जीत,Positive,2,test
Ugz6MTk0p2HDeIx69NN4AaABAg,OawmHMda9fQ,विराट कोहली,Positive,2,test
UgxnvmqAc-a70Yaq3314AaABAg,xmg7vO6GCWU,रोहित शर्मा,Neutral,1,test
UgyhKHh3KbapyMJxWmx4AaABAg,LLNdaQd5rMY,रोहित शर्मा,Negative,0,test
Ugwj61UHZTKQ50rGBU94AaABAg,_5Al9MzlDJk,क्रिकेट विश्लेषण हिंदी,Positive,2,test
Ugx-RK1GX2oJcWf_Oyh4AaABAg,mo4X4Q4L3kU,नीरज चोपड़ा,Positive,2,test
Ugw1nedABiGKurTPdJN4AaABAg,cgTIgkM2iyI,टीम इंडिया जीत,Positive,2,test
UgxjW1YVeb2WyGcIhyl4AaABAg,m6TaFjvrsqE,टीम इंडिया हार,Negative,0,test
UgwElgBGfd5jiu4zP5R4AaABAg,y8Ic1ZTvXrA,प्रो कबड्डी,Positive,2,test
UgzrCPhxlBmu5-9feMF4AaABAg,m6TaFjvrsqE,टीम इंडिया हार,Positive,2,test
UgxDi1P4qq3ijUqTslF4AaABAg,mYivERVT1-g,टीम इंडिया हार,Negative,0,test
UgzIIOG_g0UjFneqJpZ4AaABAg,WIIvp8MWfCg,हॉकी इंडिया,Negative,0,test
UgxXr5hZ3VbSq-oPgaN4AaABAg,wY6UyatwVTA,क्रिकेट हाइलाइट्स हिंदी,Neutral,1,test
UgyywpLYQCPryu3bMnV4AaABAg,LDwhd2nI1eA,ओलंपिक भारत हिंदी,Positive,2,test
UgyYXwdZm2UhSQgXkuF4AaABAg,cgTIgkM2iyI,टीम इंडिया जीत,Negative,0,test
Ugyy5ndNbVG2qDOqZUt4AaABAg,CVRuytf_zm8,नीरज चोपड़ा,Neutral,1,test
Ugzx-b8ZTEu5j5kEmj94AaABAg,ReVTGCbDzfw,टीम इंडिया जीत,Negative,0,test
Ugx-A-cPQVYRvHWEK7p4AaABAg,uSGCAJS6qWg,भारत बनाम पाकिस्तान क्रिकेट,Positive,2,test
UgyS249reAlzaEcHjgd4AaABAg,WIIvp8MWfCg,हॉकी इंडिया,Negative,0,test
Ugx-kmsU0y6iQ9-gCRh4AaABAg,wY6UyatwVTA,क्रिकेट हाइलाइट्स हिंदी,Neutral,1,test
UgzDhj7lEx_ZvjnjmUh4AaABAg,7Yt5Xpnvl6s,खेल समाचार हिंदी,Negative,0,test
UgyArTiEt09H5eA-0rF4AaABAg,7Yt5Xpnvl6s,खेल समाचार हिंदी,Negative,0,test
UgwmC8HR4ZkvyWK0jOV4AaABAg,7Yt5Xpnvl6s,खेल समाचार हिंदी,Negative,0,test
UgwH5xVk_eO7cSdI3Ld4AaABAg,7Yt5Xpnvl6s,खेल समाचार हिंदी,Negative,0,test
UgyRQigxy72MMDcCNT14AaABAg,d93flq_4BKY,शुभमन गिल,Negative,0,test
UgyS6ShkYt3ZKFwmmxl4AaABAg,VRNVxhlPvBE,एमएस धोनी,Neutral,1,test
UgxqmrivDtqNSX23lvp4AaABAg,7Yt5Xpnvl6s,खेल समाचार हिंदी,Negative,0,test
UgwZWES5NeWV9yz7tsN4AaABAg,CVRuytf_zm8,नीरज चोपड़ा,Positive,2,test
Ugw5QazkkSbyvhPB-314AaABAg,fvveJ66s0wg,भारत बनाम पाकिस्तान क्रिकेट,Positive,2,test
UgzxUe1webmcnzLUEHd4AaABAg,0xI6LADDw3A,टीम इंडिया हार,Negative,0,test
UgxA_LocPlYLh6KX2oB4AaABAg,mYivERVT1-g,टीम इंडिया हार,Negative,0,test
Ugzu-tAvD1uIvVOMM6x4AaABAg,OawmHMda9fQ,विराट कोहली,Negative,0,test
UgxL3yZsWMFwdp9utqB4AaABAg,FR2SkETgQ0o,विनेश फोगाट कुश्ती,Positive,2,test
UgywhWPxNLYtlgvcztx4AaABAg,ReVTGCbDzfw,टीम इंडिया जीत,Positive,2,test
UgzC4fJttEYMHn0tEzh4AaABAg,d93flq_4BKY,शुभमन गिल,Negative,0,test
Ugz_mlFgY6f8TU5FF2N4AaABAg,cgTIgkM2iyI,टीम इंडिया जीत,Positive,2,test
UgzudvHWyWOF1WBXk714AaABAg,nFxie8HZvyk,शुभमन गिल,Negative,0,test
UgxQwZboqYDP181BV054AaABAg,zryGpo3FQZY,एशिया कप हिंदी,Negative,0,test
UgwpikG-BeLlN46k0m54AaABAg,7Yt5Xpnvl6s,खेल समाचार हिंदी,Negative,0,test
Ugw3o6VRv5gVlTMpO7R4AaABAg,ynG6tkLO3SQ,क्रिकेट हाइलाइट्स हिंदी,Positive,2,test
Ugz8IBka4j3Jo55rtPt4AaABAg,cgTIgkM2iyI,टीम इंडिया जीत,Positive,2,test
Ugwz7Snk9QyGA4CzD8x4AaABAg,7Yt5Xpnvl6s,खेल समाचार हिंदी,Negative,0,test
UgxgexcTcpRHdYT2Fc94AaABAg,FwW1nVvr_B8,विराट कोहली,Negative,0,test
UgwmcYKiTV0dVadqwHh4AaABAg,6N6P_vOYKGk,एमएस धोनी,Positive,2,test
Ugxe2Brfu0Ns9haCDXp4AaABAg,22oHUsHvR7U,ओलंपिक भारत हिंदी,Positive,2,test
UgwyNeAfVEStJDLvA0J4AaABAg,mYivERVT1-g,टीम इंडिया हार,Negative,0,test
UgxU9AH_MV5X8uQ79cl4AaABAg,RiFzSORKO8o,खेल समाचार हिंदी,Negative,0,test
UgwJ-AYfPwIhPb367Jp4AaABAg,eKYNtBgMeSg,टीम इंडिया हार,Positive,2,test
UgyD19tjz-XSepolD-d4AaABAg,fsRKvb9qRx8,शुभमन गिल,Neutral,1,test
UgyjEQ2nmc916Ibb4d94AaABAg,H7q7q1IwEY4,क्रिकेट हाइलाइट्स हिंदी,Positive,2,test
Ugw5FaMg0St_CXHHqal4AaABAg,UQNLGJARdZM,एमएस धोनी,Negative,0,test
UgxlvT0fwSaGBDuAvCd4AaABAg,oZUpj8GYbIY,प्रो कबड्डी,Negative,0,test
Ugzgv6xGxOIepbmCWfN4AaABAg,nFxie8HZvyk,शुभमन गिल,Neutral,1,test
UgygAsXFj0bKZ-5Ag1x4AaABAg,WIIvp8MWfCg,हॉकी इंडिया,Negative,0,test
UgybWeQz7pRcNeYSvSl4AaABAg,X4OB4-Itx8E,विनेश फोगाट कुश्ती,Positive,2,test
UgytE5FnaM9ZxeGn4K14AaABAg,VOS3Vw_toeA,शुभमन गिल,Positive,2,test
UgwA7eWgsyohVzY13pV4AaABAg,nFxie8HZvyk,शुभमन गिल,Negative,0,test
UgzWzj_1pCLXVytkgip4AaABAg,LDwhd2nI1eA,ओलंपिक भारत हिंदी,Negative,0,test
UgyYP0RFfoHGvQR_Rvp4AaABAg,vdNrPdeEuYQ,क्रिकेट हाइलाइट्स हिंदी,Negative,0,test
Ugw_ft_IpAn2TmwgmWF4AaABAg,HheJON-C7Rs,शुभमन गिल,Neutral,1,test
Ugw49-10p4D4_TmDQNN4AaABAg,mYivERVT1-g,टीम इंडिया हार,Negative,0,test
UgxkUy8roD7k20Ovcip4AaABAg,mX1xtHVM-vk,विराट कोहली,Positive,2,test
UgxLj6vep8EqLi2Cd9p4AaABAg,rDyUKfq7B-g,विनेश फोगाट कुश्ती,Neutral,1,test
UgyMky9N-P0wxxS_bEh4AaABAg,VOS3Vw_toeA,शुभमन गिल,Positive,2,test
Ugz_bsE2IBna6Y2Q6MF4AaABAg,m6TaFjvrsqE,टीम इंडिया हार,Positive,2,test
UgyyJL8tZMkF7YWlTNt4AaABAg,qWUsV2Ios8A,आईपीएल हाइलाइट्स हिंदी,Positive,2,test
UgyY3zUCgZUoaSoeTpp4AaABAg,mYivERVT1-g,टीम इंडिया हार,Negative,0,test
Ugzr-PQYhBMhNQ59geV4AaABAg,cgTIgkM2iyI,टीम इंडिया जीत,Positive,2,test
Ugxu7TPTvqHgGS739DN4AaABAg,nsguh1qsUY0,खेल समाचार हिंदी,Positive,2,test
Ugw-4u_9WmZOASQFEMR4AaABAg,nhqQWXNdivo,एमएस धोनी,Positive,2,test
UgzO-Kkswr58CiDLISZ4AaABAg,nFxie8HZvyk,शुभमन गिल,Negative,0,test
Ugzf8rtYE7utW0UK3RV4AaABAg,7Yt5Xpnvl6s,खेल समाचार हिंदी,Negative,0,test
UgyZTs6nBjQXk1vInI54AaABAg,d93flq_4BKY,शुभमन गिल,Negative,0,test
UgwFflF4uOuXDmXeZFN4AaABAg,MUPrf3FIq3g,एमएस धोनी,Negative,0,test
UgycmTOiRacirNsW3tZ4AaABAg,WwSyB8yo2XI,भारत बनाम पाकिस्तान क्रिकेट,Negative,0,test
UgxEA2W9YAbm1OAlRe94AaABAg,7Yt5Xpnvl6s,खेल समाचार हिंदी,Negative,0,test
UgxDy_NUe3nuXbtICBV4AaABAg,7Yt5Xpnvl6s,खेल समाचार हिंदी,Negative,0,test
UgxePBphpfJbRaIuYgt4AaABAg,H7q7q1IwEY4,क्रिकेट हाइलाइट्स हिंदी,Neutral,1,test
UgxoYZP0HFWYClkp9FF4AaABAg,_fZYUtRgYRQ,भारत बनाम पाकिस्तान क्रिकेट,Positive,2,test
UgwwbglZoID1h-8bb514AaABAg,oZUpj8GYbIY,प्रो कबड्डी,Positive,2,test
UgyBrMhuwr795I2n3uR4AaABAg,CVRuytf_zm8,नीरज चोपड़ा,Positive,2,test
Ugw0EzKoADAT-gvAau54AaABAg,d93flq_4BKY,शुभमन गिल,Negative,0,test
UgwxIrMAPFEPpeVenkx4AaABAg,WIIvp8MWfCg,हॉकी इंडिया,Negative,0,test
UgxbeiL2hChl2hA_PwJ4AaABAg,FwW1nVvr_B8,विराट कोहली,Negative,0,test
UgwcFZCzUJTZgDxmmRB4AaABAg,ReVTGCbDzfw,टीम इंडिया जीत,Negative,0,test
UgwtR2-ig6k-xqPINfp4AaABAg,VLmkv3PLjlc,रोहित शर्मा,Negative,0,test
Ugya6yrBQQaWT_7CvaN4AaABAg,cgTIgkM2iyI,टीम इंडिया जीत,Positive,2,test
Ugy13xt1U9Oae27y2PF4AaABAg,fuPMM1cMQrM,प्रो कबड्डी,Neutral,1,test
UgyDBuT7eR3EkaBMDLx4AaABAg,RiFzSORKO8o,खेल समाचार हिंदी,Negative,0,test
UgzdwsehqYvX9tr-Kz14AaABAg,mEOBGY4-7JA,क्रिकेट हाइलाइट्स हिंदी,Neutral,1,test
UgwHUiyWL-f4lj8QUWh4AaABAg,VLmkv3PLjlc,रोहित शर्मा,Negative,0,test
UgwDh-ujMka30EBPrSl4AaABAg,ReVTGCbDzfw,टीम इंडिया जीत,Positive,2,test
UgyHTMwYXMErpc395mV4AaABAg,X4OB4-Itx8E,विनेश फोगाट कुश्ती,Neutral,1,test
Ugxkq5FOc2cWuw9WT554AaABAg,5iasPyNE1UA,नीरज चोपड़ा,Negative,0,test
UgxUj6xJclZfBBXbT-d4AaABAg,VLmkv3PLjlc,रोहित शर्मा,Negative,0,test
UgxuCmx_mvTBGq_1WPR4AaABAg,fsRKvb9qRx8,शुभमन गिल,Negative,0,test
Ugz6WI-pIopEs_tv0BZ4AaABAg,vXsioE-C9wM,खेल समाचार हिंदी,Negative,0,test
Ugxvj0Ef1D5UM7RqUnl4AaABAg,0xI6LADDw3A,टीम इंडिया हार,Neutral,1,test
Ugz8a3QAtPJbor7bmkF4AaABAg,IlDcNvSuu3I,खेल समाचार हिंदी,Negative,0,test
Ugw_mVzJOeUyyGj71hZ4AaABAg,R7RjpLJnIQc,विनेश फोगाट कुश्ती,Negative,0,test
Ugzq0NpayB3v3TLzE6h4AaABAg,IlDcNvSuu3I,खेल समाचार हिंदी,Negative,0,test
UgwHIJ_CrWqxb9UeOg94AaABAg,5iasPyNE1UA,नीरज चोपड़ा,Negative,0,test
Ugzntq5wTU5AafbRZVB4AaABAg,7Yt5Xpnvl6s,खेल समाचार हिंदी,Negative,0,test
UgxD7GF9iSgyQlIQtFR4AaABAg,JxdXGM-vPWM,विनेश फोगाट कुश्ती,Positive,2,test
UgyeslRx_t-bW6PkMJZ4AaABAg,oZUpj8GYbIY,प्रो कबड्डी,Positive,2,test
Ugyj-S9zAhANfxATuot4AaABAg,nsguh1qsUY0,खेल समाचार हिंदी,Negative,0,test
UgzXjBDO7OVmDXola554AaABAg,mEOBGY4-7JA,क्रिकेट हाइलाइट्स हिंदी,Neutral,1,test
UgxcZDu7hkoT9aad77l4AaABAg,fzOVeNcFT3Q,भारत बनाम पाकिस्तान क्रिकेट,Positive,2,test
UgyEexwPtBVDF7oJkIZ4AaABAg,mYivERVT1-g,टीम इंडिया हार,Negative,0,test
UgyqQ9QFCO6vEKYxIwF4AaABAg,WIIvp8MWfCg,हॉकी इंडिया,Negative,0,test
UgyED0M9MFWAGj9ujel4AaABAg,X4OB4-Itx8E,विनेश फोगाट कुश्ती,Positive,2,test
UgxBS8du5MFLH24eFJx4AaABAg,CVRuytf_zm8,नीरज चोपड़ा,Negative,0,test
UgwHatkx7G4KnjZaRb54AaABAg,p5oIGfizFBk,हॉकी इंडिया,Negative,0,test
UgyMOlP8o67evKlUkMV4AaABAg,LLNdaQd5rMY,रोहित शर्मा,Positive,2,test
Ugwv6xlkGmYPcGnXHVV4AaABAg,d93flq_4BKY,शुभमन गिल,Negative,0,test
UgyFrapqlW-SsdFwMgh4AaABAg,Fq6mlKQPpAM,नीरज चोपड़ा,Negative,0,test
UgzdnYBZF-wVoAh0jCN4AaABAg,Y0rhFJd74zY,विनेश फोगाट कुश्ती,Positive,2,test
UgxidgSJXpcCkHVysrx4AaABAg,0xI6LADDw3A,टीम इंडिया हार,Negative,0,test
Ugxde_y0S9RJCIYGvm94AaABAg,MUPrf3FIq3g,एमएस धोनी,Neutral,1,test
UgwKQRcXJKZMrWFA9KV4AaABAg,luSat_G-U64,विनेश फोगाट कुश्ती,Positive,2,test
UgzixIa-QJlvnJKsshd4AaABAg,eKYNtBgMeSg,टीम इंडिया हार,Positive,2,test
UgzO64LVjIulHnfadEJ4AaABAg,zryGpo3FQZY,एशिया कप हिंदी,Negative,0,test
UgyFlRF9J7aSTXGqnRR4AaABAg,oZUpj8GYbIY,प्रो कबड्डी,Positive,2,test
Ugyr5OimRz2Z4pRroFR4AaABAg,d93flq_4BKY,शुभमन गिल,Positive,2,test
UgyhOIidl9VYWps4dJB4AaABAg,X4OB4-Itx8E,विनेश फोगाट कुश्ती,Negative,0,test
UgyczAleNUDgagiN4lJ4AaABAg,_5Al9MzlDJk,क्रिकेट विश्लेषण हिंदी,Neutral,1,test
Ugz2NvtnNlA44-QB6yh4AaABAg,cgTIgkM2iyI,टीम इंडिया जीत,Positive,2,test
UgxBOc9vzmD5H-gSykR4AaABAg,hHfPkMCbSh8,एमएस धोनी,Negative,0,test
Ugyc1qfv9FPRPylwkel4AaABAg,H7q7q1IwEY4,क्रिकेट हाइलाइट्स हिंदी,Negative,0,test
UgxF0Tb-57RbUBZzMpV4AaABAg,Cd2ZiwMgGzo,एमएस धोनी,Positive,2,test
Ugw4hnIss3j6A16F26R4AaABAg,p5oIGfizFBk,हॉकी इंडिया,Positive,2,test
UgwHmeuYYqYC4qfZJA94AaABAg,VOS3Vw_toeA,शुभमन गिल,Negative,0,test
UgzqRqJCCuExO_3qKSp4AaABAg,ReVTGCbDzfw,टीम इंडिया जीत,Positive,2,test
UgzlEQo7botZHvAXel54AaABAg,Fq6mlKQPpAM,नीरज चोपड़ा,Positive,2,test
UgwKZ5uzlaStKWpbZ8p4AaABAg,7Yt5Xpnvl6s,खेल समाचार हिंदी,Negative,0,test
UgwaC3e9FUYhKhM-7K94AaABAg,-96tVt9zZ8M,खेल समाचार हिंदी,Negative,0,test
UgxOMrkjWve4pgCMAOd4AaABAg,xmg7vO6GCWU,रोहित शर्मा,Neutral,1,test
UgzabOdreAZeNiVPPCt4AaABAg,d93flq_4BKY,शुभमन गिल,Negative,0,test
Ugzw8OwB1Rce086qUa54AaABAg,mYivERVT1-g,टीम इंडिया हार,Negative,0,test
UgygPqThDHk-10V0oxx4AaABAg,hHfPkMCbSh8,एमएस धोनी,Neutral,1,test
UgyCyCBOjieNPvsTmal4AaABAg,RiFzSORKO8o,खेल समाचार हिंदी,Neutral,1,test
UgxZJhLaXDR7kWnGnTJ4AaABAg,ZkSLyYRVrMM,विराट कोहली,Negative,0,test
UgzP-E8WG1Cokr3tw114AaABAg,Fq6mlKQPpAM,नीरज चोपड़ा,Positive,2,test
Ugw7hL-ATRfXh5JzPbl4AaABAg,RiFzSORKO8o,खेल समाचार हिंदी,Negative,0,test
UgykdpKjiuHkXlJD4_F4AaABAg,cgTIgkM2iyI,टीम इंडिया जीत,Negative,0,test
Ugzr94rAjgxEwexvX954AaABAg,MAm0RLQpYas,भारत बनाम पाकिस्तान क्रिकेट,Negative,0,test
Ugz_7jmI8nCB5gXoZkF4AaABAg,m6TaFjvrsqE,टीम इंडिया हार,Positive,2,test
UgzSzT2BlHJUcFUDyv54AaABAg,rDyUKfq7B-g,विनेश फोगाट कुश्ती,Positive,2,test
Ugy2NTrJ1pm4iNXXx-54AaABAg,ReVTGCbDzfw,टीम इंडिया जीत,Positive,2,test
UgzWODfb1_eYP1kyUYV4AaABAg,WIIvp8MWfCg,हॉकी इंडिया,Negative,0,test
UgyJCFey0ISIXkR03Y14AaABAg,VLmkv3PLjlc,रोहित शर्मा,Negative,0,test
Ugzrt2aIPWAiQlIlfpV4AaABAg,HNXhdo5j914,वर्ल्ड कप क्रिकेट हिंदी,Neutral,1,test
UgyBa2UggifiThw980t4AaABAg,d93flq_4BKY,शुभमन गिल,Neutral,1,test
UgyQLrnTJmdbuh6TA994AaABAg,RiFzSORKO8o,खेल समाचार हिंदी,Negative,0,test
Ugww0m3pnGh08G2avVx4AaABAg,2u70UbLyO0s,विराट कोहली,Neutral,1,test
Ugwktbn7ImJraBsCFY14AaABAg,WwSyB8yo2XI,भारत बनाम पाकिस्तान क्रिकेट,Positive,2,test
UgwRoQbiAtfkF-e979V4AaABAg,JxdXGM-vPWM,विनेश फोगाट कुश्ती,Positive,2,test
Ugz-7JIywYDar2W-2754AaABAg,xmg7vO6GCWU,रोहित शर्मा,Neutral,1,test
UgyqyiPpt0On5g0fyzZ4AaABAg,DhxtvDzaBg0,टीम इंडिया हार,Positive,2,test
UgxbNmGsqrrcYTANeWl4AaABAg,mYivERVT1-g,टीम इंडिया हार,Negative,0,test
UgxdX41YfcwMc303uR54AaABAg,7Yt5Xpnvl6s,खेल समाचार हिंदी,Negative,0,test
UgzM6KD7bfJ2hn5rUzN4AaABAg,ReVTGCbDzfw,टीम इंडिया जीत,Positive,2,test
UgwktefqrgyJCVmFNH14AaABAg,DhxtvDzaBg0,टीम इंडिया हार,Negative,0,test
UgzsabsrPlhe2FWEd9Z4AaABAg,-VPYd0WqOAM,टीम इंडिया हार,Negative,0,test
UgxxtxnNBkg5R8rJlgp4AaABAg,mYivERVT1-g,टीम इंडिया हार,Negative,0,test
UgzChXLlDx1B86rcUWl4AaABAg,FwW1nVvr_B8,विराट कोहली,Positive,2,test
UgxrGwkDkkRA4659KFh4AaABAg,nFxie8HZvyk,शुभमन गिल,Negative,0,test
UgzjJU7T4utE8pHIcf14AaABAg,FUPfVqR5Hys,रोहित शर्मा,Positive,2,test
UgwhZ2PaXKxy8zuzW4B4AaABAg,luSat_G-U64,विनेश फोगाट कुश्ती,Positive,2,test
UgwKDktsoYSuDgK1KtB4AaABAg,fvveJ66s0wg,भारत बनाम पाकिस्तान क्रिकेट,Neutral,1,test
Ugwd2KPs5NEyrLNgLH14AaABAg,mYivERVT1-g,टीम इंडिया हार,Negative,0,test
UgxZmRweOJQeDM80KAJ4AaABAg,zryGpo3FQZY,एशिया कप हिंदी,Neutral,1,test
UgxWYJRrII2gZK2FhFZ4AaABAg,iamDm4nxIlY,प्रो कबड्डी,Neutral,1,test
UgyFFMeeV7fOzNLFqPZ4AaABAg,e9zG2ooGDfc,विराट कोहली,Positive,2,test
UgzQO85a_1JWvaEC5FB4AaABAg,7Yt5Xpnvl6s,खेल समाचार हिंदी,Negative,0,test
UgytJ0Lxs6b9H1sQhUB4AaABAg,hHfPkMCbSh8,एमएस धोनी,Positive,2,test
Ugy3VvMJVYdPbcOMXkF4AaABAg,H7q7q1IwEY4,क्रिकेट हाइलाइट्स हिंदी,Neutral,1,test
UgzTHnABm5tcF6OGuD14AaABAg,LDwhd2nI1eA,ओलंपिक भारत हिंदी,Positive,2,test
UgwYHjXLBeBhw_yZ4XB4AaABAg,CVRuytf_zm8,नीरज चोपड़ा,Negative,0,test
Ugzl4SR7yE_CBHaCw614AaABAg,VLmkv3PLjlc,रोहित शर्मा,Negative,0,test
UgxaEfnhntpAf1TQbSp4AaABAg,IlDcNvSuu3I,खेल समाचार हिंदी,Neutral,1,test
UgzH8WLLyQFh-avgEJp4AaABAg,m6TaFjvrsqE,टीम इंडिया हार,Positive,2,test
UgzlSWyxjlRPmmGfbNJ4AaABAg,nFxie8HZvyk,शुभमन गिल,Negative,0,test
UgxRQu1nbohscDpZaiB4AaABAg,fzOVeNcFT3Q,भारत बनाम पाकिस्तान क्रिकेट,Negative,0,test
UgxJZZ5_8EPK7rHePtt4AaABAg,5iasPyNE1UA,नीरज चोपड़ा,Negative,0,test
Ugz8KAhsgIj-gEoh20V4AaABAg,Fq6mlKQPpAM,नीरज चोपड़ा,Positive,2,test
Ugy3n89YOKD_FtjYgbt4AaABAg,nsguh1qsUY0,खेल समाचार हिंदी,Negative,0,test
Ugzmd6yWK-sNSCZftp94AaABAg,luSat_G-U64,विनेश फोगाट कुश्ती,Positive,2,test
Ugy3dEAYHn99HJEr59N4AaABAg,uSGCAJS6qWg,भारत बनाम पाकिस्तान क्रिकेट,Negative,0,test
UgwM2IC6auG6Hdi_1SV4AaABAg,cgTIgkM2iyI,टीम इंडिया जीत,Negative,0,test
UgwFDGYGPvF1MSPOSTh4AaABAg,0xI6LADDw3A,टीम इंडिया हार,Positive,2,test
UgxLuWv8-VAZTvv-VLR4AaABAg,d93flq_4BKY,शुभमन गिल,Neutral,1,test
UgyFX8jFUp6SdWNG_Zx4AaABAg,nFxie8HZvyk,शुभमन गिल,Negative,0,test
UgwU5Il3jYzxlD17xH14AaABAg,5dr3VzpoMfM,टीम इंडिया जीत,Positive,2,test
UgxsNpns3r-NgLVSBBl4AaABAg,vXsioE-C9wM,खेल समाचार हिंदी,Negative,0,test
UgzEb0tM91WqV7WaQW14AaABAg,vXsioE-C9wM,खेल समाचार हिंदी,Negative,0,test
UgxpLsVqIRAHilwUltR4AaABAg,22oHUsHvR7U,ओलंपिक भारत हिंदी,Positive,2,test
UgxzDZnrsiyypyCADLx4AaABAg,VLmkv3PLjlc,रोहित शर्मा,Negative,0,test
UgzEeCUgduLYsy6AOBV4AaABAg,5dr3VzpoMfM,टीम इंडिया जीत,Positive,2,test
UgyFqpLKHq2IYWcyQmd4AaABAg,5dr3VzpoMfM,टीम इंडिया जीत,Neutral,1,test
UgxUCffOe9-S1lEg77F4AaABAg,M-0urWcOEqk,प्रो कबड्डी,Negative,0,test
UgxOnZ_ErgHFa2odrYd4AaABAg,m6TaFjvrsqE,टीम इंडिया हार,Positive,2,test
UgzZFLLH1FQseU8LOSd4AaABAg,MAm0RLQpYas,भारत बनाम पाकिस्तान क्रिकेट,Negative,0,test
Ugw8RCMK3p-YKJxtiU14AaABAg,eKYNtBgMeSg,टीम इंडिया हार,Positive,2,test
UgzhqLPuaeRLkrzJb5B4AaABAg,ReVTGCbDzfw,टीम इंडिया जीत,Positive,2,test
Ugzd9FmzAzp8ZhybJvp4AaABAg,HheJON-C7Rs,शुभमन गिल,Positive,2,test
UgzWvuKJ6ANcK5_4RAl4AaABAg,nFxie8HZvyk,शुभमन गिल,Neutral,1,test
UgykVRPj5du41kpsN0x4AaABAg,JxdXGM-vPWM,विनेश फोगाट कुश्ती,Positive,2,test
UgweGduZl9ksgVtKCj94AaABAg,fP2OioK7nXk,हॉकी इंडिया,Positive,2,test
UgxOBp4pzb03TFqjOFd4AaABAg,FR2SkETgQ0o,विनेश फोगाट कुश्ती,Negative,0,test
UgwaLRb1slNSqvel8Eh4AaABAg,RiFzSORKO8o,खेल समाचार हिंदी,Negative,0,test
